ISO-10303-21;
HEADER;
/* Generated by software containing ST-Developer
 * from STEP Tools, Inc. (www.steptools.com) 
 */

FILE_DESCRIPTION(
/* description */ (''),
/* implementation_level */ '2;1');

FILE_NAME(
/* name */ 
'C:/Users/menno/OneDrive/Documenten/KiCad/Fusion360/LED_16+1 Segment 0.
8inch v5.step',
/* time_stamp */ '2019-08-06T13:56:13+02:00',
/* author */ (''),
/* organization */ (''),
/* preprocessor_version */ 'ST-DEVELOPER v18',
/* originating_system */ 'Autodesk Translation Framework v8.2.0.1029',
/* authorisation */ '');

FILE_SCHEMA (('AUTOMOTIVE_DESIGN { 1 0 10303 214 3 1 1 }'));
ENDSEC;

DATA;
#10=MECHANICAL_DESIGN_GEOMETRIC_PRESENTATION_REPRESENTATION('',(#116,#117,
#118,#119,#120,#121,#122,#123,#124,#125,#126,#127,#128,#129,#130,#131,#132,
#133,#134,#135,#136,#137,#138,#139,#140,#141,#142,#143,#144,#145,#146,#147,
#148,#149,#150,#151,#152,#153,#154,#155,#156,#157,#158,#159,#160,#161,#162,
#163,#164,#165,#166),#4667);
#11=ITEM_DEFINED_TRANSFORMATION($,$,#2893,#3109);
#12=ITEM_DEFINED_TRANSFORMATION($,$,#3018,#3110);
#13=(
REPRESENTATION_RELATIONSHIP($,$,#4681,#4680)
REPRESENTATION_RELATIONSHIP_WITH_TRANSFORMATION(#11)
SHAPE_REPRESENTATION_RELATIONSHIP()
);
#14=(
REPRESENTATION_RELATIONSHIP($,$,#4682,#4680)
REPRESENTATION_RELATIONSHIP_WITH_TRANSFORMATION(#12)
SHAPE_REPRESENTATION_RELATIONSHIP()
);
#15=CONTEXT_DEPENDENT_SHAPE_REPRESENTATION(#13,#4678);
#16=CONTEXT_DEPENDENT_SHAPE_REPRESENTATION(#14,#4679);
#17=NEXT_ASSEMBLY_USAGE_OCCURRENCE('Body:1','Body:1','Body:1',#4684,#4685,
'Body:1');
#18=NEXT_ASSEMBLY_USAGE_OCCURRENCE('Legs:1','Legs:1','Legs:1',#4684,#4686,
'Legs:1');
#19=SHAPE_REPRESENTATION_RELATIONSHIP('SRR','None',#4681,#21);
#20=SHAPE_REPRESENTATION_RELATIONSHIP('SRR','None',#4682,#22);
#21=ADVANCED_BREP_SHAPE_REPRESENTATION('',(#23),#4665);
#22=ADVANCED_BREP_SHAPE_REPRESENTATION('',(#24,#25,#26,#27,#28,#29,#30,
#31,#32,#33,#34,#35,#36,#37,#38,#39,#40,#41),#4666);
#23=MANIFOLD_SOLID_BREP('Body1',#2850);
#24=MANIFOLD_SOLID_BREP('Body16',#2851);
#25=MANIFOLD_SOLID_BREP('Body15',#2852);
#26=MANIFOLD_SOLID_BREP('Body14',#2853);
#27=MANIFOLD_SOLID_BREP('Body13',#2854);
#28=MANIFOLD_SOLID_BREP('Body12',#2855);
#29=MANIFOLD_SOLID_BREP('Body11',#2856);
#30=MANIFOLD_SOLID_BREP('Body10',#2857);
#31=MANIFOLD_SOLID_BREP('Body9',#2858);
#32=MANIFOLD_SOLID_BREP('Body17',#2859);
#33=MANIFOLD_SOLID_BREP('Body8',#2860);
#34=MANIFOLD_SOLID_BREP('Body7',#2861);
#35=MANIFOLD_SOLID_BREP('Body6',#2862);
#36=MANIFOLD_SOLID_BREP('Body5',#2863);
#37=MANIFOLD_SOLID_BREP('Body4',#2864);
#38=MANIFOLD_SOLID_BREP('Body3',#2865);
#39=MANIFOLD_SOLID_BREP('Body2',#2866);
#40=MANIFOLD_SOLID_BREP('Body1',#2867);
#41=MANIFOLD_SOLID_BREP('Body18',#2868);
#42=FACE_BOUND('',#465,.T.);
#43=FACE_BOUND('',#466,.T.);
#44=FACE_BOUND('',#467,.T.);
#45=FACE_BOUND('',#468,.T.);
#46=FACE_BOUND('',#469,.T.);
#47=FACE_BOUND('',#470,.T.);
#48=FACE_BOUND('',#471,.T.);
#49=FACE_BOUND('',#472,.T.);
#50=FACE_BOUND('',#473,.T.);
#51=FACE_BOUND('',#474,.T.);
#52=FACE_BOUND('',#475,.T.);
#53=FACE_BOUND('',#476,.T.);
#54=FACE_BOUND('',#477,.T.);
#55=FACE_BOUND('',#478,.T.);
#56=FACE_BOUND('',#479,.T.);
#57=FACE_BOUND('',#480,.T.);
#58=FACE_BOUND('',#481,.T.);
#59=CIRCLE('',#2977,0.909840784137469);
#60=CIRCLE('',#2978,0.909840784137469);
#61=CIRCLE('',#3020,0.255);
#62=CIRCLE('',#3021,0.255);
#63=CIRCLE('',#3025,0.255);
#64=CIRCLE('',#3026,0.255);
#65=CIRCLE('',#3030,0.255);
#66=CIRCLE('',#3031,0.255);
#67=CIRCLE('',#3035,0.255);
#68=CIRCLE('',#3036,0.255);
#69=CIRCLE('',#3040,0.255);
#70=CIRCLE('',#3041,0.255);
#71=CIRCLE('',#3045,0.255);
#72=CIRCLE('',#3046,0.255);
#73=CIRCLE('',#3050,0.255);
#74=CIRCLE('',#3051,0.255);
#75=CIRCLE('',#3055,0.255);
#76=CIRCLE('',#3056,0.255);
#77=CIRCLE('',#3060,0.255);
#78=CIRCLE('',#3061,0.255);
#79=CIRCLE('',#3065,0.255);
#80=CIRCLE('',#3066,0.255);
#81=CIRCLE('',#3070,0.255);
#82=CIRCLE('',#3071,0.255);
#83=CIRCLE('',#3075,0.255);
#84=CIRCLE('',#3076,0.255);
#85=CIRCLE('',#3080,0.255);
#86=CIRCLE('',#3081,0.255);
#87=CIRCLE('',#3085,0.255);
#88=CIRCLE('',#3086,0.255);
#89=CIRCLE('',#3090,0.255);
#90=CIRCLE('',#3091,0.255);
#91=CIRCLE('',#3095,0.255);
#92=CIRCLE('',#3096,0.255);
#93=CIRCLE('',#3100,0.255);
#94=CIRCLE('',#3101,0.255);
#95=CIRCLE('',#3105,0.255);
#96=CIRCLE('',#3106,0.255);
#97=CYLINDRICAL_SURFACE('',#2976,0.909840784137469);
#98=CYLINDRICAL_SURFACE('',#3019,0.255);
#99=CYLINDRICAL_SURFACE('',#3024,0.255);
#100=CYLINDRICAL_SURFACE('',#3029,0.255);
#101=CYLINDRICAL_SURFACE('',#3034,0.255);
#102=CYLINDRICAL_SURFACE('',#3039,0.255);
#103=CYLINDRICAL_SURFACE('',#3044,0.255);
#104=CYLINDRICAL_SURFACE('',#3049,0.255);
#105=CYLINDRICAL_SURFACE('',#3054,0.255);
#106=CYLINDRICAL_SURFACE('',#3059,0.255);
#107=CYLINDRICAL_SURFACE('',#3064,0.255);
#108=CYLINDRICAL_SURFACE('',#3069,0.255);
#109=CYLINDRICAL_SURFACE('',#3074,0.255);
#110=CYLINDRICAL_SURFACE('',#3079,0.255);
#111=CYLINDRICAL_SURFACE('',#3084,0.255);
#112=CYLINDRICAL_SURFACE('',#3089,0.255);
#113=CYLINDRICAL_SURFACE('',#3094,0.255);
#114=CYLINDRICAL_SURFACE('',#3099,0.255);
#115=CYLINDRICAL_SURFACE('',#3104,0.255);
#116=STYLED_ITEM('',(#4701),#2679);
#117=STYLED_ITEM('',(#4701),#2685);
#118=STYLED_ITEM('',(#4701),#2690);
#119=STYLED_ITEM('',(#4701),#2697);
#120=STYLED_ITEM('',(#4701),#2703);
#121=STYLED_ITEM('',(#4701),#2709);
#122=STYLED_ITEM('',(#4701),#2715);
#123=STYLED_ITEM('',(#4701),#2720);
#124=STYLED_ITEM('',(#4701),#2725);
#125=STYLED_ITEM('',(#4701),#2731);
#126=STYLED_ITEM('',(#4701),#2738);
#127=STYLED_ITEM('',(#4701),#2743);
#128=STYLED_ITEM('',(#4701),#2750);
#129=STYLED_ITEM('',(#4701),#2755);
#130=STYLED_ITEM('',(#4701),#2757);
#131=STYLED_ITEM('',(#4701),#2762);
#132=STYLED_ITEM('',(#4701),#2769);
#133=STYLED_ITEM('',(#4700),#23);
#134=STYLED_ITEM('',(#4702),#2796);
#135=STYLED_ITEM('',(#4699),#24);
#136=STYLED_ITEM('',(#4702),#2799);
#137=STYLED_ITEM('',(#4699),#25);
#138=STYLED_ITEM('',(#4702),#2802);
#139=STYLED_ITEM('',(#4699),#26);
#140=STYLED_ITEM('',(#4702),#2805);
#141=STYLED_ITEM('',(#4699),#27);
#142=STYLED_ITEM('',(#4702),#28);
#143=STYLED_ITEM('',(#4702),#2811);
#144=STYLED_ITEM('',(#4699),#29);
#145=STYLED_ITEM('',(#4702),#2814);
#146=STYLED_ITEM('',(#4699),#30);
#147=STYLED_ITEM('',(#4702),#2817);
#148=STYLED_ITEM('',(#4699),#31);
#149=STYLED_ITEM('',(#4702),#32);
#150=STYLED_ITEM('',(#4702),#2823);
#151=STYLED_ITEM('',(#4699),#33);
#152=STYLED_ITEM('',(#4702),#2826);
#153=STYLED_ITEM('',(#4699),#34);
#154=STYLED_ITEM('',(#4702),#2829);
#155=STYLED_ITEM('',(#4699),#35);
#156=STYLED_ITEM('',(#4702),#2832);
#157=STYLED_ITEM('',(#4699),#36);
#158=STYLED_ITEM('',(#4702),#2835);
#159=STYLED_ITEM('',(#4699),#37);
#160=STYLED_ITEM('',(#4702),#2838);
#161=STYLED_ITEM('',(#4699),#38);
#162=STYLED_ITEM('',(#4702),#2841);
#163=STYLED_ITEM('',(#4699),#39);
#164=STYLED_ITEM('',(#4702),#2844);
#165=STYLED_ITEM('',(#4699),#40);
#166=STYLED_ITEM('',(#4702),#41);
#167=FACE_OUTER_BOUND('',#343,.T.);
#168=FACE_OUTER_BOUND('',#344,.T.);
#169=FACE_OUTER_BOUND('',#345,.T.);
#170=FACE_OUTER_BOUND('',#346,.T.);
#171=FACE_OUTER_BOUND('',#347,.T.);
#172=FACE_OUTER_BOUND('',#348,.T.);
#173=FACE_OUTER_BOUND('',#349,.T.);
#174=FACE_OUTER_BOUND('',#350,.T.);
#175=FACE_OUTER_BOUND('',#351,.T.);
#176=FACE_OUTER_BOUND('',#352,.T.);
#177=FACE_OUTER_BOUND('',#353,.T.);
#178=FACE_OUTER_BOUND('',#354,.T.);
#179=FACE_OUTER_BOUND('',#355,.T.);
#180=FACE_OUTER_BOUND('',#356,.T.);
#181=FACE_OUTER_BOUND('',#357,.T.);
#182=FACE_OUTER_BOUND('',#358,.T.);
#183=FACE_OUTER_BOUND('',#359,.T.);
#184=FACE_OUTER_BOUND('',#360,.T.);
#185=FACE_OUTER_BOUND('',#361,.T.);
#186=FACE_OUTER_BOUND('',#362,.T.);
#187=FACE_OUTER_BOUND('',#363,.T.);
#188=FACE_OUTER_BOUND('',#364,.T.);
#189=FACE_OUTER_BOUND('',#365,.T.);
#190=FACE_OUTER_BOUND('',#366,.T.);
#191=FACE_OUTER_BOUND('',#367,.T.);
#192=FACE_OUTER_BOUND('',#368,.T.);
#193=FACE_OUTER_BOUND('',#369,.T.);
#194=FACE_OUTER_BOUND('',#370,.T.);
#195=FACE_OUTER_BOUND('',#371,.T.);
#196=FACE_OUTER_BOUND('',#372,.T.);
#197=FACE_OUTER_BOUND('',#373,.T.);
#198=FACE_OUTER_BOUND('',#374,.T.);
#199=FACE_OUTER_BOUND('',#375,.T.);
#200=FACE_OUTER_BOUND('',#376,.T.);
#201=FACE_OUTER_BOUND('',#377,.T.);
#202=FACE_OUTER_BOUND('',#378,.T.);
#203=FACE_OUTER_BOUND('',#379,.T.);
#204=FACE_OUTER_BOUND('',#380,.T.);
#205=FACE_OUTER_BOUND('',#381,.T.);
#206=FACE_OUTER_BOUND('',#382,.T.);
#207=FACE_OUTER_BOUND('',#383,.T.);
#208=FACE_OUTER_BOUND('',#384,.T.);
#209=FACE_OUTER_BOUND('',#385,.T.);
#210=FACE_OUTER_BOUND('',#386,.T.);
#211=FACE_OUTER_BOUND('',#387,.T.);
#212=FACE_OUTER_BOUND('',#388,.T.);
#213=FACE_OUTER_BOUND('',#389,.T.);
#214=FACE_OUTER_BOUND('',#390,.T.);
#215=FACE_OUTER_BOUND('',#391,.T.);
#216=FACE_OUTER_BOUND('',#392,.T.);
#217=FACE_OUTER_BOUND('',#393,.T.);
#218=FACE_OUTER_BOUND('',#394,.T.);
#219=FACE_OUTER_BOUND('',#395,.T.);
#220=FACE_OUTER_BOUND('',#396,.T.);
#221=FACE_OUTER_BOUND('',#397,.T.);
#222=FACE_OUTER_BOUND('',#398,.T.);
#223=FACE_OUTER_BOUND('',#399,.T.);
#224=FACE_OUTER_BOUND('',#400,.T.);
#225=FACE_OUTER_BOUND('',#401,.T.);
#226=FACE_OUTER_BOUND('',#402,.T.);
#227=FACE_OUTER_BOUND('',#403,.T.);
#228=FACE_OUTER_BOUND('',#404,.T.);
#229=FACE_OUTER_BOUND('',#405,.T.);
#230=FACE_OUTER_BOUND('',#406,.T.);
#231=FACE_OUTER_BOUND('',#407,.T.);
#232=FACE_OUTER_BOUND('',#408,.T.);
#233=FACE_OUTER_BOUND('',#409,.T.);
#234=FACE_OUTER_BOUND('',#410,.T.);
#235=FACE_OUTER_BOUND('',#411,.T.);
#236=FACE_OUTER_BOUND('',#412,.T.);
#237=FACE_OUTER_BOUND('',#413,.T.);
#238=FACE_OUTER_BOUND('',#414,.T.);
#239=FACE_OUTER_BOUND('',#415,.T.);
#240=FACE_OUTER_BOUND('',#416,.T.);
#241=FACE_OUTER_BOUND('',#417,.T.);
#242=FACE_OUTER_BOUND('',#418,.T.);
#243=FACE_OUTER_BOUND('',#419,.T.);
#244=FACE_OUTER_BOUND('',#420,.T.);
#245=FACE_OUTER_BOUND('',#421,.T.);
#246=FACE_OUTER_BOUND('',#422,.T.);
#247=FACE_OUTER_BOUND('',#423,.T.);
#248=FACE_OUTER_BOUND('',#424,.T.);
#249=FACE_OUTER_BOUND('',#425,.T.);
#250=FACE_OUTER_BOUND('',#426,.T.);
#251=FACE_OUTER_BOUND('',#427,.T.);
#252=FACE_OUTER_BOUND('',#428,.T.);
#253=FACE_OUTER_BOUND('',#429,.T.);
#254=FACE_OUTER_BOUND('',#430,.T.);
#255=FACE_OUTER_BOUND('',#431,.T.);
#256=FACE_OUTER_BOUND('',#432,.T.);
#257=FACE_OUTER_BOUND('',#433,.T.);
#258=FACE_OUTER_BOUND('',#434,.T.);
#259=FACE_OUTER_BOUND('',#435,.T.);
#260=FACE_OUTER_BOUND('',#436,.T.);
#261=FACE_OUTER_BOUND('',#437,.T.);
#262=FACE_OUTER_BOUND('',#438,.T.);
#263=FACE_OUTER_BOUND('',#439,.T.);
#264=FACE_OUTER_BOUND('',#440,.T.);
#265=FACE_OUTER_BOUND('',#441,.T.);
#266=FACE_OUTER_BOUND('',#442,.T.);
#267=FACE_OUTER_BOUND('',#443,.T.);
#268=FACE_OUTER_BOUND('',#444,.T.);
#269=FACE_OUTER_BOUND('',#445,.T.);
#270=FACE_OUTER_BOUND('',#446,.T.);
#271=FACE_OUTER_BOUND('',#447,.T.);
#272=FACE_OUTER_BOUND('',#448,.T.);
#273=FACE_OUTER_BOUND('',#449,.T.);
#274=FACE_OUTER_BOUND('',#450,.T.);
#275=FACE_OUTER_BOUND('',#451,.T.);
#276=FACE_OUTER_BOUND('',#452,.T.);
#277=FACE_OUTER_BOUND('',#453,.T.);
#278=FACE_OUTER_BOUND('',#454,.T.);
#279=FACE_OUTER_BOUND('',#455,.T.);
#280=FACE_OUTER_BOUND('',#456,.T.);
#281=FACE_OUTER_BOUND('',#457,.T.);
#282=FACE_OUTER_BOUND('',#458,.T.);
#283=FACE_OUTER_BOUND('',#459,.T.);
#284=FACE_OUTER_BOUND('',#460,.T.);
#285=FACE_OUTER_BOUND('',#461,.T.);
#286=FACE_OUTER_BOUND('',#462,.T.);
#287=FACE_OUTER_BOUND('',#463,.T.);
#288=FACE_OUTER_BOUND('',#464,.T.);
#289=FACE_OUTER_BOUND('',#482,.T.);
#290=FACE_OUTER_BOUND('',#483,.T.);
#291=FACE_OUTER_BOUND('',#484,.T.);
#292=FACE_OUTER_BOUND('',#485,.T.);
#293=FACE_OUTER_BOUND('',#486,.T.);
#294=FACE_OUTER_BOUND('',#487,.T.);
#295=FACE_OUTER_BOUND('',#488,.T.);
#296=FACE_OUTER_BOUND('',#489,.T.);
#297=FACE_OUTER_BOUND('',#490,.T.);
#298=FACE_OUTER_BOUND('',#491,.T.);
#299=FACE_OUTER_BOUND('',#492,.T.);
#300=FACE_OUTER_BOUND('',#493,.T.);
#301=FACE_OUTER_BOUND('',#494,.T.);
#302=FACE_OUTER_BOUND('',#495,.T.);
#303=FACE_OUTER_BOUND('',#496,.T.);
#304=FACE_OUTER_BOUND('',#497,.T.);
#305=FACE_OUTER_BOUND('',#498,.T.);
#306=FACE_OUTER_BOUND('',#499,.T.);
#307=FACE_OUTER_BOUND('',#500,.T.);
#308=FACE_OUTER_BOUND('',#501,.T.);
#309=FACE_OUTER_BOUND('',#502,.T.);
#310=FACE_OUTER_BOUND('',#503,.T.);
#311=FACE_OUTER_BOUND('',#504,.T.);
#312=FACE_OUTER_BOUND('',#505,.T.);
#313=FACE_OUTER_BOUND('',#506,.T.);
#314=FACE_OUTER_BOUND('',#507,.T.);
#315=FACE_OUTER_BOUND('',#508,.T.);
#316=FACE_OUTER_BOUND('',#509,.T.);
#317=FACE_OUTER_BOUND('',#510,.T.);
#318=FACE_OUTER_BOUND('',#511,.T.);
#319=FACE_OUTER_BOUND('',#512,.T.);
#320=FACE_OUTER_BOUND('',#513,.T.);
#321=FACE_OUTER_BOUND('',#514,.T.);
#322=FACE_OUTER_BOUND('',#515,.T.);
#323=FACE_OUTER_BOUND('',#516,.T.);
#324=FACE_OUTER_BOUND('',#517,.T.);
#325=FACE_OUTER_BOUND('',#518,.T.);
#326=FACE_OUTER_BOUND('',#519,.T.);
#327=FACE_OUTER_BOUND('',#520,.T.);
#328=FACE_OUTER_BOUND('',#521,.T.);
#329=FACE_OUTER_BOUND('',#522,.T.);
#330=FACE_OUTER_BOUND('',#523,.T.);
#331=FACE_OUTER_BOUND('',#524,.T.);
#332=FACE_OUTER_BOUND('',#525,.T.);
#333=FACE_OUTER_BOUND('',#526,.T.);
#334=FACE_OUTER_BOUND('',#527,.T.);
#335=FACE_OUTER_BOUND('',#528,.T.);
#336=FACE_OUTER_BOUND('',#529,.T.);
#337=FACE_OUTER_BOUND('',#530,.T.);
#338=FACE_OUTER_BOUND('',#531,.T.);
#339=FACE_OUTER_BOUND('',#532,.T.);
#340=FACE_OUTER_BOUND('',#533,.T.);
#341=FACE_OUTER_BOUND('',#534,.T.);
#342=FACE_OUTER_BOUND('',#535,.T.);
#343=EDGE_LOOP('',(#1791,#1792,#1793,#1794));
#344=EDGE_LOOP('',(#1795,#1796,#1797,#1798));
#345=EDGE_LOOP('',(#1799,#1800,#1801,#1802));
#346=EDGE_LOOP('',(#1803,#1804,#1805,#1806));
#347=EDGE_LOOP('',(#1807,#1808,#1809,#1810));
#348=EDGE_LOOP('',(#1811,#1812,#1813,#1814,#1815));
#349=EDGE_LOOP('',(#1816,#1817,#1818,#1819));
#350=EDGE_LOOP('',(#1820,#1821,#1822,#1823));
#351=EDGE_LOOP('',(#1824,#1825,#1826,#1827));
#352=EDGE_LOOP('',(#1828,#1829,#1830,#1831));
#353=EDGE_LOOP('',(#1832,#1833,#1834,#1835));
#354=EDGE_LOOP('',(#1836,#1837,#1838,#1839,#1840));
#355=EDGE_LOOP('',(#1841,#1842,#1843,#1844));
#356=EDGE_LOOP('',(#1845,#1846,#1847,#1848));
#357=EDGE_LOOP('',(#1849,#1850,#1851,#1852));
#358=EDGE_LOOP('',(#1853,#1854,#1855,#1856));
#359=EDGE_LOOP('',(#1857,#1858,#1859,#1860));
#360=EDGE_LOOP('',(#1861,#1862,#1863,#1864));
#361=EDGE_LOOP('',(#1865,#1866,#1867,#1868));
#362=EDGE_LOOP('',(#1869,#1870,#1871,#1872));
#363=EDGE_LOOP('',(#1873,#1874,#1875,#1876));
#364=EDGE_LOOP('',(#1877,#1878,#1879,#1880));
#365=EDGE_LOOP('',(#1881,#1882,#1883,#1884));
#366=EDGE_LOOP('',(#1885,#1886,#1887,#1888,#1889,#1890));
#367=EDGE_LOOP('',(#1891,#1892,#1893,#1894));
#368=EDGE_LOOP('',(#1895,#1896,#1897,#1898));
#369=EDGE_LOOP('',(#1899,#1900,#1901,#1902));
#370=EDGE_LOOP('',(#1903,#1904,#1905,#1906));
#371=EDGE_LOOP('',(#1907,#1908,#1909,#1910));
#372=EDGE_LOOP('',(#1911,#1912,#1913,#1914,#1915));
#373=EDGE_LOOP('',(#1916,#1917,#1918,#1919));
#374=EDGE_LOOP('',(#1920,#1921,#1922,#1923));
#375=EDGE_LOOP('',(#1924,#1925,#1926,#1927));
#376=EDGE_LOOP('',(#1928,#1929,#1930,#1931));
#377=EDGE_LOOP('',(#1932,#1933,#1934,#1935));
#378=EDGE_LOOP('',(#1936,#1937,#1938,#1939,#1940));
#379=EDGE_LOOP('',(#1941,#1942,#1943,#1944));
#380=EDGE_LOOP('',(#1945,#1946,#1947,#1948));
#381=EDGE_LOOP('',(#1949,#1950,#1951,#1952));
#382=EDGE_LOOP('',(#1953,#1954,#1955,#1956));
#383=EDGE_LOOP('',(#1957,#1958,#1959,#1960));
#384=EDGE_LOOP('',(#1961,#1962,#1963,#1964,#1965));
#385=EDGE_LOOP('',(#1966,#1967,#1968,#1969));
#386=EDGE_LOOP('',(#1970,#1971,#1972,#1973));
#387=EDGE_LOOP('',(#1974,#1975,#1976,#1977));
#388=EDGE_LOOP('',(#1978,#1979,#1980,#1981));
#389=EDGE_LOOP('',(#1982,#1983,#1984,#1985));
#390=EDGE_LOOP('',(#1986,#1987,#1988,#1989));
#391=EDGE_LOOP('',(#1990,#1991,#1992,#1993));
#392=EDGE_LOOP('',(#1994,#1995,#1996,#1997));
#393=EDGE_LOOP('',(#1998,#1999,#2000,#2001));
#394=EDGE_LOOP('',(#2002,#2003,#2004,#2005));
#395=EDGE_LOOP('',(#2006,#2007,#2008,#2009));
#396=EDGE_LOOP('',(#2010,#2011,#2012,#2013));
#397=EDGE_LOOP('',(#2014,#2015,#2016,#2017));
#398=EDGE_LOOP('',(#2018,#2019,#2020,#2021));
#399=EDGE_LOOP('',(#2022,#2023,#2024,#2025));
#400=EDGE_LOOP('',(#2026,#2027,#2028,#2029,#2030));
#401=EDGE_LOOP('',(#2031,#2032,#2033,#2034));
#402=EDGE_LOOP('',(#2035,#2036,#2037,#2038));
#403=EDGE_LOOP('',(#2039,#2040,#2041,#2042));
#404=EDGE_LOOP('',(#2043,#2044,#2045,#2046));
#405=EDGE_LOOP('',(#2047,#2048,#2049,#2050));
#406=EDGE_LOOP('',(#2051,#2052,#2053,#2054));
#407=EDGE_LOOP('',(#2055,#2056,#2057,#2058,#2059,#2060));
#408=EDGE_LOOP('',(#2061,#2062,#2063,#2064));
#409=EDGE_LOOP('',(#2065,#2066,#2067,#2068));
#410=EDGE_LOOP('',(#2069,#2070,#2071,#2072));
#411=EDGE_LOOP('',(#2073,#2074,#2075,#2076));
#412=EDGE_LOOP('',(#2077,#2078,#2079,#2080));
#413=EDGE_LOOP('',(#2081,#2082,#2083,#2084));
#414=EDGE_LOOP('',(#2085,#2086,#2087,#2088));
#415=EDGE_LOOP('',(#2089,#2090,#2091,#2092));
#416=EDGE_LOOP('',(#2093,#2094,#2095,#2096));
#417=EDGE_LOOP('',(#2097,#2098,#2099,#2100));
#418=EDGE_LOOP('',(#2101,#2102,#2103,#2104));
#419=EDGE_LOOP('',(#2105,#2106,#2107,#2108,#2109,#2110));
#420=EDGE_LOOP('',(#2111,#2112,#2113,#2114));
#421=EDGE_LOOP('',(#2115,#2116,#2117,#2118));
#422=EDGE_LOOP('',(#2119,#2120,#2121,#2122));
#423=EDGE_LOOP('',(#2123,#2124,#2125,#2126));
#424=EDGE_LOOP('',(#2127,#2128,#2129,#2130));
#425=EDGE_LOOP('',(#2131,#2132,#2133,#2134));
#426=EDGE_LOOP('',(#2135));
#427=EDGE_LOOP('',(#2136,#2137,#2138,#2139));
#428=EDGE_LOOP('',(#2140,#2141,#2142,#2143));
#429=EDGE_LOOP('',(#2144,#2145,#2146,#2147));
#430=EDGE_LOOP('',(#2148,#2149,#2150,#2151));
#431=EDGE_LOOP('',(#2152,#2153,#2154,#2155));
#432=EDGE_LOOP('',(#2156,#2157,#2158,#2159));
#433=EDGE_LOOP('',(#2160,#2161,#2162,#2163));
#434=EDGE_LOOP('',(#2164,#2165,#2166,#2167));
#435=EDGE_LOOP('',(#2168,#2169,#2170,#2171));
#436=EDGE_LOOP('',(#2172,#2173,#2174,#2175));
#437=EDGE_LOOP('',(#2176,#2177,#2178,#2179));
#438=EDGE_LOOP('',(#2180,#2181,#2182,#2183,#2184,#2185));
#439=EDGE_LOOP('',(#2186,#2187,#2188,#2189));
#440=EDGE_LOOP('',(#2190,#2191,#2192,#2193));
#441=EDGE_LOOP('',(#2194,#2195,#2196,#2197));
#442=EDGE_LOOP('',(#2198,#2199,#2200,#2201));
#443=EDGE_LOOP('',(#2202,#2203,#2204,#2205));
#444=EDGE_LOOP('',(#2206,#2207,#2208,#2209));
#445=EDGE_LOOP('',(#2210,#2211,#2212,#2213));
#446=EDGE_LOOP('',(#2214,#2215,#2216,#2217));
#447=EDGE_LOOP('',(#2218,#2219,#2220,#2221));
#448=EDGE_LOOP('',(#2222,#2223,#2224,#2225));
#449=EDGE_LOOP('',(#2226,#2227,#2228,#2229));
#450=EDGE_LOOP('',(#2230,#2231,#2232,#2233));
#451=EDGE_LOOP('',(#2234,#2235,#2236,#2237));
#452=EDGE_LOOP('',(#2238,#2239,#2240,#2241));
#453=EDGE_LOOP('',(#2242,#2243,#2244,#2245));
#454=EDGE_LOOP('',(#2246,#2247,#2248,#2249));
#455=EDGE_LOOP('',(#2250,#2251,#2252,#2253,#2254,#2255,#2256,#2257,#2258,
#2259,#2260,#2261,#2262,#2263,#2264,#2265,#2266,#2267,#2268,#2269));
#456=EDGE_LOOP('',(#2270,#2271,#2272,#2273,#2274,#2275,#2276,#2277));
#457=EDGE_LOOP('',(#2278,#2279,#2280,#2281,#2282,#2283));
#458=EDGE_LOOP('',(#2284,#2285,#2286,#2287,#2288,#2289));
#459=EDGE_LOOP('',(#2290,#2291,#2292,#2293,#2294,#2295));
#460=EDGE_LOOP('',(#2296,#2297,#2298,#2299,#2300,#2301));
#461=EDGE_LOOP('',(#2302,#2303,#2304,#2305,#2306,#2307,#2308,#2309));
#462=EDGE_LOOP('',(#2310,#2311,#2312,#2313,#2314,#2315,#2316,#2317));
#463=EDGE_LOOP('',(#2318,#2319,#2320,#2321,#2322,#2323,#2324,#2325));
#464=EDGE_LOOP('',(#2326,#2327,#2328,#2329));
#465=EDGE_LOOP('',(#2330,#2331,#2332,#2333,#2334));
#466=EDGE_LOOP('',(#2335,#2336,#2337,#2338,#2339));
#467=EDGE_LOOP('',(#2340,#2341,#2342,#2343));
#468=EDGE_LOOP('',(#2344,#2345,#2346,#2347,#2348,#2349));
#469=EDGE_LOOP('',(#2350,#2351,#2352,#2353,#2354));
#470=EDGE_LOOP('',(#2355,#2356,#2357,#2358,#2359));
#471=EDGE_LOOP('',(#2360,#2361,#2362,#2363,#2364));
#472=EDGE_LOOP('',(#2365,#2366,#2367,#2368));
#473=EDGE_LOOP('',(#2369,#2370,#2371,#2372));
#474=EDGE_LOOP('',(#2373,#2374,#2375,#2376,#2377));
#475=EDGE_LOOP('',(#2378,#2379,#2380,#2381,#2382,#2383));
#476=EDGE_LOOP('',(#2384,#2385,#2386,#2387));
#477=EDGE_LOOP('',(#2388,#2389,#2390,#2391,#2392,#2393));
#478=EDGE_LOOP('',(#2394,#2395,#2396,#2397));
#479=EDGE_LOOP('',(#2398));
#480=EDGE_LOOP('',(#2399,#2400,#2401,#2402));
#481=EDGE_LOOP('',(#2403,#2404,#2405,#2406,#2407,#2408));
#482=EDGE_LOOP('',(#2409,#2410,#2411,#2412));
#483=EDGE_LOOP('',(#2413));
#484=EDGE_LOOP('',(#2414));
#485=EDGE_LOOP('',(#2415,#2416,#2417,#2418));
#486=EDGE_LOOP('',(#2419));
#487=EDGE_LOOP('',(#2420));
#488=EDGE_LOOP('',(#2421,#2422,#2423,#2424));
#489=EDGE_LOOP('',(#2425));
#490=EDGE_LOOP('',(#2426));
#491=EDGE_LOOP('',(#2427,#2428,#2429,#2430));
#492=EDGE_LOOP('',(#2431));
#493=EDGE_LOOP('',(#2432));
#494=EDGE_LOOP('',(#2433,#2434,#2435,#2436));
#495=EDGE_LOOP('',(#2437));
#496=EDGE_LOOP('',(#2438));
#497=EDGE_LOOP('',(#2439,#2440,#2441,#2442));
#498=EDGE_LOOP('',(#2443));
#499=EDGE_LOOP('',(#2444));
#500=EDGE_LOOP('',(#2445,#2446,#2447,#2448));
#501=EDGE_LOOP('',(#2449));
#502=EDGE_LOOP('',(#2450));
#503=EDGE_LOOP('',(#2451,#2452,#2453,#2454));
#504=EDGE_LOOP('',(#2455));
#505=EDGE_LOOP('',(#2456));
#506=EDGE_LOOP('',(#2457,#2458,#2459,#2460));
#507=EDGE_LOOP('',(#2461));
#508=EDGE_LOOP('',(#2462));
#509=EDGE_LOOP('',(#2463,#2464,#2465,#2466));
#510=EDGE_LOOP('',(#2467));
#511=EDGE_LOOP('',(#2468));
#512=EDGE_LOOP('',(#2469,#2470,#2471,#2472));
#513=EDGE_LOOP('',(#2473));
#514=EDGE_LOOP('',(#2474));
#515=EDGE_LOOP('',(#2475,#2476,#2477,#2478));
#516=EDGE_LOOP('',(#2479));
#517=EDGE_LOOP('',(#2480));
#518=EDGE_LOOP('',(#2481,#2482,#2483,#2484));
#519=EDGE_LOOP('',(#2485));
#520=EDGE_LOOP('',(#2486));
#521=EDGE_LOOP('',(#2487,#2488,#2489,#2490));
#522=EDGE_LOOP('',(#2491));
#523=EDGE_LOOP('',(#2492));
#524=EDGE_LOOP('',(#2493,#2494,#2495,#2496));
#525=EDGE_LOOP('',(#2497));
#526=EDGE_LOOP('',(#2498));
#527=EDGE_LOOP('',(#2499,#2500,#2501,#2502));
#528=EDGE_LOOP('',(#2503));
#529=EDGE_LOOP('',(#2504));
#530=EDGE_LOOP('',(#2505,#2506,#2507,#2508));
#531=EDGE_LOOP('',(#2509));
#532=EDGE_LOOP('',(#2510));
#533=EDGE_LOOP('',(#2511,#2512,#2513,#2514));
#534=EDGE_LOOP('',(#2515));
#535=EDGE_LOOP('',(#2516));
#536=LINE('',#3879,#861);
#537=LINE('',#3881,#862);
#538=LINE('',#3883,#863);
#539=LINE('',#3884,#864);
#540=LINE('',#3887,#865);
#541=LINE('',#3889,#866);
#542=LINE('',#3890,#867);
#543=LINE('',#3893,#868);
#544=LINE('',#3895,#869);
#545=LINE('',#3896,#870);
#546=LINE('',#3899,#871);
#547=LINE('',#3901,#872);
#548=LINE('',#3902,#873);
#549=LINE('',#3904,#874);
#550=LINE('',#3905,#875);
#551=LINE('',#3910,#876);
#552=LINE('',#3912,#877);
#553=LINE('',#3914,#878);
#554=LINE('',#3915,#879);
#555=LINE('',#3918,#880);
#556=LINE('',#3920,#881);
#557=LINE('',#3921,#882);
#558=LINE('',#3924,#883);
#559=LINE('',#3926,#884);
#560=LINE('',#3927,#885);
#561=LINE('',#3930,#886);
#562=LINE('',#3932,#887);
#563=LINE('',#3933,#888);
#564=LINE('',#3935,#889);
#565=LINE('',#3936,#890);
#566=LINE('',#3941,#891);
#567=LINE('',#3943,#892);
#568=LINE('',#3945,#893);
#569=LINE('',#3946,#894);
#570=LINE('',#3949,#895);
#571=LINE('',#3951,#896);
#572=LINE('',#3952,#897);
#573=LINE('',#3955,#898);
#574=LINE('',#3957,#899);
#575=LINE('',#3958,#900);
#576=LINE('',#3960,#901);
#577=LINE('',#3961,#902);
#578=LINE('',#3966,#903);
#579=LINE('',#3968,#904);
#580=LINE('',#3970,#905);
#581=LINE('',#3971,#906);
#582=LINE('',#3974,#907);
#583=LINE('',#3976,#908);
#584=LINE('',#3977,#909);
#585=LINE('',#3980,#910);
#586=LINE('',#3982,#911);
#587=LINE('',#3983,#912);
#588=LINE('',#3986,#913);
#589=LINE('',#3988,#914);
#590=LINE('',#3989,#915);
#591=LINE('',#3992,#916);
#592=LINE('',#3994,#917);
#593=LINE('',#3995,#918);
#594=LINE('',#3997,#919);
#595=LINE('',#3998,#920);
#596=LINE('',#4003,#921);
#597=LINE('',#4005,#922);
#598=LINE('',#4007,#923);
#599=LINE('',#4008,#924);
#600=LINE('',#4011,#925);
#601=LINE('',#4013,#926);
#602=LINE('',#4014,#927);
#603=LINE('',#4017,#928);
#604=LINE('',#4019,#929);
#605=LINE('',#4020,#930);
#606=LINE('',#4023,#931);
#607=LINE('',#4025,#932);
#608=LINE('',#4026,#933);
#609=LINE('',#4028,#934);
#610=LINE('',#4029,#935);
#611=LINE('',#4034,#936);
#612=LINE('',#4036,#937);
#613=LINE('',#4038,#938);
#614=LINE('',#4039,#939);
#615=LINE('',#4042,#940);
#616=LINE('',#4044,#941);
#617=LINE('',#4045,#942);
#618=LINE('',#4048,#943);
#619=LINE('',#4050,#944);
#620=LINE('',#4051,#945);
#621=LINE('',#4054,#946);
#622=LINE('',#4056,#947);
#623=LINE('',#4057,#948);
#624=LINE('',#4059,#949);
#625=LINE('',#4060,#950);
#626=LINE('',#4065,#951);
#627=LINE('',#4067,#952);
#628=LINE('',#4069,#953);
#629=LINE('',#4070,#954);
#630=LINE('',#4073,#955);
#631=LINE('',#4075,#956);
#632=LINE('',#4076,#957);
#633=LINE('',#4079,#958);
#634=LINE('',#4081,#959);
#635=LINE('',#4082,#960);
#636=LINE('',#4085,#961);
#637=LINE('',#4087,#962);
#638=LINE('',#4088,#963);
#639=LINE('',#4090,#964);
#640=LINE('',#4091,#965);
#641=LINE('',#4096,#966);
#642=LINE('',#4098,#967);
#643=LINE('',#4100,#968);
#644=LINE('',#4101,#969);
#645=LINE('',#4104,#970);
#646=LINE('',#4106,#971);
#647=LINE('',#4107,#972);
#648=LINE('',#4110,#973);
#649=LINE('',#4112,#974);
#650=LINE('',#4113,#975);
#651=LINE('',#4115,#976);
#652=LINE('',#4116,#977);
#653=LINE('',#4121,#978);
#654=LINE('',#4123,#979);
#655=LINE('',#4125,#980);
#656=LINE('',#4126,#981);
#657=LINE('',#4129,#982);
#658=LINE('',#4131,#983);
#659=LINE('',#4132,#984);
#660=LINE('',#4135,#985);
#661=LINE('',#4137,#986);
#662=LINE('',#4138,#987);
#663=LINE('',#4140,#988);
#664=LINE('',#4141,#989);
#665=LINE('',#4146,#990);
#666=LINE('',#4148,#991);
#667=LINE('',#4150,#992);
#668=LINE('',#4151,#993);
#669=LINE('',#4154,#994);
#670=LINE('',#4156,#995);
#671=LINE('',#4157,#996);
#672=LINE('',#4160,#997);
#673=LINE('',#4162,#998);
#674=LINE('',#4163,#999);
#675=LINE('',#4166,#1000);
#676=LINE('',#4168,#1001);
#677=LINE('',#4169,#1002);
#678=LINE('',#4171,#1003);
#679=LINE('',#4172,#1004);
#680=LINE('',#4177,#1005);
#681=LINE('',#4179,#1006);
#682=LINE('',#4181,#1007);
#683=LINE('',#4182,#1008);
#684=LINE('',#4185,#1009);
#685=LINE('',#4187,#1010);
#686=LINE('',#4188,#1011);
#687=LINE('',#4191,#1012);
#688=LINE('',#4193,#1013);
#689=LINE('',#4194,#1014);
#690=LINE('',#4197,#1015);
#691=LINE('',#4199,#1016);
#692=LINE('',#4200,#1017);
#693=LINE('',#4203,#1018);
#694=LINE('',#4205,#1019);
#695=LINE('',#4206,#1020);
#696=LINE('',#4208,#1021);
#697=LINE('',#4209,#1022);
#698=LINE('',#4214,#1023);
#699=LINE('',#4216,#1024);
#700=LINE('',#4218,#1025);
#701=LINE('',#4219,#1026);
#702=LINE('',#4222,#1027);
#703=LINE('',#4224,#1028);
#704=LINE('',#4225,#1029);
#705=LINE('',#4228,#1030);
#706=LINE('',#4230,#1031);
#707=LINE('',#4231,#1032);
#708=LINE('',#4233,#1033);
#709=LINE('',#4234,#1034);
#710=LINE('',#4239,#1035);
#711=LINE('',#4241,#1036);
#712=LINE('',#4243,#1037);
#713=LINE('',#4244,#1038);
#714=LINE('',#4247,#1039);
#715=LINE('',#4249,#1040);
#716=LINE('',#4250,#1041);
#717=LINE('',#4253,#1042);
#718=LINE('',#4255,#1043);
#719=LINE('',#4256,#1044);
#720=LINE('',#4259,#1045);
#721=LINE('',#4261,#1046);
#722=LINE('',#4262,#1047);
#723=LINE('',#4265,#1048);
#724=LINE('',#4267,#1049);
#725=LINE('',#4268,#1050);
#726=LINE('',#4270,#1051);
#727=LINE('',#4271,#1052);
#728=LINE('',#4276,#1053);
#729=LINE('',#4278,#1054);
#730=LINE('',#4280,#1055);
#731=LINE('',#4281,#1056);
#732=LINE('',#4284,#1057);
#733=LINE('',#4286,#1058);
#734=LINE('',#4287,#1059);
#735=LINE('',#4290,#1060);
#736=LINE('',#4292,#1061);
#737=LINE('',#4293,#1062);
#738=LINE('',#4295,#1063);
#739=LINE('',#4296,#1064);
#740=LINE('',#4302,#1065);
#741=LINE('',#4308,#1066);
#742=LINE('',#4310,#1067);
#743=LINE('',#4312,#1068);
#744=LINE('',#4313,#1069);
#745=LINE('',#4316,#1070);
#746=LINE('',#4318,#1071);
#747=LINE('',#4319,#1072);
#748=LINE('',#4322,#1073);
#749=LINE('',#4324,#1074);
#750=LINE('',#4325,#1075);
#751=LINE('',#4327,#1076);
#752=LINE('',#4328,#1077);
#753=LINE('',#4333,#1078);
#754=LINE('',#4335,#1079);
#755=LINE('',#4337,#1080);
#756=LINE('',#4338,#1081);
#757=LINE('',#4341,#1082);
#758=LINE('',#4343,#1083);
#759=LINE('',#4344,#1084);
#760=LINE('',#4347,#1085);
#761=LINE('',#4349,#1086);
#762=LINE('',#4350,#1087);
#763=LINE('',#4353,#1088);
#764=LINE('',#4355,#1089);
#765=LINE('',#4356,#1090);
#766=LINE('',#4359,#1091);
#767=LINE('',#4361,#1092);
#768=LINE('',#4362,#1093);
#769=LINE('',#4364,#1094);
#770=LINE('',#4365,#1095);
#771=LINE('',#4370,#1096);
#772=LINE('',#4372,#1097);
#773=LINE('',#4374,#1098);
#774=LINE('',#4375,#1099);
#775=LINE('',#4378,#1100);
#776=LINE('',#4380,#1101);
#777=LINE('',#4381,#1102);
#778=LINE('',#4384,#1103);
#779=LINE('',#4386,#1104);
#780=LINE('',#4387,#1105);
#781=LINE('',#4391,#1106);
#782=LINE('',#4393,#1107);
#783=LINE('',#4395,#1108);
#784=LINE('',#4396,#1109);
#785=LINE('',#4399,#1110);
#786=LINE('',#4401,#1111);
#787=LINE('',#4402,#1112);
#788=LINE('',#4405,#1113);
#789=LINE('',#4407,#1114);
#790=LINE('',#4408,#1115);
#791=LINE('',#4411,#1116);
#792=LINE('',#4413,#1117);
#793=LINE('',#4414,#1118);
#794=LINE('',#4418,#1119);
#795=LINE('',#4420,#1120);
#796=LINE('',#4422,#1121);
#797=LINE('',#4423,#1122);
#798=LINE('',#4426,#1123);
#799=LINE('',#4428,#1124);
#800=LINE('',#4429,#1125);
#801=LINE('',#4432,#1126);
#802=LINE('',#4434,#1127);
#803=LINE('',#4435,#1128);
#804=LINE('',#4438,#1129);
#805=LINE('',#4440,#1130);
#806=LINE('',#4441,#1131);
#807=LINE('',#4445,#1132);
#808=LINE('',#4447,#1133);
#809=LINE('',#4449,#1134);
#810=LINE('',#4450,#1135);
#811=LINE('',#4453,#1136);
#812=LINE('',#4455,#1137);
#813=LINE('',#4456,#1138);
#814=LINE('',#4459,#1139);
#815=LINE('',#4461,#1140);
#816=LINE('',#4462,#1141);
#817=LINE('',#4465,#1142);
#818=LINE('',#4467,#1143);
#819=LINE('',#4468,#1144);
#820=LINE('',#4471,#1145);
#821=LINE('',#4473,#1146);
#822=LINE('',#4474,#1147);
#823=LINE('',#4476,#1148);
#824=LINE('',#4477,#1149);
#825=LINE('',#4478,#1150);
#826=LINE('',#4479,#1151);
#827=LINE('',#4482,#1152);
#828=LINE('',#4484,#1153);
#829=LINE('',#4486,#1154);
#830=LINE('',#4488,#1155);
#831=LINE('',#4489,#1156);
#832=LINE('',#4491,#1157);
#833=LINE('',#4494,#1158);
#834=LINE('',#4495,#1159);
#835=LINE('',#4498,#1160);
#836=LINE('',#4499,#1161);
#837=LINE('',#4501,#1162);
#838=LINE('',#4504,#1163);
#839=LINE('',#4505,#1164);
#840=LINE('',#4508,#1165);
#841=LINE('',#4509,#1166);
#842=LINE('',#4511,#1167);
#843=LINE('',#4518,#1168);
#844=LINE('',#4526,#1169);
#845=LINE('',#4534,#1170);
#846=LINE('',#4542,#1171);
#847=LINE('',#4550,#1172);
#848=LINE('',#4558,#1173);
#849=LINE('',#4566,#1174);
#850=LINE('',#4574,#1175);
#851=LINE('',#4582,#1176);
#852=LINE('',#4590,#1177);
#853=LINE('',#4598,#1178);
#854=LINE('',#4606,#1179);
#855=LINE('',#4614,#1180);
#856=LINE('',#4622,#1181);
#857=LINE('',#4630,#1182);
#858=LINE('',#4638,#1183);
#859=LINE('',#4646,#1184);
#860=LINE('',#4654,#1185);
#861=VECTOR('',#3117,10.);
#862=VECTOR('',#3118,10.);
#863=VECTOR('',#3119,10.);
#864=VECTOR('',#3120,10.);
#865=VECTOR('',#3123,10.);
#866=VECTOR('',#3124,10.);
#867=VECTOR('',#3125,10.);
#868=VECTOR('',#3128,10.);
#869=VECTOR('',#3129,10.);
#870=VECTOR('',#3130,10.);
#871=VECTOR('',#3133,10.);
#872=VECTOR('',#3134,10.);
#873=VECTOR('',#3135,10.);
#874=VECTOR('',#3138,10.);
#875=VECTOR('',#3139,10.);
#876=VECTOR('',#3144,10.);
#877=VECTOR('',#3145,10.);
#878=VECTOR('',#3146,10.);
#879=VECTOR('',#3147,10.);
#880=VECTOR('',#3150,10.);
#881=VECTOR('',#3151,10.);
#882=VECTOR('',#3152,10.);
#883=VECTOR('',#3155,10.);
#884=VECTOR('',#3156,10.);
#885=VECTOR('',#3157,10.);
#886=VECTOR('',#3160,10.);
#887=VECTOR('',#3161,10.);
#888=VECTOR('',#3162,10.);
#889=VECTOR('',#3165,10.);
#890=VECTOR('',#3166,10.);
#891=VECTOR('',#3171,10.);
#892=VECTOR('',#3172,10.);
#893=VECTOR('',#3173,10.);
#894=VECTOR('',#3174,10.);
#895=VECTOR('',#3177,10.);
#896=VECTOR('',#3178,10.);
#897=VECTOR('',#3179,10.);
#898=VECTOR('',#3182,10.);
#899=VECTOR('',#3183,10.);
#900=VECTOR('',#3184,10.);
#901=VECTOR('',#3187,10.);
#902=VECTOR('',#3188,10.);
#903=VECTOR('',#3193,10.);
#904=VECTOR('',#3194,10.);
#905=VECTOR('',#3195,10.);
#906=VECTOR('',#3196,10.);
#907=VECTOR('',#3199,10.);
#908=VECTOR('',#3200,10.);
#909=VECTOR('',#3201,10.);
#910=VECTOR('',#3204,10.);
#911=VECTOR('',#3205,10.);
#912=VECTOR('',#3206,10.);
#913=VECTOR('',#3209,10.);
#914=VECTOR('',#3210,10.);
#915=VECTOR('',#3211,10.);
#916=VECTOR('',#3214,10.);
#917=VECTOR('',#3215,10.);
#918=VECTOR('',#3216,10.);
#919=VECTOR('',#3219,10.);
#920=VECTOR('',#3220,10.);
#921=VECTOR('',#3225,10.);
#922=VECTOR('',#3226,10.);
#923=VECTOR('',#3227,10.);
#924=VECTOR('',#3228,10.);
#925=VECTOR('',#3231,10.);
#926=VECTOR('',#3232,10.);
#927=VECTOR('',#3233,10.);
#928=VECTOR('',#3236,10.);
#929=VECTOR('',#3237,10.);
#930=VECTOR('',#3238,10.);
#931=VECTOR('',#3241,10.);
#932=VECTOR('',#3242,10.);
#933=VECTOR('',#3243,10.);
#934=VECTOR('',#3246,10.);
#935=VECTOR('',#3247,10.);
#936=VECTOR('',#3252,10.);
#937=VECTOR('',#3253,10.);
#938=VECTOR('',#3254,10.);
#939=VECTOR('',#3255,10.);
#940=VECTOR('',#3258,10.);
#941=VECTOR('',#3259,10.);
#942=VECTOR('',#3260,10.);
#943=VECTOR('',#3263,10.);
#944=VECTOR('',#3264,10.);
#945=VECTOR('',#3265,10.);
#946=VECTOR('',#3268,10.);
#947=VECTOR('',#3269,10.);
#948=VECTOR('',#3270,10.);
#949=VECTOR('',#3273,10.);
#950=VECTOR('',#3274,10.);
#951=VECTOR('',#3279,10.);
#952=VECTOR('',#3280,10.);
#953=VECTOR('',#3281,10.);
#954=VECTOR('',#3282,10.);
#955=VECTOR('',#3285,10.);
#956=VECTOR('',#3286,10.);
#957=VECTOR('',#3287,10.);
#958=VECTOR('',#3290,10.);
#959=VECTOR('',#3291,10.);
#960=VECTOR('',#3292,10.);
#961=VECTOR('',#3295,10.);
#962=VECTOR('',#3296,10.);
#963=VECTOR('',#3297,10.);
#964=VECTOR('',#3300,10.);
#965=VECTOR('',#3301,10.);
#966=VECTOR('',#3306,10.);
#967=VECTOR('',#3307,10.);
#968=VECTOR('',#3308,10.);
#969=VECTOR('',#3309,10.);
#970=VECTOR('',#3312,10.);
#971=VECTOR('',#3313,10.);
#972=VECTOR('',#3314,10.);
#973=VECTOR('',#3317,10.);
#974=VECTOR('',#3318,10.);
#975=VECTOR('',#3319,10.);
#976=VECTOR('',#3322,10.);
#977=VECTOR('',#3323,10.);
#978=VECTOR('',#3328,10.);
#979=VECTOR('',#3329,10.);
#980=VECTOR('',#3330,10.);
#981=VECTOR('',#3331,10.);
#982=VECTOR('',#3334,10.);
#983=VECTOR('',#3335,10.);
#984=VECTOR('',#3336,10.);
#985=VECTOR('',#3339,10.);
#986=VECTOR('',#3340,10.);
#987=VECTOR('',#3341,10.);
#988=VECTOR('',#3344,10.);
#989=VECTOR('',#3345,10.);
#990=VECTOR('',#3350,10.);
#991=VECTOR('',#3351,10.);
#992=VECTOR('',#3352,10.);
#993=VECTOR('',#3353,10.);
#994=VECTOR('',#3356,10.);
#995=VECTOR('',#3357,10.);
#996=VECTOR('',#3358,10.);
#997=VECTOR('',#3361,10.);
#998=VECTOR('',#3362,10.);
#999=VECTOR('',#3363,10.);
#1000=VECTOR('',#3366,10.);
#1001=VECTOR('',#3367,10.);
#1002=VECTOR('',#3368,10.);
#1003=VECTOR('',#3371,10.);
#1004=VECTOR('',#3372,10.);
#1005=VECTOR('',#3377,10.);
#1006=VECTOR('',#3378,10.);
#1007=VECTOR('',#3379,10.);
#1008=VECTOR('',#3380,10.);
#1009=VECTOR('',#3383,10.);
#1010=VECTOR('',#3384,10.);
#1011=VECTOR('',#3385,10.);
#1012=VECTOR('',#3388,10.);
#1013=VECTOR('',#3389,10.);
#1014=VECTOR('',#3390,10.);
#1015=VECTOR('',#3393,10.);
#1016=VECTOR('',#3394,10.);
#1017=VECTOR('',#3395,10.);
#1018=VECTOR('',#3398,10.);
#1019=VECTOR('',#3399,10.);
#1020=VECTOR('',#3400,10.);
#1021=VECTOR('',#3403,10.);
#1022=VECTOR('',#3404,10.);
#1023=VECTOR('',#3409,10.);
#1024=VECTOR('',#3410,10.);
#1025=VECTOR('',#3411,10.);
#1026=VECTOR('',#3412,10.);
#1027=VECTOR('',#3415,10.);
#1028=VECTOR('',#3416,10.);
#1029=VECTOR('',#3417,10.);
#1030=VECTOR('',#3420,10.);
#1031=VECTOR('',#3421,10.);
#1032=VECTOR('',#3422,10.);
#1033=VECTOR('',#3425,10.);
#1034=VECTOR('',#3426,10.);
#1035=VECTOR('',#3431,10.);
#1036=VECTOR('',#3432,10.);
#1037=VECTOR('',#3433,10.);
#1038=VECTOR('',#3434,10.);
#1039=VECTOR('',#3437,10.);
#1040=VECTOR('',#3438,10.);
#1041=VECTOR('',#3439,10.);
#1042=VECTOR('',#3442,10.);
#1043=VECTOR('',#3443,10.);
#1044=VECTOR('',#3444,10.);
#1045=VECTOR('',#3447,10.);
#1046=VECTOR('',#3448,10.);
#1047=VECTOR('',#3449,10.);
#1048=VECTOR('',#3452,10.);
#1049=VECTOR('',#3453,10.);
#1050=VECTOR('',#3454,10.);
#1051=VECTOR('',#3457,10.);
#1052=VECTOR('',#3458,10.);
#1053=VECTOR('',#3463,10.);
#1054=VECTOR('',#3464,10.);
#1055=VECTOR('',#3465,10.);
#1056=VECTOR('',#3466,10.);
#1057=VECTOR('',#3469,10.);
#1058=VECTOR('',#3470,10.);
#1059=VECTOR('',#3471,10.);
#1060=VECTOR('',#3474,10.);
#1061=VECTOR('',#3475,10.);
#1062=VECTOR('',#3476,10.);
#1063=VECTOR('',#3479,10.);
#1064=VECTOR('',#3480,10.);
#1065=VECTOR('',#3487,0.909840784137469);
#1066=VECTOR('',#3494,10.);
#1067=VECTOR('',#3495,10.);
#1068=VECTOR('',#3496,10.);
#1069=VECTOR('',#3497,10.);
#1070=VECTOR('',#3500,10.);
#1071=VECTOR('',#3501,10.);
#1072=VECTOR('',#3502,10.);
#1073=VECTOR('',#3505,10.);
#1074=VECTOR('',#3506,10.);
#1075=VECTOR('',#3507,10.);
#1076=VECTOR('',#3510,10.);
#1077=VECTOR('',#3511,10.);
#1078=VECTOR('',#3516,10.);
#1079=VECTOR('',#3517,10.);
#1080=VECTOR('',#3518,10.);
#1081=VECTOR('',#3519,10.);
#1082=VECTOR('',#3522,10.);
#1083=VECTOR('',#3523,10.);
#1084=VECTOR('',#3524,10.);
#1085=VECTOR('',#3527,10.);
#1086=VECTOR('',#3528,10.);
#1087=VECTOR('',#3529,10.);
#1088=VECTOR('',#3532,10.);
#1089=VECTOR('',#3533,10.);
#1090=VECTOR('',#3534,10.);
#1091=VECTOR('',#3537,10.);
#1092=VECTOR('',#3538,10.);
#1093=VECTOR('',#3539,10.);
#1094=VECTOR('',#3542,10.);
#1095=VECTOR('',#3543,10.);
#1096=VECTOR('',#3548,10.);
#1097=VECTOR('',#3549,10.);
#1098=VECTOR('',#3550,10.);
#1099=VECTOR('',#3551,10.);
#1100=VECTOR('',#3554,10.);
#1101=VECTOR('',#3555,10.);
#1102=VECTOR('',#3556,10.);
#1103=VECTOR('',#3559,10.);
#1104=VECTOR('',#3560,10.);
#1105=VECTOR('',#3561,10.);
#1106=VECTOR('',#3564,10.);
#1107=VECTOR('',#3565,10.);
#1108=VECTOR('',#3566,10.);
#1109=VECTOR('',#3567,10.);
#1110=VECTOR('',#3570,10.);
#1111=VECTOR('',#3571,10.);
#1112=VECTOR('',#3572,10.);
#1113=VECTOR('',#3575,10.);
#1114=VECTOR('',#3576,10.);
#1115=VECTOR('',#3577,10.);
#1116=VECTOR('',#3580,10.);
#1117=VECTOR('',#3581,10.);
#1118=VECTOR('',#3582,10.);
#1119=VECTOR('',#3585,10.);
#1120=VECTOR('',#3586,10.);
#1121=VECTOR('',#3587,10.);
#1122=VECTOR('',#3588,10.);
#1123=VECTOR('',#3591,10.);
#1124=VECTOR('',#3592,10.);
#1125=VECTOR('',#3593,10.);
#1126=VECTOR('',#3596,10.);
#1127=VECTOR('',#3597,10.);
#1128=VECTOR('',#3598,10.);
#1129=VECTOR('',#3601,10.);
#1130=VECTOR('',#3602,10.);
#1131=VECTOR('',#3603,10.);
#1132=VECTOR('',#3606,10.);
#1133=VECTOR('',#3607,10.);
#1134=VECTOR('',#3608,10.);
#1135=VECTOR('',#3609,10.);
#1136=VECTOR('',#3612,10.);
#1137=VECTOR('',#3613,10.);
#1138=VECTOR('',#3614,10.);
#1139=VECTOR('',#3617,10.);
#1140=VECTOR('',#3618,10.);
#1141=VECTOR('',#3619,10.);
#1142=VECTOR('',#3622,10.);
#1143=VECTOR('',#3623,10.);
#1144=VECTOR('',#3624,10.);
#1145=VECTOR('',#3627,10.);
#1146=VECTOR('',#3628,10.);
#1147=VECTOR('',#3629,10.);
#1148=VECTOR('',#3632,10.);
#1149=VECTOR('',#3633,10.);
#1150=VECTOR('',#3634,10.);
#1151=VECTOR('',#3635,10.);
#1152=VECTOR('',#3638,10.);
#1153=VECTOR('',#3639,10.);
#1154=VECTOR('',#3640,10.);
#1155=VECTOR('',#3641,10.);
#1156=VECTOR('',#3642,10.);
#1157=VECTOR('',#3645,10.);
#1158=VECTOR('',#3648,10.);
#1159=VECTOR('',#3649,10.);
#1160=VECTOR('',#3652,10.);
#1161=VECTOR('',#3653,10.);
#1162=VECTOR('',#3656,10.);
#1163=VECTOR('',#3659,10.);
#1164=VECTOR('',#3660,10.);
#1165=VECTOR('',#3663,10.);
#1166=VECTOR('',#3664,10.);
#1167=VECTOR('',#3667,10.);
#1168=VECTOR('',#3676,0.255);
#1169=VECTOR('',#3687,0.255);
#1170=VECTOR('',#3698,0.255);
#1171=VECTOR('',#3709,0.255);
#1172=VECTOR('',#3720,0.255);
#1173=VECTOR('',#3731,0.255);
#1174=VECTOR('',#3742,0.255);
#1175=VECTOR('',#3753,0.255);
#1176=VECTOR('',#3764,0.255);
#1177=VECTOR('',#3775,0.255);
#1178=VECTOR('',#3786,0.255);
#1179=VECTOR('',#3797,0.255);
#1180=VECTOR('',#3808,0.255);
#1181=VECTOR('',#3819,0.255);
#1182=VECTOR('',#3830,0.255);
#1183=VECTOR('',#3841,0.255);
#1184=VECTOR('',#3852,0.255);
#1185=VECTOR('',#3863,0.255);
#1186=VERTEX_POINT('',#3877);
#1187=VERTEX_POINT('',#3878);
#1188=VERTEX_POINT('',#3880);
#1189=VERTEX_POINT('',#3882);
#1190=VERTEX_POINT('',#3886);
#1191=VERTEX_POINT('',#3888);
#1192=VERTEX_POINT('',#3892);
#1193=VERTEX_POINT('',#3894);
#1194=VERTEX_POINT('',#3898);
#1195=VERTEX_POINT('',#3900);
#1196=VERTEX_POINT('',#3908);
#1197=VERTEX_POINT('',#3909);
#1198=VERTEX_POINT('',#3911);
#1199=VERTEX_POINT('',#3913);
#1200=VERTEX_POINT('',#3917);
#1201=VERTEX_POINT('',#3919);
#1202=VERTEX_POINT('',#3923);
#1203=VERTEX_POINT('',#3925);
#1204=VERTEX_POINT('',#3929);
#1205=VERTEX_POINT('',#3931);
#1206=VERTEX_POINT('',#3939);
#1207=VERTEX_POINT('',#3940);
#1208=VERTEX_POINT('',#3942);
#1209=VERTEX_POINT('',#3944);
#1210=VERTEX_POINT('',#3948);
#1211=VERTEX_POINT('',#3950);
#1212=VERTEX_POINT('',#3954);
#1213=VERTEX_POINT('',#3956);
#1214=VERTEX_POINT('',#3964);
#1215=VERTEX_POINT('',#3965);
#1216=VERTEX_POINT('',#3967);
#1217=VERTEX_POINT('',#3969);
#1218=VERTEX_POINT('',#3973);
#1219=VERTEX_POINT('',#3975);
#1220=VERTEX_POINT('',#3979);
#1221=VERTEX_POINT('',#3981);
#1222=VERTEX_POINT('',#3985);
#1223=VERTEX_POINT('',#3987);
#1224=VERTEX_POINT('',#3991);
#1225=VERTEX_POINT('',#3993);
#1226=VERTEX_POINT('',#4001);
#1227=VERTEX_POINT('',#4002);
#1228=VERTEX_POINT('',#4004);
#1229=VERTEX_POINT('',#4006);
#1230=VERTEX_POINT('',#4010);
#1231=VERTEX_POINT('',#4012);
#1232=VERTEX_POINT('',#4016);
#1233=VERTEX_POINT('',#4018);
#1234=VERTEX_POINT('',#4022);
#1235=VERTEX_POINT('',#4024);
#1236=VERTEX_POINT('',#4032);
#1237=VERTEX_POINT('',#4033);
#1238=VERTEX_POINT('',#4035);
#1239=VERTEX_POINT('',#4037);
#1240=VERTEX_POINT('',#4041);
#1241=VERTEX_POINT('',#4043);
#1242=VERTEX_POINT('',#4047);
#1243=VERTEX_POINT('',#4049);
#1244=VERTEX_POINT('',#4053);
#1245=VERTEX_POINT('',#4055);
#1246=VERTEX_POINT('',#4063);
#1247=VERTEX_POINT('',#4064);
#1248=VERTEX_POINT('',#4066);
#1249=VERTEX_POINT('',#4068);
#1250=VERTEX_POINT('',#4072);
#1251=VERTEX_POINT('',#4074);
#1252=VERTEX_POINT('',#4078);
#1253=VERTEX_POINT('',#4080);
#1254=VERTEX_POINT('',#4084);
#1255=VERTEX_POINT('',#4086);
#1256=VERTEX_POINT('',#4094);
#1257=VERTEX_POINT('',#4095);
#1258=VERTEX_POINT('',#4097);
#1259=VERTEX_POINT('',#4099);
#1260=VERTEX_POINT('',#4103);
#1261=VERTEX_POINT('',#4105);
#1262=VERTEX_POINT('',#4109);
#1263=VERTEX_POINT('',#4111);
#1264=VERTEX_POINT('',#4119);
#1265=VERTEX_POINT('',#4120);
#1266=VERTEX_POINT('',#4122);
#1267=VERTEX_POINT('',#4124);
#1268=VERTEX_POINT('',#4128);
#1269=VERTEX_POINT('',#4130);
#1270=VERTEX_POINT('',#4134);
#1271=VERTEX_POINT('',#4136);
#1272=VERTEX_POINT('',#4144);
#1273=VERTEX_POINT('',#4145);
#1274=VERTEX_POINT('',#4147);
#1275=VERTEX_POINT('',#4149);
#1276=VERTEX_POINT('',#4153);
#1277=VERTEX_POINT('',#4155);
#1278=VERTEX_POINT('',#4159);
#1279=VERTEX_POINT('',#4161);
#1280=VERTEX_POINT('',#4165);
#1281=VERTEX_POINT('',#4167);
#1282=VERTEX_POINT('',#4175);
#1283=VERTEX_POINT('',#4176);
#1284=VERTEX_POINT('',#4178);
#1285=VERTEX_POINT('',#4180);
#1286=VERTEX_POINT('',#4184);
#1287=VERTEX_POINT('',#4186);
#1288=VERTEX_POINT('',#4190);
#1289=VERTEX_POINT('',#4192);
#1290=VERTEX_POINT('',#4196);
#1291=VERTEX_POINT('',#4198);
#1292=VERTEX_POINT('',#4202);
#1293=VERTEX_POINT('',#4204);
#1294=VERTEX_POINT('',#4212);
#1295=VERTEX_POINT('',#4213);
#1296=VERTEX_POINT('',#4215);
#1297=VERTEX_POINT('',#4217);
#1298=VERTEX_POINT('',#4221);
#1299=VERTEX_POINT('',#4223);
#1300=VERTEX_POINT('',#4227);
#1301=VERTEX_POINT('',#4229);
#1302=VERTEX_POINT('',#4237);
#1303=VERTEX_POINT('',#4238);
#1304=VERTEX_POINT('',#4240);
#1305=VERTEX_POINT('',#4242);
#1306=VERTEX_POINT('',#4246);
#1307=VERTEX_POINT('',#4248);
#1308=VERTEX_POINT('',#4252);
#1309=VERTEX_POINT('',#4254);
#1310=VERTEX_POINT('',#4258);
#1311=VERTEX_POINT('',#4260);
#1312=VERTEX_POINT('',#4264);
#1313=VERTEX_POINT('',#4266);
#1314=VERTEX_POINT('',#4274);
#1315=VERTEX_POINT('',#4275);
#1316=VERTEX_POINT('',#4277);
#1317=VERTEX_POINT('',#4279);
#1318=VERTEX_POINT('',#4283);
#1319=VERTEX_POINT('',#4285);
#1320=VERTEX_POINT('',#4289);
#1321=VERTEX_POINT('',#4291);
#1322=VERTEX_POINT('',#4299);
#1323=VERTEX_POINT('',#4301);
#1324=VERTEX_POINT('',#4306);
#1325=VERTEX_POINT('',#4307);
#1326=VERTEX_POINT('',#4309);
#1327=VERTEX_POINT('',#4311);
#1328=VERTEX_POINT('',#4315);
#1329=VERTEX_POINT('',#4317);
#1330=VERTEX_POINT('',#4321);
#1331=VERTEX_POINT('',#4323);
#1332=VERTEX_POINT('',#4331);
#1333=VERTEX_POINT('',#4332);
#1334=VERTEX_POINT('',#4334);
#1335=VERTEX_POINT('',#4336);
#1336=VERTEX_POINT('',#4340);
#1337=VERTEX_POINT('',#4342);
#1338=VERTEX_POINT('',#4346);
#1339=VERTEX_POINT('',#4348);
#1340=VERTEX_POINT('',#4352);
#1341=VERTEX_POINT('',#4354);
#1342=VERTEX_POINT('',#4358);
#1343=VERTEX_POINT('',#4360);
#1344=VERTEX_POINT('',#4368);
#1345=VERTEX_POINT('',#4369);
#1346=VERTEX_POINT('',#4371);
#1347=VERTEX_POINT('',#4373);
#1348=VERTEX_POINT('',#4377);
#1349=VERTEX_POINT('',#4379);
#1350=VERTEX_POINT('',#4383);
#1351=VERTEX_POINT('',#4385);
#1352=VERTEX_POINT('',#4389);
#1353=VERTEX_POINT('',#4390);
#1354=VERTEX_POINT('',#4392);
#1355=VERTEX_POINT('',#4394);
#1356=VERTEX_POINT('',#4398);
#1357=VERTEX_POINT('',#4400);
#1358=VERTEX_POINT('',#4404);
#1359=VERTEX_POINT('',#4406);
#1360=VERTEX_POINT('',#4410);
#1361=VERTEX_POINT('',#4412);
#1362=VERTEX_POINT('',#4416);
#1363=VERTEX_POINT('',#4417);
#1364=VERTEX_POINT('',#4419);
#1365=VERTEX_POINT('',#4421);
#1366=VERTEX_POINT('',#4425);
#1367=VERTEX_POINT('',#4427);
#1368=VERTEX_POINT('',#4431);
#1369=VERTEX_POINT('',#4433);
#1370=VERTEX_POINT('',#4437);
#1371=VERTEX_POINT('',#4439);
#1372=VERTEX_POINT('',#4443);
#1373=VERTEX_POINT('',#4444);
#1374=VERTEX_POINT('',#4446);
#1375=VERTEX_POINT('',#4448);
#1376=VERTEX_POINT('',#4452);
#1377=VERTEX_POINT('',#4454);
#1378=VERTEX_POINT('',#4458);
#1379=VERTEX_POINT('',#4460);
#1380=VERTEX_POINT('',#4464);
#1381=VERTEX_POINT('',#4466);
#1382=VERTEX_POINT('',#4470);
#1383=VERTEX_POINT('',#4472);
#1384=VERTEX_POINT('',#4481);
#1385=VERTEX_POINT('',#4483);
#1386=VERTEX_POINT('',#4485);
#1387=VERTEX_POINT('',#4487);
#1388=VERTEX_POINT('',#4493);
#1389=VERTEX_POINT('',#4497);
#1390=VERTEX_POINT('',#4503);
#1391=VERTEX_POINT('',#4507);
#1392=VERTEX_POINT('',#4515);
#1393=VERTEX_POINT('',#4517);
#1394=VERTEX_POINT('',#4523);
#1395=VERTEX_POINT('',#4525);
#1396=VERTEX_POINT('',#4531);
#1397=VERTEX_POINT('',#4533);
#1398=VERTEX_POINT('',#4539);
#1399=VERTEX_POINT('',#4541);
#1400=VERTEX_POINT('',#4547);
#1401=VERTEX_POINT('',#4549);
#1402=VERTEX_POINT('',#4555);
#1403=VERTEX_POINT('',#4557);
#1404=VERTEX_POINT('',#4563);
#1405=VERTEX_POINT('',#4565);
#1406=VERTEX_POINT('',#4571);
#1407=VERTEX_POINT('',#4573);
#1408=VERTEX_POINT('',#4579);
#1409=VERTEX_POINT('',#4581);
#1410=VERTEX_POINT('',#4587);
#1411=VERTEX_POINT('',#4589);
#1412=VERTEX_POINT('',#4595);
#1413=VERTEX_POINT('',#4597);
#1414=VERTEX_POINT('',#4603);
#1415=VERTEX_POINT('',#4605);
#1416=VERTEX_POINT('',#4611);
#1417=VERTEX_POINT('',#4613);
#1418=VERTEX_POINT('',#4619);
#1419=VERTEX_POINT('',#4621);
#1420=VERTEX_POINT('',#4627);
#1421=VERTEX_POINT('',#4629);
#1422=VERTEX_POINT('',#4635);
#1423=VERTEX_POINT('',#4637);
#1424=VERTEX_POINT('',#4643);
#1425=VERTEX_POINT('',#4645);
#1426=VERTEX_POINT('',#4651);
#1427=VERTEX_POINT('',#4653);
#1428=EDGE_CURVE('',#1186,#1187,#536,.T.);
#1429=EDGE_CURVE('',#1186,#1188,#537,.T.);
#1430=EDGE_CURVE('',#1188,#1189,#538,.T.);
#1431=EDGE_CURVE('',#1187,#1189,#539,.T.);
#1432=EDGE_CURVE('',#1190,#1186,#540,.T.);
#1433=EDGE_CURVE('',#1190,#1191,#541,.T.);
#1434=EDGE_CURVE('',#1191,#1188,#542,.T.);
#1435=EDGE_CURVE('',#1192,#1190,#543,.T.);
#1436=EDGE_CURVE('',#1192,#1193,#544,.T.);
#1437=EDGE_CURVE('',#1193,#1191,#545,.T.);
#1438=EDGE_CURVE('',#1194,#1192,#546,.T.);
#1439=EDGE_CURVE('',#1194,#1195,#547,.T.);
#1440=EDGE_CURVE('',#1195,#1193,#548,.T.);
#1441=EDGE_CURVE('',#1187,#1194,#549,.T.);
#1442=EDGE_CURVE('',#1189,#1195,#550,.T.);
#1443=EDGE_CURVE('',#1196,#1197,#551,.T.);
#1444=EDGE_CURVE('',#1196,#1198,#552,.T.);
#1445=EDGE_CURVE('',#1198,#1199,#553,.T.);
#1446=EDGE_CURVE('',#1197,#1199,#554,.T.);
#1447=EDGE_CURVE('',#1200,#1196,#555,.T.);
#1448=EDGE_CURVE('',#1200,#1201,#556,.T.);
#1449=EDGE_CURVE('',#1201,#1198,#557,.T.);
#1450=EDGE_CURVE('',#1202,#1200,#558,.T.);
#1451=EDGE_CURVE('',#1202,#1203,#559,.T.);
#1452=EDGE_CURVE('',#1203,#1201,#560,.T.);
#1453=EDGE_CURVE('',#1204,#1202,#561,.T.);
#1454=EDGE_CURVE('',#1204,#1205,#562,.T.);
#1455=EDGE_CURVE('',#1205,#1203,#563,.T.);
#1456=EDGE_CURVE('',#1197,#1204,#564,.T.);
#1457=EDGE_CURVE('',#1199,#1205,#565,.T.);
#1458=EDGE_CURVE('',#1206,#1207,#566,.T.);
#1459=EDGE_CURVE('',#1206,#1208,#567,.T.);
#1460=EDGE_CURVE('',#1208,#1209,#568,.T.);
#1461=EDGE_CURVE('',#1207,#1209,#569,.T.);
#1462=EDGE_CURVE('',#1210,#1206,#570,.T.);
#1463=EDGE_CURVE('',#1210,#1211,#571,.T.);
#1464=EDGE_CURVE('',#1211,#1208,#572,.T.);
#1465=EDGE_CURVE('',#1212,#1210,#573,.T.);
#1466=EDGE_CURVE('',#1212,#1213,#574,.T.);
#1467=EDGE_CURVE('',#1213,#1211,#575,.T.);
#1468=EDGE_CURVE('',#1207,#1212,#576,.T.);
#1469=EDGE_CURVE('',#1209,#1213,#577,.T.);
#1470=EDGE_CURVE('',#1214,#1215,#578,.T.);
#1471=EDGE_CURVE('',#1214,#1216,#579,.T.);
#1472=EDGE_CURVE('',#1216,#1217,#580,.T.);
#1473=EDGE_CURVE('',#1215,#1217,#581,.T.);
#1474=EDGE_CURVE('',#1218,#1214,#582,.T.);
#1475=EDGE_CURVE('',#1218,#1219,#583,.T.);
#1476=EDGE_CURVE('',#1219,#1216,#584,.T.);
#1477=EDGE_CURVE('',#1220,#1218,#585,.T.);
#1478=EDGE_CURVE('',#1220,#1221,#586,.T.);
#1479=EDGE_CURVE('',#1221,#1219,#587,.T.);
#1480=EDGE_CURVE('',#1222,#1220,#588,.T.);
#1481=EDGE_CURVE('',#1222,#1223,#589,.T.);
#1482=EDGE_CURVE('',#1223,#1221,#590,.T.);
#1483=EDGE_CURVE('',#1224,#1222,#591,.T.);
#1484=EDGE_CURVE('',#1224,#1225,#592,.T.);
#1485=EDGE_CURVE('',#1225,#1223,#593,.T.);
#1486=EDGE_CURVE('',#1215,#1224,#594,.T.);
#1487=EDGE_CURVE('',#1217,#1225,#595,.T.);
#1488=EDGE_CURVE('',#1226,#1227,#596,.T.);
#1489=EDGE_CURVE('',#1226,#1228,#597,.T.);
#1490=EDGE_CURVE('',#1228,#1229,#598,.T.);
#1491=EDGE_CURVE('',#1227,#1229,#599,.T.);
#1492=EDGE_CURVE('',#1230,#1226,#600,.T.);
#1493=EDGE_CURVE('',#1230,#1231,#601,.T.);
#1494=EDGE_CURVE('',#1231,#1228,#602,.T.);
#1495=EDGE_CURVE('',#1232,#1230,#603,.T.);
#1496=EDGE_CURVE('',#1232,#1233,#604,.T.);
#1497=EDGE_CURVE('',#1233,#1231,#605,.T.);
#1498=EDGE_CURVE('',#1234,#1232,#606,.T.);
#1499=EDGE_CURVE('',#1234,#1235,#607,.T.);
#1500=EDGE_CURVE('',#1235,#1233,#608,.T.);
#1501=EDGE_CURVE('',#1227,#1234,#609,.T.);
#1502=EDGE_CURVE('',#1229,#1235,#610,.T.);
#1503=EDGE_CURVE('',#1236,#1237,#611,.T.);
#1504=EDGE_CURVE('',#1236,#1238,#612,.T.);
#1505=EDGE_CURVE('',#1238,#1239,#613,.T.);
#1506=EDGE_CURVE('',#1237,#1239,#614,.T.);
#1507=EDGE_CURVE('',#1240,#1236,#615,.T.);
#1508=EDGE_CURVE('',#1240,#1241,#616,.T.);
#1509=EDGE_CURVE('',#1241,#1238,#617,.T.);
#1510=EDGE_CURVE('',#1242,#1240,#618,.T.);
#1511=EDGE_CURVE('',#1242,#1243,#619,.T.);
#1512=EDGE_CURVE('',#1243,#1241,#620,.T.);
#1513=EDGE_CURVE('',#1244,#1242,#621,.T.);
#1514=EDGE_CURVE('',#1244,#1245,#622,.T.);
#1515=EDGE_CURVE('',#1245,#1243,#623,.T.);
#1516=EDGE_CURVE('',#1237,#1244,#624,.T.);
#1517=EDGE_CURVE('',#1239,#1245,#625,.T.);
#1518=EDGE_CURVE('',#1246,#1247,#626,.T.);
#1519=EDGE_CURVE('',#1246,#1248,#627,.T.);
#1520=EDGE_CURVE('',#1248,#1249,#628,.T.);
#1521=EDGE_CURVE('',#1247,#1249,#629,.T.);
#1522=EDGE_CURVE('',#1250,#1246,#630,.T.);
#1523=EDGE_CURVE('',#1250,#1251,#631,.T.);
#1524=EDGE_CURVE('',#1251,#1248,#632,.T.);
#1525=EDGE_CURVE('',#1252,#1250,#633,.T.);
#1526=EDGE_CURVE('',#1252,#1253,#634,.T.);
#1527=EDGE_CURVE('',#1253,#1251,#635,.T.);
#1528=EDGE_CURVE('',#1254,#1252,#636,.T.);
#1529=EDGE_CURVE('',#1254,#1255,#637,.T.);
#1530=EDGE_CURVE('',#1255,#1253,#638,.T.);
#1531=EDGE_CURVE('',#1247,#1254,#639,.T.);
#1532=EDGE_CURVE('',#1249,#1255,#640,.T.);
#1533=EDGE_CURVE('',#1256,#1257,#641,.T.);
#1534=EDGE_CURVE('',#1256,#1258,#642,.T.);
#1535=EDGE_CURVE('',#1258,#1259,#643,.T.);
#1536=EDGE_CURVE('',#1257,#1259,#644,.T.);
#1537=EDGE_CURVE('',#1260,#1256,#645,.T.);
#1538=EDGE_CURVE('',#1260,#1261,#646,.T.);
#1539=EDGE_CURVE('',#1261,#1258,#647,.T.);
#1540=EDGE_CURVE('',#1262,#1260,#648,.T.);
#1541=EDGE_CURVE('',#1262,#1263,#649,.T.);
#1542=EDGE_CURVE('',#1263,#1261,#650,.T.);
#1543=EDGE_CURVE('',#1257,#1262,#651,.T.);
#1544=EDGE_CURVE('',#1259,#1263,#652,.T.);
#1545=EDGE_CURVE('',#1264,#1265,#653,.T.);
#1546=EDGE_CURVE('',#1264,#1266,#654,.T.);
#1547=EDGE_CURVE('',#1266,#1267,#655,.T.);
#1548=EDGE_CURVE('',#1265,#1267,#656,.T.);
#1549=EDGE_CURVE('',#1268,#1264,#657,.T.);
#1550=EDGE_CURVE('',#1268,#1269,#658,.T.);
#1551=EDGE_CURVE('',#1269,#1266,#659,.T.);
#1552=EDGE_CURVE('',#1270,#1268,#660,.T.);
#1553=EDGE_CURVE('',#1270,#1271,#661,.T.);
#1554=EDGE_CURVE('',#1271,#1269,#662,.T.);
#1555=EDGE_CURVE('',#1265,#1270,#663,.T.);
#1556=EDGE_CURVE('',#1267,#1271,#664,.T.);
#1557=EDGE_CURVE('',#1272,#1273,#665,.T.);
#1558=EDGE_CURVE('',#1272,#1274,#666,.T.);
#1559=EDGE_CURVE('',#1274,#1275,#667,.T.);
#1560=EDGE_CURVE('',#1273,#1275,#668,.T.);
#1561=EDGE_CURVE('',#1276,#1272,#669,.T.);
#1562=EDGE_CURVE('',#1276,#1277,#670,.T.);
#1563=EDGE_CURVE('',#1277,#1274,#671,.T.);
#1564=EDGE_CURVE('',#1278,#1276,#672,.T.);
#1565=EDGE_CURVE('',#1278,#1279,#673,.T.);
#1566=EDGE_CURVE('',#1279,#1277,#674,.T.);
#1567=EDGE_CURVE('',#1280,#1278,#675,.T.);
#1568=EDGE_CURVE('',#1280,#1281,#676,.T.);
#1569=EDGE_CURVE('',#1281,#1279,#677,.T.);
#1570=EDGE_CURVE('',#1273,#1280,#678,.T.);
#1571=EDGE_CURVE('',#1275,#1281,#679,.T.);
#1572=EDGE_CURVE('',#1282,#1283,#680,.T.);
#1573=EDGE_CURVE('',#1282,#1284,#681,.T.);
#1574=EDGE_CURVE('',#1284,#1285,#682,.T.);
#1575=EDGE_CURVE('',#1283,#1285,#683,.T.);
#1576=EDGE_CURVE('',#1286,#1282,#684,.T.);
#1577=EDGE_CURVE('',#1286,#1287,#685,.T.);
#1578=EDGE_CURVE('',#1287,#1284,#686,.T.);
#1579=EDGE_CURVE('',#1288,#1286,#687,.T.);
#1580=EDGE_CURVE('',#1288,#1289,#688,.T.);
#1581=EDGE_CURVE('',#1289,#1287,#689,.T.);
#1582=EDGE_CURVE('',#1290,#1288,#690,.T.);
#1583=EDGE_CURVE('',#1290,#1291,#691,.T.);
#1584=EDGE_CURVE('',#1291,#1289,#692,.T.);
#1585=EDGE_CURVE('',#1292,#1290,#693,.T.);
#1586=EDGE_CURVE('',#1292,#1293,#694,.T.);
#1587=EDGE_CURVE('',#1293,#1291,#695,.T.);
#1588=EDGE_CURVE('',#1283,#1292,#696,.T.);
#1589=EDGE_CURVE('',#1285,#1293,#697,.T.);
#1590=EDGE_CURVE('',#1294,#1295,#698,.T.);
#1591=EDGE_CURVE('',#1294,#1296,#699,.T.);
#1592=EDGE_CURVE('',#1296,#1297,#700,.T.);
#1593=EDGE_CURVE('',#1295,#1297,#701,.T.);
#1594=EDGE_CURVE('',#1298,#1294,#702,.T.);
#1595=EDGE_CURVE('',#1298,#1299,#703,.T.);
#1596=EDGE_CURVE('',#1299,#1296,#704,.T.);
#1597=EDGE_CURVE('',#1300,#1298,#705,.T.);
#1598=EDGE_CURVE('',#1300,#1301,#706,.T.);
#1599=EDGE_CURVE('',#1301,#1299,#707,.T.);
#1600=EDGE_CURVE('',#1295,#1300,#708,.T.);
#1601=EDGE_CURVE('',#1297,#1301,#709,.T.);
#1602=EDGE_CURVE('',#1302,#1303,#710,.T.);
#1603=EDGE_CURVE('',#1302,#1304,#711,.T.);
#1604=EDGE_CURVE('',#1304,#1305,#712,.T.);
#1605=EDGE_CURVE('',#1303,#1305,#713,.T.);
#1606=EDGE_CURVE('',#1306,#1302,#714,.T.);
#1607=EDGE_CURVE('',#1306,#1307,#715,.T.);
#1608=EDGE_CURVE('',#1307,#1304,#716,.T.);
#1609=EDGE_CURVE('',#1308,#1306,#717,.T.);
#1610=EDGE_CURVE('',#1308,#1309,#718,.T.);
#1611=EDGE_CURVE('',#1309,#1307,#719,.T.);
#1612=EDGE_CURVE('',#1310,#1308,#720,.T.);
#1613=EDGE_CURVE('',#1310,#1311,#721,.T.);
#1614=EDGE_CURVE('',#1311,#1309,#722,.T.);
#1615=EDGE_CURVE('',#1312,#1310,#723,.T.);
#1616=EDGE_CURVE('',#1312,#1313,#724,.T.);
#1617=EDGE_CURVE('',#1313,#1311,#725,.T.);
#1618=EDGE_CURVE('',#1303,#1312,#726,.T.);
#1619=EDGE_CURVE('',#1305,#1313,#727,.T.);
#1620=EDGE_CURVE('',#1314,#1315,#728,.T.);
#1621=EDGE_CURVE('',#1314,#1316,#729,.T.);
#1622=EDGE_CURVE('',#1316,#1317,#730,.T.);
#1623=EDGE_CURVE('',#1315,#1317,#731,.T.);
#1624=EDGE_CURVE('',#1318,#1314,#732,.T.);
#1625=EDGE_CURVE('',#1318,#1319,#733,.T.);
#1626=EDGE_CURVE('',#1319,#1316,#734,.T.);
#1627=EDGE_CURVE('',#1320,#1318,#735,.T.);
#1628=EDGE_CURVE('',#1320,#1321,#736,.T.);
#1629=EDGE_CURVE('',#1321,#1319,#737,.T.);
#1630=EDGE_CURVE('',#1315,#1320,#738,.T.);
#1631=EDGE_CURVE('',#1317,#1321,#739,.T.);
#1632=EDGE_CURVE('',#1322,#1322,#59,.T.);
#1633=EDGE_CURVE('',#1322,#1323,#740,.T.);
#1634=EDGE_CURVE('',#1323,#1323,#60,.T.);
#1635=EDGE_CURVE('',#1324,#1325,#741,.T.);
#1636=EDGE_CURVE('',#1324,#1326,#742,.T.);
#1637=EDGE_CURVE('',#1326,#1327,#743,.T.);
#1638=EDGE_CURVE('',#1325,#1327,#744,.T.);
#1639=EDGE_CURVE('',#1328,#1324,#745,.T.);
#1640=EDGE_CURVE('',#1328,#1329,#746,.T.);
#1641=EDGE_CURVE('',#1329,#1326,#747,.T.);
#1642=EDGE_CURVE('',#1330,#1328,#748,.T.);
#1643=EDGE_CURVE('',#1330,#1331,#749,.T.);
#1644=EDGE_CURVE('',#1331,#1329,#750,.T.);
#1645=EDGE_CURVE('',#1325,#1330,#751,.T.);
#1646=EDGE_CURVE('',#1327,#1331,#752,.T.);
#1647=EDGE_CURVE('',#1332,#1333,#753,.T.);
#1648=EDGE_CURVE('',#1332,#1334,#754,.T.);
#1649=EDGE_CURVE('',#1334,#1335,#755,.T.);
#1650=EDGE_CURVE('',#1333,#1335,#756,.T.);
#1651=EDGE_CURVE('',#1336,#1332,#757,.T.);
#1652=EDGE_CURVE('',#1336,#1337,#758,.T.);
#1653=EDGE_CURVE('',#1337,#1334,#759,.T.);
#1654=EDGE_CURVE('',#1338,#1336,#760,.T.);
#1655=EDGE_CURVE('',#1338,#1339,#761,.T.);
#1656=EDGE_CURVE('',#1339,#1337,#762,.T.);
#1657=EDGE_CURVE('',#1340,#1338,#763,.T.);
#1658=EDGE_CURVE('',#1340,#1341,#764,.T.);
#1659=EDGE_CURVE('',#1341,#1339,#765,.T.);
#1660=EDGE_CURVE('',#1342,#1340,#766,.T.);
#1661=EDGE_CURVE('',#1342,#1343,#767,.T.);
#1662=EDGE_CURVE('',#1343,#1341,#768,.T.);
#1663=EDGE_CURVE('',#1333,#1342,#769,.T.);
#1664=EDGE_CURVE('',#1335,#1343,#770,.T.);
#1665=EDGE_CURVE('',#1344,#1345,#771,.T.);
#1666=EDGE_CURVE('',#1344,#1346,#772,.T.);
#1667=EDGE_CURVE('',#1346,#1347,#773,.T.);
#1668=EDGE_CURVE('',#1345,#1347,#774,.T.);
#1669=EDGE_CURVE('',#1348,#1344,#775,.T.);
#1670=EDGE_CURVE('',#1348,#1349,#776,.T.);
#1671=EDGE_CURVE('',#1349,#1346,#777,.T.);
#1672=EDGE_CURVE('',#1350,#1348,#778,.T.);
#1673=EDGE_CURVE('',#1351,#1350,#779,.T.);
#1674=EDGE_CURVE('',#1351,#1349,#780,.T.);
#1675=EDGE_CURVE('',#1352,#1353,#781,.T.);
#1676=EDGE_CURVE('',#1352,#1354,#782,.T.);
#1677=EDGE_CURVE('',#1354,#1355,#783,.T.);
#1678=EDGE_CURVE('',#1353,#1355,#784,.T.);
#1679=EDGE_CURVE('',#1356,#1352,#785,.T.);
#1680=EDGE_CURVE('',#1356,#1357,#786,.T.);
#1681=EDGE_CURVE('',#1357,#1354,#787,.T.);
#1682=EDGE_CURVE('',#1358,#1356,#788,.T.);
#1683=EDGE_CURVE('',#1358,#1359,#789,.T.);
#1684=EDGE_CURVE('',#1359,#1357,#790,.T.);
#1685=EDGE_CURVE('',#1360,#1358,#791,.T.);
#1686=EDGE_CURVE('',#1361,#1360,#792,.T.);
#1687=EDGE_CURVE('',#1361,#1359,#793,.T.);
#1688=EDGE_CURVE('',#1362,#1363,#794,.T.);
#1689=EDGE_CURVE('',#1362,#1364,#795,.T.);
#1690=EDGE_CURVE('',#1364,#1365,#796,.T.);
#1691=EDGE_CURVE('',#1363,#1365,#797,.T.);
#1692=EDGE_CURVE('',#1366,#1362,#798,.T.);
#1693=EDGE_CURVE('',#1366,#1367,#799,.T.);
#1694=EDGE_CURVE('',#1367,#1364,#800,.T.);
#1695=EDGE_CURVE('',#1368,#1366,#801,.T.);
#1696=EDGE_CURVE('',#1368,#1369,#802,.T.);
#1697=EDGE_CURVE('',#1369,#1367,#803,.T.);
#1698=EDGE_CURVE('',#1370,#1368,#804,.T.);
#1699=EDGE_CURVE('',#1371,#1370,#805,.T.);
#1700=EDGE_CURVE('',#1371,#1369,#806,.T.);
#1701=EDGE_CURVE('',#1372,#1373,#807,.T.);
#1702=EDGE_CURVE('',#1372,#1374,#808,.T.);
#1703=EDGE_CURVE('',#1374,#1375,#809,.T.);
#1704=EDGE_CURVE('',#1373,#1375,#810,.T.);
#1705=EDGE_CURVE('',#1376,#1372,#811,.T.);
#1706=EDGE_CURVE('',#1376,#1377,#812,.T.);
#1707=EDGE_CURVE('',#1377,#1374,#813,.T.);
#1708=EDGE_CURVE('',#1378,#1376,#814,.T.);
#1709=EDGE_CURVE('',#1378,#1379,#815,.T.);
#1710=EDGE_CURVE('',#1379,#1377,#816,.T.);
#1711=EDGE_CURVE('',#1380,#1378,#817,.T.);
#1712=EDGE_CURVE('',#1381,#1380,#818,.T.);
#1713=EDGE_CURVE('',#1381,#1379,#819,.T.);
#1714=EDGE_CURVE('',#1345,#1382,#820,.T.);
#1715=EDGE_CURVE('',#1347,#1383,#821,.T.);
#1716=EDGE_CURVE('',#1382,#1383,#822,.T.);
#1717=EDGE_CURVE('',#1355,#1351,#823,.T.);
#1718=EDGE_CURVE('',#1365,#1361,#824,.T.);
#1719=EDGE_CURVE('',#1375,#1371,#825,.T.);
#1720=EDGE_CURVE('',#1383,#1381,#826,.T.);
#1721=EDGE_CURVE('',#1384,#1350,#827,.T.);
#1722=EDGE_CURVE('',#1384,#1385,#828,.T.);
#1723=EDGE_CURVE('',#1386,#1385,#829,.T.);
#1724=EDGE_CURVE('',#1387,#1386,#830,.T.);
#1725=EDGE_CURVE('',#1353,#1387,#831,.T.);
#1726=EDGE_CURVE('',#1382,#1384,#832,.T.);
#1727=EDGE_CURVE('',#1373,#1388,#833,.T.);
#1728=EDGE_CURVE('',#1388,#1380,#834,.T.);
#1729=EDGE_CURVE('',#1363,#1389,#835,.T.);
#1730=EDGE_CURVE('',#1389,#1370,#836,.T.);
#1731=EDGE_CURVE('',#1387,#1360,#837,.T.);
#1732=EDGE_CURVE('',#1388,#1390,#838,.T.);
#1733=EDGE_CURVE('',#1385,#1390,#839,.T.);
#1734=EDGE_CURVE('',#1391,#1386,#840,.T.);
#1735=EDGE_CURVE('',#1389,#1391,#841,.T.);
#1736=EDGE_CURVE('',#1390,#1391,#842,.T.);
#1737=EDGE_CURVE('',#1392,#1392,#61,.T.);
#1738=EDGE_CURVE('',#1392,#1393,#843,.T.);
#1739=EDGE_CURVE('',#1393,#1393,#62,.T.);
#1740=EDGE_CURVE('',#1394,#1394,#63,.T.);
#1741=EDGE_CURVE('',#1394,#1395,#844,.T.);
#1742=EDGE_CURVE('',#1395,#1395,#64,.T.);
#1743=EDGE_CURVE('',#1396,#1396,#65,.T.);
#1744=EDGE_CURVE('',#1396,#1397,#845,.T.);
#1745=EDGE_CURVE('',#1397,#1397,#66,.T.);
#1746=EDGE_CURVE('',#1398,#1398,#67,.T.);
#1747=EDGE_CURVE('',#1398,#1399,#846,.T.);
#1748=EDGE_CURVE('',#1399,#1399,#68,.T.);
#1749=EDGE_CURVE('',#1400,#1400,#69,.T.);
#1750=EDGE_CURVE('',#1400,#1401,#847,.T.);
#1751=EDGE_CURVE('',#1401,#1401,#70,.T.);
#1752=EDGE_CURVE('',#1402,#1402,#71,.T.);
#1753=EDGE_CURVE('',#1402,#1403,#848,.T.);
#1754=EDGE_CURVE('',#1403,#1403,#72,.T.);
#1755=EDGE_CURVE('',#1404,#1404,#73,.T.);
#1756=EDGE_CURVE('',#1404,#1405,#849,.T.);
#1757=EDGE_CURVE('',#1405,#1405,#74,.T.);
#1758=EDGE_CURVE('',#1406,#1406,#75,.T.);
#1759=EDGE_CURVE('',#1406,#1407,#850,.T.);
#1760=EDGE_CURVE('',#1407,#1407,#76,.T.);
#1761=EDGE_CURVE('',#1408,#1408,#77,.T.);
#1762=EDGE_CURVE('',#1408,#1409,#851,.T.);
#1763=EDGE_CURVE('',#1409,#1409,#78,.T.);
#1764=EDGE_CURVE('',#1410,#1410,#79,.T.);
#1765=EDGE_CURVE('',#1410,#1411,#852,.T.);
#1766=EDGE_CURVE('',#1411,#1411,#80,.T.);
#1767=EDGE_CURVE('',#1412,#1412,#81,.T.);
#1768=EDGE_CURVE('',#1412,#1413,#853,.T.);
#1769=EDGE_CURVE('',#1413,#1413,#82,.T.);
#1770=EDGE_CURVE('',#1414,#1414,#83,.T.);
#1771=EDGE_CURVE('',#1414,#1415,#854,.T.);
#1772=EDGE_CURVE('',#1415,#1415,#84,.T.);
#1773=EDGE_CURVE('',#1416,#1416,#85,.T.);
#1774=EDGE_CURVE('',#1416,#1417,#855,.T.);
#1775=EDGE_CURVE('',#1417,#1417,#86,.T.);
#1776=EDGE_CURVE('',#1418,#1418,#87,.T.);
#1777=EDGE_CURVE('',#1418,#1419,#856,.T.);
#1778=EDGE_CURVE('',#1419,#1419,#88,.T.);
#1779=EDGE_CURVE('',#1420,#1420,#89,.T.);
#1780=EDGE_CURVE('',#1420,#1421,#857,.T.);
#1781=EDGE_CURVE('',#1421,#1421,#90,.T.);
#1782=EDGE_CURVE('',#1422,#1422,#91,.T.);
#1783=EDGE_CURVE('',#1422,#1423,#858,.T.);
#1784=EDGE_CURVE('',#1423,#1423,#92,.T.);
#1785=EDGE_CURVE('',#1424,#1424,#93,.T.);
#1786=EDGE_CURVE('',#1424,#1425,#859,.T.);
#1787=EDGE_CURVE('',#1425,#1425,#94,.T.);
#1788=EDGE_CURVE('',#1426,#1426,#95,.T.);
#1789=EDGE_CURVE('',#1426,#1427,#860,.T.);
#1790=EDGE_CURVE('',#1427,#1427,#96,.T.);
#1791=ORIENTED_EDGE('',*,*,#1428,.F.);
#1792=ORIENTED_EDGE('',*,*,#1429,.T.);
#1793=ORIENTED_EDGE('',*,*,#1430,.T.);
#1794=ORIENTED_EDGE('',*,*,#1431,.F.);
#1795=ORIENTED_EDGE('',*,*,#1432,.F.);
#1796=ORIENTED_EDGE('',*,*,#1433,.T.);
#1797=ORIENTED_EDGE('',*,*,#1434,.T.);
#1798=ORIENTED_EDGE('',*,*,#1429,.F.);
#1799=ORIENTED_EDGE('',*,*,#1435,.F.);
#1800=ORIENTED_EDGE('',*,*,#1436,.T.);
#1801=ORIENTED_EDGE('',*,*,#1437,.T.);
#1802=ORIENTED_EDGE('',*,*,#1433,.F.);
#1803=ORIENTED_EDGE('',*,*,#1438,.F.);
#1804=ORIENTED_EDGE('',*,*,#1439,.T.);
#1805=ORIENTED_EDGE('',*,*,#1440,.T.);
#1806=ORIENTED_EDGE('',*,*,#1436,.F.);
#1807=ORIENTED_EDGE('',*,*,#1441,.F.);
#1808=ORIENTED_EDGE('',*,*,#1431,.T.);
#1809=ORIENTED_EDGE('',*,*,#1442,.T.);
#1810=ORIENTED_EDGE('',*,*,#1439,.F.);
#1811=ORIENTED_EDGE('',*,*,#1442,.F.);
#1812=ORIENTED_EDGE('',*,*,#1430,.F.);
#1813=ORIENTED_EDGE('',*,*,#1434,.F.);
#1814=ORIENTED_EDGE('',*,*,#1437,.F.);
#1815=ORIENTED_EDGE('',*,*,#1440,.F.);
#1816=ORIENTED_EDGE('',*,*,#1443,.F.);
#1817=ORIENTED_EDGE('',*,*,#1444,.T.);
#1818=ORIENTED_EDGE('',*,*,#1445,.T.);
#1819=ORIENTED_EDGE('',*,*,#1446,.F.);
#1820=ORIENTED_EDGE('',*,*,#1447,.F.);
#1821=ORIENTED_EDGE('',*,*,#1448,.T.);
#1822=ORIENTED_EDGE('',*,*,#1449,.T.);
#1823=ORIENTED_EDGE('',*,*,#1444,.F.);
#1824=ORIENTED_EDGE('',*,*,#1450,.F.);
#1825=ORIENTED_EDGE('',*,*,#1451,.T.);
#1826=ORIENTED_EDGE('',*,*,#1452,.T.);
#1827=ORIENTED_EDGE('',*,*,#1448,.F.);
#1828=ORIENTED_EDGE('',*,*,#1453,.F.);
#1829=ORIENTED_EDGE('',*,*,#1454,.T.);
#1830=ORIENTED_EDGE('',*,*,#1455,.T.);
#1831=ORIENTED_EDGE('',*,*,#1451,.F.);
#1832=ORIENTED_EDGE('',*,*,#1456,.F.);
#1833=ORIENTED_EDGE('',*,*,#1446,.T.);
#1834=ORIENTED_EDGE('',*,*,#1457,.T.);
#1835=ORIENTED_EDGE('',*,*,#1454,.F.);
#1836=ORIENTED_EDGE('',*,*,#1457,.F.);
#1837=ORIENTED_EDGE('',*,*,#1445,.F.);
#1838=ORIENTED_EDGE('',*,*,#1449,.F.);
#1839=ORIENTED_EDGE('',*,*,#1452,.F.);
#1840=ORIENTED_EDGE('',*,*,#1455,.F.);
#1841=ORIENTED_EDGE('',*,*,#1458,.F.);
#1842=ORIENTED_EDGE('',*,*,#1459,.T.);
#1843=ORIENTED_EDGE('',*,*,#1460,.T.);
#1844=ORIENTED_EDGE('',*,*,#1461,.F.);
#1845=ORIENTED_EDGE('',*,*,#1462,.F.);
#1846=ORIENTED_EDGE('',*,*,#1463,.T.);
#1847=ORIENTED_EDGE('',*,*,#1464,.T.);
#1848=ORIENTED_EDGE('',*,*,#1459,.F.);
#1849=ORIENTED_EDGE('',*,*,#1465,.F.);
#1850=ORIENTED_EDGE('',*,*,#1466,.T.);
#1851=ORIENTED_EDGE('',*,*,#1467,.T.);
#1852=ORIENTED_EDGE('',*,*,#1463,.F.);
#1853=ORIENTED_EDGE('',*,*,#1468,.F.);
#1854=ORIENTED_EDGE('',*,*,#1461,.T.);
#1855=ORIENTED_EDGE('',*,*,#1469,.T.);
#1856=ORIENTED_EDGE('',*,*,#1466,.F.);
#1857=ORIENTED_EDGE('',*,*,#1469,.F.);
#1858=ORIENTED_EDGE('',*,*,#1460,.F.);
#1859=ORIENTED_EDGE('',*,*,#1464,.F.);
#1860=ORIENTED_EDGE('',*,*,#1467,.F.);
#1861=ORIENTED_EDGE('',*,*,#1470,.F.);
#1862=ORIENTED_EDGE('',*,*,#1471,.T.);
#1863=ORIENTED_EDGE('',*,*,#1472,.T.);
#1864=ORIENTED_EDGE('',*,*,#1473,.F.);
#1865=ORIENTED_EDGE('',*,*,#1474,.F.);
#1866=ORIENTED_EDGE('',*,*,#1475,.T.);
#1867=ORIENTED_EDGE('',*,*,#1476,.T.);
#1868=ORIENTED_EDGE('',*,*,#1471,.F.);
#1869=ORIENTED_EDGE('',*,*,#1477,.F.);
#1870=ORIENTED_EDGE('',*,*,#1478,.T.);
#1871=ORIENTED_EDGE('',*,*,#1479,.T.);
#1872=ORIENTED_EDGE('',*,*,#1475,.F.);
#1873=ORIENTED_EDGE('',*,*,#1480,.F.);
#1874=ORIENTED_EDGE('',*,*,#1481,.T.);
#1875=ORIENTED_EDGE('',*,*,#1482,.T.);
#1876=ORIENTED_EDGE('',*,*,#1478,.F.);
#1877=ORIENTED_EDGE('',*,*,#1483,.F.);
#1878=ORIENTED_EDGE('',*,*,#1484,.T.);
#1879=ORIENTED_EDGE('',*,*,#1485,.T.);
#1880=ORIENTED_EDGE('',*,*,#1481,.F.);
#1881=ORIENTED_EDGE('',*,*,#1486,.F.);
#1882=ORIENTED_EDGE('',*,*,#1473,.T.);
#1883=ORIENTED_EDGE('',*,*,#1487,.T.);
#1884=ORIENTED_EDGE('',*,*,#1484,.F.);
#1885=ORIENTED_EDGE('',*,*,#1487,.F.);
#1886=ORIENTED_EDGE('',*,*,#1472,.F.);
#1887=ORIENTED_EDGE('',*,*,#1476,.F.);
#1888=ORIENTED_EDGE('',*,*,#1479,.F.);
#1889=ORIENTED_EDGE('',*,*,#1482,.F.);
#1890=ORIENTED_EDGE('',*,*,#1485,.F.);
#1891=ORIENTED_EDGE('',*,*,#1488,.F.);
#1892=ORIENTED_EDGE('',*,*,#1489,.T.);
#1893=ORIENTED_EDGE('',*,*,#1490,.T.);
#1894=ORIENTED_EDGE('',*,*,#1491,.F.);
#1895=ORIENTED_EDGE('',*,*,#1492,.F.);
#1896=ORIENTED_EDGE('',*,*,#1493,.T.);
#1897=ORIENTED_EDGE('',*,*,#1494,.T.);
#1898=ORIENTED_EDGE('',*,*,#1489,.F.);
#1899=ORIENTED_EDGE('',*,*,#1495,.F.);
#1900=ORIENTED_EDGE('',*,*,#1496,.T.);
#1901=ORIENTED_EDGE('',*,*,#1497,.T.);
#1902=ORIENTED_EDGE('',*,*,#1493,.F.);
#1903=ORIENTED_EDGE('',*,*,#1498,.F.);
#1904=ORIENTED_EDGE('',*,*,#1499,.T.);
#1905=ORIENTED_EDGE('',*,*,#1500,.T.);
#1906=ORIENTED_EDGE('',*,*,#1496,.F.);
#1907=ORIENTED_EDGE('',*,*,#1501,.F.);
#1908=ORIENTED_EDGE('',*,*,#1491,.T.);
#1909=ORIENTED_EDGE('',*,*,#1502,.T.);
#1910=ORIENTED_EDGE('',*,*,#1499,.F.);
#1911=ORIENTED_EDGE('',*,*,#1502,.F.);
#1912=ORIENTED_EDGE('',*,*,#1490,.F.);
#1913=ORIENTED_EDGE('',*,*,#1494,.F.);
#1914=ORIENTED_EDGE('',*,*,#1497,.F.);
#1915=ORIENTED_EDGE('',*,*,#1500,.F.);
#1916=ORIENTED_EDGE('',*,*,#1503,.F.);
#1917=ORIENTED_EDGE('',*,*,#1504,.T.);
#1918=ORIENTED_EDGE('',*,*,#1505,.T.);
#1919=ORIENTED_EDGE('',*,*,#1506,.F.);
#1920=ORIENTED_EDGE('',*,*,#1507,.F.);
#1921=ORIENTED_EDGE('',*,*,#1508,.T.);
#1922=ORIENTED_EDGE('',*,*,#1509,.T.);
#1923=ORIENTED_EDGE('',*,*,#1504,.F.);
#1924=ORIENTED_EDGE('',*,*,#1510,.F.);
#1925=ORIENTED_EDGE('',*,*,#1511,.T.);
#1926=ORIENTED_EDGE('',*,*,#1512,.T.);
#1927=ORIENTED_EDGE('',*,*,#1508,.F.);
#1928=ORIENTED_EDGE('',*,*,#1513,.F.);
#1929=ORIENTED_EDGE('',*,*,#1514,.T.);
#1930=ORIENTED_EDGE('',*,*,#1515,.T.);
#1931=ORIENTED_EDGE('',*,*,#1511,.F.);
#1932=ORIENTED_EDGE('',*,*,#1516,.F.);
#1933=ORIENTED_EDGE('',*,*,#1506,.T.);
#1934=ORIENTED_EDGE('',*,*,#1517,.T.);
#1935=ORIENTED_EDGE('',*,*,#1514,.F.);
#1936=ORIENTED_EDGE('',*,*,#1517,.F.);
#1937=ORIENTED_EDGE('',*,*,#1505,.F.);
#1938=ORIENTED_EDGE('',*,*,#1509,.F.);
#1939=ORIENTED_EDGE('',*,*,#1512,.F.);
#1940=ORIENTED_EDGE('',*,*,#1515,.F.);
#1941=ORIENTED_EDGE('',*,*,#1518,.F.);
#1942=ORIENTED_EDGE('',*,*,#1519,.T.);
#1943=ORIENTED_EDGE('',*,*,#1520,.T.);
#1944=ORIENTED_EDGE('',*,*,#1521,.F.);
#1945=ORIENTED_EDGE('',*,*,#1522,.F.);
#1946=ORIENTED_EDGE('',*,*,#1523,.T.);
#1947=ORIENTED_EDGE('',*,*,#1524,.T.);
#1948=ORIENTED_EDGE('',*,*,#1519,.F.);
#1949=ORIENTED_EDGE('',*,*,#1525,.F.);
#1950=ORIENTED_EDGE('',*,*,#1526,.T.);
#1951=ORIENTED_EDGE('',*,*,#1527,.T.);
#1952=ORIENTED_EDGE('',*,*,#1523,.F.);
#1953=ORIENTED_EDGE('',*,*,#1528,.F.);
#1954=ORIENTED_EDGE('',*,*,#1529,.T.);
#1955=ORIENTED_EDGE('',*,*,#1530,.T.);
#1956=ORIENTED_EDGE('',*,*,#1526,.F.);
#1957=ORIENTED_EDGE('',*,*,#1531,.F.);
#1958=ORIENTED_EDGE('',*,*,#1521,.T.);
#1959=ORIENTED_EDGE('',*,*,#1532,.T.);
#1960=ORIENTED_EDGE('',*,*,#1529,.F.);
#1961=ORIENTED_EDGE('',*,*,#1532,.F.);
#1962=ORIENTED_EDGE('',*,*,#1520,.F.);
#1963=ORIENTED_EDGE('',*,*,#1524,.F.);
#1964=ORIENTED_EDGE('',*,*,#1527,.F.);
#1965=ORIENTED_EDGE('',*,*,#1530,.F.);
#1966=ORIENTED_EDGE('',*,*,#1533,.F.);
#1967=ORIENTED_EDGE('',*,*,#1534,.T.);
#1968=ORIENTED_EDGE('',*,*,#1535,.T.);
#1969=ORIENTED_EDGE('',*,*,#1536,.F.);
#1970=ORIENTED_EDGE('',*,*,#1537,.F.);
#1971=ORIENTED_EDGE('',*,*,#1538,.T.);
#1972=ORIENTED_EDGE('',*,*,#1539,.T.);
#1973=ORIENTED_EDGE('',*,*,#1534,.F.);
#1974=ORIENTED_EDGE('',*,*,#1540,.F.);
#1975=ORIENTED_EDGE('',*,*,#1541,.T.);
#1976=ORIENTED_EDGE('',*,*,#1542,.T.);
#1977=ORIENTED_EDGE('',*,*,#1538,.F.);
#1978=ORIENTED_EDGE('',*,*,#1543,.F.);
#1979=ORIENTED_EDGE('',*,*,#1536,.T.);
#1980=ORIENTED_EDGE('',*,*,#1544,.T.);
#1981=ORIENTED_EDGE('',*,*,#1541,.F.);
#1982=ORIENTED_EDGE('',*,*,#1544,.F.);
#1983=ORIENTED_EDGE('',*,*,#1535,.F.);
#1984=ORIENTED_EDGE('',*,*,#1539,.F.);
#1985=ORIENTED_EDGE('',*,*,#1542,.F.);
#1986=ORIENTED_EDGE('',*,*,#1545,.F.);
#1987=ORIENTED_EDGE('',*,*,#1546,.T.);
#1988=ORIENTED_EDGE('',*,*,#1547,.T.);
#1989=ORIENTED_EDGE('',*,*,#1548,.F.);
#1990=ORIENTED_EDGE('',*,*,#1549,.F.);
#1991=ORIENTED_EDGE('',*,*,#1550,.T.);
#1992=ORIENTED_EDGE('',*,*,#1551,.T.);
#1993=ORIENTED_EDGE('',*,*,#1546,.F.);
#1994=ORIENTED_EDGE('',*,*,#1552,.F.);
#1995=ORIENTED_EDGE('',*,*,#1553,.T.);
#1996=ORIENTED_EDGE('',*,*,#1554,.T.);
#1997=ORIENTED_EDGE('',*,*,#1550,.F.);
#1998=ORIENTED_EDGE('',*,*,#1555,.F.);
#1999=ORIENTED_EDGE('',*,*,#1548,.T.);
#2000=ORIENTED_EDGE('',*,*,#1556,.T.);
#2001=ORIENTED_EDGE('',*,*,#1553,.F.);
#2002=ORIENTED_EDGE('',*,*,#1556,.F.);
#2003=ORIENTED_EDGE('',*,*,#1547,.F.);
#2004=ORIENTED_EDGE('',*,*,#1551,.F.);
#2005=ORIENTED_EDGE('',*,*,#1554,.F.);
#2006=ORIENTED_EDGE('',*,*,#1557,.F.);
#2007=ORIENTED_EDGE('',*,*,#1558,.T.);
#2008=ORIENTED_EDGE('',*,*,#1559,.T.);
#2009=ORIENTED_EDGE('',*,*,#1560,.F.);
#2010=ORIENTED_EDGE('',*,*,#1561,.F.);
#2011=ORIENTED_EDGE('',*,*,#1562,.T.);
#2012=ORIENTED_EDGE('',*,*,#1563,.T.);
#2013=ORIENTED_EDGE('',*,*,#1558,.F.);
#2014=ORIENTED_EDGE('',*,*,#1564,.F.);
#2015=ORIENTED_EDGE('',*,*,#1565,.T.);
#2016=ORIENTED_EDGE('',*,*,#1566,.T.);
#2017=ORIENTED_EDGE('',*,*,#1562,.F.);
#2018=ORIENTED_EDGE('',*,*,#1567,.F.);
#2019=ORIENTED_EDGE('',*,*,#1568,.T.);
#2020=ORIENTED_EDGE('',*,*,#1569,.T.);
#2021=ORIENTED_EDGE('',*,*,#1565,.F.);
#2022=ORIENTED_EDGE('',*,*,#1570,.F.);
#2023=ORIENTED_EDGE('',*,*,#1560,.T.);
#2024=ORIENTED_EDGE('',*,*,#1571,.T.);
#2025=ORIENTED_EDGE('',*,*,#1568,.F.);
#2026=ORIENTED_EDGE('',*,*,#1571,.F.);
#2027=ORIENTED_EDGE('',*,*,#1559,.F.);
#2028=ORIENTED_EDGE('',*,*,#1563,.F.);
#2029=ORIENTED_EDGE('',*,*,#1566,.F.);
#2030=ORIENTED_EDGE('',*,*,#1569,.F.);
#2031=ORIENTED_EDGE('',*,*,#1572,.F.);
#2032=ORIENTED_EDGE('',*,*,#1573,.T.);
#2033=ORIENTED_EDGE('',*,*,#1574,.T.);
#2034=ORIENTED_EDGE('',*,*,#1575,.F.);
#2035=ORIENTED_EDGE('',*,*,#1576,.F.);
#2036=ORIENTED_EDGE('',*,*,#1577,.T.);
#2037=ORIENTED_EDGE('',*,*,#1578,.T.);
#2038=ORIENTED_EDGE('',*,*,#1573,.F.);
#2039=ORIENTED_EDGE('',*,*,#1579,.F.);
#2040=ORIENTED_EDGE('',*,*,#1580,.T.);
#2041=ORIENTED_EDGE('',*,*,#1581,.T.);
#2042=ORIENTED_EDGE('',*,*,#1577,.F.);
#2043=ORIENTED_EDGE('',*,*,#1582,.F.);
#2044=ORIENTED_EDGE('',*,*,#1583,.T.);
#2045=ORIENTED_EDGE('',*,*,#1584,.T.);
#2046=ORIENTED_EDGE('',*,*,#1580,.F.);
#2047=ORIENTED_EDGE('',*,*,#1585,.F.);
#2048=ORIENTED_EDGE('',*,*,#1586,.T.);
#2049=ORIENTED_EDGE('',*,*,#1587,.T.);
#2050=ORIENTED_EDGE('',*,*,#1583,.F.);
#2051=ORIENTED_EDGE('',*,*,#1588,.F.);
#2052=ORIENTED_EDGE('',*,*,#1575,.T.);
#2053=ORIENTED_EDGE('',*,*,#1589,.T.);
#2054=ORIENTED_EDGE('',*,*,#1586,.F.);
#2055=ORIENTED_EDGE('',*,*,#1589,.F.);
#2056=ORIENTED_EDGE('',*,*,#1574,.F.);
#2057=ORIENTED_EDGE('',*,*,#1578,.F.);
#2058=ORIENTED_EDGE('',*,*,#1581,.F.);
#2059=ORIENTED_EDGE('',*,*,#1584,.F.);
#2060=ORIENTED_EDGE('',*,*,#1587,.F.);
#2061=ORIENTED_EDGE('',*,*,#1590,.F.);
#2062=ORIENTED_EDGE('',*,*,#1591,.T.);
#2063=ORIENTED_EDGE('',*,*,#1592,.T.);
#2064=ORIENTED_EDGE('',*,*,#1593,.F.);
#2065=ORIENTED_EDGE('',*,*,#1594,.F.);
#2066=ORIENTED_EDGE('',*,*,#1595,.T.);
#2067=ORIENTED_EDGE('',*,*,#1596,.T.);
#2068=ORIENTED_EDGE('',*,*,#1591,.F.);
#2069=ORIENTED_EDGE('',*,*,#1597,.F.);
#2070=ORIENTED_EDGE('',*,*,#1598,.T.);
#2071=ORIENTED_EDGE('',*,*,#1599,.T.);
#2072=ORIENTED_EDGE('',*,*,#1595,.F.);
#2073=ORIENTED_EDGE('',*,*,#1600,.F.);
#2074=ORIENTED_EDGE('',*,*,#1593,.T.);
#2075=ORIENTED_EDGE('',*,*,#1601,.T.);
#2076=ORIENTED_EDGE('',*,*,#1598,.F.);
#2077=ORIENTED_EDGE('',*,*,#1601,.F.);
#2078=ORIENTED_EDGE('',*,*,#1592,.F.);
#2079=ORIENTED_EDGE('',*,*,#1596,.F.);
#2080=ORIENTED_EDGE('',*,*,#1599,.F.);
#2081=ORIENTED_EDGE('',*,*,#1602,.F.);
#2082=ORIENTED_EDGE('',*,*,#1603,.T.);
#2083=ORIENTED_EDGE('',*,*,#1604,.T.);
#2084=ORIENTED_EDGE('',*,*,#1605,.F.);
#2085=ORIENTED_EDGE('',*,*,#1606,.F.);
#2086=ORIENTED_EDGE('',*,*,#1607,.T.);
#2087=ORIENTED_EDGE('',*,*,#1608,.T.);
#2088=ORIENTED_EDGE('',*,*,#1603,.F.);
#2089=ORIENTED_EDGE('',*,*,#1609,.F.);
#2090=ORIENTED_EDGE('',*,*,#1610,.T.);
#2091=ORIENTED_EDGE('',*,*,#1611,.T.);
#2092=ORIENTED_EDGE('',*,*,#1607,.F.);
#2093=ORIENTED_EDGE('',*,*,#1612,.F.);
#2094=ORIENTED_EDGE('',*,*,#1613,.T.);
#2095=ORIENTED_EDGE('',*,*,#1614,.T.);
#2096=ORIENTED_EDGE('',*,*,#1610,.F.);
#2097=ORIENTED_EDGE('',*,*,#1615,.F.);
#2098=ORIENTED_EDGE('',*,*,#1616,.T.);
#2099=ORIENTED_EDGE('',*,*,#1617,.T.);
#2100=ORIENTED_EDGE('',*,*,#1613,.F.);
#2101=ORIENTED_EDGE('',*,*,#1618,.F.);
#2102=ORIENTED_EDGE('',*,*,#1605,.T.);
#2103=ORIENTED_EDGE('',*,*,#1619,.T.);
#2104=ORIENTED_EDGE('',*,*,#1616,.F.);
#2105=ORIENTED_EDGE('',*,*,#1619,.F.);
#2106=ORIENTED_EDGE('',*,*,#1604,.F.);
#2107=ORIENTED_EDGE('',*,*,#1608,.F.);
#2108=ORIENTED_EDGE('',*,*,#1611,.F.);
#2109=ORIENTED_EDGE('',*,*,#1614,.F.);
#2110=ORIENTED_EDGE('',*,*,#1617,.F.);
#2111=ORIENTED_EDGE('',*,*,#1620,.F.);
#2112=ORIENTED_EDGE('',*,*,#1621,.T.);
#2113=ORIENTED_EDGE('',*,*,#1622,.T.);
#2114=ORIENTED_EDGE('',*,*,#1623,.F.);
#2115=ORIENTED_EDGE('',*,*,#1624,.F.);
#2116=ORIENTED_EDGE('',*,*,#1625,.T.);
#2117=ORIENTED_EDGE('',*,*,#1626,.T.);
#2118=ORIENTED_EDGE('',*,*,#1621,.F.);
#2119=ORIENTED_EDGE('',*,*,#1627,.F.);
#2120=ORIENTED_EDGE('',*,*,#1628,.T.);
#2121=ORIENTED_EDGE('',*,*,#1629,.T.);
#2122=ORIENTED_EDGE('',*,*,#1625,.F.);
#2123=ORIENTED_EDGE('',*,*,#1630,.F.);
#2124=ORIENTED_EDGE('',*,*,#1623,.T.);
#2125=ORIENTED_EDGE('',*,*,#1631,.T.);
#2126=ORIENTED_EDGE('',*,*,#1628,.F.);
#2127=ORIENTED_EDGE('',*,*,#1631,.F.);
#2128=ORIENTED_EDGE('',*,*,#1622,.F.);
#2129=ORIENTED_EDGE('',*,*,#1626,.F.);
#2130=ORIENTED_EDGE('',*,*,#1629,.F.);
#2131=ORIENTED_EDGE('',*,*,#1632,.F.);
#2132=ORIENTED_EDGE('',*,*,#1633,.T.);
#2133=ORIENTED_EDGE('',*,*,#1634,.T.);
#2134=ORIENTED_EDGE('',*,*,#1633,.F.);
#2135=ORIENTED_EDGE('',*,*,#1634,.F.);
#2136=ORIENTED_EDGE('',*,*,#1635,.F.);
#2137=ORIENTED_EDGE('',*,*,#1636,.T.);
#2138=ORIENTED_EDGE('',*,*,#1637,.T.);
#2139=ORIENTED_EDGE('',*,*,#1638,.F.);
#2140=ORIENTED_EDGE('',*,*,#1639,.F.);
#2141=ORIENTED_EDGE('',*,*,#1640,.T.);
#2142=ORIENTED_EDGE('',*,*,#1641,.T.);
#2143=ORIENTED_EDGE('',*,*,#1636,.F.);
#2144=ORIENTED_EDGE('',*,*,#1642,.F.);
#2145=ORIENTED_EDGE('',*,*,#1643,.T.);
#2146=ORIENTED_EDGE('',*,*,#1644,.T.);
#2147=ORIENTED_EDGE('',*,*,#1640,.F.);
#2148=ORIENTED_EDGE('',*,*,#1645,.F.);
#2149=ORIENTED_EDGE('',*,*,#1638,.T.);
#2150=ORIENTED_EDGE('',*,*,#1646,.T.);
#2151=ORIENTED_EDGE('',*,*,#1643,.F.);
#2152=ORIENTED_EDGE('',*,*,#1646,.F.);
#2153=ORIENTED_EDGE('',*,*,#1637,.F.);
#2154=ORIENTED_EDGE('',*,*,#1641,.F.);
#2155=ORIENTED_EDGE('',*,*,#1644,.F.);
#2156=ORIENTED_EDGE('',*,*,#1647,.F.);
#2157=ORIENTED_EDGE('',*,*,#1648,.T.);
#2158=ORIENTED_EDGE('',*,*,#1649,.T.);
#2159=ORIENTED_EDGE('',*,*,#1650,.F.);
#2160=ORIENTED_EDGE('',*,*,#1651,.F.);
#2161=ORIENTED_EDGE('',*,*,#1652,.T.);
#2162=ORIENTED_EDGE('',*,*,#1653,.T.);
#2163=ORIENTED_EDGE('',*,*,#1648,.F.);
#2164=ORIENTED_EDGE('',*,*,#1654,.F.);
#2165=ORIENTED_EDGE('',*,*,#1655,.T.);
#2166=ORIENTED_EDGE('',*,*,#1656,.T.);
#2167=ORIENTED_EDGE('',*,*,#1652,.F.);
#2168=ORIENTED_EDGE('',*,*,#1657,.F.);
#2169=ORIENTED_EDGE('',*,*,#1658,.T.);
#2170=ORIENTED_EDGE('',*,*,#1659,.T.);
#2171=ORIENTED_EDGE('',*,*,#1655,.F.);
#2172=ORIENTED_EDGE('',*,*,#1660,.F.);
#2173=ORIENTED_EDGE('',*,*,#1661,.T.);
#2174=ORIENTED_EDGE('',*,*,#1662,.T.);
#2175=ORIENTED_EDGE('',*,*,#1658,.F.);
#2176=ORIENTED_EDGE('',*,*,#1663,.F.);
#2177=ORIENTED_EDGE('',*,*,#1650,.T.);
#2178=ORIENTED_EDGE('',*,*,#1664,.T.);
#2179=ORIENTED_EDGE('',*,*,#1661,.F.);
#2180=ORIENTED_EDGE('',*,*,#1664,.F.);
#2181=ORIENTED_EDGE('',*,*,#1649,.F.);
#2182=ORIENTED_EDGE('',*,*,#1653,.F.);
#2183=ORIENTED_EDGE('',*,*,#1656,.F.);
#2184=ORIENTED_EDGE('',*,*,#1659,.F.);
#2185=ORIENTED_EDGE('',*,*,#1662,.F.);
#2186=ORIENTED_EDGE('',*,*,#1665,.F.);
#2187=ORIENTED_EDGE('',*,*,#1666,.T.);
#2188=ORIENTED_EDGE('',*,*,#1667,.T.);
#2189=ORIENTED_EDGE('',*,*,#1668,.F.);
#2190=ORIENTED_EDGE('',*,*,#1669,.F.);
#2191=ORIENTED_EDGE('',*,*,#1670,.T.);
#2192=ORIENTED_EDGE('',*,*,#1671,.T.);
#2193=ORIENTED_EDGE('',*,*,#1666,.F.);
#2194=ORIENTED_EDGE('',*,*,#1672,.F.);
#2195=ORIENTED_EDGE('',*,*,#1673,.F.);
#2196=ORIENTED_EDGE('',*,*,#1674,.T.);
#2197=ORIENTED_EDGE('',*,*,#1670,.F.);
#2198=ORIENTED_EDGE('',*,*,#1675,.F.);
#2199=ORIENTED_EDGE('',*,*,#1676,.T.);
#2200=ORIENTED_EDGE('',*,*,#1677,.T.);
#2201=ORIENTED_EDGE('',*,*,#1678,.F.);
#2202=ORIENTED_EDGE('',*,*,#1679,.F.);
#2203=ORIENTED_EDGE('',*,*,#1680,.T.);
#2204=ORIENTED_EDGE('',*,*,#1681,.T.);
#2205=ORIENTED_EDGE('',*,*,#1676,.F.);
#2206=ORIENTED_EDGE('',*,*,#1682,.F.);
#2207=ORIENTED_EDGE('',*,*,#1683,.T.);
#2208=ORIENTED_EDGE('',*,*,#1684,.T.);
#2209=ORIENTED_EDGE('',*,*,#1680,.F.);
#2210=ORIENTED_EDGE('',*,*,#1685,.F.);
#2211=ORIENTED_EDGE('',*,*,#1686,.F.);
#2212=ORIENTED_EDGE('',*,*,#1687,.T.);
#2213=ORIENTED_EDGE('',*,*,#1683,.F.);
#2214=ORIENTED_EDGE('',*,*,#1688,.F.);
#2215=ORIENTED_EDGE('',*,*,#1689,.T.);
#2216=ORIENTED_EDGE('',*,*,#1690,.T.);
#2217=ORIENTED_EDGE('',*,*,#1691,.F.);
#2218=ORIENTED_EDGE('',*,*,#1692,.F.);
#2219=ORIENTED_EDGE('',*,*,#1693,.T.);
#2220=ORIENTED_EDGE('',*,*,#1694,.T.);
#2221=ORIENTED_EDGE('',*,*,#1689,.F.);
#2222=ORIENTED_EDGE('',*,*,#1695,.F.);
#2223=ORIENTED_EDGE('',*,*,#1696,.T.);
#2224=ORIENTED_EDGE('',*,*,#1697,.T.);
#2225=ORIENTED_EDGE('',*,*,#1693,.F.);
#2226=ORIENTED_EDGE('',*,*,#1698,.F.);
#2227=ORIENTED_EDGE('',*,*,#1699,.F.);
#2228=ORIENTED_EDGE('',*,*,#1700,.T.);
#2229=ORIENTED_EDGE('',*,*,#1696,.F.);
#2230=ORIENTED_EDGE('',*,*,#1701,.F.);
#2231=ORIENTED_EDGE('',*,*,#1702,.T.);
#2232=ORIENTED_EDGE('',*,*,#1703,.T.);
#2233=ORIENTED_EDGE('',*,*,#1704,.F.);
#2234=ORIENTED_EDGE('',*,*,#1705,.F.);
#2235=ORIENTED_EDGE('',*,*,#1706,.T.);
#2236=ORIENTED_EDGE('',*,*,#1707,.T.);
#2237=ORIENTED_EDGE('',*,*,#1702,.F.);
#2238=ORIENTED_EDGE('',*,*,#1708,.F.);
#2239=ORIENTED_EDGE('',*,*,#1709,.T.);
#2240=ORIENTED_EDGE('',*,*,#1710,.T.);
#2241=ORIENTED_EDGE('',*,*,#1706,.F.);
#2242=ORIENTED_EDGE('',*,*,#1711,.F.);
#2243=ORIENTED_EDGE('',*,*,#1712,.F.);
#2244=ORIENTED_EDGE('',*,*,#1713,.T.);
#2245=ORIENTED_EDGE('',*,*,#1709,.F.);
#2246=ORIENTED_EDGE('',*,*,#1714,.F.);
#2247=ORIENTED_EDGE('',*,*,#1668,.T.);
#2248=ORIENTED_EDGE('',*,*,#1715,.T.);
#2249=ORIENTED_EDGE('',*,*,#1716,.F.);
#2250=ORIENTED_EDGE('',*,*,#1715,.F.);
#2251=ORIENTED_EDGE('',*,*,#1667,.F.);
#2252=ORIENTED_EDGE('',*,*,#1671,.F.);
#2253=ORIENTED_EDGE('',*,*,#1674,.F.);
#2254=ORIENTED_EDGE('',*,*,#1717,.F.);
#2255=ORIENTED_EDGE('',*,*,#1677,.F.);
#2256=ORIENTED_EDGE('',*,*,#1681,.F.);
#2257=ORIENTED_EDGE('',*,*,#1684,.F.);
#2258=ORIENTED_EDGE('',*,*,#1687,.F.);
#2259=ORIENTED_EDGE('',*,*,#1718,.F.);
#2260=ORIENTED_EDGE('',*,*,#1690,.F.);
#2261=ORIENTED_EDGE('',*,*,#1694,.F.);
#2262=ORIENTED_EDGE('',*,*,#1697,.F.);
#2263=ORIENTED_EDGE('',*,*,#1700,.F.);
#2264=ORIENTED_EDGE('',*,*,#1719,.F.);
#2265=ORIENTED_EDGE('',*,*,#1703,.F.);
#2266=ORIENTED_EDGE('',*,*,#1707,.F.);
#2267=ORIENTED_EDGE('',*,*,#1710,.F.);
#2268=ORIENTED_EDGE('',*,*,#1713,.F.);
#2269=ORIENTED_EDGE('',*,*,#1720,.F.);
#2270=ORIENTED_EDGE('',*,*,#1678,.T.);
#2271=ORIENTED_EDGE('',*,*,#1717,.T.);
#2272=ORIENTED_EDGE('',*,*,#1673,.T.);
#2273=ORIENTED_EDGE('',*,*,#1721,.F.);
#2274=ORIENTED_EDGE('',*,*,#1722,.T.);
#2275=ORIENTED_EDGE('',*,*,#1723,.F.);
#2276=ORIENTED_EDGE('',*,*,#1724,.F.);
#2277=ORIENTED_EDGE('',*,*,#1725,.F.);
#2278=ORIENTED_EDGE('',*,*,#1672,.T.);
#2279=ORIENTED_EDGE('',*,*,#1669,.T.);
#2280=ORIENTED_EDGE('',*,*,#1665,.T.);
#2281=ORIENTED_EDGE('',*,*,#1714,.T.);
#2282=ORIENTED_EDGE('',*,*,#1726,.T.);
#2283=ORIENTED_EDGE('',*,*,#1721,.T.);
#2284=ORIENTED_EDGE('',*,*,#1701,.T.);
#2285=ORIENTED_EDGE('',*,*,#1727,.T.);
#2286=ORIENTED_EDGE('',*,*,#1728,.T.);
#2287=ORIENTED_EDGE('',*,*,#1711,.T.);
#2288=ORIENTED_EDGE('',*,*,#1708,.T.);
#2289=ORIENTED_EDGE('',*,*,#1705,.T.);
#2290=ORIENTED_EDGE('',*,*,#1688,.T.);
#2291=ORIENTED_EDGE('',*,*,#1729,.T.);
#2292=ORIENTED_EDGE('',*,*,#1730,.T.);
#2293=ORIENTED_EDGE('',*,*,#1698,.T.);
#2294=ORIENTED_EDGE('',*,*,#1695,.T.);
#2295=ORIENTED_EDGE('',*,*,#1692,.T.);
#2296=ORIENTED_EDGE('',*,*,#1685,.T.);
#2297=ORIENTED_EDGE('',*,*,#1682,.T.);
#2298=ORIENTED_EDGE('',*,*,#1679,.T.);
#2299=ORIENTED_EDGE('',*,*,#1675,.T.);
#2300=ORIENTED_EDGE('',*,*,#1725,.T.);
#2301=ORIENTED_EDGE('',*,*,#1731,.T.);
#2302=ORIENTED_EDGE('',*,*,#1716,.T.);
#2303=ORIENTED_EDGE('',*,*,#1720,.T.);
#2304=ORIENTED_EDGE('',*,*,#1712,.T.);
#2305=ORIENTED_EDGE('',*,*,#1728,.F.);
#2306=ORIENTED_EDGE('',*,*,#1732,.T.);
#2307=ORIENTED_EDGE('',*,*,#1733,.F.);
#2308=ORIENTED_EDGE('',*,*,#1722,.F.);
#2309=ORIENTED_EDGE('',*,*,#1726,.F.);
#2310=ORIENTED_EDGE('',*,*,#1686,.T.);
#2311=ORIENTED_EDGE('',*,*,#1731,.F.);
#2312=ORIENTED_EDGE('',*,*,#1724,.T.);
#2313=ORIENTED_EDGE('',*,*,#1734,.F.);
#2314=ORIENTED_EDGE('',*,*,#1735,.F.);
#2315=ORIENTED_EDGE('',*,*,#1729,.F.);
#2316=ORIENTED_EDGE('',*,*,#1691,.T.);
#2317=ORIENTED_EDGE('',*,*,#1718,.T.);
#2318=ORIENTED_EDGE('',*,*,#1699,.T.);
#2319=ORIENTED_EDGE('',*,*,#1730,.F.);
#2320=ORIENTED_EDGE('',*,*,#1735,.T.);
#2321=ORIENTED_EDGE('',*,*,#1736,.F.);
#2322=ORIENTED_EDGE('',*,*,#1732,.F.);
#2323=ORIENTED_EDGE('',*,*,#1727,.F.);
#2324=ORIENTED_EDGE('',*,*,#1704,.T.);
#2325=ORIENTED_EDGE('',*,*,#1719,.T.);
#2326=ORIENTED_EDGE('',*,*,#1736,.T.);
#2327=ORIENTED_EDGE('',*,*,#1734,.T.);
#2328=ORIENTED_EDGE('',*,*,#1723,.T.);
#2329=ORIENTED_EDGE('',*,*,#1733,.T.);
#2330=ORIENTED_EDGE('',*,*,#1428,.T.);
#2331=ORIENTED_EDGE('',*,*,#1441,.T.);
#2332=ORIENTED_EDGE('',*,*,#1438,.T.);
#2333=ORIENTED_EDGE('',*,*,#1435,.T.);
#2334=ORIENTED_EDGE('',*,*,#1432,.T.);
#2335=ORIENTED_EDGE('',*,*,#1443,.T.);
#2336=ORIENTED_EDGE('',*,*,#1456,.T.);
#2337=ORIENTED_EDGE('',*,*,#1453,.T.);
#2338=ORIENTED_EDGE('',*,*,#1450,.T.);
#2339=ORIENTED_EDGE('',*,*,#1447,.T.);
#2340=ORIENTED_EDGE('',*,*,#1458,.T.);
#2341=ORIENTED_EDGE('',*,*,#1468,.T.);
#2342=ORIENTED_EDGE('',*,*,#1465,.T.);
#2343=ORIENTED_EDGE('',*,*,#1462,.T.);
#2344=ORIENTED_EDGE('',*,*,#1470,.T.);
#2345=ORIENTED_EDGE('',*,*,#1486,.T.);
#2346=ORIENTED_EDGE('',*,*,#1483,.T.);
#2347=ORIENTED_EDGE('',*,*,#1480,.T.);
#2348=ORIENTED_EDGE('',*,*,#1477,.T.);
#2349=ORIENTED_EDGE('',*,*,#1474,.T.);
#2350=ORIENTED_EDGE('',*,*,#1488,.T.);
#2351=ORIENTED_EDGE('',*,*,#1501,.T.);
#2352=ORIENTED_EDGE('',*,*,#1498,.T.);
#2353=ORIENTED_EDGE('',*,*,#1495,.T.);
#2354=ORIENTED_EDGE('',*,*,#1492,.T.);
#2355=ORIENTED_EDGE('',*,*,#1503,.T.);
#2356=ORIENTED_EDGE('',*,*,#1516,.T.);
#2357=ORIENTED_EDGE('',*,*,#1513,.T.);
#2358=ORIENTED_EDGE('',*,*,#1510,.T.);
#2359=ORIENTED_EDGE('',*,*,#1507,.T.);
#2360=ORIENTED_EDGE('',*,*,#1518,.T.);
#2361=ORIENTED_EDGE('',*,*,#1531,.T.);
#2362=ORIENTED_EDGE('',*,*,#1528,.T.);
#2363=ORIENTED_EDGE('',*,*,#1525,.T.);
#2364=ORIENTED_EDGE('',*,*,#1522,.T.);
#2365=ORIENTED_EDGE('',*,*,#1533,.T.);
#2366=ORIENTED_EDGE('',*,*,#1543,.T.);
#2367=ORIENTED_EDGE('',*,*,#1540,.T.);
#2368=ORIENTED_EDGE('',*,*,#1537,.T.);
#2369=ORIENTED_EDGE('',*,*,#1545,.T.);
#2370=ORIENTED_EDGE('',*,*,#1555,.T.);
#2371=ORIENTED_EDGE('',*,*,#1552,.T.);
#2372=ORIENTED_EDGE('',*,*,#1549,.T.);
#2373=ORIENTED_EDGE('',*,*,#1557,.T.);
#2374=ORIENTED_EDGE('',*,*,#1570,.T.);
#2375=ORIENTED_EDGE('',*,*,#1567,.T.);
#2376=ORIENTED_EDGE('',*,*,#1564,.T.);
#2377=ORIENTED_EDGE('',*,*,#1561,.T.);
#2378=ORIENTED_EDGE('',*,*,#1572,.T.);
#2379=ORIENTED_EDGE('',*,*,#1588,.T.);
#2380=ORIENTED_EDGE('',*,*,#1585,.T.);
#2381=ORIENTED_EDGE('',*,*,#1582,.T.);
#2382=ORIENTED_EDGE('',*,*,#1579,.T.);
#2383=ORIENTED_EDGE('',*,*,#1576,.T.);
#2384=ORIENTED_EDGE('',*,*,#1590,.T.);
#2385=ORIENTED_EDGE('',*,*,#1600,.T.);
#2386=ORIENTED_EDGE('',*,*,#1597,.T.);
#2387=ORIENTED_EDGE('',*,*,#1594,.T.);
#2388=ORIENTED_EDGE('',*,*,#1602,.T.);
#2389=ORIENTED_EDGE('',*,*,#1618,.T.);
#2390=ORIENTED_EDGE('',*,*,#1615,.T.);
#2391=ORIENTED_EDGE('',*,*,#1612,.T.);
#2392=ORIENTED_EDGE('',*,*,#1609,.T.);
#2393=ORIENTED_EDGE('',*,*,#1606,.T.);
#2394=ORIENTED_EDGE('',*,*,#1620,.T.);
#2395=ORIENTED_EDGE('',*,*,#1630,.T.);
#2396=ORIENTED_EDGE('',*,*,#1627,.T.);
#2397=ORIENTED_EDGE('',*,*,#1624,.T.);
#2398=ORIENTED_EDGE('',*,*,#1632,.T.);
#2399=ORIENTED_EDGE('',*,*,#1635,.T.);
#2400=ORIENTED_EDGE('',*,*,#1645,.T.);
#2401=ORIENTED_EDGE('',*,*,#1642,.T.);
#2402=ORIENTED_EDGE('',*,*,#1639,.T.);
#2403=ORIENTED_EDGE('',*,*,#1647,.T.);
#2404=ORIENTED_EDGE('',*,*,#1663,.T.);
#2405=ORIENTED_EDGE('',*,*,#1660,.T.);
#2406=ORIENTED_EDGE('',*,*,#1657,.T.);
#2407=ORIENTED_EDGE('',*,*,#1654,.T.);
#2408=ORIENTED_EDGE('',*,*,#1651,.T.);
#2409=ORIENTED_EDGE('',*,*,#1737,.F.);
#2410=ORIENTED_EDGE('',*,*,#1738,.T.);
#2411=ORIENTED_EDGE('',*,*,#1739,.T.);
#2412=ORIENTED_EDGE('',*,*,#1738,.F.);
#2413=ORIENTED_EDGE('',*,*,#1737,.T.);
#2414=ORIENTED_EDGE('',*,*,#1739,.F.);
#2415=ORIENTED_EDGE('',*,*,#1740,.F.);
#2416=ORIENTED_EDGE('',*,*,#1741,.T.);
#2417=ORIENTED_EDGE('',*,*,#1742,.T.);
#2418=ORIENTED_EDGE('',*,*,#1741,.F.);
#2419=ORIENTED_EDGE('',*,*,#1740,.T.);
#2420=ORIENTED_EDGE('',*,*,#1742,.F.);
#2421=ORIENTED_EDGE('',*,*,#1743,.F.);
#2422=ORIENTED_EDGE('',*,*,#1744,.T.);
#2423=ORIENTED_EDGE('',*,*,#1745,.T.);
#2424=ORIENTED_EDGE('',*,*,#1744,.F.);
#2425=ORIENTED_EDGE('',*,*,#1743,.T.);
#2426=ORIENTED_EDGE('',*,*,#1745,.F.);
#2427=ORIENTED_EDGE('',*,*,#1746,.F.);
#2428=ORIENTED_EDGE('',*,*,#1747,.T.);
#2429=ORIENTED_EDGE('',*,*,#1748,.T.);
#2430=ORIENTED_EDGE('',*,*,#1747,.F.);
#2431=ORIENTED_EDGE('',*,*,#1746,.T.);
#2432=ORIENTED_EDGE('',*,*,#1748,.F.);
#2433=ORIENTED_EDGE('',*,*,#1749,.F.);
#2434=ORIENTED_EDGE('',*,*,#1750,.T.);
#2435=ORIENTED_EDGE('',*,*,#1751,.T.);
#2436=ORIENTED_EDGE('',*,*,#1750,.F.);
#2437=ORIENTED_EDGE('',*,*,#1749,.T.);
#2438=ORIENTED_EDGE('',*,*,#1751,.F.);
#2439=ORIENTED_EDGE('',*,*,#1752,.F.);
#2440=ORIENTED_EDGE('',*,*,#1753,.T.);
#2441=ORIENTED_EDGE('',*,*,#1754,.T.);
#2442=ORIENTED_EDGE('',*,*,#1753,.F.);
#2443=ORIENTED_EDGE('',*,*,#1752,.T.);
#2444=ORIENTED_EDGE('',*,*,#1754,.F.);
#2445=ORIENTED_EDGE('',*,*,#1755,.F.);
#2446=ORIENTED_EDGE('',*,*,#1756,.T.);
#2447=ORIENTED_EDGE('',*,*,#1757,.T.);
#2448=ORIENTED_EDGE('',*,*,#1756,.F.);
#2449=ORIENTED_EDGE('',*,*,#1755,.T.);
#2450=ORIENTED_EDGE('',*,*,#1757,.F.);
#2451=ORIENTED_EDGE('',*,*,#1758,.F.);
#2452=ORIENTED_EDGE('',*,*,#1759,.T.);
#2453=ORIENTED_EDGE('',*,*,#1760,.T.);
#2454=ORIENTED_EDGE('',*,*,#1759,.F.);
#2455=ORIENTED_EDGE('',*,*,#1758,.T.);
#2456=ORIENTED_EDGE('',*,*,#1760,.F.);
#2457=ORIENTED_EDGE('',*,*,#1761,.F.);
#2458=ORIENTED_EDGE('',*,*,#1762,.T.);
#2459=ORIENTED_EDGE('',*,*,#1763,.T.);
#2460=ORIENTED_EDGE('',*,*,#1762,.F.);
#2461=ORIENTED_EDGE('',*,*,#1761,.T.);
#2462=ORIENTED_EDGE('',*,*,#1763,.F.);
#2463=ORIENTED_EDGE('',*,*,#1764,.F.);
#2464=ORIENTED_EDGE('',*,*,#1765,.T.);
#2465=ORIENTED_EDGE('',*,*,#1766,.T.);
#2466=ORIENTED_EDGE('',*,*,#1765,.F.);
#2467=ORIENTED_EDGE('',*,*,#1764,.T.);
#2468=ORIENTED_EDGE('',*,*,#1766,.F.);
#2469=ORIENTED_EDGE('',*,*,#1767,.F.);
#2470=ORIENTED_EDGE('',*,*,#1768,.T.);
#2471=ORIENTED_EDGE('',*,*,#1769,.T.);
#2472=ORIENTED_EDGE('',*,*,#1768,.F.);
#2473=ORIENTED_EDGE('',*,*,#1767,.T.);
#2474=ORIENTED_EDGE('',*,*,#1769,.F.);
#2475=ORIENTED_EDGE('',*,*,#1770,.F.);
#2476=ORIENTED_EDGE('',*,*,#1771,.T.);
#2477=ORIENTED_EDGE('',*,*,#1772,.T.);
#2478=ORIENTED_EDGE('',*,*,#1771,.F.);
#2479=ORIENTED_EDGE('',*,*,#1770,.T.);
#2480=ORIENTED_EDGE('',*,*,#1772,.F.);
#2481=ORIENTED_EDGE('',*,*,#1773,.F.);
#2482=ORIENTED_EDGE('',*,*,#1774,.T.);
#2483=ORIENTED_EDGE('',*,*,#1775,.T.);
#2484=ORIENTED_EDGE('',*,*,#1774,.F.);
#2485=ORIENTED_EDGE('',*,*,#1773,.T.);
#2486=ORIENTED_EDGE('',*,*,#1775,.F.);
#2487=ORIENTED_EDGE('',*,*,#1776,.F.);
#2488=ORIENTED_EDGE('',*,*,#1777,.T.);
#2489=ORIENTED_EDGE('',*,*,#1778,.T.);
#2490=ORIENTED_EDGE('',*,*,#1777,.F.);
#2491=ORIENTED_EDGE('',*,*,#1776,.T.);
#2492=ORIENTED_EDGE('',*,*,#1778,.F.);
#2493=ORIENTED_EDGE('',*,*,#1779,.F.);
#2494=ORIENTED_EDGE('',*,*,#1780,.T.);
#2495=ORIENTED_EDGE('',*,*,#1781,.T.);
#2496=ORIENTED_EDGE('',*,*,#1780,.F.);
#2497=ORIENTED_EDGE('',*,*,#1779,.T.);
#2498=ORIENTED_EDGE('',*,*,#1781,.F.);
#2499=ORIENTED_EDGE('',*,*,#1782,.F.);
#2500=ORIENTED_EDGE('',*,*,#1783,.T.);
#2501=ORIENTED_EDGE('',*,*,#1784,.T.);
#2502=ORIENTED_EDGE('',*,*,#1783,.F.);
#2503=ORIENTED_EDGE('',*,*,#1782,.T.);
#2504=ORIENTED_EDGE('',*,*,#1784,.F.);
#2505=ORIENTED_EDGE('',*,*,#1785,.F.);
#2506=ORIENTED_EDGE('',*,*,#1786,.T.);
#2507=ORIENTED_EDGE('',*,*,#1787,.T.);
#2508=ORIENTED_EDGE('',*,*,#1786,.F.);
#2509=ORIENTED_EDGE('',*,*,#1785,.T.);
#2510=ORIENTED_EDGE('',*,*,#1787,.F.);
#2511=ORIENTED_EDGE('',*,*,#1788,.F.);
#2512=ORIENTED_EDGE('',*,*,#1789,.T.);
#2513=ORIENTED_EDGE('',*,*,#1790,.T.);
#2514=ORIENTED_EDGE('',*,*,#1789,.F.);
#2515=ORIENTED_EDGE('',*,*,#1788,.T.);
#2516=ORIENTED_EDGE('',*,*,#1790,.F.);
#2517=PLANE('',#2894);
#2518=PLANE('',#2895);
#2519=PLANE('',#2896);
#2520=PLANE('',#2897);
#2521=PLANE('',#2898);
#2522=PLANE('',#2899);
#2523=PLANE('',#2900);
#2524=PLANE('',#2901);
#2525=PLANE('',#2902);
#2526=PLANE('',#2903);
#2527=PLANE('',#2904);
#2528=PLANE('',#2905);
#2529=PLANE('',#2906);
#2530=PLANE('',#2907);
#2531=PLANE('',#2908);
#2532=PLANE('',#2909);
#2533=PLANE('',#2910);
#2534=PLANE('',#2911);
#2535=PLANE('',#2912);
#2536=PLANE('',#2913);
#2537=PLANE('',#2914);
#2538=PLANE('',#2915);
#2539=PLANE('',#2916);
#2540=PLANE('',#2917);
#2541=PLANE('',#2918);
#2542=PLANE('',#2919);
#2543=PLANE('',#2920);
#2544=PLANE('',#2921);
#2545=PLANE('',#2922);
#2546=PLANE('',#2923);
#2547=PLANE('',#2924);
#2548=PLANE('',#2925);
#2549=PLANE('',#2926);
#2550=PLANE('',#2927);
#2551=PLANE('',#2928);
#2552=PLANE('',#2929);
#2553=PLANE('',#2930);
#2554=PLANE('',#2931);
#2555=PLANE('',#2932);
#2556=PLANE('',#2933);
#2557=PLANE('',#2934);
#2558=PLANE('',#2935);
#2559=PLANE('',#2936);
#2560=PLANE('',#2937);
#2561=PLANE('',#2938);
#2562=PLANE('',#2939);
#2563=PLANE('',#2940);
#2564=PLANE('',#2941);
#2565=PLANE('',#2942);
#2566=PLANE('',#2943);
#2567=PLANE('',#2944);
#2568=PLANE('',#2945);
#2569=PLANE('',#2946);
#2570=PLANE('',#2947);
#2571=PLANE('',#2948);
#2572=PLANE('',#2949);
#2573=PLANE('',#2950);
#2574=PLANE('',#2951);
#2575=PLANE('',#2952);
#2576=PLANE('',#2953);
#2577=PLANE('',#2954);
#2578=PLANE('',#2955);
#2579=PLANE('',#2956);
#2580=PLANE('',#2957);
#2581=PLANE('',#2958);
#2582=PLANE('',#2959);
#2583=PLANE('',#2960);
#2584=PLANE('',#2961);
#2585=PLANE('',#2962);
#2586=PLANE('',#2963);
#2587=PLANE('',#2964);
#2588=PLANE('',#2965);
#2589=PLANE('',#2966);
#2590=PLANE('',#2967);
#2591=PLANE('',#2968);
#2592=PLANE('',#2969);
#2593=PLANE('',#2970);
#2594=PLANE('',#2971);
#2595=PLANE('',#2972);
#2596=PLANE('',#2973);
#2597=PLANE('',#2974);
#2598=PLANE('',#2975);
#2599=PLANE('',#2979);
#2600=PLANE('',#2980);
#2601=PLANE('',#2981);
#2602=PLANE('',#2982);
#2603=PLANE('',#2983);
#2604=PLANE('',#2984);
#2605=PLANE('',#2985);
#2606=PLANE('',#2986);
#2607=PLANE('',#2987);
#2608=PLANE('',#2988);
#2609=PLANE('',#2989);
#2610=PLANE('',#2990);
#2611=PLANE('',#2991);
#2612=PLANE('',#2992);
#2613=PLANE('',#2993);
#2614=PLANE('',#2994);
#2615=PLANE('',#2995);
#2616=PLANE('',#2996);
#2617=PLANE('',#2997);
#2618=PLANE('',#2998);
#2619=PLANE('',#2999);
#2620=PLANE('',#3000);
#2621=PLANE('',#3001);
#2622=PLANE('',#3002);
#2623=PLANE('',#3003);
#2624=PLANE('',#3004);
#2625=PLANE('',#3005);
#2626=PLANE('',#3006);
#2627=PLANE('',#3007);
#2628=PLANE('',#3008);
#2629=PLANE('',#3009);
#2630=PLANE('',#3010);
#2631=PLANE('',#3011);
#2632=PLANE('',#3012);
#2633=PLANE('',#3013);
#2634=PLANE('',#3014);
#2635=PLANE('',#3015);
#2636=PLANE('',#3016);
#2637=PLANE('',#3017);
#2638=PLANE('',#3022);
#2639=PLANE('',#3023);
#2640=PLANE('',#3027);
#2641=PLANE('',#3028);
#2642=PLANE('',#3032);
#2643=PLANE('',#3033);
#2644=PLANE('',#3037);
#2645=PLANE('',#3038);
#2646=PLANE('',#3042);
#2647=PLANE('',#3043);
#2648=PLANE('',#3047);
#2649=PLANE('',#3048);
#2650=PLANE('',#3052);
#2651=PLANE('',#3053);
#2652=PLANE('',#3057);
#2653=PLANE('',#3058);
#2654=PLANE('',#3062);
#2655=PLANE('',#3063);
#2656=PLANE('',#3067);
#2657=PLANE('',#3068);
#2658=PLANE('',#3072);
#2659=PLANE('',#3073);
#2660=PLANE('',#3077);
#2661=PLANE('',#3078);
#2662=PLANE('',#3082);
#2663=PLANE('',#3083);
#2664=PLANE('',#3087);
#2665=PLANE('',#3088);
#2666=PLANE('',#3092);
#2667=PLANE('',#3093);
#2668=PLANE('',#3097);
#2669=PLANE('',#3098);
#2670=PLANE('',#3102);
#2671=PLANE('',#3103);
#2672=PLANE('',#3107);
#2673=PLANE('',#3108);
#2674=ADVANCED_FACE('',(#167),#2517,.F.);
#2675=ADVANCED_FACE('',(#168),#2518,.F.);
#2676=ADVANCED_FACE('',(#169),#2519,.F.);
#2677=ADVANCED_FACE('',(#170),#2520,.F.);
#2678=ADVANCED_FACE('',(#171),#2521,.F.);
#2679=ADVANCED_FACE('',(#172),#2522,.F.);
#2680=ADVANCED_FACE('',(#173),#2523,.F.);
#2681=ADVANCED_FACE('',(#174),#2524,.F.);
#2682=ADVANCED_FACE('',(#175),#2525,.F.);
#2683=ADVANCED_FACE('',(#176),#2526,.F.);
#2684=ADVANCED_FACE('',(#177),#2527,.F.);
#2685=ADVANCED_FACE('',(#178),#2528,.F.);
#2686=ADVANCED_FACE('',(#179),#2529,.F.);
#2687=ADVANCED_FACE('',(#180),#2530,.F.);
#2688=ADVANCED_FACE('',(#181),#2531,.F.);
#2689=ADVANCED_FACE('',(#182),#2532,.F.);
#2690=ADVANCED_FACE('',(#183),#2533,.F.);
#2691=ADVANCED_FACE('',(#184),#2534,.F.);
#2692=ADVANCED_FACE('',(#185),#2535,.F.);
#2693=ADVANCED_FACE('',(#186),#2536,.F.);
#2694=ADVANCED_FACE('',(#187),#2537,.F.);
#2695=ADVANCED_FACE('',(#188),#2538,.F.);
#2696=ADVANCED_FACE('',(#189),#2539,.F.);
#2697=ADVANCED_FACE('',(#190),#2540,.F.);
#2698=ADVANCED_FACE('',(#191),#2541,.F.);
#2699=ADVANCED_FACE('',(#192),#2542,.F.);
#2700=ADVANCED_FACE('',(#193),#2543,.F.);
#2701=ADVANCED_FACE('',(#194),#2544,.F.);
#2702=ADVANCED_FACE('',(#195),#2545,.F.);
#2703=ADVANCED_FACE('',(#196),#2546,.F.);
#2704=ADVANCED_FACE('',(#197),#2547,.F.);
#2705=ADVANCED_FACE('',(#198),#2548,.F.);
#2706=ADVANCED_FACE('',(#199),#2549,.F.);
#2707=ADVANCED_FACE('',(#200),#2550,.F.);
#2708=ADVANCED_FACE('',(#201),#2551,.F.);
#2709=ADVANCED_FACE('',(#202),#2552,.F.);
#2710=ADVANCED_FACE('',(#203),#2553,.F.);
#2711=ADVANCED_FACE('',(#204),#2554,.F.);
#2712=ADVANCED_FACE('',(#205),#2555,.F.);
#2713=ADVANCED_FACE('',(#206),#2556,.F.);
#2714=ADVANCED_FACE('',(#207),#2557,.F.);
#2715=ADVANCED_FACE('',(#208),#2558,.F.);
#2716=ADVANCED_FACE('',(#209),#2559,.F.);
#2717=ADVANCED_FACE('',(#210),#2560,.F.);
#2718=ADVANCED_FACE('',(#211),#2561,.F.);
#2719=ADVANCED_FACE('',(#212),#2562,.F.);
#2720=ADVANCED_FACE('',(#213),#2563,.F.);
#2721=ADVANCED_FACE('',(#214),#2564,.F.);
#2722=ADVANCED_FACE('',(#215),#2565,.F.);
#2723=ADVANCED_FACE('',(#216),#2566,.F.);
#2724=ADVANCED_FACE('',(#217),#2567,.F.);
#2725=ADVANCED_FACE('',(#218),#2568,.F.);
#2726=ADVANCED_FACE('',(#219),#2569,.F.);
#2727=ADVANCED_FACE('',(#220),#2570,.F.);
#2728=ADVANCED_FACE('',(#221),#2571,.F.);
#2729=ADVANCED_FACE('',(#222),#2572,.F.);
#2730=ADVANCED_FACE('',(#223),#2573,.F.);
#2731=ADVANCED_FACE('',(#224),#2574,.F.);
#2732=ADVANCED_FACE('',(#225),#2575,.F.);
#2733=ADVANCED_FACE('',(#226),#2576,.F.);
#2734=ADVANCED_FACE('',(#227),#2577,.F.);
#2735=ADVANCED_FACE('',(#228),#2578,.F.);
#2736=ADVANCED_FACE('',(#229),#2579,.F.);
#2737=ADVANCED_FACE('',(#230),#2580,.F.);
#2738=ADVANCED_FACE('',(#231),#2581,.F.);
#2739=ADVANCED_FACE('',(#232),#2582,.F.);
#2740=ADVANCED_FACE('',(#233),#2583,.F.);
#2741=ADVANCED_FACE('',(#234),#2584,.F.);
#2742=ADVANCED_FACE('',(#235),#2585,.F.);
#2743=ADVANCED_FACE('',(#236),#2586,.F.);
#2744=ADVANCED_FACE('',(#237),#2587,.F.);
#2745=ADVANCED_FACE('',(#238),#2588,.F.);
#2746=ADVANCED_FACE('',(#239),#2589,.F.);
#2747=ADVANCED_FACE('',(#240),#2590,.F.);
#2748=ADVANCED_FACE('',(#241),#2591,.F.);
#2749=ADVANCED_FACE('',(#242),#2592,.F.);
#2750=ADVANCED_FACE('',(#243),#2593,.F.);
#2751=ADVANCED_FACE('',(#244),#2594,.F.);
#2752=ADVANCED_FACE('',(#245),#2595,.F.);
#2753=ADVANCED_FACE('',(#246),#2596,.F.);
#2754=ADVANCED_FACE('',(#247),#2597,.F.);
#2755=ADVANCED_FACE('',(#248),#2598,.F.);
#2756=ADVANCED_FACE('',(#249),#97,.F.);
#2757=ADVANCED_FACE('',(#250),#2599,.T.);
#2758=ADVANCED_FACE('',(#251),#2600,.F.);
#2759=ADVANCED_FACE('',(#252),#2601,.F.);
#2760=ADVANCED_FACE('',(#253),#2602,.F.);
#2761=ADVANCED_FACE('',(#254),#2603,.F.);
#2762=ADVANCED_FACE('',(#255),#2604,.F.);
#2763=ADVANCED_FACE('',(#256),#2605,.F.);
#2764=ADVANCED_FACE('',(#257),#2606,.F.);
#2765=ADVANCED_FACE('',(#258),#2607,.F.);
#2766=ADVANCED_FACE('',(#259),#2608,.F.);
#2767=ADVANCED_FACE('',(#260),#2609,.F.);
#2768=ADVANCED_FACE('',(#261),#2610,.F.);
#2769=ADVANCED_FACE('',(#262),#2611,.F.);
#2770=ADVANCED_FACE('',(#263),#2612,.F.);
#2771=ADVANCED_FACE('',(#264),#2613,.F.);
#2772=ADVANCED_FACE('',(#265),#2614,.F.);
#2773=ADVANCED_FACE('',(#266),#2615,.F.);
#2774=ADVANCED_FACE('',(#267),#2616,.F.);
#2775=ADVANCED_FACE('',(#268),#2617,.F.);
#2776=ADVANCED_FACE('',(#269),#2618,.F.);
#2777=ADVANCED_FACE('',(#270),#2619,.F.);
#2778=ADVANCED_FACE('',(#271),#2620,.F.);
#2779=ADVANCED_FACE('',(#272),#2621,.F.);
#2780=ADVANCED_FACE('',(#273),#2622,.F.);
#2781=ADVANCED_FACE('',(#274),#2623,.F.);
#2782=ADVANCED_FACE('',(#275),#2624,.F.);
#2783=ADVANCED_FACE('',(#276),#2625,.F.);
#2784=ADVANCED_FACE('',(#277),#2626,.F.);
#2785=ADVANCED_FACE('',(#278),#2627,.F.);
#2786=ADVANCED_FACE('',(#279),#2628,.F.);
#2787=ADVANCED_FACE('',(#280),#2629,.T.);
#2788=ADVANCED_FACE('',(#281),#2630,.F.);
#2789=ADVANCED_FACE('',(#282),#2631,.F.);
#2790=ADVANCED_FACE('',(#283),#2632,.F.);
#2791=ADVANCED_FACE('',(#284),#2633,.F.);
#2792=ADVANCED_FACE('',(#285),#2634,.T.);
#2793=ADVANCED_FACE('',(#286),#2635,.T.);
#2794=ADVANCED_FACE('',(#287),#2636,.T.);
#2795=ADVANCED_FACE('',(#288,#42,#43,#44,#45,#46,#47,#48,#49,#50,#51,#52,
#53,#54,#55,#56,#57,#58),#2637,.T.);
#2796=ADVANCED_FACE('',(#289),#98,.T.);
#2797=ADVANCED_FACE('',(#290),#2638,.T.);
#2798=ADVANCED_FACE('',(#291),#2639,.F.);
#2799=ADVANCED_FACE('',(#292),#99,.T.);
#2800=ADVANCED_FACE('',(#293),#2640,.T.);
#2801=ADVANCED_FACE('',(#294),#2641,.F.);
#2802=ADVANCED_FACE('',(#295),#100,.T.);
#2803=ADVANCED_FACE('',(#296),#2642,.T.);
#2804=ADVANCED_FACE('',(#297),#2643,.F.);
#2805=ADVANCED_FACE('',(#298),#101,.T.);
#2806=ADVANCED_FACE('',(#299),#2644,.T.);
#2807=ADVANCED_FACE('',(#300),#2645,.F.);
#2808=ADVANCED_FACE('',(#301),#102,.T.);
#2809=ADVANCED_FACE('',(#302),#2646,.T.);
#2810=ADVANCED_FACE('',(#303),#2647,.F.);
#2811=ADVANCED_FACE('',(#304),#103,.T.);
#2812=ADVANCED_FACE('',(#305),#2648,.T.);
#2813=ADVANCED_FACE('',(#306),#2649,.F.);
#2814=ADVANCED_FACE('',(#307),#104,.T.);
#2815=ADVANCED_FACE('',(#308),#2650,.T.);
#2816=ADVANCED_FACE('',(#309),#2651,.F.);
#2817=ADVANCED_FACE('',(#310),#105,.T.);
#2818=ADVANCED_FACE('',(#311),#2652,.T.);
#2819=ADVANCED_FACE('',(#312),#2653,.F.);
#2820=ADVANCED_FACE('',(#313),#106,.T.);
#2821=ADVANCED_FACE('',(#314),#2654,.T.);
#2822=ADVANCED_FACE('',(#315),#2655,.F.);
#2823=ADVANCED_FACE('',(#316),#107,.T.);
#2824=ADVANCED_FACE('',(#317),#2656,.T.);
#2825=ADVANCED_FACE('',(#318),#2657,.F.);
#2826=ADVANCED_FACE('',(#319),#108,.T.);
#2827=ADVANCED_FACE('',(#320),#2658,.T.);
#2828=ADVANCED_FACE('',(#321),#2659,.F.);
#2829=ADVANCED_FACE('',(#322),#109,.T.);
#2830=ADVANCED_FACE('',(#323),#2660,.T.);
#2831=ADVANCED_FACE('',(#324),#2661,.F.);
#2832=ADVANCED_FACE('',(#325),#110,.T.);
#2833=ADVANCED_FACE('',(#326),#2662,.T.);
#2834=ADVANCED_FACE('',(#327),#2663,.F.);
#2835=ADVANCED_FACE('',(#328),#111,.T.);
#2836=ADVANCED_FACE('',(#329),#2664,.T.);
#2837=ADVANCED_FACE('',(#330),#2665,.F.);
#2838=ADVANCED_FACE('',(#331),#112,.T.);
#2839=ADVANCED_FACE('',(#332),#2666,.T.);
#2840=ADVANCED_FACE('',(#333),#2667,.F.);
#2841=ADVANCED_FACE('',(#334),#113,.T.);
#2842=ADVANCED_FACE('',(#335),#2668,.T.);
#2843=ADVANCED_FACE('',(#336),#2669,.F.);
#2844=ADVANCED_FACE('',(#337),#114,.T.);
#2845=ADVANCED_FACE('',(#338),#2670,.T.);
#2846=ADVANCED_FACE('',(#339),#2671,.F.);
#2847=ADVANCED_FACE('',(#340),#115,.T.);
#2848=ADVANCED_FACE('',(#341),#2672,.T.);
#2849=ADVANCED_FACE('',(#342),#2673,.F.);
#2850=CLOSED_SHELL('',(#2674,#2675,#2676,#2677,#2678,#2679,#2680,#2681,
#2682,#2683,#2684,#2685,#2686,#2687,#2688,#2689,#2690,#2691,#2692,#2693,
#2694,#2695,#2696,#2697,#2698,#2699,#2700,#2701,#2702,#2703,#2704,#2705,
#2706,#2707,#2708,#2709,#2710,#2711,#2712,#2713,#2714,#2715,#2716,#2717,
#2718,#2719,#2720,#2721,#2722,#2723,#2724,#2725,#2726,#2727,#2728,#2729,
#2730,#2731,#2732,#2733,#2734,#2735,#2736,#2737,#2738,#2739,#2740,#2741,
#2742,#2743,#2744,#2745,#2746,#2747,#2748,#2749,#2750,#2751,#2752,#2753,
#2754,#2755,#2756,#2757,#2758,#2759,#2760,#2761,#2762,#2763,#2764,#2765,
#2766,#2767,#2768,#2769,#2770,#2771,#2772,#2773,#2774,#2775,#2776,#2777,
#2778,#2779,#2780,#2781,#2782,#2783,#2784,#2785,#2786,#2787,#2788,#2789,
#2790,#2791,#2792,#2793,#2794,#2795));
#2851=CLOSED_SHELL('',(#2796,#2797,#2798));
#2852=CLOSED_SHELL('',(#2799,#2800,#2801));
#2853=CLOSED_SHELL('',(#2802,#2803,#2804));
#2854=CLOSED_SHELL('',(#2805,#2806,#2807));
#2855=CLOSED_SHELL('',(#2808,#2809,#2810));
#2856=CLOSED_SHELL('',(#2811,#2812,#2813));
#2857=CLOSED_SHELL('',(#2814,#2815,#2816));
#2858=CLOSED_SHELL('',(#2817,#2818,#2819));
#2859=CLOSED_SHELL('',(#2820,#2821,#2822));
#2860=CLOSED_SHELL('',(#2823,#2824,#2825));
#2861=CLOSED_SHELL('',(#2826,#2827,#2828));
#2862=CLOSED_SHELL('',(#2829,#2830,#2831));
#2863=CLOSED_SHELL('',(#2832,#2833,#2834));
#2864=CLOSED_SHELL('',(#2835,#2836,#2837));
#2865=CLOSED_SHELL('',(#2838,#2839,#2840));
#2866=CLOSED_SHELL('',(#2841,#2842,#2843));
#2867=CLOSED_SHELL('',(#2844,#2845,#2846));
#2868=CLOSED_SHELL('',(#2847,#2848,#2849));
#2869=DERIVED_UNIT_ELEMENT(#2873,1.);
#2870=DERIVED_UNIT_ELEMENT(#4669,3.);
#2871=DERIVED_UNIT_ELEMENT(#2873,1.);
#2872=DERIVED_UNIT_ELEMENT(#4669,3.);
#2873=(
MASS_UNIT()
NAMED_UNIT(*)
SI_UNIT(.KILO.,.GRAM.)
);
#2874=DERIVED_UNIT((#2869,#2870));
#2875=DERIVED_UNIT((#2871,#2872));
#2876=MEASURE_REPRESENTATION_ITEM('density measure',
POSITIVE_RATIO_MEASURE(7850.),#2874);
#2877=MEASURE_REPRESENTATION_ITEM('density measure',
POSITIVE_RATIO_MEASURE(7850.),#2875);
#2878=PROPERTY_DEFINITION_REPRESENTATION(#2888,#2882);
#2879=PROPERTY_DEFINITION_REPRESENTATION(#2889,#2883);
#2880=PROPERTY_DEFINITION_REPRESENTATION(#2890,#2884);
#2881=PROPERTY_DEFINITION_REPRESENTATION(#2891,#2885);
#2882=REPRESENTATION('material name',(#2886),#4665);
#2883=REPRESENTATION('density',(#2876),#4665);
#2884=REPRESENTATION('material name',(#2887),#4666);
#2885=REPRESENTATION('density',(#2877),#4666);
#2886=DESCRIPTIVE_REPRESENTATION_ITEM('Steel','Steel');
#2887=DESCRIPTIVE_REPRESENTATION_ITEM('Steel','Steel');
#2888=PROPERTY_DEFINITION('material property','material name',#4685);
#2889=PROPERTY_DEFINITION('material property','density of part',#4685);
#2890=PROPERTY_DEFINITION('material property','material name',#4686);
#2891=PROPERTY_DEFINITION('material property','density of part',#4686);
#2892=AXIS2_PLACEMENT_3D('placement',#3874,#3111,#3112);
#2893=AXIS2_PLACEMENT_3D('placement',#3875,#3113,#3114);
#2894=AXIS2_PLACEMENT_3D('',#3876,#3115,#3116);
#2895=AXIS2_PLACEMENT_3D('',#3885,#3121,#3122);
#2896=AXIS2_PLACEMENT_3D('',#3891,#3126,#3127);
#2897=AXIS2_PLACEMENT_3D('',#3897,#3131,#3132);
#2898=AXIS2_PLACEMENT_3D('',#3903,#3136,#3137);
#2899=AXIS2_PLACEMENT_3D('',#3906,#3140,#3141);
#2900=AXIS2_PLACEMENT_3D('',#3907,#3142,#3143);
#2901=AXIS2_PLACEMENT_3D('',#3916,#3148,#3149);
#2902=AXIS2_PLACEMENT_3D('',#3922,#3153,#3154);
#2903=AXIS2_PLACEMENT_3D('',#3928,#3158,#3159);
#2904=AXIS2_PLACEMENT_3D('',#3934,#3163,#3164);
#2905=AXIS2_PLACEMENT_3D('',#3937,#3167,#3168);
#2906=AXIS2_PLACEMENT_3D('',#3938,#3169,#3170);
#2907=AXIS2_PLACEMENT_3D('',#3947,#3175,#3176);
#2908=AXIS2_PLACEMENT_3D('',#3953,#3180,#3181);
#2909=AXIS2_PLACEMENT_3D('',#3959,#3185,#3186);
#2910=AXIS2_PLACEMENT_3D('',#3962,#3189,#3190);
#2911=AXIS2_PLACEMENT_3D('',#3963,#3191,#3192);
#2912=AXIS2_PLACEMENT_3D('',#3972,#3197,#3198);
#2913=AXIS2_PLACEMENT_3D('',#3978,#3202,#3203);
#2914=AXIS2_PLACEMENT_3D('',#3984,#3207,#3208);
#2915=AXIS2_PLACEMENT_3D('',#3990,#3212,#3213);
#2916=AXIS2_PLACEMENT_3D('',#3996,#3217,#3218);
#2917=AXIS2_PLACEMENT_3D('',#3999,#3221,#3222);
#2918=AXIS2_PLACEMENT_3D('',#4000,#3223,#3224);
#2919=AXIS2_PLACEMENT_3D('',#4009,#3229,#3230);
#2920=AXIS2_PLACEMENT_3D('',#4015,#3234,#3235);
#2921=AXIS2_PLACEMENT_3D('',#4021,#3239,#3240);
#2922=AXIS2_PLACEMENT_3D('',#4027,#3244,#3245);
#2923=AXIS2_PLACEMENT_3D('',#4030,#3248,#3249);
#2924=AXIS2_PLACEMENT_3D('',#4031,#3250,#3251);
#2925=AXIS2_PLACEMENT_3D('',#4040,#3256,#3257);
#2926=AXIS2_PLACEMENT_3D('',#4046,#3261,#3262);
#2927=AXIS2_PLACEMENT_3D('',#4052,#3266,#3267);
#2928=AXIS2_PLACEMENT_3D('',#4058,#3271,#3272);
#2929=AXIS2_PLACEMENT_3D('',#4061,#3275,#3276);
#2930=AXIS2_PLACEMENT_3D('',#4062,#3277,#3278);
#2931=AXIS2_PLACEMENT_3D('',#4071,#3283,#3284);
#2932=AXIS2_PLACEMENT_3D('',#4077,#3288,#3289);
#2933=AXIS2_PLACEMENT_3D('',#4083,#3293,#3294);
#2934=AXIS2_PLACEMENT_3D('',#4089,#3298,#3299);
#2935=AXIS2_PLACEMENT_3D('',#4092,#3302,#3303);
#2936=AXIS2_PLACEMENT_3D('',#4093,#3304,#3305);
#2937=AXIS2_PLACEMENT_3D('',#4102,#3310,#3311);
#2938=AXIS2_PLACEMENT_3D('',#4108,#3315,#3316);
#2939=AXIS2_PLACEMENT_3D('',#4114,#3320,#3321);
#2940=AXIS2_PLACEMENT_3D('',#4117,#3324,#3325);
#2941=AXIS2_PLACEMENT_3D('',#4118,#3326,#3327);
#2942=AXIS2_PLACEMENT_3D('',#4127,#3332,#3333);
#2943=AXIS2_PLACEMENT_3D('',#4133,#3337,#3338);
#2944=AXIS2_PLACEMENT_3D('',#4139,#3342,#3343);
#2945=AXIS2_PLACEMENT_3D('',#4142,#3346,#3347);
#2946=AXIS2_PLACEMENT_3D('',#4143,#3348,#3349);
#2947=AXIS2_PLACEMENT_3D('',#4152,#3354,#3355);
#2948=AXIS2_PLACEMENT_3D('',#4158,#3359,#3360);
#2949=AXIS2_PLACEMENT_3D('',#4164,#3364,#3365);
#2950=AXIS2_PLACEMENT_3D('',#4170,#3369,#3370);
#2951=AXIS2_PLACEMENT_3D('',#4173,#3373,#3374);
#2952=AXIS2_PLACEMENT_3D('',#4174,#3375,#3376);
#2953=AXIS2_PLACEMENT_3D('',#4183,#3381,#3382);
#2954=AXIS2_PLACEMENT_3D('',#4189,#3386,#3387);
#2955=AXIS2_PLACEMENT_3D('',#4195,#3391,#3392);
#2956=AXIS2_PLACEMENT_3D('',#4201,#3396,#3397);
#2957=AXIS2_PLACEMENT_3D('',#4207,#3401,#3402);
#2958=AXIS2_PLACEMENT_3D('',#4210,#3405,#3406);
#2959=AXIS2_PLACEMENT_3D('',#4211,#3407,#3408);
#2960=AXIS2_PLACEMENT_3D('',#4220,#3413,#3414);
#2961=AXIS2_PLACEMENT_3D('',#4226,#3418,#3419);
#2962=AXIS2_PLACEMENT_3D('',#4232,#3423,#3424);
#2963=AXIS2_PLACEMENT_3D('',#4235,#3427,#3428);
#2964=AXIS2_PLACEMENT_3D('',#4236,#3429,#3430);
#2965=AXIS2_PLACEMENT_3D('',#4245,#3435,#3436);
#2966=AXIS2_PLACEMENT_3D('',#4251,#3440,#3441);
#2967=AXIS2_PLACEMENT_3D('',#4257,#3445,#3446);
#2968=AXIS2_PLACEMENT_3D('',#4263,#3450,#3451);
#2969=AXIS2_PLACEMENT_3D('',#4269,#3455,#3456);
#2970=AXIS2_PLACEMENT_3D('',#4272,#3459,#3460);
#2971=AXIS2_PLACEMENT_3D('',#4273,#3461,#3462);
#2972=AXIS2_PLACEMENT_3D('',#4282,#3467,#3468);
#2973=AXIS2_PLACEMENT_3D('',#4288,#3472,#3473);
#2974=AXIS2_PLACEMENT_3D('',#4294,#3477,#3478);
#2975=AXIS2_PLACEMENT_3D('',#4297,#3481,#3482);
#2976=AXIS2_PLACEMENT_3D('',#4298,#3483,#3484);
#2977=AXIS2_PLACEMENT_3D('',#4300,#3485,#3486);
#2978=AXIS2_PLACEMENT_3D('',#4303,#3488,#3489);
#2979=AXIS2_PLACEMENT_3D('',#4304,#3490,#3491);
#2980=AXIS2_PLACEMENT_3D('',#4305,#3492,#3493);
#2981=AXIS2_PLACEMENT_3D('',#4314,#3498,#3499);
#2982=AXIS2_PLACEMENT_3D('',#4320,#3503,#3504);
#2983=AXIS2_PLACEMENT_3D('',#4326,#3508,#3509);
#2984=AXIS2_PLACEMENT_3D('',#4329,#3512,#3513);
#2985=AXIS2_PLACEMENT_3D('',#4330,#3514,#3515);
#2986=AXIS2_PLACEMENT_3D('',#4339,#3520,#3521);
#2987=AXIS2_PLACEMENT_3D('',#4345,#3525,#3526);
#2988=AXIS2_PLACEMENT_3D('',#4351,#3530,#3531);
#2989=AXIS2_PLACEMENT_3D('',#4357,#3535,#3536);
#2990=AXIS2_PLACEMENT_3D('',#4363,#3540,#3541);
#2991=AXIS2_PLACEMENT_3D('',#4366,#3544,#3545);
#2992=AXIS2_PLACEMENT_3D('',#4367,#3546,#3547);
#2993=AXIS2_PLACEMENT_3D('',#4376,#3552,#3553);
#2994=AXIS2_PLACEMENT_3D('',#4382,#3557,#3558);
#2995=AXIS2_PLACEMENT_3D('',#4388,#3562,#3563);
#2996=AXIS2_PLACEMENT_3D('',#4397,#3568,#3569);
#2997=AXIS2_PLACEMENT_3D('',#4403,#3573,#3574);
#2998=AXIS2_PLACEMENT_3D('',#4409,#3578,#3579);
#2999=AXIS2_PLACEMENT_3D('',#4415,#3583,#3584);
#3000=AXIS2_PLACEMENT_3D('',#4424,#3589,#3590);
#3001=AXIS2_PLACEMENT_3D('',#4430,#3594,#3595);
#3002=AXIS2_PLACEMENT_3D('',#4436,#3599,#3600);
#3003=AXIS2_PLACEMENT_3D('',#4442,#3604,#3605);
#3004=AXIS2_PLACEMENT_3D('',#4451,#3610,#3611);
#3005=AXIS2_PLACEMENT_3D('',#4457,#3615,#3616);
#3006=AXIS2_PLACEMENT_3D('',#4463,#3620,#3621);
#3007=AXIS2_PLACEMENT_3D('',#4469,#3625,#3626);
#3008=AXIS2_PLACEMENT_3D('',#4475,#3630,#3631);
#3009=AXIS2_PLACEMENT_3D('',#4480,#3636,#3637);
#3010=AXIS2_PLACEMENT_3D('',#4490,#3643,#3644);
#3011=AXIS2_PLACEMENT_3D('',#4492,#3646,#3647);
#3012=AXIS2_PLACEMENT_3D('',#4496,#3650,#3651);
#3013=AXIS2_PLACEMENT_3D('',#4500,#3654,#3655);
#3014=AXIS2_PLACEMENT_3D('',#4502,#3657,#3658);
#3015=AXIS2_PLACEMENT_3D('',#4506,#3661,#3662);
#3016=AXIS2_PLACEMENT_3D('',#4510,#3665,#3666);
#3017=AXIS2_PLACEMENT_3D('',#4512,#3668,#3669);
#3018=AXIS2_PLACEMENT_3D('placement',#4513,#3670,#3671);
#3019=AXIS2_PLACEMENT_3D('',#4514,#3672,#3673);
#3020=AXIS2_PLACEMENT_3D('',#4516,#3674,#3675);
#3021=AXIS2_PLACEMENT_3D('',#4519,#3677,#3678);
#3022=AXIS2_PLACEMENT_3D('',#4520,#3679,#3680);
#3023=AXIS2_PLACEMENT_3D('',#4521,#3681,#3682);
#3024=AXIS2_PLACEMENT_3D('',#4522,#3683,#3684);
#3025=AXIS2_PLACEMENT_3D('',#4524,#3685,#3686);
#3026=AXIS2_PLACEMENT_3D('',#4527,#3688,#3689);
#3027=AXIS2_PLACEMENT_3D('',#4528,#3690,#3691);
#3028=AXIS2_PLACEMENT_3D('',#4529,#3692,#3693);
#3029=AXIS2_PLACEMENT_3D('',#4530,#3694,#3695);
#3030=AXIS2_PLACEMENT_3D('',#4532,#3696,#3697);
#3031=AXIS2_PLACEMENT_3D('',#4535,#3699,#3700);
#3032=AXIS2_PLACEMENT_3D('',#4536,#3701,#3702);
#3033=AXIS2_PLACEMENT_3D('',#4537,#3703,#3704);
#3034=AXIS2_PLACEMENT_3D('',#4538,#3705,#3706);
#3035=AXIS2_PLACEMENT_3D('',#4540,#3707,#3708);
#3036=AXIS2_PLACEMENT_3D('',#4543,#3710,#3711);
#3037=AXIS2_PLACEMENT_3D('',#4544,#3712,#3713);
#3038=AXIS2_PLACEMENT_3D('',#4545,#3714,#3715);
#3039=AXIS2_PLACEMENT_3D('',#4546,#3716,#3717);
#3040=AXIS2_PLACEMENT_3D('',#4548,#3718,#3719);
#3041=AXIS2_PLACEMENT_3D('',#4551,#3721,#3722);
#3042=AXIS2_PLACEMENT_3D('',#4552,#3723,#3724);
#3043=AXIS2_PLACEMENT_3D('',#4553,#3725,#3726);
#3044=AXIS2_PLACEMENT_3D('',#4554,#3727,#3728);
#3045=AXIS2_PLACEMENT_3D('',#4556,#3729,#3730);
#3046=AXIS2_PLACEMENT_3D('',#4559,#3732,#3733);
#3047=AXIS2_PLACEMENT_3D('',#4560,#3734,#3735);
#3048=AXIS2_PLACEMENT_3D('',#4561,#3736,#3737);
#3049=AXIS2_PLACEMENT_3D('',#4562,#3738,#3739);
#3050=AXIS2_PLACEMENT_3D('',#4564,#3740,#3741);
#3051=AXIS2_PLACEMENT_3D('',#4567,#3743,#3744);
#3052=AXIS2_PLACEMENT_3D('',#4568,#3745,#3746);
#3053=AXIS2_PLACEMENT_3D('',#4569,#3747,#3748);
#3054=AXIS2_PLACEMENT_3D('',#4570,#3749,#3750);
#3055=AXIS2_PLACEMENT_3D('',#4572,#3751,#3752);
#3056=AXIS2_PLACEMENT_3D('',#4575,#3754,#3755);
#3057=AXIS2_PLACEMENT_3D('',#4576,#3756,#3757);
#3058=AXIS2_PLACEMENT_3D('',#4577,#3758,#3759);
#3059=AXIS2_PLACEMENT_3D('',#4578,#3760,#3761);
#3060=AXIS2_PLACEMENT_3D('',#4580,#3762,#3763);
#3061=AXIS2_PLACEMENT_3D('',#4583,#3765,#3766);
#3062=AXIS2_PLACEMENT_3D('',#4584,#3767,#3768);
#3063=AXIS2_PLACEMENT_3D('',#4585,#3769,#3770);
#3064=AXIS2_PLACEMENT_3D('',#4586,#3771,#3772);
#3065=AXIS2_PLACEMENT_3D('',#4588,#3773,#3774);
#3066=AXIS2_PLACEMENT_3D('',#4591,#3776,#3777);
#3067=AXIS2_PLACEMENT_3D('',#4592,#3778,#3779);
#3068=AXIS2_PLACEMENT_3D('',#4593,#3780,#3781);
#3069=AXIS2_PLACEMENT_3D('',#4594,#3782,#3783);
#3070=AXIS2_PLACEMENT_3D('',#4596,#3784,#3785);
#3071=AXIS2_PLACEMENT_3D('',#4599,#3787,#3788);
#3072=AXIS2_PLACEMENT_3D('',#4600,#3789,#3790);
#3073=AXIS2_PLACEMENT_3D('',#4601,#3791,#3792);
#3074=AXIS2_PLACEMENT_3D('',#4602,#3793,#3794);
#3075=AXIS2_PLACEMENT_3D('',#4604,#3795,#3796);
#3076=AXIS2_PLACEMENT_3D('',#4607,#3798,#3799);
#3077=AXIS2_PLACEMENT_3D('',#4608,#3800,#3801);
#3078=AXIS2_PLACEMENT_3D('',#4609,#3802,#3803);
#3079=AXIS2_PLACEMENT_3D('',#4610,#3804,#3805);
#3080=AXIS2_PLACEMENT_3D('',#4612,#3806,#3807);
#3081=AXIS2_PLACEMENT_3D('',#4615,#3809,#3810);
#3082=AXIS2_PLACEMENT_3D('',#4616,#3811,#3812);
#3083=AXIS2_PLACEMENT_3D('',#4617,#3813,#3814);
#3084=AXIS2_PLACEMENT_3D('',#4618,#3815,#3816);
#3085=AXIS2_PLACEMENT_3D('',#4620,#3817,#3818);
#3086=AXIS2_PLACEMENT_3D('',#4623,#3820,#3821);
#3087=AXIS2_PLACEMENT_3D('',#4624,#3822,#3823);
#3088=AXIS2_PLACEMENT_3D('',#4625,#3824,#3825);
#3089=AXIS2_PLACEMENT_3D('',#4626,#3826,#3827);
#3090=AXIS2_PLACEMENT_3D('',#4628,#3828,#3829);
#3091=AXIS2_PLACEMENT_3D('',#4631,#3831,#3832);
#3092=AXIS2_PLACEMENT_3D('',#4632,#3833,#3834);
#3093=AXIS2_PLACEMENT_3D('',#4633,#3835,#3836);
#3094=AXIS2_PLACEMENT_3D('',#4634,#3837,#3838);
#3095=AXIS2_PLACEMENT_3D('',#4636,#3839,#3840);
#3096=AXIS2_PLACEMENT_3D('',#4639,#3842,#3843);
#3097=AXIS2_PLACEMENT_3D('',#4640,#3844,#3845);
#3098=AXIS2_PLACEMENT_3D('',#4641,#3846,#3847);
#3099=AXIS2_PLACEMENT_3D('',#4642,#3848,#3849);
#3100=AXIS2_PLACEMENT_3D('',#4644,#3850,#3851);
#3101=AXIS2_PLACEMENT_3D('',#4647,#3853,#3854);
#3102=AXIS2_PLACEMENT_3D('',#4648,#3855,#3856);
#3103=AXIS2_PLACEMENT_3D('',#4649,#3857,#3858);
#3104=AXIS2_PLACEMENT_3D('',#4650,#3859,#3860);
#3105=AXIS2_PLACEMENT_3D('',#4652,#3861,#3862);
#3106=AXIS2_PLACEMENT_3D('',#4655,#3864,#3865);
#3107=AXIS2_PLACEMENT_3D('',#4656,#3866,#3867);
#3108=AXIS2_PLACEMENT_3D('',#4657,#3868,#3869);
#3109=AXIS2_PLACEMENT_3D('',#4658,#3870,#3871);
#3110=AXIS2_PLACEMENT_3D('',#4659,#3872,#3873);
#3111=DIRECTION('axis',(0.,0.,1.));
#3112=DIRECTION('refdir',(1.,0.,0.));
#3113=DIRECTION('axis',(0.,0.,1.));
#3114=DIRECTION('refdir',(1.,0.,0.));
#3115=DIRECTION('center_axis',(-0.99026806874157,0.139173100960065,0.));
#3116=DIRECTION('ref_axis',(0.139173100960065,0.99026806874157,0.));
#3117=DIRECTION('',(0.139173100960065,0.99026806874157,0.));
#3118=DIRECTION('',(0.,0.,-1.));
#3119=DIRECTION('',(0.139173100960065,0.99026806874157,0.));
#3120=DIRECTION('',(0.,0.,-1.));
#3121=DIRECTION('center_axis',(0.,-1.,0.));
#3122=DIRECTION('ref_axis',(-1.,0.,0.));
#3123=DIRECTION('',(-1.,0.,0.));
#3124=DIRECTION('',(0.,0.,-1.));
#3125=DIRECTION('',(-1.,0.,0.));
#3126=DIRECTION('center_axis',(0.654287040015809,-0.756246301985901,0.));
#3127=DIRECTION('ref_axis',(-0.756246301985901,-0.654287040015809,0.));
#3128=DIRECTION('',(-0.756246301985901,-0.654287040015809,0.));
#3129=DIRECTION('',(0.,0.,-1.));
#3130=DIRECTION('',(-0.756246301985901,-0.654287040015809,0.));
#3131=DIRECTION('center_axis',(0.690350911244123,0.723474684660361,0.));
#3132=DIRECTION('ref_axis',(0.723474684660361,-0.690350911244123,0.));
#3133=DIRECTION('',(0.723474684660361,-0.690350911244123,0.));
#3134=DIRECTION('',(0.,0.,-1.));
#3135=DIRECTION('',(0.723474684660361,-0.690350911244123,0.));
#3136=DIRECTION('center_axis',(0.,1.,0.));
#3137=DIRECTION('ref_axis',(1.,0.,0.));
#3138=DIRECTION('',(1.,0.,0.));
#3139=DIRECTION('',(1.,0.,0.));
#3140=DIRECTION('center_axis',(0.,0.,-1.));
#3141=DIRECTION('ref_axis',(-1.,0.,0.));
#3142=DIRECTION('center_axis',(0.995775520914491,-0.09182108661672,0.));
#3143=DIRECTION('ref_axis',(-0.09182108661672,-0.995775520914491,0.));
#3144=DIRECTION('',(-0.09182108661672,-0.995775520914491,0.));
#3145=DIRECTION('',(0.,0.,-1.));
#3146=DIRECTION('',(-0.09182108661672,-0.995775520914491,0.));
#3147=DIRECTION('',(0.,0.,-1.));
#3148=DIRECTION('center_axis',(1.5939456556915E-16,1.,0.));
#3149=DIRECTION('ref_axis',(1.,-1.5939456556915E-16,0.));
#3150=DIRECTION('',(1.,-1.5939456556915E-16,0.));
#3151=DIRECTION('',(0.,0.,-1.));
#3152=DIRECTION('',(1.,-1.5939456556915E-16,0.));
#3153=DIRECTION('center_axis',(-0.705762979980558,0.708448033442795,0.));
#3154=DIRECTION('ref_axis',(0.708448033442795,0.705762979980558,0.));
#3155=DIRECTION('',(0.708448033442795,0.705762979980558,0.));
#3156=DIRECTION('',(0.,0.,-1.));
#3157=DIRECTION('',(0.708448033442795,0.705762979980558,0.));
#3158=DIRECTION('center_axis',(-0.818330514450835,-0.574747917889775,0.));
#3159=DIRECTION('ref_axis',(-0.574747917889775,0.818330514450835,0.));
#3160=DIRECTION('',(-0.574747917889775,0.818330514450835,0.));
#3161=DIRECTION('',(0.,0.,-1.));
#3162=DIRECTION('',(-0.574747917889775,0.818330514450835,0.));
#3163=DIRECTION('center_axis',(-7.74059884754516E-17,-1.,0.));
#3164=DIRECTION('ref_axis',(-1.,7.74059884754516E-17,0.));
#3165=DIRECTION('',(-1.,7.74059884754516E-17,0.));
#3166=DIRECTION('',(-1.,7.74059884754516E-17,0.));
#3167=DIRECTION('center_axis',(0.,0.,-1.));
#3168=DIRECTION('ref_axis',(-1.,0.,0.));
#3169=DIRECTION('center_axis',(-0.99026806874157,0.139173100960065,0.));
#3170=DIRECTION('ref_axis',(0.139173100960065,0.99026806874157,0.));
#3171=DIRECTION('',(0.139173100960065,0.99026806874157,0.));
#3172=DIRECTION('',(0.,0.,-1.));
#3173=DIRECTION('',(0.139173100960065,0.99026806874157,0.));
#3174=DIRECTION('',(0.,0.,-1.));
#3175=DIRECTION('center_axis',(-0.887118752052555,-0.461541243830622,0.));
#3176=DIRECTION('ref_axis',(-0.461541243830622,0.887118752052555,0.));
#3177=DIRECTION('',(-0.461541243830622,0.887118752052555,0.));
#3178=DIRECTION('',(0.,0.,-1.));
#3179=DIRECTION('',(-0.461541243830622,0.887118752052555,0.));
#3180=DIRECTION('center_axis',(0.990268068741571,-0.13917310096006,0.));
#3181=DIRECTION('ref_axis',(-0.13917310096006,-0.990268068741571,0.));
#3182=DIRECTION('',(-0.13917310096006,-0.990268068741571,0.));
#3183=DIRECTION('',(0.,0.,-1.));
#3184=DIRECTION('',(-0.13917310096006,-0.990268068741571,0.));
#3185=DIRECTION('center_axis',(0.887118752052555,0.461541243830622,0.));
#3186=DIRECTION('ref_axis',(0.461541243830622,-0.887118752052555,0.));
#3187=DIRECTION('',(0.461541243830622,-0.887118752052555,0.));
#3188=DIRECTION('',(0.461541243830622,-0.887118752052555,0.));
#3189=DIRECTION('center_axis',(0.,0.,-1.));
#3190=DIRECTION('ref_axis',(-1.,0.,0.));
#3191=DIRECTION('center_axis',(-0.818330514449673,-0.57474791789143,0.));
#3192=DIRECTION('ref_axis',(-0.57474791789143,0.818330514449673,0.));
#3193=DIRECTION('',(-0.57474791789143,0.818330514449673,0.));
#3194=DIRECTION('',(0.,0.,-1.));
#3195=DIRECTION('',(-0.574747917891429,0.818330514449673,0.));
#3196=DIRECTION('',(0.,0.,-1.));
#3197=DIRECTION('center_axis',(0.705762979980557,-0.708448033442795,0.));
#3198=DIRECTION('ref_axis',(-0.708448033442795,-0.705762979980557,0.));
#3199=DIRECTION('',(-0.708448033442795,-0.705762979980557,0.));
#3200=DIRECTION('',(0.,0.,-1.));
#3201=DIRECTION('',(-0.708448033442795,-0.705762979980557,0.));
#3202=DIRECTION('center_axis',(0.990268068739587,-0.139173100974178,0.));
#3203=DIRECTION('ref_axis',(-0.139173100974178,-0.990268068739587,0.));
#3204=DIRECTION('',(-0.139173100974178,-0.990268068739587,0.));
#3205=DIRECTION('',(0.,0.,-1.));
#3206=DIRECTION('',(-0.139173100974178,-0.990268068739587,0.));
#3207=DIRECTION('center_axis',(0.723249296232005,0.690587036875085,0.));
#3208=DIRECTION('ref_axis',(0.690587036875085,-0.723249296232005,0.));
#3209=DIRECTION('',(0.690587036875085,-0.723249296232005,0.));
#3210=DIRECTION('',(0.,0.,-1.));
#3211=DIRECTION('',(0.690587036875085,-0.723249296232005,0.));
#3212=DIRECTION('center_axis',(-0.767755104141565,0.640743396426818,0.));
#3213=DIRECTION('ref_axis',(0.640743396426818,0.767755104141565,0.));
#3214=DIRECTION('',(0.640743396426818,0.767755104141565,0.));
#3215=DIRECTION('',(0.,0.,-1.));
#3216=DIRECTION('',(0.640743396426818,0.767755104141565,0.));
#3217=DIRECTION('center_axis',(-0.990268068739364,0.139173100975764,0.));
#3218=DIRECTION('ref_axis',(0.139173100975764,0.990268068739364,0.));
#3219=DIRECTION('',(0.139173100975764,0.990268068739364,0.));
#3220=DIRECTION('',(0.139173100975764,0.990268068739364,0.));
#3221=DIRECTION('center_axis',(0.,0.,-1.));
#3222=DIRECTION('ref_axis',(-1.,0.,0.));
#3223=DIRECTION('center_axis',(0.99026806874157,-0.139173100960065,0.));
#3224=DIRECTION('ref_axis',(-0.139173100960065,-0.99026806874157,0.));
#3225=DIRECTION('',(-0.139173100960065,-0.99026806874157,0.));
#3226=DIRECTION('',(0.,0.,-1.));
#3227=DIRECTION('',(-0.139173100960065,-0.99026806874157,0.));
#3228=DIRECTION('',(0.,0.,-1.));
#3229=DIRECTION('center_axis',(0.,1.,0.));
#3230=DIRECTION('ref_axis',(1.,0.,0.));
#3231=DIRECTION('',(1.,0.,0.));
#3232=DIRECTION('',(0.,0.,-1.));
#3233=DIRECTION('',(1.,0.,0.));
#3234=DIRECTION('center_axis',(-0.726234333295346,0.687447229351508,0.));
#3235=DIRECTION('ref_axis',(0.687447229351508,0.726234333295346,0.));
#3236=DIRECTION('',(0.687447229351508,0.726234333295346,0.));
#3237=DIRECTION('',(0.,0.,-1.));
#3238=DIRECTION('',(0.687447229351508,0.726234333295346,0.));
#3239=DIRECTION('center_axis',(-0.621017441635839,-0.783796744815949,0.));
#3240=DIRECTION('ref_axis',(-0.783796744815949,0.621017441635839,0.));
#3241=DIRECTION('',(-0.783796744815949,0.621017441635839,0.));
#3242=DIRECTION('',(0.,0.,-1.));
#3243=DIRECTION('',(-0.783796744815949,0.621017441635839,0.));
#3244=DIRECTION('center_axis',(0.,-1.,0.));
#3245=DIRECTION('ref_axis',(-1.,0.,0.));
#3246=DIRECTION('',(-1.,0.,0.));
#3247=DIRECTION('',(-1.,0.,0.));
#3248=DIRECTION('center_axis',(0.,0.,-1.));
#3249=DIRECTION('ref_axis',(-1.,0.,0.));
#3250=DIRECTION('center_axis',(-0.99026806874157,0.139173100960065,0.));
#3251=DIRECTION('ref_axis',(0.139173100960065,0.99026806874157,0.));
#3252=DIRECTION('',(0.139173100960065,0.99026806874157,0.));
#3253=DIRECTION('',(0.,0.,-1.));
#3254=DIRECTION('',(0.139173100960065,0.99026806874157,0.));
#3255=DIRECTION('',(0.,0.,-1.));
#3256=DIRECTION('center_axis',(0.,-1.,0.));
#3257=DIRECTION('ref_axis',(-1.,0.,0.));
#3258=DIRECTION('',(-1.,0.,0.));
#3259=DIRECTION('',(0.,0.,-1.));
#3260=DIRECTION('',(-1.,0.,0.));
#3261=DIRECTION('center_axis',(0.658123016135617,-0.75291041673798,0.));
#3262=DIRECTION('ref_axis',(-0.75291041673798,-0.658123016135617,0.));
#3263=DIRECTION('',(-0.75291041673798,-0.658123016135617,0.));
#3264=DIRECTION('',(0.,0.,-1.));
#3265=DIRECTION('',(-0.75291041673798,-0.658123016135617,0.));
#3266=DIRECTION('center_axis',(0.82546226572422,0.564457303846303,0.));
#3267=DIRECTION('ref_axis',(0.564457303846303,-0.82546226572422,0.));
#3268=DIRECTION('',(0.564457303846303,-0.82546226572422,0.));
#3269=DIRECTION('',(0.,0.,-1.));
#3270=DIRECTION('',(0.564457303846303,-0.82546226572422,0.));
#3271=DIRECTION('center_axis',(0.,1.,0.));
#3272=DIRECTION('ref_axis',(1.,0.,0.));
#3273=DIRECTION('',(1.,0.,0.));
#3274=DIRECTION('',(1.,0.,0.));
#3275=DIRECTION('center_axis',(0.,0.,-1.));
#3276=DIRECTION('ref_axis',(-1.,0.,0.));
#3277=DIRECTION('center_axis',(-0.99711789536795,0.0758676659519089,0.));
#3278=DIRECTION('ref_axis',(0.0758676659519089,0.99711789536795,0.));
#3279=DIRECTION('',(0.0758676659519089,0.99711789536795,0.));
#3280=DIRECTION('',(0.,0.,-1.));
#3281=DIRECTION('',(0.0758676659519089,0.99711789536795,0.));
#3282=DIRECTION('',(0.,0.,-1.));
#3283=DIRECTION('center_axis',(-1.50774903864355E-16,-1.,0.));
#3284=DIRECTION('ref_axis',(-1.,1.50774903864355E-16,0.));
#3285=DIRECTION('',(-1.,1.50774903864355E-16,0.));
#3286=DIRECTION('',(0.,0.,-1.));
#3287=DIRECTION('',(-1.,1.50774903864355E-16,0.));
#3288=DIRECTION('center_axis',(0.667385661219271,-0.744712279473702,0.));
#3289=DIRECTION('ref_axis',(-0.744712279473702,-0.667385661219271,0.));
#3290=DIRECTION('',(-0.744712279473702,-0.667385661219271,0.));
#3291=DIRECTION('',(0.,0.,-1.));
#3292=DIRECTION('',(-0.744712279473702,-0.667385661219271,0.));
#3293=DIRECTION('center_axis',(0.701184795685541,0.712979580562744,0.));
#3294=DIRECTION('ref_axis',(0.712979580562744,-0.701184795685541,0.));
#3295=DIRECTION('',(0.712979580562744,-0.701184795685541,0.));
#3296=DIRECTION('',(0.,0.,-1.));
#3297=DIRECTION('',(0.712979580562744,-0.701184795685541,0.));
#3298=DIRECTION('center_axis',(0.,1.,0.));
#3299=DIRECTION('ref_axis',(1.,0.,0.));
#3300=DIRECTION('',(1.,0.,0.));
#3301=DIRECTION('',(1.,0.,0.));
#3302=DIRECTION('center_axis',(0.,0.,-1.));
#3303=DIRECTION('ref_axis',(-1.,0.,0.));
#3304=DIRECTION('center_axis',(0.99026806874157,-0.139173100960066,0.));
#3305=DIRECTION('ref_axis',(-0.139173100960066,-0.99026806874157,0.));
#3306=DIRECTION('',(-0.139173100960066,-0.99026806874157,0.));
#3307=DIRECTION('',(0.,0.,-1.));
#3308=DIRECTION('',(-0.139173100960066,-0.99026806874157,0.));
#3309=DIRECTION('',(0.,0.,-1.));
#3310=DIRECTION('center_axis',(-0.00120584863904135,0.999999272964266,0.));
#3311=DIRECTION('ref_axis',(0.999999272964266,0.00120584863904135,0.));
#3312=DIRECTION('',(0.999999272964266,0.00120584863904135,0.));
#3313=DIRECTION('',(0.,0.,-1.));
#3314=DIRECTION('',(0.999999272964266,0.00120584863904135,0.));
#3315=DIRECTION('center_axis',(-0.99026806874157,0.139173100960066,0.));
#3316=DIRECTION('ref_axis',(0.139173100960066,0.99026806874157,0.));
#3317=DIRECTION('',(0.139173100960066,0.99026806874157,0.));
#3318=DIRECTION('',(0.,0.,-1.));
#3319=DIRECTION('',(0.139173100960066,0.99026806874157,0.));
#3320=DIRECTION('center_axis',(-0.0378684617751312,-0.999282732565106,0.));
#3321=DIRECTION('ref_axis',(-0.999282732565106,0.0378684617751312,0.));
#3322=DIRECTION('',(-0.999282732565106,0.0378684617751312,0.));
#3323=DIRECTION('',(-0.999282732565106,0.0378684617751312,0.));
#3324=DIRECTION('center_axis',(0.,0.,-1.));
#3325=DIRECTION('ref_axis',(-1.,0.,0.));
#3326=DIRECTION('center_axis',(-0.99026806640529,0.139173117583565,0.));
#3327=DIRECTION('ref_axis',(0.139173117583565,0.99026806640529,0.));
#3328=DIRECTION('',(0.139173117583565,0.99026806640529,0.));
#3329=DIRECTION('',(0.,0.,-1.));
#3330=DIRECTION('',(0.139173117583565,0.99026806640529,0.));
#3331=DIRECTION('',(0.,0.,-1.));
#3332=DIRECTION('center_axis',(0.75742017035784,-0.652927779723838,0.));
#3333=DIRECTION('ref_axis',(-0.652927779723838,-0.75742017035784,0.));
#3334=DIRECTION('',(-0.652927779723838,-0.75742017035784,0.));
#3335=DIRECTION('',(0.,0.,-1.));
#3336=DIRECTION('',(-0.652927779723838,-0.75742017035784,0.));
#3337=DIRECTION('center_axis',(0.99026806640529,-0.139173117583563,0.));
#3338=DIRECTION('ref_axis',(-0.139173117583563,-0.99026806640529,0.));
#3339=DIRECTION('',(-0.139173117583563,-0.99026806640529,0.));
#3340=DIRECTION('',(0.,0.,-1.));
#3341=DIRECTION('',(-0.139173117583563,-0.99026806640529,0.));
#3342=DIRECTION('center_axis',(-0.75742017035784,0.652927779723838,0.));
#3343=DIRECTION('ref_axis',(0.652927779723838,0.75742017035784,0.));
#3344=DIRECTION('',(0.652927779723838,0.75742017035784,0.));
#3345=DIRECTION('',(0.652927779723838,0.75742017035784,0.));
#3346=DIRECTION('center_axis',(0.,0.,-1.));
#3347=DIRECTION('ref_axis',(-1.,0.,0.));
#3348=DIRECTION('center_axis',(-0.723249296231683,-0.690587036875422,0.));
#3349=DIRECTION('ref_axis',(-0.690587036875422,0.723249296231683,0.));
#3350=DIRECTION('',(-0.690587036875422,0.723249296231683,0.));
#3351=DIRECTION('',(0.,0.,-1.));
#3352=DIRECTION('',(-0.690587036875422,0.723249296231683,0.));
#3353=DIRECTION('',(0.,0.,-1.));
#3354=DIRECTION('center_axis',(3.12404718388225E-16,-1.,0.));
#3355=DIRECTION('ref_axis',(-1.,-3.12404718388225E-16,0.));
#3356=DIRECTION('',(-1.,-3.12404718388225E-16,0.));
#3357=DIRECTION('',(0.,0.,-1.));
#3358=DIRECTION('',(-1.,-3.12404718388225E-16,0.));
#3359=DIRECTION('center_axis',(0.99026806874157,-0.139173100960065,0.));
#3360=DIRECTION('ref_axis',(-0.139173100960065,-0.99026806874157,0.));
#3361=DIRECTION('',(-0.139173100960065,-0.99026806874157,0.));
#3362=DIRECTION('',(0.,0.,-1.));
#3363=DIRECTION('',(-0.139173100960065,-0.99026806874157,0.));
#3364=DIRECTION('center_axis',(0.,1.,0.));
#3365=DIRECTION('ref_axis',(1.,0.,0.));
#3366=DIRECTION('',(1.,0.,0.));
#3367=DIRECTION('',(0.,0.,-1.));
#3368=DIRECTION('',(1.,0.,0.));
#3369=DIRECTION('center_axis',(-0.767755104141557,0.640743396426827,0.));
#3370=DIRECTION('ref_axis',(0.640743396426827,0.767755104141557,0.));
#3371=DIRECTION('',(0.640743396426827,0.767755104141557,0.));
#3372=DIRECTION('',(0.640743396426827,0.767755104141557,0.));
#3373=DIRECTION('center_axis',(0.,0.,-1.));
#3374=DIRECTION('ref_axis',(-1.,0.,0.));
#3375=DIRECTION('center_axis',(0.658123016135618,-0.752910416737979,0.));
#3376=DIRECTION('ref_axis',(-0.752910416737979,-0.658123016135618,0.));
#3377=DIRECTION('',(-0.752910416737979,-0.658123016135618,0.));
#3378=DIRECTION('',(0.,0.,-1.));
#3379=DIRECTION('',(-0.752910416737979,-0.658123016135618,0.));
#3380=DIRECTION('',(0.,0.,-1.));
#3381=DIRECTION('center_axis',(0.99026806874157,-0.139173100960065,0.));
#3382=DIRECTION('ref_axis',(-0.139173100960065,-0.99026806874157,0.));
#3383=DIRECTION('',(-0.139173100960065,-0.99026806874157,0.));
#3384=DIRECTION('',(0.,0.,-1.));
#3385=DIRECTION('',(-0.139173100960065,-0.99026806874157,0.));
#3386=DIRECTION('center_axis',(0.70118479568554,0.712979580562745,0.));
#3387=DIRECTION('ref_axis',(0.712979580562745,-0.70118479568554,0.));
#3388=DIRECTION('',(0.712979580562745,-0.70118479568554,0.));
#3389=DIRECTION('',(0.,0.,-1.));
#3390=DIRECTION('',(0.712979580562745,-0.70118479568554,0.));
#3391=DIRECTION('center_axis',(-0.66738566121927,0.744712279473702,0.));
#3392=DIRECTION('ref_axis',(0.744712279473702,0.66738566121927,0.));
#3393=DIRECTION('',(0.744712279473702,0.66738566121927,0.));
#3394=DIRECTION('',(0.,0.,-1.));
#3395=DIRECTION('',(0.744712279473702,0.66738566121927,0.));
#3396=DIRECTION('center_axis',(-0.99026806874157,0.139173100960066,0.));
#3397=DIRECTION('ref_axis',(0.139173100960066,0.99026806874157,0.));
#3398=DIRECTION('',(0.139173100960066,0.99026806874157,0.));
#3399=DIRECTION('',(0.,0.,-1.));
#3400=DIRECTION('',(0.139173100960066,0.99026806874157,0.));
#3401=DIRECTION('center_axis',(-0.825462265724218,-0.564457303846305,0.));
#3402=DIRECTION('ref_axis',(-0.564457303846305,0.825462265724218,0.));
#3403=DIRECTION('',(-0.564457303846305,0.825462265724218,0.));
#3404=DIRECTION('',(-0.564457303846305,0.825462265724218,0.));
#3405=DIRECTION('center_axis',(0.,0.,-1.));
#3406=DIRECTION('ref_axis',(-1.,0.,0.));
#3407=DIRECTION('center_axis',(-0.990268068741684,0.139173100959258,0.));
#3408=DIRECTION('ref_axis',(0.139173100959258,0.990268068741684,0.));
#3409=DIRECTION('',(0.139173100959258,0.990268068741684,0.));
#3410=DIRECTION('',(0.,0.,-1.));
#3411=DIRECTION('',(0.139173100959258,0.990268068741684,0.));
#3412=DIRECTION('',(0.,0.,-1.));
#3413=DIRECTION('center_axis',(0.739647491398931,-0.672994493638149,0.));
#3414=DIRECTION('ref_axis',(-0.672994493638149,-0.739647491398931,0.));
#3415=DIRECTION('',(-0.672994493638149,-0.739647491398931,0.));
#3416=DIRECTION('',(0.,0.,-1.));
#3417=DIRECTION('',(-0.672994493638149,-0.739647491398931,0.));
#3418=DIRECTION('center_axis',(0.99026806874157,-0.139173100960066,0.));
#3419=DIRECTION('ref_axis',(-0.139173100960066,-0.99026806874157,0.));
#3420=DIRECTION('',(-0.139173100960066,-0.99026806874157,0.));
#3421=DIRECTION('',(0.,0.,-1.));
#3422=DIRECTION('',(-0.139173100960066,-0.99026806874157,0.));
#3423=DIRECTION('center_axis',(-0.739647491399805,0.672994493637188,0.));
#3424=DIRECTION('ref_axis',(0.672994493637188,0.739647491399805,0.));
#3425=DIRECTION('',(0.672994493637188,0.739647491399805,0.));
#3426=DIRECTION('',(0.672994493637188,0.739647491399805,0.));
#3427=DIRECTION('center_axis',(0.,0.,-1.));
#3428=DIRECTION('ref_axis',(-1.,0.,0.));
#3429=DIRECTION('center_axis',(0.726234333295347,-0.687447229351507,0.));
#3430=DIRECTION('ref_axis',(-0.687447229351507,-0.726234333295347,0.));
#3431=DIRECTION('',(-0.687447229351507,-0.726234333295347,0.));
#3432=DIRECTION('',(0.,0.,-1.));
#3433=DIRECTION('',(-0.687447229351507,-0.726234333295347,0.));
#3434=DIRECTION('',(0.,0.,-1.));
#3435=DIRECTION('center_axis',(0.990268068741508,-0.139173100960509,0.));
#3436=DIRECTION('ref_axis',(-0.139173100960509,-0.990268068741508,0.));
#3437=DIRECTION('',(-0.139173100960509,-0.990268068741508,0.));
#3438=DIRECTION('',(0.,0.,-1.));
#3439=DIRECTION('',(-0.139173100960509,-0.990268068741508,0.));
#3440=DIRECTION('center_axis',(0.818330514451364,0.574747917889023,0.));
#3441=DIRECTION('ref_axis',(0.574747917889023,-0.818330514451363,0.));
#3442=DIRECTION('',(0.574747917889023,-0.818330514451363,0.));
#3443=DIRECTION('',(0.,0.,-1.));
#3444=DIRECTION('',(0.574747917889023,-0.818330514451364,0.));
#3445=DIRECTION('center_axis',(-0.705762979980557,0.708448033442795,0.));
#3446=DIRECTION('ref_axis',(0.708448033442795,0.705762979980557,0.));
#3447=DIRECTION('',(0.708448033442795,0.705762979980557,0.));
#3448=DIRECTION('',(0.,0.,-1.));
#3449=DIRECTION('',(0.708448033442795,0.705762979980557,0.));
#3450=DIRECTION('center_axis',(-0.990268068741654,0.139173100959472,0.));
#3451=DIRECTION('ref_axis',(0.139173100959472,0.990268068741654,0.));
#3452=DIRECTION('',(0.139173100959472,0.990268068741654,0.));
#3453=DIRECTION('',(0.,0.,-1.));
#3454=DIRECTION('',(0.139173100959472,0.990268068741654,0.));
#3455=DIRECTION('center_axis',(-0.621017441635839,-0.783796744815949,0.));
#3456=DIRECTION('ref_axis',(-0.783796744815949,0.621017441635839,0.));
#3457=DIRECTION('',(-0.783796744815949,0.621017441635839,0.));
#3458=DIRECTION('',(-0.783796744815949,0.621017441635839,0.));
#3459=DIRECTION('center_axis',(0.,0.,-1.));
#3460=DIRECTION('ref_axis',(-1.,0.,0.));
#3461=DIRECTION('center_axis',(0.99026806875276,-0.139173100880444,0.));
#3462=DIRECTION('ref_axis',(-0.139173100880444,-0.99026806875276,0.));
#3463=DIRECTION('',(-0.139173100880444,-0.99026806875276,0.));
#3464=DIRECTION('',(0.,0.,-1.));
#3465=DIRECTION('',(-0.139173100880444,-0.99026806875276,0.));
#3466=DIRECTION('',(0.,0.,-1.));
#3467=DIRECTION('center_axis',(-1.71784126693399E-16,1.,0.));
#3468=DIRECTION('ref_axis',(1.,1.71784126693399E-16,0.));
#3469=DIRECTION('',(1.,1.71784126693399E-16,0.));
#3470=DIRECTION('',(0.,0.,-1.));
#3471=DIRECTION('',(1.,1.71784126693399E-16,0.));
#3472=DIRECTION('center_axis',(-0.99026806874157,0.139173100960065,0.));
#3473=DIRECTION('ref_axis',(0.139173100960065,0.99026806874157,0.));
#3474=DIRECTION('',(0.139173100960065,0.99026806874157,0.));
#3475=DIRECTION('',(0.,0.,-1.));
#3476=DIRECTION('',(0.139173100960065,0.99026806874157,0.));
#3477=DIRECTION('center_axis',(-6.87136506542488E-16,-1.,0.));
#3478=DIRECTION('ref_axis',(-1.,6.87136506542488E-16,0.));
#3479=DIRECTION('',(-1.,6.87136506542488E-16,0.));
#3480=DIRECTION('',(-1.,6.87136506542488E-16,0.));
#3481=DIRECTION('center_axis',(0.,0.,-1.));
#3482=DIRECTION('ref_axis',(-1.,0.,0.));
#3483=DIRECTION('center_axis',(0.,0.,-1.));
#3484=DIRECTION('ref_axis',(-1.,0.,0.));
#3485=DIRECTION('center_axis',(0.,0.,-1.));
#3486=DIRECTION('ref_axis',(-1.,0.,0.));
#3487=DIRECTION('',(0.,0.,-1.));
#3488=DIRECTION('center_axis',(0.,0.,-1.));
#3489=DIRECTION('ref_axis',(-1.,0.,0.));
#3490=DIRECTION('center_axis',(0.,0.,1.));
#3491=DIRECTION('ref_axis',(-1.,0.,0.));
#3492=DIRECTION('center_axis',(-0.99026806640525,0.139173117583849,0.));
#3493=DIRECTION('ref_axis',(0.139173117583849,0.99026806640525,0.));
#3494=DIRECTION('',(0.139173117583849,0.99026806640525,0.));
#3495=DIRECTION('',(0.,0.,-1.));
#3496=DIRECTION('',(0.139173117583849,0.99026806640525,0.));
#3497=DIRECTION('',(0.,0.,-1.));
#3498=DIRECTION('center_axis',(-0.908050298301344,-0.418861141376041,0.));
#3499=DIRECTION('ref_axis',(-0.418861141376041,0.908050298301344,0.));
#3500=DIRECTION('',(-0.418861141376041,0.908050298301344,0.));
#3501=DIRECTION('',(0.,0.,-1.));
#3502=DIRECTION('',(-0.418861141376041,0.908050298301344,0.));
#3503=DIRECTION('center_axis',(0.99026806640529,-0.139173117583565,0.));
#3504=DIRECTION('ref_axis',(-0.139173117583565,-0.99026806640529,0.));
#3505=DIRECTION('',(-0.139173117583565,-0.99026806640529,0.));
#3506=DIRECTION('',(0.,0.,-1.));
#3507=DIRECTION('',(-0.139173117583565,-0.99026806640529,0.));
#3508=DIRECTION('center_axis',(0.908050298301344,0.418861141376041,0.));
#3509=DIRECTION('ref_axis',(0.418861141376041,-0.908050298301344,0.));
#3510=DIRECTION('',(0.418861141376041,-0.908050298301344,0.));
#3511=DIRECTION('',(0.418861141376041,-0.908050298301344,0.));
#3512=DIRECTION('center_axis',(0.,0.,-1.));
#3513=DIRECTION('ref_axis',(-1.,0.,0.));
#3514=DIRECTION('center_axis',(0.66738566121927,-0.744712279473703,0.));
#3515=DIRECTION('ref_axis',(-0.744712279473703,-0.66738566121927,0.));
#3516=DIRECTION('',(-0.744712279473703,-0.66738566121927,0.));
#3517=DIRECTION('',(0.,0.,-1.));
#3518=DIRECTION('',(-0.744712279473703,-0.66738566121927,0.));
#3519=DIRECTION('',(0.,0.,-1.));
#3520=DIRECTION('center_axis',(0.99026806874157,-0.139173100960065,0.));
#3521=DIRECTION('ref_axis',(-0.139173100960065,-0.99026806874157,0.));
#3522=DIRECTION('',(-0.139173100960065,-0.99026806874157,0.));
#3523=DIRECTION('',(0.,0.,-1.));
#3524=DIRECTION('',(-0.139173100960065,-0.99026806874157,0.));
#3525=DIRECTION('center_axis',(0.690350911244125,0.723474684660359,0.));
#3526=DIRECTION('ref_axis',(0.723474684660359,-0.690350911244125,0.));
#3527=DIRECTION('',(0.723474684660359,-0.690350911244125,0.));
#3528=DIRECTION('',(0.,0.,-1.));
#3529=DIRECTION('',(0.723474684660359,-0.690350911244125,0.));
#3530=DIRECTION('center_axis',(-0.654287040015807,0.756246301985903,0.));
#3531=DIRECTION('ref_axis',(0.756246301985903,0.654287040015807,0.));
#3532=DIRECTION('',(0.756246301985903,0.654287040015807,0.));
#3533=DIRECTION('',(0.,0.,-1.));
#3534=DIRECTION('',(0.756246301985903,0.654287040015807,0.));
#3535=DIRECTION('center_axis',(-0.99026806874157,0.139173100960065,0.));
#3536=DIRECTION('ref_axis',(0.139173100960065,0.99026806874157,0.));
#3537=DIRECTION('',(0.139173100960065,0.99026806874157,0.));
#3538=DIRECTION('',(0.,0.,-1.));
#3539=DIRECTION('',(0.139173100960065,0.99026806874157,0.));
#3540=DIRECTION('center_axis',(-0.701184795685541,-0.712979580562744,0.));
#3541=DIRECTION('ref_axis',(-0.712979580562744,0.701184795685541,0.));
#3542=DIRECTION('',(-0.712979580562744,0.701184795685541,0.));
#3543=DIRECTION('',(-0.712979580562744,0.70118479568554,0.));
#3544=DIRECTION('center_axis',(0.,0.,-1.));
#3545=DIRECTION('ref_axis',(-1.,0.,0.));
#3546=DIRECTION('center_axis',(1.,0.,0.));
#3547=DIRECTION('ref_axis',(0.,1.,0.));
#3548=DIRECTION('',(0.,1.,0.));
#3549=DIRECTION('',(0.,0.,1.));
#3550=DIRECTION('',(0.,1.,0.));
#3551=DIRECTION('',(0.,0.,1.));
#3552=DIRECTION('center_axis',(0.,-1.,0.));
#3553=DIRECTION('ref_axis',(1.,0.,0.));
#3554=DIRECTION('',(1.,0.,0.));
#3555=DIRECTION('',(0.,0.,1.));
#3556=DIRECTION('',(1.,0.,0.));
#3557=DIRECTION('center_axis',(1.,0.,0.));
#3558=DIRECTION('ref_axis',(0.,1.,0.));
#3559=DIRECTION('',(0.,1.,0.));
#3560=DIRECTION('',(0.,0.,-1.));
#3561=DIRECTION('',(0.,1.,0.));
#3562=DIRECTION('center_axis',(-1.,0.,0.));
#3563=DIRECTION('ref_axis',(0.,-1.,0.));
#3564=DIRECTION('',(0.,-1.,0.));
#3565=DIRECTION('',(0.,0.,1.));
#3566=DIRECTION('',(0.,-1.,0.));
#3567=DIRECTION('',(0.,0.,1.));
#3568=DIRECTION('center_axis',(0.,-1.,0.));
#3569=DIRECTION('ref_axis',(1.,0.,0.));
#3570=DIRECTION('',(1.,0.,0.));
#3571=DIRECTION('',(0.,0.,1.));
#3572=DIRECTION('',(1.,0.,0.));
#3573=DIRECTION('center_axis',(-1.,0.,0.));
#3574=DIRECTION('ref_axis',(0.,-1.,0.));
#3575=DIRECTION('',(0.,-1.,0.));
#3576=DIRECTION('',(0.,0.,1.));
#3577=DIRECTION('',(0.,-1.,0.));
#3578=DIRECTION('center_axis',(0.,-1.,0.));
#3579=DIRECTION('ref_axis',(1.,0.,0.));
#3580=DIRECTION('',(1.,0.,0.));
#3581=DIRECTION('',(0.,0.,-1.));
#3582=DIRECTION('',(1.,0.,0.));
#3583=DIRECTION('center_axis',(0.,1.,0.));
#3584=DIRECTION('ref_axis',(-1.,0.,0.));
#3585=DIRECTION('',(-1.,0.,0.));
#3586=DIRECTION('',(0.,0.,1.));
#3587=DIRECTION('',(-1.,0.,0.));
#3588=DIRECTION('',(0.,0.,1.));
#3589=DIRECTION('center_axis',(-1.,0.,0.));
#3590=DIRECTION('ref_axis',(0.,-1.,0.));
#3591=DIRECTION('',(0.,-1.,0.));
#3592=DIRECTION('',(0.,0.,1.));
#3593=DIRECTION('',(0.,-1.,0.));
#3594=DIRECTION('center_axis',(0.,1.,0.));
#3595=DIRECTION('ref_axis',(-1.,0.,0.));
#3596=DIRECTION('',(-1.,0.,0.));
#3597=DIRECTION('',(0.,0.,1.));
#3598=DIRECTION('',(-1.,0.,0.));
#3599=DIRECTION('center_axis',(-1.,0.,0.));
#3600=DIRECTION('ref_axis',(0.,-1.,0.));
#3601=DIRECTION('',(0.,-1.,0.));
#3602=DIRECTION('',(0.,0.,-1.));
#3603=DIRECTION('',(0.,-1.,0.));
#3604=DIRECTION('center_axis',(1.,0.,0.));
#3605=DIRECTION('ref_axis',(0.,1.,0.));
#3606=DIRECTION('',(0.,1.,0.));
#3607=DIRECTION('',(0.,0.,1.));
#3608=DIRECTION('',(0.,1.,0.));
#3609=DIRECTION('',(0.,0.,1.));
#3610=DIRECTION('center_axis',(0.,1.,0.));
#3611=DIRECTION('ref_axis',(-1.,0.,0.));
#3612=DIRECTION('',(-1.,0.,0.));
#3613=DIRECTION('',(0.,0.,1.));
#3614=DIRECTION('',(-1.,0.,0.));
#3615=DIRECTION('center_axis',(1.,0.,0.));
#3616=DIRECTION('ref_axis',(0.,1.,0.));
#3617=DIRECTION('',(0.,1.,0.));
#3618=DIRECTION('',(0.,0.,1.));
#3619=DIRECTION('',(0.,1.,0.));
#3620=DIRECTION('center_axis',(0.,1.,0.));
#3621=DIRECTION('ref_axis',(-1.,0.,0.));
#3622=DIRECTION('',(-1.,0.,0.));
#3623=DIRECTION('',(0.,0.,-1.));
#3624=DIRECTION('',(-1.,0.,0.));
#3625=DIRECTION('center_axis',(0.,-1.,0.));
#3626=DIRECTION('ref_axis',(1.,0.,0.));
#3627=DIRECTION('',(1.,0.,0.));
#3628=DIRECTION('',(1.,0.,0.));
#3629=DIRECTION('',(0.,0.,1.));
#3630=DIRECTION('center_axis',(0.,0.,1.));
#3631=DIRECTION('ref_axis',(1.,0.,0.));
#3632=DIRECTION('',(1.,0.,0.));
#3633=DIRECTION('',(0.,-1.,0.));
#3634=DIRECTION('',(-1.,0.,0.));
#3635=DIRECTION('',(0.,1.,0.));
#3636=DIRECTION('center_axis',(0.,-1.,0.));
#3637=DIRECTION('ref_axis',(1.,0.,0.));
#3638=DIRECTION('',(-1.,0.,0.));
#3639=DIRECTION('',(0.,0.,1.));
#3640=DIRECTION('',(1.,0.,0.));
#3641=DIRECTION('',(0.,0.,1.));
#3642=DIRECTION('',(-1.,0.,0.));
#3643=DIRECTION('center_axis',(0.,0.,1.));
#3644=DIRECTION('ref_axis',(1.,0.,0.));
#3645=DIRECTION('',(0.,-1.,0.));
#3646=DIRECTION('center_axis',(0.,0.,1.));
#3647=DIRECTION('ref_axis',(1.,0.,0.));
#3648=DIRECTION('',(1.,0.,0.));
#3649=DIRECTION('',(0.,-1.,0.));
#3650=DIRECTION('center_axis',(0.,0.,1.));
#3651=DIRECTION('ref_axis',(1.,0.,0.));
#3652=DIRECTION('',(0.,1.,0.));
#3653=DIRECTION('',(1.,0.,0.));
#3654=DIRECTION('center_axis',(0.,0.,1.));
#3655=DIRECTION('ref_axis',(1.,0.,0.));
#3656=DIRECTION('',(0.,1.,0.));
#3657=DIRECTION('center_axis',(1.,0.,0.));
#3658=DIRECTION('ref_axis',(0.,1.,0.));
#3659=DIRECTION('',(0.,0.,1.));
#3660=DIRECTION('',(0.,1.,0.));
#3661=DIRECTION('center_axis',(-1.,0.,0.));
#3662=DIRECTION('ref_axis',(0.,-1.,0.));
#3663=DIRECTION('',(0.,-1.,0.));
#3664=DIRECTION('',(0.,0.,1.));
#3665=DIRECTION('center_axis',(0.,1.,0.));
#3666=DIRECTION('ref_axis',(-1.,0.,0.));
#3667=DIRECTION('',(-1.,0.,0.));
#3668=DIRECTION('center_axis',(0.,0.,1.));
#3669=DIRECTION('ref_axis',(1.,0.,0.));
#3670=DIRECTION('axis',(0.,0.,1.));
#3671=DIRECTION('refdir',(1.,0.,0.));
#3672=DIRECTION('center_axis',(0.,0.,-1.));
#3673=DIRECTION('ref_axis',(1.,0.,0.));
#3674=DIRECTION('center_axis',(0.,0.,-1.));
#3675=DIRECTION('ref_axis',(1.,0.,0.));
#3676=DIRECTION('',(0.,0.,1.));
#3677=DIRECTION('center_axis',(0.,0.,-1.));
#3678=DIRECTION('ref_axis',(1.,0.,0.));
#3679=DIRECTION('center_axis',(0.,0.,-1.));
#3680=DIRECTION('ref_axis',(1.,0.,0.));
#3681=DIRECTION('center_axis',(0.,0.,-1.));
#3682=DIRECTION('ref_axis',(1.,0.,0.));
#3683=DIRECTION('center_axis',(0.,0.,-1.));
#3684=DIRECTION('ref_axis',(1.,0.,0.));
#3685=DIRECTION('center_axis',(0.,0.,-1.));
#3686=DIRECTION('ref_axis',(1.,0.,0.));
#3687=DIRECTION('',(0.,0.,1.));
#3688=DIRECTION('center_axis',(0.,0.,-1.));
#3689=DIRECTION('ref_axis',(1.,0.,0.));
#3690=DIRECTION('center_axis',(0.,0.,-1.));
#3691=DIRECTION('ref_axis',(1.,0.,0.));
#3692=DIRECTION('center_axis',(0.,0.,-1.));
#3693=DIRECTION('ref_axis',(1.,0.,0.));
#3694=DIRECTION('center_axis',(0.,0.,-1.));
#3695=DIRECTION('ref_axis',(1.,0.,0.));
#3696=DIRECTION('center_axis',(0.,0.,-1.));
#3697=DIRECTION('ref_axis',(1.,0.,0.));
#3698=DIRECTION('',(0.,0.,1.));
#3699=DIRECTION('center_axis',(0.,0.,-1.));
#3700=DIRECTION('ref_axis',(1.,0.,0.));
#3701=DIRECTION('center_axis',(0.,0.,-1.));
#3702=DIRECTION('ref_axis',(1.,0.,0.));
#3703=DIRECTION('center_axis',(0.,0.,-1.));
#3704=DIRECTION('ref_axis',(1.,0.,0.));
#3705=DIRECTION('center_axis',(0.,0.,-1.));
#3706=DIRECTION('ref_axis',(1.,0.,0.));
#3707=DIRECTION('center_axis',(0.,0.,-1.));
#3708=DIRECTION('ref_axis',(1.,0.,0.));
#3709=DIRECTION('',(0.,0.,1.));
#3710=DIRECTION('center_axis',(0.,0.,-1.));
#3711=DIRECTION('ref_axis',(1.,0.,0.));
#3712=DIRECTION('center_axis',(0.,0.,-1.));
#3713=DIRECTION('ref_axis',(1.,0.,0.));
#3714=DIRECTION('center_axis',(0.,0.,-1.));
#3715=DIRECTION('ref_axis',(1.,0.,0.));
#3716=DIRECTION('center_axis',(0.,0.,-1.));
#3717=DIRECTION('ref_axis',(1.,0.,0.));
#3718=DIRECTION('center_axis',(0.,0.,-1.));
#3719=DIRECTION('ref_axis',(1.,0.,0.));
#3720=DIRECTION('',(0.,0.,1.));
#3721=DIRECTION('center_axis',(0.,0.,-1.));
#3722=DIRECTION('ref_axis',(1.,0.,0.));
#3723=DIRECTION('center_axis',(0.,0.,-1.));
#3724=DIRECTION('ref_axis',(1.,0.,0.));
#3725=DIRECTION('center_axis',(0.,0.,-1.));
#3726=DIRECTION('ref_axis',(1.,0.,0.));
#3727=DIRECTION('center_axis',(0.,0.,-1.));
#3728=DIRECTION('ref_axis',(1.,0.,0.));
#3729=DIRECTION('center_axis',(0.,0.,-1.));
#3730=DIRECTION('ref_axis',(1.,0.,0.));
#3731=DIRECTION('',(0.,0.,1.));
#3732=DIRECTION('center_axis',(0.,0.,-1.));
#3733=DIRECTION('ref_axis',(1.,0.,0.));
#3734=DIRECTION('center_axis',(0.,0.,-1.));
#3735=DIRECTION('ref_axis',(1.,0.,0.));
#3736=DIRECTION('center_axis',(0.,0.,-1.));
#3737=DIRECTION('ref_axis',(1.,0.,0.));
#3738=DIRECTION('center_axis',(0.,0.,-1.));
#3739=DIRECTION('ref_axis',(1.,0.,0.));
#3740=DIRECTION('center_axis',(0.,0.,-1.));
#3741=DIRECTION('ref_axis',(1.,0.,0.));
#3742=DIRECTION('',(0.,0.,1.));
#3743=DIRECTION('center_axis',(0.,0.,-1.));
#3744=DIRECTION('ref_axis',(1.,0.,0.));
#3745=DIRECTION('center_axis',(0.,0.,-1.));
#3746=DIRECTION('ref_axis',(1.,0.,0.));
#3747=DIRECTION('center_axis',(0.,0.,-1.));
#3748=DIRECTION('ref_axis',(1.,0.,0.));
#3749=DIRECTION('center_axis',(0.,0.,-1.));
#3750=DIRECTION('ref_axis',(1.,0.,0.));
#3751=DIRECTION('center_axis',(0.,0.,-1.));
#3752=DIRECTION('ref_axis',(1.,0.,0.));
#3753=DIRECTION('',(0.,0.,1.));
#3754=DIRECTION('center_axis',(0.,0.,-1.));
#3755=DIRECTION('ref_axis',(1.,0.,0.));
#3756=DIRECTION('center_axis',(0.,0.,-1.));
#3757=DIRECTION('ref_axis',(1.,0.,0.));
#3758=DIRECTION('center_axis',(0.,0.,-1.));
#3759=DIRECTION('ref_axis',(1.,0.,0.));
#3760=DIRECTION('center_axis',(0.,0.,-1.));
#3761=DIRECTION('ref_axis',(1.,0.,0.));
#3762=DIRECTION('center_axis',(0.,0.,-1.));
#3763=DIRECTION('ref_axis',(1.,0.,0.));
#3764=DIRECTION('',(0.,0.,1.));
#3765=DIRECTION('center_axis',(0.,0.,-1.));
#3766=DIRECTION('ref_axis',(1.,0.,0.));
#3767=DIRECTION('center_axis',(0.,0.,-1.));
#3768=DIRECTION('ref_axis',(1.,0.,0.));
#3769=DIRECTION('center_axis',(0.,0.,-1.));
#3770=DIRECTION('ref_axis',(1.,0.,0.));
#3771=DIRECTION('center_axis',(0.,0.,-1.));
#3772=DIRECTION('ref_axis',(1.,0.,0.));
#3773=DIRECTION('center_axis',(0.,0.,-1.));
#3774=DIRECTION('ref_axis',(1.,0.,0.));
#3775=DIRECTION('',(0.,0.,1.));
#3776=DIRECTION('center_axis',(0.,0.,-1.));
#3777=DIRECTION('ref_axis',(1.,0.,0.));
#3778=DIRECTION('center_axis',(0.,0.,-1.));
#3779=DIRECTION('ref_axis',(1.,0.,0.));
#3780=DIRECTION('center_axis',(0.,0.,-1.));
#3781=DIRECTION('ref_axis',(1.,0.,0.));
#3782=DIRECTION('center_axis',(0.,0.,-1.));
#3783=DIRECTION('ref_axis',(1.,0.,0.));
#3784=DIRECTION('center_axis',(0.,0.,-1.));
#3785=DIRECTION('ref_axis',(1.,0.,0.));
#3786=DIRECTION('',(0.,0.,1.));
#3787=DIRECTION('center_axis',(0.,0.,-1.));
#3788=DIRECTION('ref_axis',(1.,0.,0.));
#3789=DIRECTION('center_axis',(0.,0.,-1.));
#3790=DIRECTION('ref_axis',(1.,0.,0.));
#3791=DIRECTION('center_axis',(0.,0.,-1.));
#3792=DIRECTION('ref_axis',(1.,0.,0.));
#3793=DIRECTION('center_axis',(0.,0.,-1.));
#3794=DIRECTION('ref_axis',(1.,0.,0.));
#3795=DIRECTION('center_axis',(0.,0.,-1.));
#3796=DIRECTION('ref_axis',(1.,0.,0.));
#3797=DIRECTION('',(0.,0.,1.));
#3798=DIRECTION('center_axis',(0.,0.,-1.));
#3799=DIRECTION('ref_axis',(1.,0.,0.));
#3800=DIRECTION('center_axis',(0.,0.,-1.));
#3801=DIRECTION('ref_axis',(1.,0.,0.));
#3802=DIRECTION('center_axis',(0.,0.,-1.));
#3803=DIRECTION('ref_axis',(1.,0.,0.));
#3804=DIRECTION('center_axis',(0.,0.,-1.));
#3805=DIRECTION('ref_axis',(1.,0.,0.));
#3806=DIRECTION('center_axis',(0.,0.,-1.));
#3807=DIRECTION('ref_axis',(1.,0.,0.));
#3808=DIRECTION('',(0.,0.,1.));
#3809=DIRECTION('center_axis',(0.,0.,-1.));
#3810=DIRECTION('ref_axis',(1.,0.,0.));
#3811=DIRECTION('center_axis',(0.,0.,-1.));
#3812=DIRECTION('ref_axis',(1.,0.,0.));
#3813=DIRECTION('center_axis',(0.,0.,-1.));
#3814=DIRECTION('ref_axis',(1.,0.,0.));
#3815=DIRECTION('center_axis',(0.,0.,-1.));
#3816=DIRECTION('ref_axis',(1.,0.,0.));
#3817=DIRECTION('center_axis',(0.,0.,-1.));
#3818=DIRECTION('ref_axis',(1.,0.,0.));
#3819=DIRECTION('',(0.,0.,1.));
#3820=DIRECTION('center_axis',(0.,0.,-1.));
#3821=DIRECTION('ref_axis',(1.,0.,0.));
#3822=DIRECTION('center_axis',(0.,0.,-1.));
#3823=DIRECTION('ref_axis',(1.,0.,0.));
#3824=DIRECTION('center_axis',(0.,0.,-1.));
#3825=DIRECTION('ref_axis',(1.,0.,0.));
#3826=DIRECTION('center_axis',(0.,0.,-1.));
#3827=DIRECTION('ref_axis',(1.,0.,0.));
#3828=DIRECTION('center_axis',(0.,0.,-1.));
#3829=DIRECTION('ref_axis',(1.,0.,0.));
#3830=DIRECTION('',(0.,0.,1.));
#3831=DIRECTION('center_axis',(0.,0.,-1.));
#3832=DIRECTION('ref_axis',(1.,0.,0.));
#3833=DIRECTION('center_axis',(0.,0.,-1.));
#3834=DIRECTION('ref_axis',(1.,0.,0.));
#3835=DIRECTION('center_axis',(0.,0.,-1.));
#3836=DIRECTION('ref_axis',(1.,0.,0.));
#3837=DIRECTION('center_axis',(0.,0.,-1.));
#3838=DIRECTION('ref_axis',(1.,0.,0.));
#3839=DIRECTION('center_axis',(0.,0.,-1.));
#3840=DIRECTION('ref_axis',(1.,0.,0.));
#3841=DIRECTION('',(0.,0.,1.));
#3842=DIRECTION('center_axis',(0.,0.,-1.));
#3843=DIRECTION('ref_axis',(1.,0.,0.));
#3844=DIRECTION('center_axis',(0.,0.,-1.));
#3845=DIRECTION('ref_axis',(1.,0.,0.));
#3846=DIRECTION('center_axis',(0.,0.,-1.));
#3847=DIRECTION('ref_axis',(1.,0.,0.));
#3848=DIRECTION('center_axis',(0.,0.,-1.));
#3849=DIRECTION('ref_axis',(1.,0.,0.));
#3850=DIRECTION('center_axis',(0.,0.,-1.));
#3851=DIRECTION('ref_axis',(1.,0.,0.));
#3852=DIRECTION('',(0.,0.,1.));
#3853=DIRECTION('center_axis',(0.,0.,-1.));
#3854=DIRECTION('ref_axis',(1.,0.,0.));
#3855=DIRECTION('center_axis',(0.,0.,-1.));
#3856=DIRECTION('ref_axis',(1.,0.,0.));
#3857=DIRECTION('center_axis',(0.,0.,-1.));
#3858=DIRECTION('ref_axis',(1.,0.,0.));
#3859=DIRECTION('center_axis',(0.,0.,-1.));
#3860=DIRECTION('ref_axis',(1.,0.,0.));
#3861=DIRECTION('center_axis',(0.,0.,-1.));
#3862=DIRECTION('ref_axis',(1.,0.,0.));
#3863=DIRECTION('',(0.,0.,1.));
#3864=DIRECTION('center_axis',(0.,0.,-1.));
#3865=DIRECTION('ref_axis',(1.,0.,0.));
#3866=DIRECTION('center_axis',(0.,0.,-1.));
#3867=DIRECTION('ref_axis',(1.,0.,0.));
#3868=DIRECTION('center_axis',(0.,0.,-1.));
#3869=DIRECTION('ref_axis',(1.,0.,0.));
#3870=DIRECTION('',(0.,0.,1.));
#3871=DIRECTION('',(1.,0.,0.));
#3872=DIRECTION('',(0.,0.,1.));
#3873=DIRECTION('',(1.,0.,0.));
#3874=CARTESIAN_POINT('',(0.,0.,0.));
#3875=CARTESIAN_POINT('',(0.,0.,0.));
#3876=CARTESIAN_POINT('Origin',(0.708637043676627,8.1065384605398,8.5));
#3877=CARTESIAN_POINT('',(0.708637043676627,8.1065384605398,8.5));
#3878=CARTESIAN_POINT('',(0.933502379200453,9.7065384605398,8.5));
#3879=CARTESIAN_POINT('',(0.143157987836799,4.08294590797467,8.5));
#3880=CARTESIAN_POINT('',(0.708637043676627,8.1065384605398,8.3));
#3881=CARTESIAN_POINT('',(0.708637043676627,8.1065384605398,8.5));
#3882=CARTESIAN_POINT('',(0.933502379200453,9.7065384605398,8.3));
#3883=CARTESIAN_POINT('',(0.933502379200453,9.7065384605398,8.3));
#3884=CARTESIAN_POINT('',(0.933502379200453,9.7065384605398,8.5));
#3885=CARTESIAN_POINT('Origin',(4.51144757486325,8.1065384605398,8.5));
#3886=CARTESIAN_POINT('',(4.51144757486325,8.1065384605398,8.5));
#3887=CARTESIAN_POINT('',(2.25572378743162,8.1065384605398,8.5));
#3888=CARTESIAN_POINT('',(4.51144757486325,8.1065384605398,8.3));
#3889=CARTESIAN_POINT('',(4.51144757486325,8.1065384605398,8.5));
#3890=CARTESIAN_POINT('',(0.708637043676627,8.1065384605398,8.3));
#3891=CARTESIAN_POINT('Origin',(5.58917477687522,9.03896343782197,8.5));
#3892=CARTESIAN_POINT('',(5.58917477687522,9.03896343782197,8.5));
#3893=CARTESIAN_POINT('',(1.75467728980884,5.72144373005949,8.5));
#3894=CARTESIAN_POINT('',(5.58917477687522,9.03896343782197,8.3));
#3895=CARTESIAN_POINT('',(5.58917477687522,9.03896343782197,8.5));
#3896=CARTESIAN_POINT('',(4.51144757486325,8.1065384605398,8.3));
#3897=CARTESIAN_POINT('Origin',(4.88956879217751,9.7065384605398,8.5));
#3898=CARTESIAN_POINT('',(4.88956879217751,9.7065384605398,8.5));
#3899=CARTESIAN_POINT('',(6.03390260291002,8.61459715871316,8.5));
#3900=CARTESIAN_POINT('',(4.88956879217751,9.7065384605398,8.3));
#3901=CARTESIAN_POINT('',(4.88956879217751,9.7065384605398,8.5));
#3902=CARTESIAN_POINT('',(5.58917477687522,9.03896343782197,8.3));
#3903=CARTESIAN_POINT('Origin',(0.933502379200453,9.7065384605398,8.5));
#3904=CARTESIAN_POINT('',(0.466751189600227,9.7065384605398,8.5));
#3905=CARTESIAN_POINT('',(4.88956879217751,9.7065384605398,8.3));
#3906=CARTESIAN_POINT('Origin',(3.14890591027593,8.9065384605398,8.3));
#3907=CARTESIAN_POINT('Origin',(-0.997332980622062,0.689553343243437,8.5));
#3908=CARTESIAN_POINT('',(-0.997332980622062,0.689553343243437,8.5));
#3909=CARTESIAN_POINT('',(-1.14486998620323,-0.910446656756563,8.5));
#3910=CARTESIAN_POINT('',(-1.02465269866473,0.393278190470153,8.5));
#3911=CARTESIAN_POINT('',(-0.997332980622062,0.689553343243437,8.3));
#3912=CARTESIAN_POINT('',(-0.997332980622062,0.689553343243437,8.5));
#3913=CARTESIAN_POINT('',(-1.14486998620323,-0.910446656756563,8.3));
#3914=CARTESIAN_POINT('',(-0.997332980622062,0.689553343243437,8.3));
#3915=CARTESIAN_POINT('',(-1.14486998620323,-0.910446656756563,8.5));
#3916=CARTESIAN_POINT('Origin',(-4.47995806467334,0.689553343243438,8.5));
#3917=CARTESIAN_POINT('',(-4.47995806467334,0.689553343243438,8.5));
#3918=CARTESIAN_POINT('',(-2.23997903233667,0.689553343243437,8.5));
#3919=CARTESIAN_POINT('',(-4.47995806467334,0.689553343243438,8.3));
#3920=CARTESIAN_POINT('',(-4.47995806467334,0.689553343243438,8.5));
#3921=CARTESIAN_POINT('',(-4.47995806467334,0.689553343243438,8.3));
#3922=CARTESIAN_POINT('Origin',(-5.288565172987,-0.115989103707245,8.5));
#3923=CARTESIAN_POINT('',(-5.288565172987,-0.115989103707245,8.5));
#3924=CARTESIAN_POINT('',(-3.93240633540717,1.23502982408345,8.5));
#3925=CARTESIAN_POINT('',(-5.288565172987,-0.115989103707245,8.3));
#3926=CARTESIAN_POINT('',(-5.288565172987,-0.115989103707245,8.5));
#3927=CARTESIAN_POINT('',(-5.288565172987,-0.115989103707245,8.3));
#3928=CARTESIAN_POINT('Origin',(-4.73058423936224,-0.910446656756563,8.5));
#3929=CARTESIAN_POINT('',(-4.73058423936224,-0.910446656756563,8.5));
#3930=CARTESIAN_POINT('',(-4.16335196636159,-1.71807633809933,8.5));
#3931=CARTESIAN_POINT('',(-4.73058423936224,-0.910446656756563,8.3));
#3932=CARTESIAN_POINT('',(-4.73058423936224,-0.910446656756563,8.5));
#3933=CARTESIAN_POINT('',(-4.73058423936224,-0.910446656756563,8.3));
#3934=CARTESIAN_POINT('Origin',(-1.14486998620323,-0.910446656756563,8.5));
#3935=CARTESIAN_POINT('',(-0.572434993101615,-0.910446656756563,8.5));
#3936=CARTESIAN_POINT('',(-1.14486998620323,-0.910446656756563,8.3));
#3937=CARTESIAN_POINT('Origin',(-3.14294907680453,-0.110446656756563,8.3));
#3938=CARTESIAN_POINT('Origin',(-0.348539941358703,-3.52538357936553,8.5));
#3939=CARTESIAN_POINT('',(-0.348539941358703,-3.52538357936553,8.5));
#3940=CARTESIAN_POINT('',(-0.0917530533969912,-1.6982499316575,8.5));
#3941=CARTESIAN_POINT('',(-0.102232627787959,-1.77281597798246,8.5));
#3942=CARTESIAN_POINT('',(-0.348539941358703,-3.52538357936553,8.3));
#3943=CARTESIAN_POINT('',(-0.348539941358703,-3.52538357936553,8.5));
#3944=CARTESIAN_POINT('',(-0.0917530533969912,-1.6982499316575,8.3));
#3945=CARTESIAN_POINT('',(-0.0917530533969912,-1.6982499316575,8.3));
#3946=CARTESIAN_POINT('',(-0.0917530533969912,-1.6982499316575,8.5));
#3947=CARTESIAN_POINT('Origin',(2.08491135964721,-8.20266932616492,8.5));
#3948=CARTESIAN_POINT('',(2.08491135964721,-8.20266932616492,8.5));
#3949=CARTESIAN_POINT('',(0.18358889220498,-4.54817725831015,8.5));
#3950=CARTESIAN_POINT('',(2.08491135964721,-8.20266932616492,8.3));
#3951=CARTESIAN_POINT('',(2.08491135964721,-8.20266932616492,8.5));
#3952=CARTESIAN_POINT('',(-0.348539941358703,-3.52538357936553,8.3));
#3953=CARTESIAN_POINT('Origin',(2.34169824760891,-6.37553567845687,8.5));
#3954=CARTESIAN_POINT('',(2.34169824760891,-6.37553567845687,8.5));
#3955=CARTESIAN_POINT('',(2.75835384200645,-3.41087707741852,8.5));
#3956=CARTESIAN_POINT('',(2.34169824760891,-6.37553567845687,8.3));
#3957=CARTESIAN_POINT('',(2.34169824760891,-6.37553567845687,8.5));
#3958=CARTESIAN_POINT('',(2.08491135964721,-8.20266932616492,8.3));
#3959=CARTESIAN_POINT('Origin',(-0.0917530533969912,-1.6982499316575,8.5));
#3960=CARTESIAN_POINT('',(-0.429647753774126,-1.04878960946419,8.5));
#3961=CARTESIAN_POINT('',(2.34169824760891,-6.37553567845687,8.3));
#3962=CARTESIAN_POINT('Origin',(0.996579153125105,-4.95045962891121,8.3));
#3963=CARTESIAN_POINT('Origin',(-5.44835405653085,0.111519540007493,8.5));
#3964=CARTESIAN_POINT('',(-5.44835405653085,0.111519540007493,8.5));
#3965=CARTESIAN_POINT('',(-6.18553185939754,1.16111897635506,8.5));
#3966=CARTESIAN_POINT('',(-4.52223687493945,-1.2070932397182,8.5));
#3967=CARTESIAN_POINT('',(-5.44835405653085,0.111519540007493,8.3));
#3968=CARTESIAN_POINT('',(-5.44835405653085,0.111519540007493,8.5));
#3969=CARTESIAN_POINT('',(-6.18553185939754,1.16111897635506,8.3));
#3970=CARTESIAN_POINT('',(-6.18553185939754,1.16111897635506,8.3));
#3971=CARTESIAN_POINT('',(-6.18553185939754,1.16111897635506,8.5));
#3972=CARTESIAN_POINT('Origin',(-4.59830558687532,0.958346283468895,8.5));
#3973=CARTESIAN_POINT('',(-4.59830558687532,0.958346283468895,8.5));
#3974=CARTESIAN_POINT('',(-3.68394882523683,1.86923758727186,8.5));
#3975=CARTESIAN_POINT('',(-4.59830558687532,0.958346283468895,8.3));
#3976=CARTESIAN_POINT('',(-4.59830558687532,0.958346283468895,8.5));
#3977=CARTESIAN_POINT('',(-4.59830558687532,0.958346283468895,8.3));
#3978=CARTESIAN_POINT('Origin',(-3.60026512697237,8.05977315284244,8.5));
#3979=CARTESIAN_POINT('',(-3.60026512697237,8.05977315284244,8.5));
#3980=CARTESIAN_POINT('',(-4.12079172580626,4.35603395218716,8.5));
#3981=CARTESIAN_POINT('',(-3.60026512697237,8.05977315284244,8.3));
#3982=CARTESIAN_POINT('',(-3.60026512697237,8.05977315284244,8.5));
#3983=CARTESIAN_POINT('',(-3.60026512697237,8.05977315284244,8.3));
#3984=CARTESIAN_POINT('Origin',(-4.39664358409951,8.89381741938102,8.5));
#3985=CARTESIAN_POINT('',(-4.39664358409951,8.89381741938102,8.5));
#3986=CARTESIAN_POINT('',(-1.12715861473185,5.4696976823,8.5));
#3987=CARTESIAN_POINT('',(-4.39664358409951,8.89381741938102,8.3));
#3988=CARTESIAN_POINT('',(-4.39664358409951,8.89381741938102,8.5));
#3989=CARTESIAN_POINT('',(-4.39664358409951,8.89381741938102,8.3));
#3990=CARTESIAN_POINT('Origin',(-5.24095341931293,7.88214380857687,8.5));
#3991=CARTESIAN_POINT('',(-5.24095341931293,7.88214380857687,8.5));
#3992=CARTESIAN_POINT('',(-6.10385852059505,6.84818887498934,8.5));
#3993=CARTESIAN_POINT('',(-5.24095341931293,7.88214380857687,8.3));
#3994=CARTESIAN_POINT('',(-5.24095341931293,7.88214380857687,8.5));
#3995=CARTESIAN_POINT('',(-5.24095341931293,7.88214380857687,8.3));
#3996=CARTESIAN_POINT('Origin',(-6.18553185939754,1.16111897635506,8.5));
#3997=CARTESIAN_POINT('',(-6.2056395470126,1.01804534472819,8.5));
#3998=CARTESIAN_POINT('',(-6.18553185939754,1.16111897635506,8.3));
#3999=CARTESIAN_POINT('Origin',(-4.89289849318496,4.50266847969425,8.3));
#4000=CARTESIAN_POINT('Origin',(-1.99404998228986,-8.76221764672167,8.5));
#4001=CARTESIAN_POINT('',(-1.99404998228986,-8.76221764672167,8.5));
#4002=CARTESIAN_POINT('',(-2.21891531781368,-10.3622176467217,8.5));
#4003=CARTESIAN_POINT('',(-1.37093982784897,-4.32855852010284,8.5));
#4004=CARTESIAN_POINT('',(-1.99404998228986,-8.76221764672167,8.3));
#4005=CARTESIAN_POINT('',(-1.99404998228986,-8.76221764672167,8.5));
#4006=CARTESIAN_POINT('',(-2.21891531781368,-10.3622176467217,8.3));
#4007=CARTESIAN_POINT('',(-1.99404998228986,-8.76221764672167,8.3));
#4008=CARTESIAN_POINT('',(-2.21891531781368,-10.3622176467217,8.5));
#4009=CARTESIAN_POINT('Origin',(-5.65096509650389,-8.76221764672167,8.5));
#4010=CARTESIAN_POINT('',(-5.65096509650389,-8.76221764672167,8.5));
#4011=CARTESIAN_POINT('',(-2.82548254825194,-8.76221764672167,8.5));
#4012=CARTESIAN_POINT('',(-5.65096509650389,-8.76221764672167,8.3));
#4013=CARTESIAN_POINT('',(-5.65096509650389,-8.76221764672167,8.5));
#4014=CARTESIAN_POINT('',(-5.65096509650389,-8.76221764672167,8.3));
#4015=CARTESIAN_POINT('Origin',(-6.66311586334564,-9.83147591989138,8.5));
#4016=CARTESIAN_POINT('',(-6.66311586334564,-9.83147591989138,8.5));
#4017=CARTESIAN_POINT('',(-2.63450464711581,-5.57556265730575,8.5));
#4018=CARTESIAN_POINT('',(-6.66311586334564,-9.83147591989138,8.3));
#4019=CARTESIAN_POINT('',(-6.66311586334564,-9.83147591989138,8.5));
#4020=CARTESIAN_POINT('',(-6.66311586334564,-9.83147591989138,8.3));
#4021=CARTESIAN_POINT('Origin',(-5.99325764369274,-10.3622176467217,8.5));
#4022=CARTESIAN_POINT('',(-5.99325764369274,-10.3622176467217,8.5));
#4023=CARTESIAN_POINT('',(-6.67422890112996,-9.82267084339768,8.5));
#4024=CARTESIAN_POINT('',(-5.99325764369274,-10.3622176467217,8.3));
#4025=CARTESIAN_POINT('',(-5.99325764369274,-10.3622176467217,8.5));
#4026=CARTESIAN_POINT('',(-5.99325764369274,-10.3622176467217,8.3));
#4027=CARTESIAN_POINT('Origin',(-2.21891531781368,-10.3622176467217,8.5));
#4028=CARTESIAN_POINT('',(-1.10945765890684,-10.3622176467217,8.5));
#4029=CARTESIAN_POINT('',(-2.21891531781368,-10.3622176467217,8.3));
#4030=CARTESIAN_POINT('Origin',(-4.32858292281775,-9.56221764672168,8.3));
#4031=CARTESIAN_POINT('Origin',(-1.88697735555279,-10.3622176467217,8.5));
#4032=CARTESIAN_POINT('',(-1.88697735555279,-10.3622176467217,8.5));
#4033=CARTESIAN_POINT('',(-1.66211202002896,-8.76221764672167,8.5));
#4034=CARTESIAN_POINT('',(-1.15464921177791,-5.15143214565607,8.5));
#4035=CARTESIAN_POINT('',(-1.88697735555279,-10.3622176467217,8.3));
#4036=CARTESIAN_POINT('',(-1.88697735555279,-10.3622176467217,8.5));
#4037=CARTESIAN_POINT('',(-1.66211202002896,-8.76221764672167,8.3));
#4038=CARTESIAN_POINT('',(-1.66211202002896,-8.76221764672167,8.3));
#4039=CARTESIAN_POINT('',(-1.66211202002896,-8.76221764672167,8.5));
#4040=CARTESIAN_POINT('Origin',(2.03722537091615,-10.3622176467217,8.5));
#4041=CARTESIAN_POINT('',(2.03722537091615,-10.3622176467217,8.5));
#4042=CARTESIAN_POINT('',(1.01861268545808,-10.3622176467217,8.5));
#4043=CARTESIAN_POINT('',(2.03722537091615,-10.3622176467217,8.3));
#4044=CARTESIAN_POINT('',(2.03722537091615,-10.3622176467217,8.5));
#4045=CARTESIAN_POINT('',(-1.88697735555279,-10.3622176467217,8.3));
#4046=CARTESIAN_POINT('Origin',(2.72683742036207,-9.75942407147652,8.5));
#4047=CARTESIAN_POINT('',(2.72683742036207,-9.75942407147652,8.5));
#4048=CARTESIAN_POINT('',(4.37188543435445,-8.32147881718295,8.5));
#4049=CARTESIAN_POINT('',(2.72683742036207,-9.75942407147652,8.3));
#4050=CARTESIAN_POINT('',(2.72683742036207,-9.75942407147652,8.5));
#4051=CARTESIAN_POINT('',(2.03722537091615,-10.3622176467217,8.3));
#4052=CARTESIAN_POINT('Origin',(2.04494016924849,-8.76221764672167,8.5));
#4053=CARTESIAN_POINT('',(2.04494016924849,-8.76221764672167,8.5));
#4054=CARTESIAN_POINT('',(-0.322157099087611,-5.300575001661,8.5));
#4055=CARTESIAN_POINT('',(2.04494016924849,-8.76221764672167,8.3));
#4056=CARTESIAN_POINT('',(2.04494016924849,-8.76221764672167,8.5));
#4057=CARTESIAN_POINT('',(2.72683742036207,-9.75942407147652,8.3));
#4058=CARTESIAN_POINT('Origin',(-1.66211202002896,-8.76221764672167,8.5));
#4059=CARTESIAN_POINT('',(-0.831056010014482,-8.76221764672167,8.5));
#4060=CARTESIAN_POINT('',(2.04494016924849,-8.76221764672167,8.3));
#4061=CARTESIAN_POINT('Origin',(0.419930032404639,-9.56221764672168,8.3));
#4062=CARTESIAN_POINT('Origin',(-0.410959037512624,-0.910446656756563,8.5));
#4063=CARTESIAN_POINT('',(-0.410959037512624,-0.910446656756563,8.5));
#4064=CARTESIAN_POINT('',(-0.289219907077842,0.689553343243436,8.5));
#4065=CARTESIAN_POINT('',(-0.375339124450875,-0.442299227945001,8.5));
#4066=CARTESIAN_POINT('',(-0.410959037512624,-0.910446656756563,8.3));
#4067=CARTESIAN_POINT('',(-0.410959037512624,-0.910446656756563,8.5));
#4068=CARTESIAN_POINT('',(-0.289219907077842,0.689553343243436,8.3));
#4069=CARTESIAN_POINT('',(-0.289219907077842,0.689553343243436,8.3));
#4070=CARTESIAN_POINT('',(-0.289219907077842,0.689553343243436,8.5));
#4071=CARTESIAN_POINT('Origin',(3.27076449926366,-0.910446656756564,8.5));
#4072=CARTESIAN_POINT('',(3.27076449926366,-0.910446656756564,8.5));
#4073=CARTESIAN_POINT('',(1.63538224963183,-0.910446656756564,8.5));
#4074=CARTESIAN_POINT('',(3.27076449926366,-0.910446656756564,8.3));
#4075=CARTESIAN_POINT('',(3.27076449926366,-0.910446656756564,8.5));
#4076=CARTESIAN_POINT('',(-0.410959037512624,-0.910446656756563,8.3));
#4077=CARTESIAN_POINT('Origin',(4.29432740886948,0.00683539707175398,8.5));
#4078=CARTESIAN_POINT('',(4.29432740886948,0.00683539707175398,8.5));
#4079=CARTESIAN_POINT('',(3.10181956147808,-1.06184932879704,8.5));
#4080=CARTESIAN_POINT('',(4.29432740886948,0.00683539707175398,8.3));
#4081=CARTESIAN_POINT('',(4.29432740886948,0.00683539707175398,8.5));
#4082=CARTESIAN_POINT('',(3.27076449926366,-0.910446656756564,8.3));
#4083=CARTESIAN_POINT('Origin',(3.60012531278975,0.689553343243436,8.5));
#4084=CARTESIAN_POINT('',(3.60012531278975,0.689553343243436,8.5));
#4085=CARTESIAN_POINT('',(2.8574460275777,1.41994652287737,8.5));
#4086=CARTESIAN_POINT('',(3.60012531278975,0.689553343243436,8.3));
#4087=CARTESIAN_POINT('',(3.60012531278975,0.689553343243436,8.5));
#4088=CARTESIAN_POINT('',(4.29432740886948,0.00683539707175398,8.3));
#4089=CARTESIAN_POINT('Origin',(-0.289219907077842,0.689553343243436,8.5));
#4090=CARTESIAN_POINT('',(-0.144609953538921,0.689553343243436,8.5));
#4091=CARTESIAN_POINT('',(3.60012531278975,0.689553343243436,8.3));
#4092=CARTESIAN_POINT('Origin',(1.94168418567843,-0.110446656756564,8.3));
#4093=CARTESIAN_POINT('Origin',(1.05640343309833,7.90836727735064,8.5));
#4094=CARTESIAN_POINT('',(1.05640343309833,7.90836727735064,8.5));
#4095=CARTESIAN_POINT('',(0.119921307328413,1.24495071409338,8.5));
#4096=CARTESIAN_POINT('',(0.501212252457884,3.95797676048688,8.5));
#4097=CARTESIAN_POINT('',(1.05640343309833,7.90836727735064,8.3));
#4098=CARTESIAN_POINT('',(1.05640343309833,7.90836727735064,8.5));
#4099=CARTESIAN_POINT('',(0.119921307328413,1.24495071409338,8.3));
#4100=CARTESIAN_POINT('',(1.05640343309833,7.90836727735064,8.3));
#4101=CARTESIAN_POINT('',(0.119921307328413,1.24495071409338,8.5));
#4102=CARTESIAN_POINT('Origin',(-0.559594547882801,7.90641862696784,8.5));
#4103=CARTESIAN_POINT('',(-0.559594547882801,7.90641862696784,8.5));
#4104=CARTESIAN_POINT('',(-0.284564649391237,7.90675027163775,8.5));
#4105=CARTESIAN_POINT('',(-0.559594547882801,7.90641862696784,8.3));
#4106=CARTESIAN_POINT('',(-0.559594547882801,7.90641862696784,8.5));
#4107=CARTESIAN_POINT('',(-0.559594547882801,7.90641862696784,8.3));
#4108=CARTESIAN_POINT('Origin',(-1.48724323467497,1.30585524795736,8.5));
#4109=CARTESIAN_POINT('',(-1.48724323467497,1.30585524795736,8.5));
#4110=CARTESIAN_POINT('',(-1.56282553642202,0.768059226558291,8.5));
#4111=CARTESIAN_POINT('',(-1.48724323467497,1.30585524795736,8.3));
#4112=CARTESIAN_POINT('',(-1.48724323467497,1.30585524795736,8.5));
#4113=CARTESIAN_POINT('',(-1.48724323467497,1.30585524795736,8.3));
#4114=CARTESIAN_POINT('Origin',(0.119921307328413,1.24495071409338,8.5));
#4115=CARTESIAN_POINT('',(0.083601915168733,1.24632706081576,8.5));
#4116=CARTESIAN_POINT('',(0.119921307328413,1.24495071409338,8.3));
#4117=CARTESIAN_POINT('Origin',(-0.215419900788321,4.57665899572201,8.3));
#4118=CARTESIAN_POINT('Origin',(0.333816019229809,1.32983160522829,8.5));
#4119=CARTESIAN_POINT('',(0.333816019229809,1.32983160522829,8.5));
#4120=CARTESIAN_POINT('',(0.609275719639475,3.28982897852471,8.5));
#4121=CARTESIAN_POINT('',(0.238945324277902,0.654791617048523,8.5));
#4122=CARTESIAN_POINT('',(0.33381601922981,1.32983160522829,8.3));
#4123=CARTESIAN_POINT('',(0.333816019229809,1.32983160522829,8.5));
#4124=CARTESIAN_POINT('',(0.609275719639475,3.28982897852471,8.3));
#4125=CARTESIAN_POINT('',(0.609275719639475,3.28982897852471,8.3));
#4126=CARTESIAN_POINT('',(0.609275719639475,3.28982897852471,8.5));
#4127=CARTESIAN_POINT('Origin',(4.02667283571026,5.61368094646596,8.5));
#4128=CARTESIAN_POINT('',(4.02667283571026,5.61368094646596,8.5));
#4129=CARTESIAN_POINT('',(1.78026118521978,3.00776104560343,8.5));
#4130=CARTESIAN_POINT('',(4.02667283571026,5.61368094646596,8.3));
#4131=CARTESIAN_POINT('',(4.02667283571026,5.61368094646596,8.5));
#4132=CARTESIAN_POINT('',(0.333816019229809,1.32983160522829,8.3));
#4133=CARTESIAN_POINT('Origin',(4.30213253611992,7.57367831976238,8.5));
#4134=CARTESIAN_POINT('',(4.30213253611992,7.57367831976238,8.5));
#4135=CARTESIAN_POINT('',(3.73857096901873,3.56372989693887,8.5));
#4136=CARTESIAN_POINT('',(4.30213253611992,7.57367831976238,8.3));
#4137=CARTESIAN_POINT('',(4.30213253611992,7.57367831976238,8.5));
#4138=CARTESIAN_POINT('',(4.02667283571026,5.61368094646596,8.3));
#4139=CARTESIAN_POINT('Origin',(0.609275719639476,3.28982897852471,8.5));
#4140=CARTESIAN_POINT('',(-0.334072987630576,2.19550988113611,8.5));
#4141=CARTESIAN_POINT('',(4.30213253611992,7.57367831976238,8.3));
#4142=CARTESIAN_POINT('Origin',(2.31797427767487,4.45175496249533,8.3));
#4143=CARTESIAN_POINT('Origin',(-3.1770981542761,8.1065384605398,8.5));
#4144=CARTESIAN_POINT('',(-3.1770981542761,8.1065384605398,8.5));
#4145=CARTESIAN_POINT('',(-4.17845531389732,9.15525617793196,8.5));
#4146=CARTESIAN_POINT('',(-0.395029935976035,5.19288851706854,8.5));
#4147=CARTESIAN_POINT('',(-3.1770981542761,8.1065384605398,8.3));
#4148=CARTESIAN_POINT('',(-3.1770981542761,8.1065384605398,8.5));
#4149=CARTESIAN_POINT('',(-4.17845531389732,9.15525617793196,8.3));
#4150=CARTESIAN_POINT('',(-4.17845531389732,9.15525617793196,8.3));
#4151=CARTESIAN_POINT('',(-4.17845531389732,9.15525617793196,8.5));
#4152=CARTESIAN_POINT('Origin',(0.376699081415731,8.1065384605398,8.5));
#4153=CARTESIAN_POINT('',(0.376699081415731,8.1065384605398,8.5));
#4154=CARTESIAN_POINT('',(0.188349540707864,8.1065384605398,8.5));
#4155=CARTESIAN_POINT('',(0.376699081415731,8.1065384605398,8.3));
#4156=CARTESIAN_POINT('',(0.376699081415731,8.1065384605398,8.5));
#4157=CARTESIAN_POINT('',(-3.1770981542761,8.1065384605398,8.3));
#4158=CARTESIAN_POINT('Origin',(0.601564416939556,9.7065384605398,8.5));
#4159=CARTESIAN_POINT('',(0.601564416939556,9.7065384605398,8.5));
#4160=CARTESIAN_POINT('',(-0.0731326282342637,4.90581953352789,8.5));
#4161=CARTESIAN_POINT('',(0.601564416939556,9.7065384605398,8.3));
#4162=CARTESIAN_POINT('',(0.601564416939556,9.7065384605398,8.5));
#4163=CARTESIAN_POINT('',(0.376699081415731,8.1065384605398,8.3));
#4164=CARTESIAN_POINT('Origin',(-3.71837308163,9.7065384605398,8.5));
#4165=CARTESIAN_POINT('',(-3.71837308163,9.7065384605398,8.5));
#4166=CARTESIAN_POINT('',(-1.859186540815,9.7065384605398,8.5));
#4167=CARTESIAN_POINT('',(-3.71837308163,9.7065384605398,8.3));
#4168=CARTESIAN_POINT('',(-3.71837308163,9.7065384605398,8.5));
#4169=CARTESIAN_POINT('',(0.601564416939556,9.7065384605398,8.3));
#4170=CARTESIAN_POINT('Origin',(-4.17845531389732,9.15525617793196,8.5));
#4171=CARTESIAN_POINT('',(-5.57260946788723,7.48474505966694,8.5));
#4172=CARTESIAN_POINT('',(-3.71837308163,9.7065384605398,8.3));
#4173=CARTESIAN_POINT('Origin',(-1.78844544847888,8.9065384605398,8.3));
#4174=CARTESIAN_POINT('Origin',(3.81784035555993,-8.80577257939588,8.5));
#4175=CARTESIAN_POINT('',(3.81784035555993,-8.80577257939588,8.5));
#4176=CARTESIAN_POINT('',(2.96673360873524,-9.54972953207086,8.5));
#4177=CARTESIAN_POINT('',(4.91738690195338,-7.84465307114263,8.5));
#4178=CARTESIAN_POINT('',(3.81784035555993,-8.80577257939588,8.3));
#4179=CARTESIAN_POINT('',(3.81784035555993,-8.80577257939588,8.5));
#4180=CARTESIAN_POINT('',(2.96673360873524,-9.54972953207086,8.3));
#4181=CARTESIAN_POINT('',(3.81784035555993,-8.80577257939588,8.3));
#4182=CARTESIAN_POINT('',(2.96673360873524,-9.54972953207086,8.5));
#4183=CARTESIAN_POINT('Origin',(4.96383505188956,-0.651596615119129,8.5));
#4184=CARTESIAN_POINT('',(4.96383505188956,-0.651596615119129,8.5));
#4185=CARTESIAN_POINT('',(4.96066350601421,-0.67416333661372,8.5));
#4186=CARTESIAN_POINT('',(4.96383505188956,-0.651596615119129,8.3));
#4187=CARTESIAN_POINT('',(4.96383505188956,-0.651596615119129,8.5));
#4188=CARTESIAN_POINT('',(4.96383505188956,-0.651596615119129,8.3));
#4189=CARTESIAN_POINT('Origin',(4.51955289640979,-0.2146641967027,8.5));
#4190=CARTESIAN_POINT('',(4.51955289640979,-0.2146641967027,8.5));
#4191=CARTESIAN_POINT('',(3.31715981938772,0.967837752904305,8.5));
#4192=CARTESIAN_POINT('',(4.51955289640979,-0.214664196702701,8.3));
#4193=CARTESIAN_POINT('',(4.51955289640979,-0.2146641967027,8.5));
#4194=CARTESIAN_POINT('',(4.51955289640979,-0.2146641967027,8.3));
#4195=CARTESIAN_POINT('Origin',(3.24956556152245,-1.35278338795986,8.5));
#4196=CARTESIAN_POINT('',(3.24956556152245,-1.35278338795986,8.5));
#4197=CARTESIAN_POINT('',(2.6846405510778,-1.85904985089687,8.5));
#4198=CARTESIAN_POINT('',(3.24956556152245,-1.35278338795986,8.3));
#4199=CARTESIAN_POINT('',(3.24956556152245,-1.35278338795986,8.5));
#4200=CARTESIAN_POINT('',(3.24956556152245,-1.35278338795986,8.3));
#4201=CARTESIAN_POINT('Origin',(2.24574289054544,-8.49535282767245,8.5));
#4202=CARTESIAN_POINT('',(2.24574289054544,-8.49535282767245,8.5));
#4203=CARTESIAN_POINT('',(2.8094029703489,-4.48470296212233,8.5));
#4204=CARTESIAN_POINT('',(2.24574289054544,-8.49535282767245,8.3));
#4205=CARTESIAN_POINT('',(2.24574289054544,-8.49535282767245,8.5));
#4206=CARTESIAN_POINT('',(2.24574289054544,-8.49535282767245,8.3));
#4207=CARTESIAN_POINT('Origin',(2.96673360873524,-9.54972953207086,8.5));
#4208=CARTESIAN_POINT('',(0.269323155553934,-5.60503694133151,8.5));
#4209=CARTESIAN_POINT('',(2.96673360873524,-9.54972953207086,8.3));
#4210=CARTESIAN_POINT('Origin',(3.6047889712175,-4.88219686438678,8.3));
#4211=CARTESIAN_POINT('Origin',(-5.60105904185648,-7.61367459671451,8.5));
#4212=CARTESIAN_POINT('',(-5.60105904185648,-7.61367459671451,8.5));
#4213=CARTESIAN_POINT('',(-5.33652228342951,-5.7313977553344,8.5));
#4214=CARTESIAN_POINT('',(-5.02216187633002,-3.4946072327291,8.5));
#4215=CARTESIAN_POINT('',(-5.60105904185648,-7.61367459671451,8.3));
#4216=CARTESIAN_POINT('',(-5.60105904185648,-7.61367459671451,8.5));
#4217=CARTESIAN_POINT('',(-5.33652228342951,-5.7313977553344,8.3));
#4218=CARTESIAN_POINT('',(-5.33652228342951,-5.7313977553344,8.3));
#4219=CARTESIAN_POINT('',(-5.33652228342951,-5.7313977553344,8.5));
#4220=CARTESIAN_POINT('Origin',(-2.45716061898023,-4.15840623467681,8.5));
#4221=CARTESIAN_POINT('',(-2.45716061898023,-4.15840623467681,8.5));
#4222=CARTESIAN_POINT('',(-0.865727071847808,-2.40935800026809,8.5));
#4223=CARTESIAN_POINT('',(-2.45716061898023,-4.15840623467681,8.3));
#4224=CARTESIAN_POINT('',(-2.45716061898023,-4.15840623467681,8.5));
#4225=CARTESIAN_POINT('',(-5.60105904185648,-7.61367459671451,8.3));
#4226=CARTESIAN_POINT('Origin',(-2.1926238605499,-2.276129393284,8.5));
#4227=CARTESIAN_POINT('',(-2.1926238605499,-2.276129393284,8.5));
#4228=CARTESIAN_POINT('',(-2.01454265623364,-1.00901578396638,8.5));
#4229=CARTESIAN_POINT('',(-2.1926238605499,-2.276129393284,8.3));
#4230=CARTESIAN_POINT('',(-2.1926238605499,-2.276129393284,8.5));
#4231=CARTESIAN_POINT('',(-2.45716061898023,-4.15840623467681,8.3));
#4232=CARTESIAN_POINT('Origin',(-5.33652228342951,-5.7313977553344,8.5));
#4233=CARTESIAN_POINT('',(-2.70152537844675,-2.83543223252072,8.5));
#4234=CARTESIAN_POINT('',(-2.1926238605499,-2.276129393284,8.3));
#4235=CARTESIAN_POINT('Origin',(-3.89684145120319,-4.94490199499926,8.3));
#4236=CARTESIAN_POINT('Origin',(-5.94113708522241,-8.5963963028884,8.5));
#4237=CARTESIAN_POINT('',(-5.94113708522241,-8.5963963028884,8.5));
#4238=CARTESIAN_POINT('',(-6.91862233376396,-9.62903316208451,8.5));
#4239=CARTESIAN_POINT('',(-2.39142894629205,-4.84640675663478,8.5));
#4240=CARTESIAN_POINT('',(-5.94113708522241,-8.5963963028884,8.3));
#4241=CARTESIAN_POINT('',(-5.94113708522241,-8.5963963028884,8.5));
#4242=CARTESIAN_POINT('',(-6.91862233376396,-9.62903316208451,8.3));
#4243=CARTESIAN_POINT('',(-5.94113708522241,-8.5963963028884,8.3));
#4244=CARTESIAN_POINT('',(-6.91862233376396,-9.62903316208451,8.5));
#4245=CARTESIAN_POINT('Origin',(-4.89598383905557,-1.15974453988546,8.5));
#4246=CARTESIAN_POINT('',(-4.89598383905557,-1.15974453988546,8.5));
#4247=CARTESIAN_POINT('',(-4.76865108179611,-0.253724894216727,8.5));
#4248=CARTESIAN_POINT('',(-4.89598383905557,-1.15974453988546,8.3));
#4249=CARTESIAN_POINT('',(-4.89598383905557,-1.15974453988546,8.5));
#4250=CARTESIAN_POINT('',(-4.89598383905557,-1.15974453988546,8.3));
#4251=CARTESIAN_POINT('Origin',(-5.48889226834472,-0.315556949359163,8.5));
#4252=CARTESIAN_POINT('',(-5.48889226834472,-0.315556949359163,8.5));
#4253=CARTESIAN_POINT('',(-4.65651373361506,-1.50070392134893,8.5));
#4254=CARTESIAN_POINT('',(-5.48889226834472,-0.315556949359163,8.3));
#4255=CARTESIAN_POINT('',(-5.48889226834472,-0.315556949359163,8.5));
#4256=CARTESIAN_POINT('',(-5.48889226834472,-0.315556949359163,8.3));
#4257=CARTESIAN_POINT('Origin',(-6.5402660545927,-1.36294597639883,8.5));
#4258=CARTESIAN_POINT('',(-6.5402660545927,-1.36294597639883,8.5));
#4259=CARTESIAN_POINT('',(-4.55825677621001,0.611551387737657,8.5));
#4260=CARTESIAN_POINT('',(-6.5402660545927,-1.36294597639883,8.3));
#4261=CARTESIAN_POINT('',(-6.5402660545927,-1.36294597639883,8.5));
#4262=CARTESIAN_POINT('',(-6.5402660545927,-1.36294597639883,8.3));
#4263=CARTESIAN_POINT('Origin',(-7.62349859012582,-9.07054596206624,8.5));
#4264=CARTESIAN_POINT('',(-7.62349859012582,-9.07054596206624,8.5));
#4265=CARTESIAN_POINT('',(-6.92462291232942,-4.09778712454134,8.5));
#4266=CARTESIAN_POINT('',(-7.62349859012582,-9.07054596206624,8.3));
#4267=CARTESIAN_POINT('',(-7.62349859012582,-9.07054596206624,8.5));
#4268=CARTESIAN_POINT('',(-7.62349859012582,-9.07054596206624,8.3));
#4269=CARTESIAN_POINT('Origin',(-6.91862233376396,-9.62903316208451,8.5));
#4270=CARTESIAN_POINT('',(-7.13691124616557,-9.45607860107909,8.5));
#4271=CARTESIAN_POINT('',(-6.91862233376396,-9.62903316208451,8.3));
#4272=CARTESIAN_POINT('Origin',(-6.2597412145907,-4.97229505572184,8.3));
#4273=CARTESIAN_POINT('Origin',(-0.259435983560888,-1.4543166635994,8.5));
#4274=CARTESIAN_POINT('',(-0.259435983560888,-1.4543166635994,8.5));
#4275=CARTESIAN_POINT('',(-1.1909049543309,-8.08206277942334,8.5));
#4276=CARTESIAN_POINT('',(-0.156707456197249,-0.723365209944605,8.5));
#4277=CARTESIAN_POINT('',(-0.259435983560888,-1.4543166635994,8.3));
#4278=CARTESIAN_POINT('',(-0.259435983560888,-1.4543166635994,8.5));
#4279=CARTESIAN_POINT('',(-1.1909049543309,-8.08206277942334,8.3));
#4280=CARTESIAN_POINT('',(-0.259435983560888,-1.4543166635994,8.3));
#4281=CARTESIAN_POINT('',(-1.1909049543309,-8.08206277942334,8.5));
#4282=CARTESIAN_POINT('Origin',(-1.87516009904725,-1.4543166635994,8.5));
#4283=CARTESIAN_POINT('',(-1.87516009904725,-1.4543166635994,8.5));
#4284=CARTESIAN_POINT('',(-0.937580049523627,-1.4543166635994,8.5));
#4285=CARTESIAN_POINT('',(-1.87516009904725,-1.4543166635994,8.3));
#4286=CARTESIAN_POINT('',(-1.87516009904725,-1.4543166635994,8.5));
#4287=CARTESIAN_POINT('',(-1.87516009904725,-1.4543166635994,8.3));
#4288=CARTESIAN_POINT('Origin',(-2.80662907036068,-8.08206277942334,8.5));
#4289=CARTESIAN_POINT('',(-2.80662907036068,-8.08206277942334,8.5));
#4290=CARTESIAN_POINT('',(-2.22251845426488,-3.92589978713206,8.5));
#4291=CARTESIAN_POINT('',(-2.80662907036068,-8.08206277942334,8.3));
#4292=CARTESIAN_POINT('',(-2.80662907036068,-8.08206277942334,8.5));
#4293=CARTESIAN_POINT('',(-2.80662907036068,-8.08206277942334,8.3));
#4294=CARTESIAN_POINT('Origin',(-1.1909049543309,-8.08206277942334,8.5));
#4295=CARTESIAN_POINT('',(-0.595452477165451,-8.08206277942334,8.5));
#4296=CARTESIAN_POINT('',(-1.1909049543309,-8.08206277942334,8.3));
#4297=CARTESIAN_POINT('Origin',(-1.53303252696079,-4.76818972151137,8.3));
#4298=CARTESIAN_POINT('Origin',(5.82974952350776,-9.45641520992991,8.5));
#4299=CARTESIAN_POINT('',(6.73959030764522,-9.45641520992991,8.5));
#4300=CARTESIAN_POINT('Origin',(5.82974952350776,-9.45641520992991,8.5));
#4301=CARTESIAN_POINT('',(6.73959030764522,-9.45641520992991,8.3));
#4302=CARTESIAN_POINT('',(6.73959030764522,-9.45641520992991,8.5));
#4303=CARTESIAN_POINT('Origin',(5.82974952350776,-9.45641520992991,8.3));
#4304=CARTESIAN_POINT('Origin',(5.82974952350776,-9.45641520992991,8.3));
#4305=CARTESIAN_POINT('Origin',(-3.71438379981813,5.81071753564803,8.5));
#4306=CARTESIAN_POINT('',(-3.71438379981813,5.81071753564803,8.5));
#4307=CARTESIAN_POINT('',(-3.43892409940803,7.7707149089435,8.5));
#4308=CARTESIAN_POINT('',(-4.07882431007952,3.21758887918278,8.5));
#4309=CARTESIAN_POINT('',(-3.71438379981813,5.81071753564803,8.3));
#4310=CARTESIAN_POINT('',(-3.71438379981813,5.81071753564803,8.5));
#4311=CARTESIAN_POINT('',(-3.43892409940803,7.7707149089435,8.3));
#4312=CARTESIAN_POINT('',(-3.43892409940803,7.7707149089435,8.3));
#4313=CARTESIAN_POINT('',(-3.43892409940803,7.7707149089435,8.5));
#4314=CARTESIAN_POINT('Origin',(-1.67687696055797,1.39360047603472,8.5));
#4315=CARTESIAN_POINT('',(-1.67687696055797,1.39360047603472,8.5));
#4316=CARTESIAN_POINT('',(-1.26475154077328,0.500152568349514,8.5));
#4317=CARTESIAN_POINT('',(-1.67687696055797,1.39360047603472,8.3));
#4318=CARTESIAN_POINT('',(-1.67687696055797,1.39360047603472,8.5));
#4319=CARTESIAN_POINT('',(-3.71438379981813,5.81071753564803,8.3));
#4320=CARTESIAN_POINT('Origin',(-1.40141726014831,3.35359784933114,8.5));
#4321=CARTESIAN_POINT('',(-1.40141726014831,3.35359784933114,8.5));
#4322=CARTESIAN_POINT('',(-1.61893936289443,1.80584785402419,8.5));
#4323=CARTESIAN_POINT('',(-1.40141726014831,3.35359784933114,8.3));
#4324=CARTESIAN_POINT('',(-1.40141726014831,3.35359784933114,8.5));
#4325=CARTESIAN_POINT('',(-1.67687696055797,1.39360047603472,8.3));
#4326=CARTESIAN_POINT('Origin',(-3.43892409940803,7.7707149089435,8.5));
#4327=CARTESIAN_POINT('',(-1.65946968099333,3.91303045020669,8.5));
#4328=CARTESIAN_POINT('',(-1.40141726014831,3.35359784933114,8.3));
#4329=CARTESIAN_POINT('Origin',(-2.55790052998322,4.58215769248911,8.3));
#4330=CARTESIAN_POINT('Origin',(5.16617957434792,0.788159473471422,8.5));
#4331=CARTESIAN_POINT('',(5.16617957434792,0.788159473471422,8.5));
#4332=CARTESIAN_POINT('',(4.52297496006079,0.211741508255817,8.5));
#4333=CARTESIAN_POINT('',(3.5377456442173,-0.671187290597207,8.5));
#4334=CARTESIAN_POINT('',(5.16617957434792,0.788159473471422,8.3));
#4335=CARTESIAN_POINT('',(5.16617957434792,0.788159473471422,8.5));
#4336=CARTESIAN_POINT('',(4.52297496006079,0.211741508255817,8.3));
#4337=CARTESIAN_POINT('',(5.16617957434792,0.788159473471422,8.3));
#4338=CARTESIAN_POINT('',(4.52297496006079,0.211741508255817,8.5));
#4339=CARTESIAN_POINT('Origin',(6.23865506929838,8.41921913824096,8.5));
#4340=CARTESIAN_POINT('',(6.23865506929838,8.41921913824096,8.5));
#4341=CARTESIAN_POINT('',(5.59807351471862,3.86124454006633,8.5));
#4342=CARTESIAN_POINT('',(6.23865506929838,8.41921913824096,8.3));
#4343=CARTESIAN_POINT('',(6.23865506929838,8.41921913824096,8.5));
#4344=CARTESIAN_POINT('',(6.23865506929838,8.41921913824096,8.3));
#4345=CARTESIAN_POINT('Origin',(5.73517161557508,8.89965096045102,8.5));
#4346=CARTESIAN_POINT('',(5.73517161557508,8.89965096045102,8.5));
#4347=CARTESIAN_POINT('',(6.45670401460881,8.21115340866876,8.5));
#4348=CARTESIAN_POINT('',(5.73517161557508,8.89965096045102,8.3));
#4349=CARTESIAN_POINT('',(5.73517161557508,8.89965096045102,8.5));
#4350=CARTESIAN_POINT('',(5.73517161557508,8.89965096045102,8.3));
#4351=CARTESIAN_POINT('Origin',(4.54583678222938,7.87066560785626,8.5));
#4352=CARTESIAN_POINT('',(4.54583678222938,7.87066560785626,8.5));
#4353=CARTESIAN_POINT('',(1.29872435453889,5.06133804706939,8.5));
#4354=CARTESIAN_POINT('',(4.54583678222938,7.87066560785626,8.3));
#4355=CARTESIAN_POINT('',(4.54583678222938,7.87066560785626,8.5));
#4356=CARTESIAN_POINT('',(4.54583678222938,7.87066560785626,8.3));
#4357=CARTESIAN_POINT('Origin',(3.5973774640101,1.12202689208559,8.5));
#4358=CARTESIAN_POINT('',(3.5973774640101,1.12202689208559,8.5));
#4359=CARTESIAN_POINT('',(3.48522025708123,0.323986897756691,8.5));
#4360=CARTESIAN_POINT('',(3.5973774640101,1.12202689208559,8.3));
#4361=CARTESIAN_POINT('',(3.5973774640101,1.12202689208559,8.5));
#4362=CARTESIAN_POINT('',(3.5973774640101,1.12202689208559,8.3));
#4363=CARTESIAN_POINT('Origin',(4.52297496006079,0.211741508255817,8.5));
#4364=CARTESIAN_POINT('',(3.42629869349624,1.29027551521476,8.5));
#4365=CARTESIAN_POINT('',(4.52297496006079,0.211741508255817,8.3));
#4366=CARTESIAN_POINT('Origin',(4.91801626665424,4.55569623435342,8.3));
#4367=CARTESIAN_POINT('Origin',(9.04999971166253,-12.8999997116625,0.));
#4368=CARTESIAN_POINT('',(9.04999971166253,-12.8999997116625,0.));
#4369=CARTESIAN_POINT('',(9.04999971166253,-11.85,0.));
#4370=CARTESIAN_POINT('',(9.04999971166253,-6.44999985583127,0.));
#4371=CARTESIAN_POINT('',(9.04999971166253,-12.8999997116625,1.));
#4372=CARTESIAN_POINT('',(9.04999971166253,-12.8999997116625,0.));
#4373=CARTESIAN_POINT('',(9.04999971166253,-11.85,1.));
#4374=CARTESIAN_POINT('',(9.04999971166253,-11.85,1.));
#4375=CARTESIAN_POINT('',(9.04999971166253,-11.85,0.));
#4376=CARTESIAN_POINT('Origin',(8.,-12.8999997116625,0.));
#4377=CARTESIAN_POINT('',(8.,-12.8999997116625,0.));
#4378=CARTESIAN_POINT('',(4.,-12.8999997116625,0.));
#4379=CARTESIAN_POINT('',(8.,-12.8999997116625,1.));
#4380=CARTESIAN_POINT('',(8.,-12.8999997116625,0.));
#4381=CARTESIAN_POINT('',(9.04999971166253,-12.8999997116625,1.));
#4382=CARTESIAN_POINT('Origin',(8.,-13.85,0.));
#4383=CARTESIAN_POINT('',(8.,-13.85,0.));
#4384=CARTESIAN_POINT('',(8.,-6.925,0.));
#4385=CARTESIAN_POINT('',(8.,-13.85,1.));
#4386=CARTESIAN_POINT('',(8.,-13.85,0.));
#4387=CARTESIAN_POINT('',(8.,-12.8999997116625,1.));
#4388=CARTESIAN_POINT('Origin',(-8.,-12.8999997116625,0.));
#4389=CARTESIAN_POINT('',(-8.,-12.8999997116625,0.));
#4390=CARTESIAN_POINT('',(-8.,-13.85,0.));
#4391=CARTESIAN_POINT('',(-8.,-6.44999985583127,0.));
#4392=CARTESIAN_POINT('',(-8.,-12.8999997116625,1.));
#4393=CARTESIAN_POINT('',(-8.,-12.8999997116625,0.));
#4394=CARTESIAN_POINT('',(-8.,-13.85,1.));
#4395=CARTESIAN_POINT('',(-8.,-12.8999997116625,1.));
#4396=CARTESIAN_POINT('',(-8.,-13.85,0.));
#4397=CARTESIAN_POINT('Origin',(-9.04999971166253,-12.8999997116625,0.));
#4398=CARTESIAN_POINT('',(-9.04999971166253,-12.8999997116625,0.));
#4399=CARTESIAN_POINT('',(-4.52499985583126,-12.8999997116625,0.));
#4400=CARTESIAN_POINT('',(-9.04999971166253,-12.8999997116625,1.));
#4401=CARTESIAN_POINT('',(-9.04999971166253,-12.8999997116625,0.));
#4402=CARTESIAN_POINT('',(-9.04999971166253,-12.8999997116625,1.));
#4403=CARTESIAN_POINT('Origin',(-9.04999971166253,-11.85,0.));
#4404=CARTESIAN_POINT('',(-9.04999971166253,-11.85,0.));
#4405=CARTESIAN_POINT('',(-9.04999971166253,-5.925,0.));
#4406=CARTESIAN_POINT('',(-9.04999971166253,-11.85,1.));
#4407=CARTESIAN_POINT('',(-9.04999971166253,-11.85,0.));
#4408=CARTESIAN_POINT('',(-9.04999971166253,-11.85,1.));
#4409=CARTESIAN_POINT('Origin',(-10.,-11.85,0.));
#4410=CARTESIAN_POINT('',(-10.,-11.85,0.));
#4411=CARTESIAN_POINT('',(-5.,-11.85,0.));
#4412=CARTESIAN_POINT('',(-10.,-11.85,1.));
#4413=CARTESIAN_POINT('',(-10.,-11.85,0.));
#4414=CARTESIAN_POINT('',(-10.,-11.85,1.));
#4415=CARTESIAN_POINT('Origin',(-9.04999971166253,11.85,0.));
#4416=CARTESIAN_POINT('',(-9.04999971166253,11.85,0.));
#4417=CARTESIAN_POINT('',(-10.,11.85,0.));
#4418=CARTESIAN_POINT('',(-4.52499985583126,11.85,0.));
#4419=CARTESIAN_POINT('',(-9.04999971166253,11.85,1.));
#4420=CARTESIAN_POINT('',(-9.04999971166253,11.85,0.));
#4421=CARTESIAN_POINT('',(-10.,11.85,1.));
#4422=CARTESIAN_POINT('',(-10.,11.85,1.));
#4423=CARTESIAN_POINT('',(-10.,11.85,0.));
#4424=CARTESIAN_POINT('Origin',(-9.04999971166253,12.8999997116625,0.));
#4425=CARTESIAN_POINT('',(-9.04999971166253,12.8999997116625,0.));
#4426=CARTESIAN_POINT('',(-9.04999971166253,6.44999985583126,0.));
#4427=CARTESIAN_POINT('',(-9.04999971166253,12.8999997116625,1.));
#4428=CARTESIAN_POINT('',(-9.04999971166253,12.8999997116625,0.));
#4429=CARTESIAN_POINT('',(-9.04999971166253,11.85,1.));
#4430=CARTESIAN_POINT('Origin',(-8.,12.8999997116625,0.));
#4431=CARTESIAN_POINT('',(-8.,12.8999997116625,0.));
#4432=CARTESIAN_POINT('',(-4.,12.8999997116625,0.));
#4433=CARTESIAN_POINT('',(-8.,12.8999997116625,1.));
#4434=CARTESIAN_POINT('',(-8.,12.8999997116625,0.));
#4435=CARTESIAN_POINT('',(-9.04999971166253,12.8999997116625,1.));
#4436=CARTESIAN_POINT('Origin',(-8.,13.85,0.));
#4437=CARTESIAN_POINT('',(-8.,13.85,0.));
#4438=CARTESIAN_POINT('',(-8.,6.925,0.));
#4439=CARTESIAN_POINT('',(-8.,13.85,1.));
#4440=CARTESIAN_POINT('',(-8.,13.85,0.));
#4441=CARTESIAN_POINT('',(-8.,12.8999997116625,1.));
#4442=CARTESIAN_POINT('Origin',(8.,12.8999997116625,0.));
#4443=CARTESIAN_POINT('',(8.,12.8999997116625,0.));
#4444=CARTESIAN_POINT('',(8.,13.85,0.));
#4445=CARTESIAN_POINT('',(8.,6.44999985583126,0.));
#4446=CARTESIAN_POINT('',(8.,12.8999997116625,1.));
#4447=CARTESIAN_POINT('',(8.,12.8999997116625,0.));
#4448=CARTESIAN_POINT('',(8.,13.85,1.));
#4449=CARTESIAN_POINT('',(8.,12.8999997116625,1.));
#4450=CARTESIAN_POINT('',(8.,13.85,0.));
#4451=CARTESIAN_POINT('Origin',(9.04999971166253,12.8999997116625,0.));
#4452=CARTESIAN_POINT('',(9.04999971166253,12.8999997116625,0.));
#4453=CARTESIAN_POINT('',(4.52499985583126,12.8999997116625,0.));
#4454=CARTESIAN_POINT('',(9.04999971166253,12.8999997116625,1.));
#4455=CARTESIAN_POINT('',(9.04999971166253,12.8999997116625,0.));
#4456=CARTESIAN_POINT('',(9.04999971166253,12.8999997116625,1.));
#4457=CARTESIAN_POINT('Origin',(9.04999971166253,11.85,0.));
#4458=CARTESIAN_POINT('',(9.04999971166253,11.85,0.));
#4459=CARTESIAN_POINT('',(9.04999971166253,5.925,0.));
#4460=CARTESIAN_POINT('',(9.04999971166253,11.85,1.));
#4461=CARTESIAN_POINT('',(9.04999971166253,11.85,0.));
#4462=CARTESIAN_POINT('',(9.04999971166253,11.85,1.));
#4463=CARTESIAN_POINT('Origin',(10.,11.85,0.));
#4464=CARTESIAN_POINT('',(10.,11.85,0.));
#4465=CARTESIAN_POINT('',(5.,11.85,0.));
#4466=CARTESIAN_POINT('',(10.,11.85,1.));
#4467=CARTESIAN_POINT('',(10.,11.85,0.));
#4468=CARTESIAN_POINT('',(10.,11.85,1.));
#4469=CARTESIAN_POINT('Origin',(9.04999971166253,-11.85,0.));
#4470=CARTESIAN_POINT('',(10.,-11.85,0.));
#4471=CARTESIAN_POINT('',(4.52499985583126,-11.85,0.));
#4472=CARTESIAN_POINT('',(10.,-11.85,1.));
#4473=CARTESIAN_POINT('',(10.,-11.85,1.));
#4474=CARTESIAN_POINT('',(10.,-11.85,0.));
#4475=CARTESIAN_POINT('Origin',(0.,-2.22044604925031E-15,1.));
#4476=CARTESIAN_POINT('',(-5.,-13.85,1.));
#4477=CARTESIAN_POINT('',(-10.,6.925,1.));
#4478=CARTESIAN_POINT('',(5.,13.85,1.));
#4479=CARTESIAN_POINT('',(10.,-6.925,1.));
#4480=CARTESIAN_POINT('Origin',(-10.,-13.85,0.));
#4481=CARTESIAN_POINT('',(10.,-13.85,0.));
#4482=CARTESIAN_POINT('',(10.,-13.85,0.));
#4483=CARTESIAN_POINT('',(10.,-13.85,8.5));
#4484=CARTESIAN_POINT('',(10.,-13.85,0.));
#4485=CARTESIAN_POINT('',(-10.,-13.85,8.5));
#4486=CARTESIAN_POINT('',(10.,-13.85,8.5));
#4487=CARTESIAN_POINT('',(-10.,-13.85,0.));
#4488=CARTESIAN_POINT('',(-10.,-13.85,0.));
#4489=CARTESIAN_POINT('',(10.,-13.85,0.));
#4490=CARTESIAN_POINT('Origin',(0.,-2.22044604925031E-15,0.));
#4491=CARTESIAN_POINT('',(10.,13.85,0.));
#4492=CARTESIAN_POINT('Origin',(0.,-2.22044604925031E-15,0.));
#4493=CARTESIAN_POINT('',(10.,13.85,0.));
#4494=CARTESIAN_POINT('',(-10.,13.85,0.));
#4495=CARTESIAN_POINT('',(10.,13.85,0.));
#4496=CARTESIAN_POINT('Origin',(0.,-2.22044604925031E-15,0.));
#4497=CARTESIAN_POINT('',(-10.,13.85,0.));
#4498=CARTESIAN_POINT('',(-10.,-13.85,0.));
#4499=CARTESIAN_POINT('',(-10.,13.85,0.));
#4500=CARTESIAN_POINT('Origin',(0.,-2.22044604925031E-15,0.));
#4501=CARTESIAN_POINT('',(-10.,-13.85,0.));
#4502=CARTESIAN_POINT('Origin',(10.,-13.85,0.));
#4503=CARTESIAN_POINT('',(10.,13.85,8.5));
#4504=CARTESIAN_POINT('',(10.,13.85,0.));
#4505=CARTESIAN_POINT('',(10.,13.85,8.5));
#4506=CARTESIAN_POINT('Origin',(-10.,13.85,0.));
#4507=CARTESIAN_POINT('',(-10.,13.85,8.5));
#4508=CARTESIAN_POINT('',(-10.,-13.85,8.5));
#4509=CARTESIAN_POINT('',(-10.,13.85,0.));
#4510=CARTESIAN_POINT('Origin',(10.,13.85,0.));
#4511=CARTESIAN_POINT('',(-10.,13.85,8.5));
#4512=CARTESIAN_POINT('Origin',(0.,-2.22044604925031E-15,8.5));
#4513=CARTESIAN_POINT('',(0.,0.,0.));
#4514=CARTESIAN_POINT('Origin',(-7.62,-2.54,1.));
#4515=CARTESIAN_POINT('',(-7.875,-2.54,-6.));
#4516=CARTESIAN_POINT('Origin',(-7.62,-2.54,-6.));
#4517=CARTESIAN_POINT('',(-7.875,-2.54,1.));
#4518=CARTESIAN_POINT('',(-7.875,-2.54,1.));
#4519=CARTESIAN_POINT('Origin',(-7.62,-2.54,1.));
#4520=CARTESIAN_POINT('Origin',(-7.62,-2.54,-6.));
#4521=CARTESIAN_POINT('Origin',(-7.62,-2.54,1.));
#4522=CARTESIAN_POINT('Origin',(-7.62,2.54,1.));
#4523=CARTESIAN_POINT('',(-7.875,2.54,-6.));
#4524=CARTESIAN_POINT('Origin',(-7.62,2.54,-6.));
#4525=CARTESIAN_POINT('',(-7.875,2.54,1.));
#4526=CARTESIAN_POINT('',(-7.875,2.54,1.));
#4527=CARTESIAN_POINT('Origin',(-7.62,2.54,1.));
#4528=CARTESIAN_POINT('Origin',(-7.62,2.54,-6.));
#4529=CARTESIAN_POINT('Origin',(-7.62,2.54,1.));
#4530=CARTESIAN_POINT('Origin',(7.62,-5.08,1.));
#4531=CARTESIAN_POINT('',(7.365,-5.08,-6.));
#4532=CARTESIAN_POINT('Origin',(7.62,-5.08,-6.));
#4533=CARTESIAN_POINT('',(7.365,-5.08,1.));
#4534=CARTESIAN_POINT('',(7.365,-5.08,1.));
#4535=CARTESIAN_POINT('Origin',(7.62,-5.08,1.));
#4536=CARTESIAN_POINT('Origin',(7.62,-5.08,-6.));
#4537=CARTESIAN_POINT('Origin',(7.62,-5.08,1.));
#4538=CARTESIAN_POINT('Origin',(-7.62,7.62,1.));
#4539=CARTESIAN_POINT('',(-7.875,7.62,-6.));
#4540=CARTESIAN_POINT('Origin',(-7.62,7.62,-6.));
#4541=CARTESIAN_POINT('',(-7.875,7.62,1.));
#4542=CARTESIAN_POINT('',(-7.875,7.62,1.));
#4543=CARTESIAN_POINT('Origin',(-7.62,7.62,1.));
#4544=CARTESIAN_POINT('Origin',(-7.62,7.62,-6.));
#4545=CARTESIAN_POINT('Origin',(-7.62,7.62,1.));
#4546=CARTESIAN_POINT('Origin',(7.62,10.16,1.));
#4547=CARTESIAN_POINT('',(7.365,10.16,-6.));
#4548=CARTESIAN_POINT('Origin',(7.62,10.16,-6.));
#4549=CARTESIAN_POINT('',(7.365,10.16,1.));
#4550=CARTESIAN_POINT('',(7.365,10.16,1.));
#4551=CARTESIAN_POINT('Origin',(7.62,10.16,1.));
#4552=CARTESIAN_POINT('Origin',(7.62,10.16,-6.));
#4553=CARTESIAN_POINT('Origin',(7.62,10.16,1.));
#4554=CARTESIAN_POINT('Origin',(-7.62,5.08,1.));
#4555=CARTESIAN_POINT('',(-7.875,5.08,-6.));
#4556=CARTESIAN_POINT('Origin',(-7.62,5.08,-6.));
#4557=CARTESIAN_POINT('',(-7.875,5.08,1.));
#4558=CARTESIAN_POINT('',(-7.875,5.08,1.));
#4559=CARTESIAN_POINT('Origin',(-7.62,5.08,1.));
#4560=CARTESIAN_POINT('Origin',(-7.62,5.08,-6.));
#4561=CARTESIAN_POINT('Origin',(-7.62,5.08,1.));
#4562=CARTESIAN_POINT('Origin',(7.62,0.,1.));
#4563=CARTESIAN_POINT('',(7.365,3.12284933782575E-17,-6.));
#4564=CARTESIAN_POINT('Origin',(7.62,0.,-6.));
#4565=CARTESIAN_POINT('',(7.365,3.12284933782575E-17,1.));
#4566=CARTESIAN_POINT('',(7.365,3.12284933782575E-17,1.));
#4567=CARTESIAN_POINT('Origin',(7.62,0.,1.));
#4568=CARTESIAN_POINT('Origin',(7.62,0.,-6.));
#4569=CARTESIAN_POINT('Origin',(7.62,0.,1.));
#4570=CARTESIAN_POINT('Origin',(-7.62,-7.62,1.));
#4571=CARTESIAN_POINT('',(-7.875,-7.62,-6.));
#4572=CARTESIAN_POINT('Origin',(-7.62,-7.62,-6.));
#4573=CARTESIAN_POINT('',(-7.875,-7.62,1.));
#4574=CARTESIAN_POINT('',(-7.875,-7.62,1.));
#4575=CARTESIAN_POINT('Origin',(-7.62,-7.62,1.));
#4576=CARTESIAN_POINT('Origin',(-7.62,-7.62,-6.));
#4577=CARTESIAN_POINT('Origin',(-7.62,-7.62,1.));
#4578=CARTESIAN_POINT('Origin',(7.62,-10.16,1.));
#4579=CARTESIAN_POINT('',(7.365,-10.16,-6.));
#4580=CARTESIAN_POINT('Origin',(7.62,-10.16,-6.));
#4581=CARTESIAN_POINT('',(7.365,-10.16,1.));
#4582=CARTESIAN_POINT('',(7.365,-10.16,1.));
#4583=CARTESIAN_POINT('Origin',(7.62,-10.16,1.));
#4584=CARTESIAN_POINT('Origin',(7.62,-10.16,-6.));
#4585=CARTESIAN_POINT('Origin',(7.62,-10.16,1.));
#4586=CARTESIAN_POINT('Origin',(7.62,-7.62,1.));
#4587=CARTESIAN_POINT('',(7.365,-7.62,-6.));
#4588=CARTESIAN_POINT('Origin',(7.62,-7.62,-6.));
#4589=CARTESIAN_POINT('',(7.365,-7.62,1.));
#4590=CARTESIAN_POINT('',(7.365,-7.62,1.));
#4591=CARTESIAN_POINT('Origin',(7.62,-7.62,1.));
#4592=CARTESIAN_POINT('Origin',(7.62,-7.62,-6.));
#4593=CARTESIAN_POINT('Origin',(7.62,-7.62,1.));
#4594=CARTESIAN_POINT('Origin',(-7.62,0.,1.));
#4595=CARTESIAN_POINT('',(-7.875,3.12284933782575E-17,-6.));
#4596=CARTESIAN_POINT('Origin',(-7.62,0.,-6.));
#4597=CARTESIAN_POINT('',(-7.875,3.12284933782575E-17,1.));
#4598=CARTESIAN_POINT('',(-7.875,3.12284933782575E-17,1.));
#4599=CARTESIAN_POINT('Origin',(-7.62,0.,1.));
#4600=CARTESIAN_POINT('Origin',(-7.62,0.,-6.));
#4601=CARTESIAN_POINT('Origin',(-7.62,0.,1.));
#4602=CARTESIAN_POINT('Origin',(-7.62,-5.08,1.));
#4603=CARTESIAN_POINT('',(-7.875,-5.08,-6.));
#4604=CARTESIAN_POINT('Origin',(-7.62,-5.08,-6.));
#4605=CARTESIAN_POINT('',(-7.875,-5.08,1.));
#4606=CARTESIAN_POINT('',(-7.875,-5.08,1.));
#4607=CARTESIAN_POINT('Origin',(-7.62,-5.08,1.));
#4608=CARTESIAN_POINT('Origin',(-7.62,-5.08,-6.));
#4609=CARTESIAN_POINT('Origin',(-7.62,-5.08,1.));
#4610=CARTESIAN_POINT('Origin',(7.62,7.62,1.));
#4611=CARTESIAN_POINT('',(7.365,7.62,-6.));
#4612=CARTESIAN_POINT('Origin',(7.62,7.62,-6.));
#4613=CARTESIAN_POINT('',(7.365,7.62,1.));
#4614=CARTESIAN_POINT('',(7.365,7.62,1.));
#4615=CARTESIAN_POINT('Origin',(7.62,7.62,1.));
#4616=CARTESIAN_POINT('Origin',(7.62,7.62,-6.));
#4617=CARTESIAN_POINT('Origin',(7.62,7.62,1.));
#4618=CARTESIAN_POINT('Origin',(7.62,5.08,1.));
#4619=CARTESIAN_POINT('',(7.365,5.08,-6.));
#4620=CARTESIAN_POINT('Origin',(7.62,5.08,-6.));
#4621=CARTESIAN_POINT('',(7.365,5.08,1.));
#4622=CARTESIAN_POINT('',(7.365,5.08,1.));
#4623=CARTESIAN_POINT('Origin',(7.62,5.08,1.));
#4624=CARTESIAN_POINT('Origin',(7.62,5.08,-6.));
#4625=CARTESIAN_POINT('Origin',(7.62,5.08,1.));
#4626=CARTESIAN_POINT('Origin',(7.62,-2.54,1.));
#4627=CARTESIAN_POINT('',(7.365,-2.54,-6.));
#4628=CARTESIAN_POINT('Origin',(7.62,-2.54,-6.));
#4629=CARTESIAN_POINT('',(7.365,-2.54,1.));
#4630=CARTESIAN_POINT('',(7.365,-2.54,1.));
#4631=CARTESIAN_POINT('Origin',(7.62,-2.54,1.));
#4632=CARTESIAN_POINT('Origin',(7.62,-2.54,-6.));
#4633=CARTESIAN_POINT('Origin',(7.62,-2.54,1.));
#4634=CARTESIAN_POINT('Origin',(-7.62,10.16,1.));
#4635=CARTESIAN_POINT('',(-7.875,10.16,-6.));
#4636=CARTESIAN_POINT('Origin',(-7.62,10.16,-6.));
#4637=CARTESIAN_POINT('',(-7.875,10.16,1.));
#4638=CARTESIAN_POINT('',(-7.875,10.16,1.));
#4639=CARTESIAN_POINT('Origin',(-7.62,10.16,1.));
#4640=CARTESIAN_POINT('Origin',(-7.62,10.16,-6.));
#4641=CARTESIAN_POINT('Origin',(-7.62,10.16,1.));
#4642=CARTESIAN_POINT('Origin',(7.62,2.54,1.));
#4643=CARTESIAN_POINT('',(7.365,2.54,-6.));
#4644=CARTESIAN_POINT('Origin',(7.62,2.54,-6.));
#4645=CARTESIAN_POINT('',(7.365,2.54,1.));
#4646=CARTESIAN_POINT('',(7.365,2.54,1.));
#4647=CARTESIAN_POINT('Origin',(7.62,2.54,1.));
#4648=CARTESIAN_POINT('Origin',(7.62,2.54,-6.));
#4649=CARTESIAN_POINT('Origin',(7.62,2.54,1.));
#4650=CARTESIAN_POINT('Origin',(-7.62,-10.16,1.));
#4651=CARTESIAN_POINT('',(-7.875,-10.16,-6.));
#4652=CARTESIAN_POINT('Origin',(-7.62,-10.16,-6.));
#4653=CARTESIAN_POINT('',(-7.875,-10.16,1.));
#4654=CARTESIAN_POINT('',(-7.875,-10.16,1.));
#4655=CARTESIAN_POINT('Origin',(-7.62,-10.16,1.));
#4656=CARTESIAN_POINT('Origin',(-7.62,-10.16,-6.));
#4657=CARTESIAN_POINT('Origin',(-7.62,-10.16,1.));
#4658=CARTESIAN_POINT('',(0.,0.,0.));
#4659=CARTESIAN_POINT('',(0.,0.,0.));
#4660=UNCERTAINTY_MEASURE_WITH_UNIT(LENGTH_MEASURE(0.01),#4668,
'DISTANCE_ACCURACY_VALUE',
'Maximum model space distance between geometric entities at asserted c
onnectivities');
#4661=UNCERTAINTY_MEASURE_WITH_UNIT(LENGTH_MEASURE(0.01),#4668,
'DISTANCE_ACCURACY_VALUE',
'Maximum model space distance between geometric entities at asserted c
onnectivities');
#4662=UNCERTAINTY_MEASURE_WITH_UNIT(LENGTH_MEASURE(0.01),#4668,
'DISTANCE_ACCURACY_VALUE',
'Maximum model space distance between geometric entities at asserted c
onnectivities');
#4663=UNCERTAINTY_MEASURE_WITH_UNIT(LENGTH_MEASURE(0.01),#4668,
'DISTANCE_ACCURACY_VALUE',
'Maximum model space distance between geometric entities at asserted c
onnectivities');
#4664=(
GEOMETRIC_REPRESENTATION_CONTEXT(3)
GLOBAL_UNCERTAINTY_ASSIGNED_CONTEXT((#4660))
GLOBAL_UNIT_ASSIGNED_CONTEXT((#4668,#4670,#4671))
REPRESENTATION_CONTEXT('','3D')
);
#4665=(
GEOMETRIC_REPRESENTATION_CONTEXT(3)
GLOBAL_UNCERTAINTY_ASSIGNED_CONTEXT((#4661))
GLOBAL_UNIT_ASSIGNED_CONTEXT((#4668,#4670,#4671))
REPRESENTATION_CONTEXT('','3D')
);
#4666=(
GEOMETRIC_REPRESENTATION_CONTEXT(3)
GLOBAL_UNCERTAINTY_ASSIGNED_CONTEXT((#4662))
GLOBAL_UNIT_ASSIGNED_CONTEXT((#4668,#4670,#4671))
REPRESENTATION_CONTEXT('','3D')
);
#4667=(
GEOMETRIC_REPRESENTATION_CONTEXT(3)
GLOBAL_UNCERTAINTY_ASSIGNED_CONTEXT((#4663))
GLOBAL_UNIT_ASSIGNED_CONTEXT((#4668,#4670,#4671))
REPRESENTATION_CONTEXT('','3D')
);
#4668=(
LENGTH_UNIT()
NAMED_UNIT(*)
SI_UNIT(.MILLI.,.METRE.)
);
#4669=(
LENGTH_UNIT()
NAMED_UNIT(*)
SI_UNIT($,.METRE.)
);
#4670=(
NAMED_UNIT(*)
PLANE_ANGLE_UNIT()
SI_UNIT($,.RADIAN.)
);
#4671=(
NAMED_UNIT(*)
SI_UNIT($,.STERADIAN.)
SOLID_ANGLE_UNIT()
);
#4672=SHAPE_DEFINITION_REPRESENTATION(#4675,#4680);
#4673=SHAPE_DEFINITION_REPRESENTATION(#4676,#4681);
#4674=SHAPE_DEFINITION_REPRESENTATION(#4677,#4682);
#4675=PRODUCT_DEFINITION_SHAPE('',$,#4684);
#4676=PRODUCT_DEFINITION_SHAPE('',$,#4685);
#4677=PRODUCT_DEFINITION_SHAPE('',$,#4686);
#4678=PRODUCT_DEFINITION_SHAPE($,$,#17);
#4679=PRODUCT_DEFINITION_SHAPE($,$,#18);
#4680=SHAPE_REPRESENTATION('',(#2892,#3109,#3110),#4664);
#4681=SHAPE_REPRESENTATION('',(#2893),#4665);
#4682=SHAPE_REPRESENTATION('',(#3018),#4666);
#4683=PRODUCT_DEFINITION_CONTEXT('part definition',#4694,'design');
#4684=PRODUCT_DEFINITION('LED_16+1 Segment 0.8inch',
'LED_16+1 Segment 0.8inch v5',#4687,#4683);
#4685=PRODUCT_DEFINITION('Body','Body',#4688,#4683);
#4686=PRODUCT_DEFINITION('Legs','Legs',#4689,#4683);
#4687=PRODUCT_DEFINITION_FORMATION('',$,#4696);
#4688=PRODUCT_DEFINITION_FORMATION('',$,#4697);
#4689=PRODUCT_DEFINITION_FORMATION('',$,#4698);
#4690=PRODUCT_RELATED_PRODUCT_CATEGORY('LED_16+1 Segment 0.8inch v5',
'LED_16+1 Segment 0.8inch v5',(#4696));
#4691=PRODUCT_RELATED_PRODUCT_CATEGORY('Body','Body',(#4697));
#4692=PRODUCT_RELATED_PRODUCT_CATEGORY('Legs','Legs',(#4698));
#4693=APPLICATION_PROTOCOL_DEFINITION('international standard',
'automotive_design',2009,#4694);
#4694=APPLICATION_CONTEXT(
'Core Data for Automotive Mechanical Design Process');
#4695=PRODUCT_CONTEXT('part definition',#4694,'mechanical');
#4696=PRODUCT('LED_16+1 Segment 0.8inch','LED_16+1 Segment 0.8inch v5',
$,(#4695));
#4697=PRODUCT('Body','Body',$,(#4695));
#4698=PRODUCT('Legs','Legs',$,(#4695));
#4699=PRESENTATION_STYLE_ASSIGNMENT((#4703));
#4700=PRESENTATION_STYLE_ASSIGNMENT((#4704));
#4701=PRESENTATION_STYLE_ASSIGNMENT((#4705));
#4702=PRESENTATION_STYLE_ASSIGNMENT((#4706));
#4703=SURFACE_STYLE_USAGE(.BOTH.,#4707);
#4704=SURFACE_STYLE_USAGE(.BOTH.,#4708);
#4705=SURFACE_STYLE_USAGE(.BOTH.,#4709);
#4706=SURFACE_STYLE_USAGE(.BOTH.,#4710);
#4707=SURFACE_SIDE_STYLE('',(#4711));
#4708=SURFACE_SIDE_STYLE('',(#4712));
#4709=SURFACE_SIDE_STYLE('',(#4713));
#4710=SURFACE_SIDE_STYLE('',(#4714));
#4711=SURFACE_STYLE_FILL_AREA(#4715);
#4712=SURFACE_STYLE_FILL_AREA(#4716);
#4713=SURFACE_STYLE_FILL_AREA(#4717);
#4714=SURFACE_STYLE_FILL_AREA(#4718);
#4715=FILL_AREA_STYLE('Steel - Satin',(#4719));
#4716=FILL_AREA_STYLE('ABS (White)',(#4720));
#4717=FILL_AREA_STYLE('ABS (White)',(#4721));
#4718=FILL_AREA_STYLE('Nickel - Polished',(#4722));
#4719=FILL_AREA_STYLE_COLOUR('Steel - Satin',#4723);
#4720=FILL_AREA_STYLE_COLOUR('ABS (White)',#4724);
#4721=FILL_AREA_STYLE_COLOUR('ABS (White)',#4725);
#4722=FILL_AREA_STYLE_COLOUR('Nickel - Polished',#4726);
#4723=COLOUR_RGB('Steel - Satin',0.627450980392157,0.627450980392157,0.627450980392157);
#4724=COLOUR_RGB('ABS (White)',0.,0.,0.);
#4725=COLOUR_RGB('ABS (White)',0.96078431372549,0.96078431372549,1.);
#4726=COLOUR_RGB('Nickel - Polished',0.819607843137255,0.8,0.752941176470588);
ENDSEC;
END-ISO-10303-21;
