ISO-10303-21;
HEADER;
FILE_DESCRIPTION (( 'STEP AP203' ),
    '1' );
FILE_NAME ('CUI_DEVICES_MSD-11-A.step',
    '2024-08-01T14:23:41',
    ( '' ),
    ( '' ),
    'SwSTEP 2.0',
    'SolidWorks 2024',
    '' );
FILE_SCHEMA (( 'CONFIG_CONTROL_DESIGN' ));
ENDSEC;

DATA;
#1 = CARTESIAN_POINT ( 'NONE',  ( 0.2618110236220472231, 0.2125984251968216499, -0.2125984251968208727 ) ) ;
#2 = EDGE_CURVE ( 'NONE', #8684, #6760, #8509, .T. ) ;
#3 = CARTESIAN_POINT ( 'NONE',  ( -0.1132526673550787455, 0.2421259842519382366, 0.2105515555275885575 ) ) ;
#4 = LINE ( 'NONE', #3437, #8226 ) ;
#5 = DIRECTION ( 'NONE',  ( 0.000000000000000000, 3.491481338843134933E-15, -1.000000000000000000 ) ) ;
#6 = VECTOR ( 'NONE', #10421, 39.37007874015748143 ) ;
#7 = AXIS2_PLACEMENT_3D ( 'NONE', #2171, #9052, #3070 ) ;
#8 = ORIENTED_EDGE ( 'NONE', *, *, #9041, .T. ) ;
#9 = ORIENTED_EDGE ( 'NONE', *, *, #6713, .F. ) ;
#10 = CARTESIAN_POINT ( 'NONE',  ( -0.04822834645669291098, 0.2303149606298921792, -0.07795275590552164235 ) ) ;
#11 = ORIENTED_EDGE ( 'NONE', *, *, #2013, .T. ) ;
#12 = LINE ( 'NONE', #3612, #1104 ) ;
#13 = ORIENTED_EDGE ( 'NONE', *, *, #6980, .F. ) ;
#14 = MANIFOLD_SOLID_BREP ( 'Imported4', #3182 ) ;
#15 = CIRCLE ( 'NONE', #9196, 0.01377952755905512312 ) ;
#16 = EDGE_CURVE ( 'NONE', #2068, #4057, #10304, .T. ) ;
#17 = VECTOR ( 'NONE', #6711, 39.37007874015748143 ) ;
#18 = DIRECTION ( 'NONE',  ( -1.000000000000000000, 0.000000000000000000, 0.000000000000000000 ) ) ;
#19 = EDGE_CURVE ( 'NONE', #6209, #533, #5841, .T. ) ;
#20 = FACE_OUTER_BOUND ( 'NONE', #9312, .T. ) ;
#21 = PLANE ( 'NONE',  #9829 ) ;
#22 = FACE_OUTER_BOUND ( 'NONE', #7821, .T. ) ;
#23 = CARTESIAN_POINT ( 'NONE',  ( -0.1820866139388976346, 0.2224409448818610024, -0.2125984251968208727 ) ) ;
#24 = ORIENTED_EDGE ( 'NONE', *, *, #7809, .F. ) ;
#25 = DIRECTION ( 'NONE',  ( 0.000000000000000000, -3.491481338843134933E-15, 1.000000000000000000 ) ) ;
#26 = AXIS2_PLACEMENT_3D ( 'NONE', #2071, #5564, #2127 ) ;
#27 = VERTEX_POINT ( 'NONE', #885 ) ;
#28 = ORIENTED_EDGE ( 'NONE', *, *, #9222, .T. ) ;
#29 = VECTOR ( 'NONE', #9249, 39.37007874015748143 ) ;
#30 = CARTESIAN_POINT ( 'NONE',  ( -0.04822834645669291098, 0.2309529165521752303, 0.05719542721420283610 ) ) ;
#31 = EDGE_CURVE ( 'NONE', #8432, #7396, #4630, .T. ) ;
#32 = AXIS2_PLACEMENT_3D ( 'NONE', #7189, #8209, #7991 ) ;
#33 = CARTESIAN_POINT ( 'NONE',  ( 0.2594488188976378784, 0.2775590551180799337, 0.2055118110236515971 ) ) ;
#34 = DIRECTION ( 'NONE',  ( 2.966515921797999839E-12, -1.000000000000000000, -3.491481338843134933E-15 ) ) ;
#35 = MANIFOLD_SOLID_BREP ( 'Imported7', #7880 ) ;
#36 = ORIENTED_EDGE ( 'NONE', *, *, #1604, .F. ) ;
#37 = DIRECTION ( 'NONE',  ( 2.274375482769000231E-13, 3.491481338843134933E-15, -1.000000000000000000 ) ) ;
#38 = DIRECTION ( 'NONE',  ( 0.000000000000000000, -1.000000000000000000, -3.491481338843134933E-15 ) ) ;
#39 = ORIENTED_EDGE ( 'NONE', *, *, #4224, .F. ) ;
#40 = DIRECTION ( 'NONE',  ( 1.000000000000000000, 0.000000000000000000, 0.000000000000000000 ) ) ;
#41 = ORIENTED_EDGE ( 'NONE', *, *, #4633, .T. ) ;
#42 = EDGE_LOOP ( 'NONE', ( #104, #3611, #8307, #6720 ) ) ;
#43 = CARTESIAN_POINT ( 'NONE',  ( 0.07185039393570866184, 0.2106299212598137516, -0.2480314960629626253 ) ) ;
#44 = ORIENTED_EDGE ( 'NONE', *, *, #2843, .T. ) ;
#45 = AXIS2_PLACEMENT_3D ( 'NONE', #4471, #1990, #8706 ) ;
#46 = EDGE_CURVE ( 'NONE', #2651, #10950, #2468, .T. ) ;
#47 = CARTESIAN_POINT ( 'NONE',  ( -0.2618110236220472231, 0.2125984251968216499, -0.2125984251968208727 ) ) ;
#48 = ORIENTED_EDGE ( 'NONE', *, *, #1801, .F. ) ;
#49 = LINE ( 'NONE', #886, #8200 ) ;
#50 = EDGE_LOOP ( 'NONE', ( #532, #6218, #3067, #6033 ) ) ;
#51 = AXIS2_PLACEMENT_3D ( 'NONE', #3089, #3883, #7544 ) ;
#52 = DIRECTION ( 'NONE',  ( -8.881784196884999470E-14, -8.673991921281429327E-13, 1.000000000000000000 ) ) ;
#53 = CARTESIAN_POINT ( 'NONE',  ( 0.1998031496067716462, 0.2125984251968650041, -0.2066929133859468637 ) ) ;
#54 = CARTESIAN_POINT ( 'NONE',  ( -0.06003936984413385525, 0.2106299212598137516, -0.2421259842518799221 ) ) ;
#55 = ORIENTED_EDGE ( 'NONE', *, *, #136, .F. ) ;
#56 = LINE ( 'NONE', #3430, #10262 ) ;
#57 = VERTEX_POINT ( 'NONE', #7605 ) ;
#58 = VECTOR ( 'NONE', #3502, 39.37007874015748143 ) ;
#59 = EDGE_CURVE ( 'NONE', #10264, #5234, #1925, .T. ) ;
#60 = CARTESIAN_POINT ( 'NONE',  ( 0.1033464566929133965, 0.2440944881889468288, 0.0007874015747934192061 ) ) ;
#61 = EDGE_CURVE ( 'NONE', #4456, #1991, #10243, .T. ) ;
#62 = LINE ( 'NONE', #5072, #6636 ) ;
#63 = VERTEX_POINT ( 'NONE', #9454 ) ;
#64 = FACE_OUTER_BOUND ( 'NONE', #8444, .T. ) ;
#65 = CYLINDRICAL_SURFACE ( 'NONE', #552, 0.01181102362204724046 ) ;
#66 = ORIENTED_EDGE ( 'NONE', *, *, #9269, .T. ) ;
#67 = DIRECTION ( 'NONE',  ( 0.000000000000000000, -3.469446951953613794E-15, 1.000000000000000000 ) ) ;
#68 = EDGE_LOOP ( 'NONE', ( #4262, #7499, #4292, #3957 ) ) ;
#69 = EDGE_CURVE ( 'NONE', #9504, #2042, #9666, .T. ) ;
#70 = DIRECTION ( 'NONE',  ( -1.000000000000000000, 0.000000000000000000, 0.000000000000000000 ) ) ;
#71 = ORIENTED_EDGE ( 'NONE', *, *, #853, .T. ) ;
#72 = CARTESIAN_POINT ( 'NONE',  ( 0.01673228346456692717, 0.2351129816986712584, -0.03819606597134834330 ) ) ;
#73 = LINE ( 'NONE', #9653, #10368 ) ;
#74 = DIRECTION ( 'NONE',  ( 0.000000000000000000, 0.4520890721125805922, -0.8919727971616542295 ) ) ;
#75 = CARTESIAN_POINT ( 'NONE',  ( 0.2135826771653543399, 0.2224409448818610024, -0.2132217023434626324 ) ) ;
#76 = EDGE_LOOP ( 'NONE', ( #9530, #8730, #9063, #5806, #10867, #4753, #2375 ) ) ;
#77 = DIRECTION ( 'NONE',  ( 0.000000000000000000, 0.5464265657704129309, 0.8375070198036269620 ) ) ;
#78 = ORIENTED_EDGE ( 'NONE', *, *, #8202, .F. ) ;
#79 = ORIENTED_EDGE ( 'NONE', *, *, #10271, .F. ) ;
#80 = ADVANCED_FACE ( 'NONE', ( #9401 ), #5109, .T. ) ;
#81 = EDGE_CURVE ( 'NONE', #9979, #9203, #7713, .T. ) ;
#82 = CARTESIAN_POINT ( 'NONE',  ( -0.09995424143460630850, 0.2421259842519382366, 0.2055353207559350581 ) ) ;
#83 = AXIS2_PLACEMENT_3D ( 'NONE', #7212, #2981, #6187 ) ;
#84 = EDGE_CURVE ( 'NONE', #3825, #10104, #4552, .T. ) ;
#85 = DIRECTION ( 'NONE',  ( 0.000000000000000000, 3.491481338843134933E-15, -1.000000000000000000 ) ) ;
#86 = CARTESIAN_POINT ( 'NONE',  ( -0.1958661417257874238, 0.2125984251968161542, -0.2066929133857264012 ) ) ;
#87 = LINE ( 'NONE', #6216, #5848 ) ;
#88 = ORIENTED_EDGE ( 'NONE', *, *, #7100, .T. ) ;
#89 = DIRECTION ( 'NONE',  ( 0.9989699831295302257, 1.584291275264744945E-16, -0.04537590556877164200 ) ) ;
#90 = CYLINDRICAL_SURFACE ( 'NONE', #7814, 0.02362204724409448786 ) ;
#91 = ORIENTED_EDGE ( 'NONE', *, *, #1895, .T. ) ;
#92 = DIRECTION ( 'NONE',  ( 1.000000000000000000, 0.000000000000000000, 0.000000000000000000 ) ) ;
#93 = AXIS2_PLACEMENT_3D ( 'NONE', #4141, #10231, #4987 ) ;
#94 = CARTESIAN_POINT ( 'NONE',  ( 0.1998031496067716462, 0.2165354330708373909, -0.2185039370078444843 ) ) ;
#95 = EDGE_LOOP ( 'NONE', ( #4483, #5668, #3148, #2199 ) ) ;
#96 = VERTEX_POINT ( 'NONE', #2801 ) ;
#97 = ADVANCED_FACE ( 'NONE', ( #7997 ), #6173, .F. ) ;
#98 = CARTESIAN_POINT ( 'NONE',  ( -4.108699382472441222E-14, 0.2775590551180791565, 0.4786410526771953666 ) ) ;
#99 = VERTEX_POINT ( 'NONE', #6346 ) ;
#100 = VECTOR ( 'NONE', #9427, 39.37007874015748143 ) ;
#101 = CARTESIAN_POINT ( 'NONE',  ( -0.1033464564584252038, 0.2165354330708373909, -0.2480314960629626253 ) ) ;
#102 = DIRECTION ( 'NONE',  ( 0.000000000000000000, 1.000000000000000000, 3.491481338843134933E-15 ) ) ;
#103 = CARTESIAN_POINT ( 'NONE',  ( 0.1132526673546456752, 0.2834645669291035452, 0.2105515555275890016 ) ) ;
#104 = ORIENTED_EDGE ( 'NONE', *, *, #9830, .T. ) ;
#105 = LINE ( 'NONE', #7716, #3536 ) ;
#106 = CARTESIAN_POINT ( 'NONE',  ( -0.1092519682694882005, 0.2224409448818610024, -0.2132217023428440994 ) ) ;
#107 = CARTESIAN_POINT ( 'NONE',  ( -0.9444047244094487814, 0.2224409448818610024, -0.2185039370078444843 ) ) ;
#108 = EDGE_CURVE ( 'NONE', #7806, #9510, #9741, .T. ) ;
#109 = VECTOR ( 'NONE', #7493, 39.37007874015748143 ) ;
#110 = EDGE_LOOP ( 'NONE', ( #5165, #660, #3123, #1615, #9912, #2183, #6718, #8764 ) ) ;
#111 = CARTESIAN_POINT ( 'NONE',  ( 0.08169291338582677919, 0.2362204724409157630, -0.07795275590552164235 ) ) ;
#112 = VERTEX_POINT ( 'NONE', #271 ) ;
#113 = CARTESIAN_POINT ( 'NONE',  ( 0.9444047244094487814, 0.2224409448818610024, -0.2132217023432760039 ) ) ;
#114 = VECTOR ( 'NONE', #8012, 39.37007874015748143 ) ;
#115 = CARTESIAN_POINT ( 'NONE',  ( -0.06988188976377952832, 0.2605808468465059535, -0.009969026885245903247 ) ) ;
#116 = VECTOR ( 'NONE', #7055, 39.37007874015748143 ) ;
#117 = ORIENTED_EDGE ( 'NONE', *, *, #4633, .F. ) ;
#118 = DIRECTION ( 'NONE',  ( 0.000000000000000000, -1.000000000000000000, -3.491481338843135327E-15 ) ) ;
#119 = DIRECTION ( 'NONE',  ( 1.000000000000000000, 0.000000000000000000, 0.000000000000000000 ) ) ;
#120 = ORIENTED_EDGE ( 'NONE', *, *, #7870, .F. ) ;
#121 = EDGE_CURVE ( 'NONE', #1879, #8678, #4494, .T. ) ;
#122 = CARTESIAN_POINT ( 'NONE',  ( -0.1968503937007874127, 0.1968503937007582694, -0.1094488188976082688 ) ) ;
#123 = VERTEX_POINT ( 'NONE', #6291 ) ;
#124 = AXIS2_PLACEMENT_3D ( 'NONE', #3763, #3650, #6234 ) ;
#125 = DIRECTION ( 'NONE',  ( -1.000000000000000000, 0.000000000000000000, 0.000000000000000000 ) ) ;
#126 = AXIS2_PLACEMENT_3D ( 'NONE', #7145, #1226, #2862 ) ;
#127 = VERTEX_POINT ( 'NONE', #7942 ) ;
#128 = DIRECTION ( 'NONE',  ( 0.000000000000000000, -0.8375070198036269620, 0.5464265657704129309 ) ) ;
#129 = CARTESIAN_POINT ( 'NONE',  ( -0.08661417322834646937, 0.2421259842519385974, 0.07952755905514784229 ) ) ;
#130 = VECTOR ( 'NONE', #1947, 39.37007874015748143 ) ;
#131 = LINE ( 'NONE', #3559, #8038 ) ;
#132 = CARTESIAN_POINT ( 'NONE',  ( -0.02263779504094094730, 0.2165354330708373909, -0.2185039370078444843 ) ) ;
#133 = LINE ( 'NONE', #1029, #9399 ) ;
#134 = ORIENTED_EDGE ( 'NONE', *, *, #2977, .F. ) ;
#135 = ADVANCED_FACE ( 'NONE', ( #7140 ), #9567, .T. ) ;
#136 = EDGE_CURVE ( 'NONE', #9292, #3125, #3726, .T. ) ;
#137 = CARTESIAN_POINT ( 'NONE',  ( -0.1348425196850394081, 0.2362204724409157630, -0.05433070866138771382 ) ) ;
#138 = ORIENTED_EDGE ( 'NONE', *, *, #5845, .T. ) ;
#139 = VERTEX_POINT ( 'NONE', #8786 ) ;
#140 = LINE ( 'NONE', #7808, #553 ) ;
#141 = VECTOR ( 'NONE', #1759, 39.37007874015748143 ) ;
#142 = CYLINDRICAL_SURFACE ( 'NONE', #5555, 0.005905511811023620231 ) ;
#143 = EDGE_CURVE ( 'NONE', #7803, #9743, #6118, .T. ) ;
#144 = DIRECTION ( 'NONE',  ( 0.000000000000000000, -3.491481338843134933E-15, 1.000000000000000000 ) ) ;
#145 = CARTESIAN_POINT ( 'NONE',  ( -0.1614173228346456879, 0.2125984251968212890, -0.07795275590548228495 ) ) ;
#146 = VERTEX_POINT ( 'NONE', #2858 ) ;
#147 = DIRECTION ( 'NONE',  ( 0.8343762442494419007, 1.924488180939440027E-15, -0.5511953220340278792 ) ) ;
#148 = DIRECTION ( 'NONE',  ( 0.000000000000000000, 1.000000000000000000, 5.782411586589358822E-15 ) ) ;
#149 = AXIS2_PLACEMENT_3D ( 'NONE', #10481, #3543, #4617 ) ;
#150 = ORIENTED_EDGE ( 'NONE', *, *, #10244, .T. ) ;
#151 = DIRECTION ( 'NONE',  ( 1.000000000000000000, 0.000000000000000000, 0.000000000000000000 ) ) ;
#152 = VERTEX_POINT ( 'NONE', #2746 ) ;
#153 = VERTEX_POINT ( 'NONE', #8727 ) ;
#154 = DIRECTION ( 'NONE',  ( 0.000000000000000000, -3.491481338843134933E-15, 1.000000000000000000 ) ) ;
#155 = ORIENTED_EDGE ( 'NONE', *, *, #9957, .F. ) ;
#156 = VECTOR ( 'NONE', #4701, 39.37007874015748143 ) ;
#157 = CARTESIAN_POINT ( 'NONE',  ( -0.1348425196850394081, 0.2362204724409153467, 0.05986524456920295362 ) ) ;
#158 = EDGE_CURVE ( 'NONE', #1078, #8531, #3645, .T. ) ;
#159 = FACE_OUTER_BOUND ( 'NONE', #10843, .T. ) ;
#160 = EDGE_CURVE ( 'NONE', #3190, #8240, #2014, .T. ) ;
#161 = LINE ( 'NONE', #7998, #1889 ) ;
#162 = VERTEX_POINT ( 'NONE', #10525 ) ;
#163 = CARTESIAN_POINT ( 'NONE',  ( -0.004921259842519684971, 0.2605808468465059535, -0.009969026885245903247 ) ) ;
#164 = CARTESIAN_POINT ( 'NONE',  ( -0.1055296899500787478, 0.2834645669291035452, 0.2075299402693212558 ) ) ;
#165 = DIRECTION ( 'NONE',  ( 0.000000000000000000, 1.000000000000000000, 3.491481338843135327E-15 ) ) ;
#166 = ORIENTED_EDGE ( 'NONE', *, *, #10184, .T. ) ;
#167 = CARTESIAN_POINT ( 'NONE',  ( -0.09153543307086613179, 0.2400588892959547305, -0.04142299450934047722 ) ) ;
#168 = ORIENTED_EDGE ( 'NONE', *, *, #3420, .F. ) ;
#169 = DIRECTION ( 'NONE',  ( 0.000000000000000000, 1.000000000000000000, 3.491481338843134933E-15 ) ) ;
#170 = CARTESIAN_POINT ( 'NONE',  ( 0.03838582677165354451, 0.2598425196850102648, -0.05433070866142700878 ) ) ;
#171 = CIRCLE ( 'NONE', #6289, 0.005905511811023620231 ) ;
#172 = CARTESIAN_POINT ( 'NONE',  ( 0.01673228346456692717, 0.2440944881889468288, 0.0007874015747934192061 ) ) ;
#173 = EDGE_CURVE ( 'NONE', #2512, #162, #6231, .T. ) ;
#174 = ORIENTED_EDGE ( 'NONE', *, *, #2492, .T. ) ;
#175 = DIRECTION ( 'NONE',  ( 0.000000000000000000, 0.8919727971616542295, 0.4520890721125805922 ) ) ;
#176 = DIRECTION ( 'NONE',  ( -1.000000000000000000, 0.000000000000000000, 0.000000000000000000 ) ) ;
#177 = VERTEX_POINT ( 'NONE', #997 ) ;
#178 = DIRECTION ( 'NONE',  ( 0.3333333333148048028, 5.782411586589363555E-15, -0.9428090415886142273 ) ) ;
#179 = VERTEX_POINT ( 'NONE', #2914 ) ;
#180 = AXIS2_PLACEMENT_3D ( 'NONE', #4349, #2541, #67 ) ;
#181 = DIRECTION ( 'NONE',  ( 0.000000000000000000, 3.491481338843134933E-15, -1.000000000000000000 ) ) ;
#182 = ORIENTED_EDGE ( 'NONE', *, *, #5185, .T. ) ;
#183 = DIRECTION ( 'NONE',  ( 1.000000000000000000, 0.000000000000000000, 0.000000000000000000 ) ) ;
#184 = EDGE_CURVE ( 'NONE', #4922, #5089, #7885, .T. ) ;
#185 = CARTESIAN_POINT ( 'NONE',  ( -0.1055296899501968616, 0.2775590551180799337, 0.2075299402693212003 ) ) ;
#186 = AXIS2_PLACEMENT_3D ( 'NONE', #6605, #528, #4229 ) ;
#187 = CIRCLE ( 'NONE', #2339, 0.02460629921259841271 ) ;
#188 = CARTESIAN_POINT ( 'NONE',  ( 0.2712598425196850460, 0.2106299212598126414, 0.1051181102362499925 ) ) ;
#189 = CARTESIAN_POINT ( 'NONE',  ( 0.02657480338441732190, 0.2165354330708373909, -0.2421259842518799221 ) ) ;
#190 = DIRECTION ( 'NONE',  ( 0.000000000000000000, 3.491481338843134933E-15, -1.000000000000000000 ) ) ;
#191 = ORIENTED_EDGE ( 'NONE', *, *, #8352, .F. ) ;
#192 = CARTESIAN_POINT ( 'NONE',  ( 0.1299212598425196763, 0.2125984251968212890, -0.07795275590548228495 ) ) ;
#193 = ORIENTED_EDGE ( 'NONE', *, *, #569, .F. ) ;
#194 = ORIENTED_EDGE ( 'NONE', *, *, #8399, .F. ) ;
#195 = DIRECTION ( 'NONE',  ( -1.000000000000000000, 0.000000000000000000, 0.000000000000000000 ) ) ;
#196 = VECTOR ( 'NONE', #1629, 39.37007874015748143 ) ;
#197 = AXIS2_PLACEMENT_3D ( 'NONE', #3015, #10800, #6446 ) ;
#198 = PLANE ( 'NONE',  #2121 ) ;
#199 = ADVANCED_FACE ( 'NONE', ( #159 ), #5390, .T. ) ;
#200 = EDGE_CURVE ( 'NONE', #1213, #3694, #5528, .T. ) ;
#201 = LINE ( 'NONE', #2785, #3164 ) ;
#202 = LINE ( 'NONE', #1038, #4060 ) ;
#203 = EDGE_LOOP ( 'NONE', ( #3851, #2486, #607, #5985, #2853 ) ) ;
#204 = AXIS2_PLACEMENT_3D ( 'NONE', #1172, #2233, #5667 ) ;
#205 = CARTESIAN_POINT ( 'NONE',  ( -0.1131889763779527630, 0.2556349392492224815, -0.006742098347214430139 ) ) ;
#206 = CARTESIAN_POINT ( 'NONE',  ( -0.03149606299212598381, 0.2125984251968212890, -0.07795275590548228495 ) ) ;
#207 = CARTESIAN_POINT ( 'NONE',  ( -0.1525590548837795490, 0.2224409448818610024, -0.2125984251968208727 ) ) ;
#208 = ORIENTED_EDGE ( 'NONE', *, *, #4864, .F. ) ;
#209 = LINE ( 'NONE', #3470, #5247 ) ;
#210 = ORIENTED_EDGE ( 'NONE', *, *, #7179, .F. ) ;
#211 = ORIENTED_EDGE ( 'NONE', *, *, #8059, .F. ) ;
#212 = DIRECTION ( 'NONE',  ( 1.000000000000000000, 0.000000000000000000, 0.000000000000000000 ) ) ;
#213 = ORIENTED_EDGE ( 'NONE', *, *, #10051, .T. ) ;
#214 = EDGE_CURVE ( 'NONE', #4091, #6191, #4605, .T. ) ;
#215 = AXIS2_PLACEMENT_3D ( 'NONE', #8155, #264, #3861 ) ;
#216 = VECTOR ( 'NONE', #4351, 39.37007874015748143 ) ;
#217 = LINE ( 'NONE', #10469, #7799 ) ;
#218 = DIRECTION ( 'NONE',  ( 0.000000000000000000, 3.491481338843135327E-15, -1.000000000000000000 ) ) ;
#219 = FACE_OUTER_BOUND ( 'NONE', #468, .T. ) ;
#220 = ORIENTED_EDGE ( 'NONE', *, *, #4000, .T. ) ;
#221 = DIRECTION ( 'NONE',  ( -1.000000000000000000, -0.000000000000000000, 0.000000000000000000 ) ) ;
#222 = CARTESIAN_POINT ( 'NONE',  ( -0.008858267481783465083, 0.2106299212598137516, -0.2421259842518996008 ) ) ;
#223 = DIRECTION ( 'NONE',  ( 0.000000000000000000, 1.000000000000000000, 3.491481338843134933E-15 ) ) ;
#224 = VECTOR ( 'NONE', #7072, 39.37007874015748143 ) ;
#225 = ORIENTED_EDGE ( 'NONE', *, *, #9610, .T. ) ;
#226 = ORIENTED_EDGE ( 'NONE', *, *, #10111, .T. ) ;
#227 = EDGE_CURVE ( 'NONE', #10547, #2258, #2106, .T. ) ;
#228 = EDGE_CURVE ( 'NONE', #7191, #10909, #2688, .T. ) ;
#229 = DIRECTION ( 'NONE',  ( 1.000000000000000000, 0.000000000000000000, 0.000000000000000000 ) ) ;
#230 = DIRECTION ( 'NONE',  ( 0.000000000000000000, 1.000000000000000000, 3.491481338843135327E-15 ) ) ;
#231 = EDGE_CURVE ( 'NONE', #773, #10404, #4718, .T. ) ;
#232 = AXIS2_PLACEMENT_3D ( 'NONE', #5306, #10675, #1087 ) ;
#233 = FACE_OUTER_BOUND ( 'NONE', #5271, .T. ) ;
#234 = CARTESIAN_POINT ( 'NONE',  ( -0.1998031496062991907, 0.2351129816986712584, -0.03819606597134834330 ) ) ;
#235 = CARTESIAN_POINT ( 'NONE',  ( 0.03444881913249606131, 0.2224409448818610024, -0.2125984251968208727 ) ) ;
#236 = ORIENTED_EDGE ( 'NONE', *, *, #9343, .T. ) ;
#237 = CARTESIAN_POINT ( 'NONE',  ( 0.2318897637795275801, 0.2834645669291039338, 0.1444881889764076943 ) ) ;
#238 = VERTEX_POINT ( 'NONE', #3184 ) ;
#239 = LINE ( 'NONE', #5353, #2701 ) ;
#240 = VECTOR ( 'NONE', #10615, 39.37007874015748143 ) ;
#241 = ORIENTED_EDGE ( 'NONE', *, *, #7923, .T. ) ;
#242 = EDGE_CURVE ( 'NONE', #8950, #5417, #9649, .T. ) ;
#243 = LINE ( 'NONE', #3783, #5238 ) ;
#244 = ORIENTED_EDGE ( 'NONE', *, *, #7923, .F. ) ;
#245 = CARTESIAN_POINT ( 'NONE',  ( 0.1505905511814173148, 0.2106299212598137516, -0.2132217023432378122 ) ) ;
#246 = CARTESIAN_POINT ( 'NONE',  ( 0.2214313480100770226, 0.1968503937007582694, -0.1105653520070760815 ) ) ;
#247 = CARTESIAN_POINT ( 'NONE',  ( -0.2771653543307086576, 0.2224409448818602253, 0.05787401574806102372 ) ) ;
#248 = DIRECTION ( 'NONE',  ( 0.000000000000000000, -1.000000000000000000, -3.491481338843134933E-15 ) ) ;
#249 = DIRECTION ( 'NONE',  ( 0.000000000000000000, 1.000000000000000000, 3.491481338843134933E-15 ) ) ;
#250 = ORIENTED_EDGE ( 'NONE', *, *, #10848, .T. ) ;
#251 = DIRECTION ( 'NONE',  ( -1.000000000000000000, 0.000000000000000000, 0.000000000000000000 ) ) ;
#252 = ORIENTED_EDGE ( 'NONE', *, *, #7245, .T. ) ;
#253 = ORIENTED_EDGE ( 'NONE', *, *, #3713, .T. ) ;
#254 = EDGE_CURVE ( 'NONE', #5767, #10085, #8782, .T. ) ;
#255 = DIRECTION ( 'NONE',  ( 0.000000000000000000, -3.491481338843134933E-15, 1.000000000000000000 ) ) ;
#256 = DIRECTION ( 'NONE',  ( 0.000000000000000000, 1.000000000000000000, 3.491481338843135327E-15 ) ) ;
#257 = DIRECTION ( 'NONE',  ( 1.000000000000000000, 0.000000000000000000, 0.000000000000000000 ) ) ;
#258 = DIRECTION ( 'NONE',  ( 0.000000000000000000, 3.491481338843134933E-15, -1.000000000000000000 ) ) ;
#259 = VERTEX_POINT ( 'NONE', #3982 ) ;
#260 = DIRECTION ( 'NONE',  ( 0.000000000000000000, -1.000000000000000000, -3.491481338843134933E-15 ) ) ;
#261 = DIRECTION ( 'NONE',  ( -1.000000000000000000, 0.000000000000000000, 0.000000000000000000 ) ) ;
#262 = LINE ( 'NONE', #8831, #5959 ) ;
#263 = VERTEX_POINT ( 'NONE', #10860 ) ;
#264 = DIRECTION ( 'NONE',  ( -1.000000000000000000, 0.000000000000000000, 0.000000000000000000 ) ) ;
#265 = ORIENTED_EDGE ( 'NONE', *, *, #7063, .T. ) ;
#266 = VERTEX_POINT ( 'NONE', #9056 ) ;
#267 = EDGE_CURVE ( 'NONE', #10594, #9743, #8273, .T. ) ;
#268 = LINE ( 'NONE', #7136, #3058 ) ;
#269 = ADVANCED_FACE ( 'NONE', ( #6449 ), #2228, .F. ) ;
#270 = CARTESIAN_POINT ( 'NONE',  ( -0.1010685941743307142, 0.2125984251968200955, 0.2059339810094783507 ) ) ;
#271 = CARTESIAN_POINT ( 'NONE',  ( 0.1643700787405905361, 0.2106299212598137516, -0.2421259842518484473 ) ) ;
#272 = DIRECTION ( 'NONE',  ( 0.000000000000000000, 0.4520890721125805922, -0.8919727971616542295 ) ) ;
#273 = VECTOR ( 'NONE', #8010, 39.37007874015748143 ) ;
#274 = ORIENTED_EDGE ( 'NONE', *, *, #4062, .F. ) ;
#275 = DIRECTION ( 'NONE',  ( -1.000000000000000000, 0.000000000000000000, 0.000000000000000000 ) ) ;
#276 = EDGE_CURVE ( 'NONE', #7311, #4472, #2965, .T. ) ;
#277 = DIRECTION ( 'NONE',  ( -7.697546304067999821E-14, 1.000000000000000000, -4.117319298709569940E-13 ) ) ;
#278 = DIRECTION ( 'NONE',  ( -1.000000000000000000, 1.736951062216729981E-24, -2.267021058911000066E-13 ) ) ;
#279 = VERTEX_POINT ( 'NONE', #6559 ) ;
#280 = EDGE_CURVE ( 'NONE', #10706, #3206, #5718, .T. ) ;
#281 = EDGE_CURVE ( 'NONE', #10104, #1420, #7253, .T. ) ;
#282 = VERTEX_POINT ( 'NONE', #10697 ) ;
#283 = LINE ( 'NONE', #8853, #8297 ) ;
#284 = CIRCLE ( 'NONE', #6561, 0.01181102362204724046 ) ;
#285 = FACE_OUTER_BOUND ( 'NONE', #3521, .T. ) ;
#286 = CARTESIAN_POINT ( 'NONE',  ( 0.1549896822518110062, 0.2775590551180799337, 0.2314365286925496312 ) ) ;
#287 = CARTESIAN_POINT ( 'NONE',  ( 0.2594488188976378784, 0.2775590551180814880, -0.2125984251968204841 ) ) ;
#288 = CARTESIAN_POINT ( 'NONE',  ( -0.06988188976377952832, 0.2362204724409153467, 0.05986524456920295362 ) ) ;
#289 = ORIENTED_EDGE ( 'NONE', *, *, #2139, .F. ) ;
#290 = PLANE ( 'NONE',  #4437 ) ;
#291 = EDGE_CURVE ( 'NONE', #4416, #1336, #5775, .T. ) ;
#292 = ADVANCED_FACE ( 'NONE', ( #3019 ), #9959, .T. ) ;
#293 = VECTOR ( 'NONE', #6838, 39.37007874015748143 ) ;
#294 = CARTESIAN_POINT ( 'NONE',  ( -4.108699382472441222E-14, 0.2421259842519374039, 0.4786410526771953666 ) ) ;
#295 = VERTEX_POINT ( 'NONE', #10915 ) ;
#296 = LINE ( 'NONE', #7905, #2513 ) ;
#297 = ORIENTED_EDGE ( 'NONE', *, *, #4049, .F. ) ;
#298 = DIRECTION ( 'NONE',  ( 0.000000000000000000, 3.491481338843134933E-15, -1.000000000000000000 ) ) ;
#299 = ORIENTED_EDGE ( 'NONE', *, *, #3770, .F. ) ;
#300 = VECTOR ( 'NONE', #9330, 39.37007874015748143 ) ;
#301 = CIRCLE ( 'NONE', #4791, 0.005905511811023620231 ) ;
#302 = CARTESIAN_POINT ( 'NONE',  ( 0.02066929157333464301, 0.2106299212598137516, -0.2132217023431216552 ) ) ;
#303 = DIRECTION ( 'NONE',  ( 0.000000000000000000, 5.782411586531547151E-15, -1.000000000000000000 ) ) ;
#304 = EDGE_CURVE ( 'NONE', #3791, #9503, #3923, .T. ) ;
#305 = EDGE_CURVE ( 'NONE', #939, #3654, #7360, .T. ) ;
#306 = CARTESIAN_POINT ( 'NONE',  ( 0.1796295472108661306, 0.2125984251968200955, 0.2468503937008169891 ) ) ;
#307 = FACE_OUTER_BOUND ( 'NONE', #1161, .T. ) ;
#308 = ORIENTED_EDGE ( 'NONE', *, *, #1006, .T. ) ;
#309 = AXIS2_PLACEMENT_3D ( 'NONE', #6590, #9254, #10686 ) ;
#310 = DIRECTION ( 'NONE',  ( 0.000000000000000000, -1.000000000000000000, -3.491481338843135327E-15 ) ) ;
#311 = ORIENTED_EDGE ( 'NONE', *, *, #2, .T. ) ;
#312 = ORIENTED_EDGE ( 'NONE', *, *, #5378, .T. ) ;
#313 = DIRECTION ( 'NONE',  ( 1.000000000000000000, 0.000000000000000000, 0.000000000000000000 ) ) ;
#314 = VECTOR ( 'NONE', #10308, 39.37007874015748143 ) ;
#315 = DIRECTION ( 'NONE',  ( 1.000000000000000000, 0.000000000000000000, 0.000000000000000000 ) ) ;
#316 = LINE ( 'NONE', #1829, #11089 ) ;
#317 = EDGE_CURVE ( 'NONE', #8197, #96, #6396, .T. ) ;
#318 = LINE ( 'NONE', #3746, #10173 ) ;
#319 = EDGE_LOOP ( 'NONE', ( #2154, #3916, #1926, #8759 ) ) ;
#320 = LINE ( 'NONE', #9554, #9134 ) ;
#321 = CARTESIAN_POINT ( 'NONE',  ( 0.2771653543307086576, 0.2106299212598129744, 0.05787401574806102372 ) ) ;
#322 = ORIENTED_EDGE ( 'NONE', *, *, #19, .F. ) ;
#323 = DIRECTION ( 'NONE',  ( 0.000000000000000000, -3.491481338843134933E-15, 1.000000000000000000 ) ) ;
#324 = ORIENTED_EDGE ( 'NONE', *, *, #10325, .F. ) ;
#325 = ORIENTED_EDGE ( 'NONE', *, *, #10271, .T. ) ;
#326 = VECTOR ( 'NONE', #7816, 39.37007874015748143 ) ;
#327 = DIRECTION ( 'NONE',  ( 0.000000000000000000, -1.000000000000000000, -9.378962067502309154E-14 ) ) ;
#328 = PLANE ( 'NONE',  #2034 ) ;
#329 = VECTOR ( 'NONE', #74, 39.37007874015748854 ) ;
#330 = CARTESIAN_POINT ( 'NONE',  ( 0.07775590574677165856, 0.2106299212598137516, -0.2421259842519685179 ) ) ;
#331 = EDGE_CURVE ( 'NONE', #10950, #4576, #7332, .T. ) ;
#332 = LINE ( 'NONE', #1116, #9994 ) ;
#333 = ORIENTED_EDGE ( 'NONE', *, *, #4613, .F. ) ;
#334 = CARTESIAN_POINT ( 'NONE',  ( -0.07480314960629921850, 0.2125984251968212890, -0.07795275590548228495 ) ) ;
#335 = DIRECTION ( 'NONE',  ( -1.000000000000000000, 0.000000000000000000, 0.000000000000000000 ) ) ;
#336 = CARTESIAN_POINT ( 'NONE',  ( 0.1250000000000000000, 0.2309529165521752303, 0.05719542721420283610 ) ) ;
#337 = ORIENTED_EDGE ( 'NONE', *, *, #10896, .T. ) ;
#338 = EDGE_LOOP ( 'NONE', ( #3777, #8695, #6281, #7378, #4725, #10057, #3229, #8686, #10147, #1685, #9144, #8174 ) ) ;
#339 = AXIS2_PLACEMENT_3D ( 'NONE', #5120, #2587, #9465 ) ;
#340 = FACE_BOUND ( 'NONE', #3035, .T. ) ;
#341 = LINE ( 'NONE', #8797, #10049 ) ;
#342 = CARTESIAN_POINT ( 'NONE',  ( 0.1505905511814173148, 0.2125984251968263961, -0.2125984251968208727 ) ) ;
#343 = DIRECTION ( 'NONE',  ( 0.000000000000000000, 3.491481338843135327E-15, -1.000000000000000000 ) ) ;
#344 = EDGE_CURVE ( 'NONE', #10190, #1752, #1384, .T. ) ;
#345 = VERTEX_POINT ( 'NONE', #8165 ) ;
#346 = DIRECTION ( 'NONE',  ( 1.000000000000000000, 0.000000000000000000, 0.000000000000000000 ) ) ;
#347 = VECTOR ( 'NONE', #3743, 39.37007874015748143 ) ;
#348 = VERTEX_POINT ( 'NONE', #3818 ) ;
#349 = VERTEX_POINT ( 'NONE', #9848 ) ;
#350 = CARTESIAN_POINT ( 'NONE',  ( 0.08169291338582677919, 0.2616530078181201202, 0.009686792758139901177 ) ) ;
#351 = ORIENTED_EDGE ( 'NONE', *, *, #8572, .F. ) ;
#352 = ADVANCED_FACE ( 'NONE', ( #5557 ), #1280, .F. ) ;
#353 = VECTOR ( 'NONE', #9983, 39.37007874015748143 ) ;
#354 = LINE ( 'NONE', #245, #6811 ) ;
#355 = CARTESIAN_POINT ( 'NONE',  ( 0.06003937007874016185, 0.2309529165521752303, 0.05719542721420283610 ) ) ;
#356 = LINE ( 'NONE', #2889, #6157 ) ;
#357 = VECTOR ( 'NONE', #7156, 39.37007874015748143 ) ;
#358 = VERTEX_POINT ( 'NONE', #2450 ) ;
#359 = CARTESIAN_POINT ( 'NONE',  ( -0.1614173228346456879, 0.2125984251968212890, -0.07795275590548228495 ) ) ;
#360 = ORIENTED_EDGE ( 'NONE', *, *, #9431, .T. ) ;
#361 = ORIENTED_EDGE ( 'NONE', *, *, #8601, .F. ) ;
#362 = CARTESIAN_POINT ( 'NONE',  ( 0.1033464566929133965, 0.2362204724409157630, -0.05433070866138771382 ) ) ;
#363 = EDGE_CURVE ( 'NONE', #11086, #8376, #5880, .T. ) ;
#364 = EDGE_CURVE ( 'NONE', #3126, #9444, #5936, .T. ) ;
#365 = VECTOR ( 'NONE', #8311, 39.37007874015748143 ) ;
#366 = DIRECTION ( 'NONE',  ( 0.000000000000000000, -0.5464265657704129309, -0.8375070198036269620 ) ) ;
#367 = CARTESIAN_POINT ( 'NONE',  ( 0.000000000000000000, 0.2421259842519397631, -0.2125984251968208727 ) ) ;
#368 = DIRECTION ( 'NONE',  ( 0.000000000000000000, -1.000000000000000000, -3.491481338843134933E-15 ) ) ;
#369 = LINE ( 'NONE', #585, #2478 ) ;
#370 = CARTESIAN_POINT ( 'NONE',  ( 0.1505905511814173148, 0.2224409448818610024, -0.2185039370078444843 ) ) ;
#371 = CARTESIAN_POINT ( 'NONE',  ( 0.03838582677165354451, 0.2303149606298921792, -0.07795275590552164235 ) ) ;
#372 = CARTESIAN_POINT ( 'NONE',  ( -0.01476377929286220442, 0.2165354330708373909, -0.2421259842518799221 ) ) ;
#373 = VECTOR ( 'NONE', #4593, 39.37007874015748143 ) ;
#374 = VERTEX_POINT ( 'NONE', #10338 ) ;
#375 = ORIENTED_EDGE ( 'NONE', *, *, #1236, .T. ) ;
#376 = DIRECTION ( 'NONE',  ( 1.000000000000000000, 0.000000000000000000, -7.673260175327345480E-12 ) ) ;
#377 = EDGE_CURVE ( 'NONE', #8167, #3232, #5879, .T. ) ;
#378 = DIRECTION ( 'NONE',  ( 0.000000000000000000, 0.8375070198036269620, -0.5464265657704129309 ) ) ;
#379 = AXIS2_PLACEMENT_3D ( 'NONE', #2417, #10142, #10936 ) ;
#380 = CIRCLE ( 'NONE', #10457, 0.005905511811023620231 ) ;
#381 = CARTESIAN_POINT ( 'NONE',  ( 0.03838582677165354451, 0.2598425196850102648, -0.05433070866142700878 ) ) ;
#382 = DIRECTION ( 'NONE',  ( 0.000000000000000000, 1.000000000000000000, -1.427208705515685956E-14 ) ) ;
#383 = VERTEX_POINT ( 'NONE', #8602 ) ;
#384 = DIRECTION ( 'NONE',  ( 0.000000000000000000, -1.000000000000000000, -3.491481338843134933E-15 ) ) ;
#385 = CARTESIAN_POINT ( 'NONE',  ( 0.1505905511814173148, 0.2106299212598137516, -0.2421259842520570860 ) ) ;
#386 = FACE_OUTER_BOUND ( 'NONE', #2699, .T. ) ;
#387 = VERTEX_POINT ( 'NONE', #703 ) ;
#388 = VERTEX_POINT ( 'NONE', #1661 ) ;
#389 = VECTOR ( 'NONE', #768, 39.37007874015748143 ) ;
#390 = AXIS2_PLACEMENT_3D ( 'NONE', #9191, #4794, #2251 ) ;
#391 = CARTESIAN_POINT ( 'NONE',  ( -0.2135826771653543399, 0.2106299212598137516, -0.2125984251968208727 ) ) ;
#392 = ADVANCED_FACE ( 'NONE', ( #10968 ), #4310, .T. ) ;
#393 = CARTESIAN_POINT ( 'NONE',  ( -0.06988188976377952832, 0.2362204724409153467, 0.05986524456920295362 ) ) ;
#394 = CARTESIAN_POINT ( 'NONE',  ( -0.09995424143510994730, 0.2125984251968200955, 0.2055353207561176343 ) ) ;
#395 = CARTESIAN_POINT ( 'NONE',  ( 0.06003937007874016185, 0.2440944881889468288, 0.0007874015747934192061 ) ) ;
#396 = DIRECTION ( 'NONE',  ( 0.000000000000000000, -1.000000000000000000, -2.817359929897314630E-14 ) ) ;
#397 = ORIENTED_EDGE ( 'NONE', *, *, #4354, .F. ) ;
#398 = VECTOR ( 'NONE', #11069, 39.37007874015748143 ) ;
#399 = LINE ( 'NONE', #1976, #8760 ) ;
#400 = ORIENTED_EDGE ( 'NONE', *, *, #5522, .F. ) ;
#401 = EDGE_LOOP ( 'NONE', ( #225, #9348, #3589, #11058 ) ) ;
#402 = DIRECTION ( 'NONE',  ( 1.000000000000000000, 0.000000000000000000, 7.083454193571963985E-14 ) ) ;
#403 = ADVANCED_FACE ( 'NONE', ( #3462 ), #649, .F. ) ;
#404 = ORIENTED_EDGE ( 'NONE', *, *, #9437, .T. ) ;
#405 = ADVANCED_FACE ( 'NONE', ( #3294 ), #8544, .T. ) ;
#406 = CARTESIAN_POINT ( 'NONE',  ( -0.1781496062992126150, 0.2362204724409157630, -0.05433070866142708510 ) ) ;
#407 = LINE ( 'NONE', #3844, #4587 ) ;
#408 = VECTOR ( 'NONE', #9229, 39.37007874015748143 ) ;
#409 = CIRCLE ( 'NONE', #3830, 0.01377952755905512312 ) ;
#410 = EDGE_CURVE ( 'NONE', #10315, #10106, #2397, .T. ) ;
#411 = DIRECTION ( 'NONE',  ( 1.000000000000000000, 0.000000000000000000, 0.000000000000000000 ) ) ;
#412 = VERTEX_POINT ( 'NONE', #33 ) ;
#413 = CARTESIAN_POINT ( 'NONE',  ( 0.08661417322834646937, 0.2421259842519385974, 0.07952755905514784229 ) ) ;
#414 = ORIENTED_EDGE ( 'NONE', *, *, #2561, .T. ) ;
#415 = VERTEX_POINT ( 'NONE', #4140 ) ;
#416 = CARTESIAN_POINT ( 'NONE',  ( -0.1348425196850394081, 0.2400588892959547305, -0.04142299450934047722 ) ) ;
#417 = EDGE_LOOP ( 'NONE', ( #11154, #10427 ) ) ;
#418 = EDGE_CURVE ( 'NONE', #139, #4343, #3237, .T. ) ;
#419 = VECTOR ( 'NONE', #3921, 39.37007874015748143 ) ;
#420 = CARTESIAN_POINT ( 'NONE',  ( 0.1132526673549606455, 0.2421259842519382366, 0.2105515555275885575 ) ) ;
#421 = CARTESIAN_POINT ( 'NONE',  ( 0.06397637818759842332, 0.2224409448818610024, -0.2125984251968208727 ) ) ;
#422 = DIRECTION ( 'NONE',  ( 0.000000000000000000, -3.491481338843135327E-15, 1.000000000000000000 ) ) ;
#423 = DIRECTION ( 'NONE',  ( 0.000000000000000000, -3.469446951953614189E-15, 1.000000000000000000 ) ) ;
#424 = EDGE_CURVE ( 'NONE', #6191, #8343, #10122, .T. ) ;
#425 = FACE_OUTER_BOUND ( 'NONE', #4312, .T. ) ;
#426 = CARTESIAN_POINT ( 'NONE',  ( -0.2850393700787008378, 0.2106299212598129744, 0.05787401574806102372 ) ) ;
#427 = ORIENTED_EDGE ( 'NONE', *, *, #1127, .F. ) ;
#428 = EDGE_CURVE ( 'NONE', #7545, #3138, #6892, .T. ) ;
#429 = CARTESIAN_POINT ( 'NONE',  ( -0.1564960629921260116, 0.2362204724409157630, -0.05433070866138771382 ) ) ;
#430 = EDGE_LOOP ( 'NONE', ( #7062, #10443, #2311, #9656 ) ) ;
#431 = EDGE_LOOP ( 'NONE', ( #4350, #6897, #9640, #7949 ) ) ;
#432 = DIRECTION ( 'NONE',  ( 0.000000000000000000, -5.782411586589358822E-15, 1.000000000000000000 ) ) ;
#433 = ADVANCED_FACE ( 'NONE', ( #8383 ), #8437, .T. ) ;
#434 = CARTESIAN_POINT ( 'NONE',  ( 0.1077448397120866208, 0.2421259842519382366, 0.2083734574937307349 ) ) ;
#435 = CARTESIAN_POINT ( 'NONE',  ( 0.03838582677165354451, 0.2303149606298921792, -0.07795275590552164235 ) ) ;
#436 = LINE ( 'NONE', #3020, #5492 ) ;
#437 = ORIENTED_EDGE ( 'NONE', *, *, #8943, .F. ) ;
#438 = CARTESIAN_POINT ( 'NONE',  ( -0.04822834645669291098, 0.2598425196850102648, -0.05433070866142700878 ) ) ;
#439 = PLANE ( 'NONE',  #7314 ) ;
#440 = EDGE_CURVE ( 'NONE', #3232, #5918, #760, .T. ) ;
#441 = CYLINDRICAL_SURFACE ( 'NONE', #4154, 0.01968503937007873988 ) ;
#442 = ORIENTED_EDGE ( 'NONE', *, *, #7937, .F. ) ;
#443 = EDGE_LOOP ( 'NONE', ( #6721, #2177, #9926, #8042 ) ) ;
#444 = CARTESIAN_POINT ( 'NONE',  ( -0.1899606296869685296, 0.2106299212598137516, -0.2421259842518799221 ) ) ;
#445 = VECTOR ( 'NONE', #9139, 39.37007874015748143 ) ;
#446 = DIRECTION ( 'NONE',  ( 0.000000000000000000, -1.000000000000000000, -3.491481338843134933E-15 ) ) ;
#447 = CARTESIAN_POINT ( 'NONE',  ( 0.1505905511814173148, 0.2165354330708373909, -0.2185039370078444843 ) ) ;
#448 = CARTESIAN_POINT ( 'NONE',  ( 0.1131889766129527547, 0.2165354330708373909, -0.2421259842518799221 ) ) ;
#449 = ORIENTED_EDGE ( 'NONE', *, *, #7357, .T. ) ;
#450 = CARTESIAN_POINT ( 'NONE',  ( 0.03444881913249606131, 0.2106299212598137516, -0.2132217023431362268 ) ) ;
#451 = EDGE_CURVE ( 'NONE', #6971, #2377, #7153, .T. ) ;
#452 = ORIENTED_EDGE ( 'NONE', *, *, #8059, .T. ) ;
#453 = ORIENTED_EDGE ( 'NONE', *, *, #1126, .T. ) ;
#454 = DIRECTION ( 'NONE',  ( 1.000000000000000000, 0.000000000000000000, 0.000000000000000000 ) ) ;
#455 = ORIENTED_EDGE ( 'NONE', *, *, #3270, .T. ) ;
#456 = CARTESIAN_POINT ( 'NONE',  ( 0.2618110236219685083, 0.2832259357926625865, 0.2055118110236519857 ) ) ;
#457 = AXIS2_PLACEMENT_3D ( 'NONE', #7643, #2398, #4371 ) ;
#458 = DIRECTION ( 'NONE',  ( -1.000000000000000000, 0.000000000000000000, 0.000000000000000000 ) ) ;
#459 = EDGE_CURVE ( 'NONE', #4246, #8337, #6782, .T. ) ;
#460 = DIRECTION ( 'NONE',  ( 0.000000000000000000, -1.000000000000000000, -3.469446951953614978E-15 ) ) ;
#461 = ORIENTED_EDGE ( 'NONE', *, *, #6810, .T. ) ;
#462 = LINE ( 'NONE', #5367, #1605 ) ;
#463 = EDGE_LOOP ( 'NONE', ( #2431, #11118, #2947, #9322, #3668, #8877, #5946 ) ) ;
#464 = VERTEX_POINT ( 'NONE', #7697 ) ;
#465 = VECTOR ( 'NONE', #5149, 39.37007874015748143 ) ;
#466 = CARTESIAN_POINT ( 'NONE',  ( 0.02657480338441732190, 0.2165354330708373909, -0.2421259842518799221 ) ) ;
#467 = VECTOR ( 'NONE', #9244, 39.37007874015748143 ) ;
#468 = EDGE_LOOP ( 'NONE', ( #3541, #3431, #1819, #9033 ) ) ;
#469 = DIRECTION ( 'NONE',  ( -1.000000000000000000, 0.000000000000000000, 0.000000000000000000 ) ) ;
#470 = AXIS2_PLACEMENT_3D ( 'NONE', #1463, #3259, #3201 ) ;
#471 = EDGE_CURVE ( 'NONE', #3353, #7469, #6837, .T. ) ;
#472 = DIRECTION ( 'NONE',  ( 1.000000000000000000, 0.000000000000000000, 0.000000000000000000 ) ) ;
#473 = LINE ( 'NONE', #9212, #4101 ) ;
#474 = DIRECTION ( 'NONE',  ( -1.000000000000000000, 0.000000000000000000, 0.000000000000000000 ) ) ;
#475 = LINE ( 'NONE', #3914, #1302 ) ;
#476 = CARTESIAN_POINT ( 'NONE',  ( -0.2909448818897243938, 0.2106299212598126414, 0.09819937278432086525 ) ) ;
#477 = ORIENTED_EDGE ( 'NONE', *, *, #291, .F. ) ;
#478 = EDGE_LOOP ( 'NONE', ( #4436, #8556, #10396, #4335 ) ) ;
#479 = LINE ( 'NONE', #3919, #10263 ) ;
#480 = AXIS2_PLACEMENT_3D ( 'NONE', #1505, #7533, #6399 ) ;
#481 = EDGE_CURVE ( 'NONE', #7986, #2073, #6579, .T. ) ;
#482 = PLANE ( 'NONE',  #8525 ) ;
#483 = DIRECTION ( 'NONE',  ( 1.000000000000000000, 0.000000000000000000, 0.000000000000000000 ) ) ;
#484 = PLANE ( 'NONE',  #93 ) ;
#485 = ORIENTED_EDGE ( 'NONE', *, *, #5076, .F. ) ;
#486 = DIRECTION ( 'NONE',  ( 0.000000000000000000, -1.000000000000000000, -3.469446951953614978E-15 ) ) ;
#487 = PLANE ( 'NONE',  #6364 ) ;
#488 = VECTOR ( 'NONE', #5762, 39.37007874015748143 ) ;
#489 = AXIS2_PLACEMENT_3D ( 'NONE', #8827, #3514, #8035 ) ;
#490 = LINE ( 'NONE', #336, #6850 ) ;
#491 = ORIENTED_EDGE ( 'NONE', *, *, #9246, .F. ) ;
#492 = CARTESIAN_POINT ( 'NONE',  ( 0.2850393700787401952, 0.2165354330708362252, 0.09819937278396655145 ) ) ;
#493 = VERTEX_POINT ( 'NONE', #9550 ) ;
#494 = CARTESIAN_POINT ( 'NONE',  ( -0.1968503937007874127, 0.2125984251968212890, -0.1094488188976082688 ) ) ;
#495 = ADVANCED_FACE ( 'NONE', ( #2732 ), #8884, .F. ) ;
#496 = AXIS2_PLACEMENT_3D ( 'NONE', #10738, #7241, #8096 ) ;
#497 = EDGE_CURVE ( 'NONE', #162, #2838, #8714, .T. ) ;
#498 = CARTESIAN_POINT ( 'NONE',  ( -0.2618110236220472231, 0.2125984251968200955, 0.2468503937008169891 ) ) ;
#499 = LINE ( 'NONE', #6461, #10307 ) ;
#500 = CARTESIAN_POINT ( 'NONE',  ( -0.1132526673550787455, 0.2421259842519382366, 0.2105515555275885575 ) ) ;
#501 = FACE_OUTER_BOUND ( 'NONE', #7629, .T. ) ;
#502 = ORIENTED_EDGE ( 'NONE', *, *, #5330, .T. ) ;
#503 = DIRECTION ( 'NONE',  ( 0.000000000000000000, 0.8919727971616544515, 0.4520890721125804257 ) ) ;
#504 = PLANE ( 'NONE',  #8575 ) ;
#505 = VERTEX_POINT ( 'NONE', #1770 ) ;
#506 = VECTOR ( 'NONE', #9179, 39.37007874015748854 ) ;
#507 = ORIENTED_EDGE ( 'NONE', *, *, #1690, .T. ) ;
#508 = CARTESIAN_POINT ( 'NONE',  ( 0.2135826771653543399, 0.2125984251968346672, -0.2125984251968208727 ) ) ;
#509 = ORIENTED_EDGE ( 'NONE', *, *, #3989, .T. ) ;
#510 = ADVANCED_FACE ( 'NONE', ( #1155 ), #3572, .F. ) ;
#511 = CIRCLE ( 'NONE', #2140, 0.01181102362204725087 ) ;
#512 = CARTESIAN_POINT ( 'NONE',  ( 0.06003937007874016185, 0.2362204724409153467, 0.05986524456920295362 ) ) ;
#513 = CARTESIAN_POINT ( 'NONE',  ( -0.04822834645669291098, 0.2556349392492224815, -0.006742098347214430139 ) ) ;
#514 = ORIENTED_EDGE ( 'NONE', *, *, #6018, .F. ) ;
#515 = CARTESIAN_POINT ( 'NONE',  ( 0.06003937007874016185, 0.2605808468465059535, -0.009969026885245903247 ) ) ;
#516 = ORIENTED_EDGE ( 'NONE', *, *, #4163, .T. ) ;
#517 = EDGE_LOOP ( 'NONE', ( #9447, #1088, #9271, #5712 ) ) ;
#518 = CARTESIAN_POINT ( 'NONE',  ( -0.1092519682694882005, 0.2165354330708373909, -0.2421259842519940808 ) ) ;
#519 = ORIENTED_EDGE ( 'NONE', *, *, #3934, .T. ) ;
#520 = AXIS2_PLACEMENT_3D ( 'NONE', #2426, #1355, #1475 ) ;
#521 = FACE_OUTER_BOUND ( 'NONE', #10247, .T. ) ;
#522 = VERTEX_POINT ( 'NONE', #6159 ) ;
#523 = EDGE_CURVE ( 'NONE', #8084, #9517, #1999, .T. ) ;
#524 = CARTESIAN_POINT ( 'NONE',  ( 0.2653543307086614345, 0.2775590551180814880, -0.2125984251968204841 ) ) ;
#525 = VECTOR ( 'NONE', #25, 39.37007874015748143 ) ;
#526 = DIRECTION ( 'NONE',  ( -2.753353101062999938E-13, 3.491481338843134933E-15, -1.000000000000000000 ) ) ;
#527 = LINE ( 'NONE', #5600, #1930 ) ;
#528 = DIRECTION ( 'NONE',  ( -1.000000000000000000, 0.000000000000000000, 0.000000000000000000 ) ) ;
#529 = LINE ( 'NONE', #10055, #578 ) ;
#530 = ORIENTED_EDGE ( 'NONE', *, *, #576, .T. ) ;
#531 = DIRECTION ( 'NONE',  ( 0.000000000000000000, -0.4520890721125805922, 0.8919727971616542295 ) ) ;
#532 = ORIENTED_EDGE ( 'NONE', *, *, #5290, .F. ) ;
#533 = VERTEX_POINT ( 'NONE', #7007 ) ;
#534 = CARTESIAN_POINT ( 'NONE',  ( -0.1131889763779527630, 0.2362204724409153467, 0.05986524456920295362 ) ) ;
#535 = VECTOR ( 'NONE', #8748, 39.37007874015748143 ) ;
#536 = EDGE_CURVE ( 'NONE', #6171, #9725, #9609, .T. ) ;
#537 = ADVANCED_FACE ( 'NONE', ( #2673 ), #5316, .F. ) ;
#538 = CARTESIAN_POINT ( 'NONE',  ( -0.1348425196850394081, 0.2362204724409157630, -0.07795275590552164235 ) ) ;
#539 = DIRECTION ( 'NONE',  ( -1.000000000000000000, 0.000000000000000000, 0.000000000000000000 ) ) ;
#540 = CARTESIAN_POINT ( 'NONE',  ( 0.1121507768174409697, 0.2834645669291035452, 0.2101158073945181004 ) ) ;
#541 = ORIENTED_EDGE ( 'NONE', *, *, #81, .T. ) ;
#542 = AXIS2_PLACEMENT_3D ( 'NONE', #1397, #1290, #6516 ) ;
#543 = DIRECTION ( 'NONE',  ( 0.000000000000000000, 1.000000000000000000, 5.782411586589358822E-15 ) ) ;
#544 = AXIS2_PLACEMENT_3D ( 'NONE', #10076, #6794, #1673 ) ;
#545 = DIRECTION ( 'NONE',  ( 1.000000000000000000, 0.000000000000000000, -3.841256016932907121E-11 ) ) ;
#546 = LINE ( 'NONE', #5049, #4705 ) ;
#547 = ADVANCED_FACE ( 'NONE', ( #10394 ), #6100, .T. ) ;
#548 = ORIENTED_EDGE ( 'NONE', *, *, #10066, .F. ) ;
#549 = DIRECTION ( 'NONE',  ( 0.000000000000000000, 3.491481338843134933E-15, -1.000000000000000000 ) ) ;
#550 = ORIENTED_EDGE ( 'NONE', *, *, #9100, .T. ) ;
#551 = EDGE_CURVE ( 'NONE', #9149, #127, #3745, .T. ) ;
#552 = AXIS2_PLACEMENT_3D ( 'NONE', #5181, #8635, #903 ) ;
#553 = VECTOR ( 'NONE', #3568, 39.37007874015748143 ) ;
#554 = CARTESIAN_POINT ( 'NONE',  ( -0.09547244071035433655, 0.2106299212598137516, -0.2421259842519685179 ) ) ;
#555 = CARTESIAN_POINT ( 'NONE',  ( 0.08169291338582677919, 0.2563854519293799483, 0.007016975403139922435 ) ) ;
#556 = DIRECTION ( 'NONE',  ( 0.000000000000000000, -5.782411586589358822E-15, 1.000000000000000000 ) ) ;
#557 = LINE ( 'NONE', #6464, #4400 ) ;
#558 = VERTEX_POINT ( 'NONE', #4589 ) ;
#559 = CARTESIAN_POINT ( 'NONE',  ( -0.09547244071035433655, 0.2125984251968082717, -0.2125984251968208727 ) ) ;
#560 = DIRECTION ( 'NONE',  ( 0.000000000000000000, 1.000000000000000000, 3.491481338843134933E-15 ) ) ;
#561 = AXIS2_PLACEMENT_3D ( 'NONE', #9747, #5458, #2180 ) ;
#562 = EDGE_CURVE ( 'NONE', #1436, #2522, #316, .T. ) ;
#563 = AXIS2_PLACEMENT_3D ( 'NONE', #1245, #4685, #7274 ) ;
#564 = VERTEX_POINT ( 'NONE', #928 ) ;
#565 = EDGE_CURVE ( 'NONE', #3654, #9227, #5261, .T. ) ;
#566 = ORIENTED_EDGE ( 'NONE', *, *, #4047, .T. ) ;
#567 = LINE ( 'NONE', #3949, #2366 ) ;
#568 = ORIENTED_EDGE ( 'NONE', *, *, #1510, .F. ) ;
#569 = EDGE_CURVE ( 'NONE', #9395, #4106, #10452, .T. ) ;
#570 = VECTOR ( 'NONE', #2958, 39.37007874015748854 ) ;
#571 = FACE_OUTER_BOUND ( 'NONE', #1047, .T. ) ;
#572 = LINE ( 'NONE', #7620, #3494 ) ;
#573 = EDGE_LOOP ( 'NONE', ( #3107, #1878, #7555, #5092 ) ) ;
#574 = ORIENTED_EDGE ( 'NONE', *, *, #2139, .T. ) ;
#575 = VERTEX_POINT ( 'NONE', #7926 ) ;
#576 = EDGE_CURVE ( 'NONE', #3363, #4712, #201, .T. ) ;
#577 = DIRECTION ( 'NONE',  ( -1.000000000000000000, 0.000000000000000000, 0.000000000000000000 ) ) ;
#578 = VECTOR ( 'NONE', #7519, 39.37007874015748143 ) ;
#579 = ORIENTED_EDGE ( 'NONE', *, *, #5975, .F. ) ;
#580 = CARTESIAN_POINT ( 'NONE',  ( 0.07185039393570866184, 0.2165354330708373909, -0.2421259842518799221 ) ) ;
#581 = ORIENTED_EDGE ( 'NONE', *, *, #3948, .T. ) ;
#582 = LINE ( 'NONE', #7405, #2672 ) ;
#583 = VECTOR ( 'NONE', #2205, 39.37007874015748143 ) ;
#584 = CARTESIAN_POINT ( 'NONE',  ( -0.1348425196850394081, 0.2351129816986712584, -0.03819606597134834330 ) ) ;
#585 = CARTESIAN_POINT ( 'NONE',  ( -0.09547244071035433655, 0.2125984251967732441, -0.2066929133855767986 ) ) ;
#586 = CARTESIAN_POINT ( 'NONE',  ( 0.08661417322834646937, 0.2125984251968204841, 0.07952755905514763413 ) ) ;
#587 = PLANE ( 'NONE',  #4179 ) ;
#588 = ORIENTED_EDGE ( 'NONE', *, *, #3856, .F. ) ;
#589 = EDGE_CURVE ( 'NONE', #279, #7515, #10511, .T. ) ;
#590 = DIRECTION ( 'NONE',  ( 0.000000000000000000, -3.491481338843134933E-15, 1.000000000000000000 ) ) ;
#591 = EDGE_LOOP ( 'NONE', ( #10863, #8310, #1666, #7625 ) ) ;
#592 = ORIENTED_EDGE ( 'NONE', *, *, #11023, .F. ) ;
#593 = DIRECTION ( 'NONE',  ( 1.000000000000000000, 0.000000000000000000, 0.000000000000000000 ) ) ;
#594 = AXIS2_PLACEMENT_3D ( 'NONE', #648, #5303, #3448 ) ;
#595 = CARTESIAN_POINT ( 'NONE',  ( 0.06397637818759842332, 0.2224409448818610024, -0.2185039370078444843 ) ) ;
#596 = DIRECTION ( 'NONE',  ( 0.000000000000000000, -1.000000000000000000, -2.927345865710862618E-11 ) ) ;
#597 = CARTESIAN_POINT ( 'NONE',  ( -0.004921259842519684971, 0.2303149606298921792, -0.05433070866142708510 ) ) ;
#598 = VERTEX_POINT ( 'NONE', #4538 ) ;
#599 = DIRECTION ( 'NONE',  ( 1.000000000000000000, 0.000000000000000000, 0.000000000000000000 ) ) ;
#600 = DIRECTION ( 'NONE',  ( 0.000000000000000000, 1.000000000000000000, 3.491481338843135327E-15 ) ) ;
#601 = ORIENTED_EDGE ( 'NONE', *, *, #5462, .T. ) ;
#602 = EDGE_CURVE ( 'NONE', #8620, #9450, #4270, .T. ) ;
#603 = EDGE_CURVE ( 'NONE', #6451, #10264, #2845, .T. ) ;
#604 = DIRECTION ( 'NONE',  ( -1.000000000000000000, 0.000000000000000000, 0.000000000000000000 ) ) ;
#605 = ORIENTED_EDGE ( 'NONE', *, *, #3002, .T. ) ;
#606 = DIRECTION ( 'NONE',  ( 0.000000000000000000, -1.000000000000000000, -3.491481338843134933E-15 ) ) ;
#607 = ORIENTED_EDGE ( 'NONE', *, *, #10381, .T. ) ;
#608 = LINE ( 'NONE', #6408, #8971 ) ;
#609 = CARTESIAN_POINT ( 'NONE',  ( -0.1614173228346456879, 0.2421259842519385974, 0.07952755905514784229 ) ) ;
#610 = CARTESIAN_POINT ( 'NONE',  ( -0.1968503937007874127, 0.1909448818897346856, -0.1094488188976082688 ) ) ;
#611 = CYLINDRICAL_SURFACE ( 'NONE', #9451, 0.01968503937007873988 ) ;
#612 = ORIENTED_EDGE ( 'NONE', *, *, #3064, .F. ) ;
#613 = DIRECTION ( 'NONE',  ( 0.4828006046707778998, 3.057596035776176169E-15, -0.8757303101580596882 ) ) ;
#614 = CARTESIAN_POINT ( 'NONE',  ( 0.1033464566929133965, 0.2303149606298921792, -0.05433070866142708510 ) ) ;
#615 = EDGE_CURVE ( 'NONE', #6075, #3233, #5435, .T. ) ;
#616 = DIRECTION ( 'NONE',  ( 0.000000000000000000, -1.000000000000000000, -3.491481338843134933E-15 ) ) ;
#617 = EDGE_LOOP ( 'NONE', ( #5995, #400, #1775, #5323 ) ) ;
#618 = CARTESIAN_POINT ( 'NONE',  ( -0.04822834645669291098, 0.2605808468465059535, -0.009969026885245903247 ) ) ;
#619 = ORIENTED_EDGE ( 'NONE', *, *, #2101, .F. ) ;
#620 = CIRCLE ( 'NONE', #4223, 0.02952755905511810289 ) ;
#621 = ADVANCED_FACE ( 'NONE', ( #6705 ), #4009, .F. ) ;
#622 = CARTESIAN_POINT ( 'NONE',  ( 0.02657480338441732190, 0.2165354330708373909, -0.2480314960629626253 ) ) ;
#623 = DIRECTION ( 'NONE',  ( -1.000000000000000000, -1.033686125982144062E-28, 2.960594732334000265E-14 ) ) ;
#624 = CARTESIAN_POINT ( 'NONE',  ( -0.1781496062992126150, 0.2309529165521752303, 0.05719542721420283610 ) ) ;
#625 = ORIENTED_EDGE ( 'NONE', *, *, #8421, .T. ) ;
#626 = VECTOR ( 'NONE', #6476, 39.37007874015748143 ) ;
#627 = ORIENTED_EDGE ( 'NONE', *, *, #6299, .T. ) ;
#628 = ORIENTED_EDGE ( 'NONE', *, *, #837, .F. ) ;
#629 = DIRECTION ( 'NONE',  ( 1.000000000000000000, 0.000000000000000000, 0.000000000000000000 ) ) ;
#630 = ORIENTED_EDGE ( 'NONE', *, *, #977, .T. ) ;
#631 = CARTESIAN_POINT ( 'NONE',  ( -0.2771653543307086576, 0.2165354330708362252, 0.1051181102362499925 ) ) ;
#632 = VERTEX_POINT ( 'NONE', #2428 ) ;
#633 = CIRCLE ( 'NONE', #2077, 0.01181102362204724740 ) ;
#634 = EDGE_CURVE ( 'NONE', #696, #9827, #8149, .T. ) ;
#635 = PLANE ( 'NONE',  #5904 ) ;
#636 = ADVANCED_FACE ( 'NONE', ( #8414, #680, #10887, #10151, #3272, #4120, #9306, #1478, #3157 ), #1207, .T. ) ;
#637 = DIRECTION ( 'NONE',  ( -1.000000000000000000, -0.000000000000000000, 0.000000000000000000 ) ) ;
#638 = CARTESIAN_POINT ( 'NONE',  ( -0.2594488188976378784, 0.2834645669291035452, 0.2055118110236519857 ) ) ;
#639 = DIRECTION ( 'NONE',  ( -1.000000000000000000, 0.000000000000000000, 0.000000000000000000 ) ) ;
#640 = ORIENTED_EDGE ( 'NONE', *, *, #4565, .F. ) ;
#641 = VECTOR ( 'NONE', #9440, 39.37007874015748143 ) ;
#642 = DIRECTION ( 'NONE',  ( 0.000000000000000000, -3.491481338843135327E-15, 1.000000000000000000 ) ) ;
#643 = EDGE_LOOP ( 'NONE', ( #7119, #2892, #6051, #619, #1256, #8549 ) ) ;
#644 = ORIENTED_EDGE ( 'NONE', *, *, #7619, .T. ) ;
#645 = CARTESIAN_POINT ( 'NONE',  ( 0.1299212598425196763, 0.2125984251968212890, -0.07795275590548228495 ) ) ;
#646 = EDGE_CURVE ( 'NONE', #5075, #9017, #7124, .T. ) ;
#647 = VECTOR ( 'NONE', #9294, 39.37007874015748143 ) ;
#648 = CARTESIAN_POINT ( 'NONE',  ( 0.2318897637795275801, 0.2834645669291047665, -0.1035433070865844490 ) ) ;
#649 = PLANE ( 'NONE',  #3909 ) ;
#650 = DIRECTION ( 'NONE',  ( 0.000000000000000000, -3.491481338843134933E-15, 1.000000000000000000 ) ) ;
#651 = ORIENTED_EDGE ( 'NONE', *, *, #4550, .F. ) ;
#652 = CARTESIAN_POINT ( 'NONE',  ( -0.03149606299212598381, 0.2125984251968212890, -0.07795275590548228495 ) ) ;
#653 = CARTESIAN_POINT ( 'NONE',  ( -0.1879921257499606313, 0.2106299212598137516, -0.2421259842518799221 ) ) ;
#654 = ORIENTED_EDGE ( 'NONE', *, *, #7357, .F. ) ;
#655 = CARTESIAN_POINT ( 'NONE',  ( 0.1250000000000000000, 0.2309529165521752303, 0.05719542721420283610 ) ) ;
#656 = VERTEX_POINT ( 'NONE', #8093 ) ;
#657 = VECTOR ( 'NONE', #1519, 39.37007874015748143 ) ;
#658 = CARTESIAN_POINT ( 'NONE',  ( -0.2653543307086614345, 0.2145669291338295481, -0.2125984251968208727 ) ) ;
#659 = VECTOR ( 'NONE', #9280, 39.37007874015748143 ) ;
#660 = ORIENTED_EDGE ( 'NONE', *, *, #2630, .F. ) ;
#661 = EDGE_CURVE ( 'NONE', #10085, #1346, #1913, .T. ) ;
#662 = DIRECTION ( 'NONE',  ( 0.000000000000000000, -1.000000000000000000, -3.469446951953614978E-15 ) ) ;
#663 = LINE ( 'NONE', #10024, #1488 ) ;
#664 = AXIS2_PLACEMENT_3D ( 'NONE', #10456, #1210, #7929 ) ;
#665 = DIRECTION ( 'NONE',  ( 0.000000000000000000, 1.000000000000000000, 3.491481338843134933E-15 ) ) ;
#666 = AXIS2_PLACEMENT_3D ( 'NONE', #4440, #1115, #3587 ) ;
#667 = FACE_OUTER_BOUND ( 'NONE', #6143, .T. ) ;
#668 = VERTEX_POINT ( 'NONE', #7560 ) ;
#669 = DIRECTION ( 'NONE',  ( -1.000000000000000000, 8.148653868470301137E-27, -2.333867226444999756E-12 ) ) ;
#670 = FACE_OUTER_BOUND ( 'NONE', #7452, .T. ) ;
#671 = LINE ( 'NONE', #7551, #11000 ) ;
#672 = VERTEX_POINT ( 'NONE', #1583 ) ;
#673 = DIRECTION ( 'NONE',  ( -1.000000000000000000, 0.000000000000000000, 0.000000000000000000 ) ) ;
#674 = ORIENTED_EDGE ( 'NONE', *, *, #2419, .T. ) ;
#675 = ADVANCED_FACE ( 'NONE', ( #2317 ), #6333, .T. ) ;
#676 = CARTESIAN_POINT ( 'NONE',  ( 0.03838582677165354451, 0.2605808468465059535, -0.009969026885245903247 ) ) ;
#677 = EDGE_CURVE ( 'NONE', #2908, #730, #5856, .T. ) ;
#678 = DIRECTION ( 'NONE',  ( 0.000000000000000000, -0.5464265657704129309, -0.8375070198036269620 ) ) ;
#679 = FACE_OUTER_BOUND ( 'NONE', #7840, .T. ) ;
#680 = FACE_BOUND ( 'NONE', #9818, .T. ) ;
#681 = VECTOR ( 'NONE', #4478, 39.37007874015748143 ) ;
#682 = ORIENTED_EDGE ( 'NONE', *, *, #1870, .F. ) ;
#683 = CARTESIAN_POINT ( 'NONE',  ( 0.2076771653548425689, 0.2165354330708373909, -0.2421259842519389860 ) ) ;
#684 = VERTEX_POINT ( 'NONE', #421 ) ;
#685 = EDGE_CURVE ( 'NONE', #4055, #7344, #9780, .T. ) ;
#686 = CARTESIAN_POINT ( 'NONE',  ( -0.2653543307086614345, 0.2716535433070578764, -0.2125984251968208727 ) ) ;
#687 = EDGE_LOOP ( 'NONE', ( #9698, #4710, #2001, #9850 ) ) ;
#688 = VECTOR ( 'NONE', #2410, 39.37007874015748143 ) ;
#689 = CARTESIAN_POINT ( 'NONE',  ( -0.2135826771653543399, 0.2106299212598137516, -0.2480314960629626253 ) ) ;
#690 = CARTESIAN_POINT ( 'NONE',  ( 0.1032928347049212742, 0.2125984251968200955, 0.2067515796201082612 ) ) ;
#691 = DIRECTION ( 'NONE',  ( 0.000000000000000000, 1.000000000000000000, 3.491481338843135327E-15 ) ) ;
#692 = CARTESIAN_POINT ( 'NONE',  ( -0.2712598425196850460, 0.2145669291338295481, -0.2125984251968208727 ) ) ;
#693 = AXIS2_PLACEMENT_3D ( 'NONE', #1869, #4407, #8532 ) ;
#694 = EDGE_LOOP ( 'NONE', ( #1523, #6640, #7247, #3680 ) ) ;
#695 = DIRECTION ( 'NONE',  ( 1.000000000000000000, 0.000000000000000000, 0.000000000000000000 ) ) ;
#696 = VERTEX_POINT ( 'NONE', #2050 ) ;
#697 = ORIENTED_EDGE ( 'NONE', *, *, #5013, .F. ) ;
#698 = EDGE_CURVE ( 'NONE', #3632, #8502, #4619, .T. ) ;
#699 = EDGE_CURVE ( 'NONE', #3620, #6736, #9197, .T. ) ;
#700 = FACE_OUTER_BOUND ( 'NONE', #4532, .T. ) ;
#701 = EDGE_CURVE ( 'NONE', #3001, #7545, #1264, .T. ) ;
#702 = AXIS2_PLACEMENT_3D ( 'NONE', #8690, #6868, #5853 ) ;
#703 = CARTESIAN_POINT ( 'NONE',  ( -0.1781496062992126150, 0.2351129816986712584, -0.03819606597134834330 ) ) ;
#704 = CARTESIAN_POINT ( 'NONE',  ( -0.1525590548837795490, 0.2165354330708373909, -0.2421259842517657634 ) ) ;
#705 = ORIENTED_EDGE ( 'NONE', *, *, #7278, .F. ) ;
#706 = PLANE ( 'NONE',  #5526 ) ;
#707 = LINE ( 'NONE', #10070, #5687 ) ;
#708 = EDGE_LOOP ( 'NONE', ( #8722, #7015, #3638, #7570 ) ) ;
#709 = DIRECTION ( 'NONE',  ( 0.000000000000000000, -1.000000000000000000, -3.491481338843134933E-15 ) ) ;
#710 = VERTEX_POINT ( 'NONE', #8466 ) ;
#711 = VECTOR ( 'NONE', #10223, 39.37007874015748143 ) ;
#712 = ADVANCED_FACE ( 'NONE', ( #8931 ), #4913, .T. ) ;
#713 = DIRECTION ( 'NONE',  ( -1.000000000000000000, 0.000000000000000000, 0.000000000000000000 ) ) ;
#714 = ORIENTED_EDGE ( 'NONE', *, *, #1236, .F. ) ;
#715 = LINE ( 'NONE', #8147, #5188 ) ;
#716 = CARTESIAN_POINT ( 'NONE',  ( 0.1250000000000000000, 0.2563854519293799483, 0.007016975403139922435 ) ) ;
#717 = AXIS2_PLACEMENT_3D ( 'NONE', #2698, #1852, #5284 ) ;
#718 = VECTOR ( 'NONE', #6709, 39.37007874015748854 ) ;
#719 = VERTEX_POINT ( 'NONE', #5805 ) ;
#720 = CARTESIAN_POINT ( 'NONE',  ( 0.09995424145500000912, 0.2125984251968200955, 0.2055353207634153800 ) ) ;
#721 = VERTEX_POINT ( 'NONE', #4963 ) ;
#722 = CARTESIAN_POINT ( 'NONE',  ( 0.2618110236220472231, 0.2125984251968232874, -0.2125984251968208727 ) ) ;
#723 = CARTESIAN_POINT ( 'NONE',  ( 0.03444881913249606131, 0.2106299212598137516, -0.2421259842518799221 ) ) ;
#724 = DIRECTION ( 'NONE',  ( 0.000000000000000000, -2.891205793294678622E-15, 1.000000000000000000 ) ) ;
#725 = EDGE_CURVE ( 'NONE', #10909, #1611, #11001, .T. ) ;
#726 = ORIENTED_EDGE ( 'NONE', *, *, #6360, .T. ) ;
#727 = CIRCLE ( 'NONE', #4336, 0.005905511811023620231 ) ;
#728 = AXIS2_PLACEMENT_3D ( 'NONE', #10131, #7709, #5891 ) ;
#729 = FACE_OUTER_BOUND ( 'NONE', #203, .T. ) ;
#730 = VERTEX_POINT ( 'NONE', #2484 ) ;
#731 = CARTESIAN_POINT ( 'NONE',  ( -0.2283464566929133688, 0.2755905511810720632, 0.2468503937008173499 ) ) ;
#732 = CARTESIAN_POINT ( 'NONE',  ( 0.1345525796372441241, 0.2421259842519382366, 0.2201693093382189048 ) ) ;
#733 = VECTOR ( 'NONE', #9407, 39.37007874015748143 ) ;
#734 = CARTESIAN_POINT ( 'NONE',  ( 0.1549896822516141914, 0.2421259842519382366, 0.2314365286925492426 ) ) ;
#735 = AXIS2_PLACEMENT_3D ( 'NONE', #5754, #10844, #1365 ) ;
#736 = EDGE_LOOP ( 'NONE', ( #9791, #579, #6227, #9716 ) ) ;
#737 = ORIENTED_EDGE ( 'NONE', *, *, #10246, .T. ) ;
#738 = ADVANCED_FACE ( 'NONE', ( #1639 ), #5236, .T. ) ;
#739 = ADVANCED_FACE ( 'NONE', ( #64 ), #960, .F. ) ;
#740 = DIRECTION ( 'NONE',  ( -1.000000000000000000, 0.000000000000000000, 0.000000000000000000 ) ) ;
#741 = ORIENTED_EDGE ( 'NONE', *, *, #3293, .F. ) ;
#742 = CARTESIAN_POINT ( 'NONE',  ( -0.2909448818897638067, 0.2165354330708362252, 0.09819937278420276527 ) ) ;
#743 = ORIENTED_EDGE ( 'NONE', *, *, #5497, .T. ) ;
#744 = AXIS2_PLACEMENT_3D ( 'NONE', #6719, #5874, #10907 ) ;
#745 = AXIS2_PLACEMENT_3D ( 'NONE', #8969, #5416, #2938 ) ;
#746 = LINE ( 'NONE', #4972, #1769 ) ;
#747 = EDGE_CURVE ( 'NONE', #8415, #146, #8932, .T. ) ;
#748 = CARTESIAN_POINT ( 'NONE',  ( -0.2618110236220472231, 0.2834645669291035452, 0.2055118110236519857 ) ) ;
#749 = CIRCLE ( 'NONE', #3629, 0.005905511811082662411 ) ;
#750 = DIRECTION ( 'NONE',  ( 0.000000000000000000, 3.491481338843134933E-15, -1.000000000000000000 ) ) ;
#751 = FACE_OUTER_BOUND ( 'NONE', #5851, .T. ) ;
#752 = ORIENTED_EDGE ( 'NONE', *, *, #9908, .T. ) ;
#753 = B_SPLINE_SURFACE_WITH_KNOTS ( 'NONE', 3, 1, ( 
 ( #6201, #9425 ),
 ( #4468, #2600 ),
 ( #185, #9536 ),
 ( #3616, #7054 ),
 ( #4409, #4357 ) ),
 .UNSPECIFIED., .F., .F., .F.,
 ( 4, 1, 4 ),
 ( 2, 2 ),
 ( 0.05591560360431492571, 0.2777753997789999540, 0.9440884266019713422 ),
 ( 0.000000000000000000, 1.000000000000000000 ),
 .UNSPECIFIED. ) ;
#754 = CARTESIAN_POINT ( 'NONE',  ( 0.1132526673546456752, 0.2834645669291035452, 0.2105515555275890016 ) ) ;
#755 = ORIENTED_EDGE ( 'NONE', *, *, #4073, .T. ) ;
#756 = ORIENTED_EDGE ( 'NONE', *, *, #8216, .F. ) ;
#757 = CARTESIAN_POINT ( 'NONE',  ( -0.04822834645669291098, 0.2309529165521752303, 0.05719542721420283610 ) ) ;
#758 = AXIS2_PLACEMENT_3D ( 'NONE', #692, #8537, #5029 ) ;
#759 = EDGE_CURVE ( 'NONE', #282, #8327, #9361, .T. ) ;
#760 = LINE ( 'NONE', #10171, #1905 ) ;
#761 = EDGE_CURVE ( 'NONE', #3754, #5018, #8048, .T. ) ;
#762 = CARTESIAN_POINT ( 'NONE',  ( 0.08661417322834646937, 0.2421259842519393746, -0.07795275590548228495 ) ) ;
#763 = ORIENTED_EDGE ( 'NONE', *, *, #1187, .F. ) ;
#764 = CARTESIAN_POINT ( 'NONE',  ( -0.2909448818897638067, 0.2165354330708362252, 0.06377952755932086992 ) ) ;
#765 = CARTESIAN_POINT ( 'NONE',  ( -0.2135826771653543399, 0.2106299212598137516, -0.2125984251968208727 ) ) ;
#766 = VERTEX_POINT ( 'NONE', #2536 ) ;
#767 = APPROVAL_PERSON_ORGANIZATION ( #11082, #6417, #3410 ) ;
#768 = DIRECTION ( 'NONE',  ( 0.000000000000000000, 1.000000000000000000, 3.491481338843134933E-15 ) ) ;
#769 = AXIS2_PLACEMENT_3D ( 'NONE', #4103, #9861, #2134 ) ;
#770 = ORIENTED_EDGE ( 'NONE', *, *, #3677, .F. ) ;
#771 = EDGE_LOOP ( 'NONE', ( #9872, #2617, #5643, #11134, #7979, #9826, #3200 ) ) ;
#772 = CARTESIAN_POINT ( 'NONE',  ( 0.06003937007874016185, 0.2598425196850102648, -0.05433070866142700878 ) ) ;
#773 = VERTEX_POINT ( 'NONE', #8523 ) ;
#774 = CIRCLE ( 'NONE', #10683, 0.02362204724409448092 ) ;
#775 = FACE_OUTER_BOUND ( 'NONE', #3623, .T. ) ;
#776 = EDGE_CURVE ( 'NONE', #5069, #9788, #790, .T. ) ;
#777 = CARTESIAN_POINT ( 'NONE',  ( 0.2909448818897638067, 0.2165354330708362252, 0.09921259842522638095 ) ) ;
#778 = EDGE_CURVE ( 'NONE', #6944, #3381, #8576, .T. ) ;
#779 = DIRECTION ( 'NONE',  ( 1.000000000000000000, 0.000000000000000000, 0.000000000000000000 ) ) ;
#780 = ORIENTED_EDGE ( 'NONE', *, *, #7006, .T. ) ;
#781 = CARTESIAN_POINT ( 'NONE',  ( -0.1525590548837795490, 0.2125984251968204841, -0.2125984251968208727 ) ) ;
#782 = DIRECTION ( 'NONE',  ( 0.000000000000000000, 1.000000000000000000, 3.491481338843134933E-15 ) ) ;
#783 = DIRECTION ( 'NONE',  ( -1.000000000000000000, 0.000000000000000000, 0.000000000000000000 ) ) ;
#784 = EDGE_LOOP ( 'NONE', ( #1469, #2181, #4123, #11111 ) ) ;
#785 = FACE_OUTER_BOUND ( 'NONE', #5574, .T. ) ;
#786 = VERTEX_POINT ( 'NONE', #2649 ) ;
#787 = PLANE ( 'NONE',  #7702 ) ;
#788 = DIRECTION ( 'NONE',  ( 0.4115312287933962088, 3.182120936627750141E-15, -0.9113956592653913447 ) ) ;
#789 = EDGE_CURVE ( 'NONE', #11156, #2471, #4227, .T. ) ;
#790 = LINE ( 'NONE', #5123, #1737 ) ;
#791 = CARTESIAN_POINT ( 'NONE',  ( -0.2850393700787008378, 0.2165354330708362252, 0.09921259842522638095 ) ) ;
#792 = ORIENTED_EDGE ( 'NONE', *, *, #8882, .T. ) ;
#793 = VERTEX_POINT ( 'NONE', #6076 ) ;
#794 = DIRECTION ( 'NONE',  ( 1.000000000000000000, 0.000000000000000000, 0.000000000000000000 ) ) ;
#795 = EDGE_LOOP ( 'NONE', ( #6536, #7735, #4792, #1601, #6181, #4734, #5291, #9645 ) ) ;
#796 = DIRECTION ( 'NONE',  ( 1.000000000000000000, 0.000000000000000000, 0.000000000000000000 ) ) ;
#797 = ORIENTED_EDGE ( 'NONE', *, *, #789, .F. ) ;
#798 = FACE_OUTER_BOUND ( 'NONE', #2137, .T. ) ;
#799 = EDGE_CURVE ( 'NONE', #6485, #9423, #9295, .T. ) ;
#800 = VECTOR ( 'NONE', #5360, 39.37007874015748143 ) ;
#801 = DIRECTION ( 'NONE',  ( 0.000000000000000000, 3.491481338843134933E-15, -1.000000000000000000 ) ) ;
#802 = CARTESIAN_POINT ( 'NONE',  ( 0.03838582677165354451, 0.2303149606298921792, -0.05433070866142708510 ) ) ;
#803 = CARTESIAN_POINT ( 'NONE',  ( -0.2618110236220472231, 0.2775590551180799337, 0.2480314960630220500 ) ) ;
#804 = EDGE_LOOP ( 'NONE', ( #7818, #4372, #9218, #8850, #566 ) ) ;
#805 = LINE ( 'NONE', #6999, #1066 ) ;
#806 = ORIENTED_EDGE ( 'NONE', *, *, #3947, .F. ) ;
#807 = ORIENTED_EDGE ( 'NONE', *, *, #1968, .F. ) ;
#808 = CARTESIAN_POINT ( 'NONE',  ( -0.07480314960629921850, 0.2125984251968204841, 0.07952755905514763413 ) ) ;
#809 = VECTOR ( 'NONE', #10647, 39.37007874015748143 ) ;
#810 = EDGE_CURVE ( 'NONE', #8210, #4091, #6813, .T. ) ;
#811 = EDGE_CURVE ( 'NONE', #1151, #8211, #5967, .T. ) ;
#812 = DIRECTION ( 'NONE',  ( 0.000000000000000000, 0.4520890721125805922, -0.8919727971616542295 ) ) ;
#813 = PLANE ( 'NONE',  #1356 ) ;
#814 = VECTOR ( 'NONE', #7698, 39.37007874015748143 ) ;
#815 = VERTEX_POINT ( 'NONE', #8744 ) ;
#816 = CARTESIAN_POINT ( 'NONE',  ( 0.1151574805499606391, 0.2165354330708373909, -0.2480314960629626253 ) ) ;
#817 = CARTESIAN_POINT ( 'NONE',  ( -0.09153543307086613179, 0.2598425196850102648, -0.05433070866142700878 ) ) ;
#818 = ORIENTED_EDGE ( 'NONE', *, *, #551, .F. ) ;
#819 = APPROVAL_ROLE ( '' ) ;
#820 = DIRECTION ( 'NONE',  ( 0.000000000000000000, -3.491481338843134933E-15, 1.000000000000000000 ) ) ;
#821 = ORIENTED_EDGE ( 'NONE', *, *, #7795, .F. ) ;
#822 = VERTEX_POINT ( 'NONE', #4284 ) ;
#823 = FACE_OUTER_BOUND ( 'NONE', #6863, .T. ) ;
#824 = ORIENTED_EDGE ( 'NONE', *, *, #8986, .T. ) ;
#825 = EDGE_CURVE ( 'NONE', #9203, #8851, #4, .T. ) ;
#826 = VECTOR ( 'NONE', #9667, 39.37007874015748143 ) ;
#827 = AXIS2_PLACEMENT_3D ( 'NONE', #7831, #5114, #10358 ) ;
#828 = LINE ( 'NONE', #101, #8168 ) ;
#829 = CARTESIAN_POINT ( 'NONE',  ( 0.9444047244094487814, 0.2224409448818610024, -0.2132217023432760039 ) ) ;
#830 = CARTESIAN_POINT ( 'NONE',  ( 0.2259842519685039686, 0.2834645669291047665, -0.1035433070865844490 ) ) ;
#831 = ORIENTED_EDGE ( 'NONE', *, *, #7194, .F. ) ;
#832 = CARTESIAN_POINT ( 'NONE',  ( -0.1132526673547244178, 0.2834645669291035452, 0.2105515555275890016 ) ) ;
#833 = DIRECTION ( 'NONE',  ( 0.3333333333496030781, -2.891205793294678622E-15, 0.9428090415763112908 ) ) ;
#834 = CIRCLE ( 'NONE', #6765, 0.01377952755905512312 ) ;
#835 = CARTESIAN_POINT ( 'NONE',  ( -0.2771653543307086576, 0.2224409448818598367, 0.1051181102362502007 ) ) ;
#836 = ORIENTED_EDGE ( 'NONE', *, *, #9236, .F. ) ;
#837 = EDGE_CURVE ( 'NONE', #374, #11113, #2706, .T. ) ;
#838 = ADVANCED_FACE ( 'NONE', ( #6017 ), #9470, .T. ) ;
#839 = DIRECTION ( 'NONE',  ( 0.000000000000000000, -3.491481338843134933E-15, 1.000000000000000000 ) ) ;
#840 = ORIENTED_EDGE ( 'NONE', *, *, #2558, .T. ) ;
#841 = AXIS2_PLACEMENT_3D ( 'NONE', #5778, #9169, #543 ) ;
#842 = VECTOR ( 'NONE', #3699, 39.37007874015748143 ) ;
#843 = DIRECTION ( 'NONE',  ( 0.000000000000000000, 1.000000000000000000, 3.491481338843135327E-15 ) ) ;
#844 = DIRECTION ( 'NONE',  ( 0.000000000000000000, -1.000000000000000000, -1.533386026818315256E-14 ) ) ;
#845 = DIRECTION ( 'NONE',  ( 0.000000000000000000, 1.000000000000000000, 3.491481338843134933E-15 ) ) ;
#846 = CARTESIAN_POINT ( 'NONE',  ( 0.2618110236220472231, 0.2755905511810736175, -0.2125984251968208727 ) ) ;
#847 = ORIENTED_EDGE ( 'NONE', *, *, #7912, .T. ) ;
#848 = AXIS2_PLACEMENT_3D ( 'NONE', #9851, #1447, #2289 ) ;
#849 = ORIENTED_EDGE ( 'NONE', *, *, #3885, .F. ) ;
#850 = VECTOR ( 'NONE', #257, 39.37007874015748143 ) ;
#851 = CARTESIAN_POINT ( 'NONE',  ( -0.2594488188976378784, 0.2775590551180814880, -0.2125984251968204841 ) ) ;
#852 = ORIENTED_EDGE ( 'NONE', *, *, #11052, .F. ) ;
#853 = EDGE_CURVE ( 'NONE', #3620, #4581, #6134, .T. ) ;
#854 = CARTESIAN_POINT ( 'NONE',  ( 0.2850393700787401952, 0.2165354330708362252, 0.06479275320034448560 ) ) ;
#855 = EDGE_LOOP ( 'NONE', ( #4663, #3373, #1473, #4850 ) ) ;
#856 = CIRCLE ( 'NONE', #2657, 0.005905511811023620231 ) ;
#857 = FACE_OUTER_BOUND ( 'NONE', #42, .T. ) ;
#858 = DIRECTION ( 'NONE',  ( 0.000000000000000000, -1.000000000000000000, -3.491481338843135327E-15 ) ) ;
#859 = DIRECTION ( 'NONE',  ( 0.000000000000000000, -2.478176394252581732E-15, 1.000000000000000000 ) ) ;
#860 = DIRECTION ( 'NONE',  ( -8.881784197299999628E-14, -4.108836281068155331E-12, -1.000000000000000000 ) ) ;
#861 = LINE ( 'NONE', #9267, #7609 ) ;
#862 = ORIENTED_EDGE ( 'NONE', *, *, #6480, .F. ) ;
#863 = CARTESIAN_POINT ( 'NONE',  ( -0.08661417322834646937, 0.2125984251968212890, -0.07795275590548228495 ) ) ;
#864 = VERTEX_POINT ( 'NONE', #900 ) ;
#865 = EDGE_LOOP ( 'NONE', ( #6567, #193, #8835, #5801, #2017, #1108, #1007, #8957, #10118, #10000, #2545, #10479, #8334, #3222, #705, #2402, #5030, #1434, #7480, #10198, #3566, #10565, #9290, #88 ) ) ;
#866 = AXIS2_PLACEMENT_3D ( 'NONE', #980, #3253, #1036 ) ;
#867 = EDGE_CURVE ( 'NONE', #3890, #7352, #4397, .T. ) ;
#868 = CARTESIAN_POINT ( 'NONE',  ( 0.1722694393914978028, 0.1968503937007582694, -0.1083322857881404699 ) ) ;
#869 = AXIS2_PLACEMENT_3D ( 'NONE', #10393, #2670, #8449 ) ;
#870 = DIRECTION ( 'NONE',  ( 0.000000000000000000, -3.469446951953614189E-15, 1.000000000000000000 ) ) ;
#871 = CARTESIAN_POINT ( 'NONE',  ( -0.1299212598425196763, 0.2125984251968212890, -0.07795275590548228495 ) ) ;
#872 = EDGE_LOOP ( 'NONE', ( #8239, #1148, #6444, #6707 ) ) ;
#873 = DIRECTION ( 'NONE',  ( 0.000000000000000000, 5.782411586531547151E-15, -1.000000000000000000 ) ) ;
#874 = ORIENTED_EDGE ( 'NONE', *, *, #5213, .T. ) ;
#875 = COORDINATED_UNIVERSAL_TIME_OFFSET ( 0, 0, .AHEAD. ) ;
#876 = DIRECTION ( 'NONE',  ( -1.000000000000000000, 0.000000000000000000, 0.000000000000000000 ) ) ;
#877 = ORIENTED_EDGE ( 'NONE', *, *, #6072, .T. ) ;
#878 = EDGE_LOOP ( 'NONE', ( #8563, #3898, #10252, #5553 ) ) ;
#879 = EDGE_CURVE ( 'NONE', #8429, #7097, #7900, .T. ) ;
#880 = CARTESIAN_POINT ( 'NONE',  ( -0.9444047244094487814, 0.2224409448818610024, -0.2185039370078444843 ) ) ;
#881 = EDGE_LOOP ( 'NONE', ( #10143, #6610, #934, #1174 ) ) ;
#882 = VECTOR ( 'NONE', #4632, 39.37007874015748143 ) ;
#883 = PERSON ( 'UNSPECIFIED', 'UNSPECIFIED', 'UNSPECIFIED', ('UNSPECIFIED'), ('UNSPECIFIED'), ('UNSPECIFIED') ) ;
#884 = PLANE ( 'NONE',  #6700 ) ;
#885 = CARTESIAN_POINT ( 'NONE',  ( -0.1525590548837795490, 0.2125984251968204841, -0.2125984251968208727 ) ) ;
#886 = CARTESIAN_POINT ( 'NONE',  ( -0.1819790184728346805, 0.2834645669291035452, 0.2476050409764078974 ) ) ;
#887 = ORIENTED_EDGE ( 'NONE', *, *, #9382, .F. ) ;
#888 = LINE ( 'NONE', #4387, #10201 ) ;
#889 = ADVANCED_FACE ( 'NONE', ( #2932 ), #7961, .T. ) ;
#890 = VECTOR ( 'NONE', #3678, 39.37007874015748143 ) ;
#891 = CARTESIAN_POINT ( 'NONE',  ( 0.2135826771653543399, 0.2125984251968650041, -0.2066929133859547740 ) ) ;
#892 = FACE_OUTER_BOUND ( 'NONE', #5955, .T. ) ;
#893 = ORIENTED_EDGE ( 'NONE', *, *, #7033, .F. ) ;
#894 = DIRECTION ( 'NONE',  ( 0.000000000000000000, -3.491481338843134933E-15, 1.000000000000000000 ) ) ;
#895 = VERTEX_POINT ( 'NONE', #1297 ) ;
#896 = VECTOR ( 'NONE', #577, 39.37007874015748143 ) ;
#897 = DIRECTION ( 'NONE',  ( 0.000000000000000000, -1.000000000000000000, -3.491481338843134933E-15 ) ) ;
#898 = FACE_OUTER_BOUND ( 'NONE', #6023, .T. ) ;
#899 = EDGE_LOOP ( 'NONE', ( #4364, #2052, #6249, #8691 ) ) ;
#900 = CARTESIAN_POINT ( 'NONE',  ( -0.008858267481783465083, 0.2165354330708373909, -0.2185039370078444843 ) ) ;
#901 = EDGE_CURVE ( 'NONE', #1891, #11136, #9699, .T. ) ;
#902 = EDGE_CURVE ( 'NONE', #1078, #4476, #3605, .T. ) ;
#903 = DIRECTION ( 'NONE',  ( 0.000000000000000000, -1.000000000000000000, -2.891205793294679411E-15 ) ) ;
#904 = VECTOR ( 'NONE', #4542, 39.37007874015748143 ) ;
#905 = AXIS2_PLACEMENT_3D ( 'NONE', #6627, #11142, #4892 ) ;
#906 = ORIENTED_EDGE ( 'NONE', *, *, #8057, .T. ) ;
#907 = DIRECTION ( 'NONE',  ( 1.000000000000000000, 0.000000000000000000, 0.000000000000000000 ) ) ;
#908 = EDGE_CURVE ( 'NONE', #7362, #4416, #7043, .T. ) ;
#909 = ORIENTED_EDGE ( 'NONE', *, *, #2075, .T. ) ;
#910 = CARTESIAN_POINT ( 'NONE',  ( 0.1744460153231102428, 0.2775590551180799337, 0.2442895309764078760 ) ) ;
#911 = ORIENTED_EDGE ( 'NONE', *, *, #5996, .T. ) ;
#912 = AXIS2_PLACEMENT_3D ( 'NONE', #9313, #6597, #7457 ) ;
#913 = FACE_OUTER_BOUND ( 'NONE', #1586, .T. ) ;
#914 = ADVANCED_FACE ( 'NONE', ( #10604 ), #3778, .F. ) ;
#915 = DIRECTION ( 'NONE',  ( 0.3333333333504991947, 2.891205793294677833E-15, -0.9428090415759943221 ) ) ;
#916 = EDGE_CURVE ( 'NONE', #632, #3723, #5520, .T. ) ;
#917 = DIRECTION ( 'NONE',  ( 0.000000000000000000, -1.000000000000000000, -3.491481338843135327E-15 ) ) ;
#918 = DIRECTION ( 'NONE',  ( 1.000000000000000000, 0.000000000000000000, 0.000000000000000000 ) ) ;
#919 = PLANE ( 'NONE',  #5618 ) ;
#920 = ORIENTED_EDGE ( 'NONE', *, *, #2190, .T. ) ;
#921 = CARTESIAN_POINT ( 'NONE',  ( 0.01181102362204724393, 0.2125984251968212890, -0.07795275590548228495 ) ) ;
#922 = AXIS2_PLACEMENT_3D ( 'NONE', #5282, #10360, #10475 ) ;
#923 = ORIENTED_EDGE ( 'NONE', *, *, #5725, .F. ) ;
#924 = EDGE_LOOP ( 'NONE', ( #4842, #953, #4945, #1507, #9632, #5357 ) ) ;
#925 = AXIS2_PLACEMENT_3D ( 'NONE', #6257, #6368, #7331 ) ;
#926 = FACE_OUTER_BOUND ( 'NONE', #8379, .T. ) ;
#927 = FACE_OUTER_BOUND ( 'NONE', #10822, .T. ) ;
#928 = CARTESIAN_POINT ( 'NONE',  ( 0.2850393700787401952, 0.2165354330708365860, 0.05787401574806102372 ) ) ;
#929 = EDGE_CURVE ( 'NONE', #8810, #9339, #9833, .T. ) ;
#930 = DIRECTION ( 'NONE',  ( -1.000000000000000000, 0.000000000000000000, 0.000000000000000000 ) ) ;
#931 = VERTEX_POINT ( 'NONE', #6189 ) ;
#932 = FACE_OUTER_BOUND ( 'NONE', #10607, .T. ) ;
#933 = CARTESIAN_POINT ( 'NONE',  ( -0.04822834645669291098, 0.2303149606298921792, -0.07795275590552164235 ) ) ;
#934 = ORIENTED_EDGE ( 'NONE', *, *, #1520, .F. ) ;
#935 = PLANE ( 'NONE',  #2184 ) ;
#936 = EDGE_LOOP ( 'NONE', ( #4413, #6141, #2248, #10757 ) ) ;
#937 = ORIENTED_EDGE ( 'NONE', *, *, #8841, .F. ) ;
#938 = DIRECTION ( 'NONE',  ( 0.000000000000000000, -1.000000000000000000, -3.491481338843135327E-15 ) ) ;
#939 = VERTEX_POINT ( 'NONE', #9865 ) ;
#940 = AXIS2_PLACEMENT_3D ( 'NONE', #8990, #10458, #8938 ) ;
#941 = DIRECTION ( 'NONE',  ( -1.000000000000000000, 0.000000000000000000, 0.000000000000000000 ) ) ;
#942 = ORIENTED_EDGE ( 'NONE', *, *, #1455, .F. ) ;
#943 = EDGE_CURVE ( 'NONE', #1336, #5519, #2271, .T. ) ;
#944 = DIRECTION ( 'NONE',  ( 0.000000000000000000, -1.000000000000000000, 2.556693283010484943E-11 ) ) ;
#945 = EDGE_CURVE ( 'NONE', #1739, #8772, #8964, .T. ) ;
#946 = ORIENTED_EDGE ( 'NONE', *, *, #7461, .T. ) ;
#947 = AXIS2_PLACEMENT_3D ( 'NONE', #170, #1179, #2080 ) ;
#948 = LINE ( 'NONE', #1735, #10568 ) ;
#949 = CARTESIAN_POINT ( 'NONE',  ( -0.1099422992072834615, 0.2834645669291035452, 0.2092563738401873874 ) ) ;
#950 = CARTESIAN_POINT ( 'NONE',  ( 0.02066929157333464301, 0.2125984251968130456, -0.2066929133857027534 ) ) ;
#951 = ORIENTED_EDGE ( 'NONE', *, *, #254, .F. ) ;
#952 = LINE ( 'NONE', #7722, #6 ) ;
#953 = ORIENTED_EDGE ( 'NONE', *, *, #2533, .F. ) ;
#954 = CIRCLE ( 'NONE', #9412, 0.005905511811082662411 ) ;
#955 = LINE ( 'NONE', #8007, #4997 ) ;
#956 = DIRECTION ( 'NONE',  ( 0.000000000000000000, 1.000000000000000000, 3.491481338843134933E-15 ) ) ;
#957 = ADVANCED_FACE ( 'NONE', ( #1240 ), #290, .T. ) ;
#958 = EDGE_CURVE ( 'NONE', #7150, #10925, #4623, .T. ) ;
#959 = VERTEX_POINT ( 'NONE', #4511 ) ;
#960 = PLANE ( 'NONE',  #5864 ) ;
#961 = DIRECTION ( 'NONE',  ( 0.000000000000000000, -1.000000000000000000, -3.491481338843135327E-15 ) ) ;
#962 = EDGE_LOOP ( 'NONE', ( #2320, #8821, #8794, #2253 ) ) ;
#963 = DIRECTION ( 'NONE',  ( -1.000000000000000000, 0.000000000000000000, 0.000000000000000000 ) ) ;
#964 = ORIENTED_EDGE ( 'NONE', *, *, #9519, .F. ) ;
#965 = LINE ( 'NONE', #3443, #6673 ) ;
#966 = ORIENTED_EDGE ( 'NONE', *, *, #5213, .F. ) ;
#967 = ADVANCED_FACE ( 'NONE', ( #3662 ), #7098, .F. ) ;
#968 = CYLINDRICAL_SURFACE ( 'NONE', #9059, 0.005905511811082662411 ) ;
#969 = CARTESIAN_POINT ( 'NONE',  ( -0.04822834645669291098, 0.2362204724409157630, -0.05433070866138771382 ) ) ;
#970 = DIRECTION ( 'NONE',  ( 0.000000000000000000, -0.4520890721125807588, 0.8919727971616544515 ) ) ;
#971 = DIRECTION ( 'NONE',  ( 0.000000000000000000, -1.000000000000000000, -3.491481338843135327E-15 ) ) ;
#972 = ORIENTED_EDGE ( 'NONE', *, *, #7595, .T. ) ;
#973 = LINE ( 'NONE', #6153, #5023 ) ;
#974 = ORIENTED_EDGE ( 'NONE', *, *, #6888, .T. ) ;
#975 = EDGE_LOOP ( 'NONE', ( #5176, #1175, #5859, #3827 ) ) ;
#976 = DIRECTION ( 'NONE',  ( 0.000000000000000000, 3.491481338843134933E-15, -1.000000000000000000 ) ) ;
#977 = EDGE_CURVE ( 'NONE', #8886, #10375, #1551, .T. ) ;
#978 = EDGE_CURVE ( 'NONE', #493, #1015, #399, .T. ) ;
#979 = AXIS2_PLACEMENT_3D ( 'NONE', #10933, #9920, #3199 ) ;
#980 = CARTESIAN_POINT ( 'NONE',  ( 0.03838582677165354451, 0.2303149606298921792, -0.07795275590552164235 ) ) ;
#981 = CARTESIAN_POINT ( 'NONE',  ( 0.03838582677165354451, 0.2440944881889468288, 0.0007874015747934192061 ) ) ;
#982 = PLANE ( 'NONE',  #7296 ) ;
#983 = ORIENTED_EDGE ( 'NONE', *, *, #4509, .T. ) ;
#984 = CARTESIAN_POINT ( 'NONE',  ( -0.1092519682694882005, 0.2106299212598137516, -0.2421259842519940808 ) ) ;
#985 = DIRECTION ( 'NONE',  ( 0.000000000000000000, -1.000000000000000000, -3.491481338843134933E-15 ) ) ;
#986 = ORIENTED_EDGE ( 'NONE', *, *, #4561, .T. ) ;
#987 = CARTESIAN_POINT ( 'NONE',  ( 0.000000000000000000, 0.000000000000000000, 0.000000000000000000 ) ) ;
#988 = CIRCLE ( 'NONE', #4054, 0.005905511811023620231 ) ;
#989 = DIRECTION ( 'NONE',  ( 0.000000000000000000, 0.8375070198036268510, -0.5464265657704128198 ) ) ;
#990 = ORIENTED_EDGE ( 'NONE', *, *, #1214, .F. ) ;
#991 = VERTEX_POINT ( 'NONE', #3835 ) ;
#992 = CARTESIAN_POINT ( 'NONE',  ( 0.01673228346456692717, 0.2400588892959547305, -0.04142299450934047722 ) ) ;
#993 = ORIENTED_EDGE ( 'NONE', *, *, #8883, .F. ) ;
#994 = ADVANCED_FACE ( 'NONE', ( #9759 ), #2138, .T. ) ;
#995 = VECTOR ( 'NONE', #368, 39.37007874015748143 ) ;
#996 = CARTESIAN_POINT ( 'NONE',  ( 0.1968503937007874127, 0.1968503937007582694, -0.1094488188976082688 ) ) ;
#997 = CARTESIAN_POINT ( 'NONE',  ( -0.1819790184728346805, 0.2775590551180799337, 0.2476050409764078974 ) ) ;
#998 = CARTESIAN_POINT ( 'NONE',  ( -0.1131889763779527630, 0.2362204724409153467, 0.05986524456920295362 ) ) ;
#999 = ORIENTED_EDGE ( 'NONE', *, *, #8651, .T. ) ;
#1000 = DIRECTION ( 'NONE',  ( 0.000000000000000000, 0.8375070198036268510, -0.5464265657704128198 ) ) ;
#1001 = LINE ( 'NONE', #4274, #10009 ) ;
#1002 = DIRECTION ( 'NONE',  ( 0.000000000000000000, 0.8375070198036269620, -0.5464265657704129309 ) ) ;
#1003 = VECTOR ( 'NONE', #335, 39.37007874015748143 ) ;
#1004 = ORIENTED_EDGE ( 'NONE', *, *, #1882, .F. ) ;
#1005 = DIRECTION ( 'NONE',  ( -9.473903143722999347E-14, 5.125392804526160085E-12, 1.000000000000000000 ) ) ;
#1006 = EDGE_CURVE ( 'NONE', #11094, #2567, #1183, .T. ) ;
#1007 = ORIENTED_EDGE ( 'NONE', *, *, #1126, .F. ) ;
#1008 = DIRECTION ( 'NONE',  ( 0.000000000000000000, -1.000000000000000000, -2.891205793294679411E-15 ) ) ;
#1009 = LINE ( 'NONE', #8008, #9404 ) ;
#1010 = AXIS2_PLACEMENT_3D ( 'NONE', #5748, #2951, #2107 ) ;
#1011 = CARTESIAN_POINT ( 'NONE',  ( 0.1819790184727165250, 0.2834645669291035452, 0.2476050409764078974 ) ) ;
#1012 = ORIENTED_EDGE ( 'NONE', *, *, #10942, .F. ) ;
#1013 = CARTESIAN_POINT ( 'NONE',  ( 0.1549896822516141914, 0.2421259842519382366, 0.2314365286925492426 ) ) ;
#1014 = CARTESIAN_POINT ( 'NONE',  ( -0.1387795273246062999, 0.2224409448818610024, -0.2125984251968208727 ) ) ;
#1015 = VERTEX_POINT ( 'NONE', #5844 ) ;
#1016 = CARTESIAN_POINT ( 'NONE',  ( 0.2057086614175983874, 0.2106299212598137516, -0.2480314960629921295 ) ) ;
#1017 = ORIENTED_EDGE ( 'NONE', *, *, #9918, .F. ) ;
#1018 = VECTOR ( 'NONE', #599, 39.37007874015748143 ) ;
#1019 = CARTESIAN_POINT ( 'NONE',  ( 0.1196850393700787524, 0.2775590551180803778, 0.1444881889764076943 ) ) ;
#1020 = EDGE_CURVE ( 'NONE', #11143, #11113, #4787, .T. ) ;
#1021 = ORIENTED_EDGE ( 'NONE', *, *, #9519, .T. ) ;
#1022 = DIRECTION ( 'NONE',  ( 0.000000000000000000, 1.000000000000000000, 3.491481338843135327E-15 ) ) ;
#1023 = DIRECTION ( 'NONE',  ( 0.000000000000000000, 1.000000000000000000, 3.491481338843135327E-15 ) ) ;
#1024 = AXIS2_PLACEMENT_3D ( 'NONE', #5044, #2566, #9497 ) ;
#1025 = LINE ( 'NONE', #8025, #2628 ) ;
#1026 = VECTOR ( 'NONE', #2122, 39.37007874015748854 ) ;
#1027 = LINE ( 'NONE', #1989, #7884 ) ;
#1028 = ADVANCED_FACE ( 'NONE', ( #2245 ), #3036, .F. ) ;
#1029 = CARTESIAN_POINT ( 'NONE',  ( 0.2712598425196850460, 0.2716535433070562666, 0.2055118110236515971 ) ) ;
#1030 = ORIENTED_EDGE ( 'NONE', *, *, #440, .T. ) ;
#1031 = CARTESIAN_POINT ( 'NONE',  ( 0.1072834648018897719, 0.2224409448818610024, -0.2185039370078444843 ) ) ;
#1032 = EDGE_LOOP ( 'NONE', ( #9077, #2293, #7283, #9676 ) ) ;
#1033 = VERTEX_POINT ( 'NONE', #6577 ) ;
#1034 = DIRECTION ( 'NONE',  ( 0.000000000000000000, -3.491481338843134933E-15, 1.000000000000000000 ) ) ;
#1035 = AXIS2_PLACEMENT_3D ( 'NONE', #4977, #691, #4189 ) ;
#1036 = DIRECTION ( 'NONE',  ( 1.000000000000000000, 0.000000000000000000, 0.000000000000000000 ) ) ;
#1037 = DIRECTION ( 'NONE',  ( 0.000000000000000000, 3.491481338843134933E-15, -1.000000000000000000 ) ) ;
#1038 = CARTESIAN_POINT ( 'NONE',  ( 0.2712598425196850460, 0.2145669291338287432, 0.05787401574806102372 ) ) ;
#1039 = EDGE_LOOP ( 'NONE', ( #2945, #6328, #2595, #7745 ) ) ;
#1040 = CARTESIAN_POINT ( 'NONE',  ( 0.1796295472108661306, 0.2125984251968200955, 0.2468503937008169891 ) ) ;
#1041 = EDGE_CURVE ( 'NONE', #8747, #10638, #5686, .T. ) ;
#1042 = DIRECTION ( 'NONE',  ( 0.000000000000000000, -1.000000000000000000, -3.491481338843135327E-15 ) ) ;
#1043 = ORIENTED_EDGE ( 'NONE', *, *, #8298, .T. ) ;
#1044 = EDGE_CURVE ( 'NONE', #9990, #5470, #2363, .T. ) ;
#1045 = CARTESIAN_POINT ( 'NONE',  ( -0.9444047244094487814, 0.2224409448818610024, -0.2185039370078444843 ) ) ;
#1046 = EDGE_LOOP ( 'NONE', ( #3752, #3136, #5876, #4517, #10876, #9065, #9939, #7920, #4908, #2035, #8253, #6255 ) ) ;
#1047 = EDGE_LOOP ( 'NONE', ( #4819, #8665, #10680, #906 ) ) ;
#1048 = DIRECTION ( 'NONE',  ( 0.000000000000000000, -5.782411586589358822E-15, 1.000000000000000000 ) ) ;
#1049 = EDGE_CURVE ( 'NONE', #7438, #7352, #7494, .T. ) ;
#1050 = ORIENTED_EDGE ( 'NONE', *, *, #4461, .T. ) ;
#1051 = AXIS2_PLACEMENT_3D ( 'NONE', #5132, #11120, #18 ) ;
#1052 = DIRECTION ( 'NONE',  ( -1.000000000000000000, 0.000000000000000000, 0.000000000000000000 ) ) ;
#1053 = CARTESIAN_POINT ( 'NONE',  ( 0.03838582677165354451, 0.2362204724409157630, -0.07795275590552164235 ) ) ;
#1054 = DIRECTION ( 'NONE',  ( -1.000000000000000000, 7.915281750737099666E-28, -2.267026795383000135E-13 ) ) ;
#1055 = EDGE_LOOP ( 'NONE', ( #530, #4222, #7582, #581 ) ) ;
#1056 = DIRECTION ( 'NONE',  ( 0.5511953220330096936, 2.913209086373296422E-15, -0.8343762442501144738 ) ) ;
#1057 = LINE ( 'NONE', #1964, #10737 ) ;
#1058 = EDGE_CURVE ( 'NONE', #8540, #7061, #834, .T. ) ;
#1059 = CARTESIAN_POINT ( 'NONE',  ( -0.1345525796381890071, 0.2834645669291035452, 0.2201693093386125899 ) ) ;
#1060 = ORIENTED_EDGE ( 'NONE', *, *, #84, .T. ) ;
#1061 = AXIS2_PLACEMENT_3D ( 'NONE', #732, #788, #956 ) ;
#1062 = ORIENTED_EDGE ( 'NONE', *, *, #7125, .T. ) ;
#1063 = CARTESIAN_POINT ( 'NONE',  ( 0.1250000000000000000, 0.2440944881889468288, 0.0007874015747934192061 ) ) ;
#1064 = CARTESIAN_POINT ( 'NONE',  ( -0.07480314960629921850, 0.2125984251968204841, 0.07952755905514763413 ) ) ;
#1065 = CARTESIAN_POINT ( 'NONE',  ( 0.1250000000000000000, 0.2598425196850102648, -0.05433070866142700878 ) ) ;
#1066 = VECTOR ( 'NONE', #10334, 39.37007874015748143 ) ;
#1067 = DIRECTION ( 'NONE',  ( 0.3058108682301035053, 3.324212434411467549E-15, -0.9520922816998099725 ) ) ;
#1068 = LINE ( 'NONE', #10542, #7471 ) ;
#1069 = ORIENTED_EDGE ( 'NONE', *, *, #344, .F. ) ;
#1070 = DIRECTION ( 'NONE',  ( 0.000000000000000000, 1.000000000000000000, 3.491481338843134933E-15 ) ) ;
#1071 = EDGE_CURVE ( 'NONE', #9981, #5945, #4051, .T. ) ;
#1072 = DIRECTION ( 'NONE',  ( 0.000000000000000000, -3.491481338843135327E-15, 1.000000000000000000 ) ) ;
#1073 = ORIENTED_EDGE ( 'NONE', *, *, #6864, .T. ) ;
#1074 = DIRECTION ( 'NONE',  ( -1.000000000000000000, 0.000000000000000000, 0.000000000000000000 ) ) ;
#1075 = ORIENTED_EDGE ( 'NONE', *, *, #1804, .F. ) ;
#1076 = CIRCLE ( 'NONE', #7375, 0.02460629921259841271 ) ;
#1077 = DIRECTION ( 'NONE',  ( -1.000000000000000000, 0.000000000000000000, 0.000000000000000000 ) ) ;
#1078 = VERTEX_POINT ( 'NONE', #4735 ) ;
#1079 = CARTESIAN_POINT ( 'NONE',  ( -0.07480314960629921850, 0.2125984251968212890, -0.07795275590548228495 ) ) ;
#1080 = DIRECTION ( 'NONE',  ( 0.000000000000000000, 1.000000000000000000, 3.491481338843134933E-15 ) ) ;
#1081 = AXIS2_PLACEMENT_3D ( 'NONE', #391, #9858, #4616 ) ;
#1082 = CIRCLE ( 'NONE', #7572, 0.01181102362204724740 ) ;
#1083 = EDGE_CURVE ( 'NONE', #8220, #5782, #10140, .T. ) ;
#1084 = CARTESIAN_POINT ( 'NONE',  ( -0.2047244094488189226, 0.2125984251968212890, -0.07795275590548228495 ) ) ;
#1085 = EDGE_CURVE ( 'NONE', #295, #505, #3181, .T. ) ;
#1086 = DIRECTION ( 'NONE',  ( 1.000000000000000000, 0.000000000000000000, 0.000000000000000000 ) ) ;
#1087 = DIRECTION ( 'NONE',  ( 0.000000000000000000, -3.491481338843134933E-15, 1.000000000000000000 ) ) ;
#1088 = ORIENTED_EDGE ( 'NONE', *, *, #2741, .F. ) ;
#1089 = DIRECTION ( 'NONE',  ( -7.570832849523999312E-11, -1.000000000000000000, 4.622915585878120773E-11 ) ) ;
#1090 = EDGE_LOOP ( 'NONE', ( #7992, #4050, #9733, #2321, #7385, #8130 ) ) ;
#1091 = ORIENTED_EDGE ( 'NONE', *, *, #4715, .T. ) ;
#1092 = CARTESIAN_POINT ( 'NONE',  ( 0.03838582677165354451, 0.2400588892959547305, -0.04142299450934047722 ) ) ;
#1093 = VECTOR ( 'NONE', #6020, 39.37007874015748143 ) ;
#1094 = VECTOR ( 'NONE', #10729, 39.37007874015748143 ) ;
#1095 = EDGE_CURVE ( 'NONE', #6856, #3152, #8056, .T. ) ;
#1096 = CARTESIAN_POINT ( 'NONE',  ( -0.1131889763779527630, 0.1909448818897350464, -0.2480314960630413401 ) ) ;
#1097 = DIRECTION ( 'NONE',  ( 0.000000000000000000, 1.000000000000000000, 3.491481338843134933E-15 ) ) ;
#1098 = LINE ( 'NONE', #7068, #10722 ) ;
#1099 = ORIENTED_EDGE ( 'NONE', *, *, #11152, .F. ) ;
#1100 = EDGE_CURVE ( 'NONE', #2006, #668, #2415, .T. ) ;
#1101 = VECTOR ( 'NONE', #10460, 39.37007874015748143 ) ;
#1102 = DIRECTION ( 'NONE',  ( -1.000000000000000000, 0.000000000000000000, 0.000000000000000000 ) ) ;
#1103 = DIRECTION ( 'NONE',  ( -3.611925573446999913E-13, 1.000000000000000000, -1.749180600203154799E-12 ) ) ;
#1104 = VECTOR ( 'NONE', #5245, 39.37007874015748143 ) ;
#1105 = CARTESIAN_POINT ( 'NONE',  ( 0.02657480338441732190, 0.2106299212598137516, -0.2480314960629626253 ) ) ;
#1106 = ORIENTED_EDGE ( 'NONE', *, *, #2703, .F. ) ;
#1107 = CARTESIAN_POINT ( 'NONE',  ( -0.1131889763779527630, 0.2309529165521752303, 0.05719542721420283610 ) ) ;
#1108 = ORIENTED_EDGE ( 'NONE', *, *, #418, .F. ) ;
#1109 = ORIENTED_EDGE ( 'NONE', *, *, #4049, .T. ) ;
#1110 = CARTESIAN_POINT ( 'NONE',  ( 0.2618110236219685083, 0.2775590551180799337, 0.2480314960630220500 ) ) ;
#1111 = CIRCLE ( 'NONE', #4359, 0.005905511811023620231 ) ;
#1112 = ADVANCED_FACE ( 'NONE', ( #1405 ), #5793, .F. ) ;
#1113 = EDGE_CURVE ( 'NONE', #3695, #3152, #9922, .T. ) ;
#1114 = DIRECTION ( 'NONE',  ( 0.000000000000000000, -3.491481338843134933E-15, 1.000000000000000000 ) ) ;
#1115 = DIRECTION ( 'NONE',  ( 0.000000000000000000, -1.000000000000000000, -3.491481338843135327E-15 ) ) ;
#1116 = CARTESIAN_POINT ( 'NONE',  ( 0.06397637818759842332, 0.2224409448818610024, -0.2125984251968208727 ) ) ;
#1117 = ORIENTED_EDGE ( 'NONE', *, *, #10678, .T. ) ;
#1118 = DIRECTION ( 'NONE',  ( 1.184237892943000141E-14, -1.256539692721156188E-12, -1.000000000000000000 ) ) ;
#1119 = PLANE ( 'NONE',  #6587 ) ;
#1120 = LINE ( 'NONE', #10310, #10280 ) ;
#1121 = AXIS2_PLACEMENT_3D ( 'NONE', #10561, #10442, #2835 ) ;
#1122 = ORIENTED_EDGE ( 'NONE', *, *, #551, .T. ) ;
#1123 = EDGE_LOOP ( 'NONE', ( #10768, #6239, #756, #3686, #10717, #4742, #1021 ) ) ;
#1124 = CC_DESIGN_PERSON_AND_ORGANIZATION_ASSIGNMENT ( #6106, #5268, ( #7797 ) ) ;
#1125 = FACE_BOUND ( 'NONE', #694, .T. ) ;
#1126 = EDGE_CURVE ( 'NONE', #7422, #139, #4952, .T. ) ;
#1127 = EDGE_CURVE ( 'NONE', #10462, #2726, #6466, .T. ) ;
#1128 = DIRECTION ( 'NONE',  ( 0.000000000000000000, 0.4520890721125805922, -0.8919727971616542295 ) ) ;
#1129 = VECTOR ( 'NONE', #3658, 39.37007874015748143 ) ;
#1130 = FACE_OUTER_BOUND ( 'NONE', #11051, .T. ) ;
#1131 = CARTESIAN_POINT ( 'NONE',  ( -0.2594488188976378784, 0.2716535433070562666, 0.2055118110236515971 ) ) ;
#1132 = LINE ( 'NONE', #6248, #273 ) ;
#1133 = ORIENTED_EDGE ( 'NONE', *, *, #1870, .T. ) ;
#1134 = DIRECTION ( 'NONE',  ( 0.000000000000000000, -0.4520890721125805922, 0.8919727971616542295 ) ) ;
#1135 = CARTESIAN_POINT ( 'NONE',  ( -0.09547244071035433655, 0.2224409448818610024, -0.2185039370078444843 ) ) ;
#1136 = ORIENTED_EDGE ( 'NONE', *, *, #1895, .F. ) ;
#1137 = LOCAL_TIME ( 14, 23, 41.00000000000000000, #8500 ) ;
#1138 = CARTESIAN_POINT ( 'NONE',  ( -0.1549896822522047191, 0.2125984251968200955, 0.2314365286929429277 ) ) ;
#1139 = AXIS2_PLACEMENT_3D ( 'NONE', #8106, #9682, #5451 ) ;
#1140 = ORIENTED_EDGE ( 'NONE', *, *, #536, .F. ) ;
#1141 = CARTESIAN_POINT ( 'NONE',  ( -0.1348425196850394081, 0.2616530078181201202, 0.009686792758139901177 ) ) ;
#1142 = EDGE_LOOP ( 'NONE', ( #10811, #4014, #6404, #9338 ) ) ;
#1143 = EDGE_CURVE ( 'NONE', #1453, #766, #1197, .T. ) ;
#1144 = DIRECTION ( 'NONE',  ( -2.268326611771999930E-13, 3.491481338843134933E-15, -1.000000000000000000 ) ) ;
#1145 = FACE_OUTER_BOUND ( 'NONE', #8378, .T. ) ;
#1146 = LINE ( 'NONE', #4525, #8753 ) ;
#1147 = CARTESIAN_POINT ( 'NONE',  ( -0.09153543307086613179, 0.2616530078181201202, 0.009686792758139901177 ) ) ;
#1148 = ORIENTED_EDGE ( 'NONE', *, *, #5759, .T. ) ;
#1149 = CARTESIAN_POINT ( 'NONE',  ( 0.2909448818897638067, 0.2165354330708362252, 0.09819937278396655145 ) ) ;
#1150 = ORIENTED_EDGE ( 'NONE', *, *, #9222, .F. ) ;
#1151 = VERTEX_POINT ( 'NONE', #8402 ) ;
#1152 = CARTESIAN_POINT ( 'NONE',  ( 0.1505905511814173148, 0.2165354330708373909, -0.2185039370078444843 ) ) ;
#1153 = EDGE_CURVE ( 'NONE', #786, #10265, #10029, .T. ) ;
#1154 = PLANE ( 'NONE',  #6440 ) ;
#1155 = FACE_OUTER_BOUND ( 'NONE', #7307, .T. ) ;
#1156 = PLANE ( 'NONE',  #4420 ) ;
#1157 = ORIENTED_EDGE ( 'NONE', *, *, #4613, .T. ) ;
#1158 = DIRECTION ( 'NONE',  ( 0.000000000000000000, -1.000000000000000000, 7.294512216482477063E-12 ) ) ;
#1159 = DIRECTION ( 'NONE',  ( 0.9989699831295302257, 1.584291275264744945E-16, -0.04537590556877164200 ) ) ;
#1160 = LINE ( 'NONE', #4597, #5429 ) ;
#1161 = EDGE_LOOP ( 'NONE', ( #9366, #5540, #1588, #1483, #6378, #5445, #5538, #6102, #404, #2808 ) ) ;
#1162 = VERTEX_POINT ( 'NONE', #5737 ) ;
#1163 = DIRECTION ( 'NONE',  ( 1.000000000000000000, 0.000000000000000000, 0.000000000000000000 ) ) ;
#1164 = EDGE_CURVE ( 'NONE', #5075, #4793, #1204, .T. ) ;
#1165 = CARTESIAN_POINT ( 'NONE',  ( -0.1780224714965354393, 0.2125984251968200955, 0.2463342029606594985 ) ) ;
#1166 = CARTESIAN_POINT ( 'NONE',  ( -0.1387795273246062999, 0.2125984251968189576, -0.2125984251968208727 ) ) ;
#1167 = CARTESIAN_POINT ( 'NONE',  ( 0.2135826771655905676, 0.2106299212598137516, -0.2421259842545374352 ) ) ;
#1168 = VECTOR ( 'NONE', #8349, 39.37007874015748143 ) ;
#1169 = ORIENTED_EDGE ( 'NONE', *, *, #7902, .T. ) ;
#1170 = CARTESIAN_POINT ( 'NONE',  ( -0.02657480314960630058, 0.2303149606298921792, -0.07795275590552164235 ) ) ;
#1171 = DIRECTION ( 'NONE',  ( -1.000000000000000000, 0.000000000000000000, 0.000000000000000000 ) ) ;
#1172 = CARTESIAN_POINT ( 'NONE',  ( -0.1348425196850394081, 0.2309529165521752303, 0.05719542721420283610 ) ) ;
#1173 = EDGE_CURVE ( 'NONE', #2684, #2739, #7638, .T. ) ;
#1174 = ORIENTED_EDGE ( 'NONE', *, *, #6272, .T. ) ;
#1175 = ORIENTED_EDGE ( 'NONE', *, *, #7302, .F. ) ;
#1176 = DIRECTION ( 'NONE',  ( -0.9520922816980110781, 1.067732939660374042E-15, -0.3058108682357035257 ) ) ;
#1177 = VECTOR ( 'NONE', #7772, 39.37007874015748143 ) ;
#1178 = CARTESIAN_POINT ( 'NONE',  ( -0.1781496062992126150, 0.2362204724409157630, -0.07795275590552164235 ) ) ;
#1179 = DIRECTION ( 'NONE',  ( -1.000000000000000000, 0.000000000000000000, 0.000000000000000000 ) ) ;
#1180 = CARTESIAN_POINT ( 'NONE',  ( -0.2594488188976378784, 0.2834645669291050996, -0.2125984251968204841 ) ) ;
#1181 = LINE ( 'NONE', #5348, #1526 ) ;
#1182 = ORIENTED_EDGE ( 'NONE', *, *, #562, .F. ) ;
#1183 = LINE ( 'NONE', #559, #3893 ) ;
#1184 = VECTOR ( 'NONE', #8372, 39.37007874015748143 ) ;
#1185 = EDGE_CURVE ( 'NONE', #2690, #939, #6065, .T. ) ;
#1186 = EDGE_LOOP ( 'NONE', ( #7876, #2874, #8923, #1538, #3084, #397, #10422 ) ) ;
#1187 = EDGE_CURVE ( 'NONE', #5479, #4339, #2691, .T. ) ;
#1188 = VERTEX_POINT ( 'NONE', #832 ) ;
#1189 = DIRECTION ( 'NONE',  ( 0.000000000000000000, 1.000000000000000000, 3.491481338843134933E-15 ) ) ;
#1190 = ORIENTED_EDGE ( 'NONE', *, *, #3379, .F. ) ;
#1191 = VECTOR ( 'NONE', #1529, 39.37007874015748143 ) ;
#1192 = VECTOR ( 'NONE', #11047, 39.37007874015748143 ) ;
#1193 = LINE ( 'NONE', #2940, #7358 ) ;
#1194 = CARTESIAN_POINT ( 'NONE',  ( -0.1348425196850394081, 0.2563854519293799483, 0.007016975403139922435 ) ) ;
#1195 = CARTESIAN_POINT ( 'NONE',  ( -0.06988188976377952832, 0.2309529165521752303, 0.05719542721420283610 ) ) ;
#1196 = ORIENTED_EDGE ( 'NONE', *, *, #5162, .F. ) ;
#1197 = CIRCLE ( 'NONE', #6236, 0.01181102362204724046 ) ;
#1198 = ADVANCED_FACE ( 'NONE', ( #5901 ), #9458, .F. ) ;
#1199 = CIRCLE ( 'NONE', #7502, 0.005905511811082662411 ) ;
#1200 = CARTESIAN_POINT ( 'NONE',  ( -0.1819790184728346805, 0.2834645669291035452, 0.2476050409764078974 ) ) ;
#1201 = EDGE_LOOP ( 'NONE', ( #8541, #10829, #5607, #10705 ) ) ;
#1202 = EDGE_LOOP ( 'NONE', ( #9763, #6607, #5198, #4678, #9184, #11103, #10124 ) ) ;
#1203 = DIRECTION ( 'NONE',  ( -1.154631945611000099E-14, -1.000000000000000000, -3.491481338843134933E-15 ) ) ;
#1204 = CIRCLE ( 'NONE', #5158, 0.02460629921259841271 ) ;
#1205 = CARTESIAN_POINT ( 'NONE',  ( 0.1210629923610630071, 0.2165354330708373909, -0.2185039370078444843 ) ) ;
#1206 = AXIS2_PLACEMENT_3D ( 'NONE', #2065, #8843, #8948 ) ;
#1207 = PLANE ( 'NONE',  #2809 ) ;
#1208 = CARTESIAN_POINT ( 'NONE',  ( 0.2318897637795275801, 0.2834645669291039338, 0.1385826771653842493 ) ) ;
#1209 = ORIENTED_EDGE ( 'NONE', *, *, #4145, .F. ) ;
#1210 = DIRECTION ( 'NONE',  ( 0.000000000000000000, -1.000000000000000000, -3.491481338843134933E-15 ) ) ;
#1211 = CARTESIAN_POINT ( 'NONE',  ( 0.1077448397120866208, 0.2775590551180798782, 0.2083734574937307071 ) ) ;
#1212 = FACE_OUTER_BOUND ( 'NONE', #1787, .T. ) ;
#1213 = VERTEX_POINT ( 'NONE', #5223 ) ;
#1214 = EDGE_CURVE ( 'NONE', #5479, #266, #105, .T. ) ;
#1215 = CYLINDRICAL_SURFACE ( 'NONE', #5065, 0.005905511811082676289 ) ;
#1216 = ORIENTED_EDGE ( 'NONE', *, *, #6647, .F. ) ;
#1217 = VERTEX_POINT ( 'NONE', #3424 ) ;
#1218 = VECTOR ( 'NONE', #10575, 39.37007874015748143 ) ;
#1219 = CARTESIAN_POINT ( 'NONE',  ( -0.1958661416325196969, 0.2165354330708373909, -0.2421259833511870130 ) ) ;
#1220 = CARTESIAN_POINT ( 'NONE',  ( -0.1387795273246062999, 0.2224409448818610024, -0.2125984251968208727 ) ) ;
#1221 = CIRCLE ( 'NONE', #6253, 0.01968503937007876764 ) ;
#1222 = DIRECTION ( 'NONE',  ( -1.000000000000000000, 0.000000000000000000, 0.000000000000000000 ) ) ;
#1223 = DIRECTION ( 'NONE',  ( 0.000000000000000000, 1.000000000000000000, 3.491481338843135327E-15 ) ) ;
#1224 = ORIENTED_EDGE ( 'NONE', *, *, #4635, .T. ) ;
#1225 = CARTESIAN_POINT ( 'NONE',  ( 0.2870078740152756103, 0.2106299212598126414, 0.09263160285317914577 ) ) ;
#1226 = DIRECTION ( 'NONE',  ( 0.000000000000000000, -3.491481338843135327E-15, 1.000000000000000000 ) ) ;
#1227 = EDGE_CURVE ( 'NONE', #8963, #3739, #888, .T. ) ;
#1228 = EDGE_CURVE ( 'NONE', #3340, #10840, #2523, .T. ) ;
#1229 = DIRECTION ( 'NONE',  ( 1.000000000000000000, 0.000000000000000000, 0.000000000000000000 ) ) ;
#1230 = ORIENTED_EDGE ( 'NONE', *, *, #3498, .F. ) ;
#1231 = EDGE_LOOP ( 'NONE', ( #6443, #10068, #6113, #3099 ) ) ;
#1232 = VECTOR ( 'NONE', #8176, 39.37007874015748143 ) ;
#1233 = DIRECTION ( 'NONE',  ( 0.000000000000000000, -1.000000000000000000, -3.491481338843135327E-15 ) ) ;
#1234 = CARTESIAN_POINT ( 'NONE',  ( 0.1796295472108661306, 0.2421259842519382366, 0.2468503937008169891 ) ) ;
#1235 = CARTESIAN_POINT ( 'NONE',  ( 0.1250000000000000000, 0.2556349392492224815, -0.006742098347214430139 ) ) ;
#1236 = EDGE_CURVE ( 'NONE', #6856, #2554, #6857, .T. ) ;
#1237 = DIRECTION ( 'NONE',  ( -1.000000000000000000, 0.000000000000000000, 0.000000000000000000 ) ) ;
#1238 = CARTESIAN_POINT ( 'NONE',  ( -0.2683619370964566708, 0.2145669291338283546, 0.1051181102362499925 ) ) ;
#1239 = VERTEX_POINT ( 'NONE', #3310 ) ;
#1240 = FACE_OUTER_BOUND ( 'NONE', #6338, .T. ) ;
#1241 = EDGE_CURVE ( 'NONE', #5241, #7150, #2580, .T. ) ;
#1242 = DIRECTION ( 'NONE',  ( -1.000000000000000000, -0.000000000000000000, 0.000000000000000000 ) ) ;
#1243 = ORIENTED_EDGE ( 'NONE', *, *, #3932, .F. ) ;
#1244 = ORIENTED_EDGE ( 'NONE', *, *, #4403, .F. ) ;
#1245 = CARTESIAN_POINT ( 'NONE',  ( 0.1151574805499606391, 0.2106299212598137516, -0.2421259842518799221 ) ) ;
#1246 = ORIENTED_EDGE ( 'NONE', *, *, #1743, .T. ) ;
#1247 = VECTOR ( 'NONE', #1237, 39.37007874015748143 ) ;
#1248 = ADVANCED_FACE ( 'NONE', ( #9513 ), #6972, .T. ) ;
#1249 = LINE ( 'NONE', #4688, #4301 ) ;
#1250 = EDGE_CURVE ( 'NONE', #8484, #3582, #948, .T. ) ;
#1251 = DIRECTION ( 'NONE',  ( 0.000000000000000000, 0.000000000000000000, 1.000000000000000000 ) ) ;
#1252 = EDGE_CURVE ( 'NONE', #348, #263, #10193, .T. ) ;
#1253 = CARTESIAN_POINT ( 'NONE',  ( 0.01673228346456692717, 0.2563854519293799483, 0.007016975403139922435 ) ) ;
#1254 = ORIENTED_EDGE ( 'NONE', *, *, #281, .T. ) ;
#1255 = DIRECTION ( 'NONE',  ( 0.000000000000000000, 1.000000000000000000, 3.491481338843134933E-15 ) ) ;
#1256 = ORIENTED_EDGE ( 'NONE', *, *, #10331, .F. ) ;
#1257 = VERTEX_POINT ( 'NONE', #722 ) ;
#1258 = LINE ( 'NONE', #1314, #6669 ) ;
#1259 = ORIENTED_EDGE ( 'NONE', *, *, #8474, .T. ) ;
#1260 = VECTOR ( 'NONE', #5512, 39.37007874015748143 ) ;
#1261 = VECTOR ( 'NONE', #1643, 39.37007874015748143 ) ;
#1262 = DIRECTION ( 'NONE',  ( -0.000000000000000000, -1.000000000000000000, -3.491481338843134933E-15 ) ) ;
#1263 = EDGE_CURVE ( 'NONE', #27, #5929, #4161, .T. ) ;
#1264 = LINE ( 'NONE', #7451, #1191 ) ;
#1265 = DIRECTION ( 'NONE',  ( 0.000000000000000000, -0.8375070198036269620, 0.5464265657704129309 ) ) ;
#1266 = LINE ( 'NONE', #3007, #8423 ) ;
#1267 = CYLINDRICAL_SURFACE ( 'NONE', #8656, 0.005905511811082679759 ) ;
#1268 = LINE ( 'NONE', #4870, #3998 ) ;
#1269 = VERTEX_POINT ( 'NONE', #3481 ) ;
#1270 = LINE ( 'NONE', #9048, #2912 ) ;
#1271 = VECTOR ( 'NONE', #2811, 39.37007874015748143 ) ;
#1272 = VERTEX_POINT ( 'NONE', #1627 ) ;
#1273 = VERTEX_POINT ( 'NONE', #6910 ) ;
#1274 = AXIS2_PLACEMENT_3D ( 'NONE', #8103, #8944, #5608 ) ;
#1275 = CYLINDRICAL_SURFACE ( 'NONE', #8657, 0.005905511811023620231 ) ;
#1276 = EDGE_CURVE ( 'NONE', #10950, #10190, #1788, .T. ) ;
#1277 = DIRECTION ( 'NONE',  ( 0.000000000000000000, -1.000000000000000000, -3.491481338843134933E-15 ) ) ;
#1278 = AXIS2_PLACEMENT_3D ( 'NONE', #5707, #6814, #4869 ) ;
#1279 = VECTOR ( 'NONE', #1203, 39.37007874015748143 ) ;
#1280 = PLANE ( 'NONE',  #2833 ) ;
#1281 = DIRECTION ( 'NONE',  ( 1.000000000000000000, 2.837886548367394683E-28, -8.128030119466999306E-14 ) ) ;
#1282 = ORIENTED_EDGE ( 'NONE', *, *, #6803, .F. ) ;
#1283 = CARTESIAN_POINT ( 'NONE',  ( 0.06003937007874016185, 0.2605808468465059535, -0.009969026885245903247 ) ) ;
#1284 = CARTESIAN_POINT ( 'NONE',  ( -0.1781496062992126150, 0.2563854519293799483, 0.007016975403139922435 ) ) ;
#1285 = FACE_OUTER_BOUND ( 'NONE', #4158, .T. ) ;
#1286 = EDGE_LOOP ( 'NONE', ( #11124, #2678, #8529, #1642 ) ) ;
#1287 = ORIENTED_EDGE ( 'NONE', *, *, #5473, .F. ) ;
#1288 = CIRCLE ( 'NONE', #2725, 0.02952755905511810289 ) ;
#1289 = VECTOR ( 'NONE', #5298, 39.37007874015748854 ) ;
#1290 = DIRECTION ( 'NONE',  ( 0.000000000000000000, -1.000000000000000000, -3.491481338843135327E-15 ) ) ;
#1291 = EDGE_CURVE ( 'NONE', #11094, #10905, #4217, .T. ) ;
#1292 = CARTESIAN_POINT ( 'NONE',  ( -0.06988188976377952832, 0.2440944881889468288, 0.0007874015747934192061 ) ) ;
#1293 = DIRECTION ( 'NONE',  ( -1.000000000000000000, 0.000000000000000000, 0.000000000000000000 ) ) ;
#1294 = CARTESIAN_POINT ( 'NONE',  ( -0.1781496062992126150, 0.2303149606298921792, -0.07795275590552164235 ) ) ;
#1295 = ORIENTED_EDGE ( 'NONE', *, *, #810, .F. ) ;
#1296 = VECTOR ( 'NONE', #876, 39.37007874015748143 ) ;
#1297 = CARTESIAN_POINT ( 'NONE',  ( -0.1564960629921260116, 0.2309529165521752303, 0.05719542721420283610 ) ) ;
#1298 = ORIENTED_EDGE ( 'NONE', *, *, #10270, .T. ) ;
#1299 = ORIENTED_EDGE ( 'NONE', *, *, #5249, .F. ) ;
#1300 = DIRECTION ( 'NONE',  ( 2.768156074726999850E-13, 3.491481338843134933E-15, -1.000000000000000000 ) ) ;
#1301 = VERTEX_POINT ( 'NONE', #11095 ) ;
#1302 = VECTOR ( 'NONE', #7350, 39.37007874015748143 ) ;
#1303 = EDGE_CURVE ( 'NONE', #7635, #7608, #10357, .T. ) ;
#1304 = DIRECTION ( 'NONE',  ( 1.000000000000000000, 0.000000000000000000, 0.000000000000000000 ) ) ;
#1305 = DIRECTION ( 'NONE',  ( 1.000000000000000000, 0.000000000000000000, 0.000000000000000000 ) ) ;
#1306 = CIRCLE ( 'NONE', #7271, 0.02362204724409448092 ) ;
#1307 = AXIS2_PLACEMENT_3D ( 'NONE', #6481, #1308, #2260 ) ;
#1308 = DIRECTION ( 'NONE',  ( -1.000000000000000000, -0.000000000000000000, 0.000000000000000000 ) ) ;
#1309 = ORIENTED_EDGE ( 'NONE', *, *, #6735, .T. ) ;
#1310 = CARTESIAN_POINT ( 'NONE',  ( -0.2653543307086614345, 0.2145669291338287432, 0.05787401574806102372 ) ) ;
#1311 = ORIENTED_EDGE ( 'NONE', *, *, #5172, .T. ) ;
#1312 = ORIENTED_EDGE ( 'NONE', *, *, #7538, .T. ) ;
#1313 = EDGE_CURVE ( 'NONE', #2623, #10781, #8847, .T. ) ;
#1314 = CARTESIAN_POINT ( 'NONE',  ( -0.2712598425196850460, 0.2224409448818598367, 0.1051181102362502007 ) ) ;
#1315 = EDGE_LOOP ( 'NONE', ( #7341, #4272, #5969, #862 ) ) ;
#1316 = VECTOR ( 'NONE', #1114, 39.37007874015748143 ) ;
#1317 = LINE ( 'NONE', #2784, #10056 ) ;
#1318 = CARTESIAN_POINT ( 'NONE',  ( 0.2712598425196850460, 0.2716535433070578764, -0.2125984251968208727 ) ) ;
#1319 = CARTESIAN_POINT ( 'NONE',  ( -0.01673228322985826841, 0.2106299212598137516, -0.2480314960629626253 ) ) ;
#1320 = CARTESIAN_POINT ( 'NONE',  ( -0.09153543307086613179, 0.2362204724409153467, 0.05986524456920295362 ) ) ;
#1321 = CARTESIAN_POINT ( 'NONE',  ( -0.08661417322834646937, 0.2125984251968204841, 0.07952755905514763413 ) ) ;
#1322 = EDGE_LOOP ( 'NONE', ( #2095, #3453, #1518, #10513 ) ) ;
#1323 = DIRECTION ( 'NONE',  ( 0.000000000000000000, -1.000000000000000000, -3.491481338843135327E-15 ) ) ;
#1324 = ORIENTED_EDGE ( 'NONE', *, *, #6521, .T. ) ;
#1325 = ORIENTED_EDGE ( 'NONE', *, *, #2906, .F. ) ;
#1326 = EDGE_CURVE ( 'NONE', #6154, #11033, #5335, .T. ) ;
#1327 = EDGE_CURVE ( 'NONE', #10106, #9307, #4443, .T. ) ;
#1328 = CARTESIAN_POINT ( 'NONE',  ( -0.04330708661417323468, 0.2421259842519385974, 0.07952755905514784229 ) ) ;
#1329 = LINE ( 'NONE', #5611, #4196 ) ;
#1330 = DIRECTION ( 'NONE',  ( -0.9989699831295302257, 0.000000000000000000, 0.04537590556877191955 ) ) ;
#1331 = CARTESIAN_POINT ( 'NONE',  ( 0.000000000000000000, 0.2125984251968212890, -0.07795275590548228495 ) ) ;
#1332 = ORIENTED_EDGE ( 'NONE', *, *, #9638, .F. ) ;
#1333 = LINE ( 'NONE', #4774, #7152 ) ;
#1334 = LINE ( 'NONE', #4887, #2097 ) ;
#1335 = DIRECTION ( 'NONE',  ( 0.4963187566085878744, 3.031095880869925278E-15, -0.8681403641338797383 ) ) ;
#1336 = VERTEX_POINT ( 'NONE', #2751 ) ;
#1337 = EDGE_CURVE ( 'NONE', #1453, #4832, #10649, .T. ) ;
#1338 = CARTESIAN_POINT ( 'NONE',  ( -0.004921259842519684971, 0.2605808468465059535, -0.009969026885245903247 ) ) ;
#1339 = ORIENTED_EDGE ( 'NONE', *, *, #2592, .T. ) ;
#1340 = CARTESIAN_POINT ( 'NONE',  ( -0.2155319189758475307, 0.1968503937007582694, -0.1086002537344127467 ) ) ;
#1341 = VECTOR ( 'NONE', #10885, 39.37007874015748143 ) ;
#1342 = DIRECTION ( 'NONE',  ( -1.000000000000000000, 0.000000000000000000, 0.000000000000000000 ) ) ;
#1343 = LINE ( 'NONE', #555, #7428 ) ;
#1344 = CYLINDRICAL_SURFACE ( 'NONE', #4851, 0.02460629921259841271 ) ;
#1345 = DIRECTION ( 'NONE',  ( 0.000000000000000000, -3.491481338843134933E-15, 1.000000000000000000 ) ) ;
#1346 = VERTEX_POINT ( 'NONE', #6351 ) ;
#1347 = DIRECTION ( 'NONE',  ( 1.000000000000000000, 0.000000000000000000, 0.000000000000000000 ) ) ;
#1348 = LINE ( 'NONE', #7550, #11090 ) ;
#1349 = ORIENTED_EDGE ( 'NONE', *, *, #8313, .T. ) ;
#1350 = ADVANCED_FACE ( 'NONE', ( #10701 ), #2069, .F. ) ;
#1351 = AXIS2_PLACEMENT_3D ( 'NONE', #6907, #779, #6062 ) ;
#1352 = ORIENTED_EDGE ( 'NONE', *, *, #3730, .T. ) ;
#1353 = CARTESIAN_POINT ( 'NONE',  ( -0.09153543307086613179, 0.2309529165521752303, 0.05719542721420283610 ) ) ;
#1354 = ORIENTED_EDGE ( 'NONE', *, *, #2504, .T. ) ;
#1355 = DIRECTION ( 'NONE',  ( -1.000000000000000000, 0.000000000000000000, 0.000000000000000000 ) ) ;
#1356 = AXIS2_PLACEMENT_3D ( 'NONE', #3346, #4254, #7590 ) ;
#1357 = PLANE ( 'NONE',  #1699 ) ;
#1358 = CARTESIAN_POINT ( 'NONE',  ( 0.08169291338582677919, 0.2400588892959547305, -0.04142299450934047722 ) ) ;
#1359 = ORIENTED_EDGE ( 'NONE', *, *, #6406, .T. ) ;
#1360 = EDGE_CURVE ( 'NONE', #8228, #2281, #5868, .T. ) ;
#1361 = ADVANCED_FACE ( 'NONE', ( #9687 ), #1847, .T. ) ;
#1362 = CARTESIAN_POINT ( 'NONE',  ( 0.1744460153231102428, 0.2775590551180799337, 0.2442895309764078760 ) ) ;
#1363 = ORIENTED_EDGE ( 'NONE', *, *, #2063, .F. ) ;
#1364 = AXIS2_PLACEMENT_3D ( 'NONE', #10945, #4703, #2374 ) ;
#1365 = DIRECTION ( 'NONE',  ( 0.000000000000000000, -0.8375070198036267399, 0.5464265657704130419 ) ) ;
#1366 = AXIS2_PLACEMENT_3D ( 'NONE', #6637, #1573, #10141 ) ;
#1367 = ORIENTED_EDGE ( 'NONE', *, *, #9907, .T. ) ;
#1368 = CARTESIAN_POINT ( 'NONE',  ( -0.1131889763779527630, 0.2616530078181201202, 0.009686792758139901177 ) ) ;
#1369 = ADVANCED_FACE ( 'NONE', ( #2969 ), #5393, .T. ) ;
#1370 = VECTOR ( 'NONE', #6363, 39.37007874015748143 ) ;
#1371 = CARTESIAN_POINT ( 'NONE',  ( -0.1092519682694882005, 0.2106299212598137516, -0.2132217023430744152 ) ) ;
#1372 = LINE ( 'NONE', #7292, #5352 ) ;
#1373 = DIRECTION ( 'NONE',  ( 0.000000000000000000, -5.782411586589358822E-15, 1.000000000000000000 ) ) ;
#1374 = FACE_OUTER_BOUND ( 'NONE', #2405, .T. ) ;
#1375 = ORIENTED_EDGE ( 'NONE', *, *, #10883, .F. ) ;
#1376 = B_SPLINE_SURFACE_WITH_KNOTS ( 'NONE', 3, 1, ( 
 ( #6448, #9107 ),
 ( #2120, #8331 ),
 ( #5556, #434 ),
 ( #8997, #8272 ),
 ( #8163, #3866 ) ),
 .UNSPECIFIED., .F., .F., .F.,
 ( 4, 1, 4 ),
 ( 2, 2 ),
 ( 0.05462597742368961728, 0.2773959655807000102, 0.9453773991209817318 ),
 ( 0.000000000000000000, 1.000000000000000000 ),
 .UNSPECIFIED. ) ;
#1377 = DIRECTION ( 'NONE',  ( 0.000000000000000000, -2.478176394252581732E-15, 1.000000000000000000 ) ) ;
#1378 = ORIENTED_EDGE ( 'NONE', *, *, #8474, .F. ) ;
#1379 = VERTEX_POINT ( 'NONE', #8731 ) ;
#1380 = LINE ( 'NONE', #7301, #4505 ) ;
#1381 = AXIS2_PLACEMENT_3D ( 'NONE', #5004, #6745, #7830 ) ;
#1382 = CARTESIAN_POINT ( 'NONE',  ( -0.2135826771653543399, 0.2106299212598137516, -0.2125984251968208727 ) ) ;
#1383 = ADVANCED_FACE ( 'NONE', ( #3821 ), #2918, .T. ) ;
#1384 = LINE ( 'NONE', #8332, #5317 ) ;
#1385 = EDGE_CURVE ( 'NONE', #8167, #2810, #3590, .T. ) ;
#1386 = CARTESIAN_POINT ( 'NONE',  ( 0.1210629923610630071, 0.2224409448818610024, -0.2132217023432760039 ) ) ;
#1387 = VERTEX_POINT ( 'NONE', #1225 ) ;
#1388 = FACE_OUTER_BOUND ( 'NONE', #8453, .T. ) ;
#1389 = PLANE ( 'NONE',  #8182 ) ;
#1390 = AXIS2_PLACEMENT_3D ( 'NONE', #4758, #2331, #6494 ) ;
#1391 = VECTOR ( 'NONE', #7812, 39.37007874015748143 ) ;
#1392 = EDGE_CURVE ( 'NONE', #6816, #696, #5504, .T. ) ;
#1393 = CARTESIAN_POINT ( 'NONE',  ( -0.1820866139388976346, 0.2106299212598137516, -0.2132217023431500214 ) ) ;
#1394 = ORIENTED_EDGE ( 'NONE', *, *, #7728, .F. ) ;
#1395 = LINE ( 'NONE', #9911, #9181 ) ;
#1396 = VERTEX_POINT ( 'NONE', #10591 ) ;
#1397 = CARTESIAN_POINT ( 'NONE',  ( -0.1968503937007874127, 0.1909448818897346856, -0.1094488188976082688 ) ) ;
#1398 = VECTOR ( 'NONE', #4170, 39.37007874015748143 ) ;
#1399 = CARTESIAN_POINT ( 'NONE',  ( -0.1998031496062991907, 0.2309529165521752303, 0.05719542721420283610 ) ) ;
#1400 = LINE ( 'NONE', #4045, #6343 ) ;
#1401 = FACE_OUTER_BOUND ( 'NONE', #1994, .T. ) ;
#1402 = EDGE_CURVE ( 'NONE', #6596, #5479, #2283, .T. ) ;
#1403 = DIRECTION ( 'NONE',  ( 0.000000000000000000, -1.000000000000000000, -3.491481338843135327E-15 ) ) ;
#1404 = ORIENTED_EDGE ( 'NONE', *, *, #9258, .F. ) ;
#1405 = FACE_OUTER_BOUND ( 'NONE', #4888, .T. ) ;
#1406 = CARTESIAN_POINT ( 'NONE',  ( -0.004921259842519684971, 0.2309529165521752303, 0.05719542721420283610 ) ) ;
#1407 = CARTESIAN_POINT ( 'NONE',  ( -0.2653543307086614345, 0.2224409448818598367, 0.1051181102362502007 ) ) ;
#1408 = ORIENTED_EDGE ( 'NONE', *, *, #8341, .T. ) ;
#1409 = VECTOR ( 'NONE', #7094, 39.37007874015748143 ) ;
#1410 = ORIENTED_EDGE ( 'NONE', *, *, #9532, .F. ) ;
#1411 = DIRECTION ( 'NONE',  ( -0.000000000000000000, -1.000000000000000000, -3.491481338843134933E-15 ) ) ;
#1412 = ORIENTED_EDGE ( 'NONE', *, *, #9178, .F. ) ;
#1413 = VECTOR ( 'NONE', #1985, 39.37007874015748143 ) ;
#1414 = DIRECTION ( 'NONE',  ( -1.000000000000000000, 0.000000000000000000, 0.000000000000000000 ) ) ;
#1415 = EDGE_CURVE ( 'NONE', #3517, #3722, #1561, .T. ) ;
#1416 = LINE ( 'NONE', #4854, #3682 ) ;
#1417 = VERTEX_POINT ( 'NONE', #2861 ) ;
#1418 = DIRECTION ( 'NONE',  ( 0.000000000000000000, -1.000000000000000000, -3.491481338843134933E-15 ) ) ;
#1419 = ORIENTED_EDGE ( 'NONE', *, *, #1728, .F. ) ;
#1420 = VERTEX_POINT ( 'NONE', #9798 ) ;
#1421 = DIRECTION ( 'NONE',  ( 1.000000000000000000, 0.000000000000000000, 0.000000000000000000 ) ) ;
#1422 = ORIENTED_EDGE ( 'NONE', *, *, #2274, .F. ) ;
#1423 = VECTOR ( 'NONE', #5803, 39.37007874015748854 ) ;
#1424 = DIRECTION ( 'NONE',  ( 0.000000000000000000, -0.8375070198036267399, 0.5464265657704130419 ) ) ;
#1425 = EDGE_LOOP ( 'NONE', ( #10996, #5354, #1831, #6861 ) ) ;
#1426 = DIRECTION ( 'NONE',  ( 0.000000000000000000, 1.000000000000000000, 3.491481338843134933E-15 ) ) ;
#1427 = EDGE_CURVE ( 'NONE', #2349, #5234, #8789, .T. ) ;
#1428 = EDGE_CURVE ( 'NONE', #5945, #522, #7144, .T. ) ;
#1429 = AXIS2_PLACEMENT_3D ( 'NONE', #4582, #310, #1936 ) ;
#1430 = CARTESIAN_POINT ( 'NONE',  ( -0.09995424143519686389, 0.2834645669291035452, 0.2055353207559354189 ) ) ;
#1431 = DIRECTION ( 'NONE',  ( 1.000000000000000000, 0.000000000000000000, 0.000000000000000000 ) ) ;
#1432 = CARTESIAN_POINT ( 'NONE',  ( -0.008858267481783465083, 0.2224409448818610024, -0.2125984251968208727 ) ) ;
#1433 = DIRECTION ( 'NONE',  ( 1.000000000000000000, 0.000000000000000000, 0.000000000000000000 ) ) ;
#1434 = ORIENTED_EDGE ( 'NONE', *, *, #10786, .F. ) ;
#1435 = CARTESIAN_POINT ( 'NONE',  ( 0.06003937007874016185, 0.2362204724409153467, 0.05986524456920295362 ) ) ;
#1436 = VERTEX_POINT ( 'NONE', #334 ) ;
#1437 = ORIENTED_EDGE ( 'NONE', *, *, #5387, .F. ) ;
#1438 = FACE_OUTER_BOUND ( 'NONE', #5454, .T. ) ;
#1439 = AXIS2_PLACEMENT_3D ( 'NONE', #6483, #9088, #5810 ) ;
#1440 = EDGE_CURVE ( 'NONE', #6689, #5537, #4445, .T. ) ;
#1441 = EDGE_CURVE ( 'NONE', #1217, #2937, #8221, .T. ) ;
#1442 = CARTESIAN_POINT ( 'NONE',  ( -0.04822834645669291098, 0.2362204724409157630, -0.07795275590552164235 ) ) ;
#1443 = DIRECTION ( 'NONE',  ( 0.000000000000000000, 3.491481338843134933E-15, -1.000000000000000000 ) ) ;
#1444 = CARTESIAN_POINT ( 'NONE',  ( -0.1564960629921260116, 0.2303149606298921792, -0.07795275590552164235 ) ) ;
#1445 = ORIENTED_EDGE ( 'NONE', *, *, #6030, .T. ) ;
#1446 = AXIS2_PLACEMENT_3D ( 'NONE', #3540, #1740, #8570 ) ;
#1447 = DIRECTION ( 'NONE',  ( 0.000000000000000000, -1.000000000000000000, -3.491481338843135327E-15 ) ) ;
#1448 = DIRECTION ( 'NONE',  ( 1.000000000000000000, -2.873195508673000075E-13, -1.003170850137967768E-27 ) ) ;
#1449 = ORIENTED_EDGE ( 'NONE', *, *, #7955, .T. ) ;
#1450 = DIRECTION ( 'NONE',  ( 0.000000000000000000, 3.491481338843134933E-15, -1.000000000000000000 ) ) ;
#1451 = ORIENTED_EDGE ( 'NONE', *, *, #6659, .F. ) ;
#1452 = CARTESIAN_POINT ( 'NONE',  ( -0.1092519682694882005, 0.2165354330708373909, -0.2421259842519940808 ) ) ;
#1453 = VERTEX_POINT ( 'NONE', #4092 ) ;
#1454 = EDGE_CURVE ( 'NONE', #4456, #1558, #11104, .T. ) ;
#1455 = EDGE_CURVE ( 'NONE', #9474, #2836, #6563, .T. ) ;
#1456 = AXIS2_PLACEMENT_3D ( 'NONE', #6804, #5740, #4903 ) ;
#1457 = AXIS2_PLACEMENT_3D ( 'NONE', #4085, #8329, #11021 ) ;
#1458 = LINE ( 'NONE', #3196, #8795 ) ;
#1459 = DIRECTION ( 'NONE',  ( -1.000000000000000000, 0.000000000000000000, 0.000000000000000000 ) ) ;
#1460 = FACE_OUTER_BOUND ( 'NONE', #4390, .T. ) ;
#1461 = LINE ( 'NONE', #3144, #2423 ) ;
#1462 = ORIENTED_EDGE ( 'NONE', *, *, #9303, .T. ) ;
#1463 = CARTESIAN_POINT ( 'NONE',  ( -0.1564960629921260116, 0.2598425196850102648, -0.05433070866142700878 ) ) ;
#1464 = LINE ( 'NONE', #3147, #7850 ) ;
#1465 = DIRECTION ( 'NONE',  ( 0.000000000000000000, -3.491481338843135327E-15, 1.000000000000000000 ) ) ;
#1466 = VECTOR ( 'NONE', #7427, 39.37007874015748143 ) ;
#1467 = VECTOR ( 'NONE', #4957, 39.37007874015748143 ) ;
#1468 = ADVANCED_FACE ( 'NONE', ( #10864 ), #3926, .F. ) ;
#1469 = ORIENTED_EDGE ( 'NONE', *, *, #3945, .T. ) ;
#1470 = EDGE_CURVE ( 'NONE', #4081, #8418, #7321, .T. ) ;
#1471 = ADVANCED_FACE ( 'NONE', ( #4937 ), #10069, .T. ) ;
#1472 = CARTESIAN_POINT ( 'NONE',  ( 0.2712598425196850460, 0.2145669291338283546, 0.1051181102362499925 ) ) ;
#1473 = ORIENTED_EDGE ( 'NONE', *, *, #7631, .T. ) ;
#1474 = CIRCLE ( 'NONE', #10288, 0.01181102362204724046 ) ;
#1475 = DIRECTION ( 'NONE',  ( 0.000000000000000000, 0.8919727971616544515, 0.4520890721125804257 ) ) ;
#1476 = PRODUCT_DEFINITION_SHAPE ( 'NONE', 'NONE',  #9109 ) ;
#1477 = CARTESIAN_POINT ( 'NONE',  ( 0.2909448818897638067, 0.2165354330708362252, 0.06479275320034448560 ) ) ;
#1478 = FACE_BOUND ( 'NONE', #1922, .T. ) ;
#1479 = ORIENTED_EDGE ( 'NONE', *, *, #3016, .F. ) ;
#1480 = VERTEX_POINT ( 'NONE', #5665 ) ;
#1481 = FACE_OUTER_BOUND ( 'NONE', #2994, .T. ) ;
#1482 = VECTOR ( 'NONE', #3063, 39.37007874015748143 ) ;
#1483 = ORIENTED_EDGE ( 'NONE', *, *, #227, .F. ) ;
#1484 = EDGE_CURVE ( 'NONE', #2651, #10840, #7146, .T. ) ;
#1485 = LINE ( 'NONE', #8367, #3976 ) ;
#1486 = ORIENTED_EDGE ( 'NONE', *, *, #2101, .T. ) ;
#1487 = FACE_OUTER_BOUND ( 'NONE', #8650, .T. ) ;
#1488 = VECTOR ( 'NONE', #1459, 39.37007874015748143 ) ;
#1489 = DIRECTION ( 'NONE',  ( 0.000000000000000000, 3.491481338843134933E-15, -1.000000000000000000 ) ) ;
#1490 = DIRECTION ( 'NONE',  ( 1.000000000000000000, 0.000000000000000000, 0.000000000000000000 ) ) ;
#1491 = DIRECTION ( 'NONE',  ( 0.000000000000000000, 1.000000000000000000, 3.491481338843135327E-15 ) ) ;
#1492 = DIRECTION ( 'NONE',  ( 0.000000000000000000, 0.8375070198036268510, -0.5464265657704128198 ) ) ;
#1493 = ORIENTED_EDGE ( 'NONE', *, *, #6197, .T. ) ;
#1494 = CARTESIAN_POINT ( 'NONE',  ( -0.2214566929133858220, 0.2125984251968212890, -0.1094488188976082410 ) ) ;
#1495 = EDGE_LOOP ( 'NONE', ( #5254, #9881, #4979, #3255 ) ) ;
#1496 = EDGE_LOOP ( 'NONE', ( #1647, #6821, #252, #5654 ) ) ;
#1497 = APPROVAL_PERSON_ORGANIZATION ( #5943, #7109, #7647 ) ;
#1498 = ADVANCED_FACE ( 'NONE', ( #1388 ), #8169, .T. ) ;
#1499 = DIRECTION ( 'NONE',  ( 0.000000000000000000, -3.491481338843134933E-15, 1.000000000000000000 ) ) ;
#1500 = VECTOR ( 'NONE', #1784, 39.37007874015748143 ) ;
#1501 = CARTESIAN_POINT ( 'NONE',  ( -0.09153543307086613179, 0.2605808468465059535, -0.009969026885245903247 ) ) ;
#1502 = CARTESIAN_POINT ( 'NONE',  ( -0.1781496062992126150, 0.2440944881889468288, 0.0007874015747934192061 ) ) ;
#1503 = CARTESIAN_POINT ( 'NONE',  ( 0.2653543307086614345, 0.2145669291338287432, 0.05787401574806102372 ) ) ;
#1504 = ORIENTED_EDGE ( 'NONE', *, *, #10145, .T. ) ;
#1505 = CARTESIAN_POINT ( 'NONE',  ( -0.1348425196850394081, 0.2440944881889468288, 0.0007874015747934192061 ) ) ;
#1506 = CARTESIAN_POINT ( 'NONE',  ( -0.04822834645669291098, 0.2362204724409157630, -0.07795275590552164235 ) ) ;
#1507 = ORIENTED_EDGE ( 'NONE', *, *, #4076, .F. ) ;
#1508 = CARTESIAN_POINT ( 'NONE',  ( -0.1181102362204724532, 0.2125984251968212890, -0.07795275590548228495 ) ) ;
#1509 = ORIENTED_EDGE ( 'NONE', *, *, #2630, .T. ) ;
#1510 = EDGE_CURVE ( 'NONE', #1894, #3997, #9481, .T. ) ;
#1511 = FACE_OUTER_BOUND ( 'NONE', #736, .T. ) ;
#1512 = EDGE_LOOP ( 'NONE', ( #3012, #91, #3396, #4167 ) ) ;
#1513 = VECTOR ( 'NONE', #4374, 39.37007874015748143 ) ;
#1514 = DIRECTION ( 'NONE',  ( 0.000000000000000000, 1.000000000000000000, 3.491481338843135327E-15 ) ) ;
#1515 = DIRECTION ( 'NONE',  ( 1.000000000000000000, 3.137606565944914454E-27, -8.986462367817000262E-13 ) ) ;
#1516 = DIRECTION ( 'NONE',  ( -8.061699455254997204E-12, -3.491481338843134933E-15, 1.000000000000000000 ) ) ;
#1517 = DIRECTION ( 'NONE',  ( 1.000000000000000000, 0.000000000000000000, 0.000000000000000000 ) ) ;
#1518 = ORIENTED_EDGE ( 'NONE', *, *, #2395, .F. ) ;
#1519 = DIRECTION ( 'NONE',  ( 1.000000000000000000, 0.000000000000000000, 0.000000000000000000 ) ) ;
#1520 = EDGE_CURVE ( 'NONE', #4476, #2389, #4036, .T. ) ;
#1521 = CARTESIAN_POINT ( 'NONE',  ( 0.1033464566929133965, 0.2351129816986712584, -0.03819606597134834330 ) ) ;
#1522 = LINE ( 'NONE', #9187, #1631 ) ;
#1523 = ORIENTED_EDGE ( 'NONE', *, *, #7125, .F. ) ;
#1524 = CARTESIAN_POINT ( 'NONE',  ( -0.008858267481783465083, 0.2106299212598137516, -0.2421259842518996008 ) ) ;
#1525 = ORIENTED_EDGE ( 'NONE', *, *, #9571, .T. ) ;
#1526 = VECTOR ( 'NONE', #8800, 39.37007874015748143 ) ;
#1527 = CARTESIAN_POINT ( 'NONE',  ( -0.08661417322834646937, 0.2125984251968204841, 0.07952755905514763413 ) ) ;
#1528 = FACE_OUTER_BOUND ( 'NONE', #7613, .T. ) ;
#1529 = DIRECTION ( 'NONE',  ( -1.000000000000000000, 0.000000000000000000, 0.000000000000000000 ) ) ;
#1530 = EDGE_CURVE ( 'NONE', #9292, #7272, #3022, .T. ) ;
#1531 = EDGE_CURVE ( 'NONE', #7328, #464, #3985, .T. ) ;
#1532 = VECTOR ( 'NONE', #272, 39.37007874015748854 ) ;
#1533 = VERTEX_POINT ( 'NONE', #3133 ) ;
#1534 = ORIENTED_EDGE ( 'NONE', *, *, #9561, .T. ) ;
#1535 = DIRECTION ( 'NONE',  ( 0.000000000000000000, -1.000000000000000000, -3.491481338843134933E-15 ) ) ;
#1536 = ORIENTED_EDGE ( 'NONE', *, *, #281, .F. ) ;
#1537 = DIRECTION ( 'NONE',  ( 0.000000000000000000, -1.000000000000000000, -7.588535185577840206E-12 ) ) ;
#1538 = ORIENTED_EDGE ( 'NONE', *, *, #2418, .T. ) ;
#1539 = VECTOR ( 'NONE', #9265, 39.37007874015748143 ) ;
#1540 = CARTESIAN_POINT ( 'NONE',  ( 0.1549896822522047191, 0.2834645669291035452, 0.2314365286929433163 ) ) ;
#1541 = EDGE_CURVE ( 'NONE', #7469, #3747, #7695, .T. ) ;
#1542 = CARTESIAN_POINT ( 'NONE',  ( -0.2771653543307086576, 0.2224409448818630286, -0.8130755905511516390 ) ) ;
#1543 = FACE_OUTER_BOUND ( 'NONE', #10535, .T. ) ;
#1544 = DIRECTION ( 'NONE',  ( -1.000000000000000000, -5.886625047811170072E-24, -2.551516546766000115E-13 ) ) ;
#1545 = ORIENTED_EDGE ( 'NONE', *, *, #6621, .T. ) ;
#1546 = AXIS2_PLACEMENT_3D ( 'NONE', #6066, #6122, #10309 ) ;
#1547 = CARTESIAN_POINT ( 'NONE',  ( 0.03838582677165354451, 0.2351129816986712584, -0.03819606597134834330 ) ) ;
#1548 = ORIENTED_EDGE ( 'NONE', *, *, #9845, .T. ) ;
#1549 = ORIENTED_EDGE ( 'NONE', *, *, #9991, .T. ) ;
#1550 = FACE_OUTER_BOUND ( 'NONE', #5207, .T. ) ;
#1551 = CIRCLE ( 'NONE', #2449, 0.005905511811082662411 ) ;
#1552 = DIRECTION ( 'NONE',  ( -0.4828006046699951370, 3.057596035777680527E-15, -0.8757303101584911209 ) ) ;
#1553 = EDGE_CURVE ( 'NONE', #7415, #7931, #2178, .T. ) ;
#1554 = DIRECTION ( 'NONE',  ( 0.000000000000000000, 3.491481338843134933E-15, -1.000000000000000000 ) ) ;
#1555 = ORIENTED_EDGE ( 'NONE', *, *, #9315, .T. ) ;
#1556 = LINE ( 'NONE', #816, #3362 ) ;
#1557 = FACE_OUTER_BOUND ( 'NONE', #2973, .T. ) ;
#1558 = VERTEX_POINT ( 'NONE', #10918 ) ;
#1559 = CARTESIAN_POINT ( 'NONE',  ( -0.06988188976377952832, 0.2598425196850102648, -0.05433070866142700878 ) ) ;
#1560 = EDGE_LOOP ( 'NONE', ( #485, #11071, #3613, #1778 ) ) ;
#1561 = CIRCLE ( 'NONE', #7863, 0.02952755905511810289 ) ;
#1562 = DIRECTION ( 'NONE',  ( -1.101779408436000143E-09, -7.865499416534428663E-13, 1.000000000000000000 ) ) ;
#1563 = EDGE_LOOP ( 'NONE', ( #241, #2334, #911, #7715, #10934, #10621, #6651, #2877, #9120, #5103, #1811, #5274 ) ) ;
#1564 = CARTESIAN_POINT ( 'NONE',  ( -0.1092519682694882005, 0.2125984251967732441, -0.2066929133855925360 ) ) ;
#1565 = CYLINDRICAL_SURFACE ( 'NONE', #8520, 0.005905511811023620231 ) ;
#1566 = AXIS2_PLACEMENT_3D ( 'NONE', #6785, #3242, #873 ) ;
#1567 = ORIENTED_EDGE ( 'NONE', *, *, #8014, .T. ) ;
#1568 = EDGE_CURVE ( 'NONE', #2684, #4081, #2125, .T. ) ;
#1569 = CARTESIAN_POINT ( 'NONE',  ( 0.1780224714964566968, 0.2421259842519382366, 0.2463342029606594985 ) ) ;
#1570 = EDGE_CURVE ( 'NONE', #279, #7815, #1333, .T. ) ;
#1571 = ORIENTED_EDGE ( 'NONE', *, *, #6543, .F. ) ;
#1572 = CARTESIAN_POINT ( 'NONE',  ( 0.09995424143460630850, 0.2775590551180799337, 0.2055353207559354189 ) ) ;
#1573 = DIRECTION ( 'NONE',  ( 0.000000000000000000, 3.491481338843134933E-15, -1.000000000000000000 ) ) ;
#1574 = PLANE ( 'NONE',  #9370 ) ;
#1575 = VERTEX_POINT ( 'NONE', #9003 ) ;
#1576 = VECTOR ( 'NONE', #9889, 39.37007874015748143 ) ;
#1577 = CYLINDRICAL_SURFACE ( 'NONE', #4521, 0.01181102362204724046 ) ;
#1578 = ORIENTED_EDGE ( 'NONE', *, *, #3270, .F. ) ;
#1579 = EDGE_CURVE ( 'NONE', #8132, #2810, #7423, .T. ) ;
#1580 = CARTESIAN_POINT ( 'NONE',  ( 0.03444881913249606131, 0.2224409448818610024, -0.2132217023430697245 ) ) ;
#1581 = CARTESIAN_POINT ( 'NONE',  ( -0.1181102362204724532, 0.2125984251968204841, 0.07952755905514763413 ) ) ;
#1582 = DIRECTION ( 'NONE',  ( 0.000000000000000000, 0.5464265657704129309, 0.8375070198036269620 ) ) ;
#1583 = CARTESIAN_POINT ( 'NONE',  ( 0.1033464566929133965, 0.2400588892959547305, -0.04142299450934047722 ) ) ;
#1584 = VECTOR ( 'NONE', #10818, 39.37007874015748143 ) ;
#1585 = VERTEX_POINT ( 'NONE', #764 ) ;
#1586 = EDGE_LOOP ( 'NONE', ( #5257, #4294, #3929, #4463 ) ) ;
#1587 = CARTESIAN_POINT ( 'NONE',  ( 0.2259842519685039686, 0.3784118110235921706, 0.1385826771653844713 ) ) ;
#1588 = ORIENTED_EDGE ( 'NONE', *, *, #9096, .F. ) ;
#1589 = DIRECTION ( 'NONE',  ( 1.000000000000000000, 0.000000000000000000, 0.000000000000000000 ) ) ;
#1590 = ORIENTED_EDGE ( 'NONE', *, *, #2424, .T. ) ;
#1591 = EDGE_CURVE ( 'NONE', #7150, #6451, #10208, .T. ) ;
#1592 = VECTOR ( 'NONE', #5647, 39.37007874015748143 ) ;
#1593 = EDGE_CURVE ( 'NONE', #259, #9967, #9491, .T. ) ;
#1594 = DIRECTION ( 'NONE',  ( 0.000000000000000000, 3.491481338843134933E-15, -1.000000000000000000 ) ) ;
#1595 = PLANE ( 'NONE',  #7485 ) ;
#1596 = CARTESIAN_POINT ( 'NONE',  ( -0.1131889763779527630, 0.2598425196850102648, -0.05433070866142700878 ) ) ;
#1597 = PLANE ( 'NONE',  #758 ) ;
#1598 = AXIS2_PLACEMENT_3D ( 'NONE', #3894, #10998, #9027 ) ;
#1599 = ORIENTED_EDGE ( 'NONE', *, *, #2294, .T. ) ;
#1600 = LINE ( 'NONE', #7579, #2011 ) ;
#1601 = ORIENTED_EDGE ( 'NONE', *, *, #5277, .F. ) ;
#1602 = CC_DESIGN_DATE_AND_TIME_ASSIGNMENT ( #2621, #8609, ( #7797 ) ) ;
#1603 = CARTESIAN_POINT ( 'NONE',  ( -0.004921259842519684971, 0.2351129816986712584, -0.03819606597134834330 ) ) ;
#1604 = EDGE_CURVE ( 'NONE', #8526, #4964, #5884, .T. ) ;
#1605 = VECTOR ( 'NONE', #10679, 39.37007874015748143 ) ;
#1606 = CARTESIAN_POINT ( 'NONE',  ( -0.1345525796377165517, 0.2421259842519382366, 0.2201693093382189048 ) ) ;
#1607 = CARTESIAN_POINT ( 'NONE',  ( -0.1446850391357086818, 0.2165354330708373909, -0.2480314960629626253 ) ) ;
#1608 = ORIENTED_EDGE ( 'NONE', *, *, #6394, .F. ) ;
#1609 = DIRECTION ( 'NONE',  ( 0.000000000000000000, -1.000000000000000000, -2.891205793294679411E-15 ) ) ;
#1610 =( NAMED_UNIT ( * ) PLANE_ANGLE_UNIT ( ) SI_UNIT ( $, .RADIAN. ) );
#1611 = VERTEX_POINT ( 'NONE', #2618 ) ;
#1612 = DATE_AND_TIME ( #5154, #3289 ) ;
#1613 = LINE ( 'NONE', #5726, #389 ) ;
#1614 = ORIENTED_EDGE ( 'NONE', *, *, #5962, .F. ) ;
#1615 = ORIENTED_EDGE ( 'NONE', *, *, #2117, .F. ) ;
#1616 = CIRCLE ( 'NONE', #7924, 0.01968503937007876764 ) ;
#1617 = DIRECTION ( 'NONE',  ( 0.000000000000000000, 1.000000000000000000, 3.491481338843135327E-15 ) ) ;
#1618 = ORIENTED_EDGE ( 'NONE', *, *, #1083, .F. ) ;
#1619 = ADVANCED_FACE ( 'NONE', ( #11028 ), #11135, .F. ) ;
#1620 = CARTESIAN_POINT ( 'NONE',  ( 0.1132526673545275753, 0.2775590551180799337, 0.2105515555275890016 ) ) ;
#1621 = DIRECTION ( 'NONE',  ( 0.000000000000000000, -1.000000000000000000, -3.491481338843134933E-15 ) ) ;
#1622 = AXIS2_PLACEMENT_3D ( 'NONE', #4221, #6862, #3485 ) ;
#1623 = VECTOR ( 'NONE', #8445, 39.37007874015748143 ) ;
#1624 = VERTEX_POINT ( 'NONE', #6677 ) ;
#1625 = CARTESIAN_POINT ( 'NONE',  ( -0.02263779504094094730, 0.2125984251968583427, -0.2066929133859901901 ) ) ;
#1626 = ORIENTED_EDGE ( 'NONE', *, *, #10121, .F. ) ;
#1627 = CARTESIAN_POINT ( 'NONE',  ( 0.2055118110236220375, 0.2755905511810720632, 0.2468503937008173499 ) ) ;
#1628 = DIRECTION ( 'NONE',  ( -0.8681403641345438738, -1.732887676812654712E-15, 0.4963187566074259705 ) ) ;
#1629 = DIRECTION ( 'NONE',  ( -1.000000000000000000, 0.000000000000000000, 0.000000000000000000 ) ) ;
#1630 = EDGE_LOOP ( 'NONE', ( #5831, #6285, #9235, #4191, #3971 ) ) ;
#1631 = VECTOR ( 'NONE', #5958, 39.37007874015748143 ) ;
#1632 = AXIS2_PLACEMENT_3D ( 'NONE', #3696, #9562, #4322 ) ;
#1633 = CARTESIAN_POINT ( 'NONE',  ( 0.01673228346456692717, 0.2303149606298921792, -0.07795275590552164235 ) ) ;
#1634 = EDGE_CURVE ( 'NONE', #10323, #8167, #1664, .T. ) ;
#1635 = ORIENTED_EDGE ( 'NONE', *, *, #5450, .T. ) ;
#1636 = PLANE ( 'NONE',  #9140 ) ;
#1637 = DIRECTION ( 'NONE',  ( 0.000000000000000000, 0.8919727971616542295, 0.4520890721125805922 ) ) ;
#1638 = AXIS2_PLACEMENT_3D ( 'NONE', #2296, #4205, #10128 ) ;
#1639 = FACE_OUTER_BOUND ( 'NONE', #8889, .T. ) ;
#1640 = AXIS2_PLACEMENT_3D ( 'NONE', #7628, #4124, #7569 ) ;
#1641 = ORIENTED_EDGE ( 'NONE', *, *, #3422, .T. ) ;
#1642 = ORIENTED_EDGE ( 'NONE', *, *, #1868, .T. ) ;
#1643 = DIRECTION ( 'NONE',  ( 0.000000000000000000, -3.491481338843134933E-15, 1.000000000000000000 ) ) ;
#1644 = ORIENTED_EDGE ( 'NONE', *, *, #1849, .F. ) ;
#1645 = CARTESIAN_POINT ( 'NONE',  ( -0.1998031496062991907, 0.2362204724409157630, -0.07795275590552164235 ) ) ;
#1646 = ADVANCED_FACE ( 'NONE', ( #4144 ), #706, .T. ) ;
#1647 = ORIENTED_EDGE ( 'NONE', *, *, #6724, .F. ) ;
#1648 = AXIS2_PLACEMENT_3D ( 'NONE', #10402, #1721, #8776 ) ;
#1649 = AXIS2_PLACEMENT_3D ( 'NONE', #3386, #181, #1865 ) ;
#1650 = LINE ( 'NONE', #2601, #2444 ) ;
#1651 = VECTOR ( 'NONE', #6337, 39.37007874015748854 ) ;
#1652 = CYLINDRICAL_SURFACE ( 'NONE', #6967, 0.02952755905511811330 ) ;
#1653 = EDGE_CURVE ( 'NONE', #558, #1966, #6841, .T. ) ;
#1654 = DIRECTION ( 'NONE',  ( 0.000000000000000000, -3.491481338843134933E-15, 1.000000000000000000 ) ) ;
#1655 = VERTEX_POINT ( 'NONE', #5099 ) ;
#1656 = CARTESIAN_POINT ( 'NONE',  ( 0.1131889766129527547, 0.2165354330708373909, -0.2480314960629626253 ) ) ;
#1657 = VERTEX_POINT ( 'NONE', #5993 ) ;
#1658 = VERTEX_POINT ( 'NONE', #10125 ) ;
#1659 = PLANE ( 'NONE',  #9381 ) ;
#1660 = AXIS2_PLACEMENT_3D ( 'NONE', #10839, #1418, #8308 ) ;
#1661 = CARTESIAN_POINT ( 'NONE',  ( -0.1958661417322834775, 0.2165354330708373909, -0.2185039370078444843 ) ) ;
#1662 = FACE_OUTER_BOUND ( 'NONE', #517, .T. ) ;
#1663 = ORIENTED_EDGE ( 'NONE', *, *, #10733, .F. ) ;
#1664 = LINE ( 'NONE', #8605, #7878 ) ;
#1665 = EDGE_CURVE ( 'NONE', #5918, #7477, #4256, .T. ) ;
#1666 = ORIENTED_EDGE ( 'NONE', *, *, #3051, .F. ) ;
#1668 = ADVANCED_FACE ( 'NONE', ( #932 ), #3465, .T. ) ;
#1667 = CC_DESIGN_APPROVAL ( #7109, ( #9109 ) ) ;
#1669 = PERSON_AND_ORGANIZATION_ROLE ( 'creator' ) ;
#1670 = CARTESIAN_POINT ( 'NONE',  ( -0.05216535409606298801, 0.2125984251968326966, -0.2125984251968208727 ) ) ;
#1671 = EDGE_LOOP ( 'NONE', ( #6960, #8629, #1993, #9257 ) ) ;
#1672 = VERTEX_POINT ( 'NONE', #1773 ) ;
#1673 = DIRECTION ( 'NONE',  ( 0.000000000000000000, -1.000000000000000000, -3.491481338843134933E-15 ) ) ;
#1674 = VERTEX_POINT ( 'NONE', #8547 ) ;
#1675 = FACE_OUTER_BOUND ( 'NONE', #617, .T. ) ;
#1676 = DIRECTION ( 'NONE',  ( 7.798160265596444191E-11, 5.782411586531547151E-15, -1.000000000000000000 ) ) ;
#1677 = CARTESIAN_POINT ( 'NONE',  ( -0.02263779504094094730, 0.2165354330708373909, -0.2185039370078444843 ) ) ;
#1678 = ORIENTED_EDGE ( 'NONE', *, *, #10032, .F. ) ;
#1679 = CARTESIAN_POINT ( 'NONE',  ( 0.1032928346914566975, 0.2775590551180799337, 0.2067515796149905494 ) ) ;
#1680 = DIRECTION ( 'NONE',  ( -1.000000000000000000, 0.000000000000000000, 0.000000000000000000 ) ) ;
#1681 = EDGE_CURVE ( 'NONE', #8611, #1840, #6895, .T. ) ;
#1682 = CARTESIAN_POINT ( 'NONE',  ( -0.04822834645669291098, 0.2440944881889468288, 0.0007874015747934192061 ) ) ;
#1683 = ORIENTED_EDGE ( 'NONE', *, *, #9746, .T. ) ;
#1684 = LINE ( 'NONE', #2641, #9565 ) ;
#1685 = ORIENTED_EDGE ( 'NONE', *, *, #7552, .F. ) ;
#1686 = PLANE ( 'NONE',  #8073 ) ;
#1687 = DIMENSIONAL_EXPONENTS ( 1.000000000000000000, 0.000000000000000000, 0.000000000000000000, 0.000000000000000000, 0.000000000000000000, 0.000000000000000000, 0.000000000000000000 ) ;
#1688 = FACE_OUTER_BOUND ( 'NONE', #1032, .T. ) ;
#1689 = CARTESIAN_POINT ( 'NONE',  ( 0.03838582677165354451, 0.2598425196850102648, -0.05433070866142700878 ) ) ;
#1690 = EDGE_CURVE ( 'NONE', #8886, #9510, #1556, .T. ) ;
#1691 = PLANE ( 'NONE',  #2354 ) ;
#1692 = ORIENTED_EDGE ( 'NONE', *, *, #6324, .T. ) ;
#1693 = ORIENTED_EDGE ( 'NONE', *, *, #9039, .F. ) ;
#1694 = CYLINDRICAL_SURFACE ( 'NONE', #180, 0.02952755905511811330 ) ;
#1695 = VERTEX_POINT ( 'NONE', #11080 ) ;
#1696 = LINE ( 'NONE', #5081, #1289 ) ;
#1697 = ORIENTED_EDGE ( 'NONE', *, *, #5704, .T. ) ;
#1698 = CARTESIAN_POINT ( 'NONE',  ( -0.1998031496062991907, 0.2616530078181201202, 0.009686792758139901177 ) ) ;
#1699 = AXIS2_PLACEMENT_3D ( 'NONE', #4912, #5689, #5747 ) ;
#1700 = CARTESIAN_POINT ( 'NONE',  ( 0.03838582677165354451, 0.2362204724409157630, -0.05433070866142708510 ) ) ;
#1701 = EDGE_CURVE ( 'NONE', #7931, #3639, #7645, .T. ) ;
#1702 = CYLINDRICAL_SURFACE ( 'NONE', #2091, 0.01181102362204724046 ) ;
#1703 = DIRECTION ( 'NONE',  ( 0.000000000000000000, -3.469446951953613794E-15, 1.000000000000000000 ) ) ;
#1704 = DIRECTION ( 'NONE',  ( 9.029813933901999628E-14, 4.573012303795160221E-12, 1.000000000000000000 ) ) ;
#1705 = ORIENTED_EDGE ( 'NONE', *, *, #3238, .F. ) ;
#1706 = DIRECTION ( 'NONE',  ( 1.000000000000000000, 0.000000000000000000, 0.000000000000000000 ) ) ;
#1707 = ORIENTED_EDGE ( 'NONE', *, *, #9079, .T. ) ;
#1708 = ORIENTED_EDGE ( 'NONE', *, *, #2062, .T. ) ;
#1709 = FACE_OUTER_BOUND ( 'NONE', #855, .T. ) ;
#1710 = VECTOR ( 'NONE', #1281, 39.37007874015748143 ) ;
#1711 = EDGE_CURVE ( 'NONE', #9748, #8561, #3348, .T. ) ;
#1712 = CARTESIAN_POINT ( 'NONE',  ( -0.1564960629921260116, 0.2351129816986712584, -0.03819606597134834330 ) ) ;
#1713 = CARTESIAN_POINT ( 'NONE',  ( 0.06397637818759842332, 0.2106299212598137516, -0.2421259842517657634 ) ) ;
#1714 = VECTOR ( 'NONE', #5486, 39.37007874015748143 ) ;
#1715 = VERTEX_POINT ( 'NONE', #8440 ) ;
#1716 = EDGE_CURVE ( 'NONE', #9339, #9967, #9442, .T. ) ;
#1717 = FACE_OUTER_BOUND ( 'NONE', #7262, .T. ) ;
#1718 = CARTESIAN_POINT ( 'NONE',  ( -0.09547244071035433655, 0.2125984251968082717, -0.2125984251968208727 ) ) ;
#1719 = ORIENTED_EDGE ( 'NONE', *, *, #9590, .T. ) ;
#1720 = APPROVAL_DATE_TIME ( #3351, #6417 ) ;
#1721 = DIRECTION ( 'NONE',  ( -1.000000000000000000, 0.000000000000000000, 0.000000000000000000 ) ) ;
#1722 = ORIENTED_EDGE ( 'NONE', *, *, #1041, .F. ) ;
#1723 = EDGE_LOOP ( 'NONE', ( #1590, #6293, #3167, #7978 ) ) ;
#1724 = DIRECTION ( 'NONE',  ( -1.000000000000000000, 0.000000000000000000, 0.000000000000000000 ) ) ;
#1725 = ORIENTED_EDGE ( 'NONE', *, *, #3359, .T. ) ;
#1726 = VECTOR ( 'NONE', #1883, 39.37007874015748143 ) ;
#1727 = CIRCLE ( 'NONE', #827, 0.005905511811082662411 ) ;
#1728 = EDGE_CURVE ( 'NONE', #9161, #493, #3732, .T. ) ;
#1729 = ADVANCED_FACE ( 'NONE', ( #1717 ), #5152, .T. ) ;
#1730 = CARTESIAN_POINT ( 'NONE',  ( 0.2771653543307086576, 0.2165354330708365860, 0.05787401574806102372 ) ) ;
#1731 = DIRECTION ( 'NONE',  ( -1.000000000000000000, 0.000000000000000000, 0.000000000000000000 ) ) ;
#1732 = DIRECTION ( 'NONE',  ( -1.000000000000000000, 0.000000000000000000, 0.000000000000000000 ) ) ;
#1733 = VERTEX_POINT ( 'NONE', #205 ) ;
#1734 = EDGE_CURVE ( 'NONE', #7781, #1624, #2848, .T. ) ;
#1735 = CARTESIAN_POINT ( 'NONE',  ( -0.2653543307086614345, 0.2145669291338283546, 0.1051181102362499925 ) ) ;
#1736 = FACE_OUTER_BOUND ( 'NONE', #7085, .T. ) ;
#1737 = VECTOR ( 'NONE', #11056, 39.37007874015748143 ) ;
#1738 = CARTESIAN_POINT ( 'NONE',  ( -0.1345525796379921368, 0.2834645669291035452, 0.2201693093386125899 ) ) ;
#1739 = VERTEX_POINT ( 'NONE', #10514 ) ;
#1740 = DIRECTION ( 'NONE',  ( 1.000000000000000000, 0.000000000000000000, 0.000000000000000000 ) ) ;
#1741 = ORIENTED_EDGE ( 'NONE', *, *, #6030, .F. ) ;
#1742 = VECTOR ( 'NONE', #8679, 39.37007874015748143 ) ;
#1743 = EDGE_CURVE ( 'NONE', #5142, #8710, #320, .T. ) ;
#1744 = VECTOR ( 'NONE', #9684, 39.37007874015748143 ) ;
#1745 = DIRECTION ( 'NONE',  ( 0.000000000000000000, -1.000000000000000000, -3.491481338843134933E-15 ) ) ;
#1746 = LINE ( 'NONE', #5178, #1782 ) ;
#1747 = CARTESIAN_POINT ( 'NONE',  ( -0.09153543307086613179, 0.2309529165521752303, 0.05719542721420283610 ) ) ;
#1748 = DIRECTION ( 'NONE',  ( 0.000000000000000000, -1.000000000000000000, -3.491481338843134933E-15 ) ) ;
#1749 = ORIENTED_EDGE ( 'NONE', *, *, #2, .F. ) ;
#1750 = AXIS2_PLACEMENT_3D ( 'NONE', #8388, #8276, #10752 ) ;
#1751 = DIRECTION ( 'NONE',  ( 0.000000000000000000, 3.491481338843134933E-15, -1.000000000000000000 ) ) ;
#1752 = VERTEX_POINT ( 'NONE', #984 ) ;
#1753 = DIRECTION ( 'NONE',  ( 0.000000000000000000, 1.000000000000000000, 3.491481338843135327E-15 ) ) ;
#1754 = ORIENTED_EDGE ( 'NONE', *, *, #1955, .F. ) ;
#1755 = ADVANCED_FACE ( 'NONE', ( #5488 ), #8887, .T. ) ;
#1756 = CIRCLE ( 'NONE', #7525, 0.005905511811082675422 ) ;
#1757 = DIRECTION ( 'NONE',  ( -1.000000000000000000, 0.000000000000000000, 0.000000000000000000 ) ) ;
#1758 = LINE ( 'NONE', #8647, #3516 ) ;
#1759 = DIRECTION ( 'NONE',  ( -1.000000000000000000, 0.000000000000000000, 0.000000000000000000 ) ) ;
#1760 = CARTESIAN_POINT ( 'NONE',  ( 0.2850393700787401952, 0.2165354330708362252, 0.09921259842522638095 ) ) ;
#1761 = ORIENTED_EDGE ( 'NONE', *, *, #4823, .T. ) ;
#1762 = PLANE ( 'NONE',  #1789 ) ;
#1763 = ORIENTED_EDGE ( 'NONE', *, *, #2149, .T. ) ;
#1764 = ORIENTED_EDGE ( 'NONE', *, *, #7595, .F. ) ;
#1765 = VECTOR ( 'NONE', #9302, 39.37007874015748143 ) ;
#1766 = CARTESIAN_POINT ( 'NONE',  ( 0.1819790184727953231, 0.2834645669291035452, 0.2476050409764078974 ) ) ;
#1767 = ADVANCED_FACE ( 'NONE', ( #4650 ), #3518, .F. ) ;
#1768 = ADVANCED_FACE ( 'NONE', ( #7070 ), #10754, .T. ) ;
#1769 = VECTOR ( 'NONE', #8318, 39.37007874015748143 ) ;
#1770 = CARTESIAN_POINT ( 'NONE',  ( -0.2214313480100770226, 0.1968503937007582694, -0.1083322857881404699 ) ) ;
#1771 = PLANE ( 'NONE',  #7287 ) ;
#1772 = VERTEX_POINT ( 'NONE', #10631 ) ;
#1773 = CARTESIAN_POINT ( 'NONE',  ( -0.1387795273246062999, 0.2106299212598137516, -0.2421259842517894112 ) ) ;
#1774 = DIRECTION ( 'NONE',  ( 0.000000000000000000, -0.8375070198036267399, 0.5464265657704130419 ) ) ;
#1775 = ORIENTED_EDGE ( 'NONE', *, *, #6713, .T. ) ;
#1776 = APPROVAL_STATUS ( 'not_yet_approved' ) ;
#1777 = CYLINDRICAL_SURFACE ( 'NONE', #1648, 0.01181102362204724046 ) ;
#1778 = ORIENTED_EDGE ( 'NONE', *, *, #8624, .F. ) ;
#1779 = ORIENTED_EDGE ( 'NONE', *, *, #1006, .F. ) ;
#1780 = DIRECTION ( 'NONE',  ( 0.000000000000000000, -1.000000000000000000, -3.491481338843135327E-15 ) ) ;
#1781 = ORIENTED_EDGE ( 'NONE', *, *, #3040, .T. ) ;
#1782 = VECTOR ( 'NONE', #8632, 39.37007874015748143 ) ;
#1783 = ADVANCED_FACE ( 'NONE', ( #2676 ), #9726, .F. ) ;
#1784 = DIRECTION ( 'NONE',  ( -1.000000000000000000, 0.000000000000000000, 0.000000000000000000 ) ) ;
#1785 = ORIENTED_EDGE ( 'NONE', *, *, #5623, .F. ) ;
#1786 = DIRECTION ( 'NONE',  ( 0.000000000000000000, 3.491481338843134933E-15, -1.000000000000000000 ) ) ;
#1787 = EDGE_LOOP ( 'NONE', ( #6469, #1864, #1230, #1367 ) ) ;
#1788 = LINE ( 'NONE', #5062, #7685 ) ;
#1789 = AXIS2_PLACEMENT_3D ( 'NONE', #2499, #7859, #5255 ) ;
#1790 = DIRECTION ( 'NONE',  ( 1.000000000000000000, 0.000000000000000000, 0.000000000000000000 ) ) ;
#1791 = CARTESIAN_POINT ( 'NONE',  ( 0.03838582677165354451, 0.2362204724409153467, 0.05986524456920295362 ) ) ;
#1792 = EDGE_CURVE ( 'NONE', #6708, #6816, #3542, .T. ) ;
#1793 = ORIENTED_EDGE ( 'NONE', *, *, #267, .F. ) ;
#1794 = CARTESIAN_POINT ( 'NONE',  ( -0.1899606296869685296, 0.2165354330708373909, -0.2480314960629626253 ) ) ;
#1795 = EDGE_LOOP ( 'NONE', ( #9111, #1938, #3419, #7933 ) ) ;
#1796 = VECTOR ( 'NONE', #1535, 39.37007874015748143 ) ;
#1797 = CARTESIAN_POINT ( 'NONE',  ( 0.08169291338582677919, 0.2605808468465059535, -0.009969026885245903247 ) ) ;
#1798 = DIRECTION ( 'NONE',  ( 0.000000000000000000, 0.8919727971616542295, 0.4520890721125805922 ) ) ;
#1799 = ORIENTED_EDGE ( 'NONE', *, *, #811, .F. ) ;
#1800 = DIRECTION ( 'NONE',  ( 0.000000000000000000, -0.4520890721125807588, 0.8919727971616544515 ) ) ;
#1801 = EDGE_CURVE ( 'NONE', #1655, #8697, #1832, .T. ) ;
#1802 = DIRECTION ( 'NONE',  ( 0.000000000000000000, -5.782411586589358822E-15, 1.000000000000000000 ) ) ;
#1803 = VECTOR ( 'NONE', #6220, 39.37007874015748143 ) ;
#1804 = EDGE_CURVE ( 'NONE', #7402, #4072, #4592, .T. ) ;
#1805 = VECTOR ( 'NONE', #4767, 39.37007874015748143 ) ;
#1806 = ORIENTED_EDGE ( 'NONE', *, *, #7366, .T. ) ;
#1807 = EDGE_CURVE ( 'NONE', #179, #1396, #2789, .T. ) ;
#1808 = CARTESIAN_POINT ( 'NONE',  ( -0.1781496062992126150, 0.2303149606298921792, -0.05433070866142708510 ) ) ;
#1809 = ORIENTED_EDGE ( 'NONE', *, *, #3560, .F. ) ;
#1810 = DIRECTION ( 'NONE',  ( 0.000000000000000000, -1.000000000000000000, -1.108130403859429957E-13 ) ) ;
#1811 = ORIENTED_EDGE ( 'NONE', *, *, #6980, .T. ) ;
#1812 = VECTOR ( 'NONE', #3913, 39.37007874015748143 ) ;
#1813 = VECTOR ( 'NONE', #4586, 39.37007874015748143 ) ;
#1814 = FACE_OUTER_BOUND ( 'NONE', #4066, .T. ) ;
#1815 = DIRECTION ( 'NONE',  ( 0.000000000000000000, 5.782411586531547151E-15, -1.000000000000000000 ) ) ;
#1816 = FACE_OUTER_BOUND ( 'NONE', #10041, .T. ) ;
#1817 = LINE ( 'NONE', #5252, #6787 ) ;
#1818 = CARTESIAN_POINT ( 'NONE',  ( -0.2850393700787008378, 0.2165354330708362252, 0.1051181102362499925 ) ) ;
#1819 = ORIENTED_EDGE ( 'NONE', *, *, #6456, .F. ) ;
#1820 = EDGE_CURVE ( 'NONE', #4546, #6818, #8040, .T. ) ;
#1821 = CARTESIAN_POINT ( 'NONE',  ( 0.1210629923610630071, 0.2224409448818610024, -0.2125984251968208727 ) ) ;
#1822 = AXIS2_PLACEMENT_3D ( 'NONE', #6733, #4096, #2510 ) ;
#1823 = EDGE_LOOP ( 'NONE', ( #4348, #6839, #5195, #2299 ) ) ;
#1824 = ORIENTED_EDGE ( 'NONE', *, *, #3744, .F. ) ;
#1825 = AXIS2_PLACEMENT_3D ( 'NONE', #5129, #8583, #10434 ) ;
#1826 = LINE ( 'NONE', #2782, #10099 ) ;
#1827 = LINE ( 'NONE', #8712, #8256 ) ;
#1828 = VECTOR ( 'NONE', #4654, 39.37007874015748143 ) ;
#1829 = CARTESIAN_POINT ( 'NONE',  ( -0.07480314960629921850, 0.2125984251968212890, -0.07795275590548228495 ) ) ;
#1830 = CARTESIAN_POINT ( 'NONE',  ( -0.2712598425196850460, 0.2716535433070562666, 0.2055118110236515971 ) ) ;
#1831 = ORIENTED_EDGE ( 'NONE', *, *, #2605, .F. ) ;
#1832 = LINE ( 'NONE', #5265, #3906 ) ;
#1833 =( CONVERSION_BASED_UNIT ( 'INCH', #9556 ) LENGTH_UNIT ( ) NAMED_UNIT ( #1687 ) );
#1834 = ORIENTED_EDGE ( 'NONE', *, *, #977, .F. ) ;
#1835 = EDGE_CURVE ( 'NONE', #710, #7959, #4541, .T. ) ;
#1836 = FACE_OUTER_BOUND ( 'NONE', #10174, .T. ) ;
#1837 = ORIENTED_EDGE ( 'NONE', *, *, #6557, .T. ) ;
#1838 = ORIENTED_EDGE ( 'NONE', *, *, #1291, .T. ) ;
#1839 = LINE ( 'NONE', #2625, #8478 ) ;
#1840 = VERTEX_POINT ( 'NONE', #6162 ) ;
#1841 = AXIS2_PLACEMENT_3D ( 'NONE', #75, #1544, #6717 ) ;
#1842 = CARTESIAN_POINT ( 'NONE',  ( -0.004921259842519684971, 0.2351129816986712584, -0.03819606597134834330 ) ) ;
#1843 = CARTESIAN_POINT ( 'NONE',  ( -0.03149606299212598381, 0.2125984251968204841, 0.07952755905514763413 ) ) ;
#1844 = DIRECTION ( 'NONE',  ( 1.000000000000000000, 0.000000000000000000, 0.000000000000000000 ) ) ;
#1845 = ORIENTED_EDGE ( 'NONE', *, *, #1071, .T. ) ;
#1846 = VECTOR ( 'NONE', #7338, 39.37007874015748143 ) ;
#1847 = PLANE ( 'NONE',  #3724 ) ;
#1848 = DIRECTION ( 'NONE',  ( 0.000000000000000000, 1.000000000000000000, 3.491481338843134933E-15 ) ) ;
#1849 = EDGE_CURVE ( 'NONE', #8015, #7362, #5343, .T. ) ;
#1850 = CARTESIAN_POINT ( 'NONE',  ( 0.2653543307086614345, 0.2145669291338295481, -0.2125984251968208727 ) ) ;
#1851 = ORIENTED_EDGE ( 'NONE', *, *, #4928, .T. ) ;
#1852 = DIRECTION ( 'NONE',  ( -0.3058108682331139860, 3.324212434408091619E-15, -0.9520922816988429682 ) ) ;
#1853 = ORIENTED_EDGE ( 'NONE', *, *, #7873, .F. ) ;
#1854 = VECTOR ( 'NONE', #1052, 39.37007874015748143 ) ;
#1855 = CARTESIAN_POINT ( 'NONE',  ( 0.2057086614178346429, 0.2106299212598137516, -0.2421259842519389860 ) ) ;
#1856 = PLANE ( 'NONE',  #6512 ) ;
#1857 = EDGE_CURVE ( 'NONE', #10486, #2623, #8773, .T. ) ;
#1858 = CARTESIAN_POINT ( 'NONE',  ( -0.1781496062992126150, 0.2563854519293799483, 0.007016975403139922435 ) ) ;
#1859 = ORIENTED_EDGE ( 'NONE', *, *, #5824, .T. ) ;
#1860 = DIRECTION ( 'NONE',  ( -1.000000000000000000, 0.000000000000000000, 0.000000000000000000 ) ) ;
#1861 = DIRECTION ( 'NONE',  ( -9.714451465470123768E-13, -5.782411586589358822E-15, 1.000000000000000000 ) ) ;
#1862 = ORIENTED_EDGE ( 'NONE', *, *, #8077, .T. ) ;
#1863 = CARTESIAN_POINT ( 'NONE',  ( 0.2618110236220472231, 0.2755905511810720632, 0.2468503937008173499 ) ) ;
#1864 = ORIENTED_EDGE ( 'NONE', *, *, #4149, .F. ) ;
#1865 = DIRECTION ( 'NONE',  ( 0.000000000000000000, 1.000000000000000000, 3.491481338843134933E-15 ) ) ;
#1866 = ORIENTED_EDGE ( 'NONE', *, *, #7080, .T. ) ;
#1867 = AXIS2_PLACEMENT_3D ( 'NONE', #4093, #8222, #7534 ) ;
#1868 = EDGE_CURVE ( 'NONE', #5032, #6540, #9677, .T. ) ;
#1869 = CARTESIAN_POINT ( 'NONE',  ( -0.1781496062992126150, 0.2598425196850102648, -0.05433070866142700878 ) ) ;
#1870 = EDGE_CURVE ( 'NONE', #8340, #4209, #7987, .T. ) ;
#1871 = DIRECTION ( 'NONE',  ( -1.000000000000000000, -0.000000000000000000, 0.000000000000000000 ) ) ;
#1872 = LINE ( 'NONE', #1084, #116 ) ;
#1873 = ADVANCED_FACE ( 'NONE', ( #9836 ), #7408, .F. ) ;
#1874 = LINE ( 'NONE', #132, #1942 ) ;
#1875 = CARTESIAN_POINT ( 'NONE',  ( 0.1998031496067716462, 0.2224409448818610024, -0.2185039370078444843 ) ) ;
#1876 = EDGE_LOOP ( 'NONE', ( #2798, #8236, #2666, #7128, #3266, #10977, #1837, #8911 ) ) ;
#1877 = DIRECTION ( 'NONE',  ( 0.000000000000000000, 1.000000000000000000, 3.491481338843134933E-15 ) ) ;
#1878 = ORIENTED_EDGE ( 'NONE', *, *, #8160, .F. ) ;
#1879 = VERTEX_POINT ( 'NONE', #9948 ) ;
#1880 = LINE ( 'NONE', #8767, #9371 ) ;
#1881 = CARTESIAN_POINT ( 'NONE',  ( 0.08661417322834646937, 0.2125984251968204841, 0.07952755905514763413 ) ) ;
#1882 = EDGE_CURVE ( 'NONE', #7872, #10254, #10850, .T. ) ;
#1883 = DIRECTION ( 'NONE',  ( 1.000000000000000000, -1.211904669272267936E-27, 3.471032927455999684E-13 ) ) ;
#1884 = FACE_OUTER_BOUND ( 'NONE', #2464, .T. ) ;
#1885 = ORIENTED_EDGE ( 'NONE', *, *, #9819, .F. ) ;
#1886 = CARTESIAN_POINT ( 'NONE',  ( 0.1250000000000000000, 0.2440944881889468288, 0.0007874015747934192061 ) ) ;
#1887 = LINE ( 'NONE', #3576, #9223 ) ;
#1888 = ORIENTED_EDGE ( 'NONE', *, *, #2612, .T. ) ;
#1889 = VECTOR ( 'NONE', #8728, 39.37007874015748143 ) ;
#1890 = CARTESIAN_POINT ( 'NONE',  ( 0.1744460153223622301, 0.2834645669291035452, 0.2442895309760142186 ) ) ;
#1891 = VERTEX_POINT ( 'NONE', #2162 ) ;
#1892 = ORIENTED_EDGE ( 'NONE', *, *, #1849, .T. ) ;
#1893 = LINE ( 'NONE', #5386, #3789 ) ;
#1894 = VERTEX_POINT ( 'NONE', #1319 ) ;
#1895 = EDGE_CURVE ( 'NONE', #7507, #3039, #2643, .T. ) ;
#1896 = AXIS2_PLACEMENT_3D ( 'NONE', #8094, #8933, #7126 ) ;
#1897 = DIRECTION ( 'NONE',  ( -1.000000000000000000, 0.000000000000000000, 0.000000000000000000 ) ) ;
#1898 = CARTESIAN_POINT ( 'NONE',  ( 0.1131889766129527547, 0.2106299212598137516, -0.2480314960629626253 ) ) ;
#1899 = CYLINDRICAL_SURFACE ( 'NONE', #9634, 0.2908222673543306991 ) ;
#1900 = ORIENTED_EDGE ( 'NONE', *, *, #4304, .F. ) ;
#1901 = CARTESIAN_POINT ( 'NONE',  ( -0.1348425196850394081, 0.2303149606298921792, -0.05433070866142708510 ) ) ;
#1902 = LINE ( 'NONE', #6296, #3344 ) ;
#1903 = DIRECTION ( 'NONE',  ( 0.000000000000000000, -3.491481338843134933E-15, 1.000000000000000000 ) ) ;
#1904 = ORIENTED_EDGE ( 'NONE', *, *, #9590, .F. ) ;
#1905 = VECTOR ( 'NONE', #4198, 39.37007874015748143 ) ;
#1906 = VECTOR ( 'NONE', #5902, 39.37007874015748143 ) ;
#1907 = ORIENTED_EDGE ( 'NONE', *, *, #1553, .T. ) ;
#1908 = DIRECTION ( 'NONE',  ( 1.000000000000000000, 0.000000000000000000, 0.000000000000000000 ) ) ;
#1909 = EDGE_CURVE ( 'NONE', #8376, #5369, #6241, .T. ) ;
#1910 = DIRECTION ( 'NONE',  ( -1.000000000000000000, 0.000000000000000000, 0.000000000000000000 ) ) ;
#1911 = ADVANCED_FACE ( 'NONE', ( #3171 ), #10688, .T. ) ;
#1912 = DIRECTION ( 'NONE',  ( 0.000000000000000000, 3.491481338843134933E-15, -1.000000000000000000 ) ) ;
#1913 = CIRCLE ( 'NONE', #309, 0.01870078740157479422 ) ;
#1914 = LINE ( 'NONE', #8799, #9898 ) ;
#1915 = AXIS2_PLACEMENT_3D ( 'NONE', #2806, #4722, #1171 ) ;
#1916 = DIRECTION ( 'NONE',  ( 0.000000000000000000, 0.8919727971616544515, 0.4520890721125804257 ) ) ;
#1917 = EDGE_LOOP ( 'NONE', ( #10232, #792, #2539, #6268 ) ) ;
#1918 = CARTESIAN_POINT ( 'NONE',  ( -0.1131889763779527630, 0.2598425196850102648, -0.05433070866142700878 ) ) ;
#1919 = LINE ( 'NONE', #10429, #10816 ) ;
#1920 = ORIENTED_EDGE ( 'NONE', *, *, #9610, .F. ) ;
#1921 = DIRECTION ( 'NONE',  ( -0.9113956592650236388, -1.436853605686169171E-15, 0.4115312287942103353 ) ) ;
#1922 = EDGE_LOOP ( 'NONE', ( #1311, #6679, #4899, #1555 ) ) ;
#1923 = EDGE_CURVE ( 'NONE', #7458, #1981, #3858, .T. ) ;
#1924 = DIRECTION ( 'NONE',  ( 2.966515921797999839E-12, -1.000000000000000000, -3.491481338843134933E-15 ) ) ;
#1925 = CIRCLE ( 'NONE', #7510, 0.005905511811082662411 ) ;
#1926 = ORIENTED_EDGE ( 'NONE', *, *, #2404, .F. ) ;
#1927 = EDGE_CURVE ( 'NONE', #3001, #9335, #527, .T. ) ;
#1928 = DIRECTION ( 'NONE',  ( 0.000000000000000000, -1.000000000000000000, -3.491481338843134933E-15 ) ) ;
#1929 = CARTESIAN_POINT ( 'NONE',  ( 0.1151574805499606391, 0.2165354330708373909, -0.2480314960629626253 ) ) ;
#1930 = VECTOR ( 'NONE', #8321, 39.37007874015748854 ) ;
#1931 = DIRECTION ( 'NONE',  ( -0.9520922816987557047, -1.067732939652281709E-15, 0.3058108682333853801 ) ) ;
#1932 = AXIS2_PLACEMENT_3D ( 'NONE', #5612, #6505, #1330 ) ;
#1933 = PLANE ( 'NONE',  #11119 ) ;
#1934 = CARTESIAN_POINT ( 'NONE',  ( -0.09153543307086613179, 0.2563854519293799483, 0.007016975403139922435 ) ) ;
#1935 = ORIENTED_EDGE ( 'NONE', *, *, #10325, .T. ) ;
#1936 = DIRECTION ( 'NONE',  ( 0.000000000000000000, 0.000000000000000000, -1.000000000000000000 ) ) ;
#1937 = ORIENTED_EDGE ( 'NONE', *, *, #7902, .F. ) ;
#1938 = ORIENTED_EDGE ( 'NONE', *, *, #725, .F. ) ;
#1939 = EDGE_CURVE ( 'NONE', #10406, #10840, #9154, .T. ) ;
#1940 = ADVANCED_FACE ( 'NONE', ( #8204 ), #3968, .T. ) ;
#1941 = DIRECTION ( 'NONE',  ( -1.000000000000000000, 0.000000000000000000, 0.000000000000000000 ) ) ;
#1942 = VECTOR ( 'NONE', #1086, 39.37007874015748143 ) ;
#1943 = DIRECTION ( 'NONE',  ( -1.000000000000000000, 0.000000000000000000, 0.000000000000000000 ) ) ;
#1944 = DIRECTION ( 'NONE',  ( 1.000000000000000000, 0.000000000000000000, 0.000000000000000000 ) ) ;
#1945 = DIRECTION ( 'NONE',  ( 0.000000000000000000, -3.491481338843134933E-15, 1.000000000000000000 ) ) ;
#1946 = ORIENTED_EDGE ( 'NONE', *, *, #5933, .F. ) ;
#1947 = DIRECTION ( 'NONE',  ( 0.000000000000000000, 1.000000000000000000, 3.491481338843134933E-15 ) ) ;
#1948 = CARTESIAN_POINT ( 'NONE',  ( -0.1781496062992126150, 0.2605808468465059535, -0.009969026885245903247 ) ) ;
#1949 = CARTESIAN_POINT ( 'NONE',  ( -0.1564960629921260116, 0.2303149606298921792, -0.05433070866142708510 ) ) ;
#1950 = ORIENTED_EDGE ( 'NONE', *, *, #3627, .T. ) ;
#1951 = CC_DESIGN_PERSON_AND_ORGANIZATION_ASSIGNMENT ( #2679, #10178, ( #9216 ) ) ;
#1952 = LINE ( 'NONE', #94, #1101 ) ;
#1953 = ORIENTED_EDGE ( 'NONE', *, *, #5623, .T. ) ;
#1954 = ORIENTED_EDGE ( 'NONE', *, *, #121, .F. ) ;
#1955 = EDGE_CURVE ( 'NONE', #10905, #10595, #1372, .T. ) ;
#1956 = EDGE_CURVE ( 'NONE', #2597, #1840, #473, .T. ) ;
#1957 = LINE ( 'NONE', #6170, #6479 ) ;
#1958 = CIRCLE ( 'NONE', #5730, 0.005905511811023620231 ) ;
#1959 = CARTESIAN_POINT ( 'NONE',  ( 0.2318897637795275801, 0.2834645669291039338, 0.1385826771653842493 ) ) ;
#1960 = CARTESIAN_POINT ( 'NONE',  ( 0.1998031496067716462, 0.2106299212598137516, -0.2132217023433429226 ) ) ;
#1961 = CARTESIAN_POINT ( 'NONE',  ( 0.9444047244094487814, 0.2224409448818610024, -0.2132217023428440994 ) ) ;
#1962 = ORIENTED_EDGE ( 'NONE', *, *, #1939, .T. ) ;
#1963 = CARTESIAN_POINT ( 'NONE',  ( -0.2047244094488189226, 0.2125984251968212890, -0.07795275590548228495 ) ) ;
#1964 = CARTESIAN_POINT ( 'NONE',  ( 0.07775590574677165856, 0.2106299212598137516, -0.2421259842519685179 ) ) ;
#1965 = LINE ( 'NONE', #1791, #3980 ) ;
#1966 = VERTEX_POINT ( 'NONE', #2218 ) ;
#1967 = AXIS2_PLACEMENT_3D ( 'NONE', #7558, #9194, #9252 ) ;
#1968 = EDGE_CURVE ( 'NONE', #10853, #5075, #6425, .T. ) ;
#1969 = ORIENTED_EDGE ( 'NONE', *, *, #6478, .T. ) ;
#1970 = CARTESIAN_POINT ( 'NONE',  ( 0.03444881913249606131, 0.2125984251968216499, -0.2125984251968208727 ) ) ;
#1971 = LINE ( 'NONE', #3771, #10596 ) ;
#1972 = DIRECTION ( 'NONE',  ( 0.000000000000000000, -1.000000000000000000, -3.469446951953614978E-15 ) ) ;
#1973 = CIRCLE ( 'NONE', #8280, 0.005905511811082675422 ) ;
#1974 = CARTESIAN_POINT ( 'NONE',  ( -0.1781496062992126150, 0.2362204724409153467, 0.05986524456920295362 ) ) ;
#1975 = EDGE_LOOP ( 'NONE', ( #9117, #2511, #5153, #1004 ) ) ;
#1976 = CARTESIAN_POINT ( 'NONE',  ( 0.2683619370964566708, 0.2145669291338283546, 0.1051181102362499925 ) ) ;
#1977 = CARTESIAN_POINT ( 'NONE',  ( 0.2318897637795275801, 0.2775590551180803778, 0.1385826771653840550 ) ) ;
#1978 = ORIENTED_EDGE ( 'NONE', *, *, #84, .F. ) ;
#1979 = EDGE_CURVE ( 'NONE', #6818, #3563, #1266, .T. ) ;
#1980 = CARTESIAN_POINT ( 'NONE',  ( -0.1968503937007874127, 0.1968503937007582694, -0.1094488188976082688 ) ) ;
#1981 = VERTEX_POINT ( 'NONE', #4868 ) ;
#1982 = VECTOR ( 'NONE', #549, 39.37007874015748143 ) ;
#1983 = PLANE ( 'NONE',  #745 ) ;
#1984 = ORIENTED_EDGE ( 'NONE', *, *, #9982, .T. ) ;
#1985 = DIRECTION ( 'NONE',  ( 0.000000000000000000, 3.491481338843134933E-15, -1.000000000000000000 ) ) ;
#1986 = DIRECTION ( 'NONE',  ( 0.000000000000000000, -1.000000000000000000, -3.491481338843134933E-15 ) ) ;
#1987 = VECTOR ( 'NONE', #8781, 39.37007874015748143 ) ;
#1988 = DIRECTION ( 'NONE',  ( 0.000000000000000000, 3.491481338843134933E-15, -1.000000000000000000 ) ) ;
#1989 = CARTESIAN_POINT ( 'NONE',  ( -0.09153543307086613179, 0.2362204724409153467, 0.05986524456920295362 ) ) ;
#1990 = DIRECTION ( 'NONE',  ( 0.000000000000000000, -0.8375070198036269620, 0.5464265657704129309 ) ) ;
#1991 = VERTEX_POINT ( 'NONE', #6437 ) ;
#1992 = LINE ( 'NONE', #9825, #890 ) ;
#1993 = ORIENTED_EDGE ( 'NONE', *, *, #10342, .T. ) ;
#1994 = EDGE_LOOP ( 'NONE', ( #1845, #1614, #588, #6037 ) ) ;
#1995 = LINE ( 'NONE', #6432, #7583 ) ;
#1996 = VECTOR ( 'NONE', #616, 39.37007874015748143 ) ;
#1997 = DIRECTION ( 'NONE',  ( 0.000000000000000000, 1.000000000000000000, 3.491481338843135327E-15 ) ) ;
#1998 = EDGE_CURVE ( 'NONE', #4576, #11094, #369, .T. ) ;
#1999 = LINE ( 'NONE', #5202, #4243 ) ;
#2000 = LINE ( 'NONE', #5263, #995 ) ;
#2001 = ORIENTED_EDGE ( 'NONE', *, *, #3643, .F. ) ;
#2002 = CIRCLE ( 'NONE', #922, 0.005905511811023620231 ) ;
#2003 = CARTESIAN_POINT ( 'NONE',  ( 0.1132526673545277140, 0.2834645669291036563, 0.2105515555276385453 ) ) ;
#2004 = VECTOR ( 'NONE', #1300, 39.37007874015748143 ) ;
#2005 = DIRECTION ( 'NONE',  ( -1.000000000000000000, -0.000000000000000000, 0.000000000000000000 ) ) ;
#2006 = VERTEX_POINT ( 'NONE', #4023 ) ;
#2007 = CARTESIAN_POINT ( 'NONE',  ( -0.04822834645669291098, 0.2616530078181201202, 0.009686792758139901177 ) ) ;
#2008 = ORIENTED_EDGE ( 'NONE', *, *, #3813, .F. ) ;
#2009 = ORIENTED_EDGE ( 'NONE', *, *, #10677, .T. ) ;
#2010 = CARTESIAN_POINT ( 'NONE',  ( 0.2909448818897638067, 0.2106299212598126414, 0.09921259842522638095 ) ) ;
#2011 = VECTOR ( 'NONE', #590, 39.37007874015748143 ) ;
#2012 = FACE_OUTER_BOUND ( 'NONE', #7135, .T. ) ;
#2013 = EDGE_CURVE ( 'NONE', #1015, #1151, #4706, .T. ) ;
#2014 = LINE ( 'NONE', #330, #6594 ) ;
#2015 = ADVANCED_FACE ( 'NONE', ( #9044 ), #2116, .T. ) ;
#2016 = FACE_OUTER_BOUND ( 'NONE', #5565, .T. ) ;
#2017 = ORIENTED_EDGE ( 'NONE', *, *, #10409, .F. ) ;
#2018 = CARTESIAN_POINT ( 'NONE',  ( -0.1564960629921260116, 0.1909448818897350464, -0.2480314960630413401 ) ) ;
#2019 = PLANE ( 'NONE',  #1915 ) ;
#2020 = CARTESIAN_POINT ( 'NONE',  ( -0.1033464564584252038, 0.2165354330708373909, -0.2480314960629626253 ) ) ;
#2021 = VECTOR ( 'NONE', #7188, 39.37007874015748143 ) ;
#2022 = VERTEX_POINT ( 'NONE', #10792 ) ;
#2023 = ORIENTED_EDGE ( 'NONE', *, *, #2278, .F. ) ;
#2024 = FACE_BOUND ( 'NONE', #417, .T. ) ;
#2025 = LINE ( 'NONE', #4506, #7168 ) ;
#2026 = VECTOR ( 'NONE', #9086, 39.37007874015748143 ) ;
#2027 = CYLINDRICAL_SURFACE ( 'NONE', #4549, 0.02952755905511811330 ) ;
#2028 = DIRECTION ( 'NONE',  ( -1.000000000000000000, 0.000000000000000000, 0.000000000000000000 ) ) ;
#2029 = EDGE_CURVE ( 'NONE', #259, #4751, #10330, .T. ) ;
#2030 = ORIENTED_EDGE ( 'NONE', *, *, #4369, .T. ) ;
#2031 = DIRECTION ( 'NONE',  ( 1.000000000000000000, 0.000000000000000000, 0.000000000000000000 ) ) ;
#2032 = ORIENTED_EDGE ( 'NONE', *, *, #10623, .F. ) ;
#2033 = CC_DESIGN_APPROVAL ( #6417, ( #4737 ) ) ;
#2034 = AXIS2_PLACEMENT_3D ( 'NONE', #6344, #3586, #10410 ) ;
#2035 = ORIENTED_EDGE ( 'NONE', *, *, #10156, .T. ) ;
#2036 = CARTESIAN_POINT ( 'NONE',  ( 0.2850393700787401952, 0.2165354330708362252, 0.06479275320034448560 ) ) ;
#2037 = ORIENTED_EDGE ( 'NONE', *, *, #6661, .F. ) ;
#2038 = CARTESIAN_POINT ( 'NONE',  ( -0.05807086590712598473, 0.2106299212598137516, -0.2480314960629626253 ) ) ;
#2039 = EDGE_CURVE ( 'NONE', #8180, #6209, #6882, .T. ) ;
#2040 = DIRECTION ( 'NONE',  ( 0.000000000000000000, -1.000000000000000000, -3.491481338843134933E-15 ) ) ;
#2041 = LINE ( 'NONE', #7115, #10842 ) ;
#2042 = VERTEX_POINT ( 'NONE', #4924 ) ;
#2043 = CARTESIAN_POINT ( 'NONE',  ( 0.1998031496067716462, 0.2125984251968650041, -0.2066929133859468637 ) ) ;
#2044 = EDGE_LOOP ( 'NONE', ( #4126, #7639, #6650, #5294 ) ) ;
#2045 = ORIENTED_EDGE ( 'NONE', *, *, #8533, .F. ) ;
#2046 = DIRECTION ( 'NONE',  ( 0.000000000000000000, 0.5464265657704129309, 0.8375070198036269620 ) ) ;
#2047 = CARTESIAN_POINT ( 'NONE',  ( 0.1072834648018897719, 0.2224409448818610024, -0.2132217023432760039 ) ) ;
#2048 = EDGE_CURVE ( 'NONE', #7105, #9748, #5087, .T. ) ;
#2049 = EDGE_CURVE ( 'NONE', #2073, #4106, #10162, .T. ) ;
#2050 = CARTESIAN_POINT ( 'NONE',  ( 0.1643700787405905361, 0.2125984251968275895, -0.2125984251968208727 ) ) ;
#2051 = DIRECTION ( 'NONE',  ( -1.000000000000000000, 0.000000000000000000, 0.000000000000000000 ) ) ;
#2052 = ORIENTED_EDGE ( 'NONE', *, *, #8882, .F. ) ;
#2053 = DIRECTION ( 'NONE',  ( -1.000000000000000000, 0.000000000000000000, 0.000000000000000000 ) ) ;
#2054 = CARTESIAN_POINT ( 'NONE',  ( 0.1132526673545277140, 0.2775590551180798782, 0.2105515555276385176 ) ) ;
#2055 = CARTESIAN_POINT ( 'NONE',  ( -0.1131889763779527630, 0.2362204724409157630, -0.07795275590552164235 ) ) ;
#2056 = ORIENTED_EDGE ( 'NONE', *, *, #9247, .T. ) ;
#2057 = FACE_OUTER_BOUND ( 'NONE', #9147, .T. ) ;
#2058 = ORIENTED_EDGE ( 'NONE', *, *, #4878, .F. ) ;
#2059 = ORIENTED_EDGE ( 'NONE', *, *, #1591, .F. ) ;
#2060 = LINE ( 'NONE', #9736, #3965 ) ;
#2061 = VECTOR ( 'NONE', #9822, 39.37007874015748143 ) ;
#2062 = EDGE_CURVE ( 'NONE', #1033, #5069, #2387, .T. ) ;
#2063 = EDGE_CURVE ( 'NONE', #4936, #991, #3550, .T. ) ;
#2064 = DIRECTION ( 'NONE',  ( 0.000000000000000000, 3.491481338843134933E-15, -1.000000000000000000 ) ) ;
#2065 = CARTESIAN_POINT ( 'NONE',  ( -0.09153543307086613179, 0.2362204724409157630, -0.05433070866142708510 ) ) ;
#2066 = CARTESIAN_POINT ( 'NONE',  ( -0.04822834645669291098, 0.2400588892959547305, -0.04142299450934047722 ) ) ;
#2067 = VECTOR ( 'NONE', #7377, 39.37007874015748143 ) ;
#2068 = VERTEX_POINT ( 'NONE', #8373 ) ;
#2069 = PLANE ( 'NONE',  #3355 ) ;
#2070 = LINE ( 'NONE', #8055, #9846 ) ;
#2071 = CARTESIAN_POINT ( 'NONE',  ( -0.04822834645669291098, 0.2605808468465059535, -0.009969026885245903247 ) ) ;
#2072 = ORIENTED_EDGE ( 'NONE', *, *, #4261, .T. ) ;
#2073 = VERTEX_POINT ( 'NONE', #638 ) ;
#2074 = ADVANCED_FACE ( 'NONE', ( #8427 ), #3227, .F. ) ;
#2075 = EDGE_CURVE ( 'NONE', #6708, #5430, #11122, .T. ) ;
#2076 = CARTESIAN_POINT ( 'NONE',  ( -0.1348425196850394081, 0.2605808468465059535, -0.009969026885245903247 ) ) ;
#2077 = AXIS2_PLACEMENT_3D ( 'NONE', #9110, #7531, #10969 ) ;
#2078 = CARTESIAN_POINT ( 'NONE',  ( -0.1387795273246062999, 0.2125984251968189576, -0.2125984251968208727 ) ) ;
#2079 = ADVANCED_FACE ( 'NONE', ( #1543 ), #8481, .T. ) ;
#2080 = DIRECTION ( 'NONE',  ( 0.000000000000000000, -3.469446951953613794E-15, 1.000000000000000000 ) ) ;
#2081 = CYLINDRICAL_SURFACE ( 'NONE', #7003, 0.01181102362204724046 ) ;
#2082 = ORIENTED_EDGE ( 'NONE', *, *, #615, .T. ) ;
#2083 = DIRECTION ( 'NONE',  ( 0.000000000000000000, -1.000000000000000000, -3.491481338843134933E-15 ) ) ;
#2084 = VECTOR ( 'NONE', #8987, 39.37007874015748143 ) ;
#2085 = ORIENTED_EDGE ( 'NONE', *, *, #3885, .T. ) ;
#2086 = EDGE_LOOP ( 'NONE', ( #10581, #2986, #8554, #4203 ) ) ;
#2087 = EDGE_CURVE ( 'NONE', #8363, #7191, #9320, .T. ) ;
#2088 = DIRECTION ( 'NONE',  ( -1.000000000000000000, 0.000000000000000000, 0.000000000000000000 ) ) ;
#2089 = ORIENTED_EDGE ( 'NONE', *, *, #9163, .T. ) ;
#2090 = VECTOR ( 'NONE', #5485, 39.37007874015748143 ) ;
#2091 = AXIS2_PLACEMENT_3D ( 'NONE', #1542, #10329, #3449 ) ;
#2092 = DIRECTION ( 'NONE',  ( 0.000000000000000000, 0.8375070198036268510, -0.5464265657704128198 ) ) ;
#2093 = DIRECTION ( 'NONE',  ( 0.000000000000000000, 1.000000000000000000, 3.491481338843134933E-15 ) ) ;
#2094 = CARTESIAN_POINT ( 'NONE',  ( -0.1819790184727559101, 0.2834645669291035452, 0.2476050409764078974 ) ) ;
#2095 = ORIENTED_EDGE ( 'NONE', *, *, #7785, .T. ) ;
#2096 = VECTOR ( 'NONE', #275, 39.37007874015748143 ) ;
#2097 = VECTOR ( 'NONE', #8336, 39.37007874015748143 ) ;
#2098 = DIRECTION ( 'NONE',  ( 0.000000000000000000, -1.000000000000000000, -5.782411586589358822E-15 ) ) ;
#2099 = ORIENTED_EDGE ( 'NONE', *, *, #10554, .F. ) ;
#2100 = ORIENTED_EDGE ( 'NONE', *, *, #8857, .F. ) ;
#2101 = EDGE_CURVE ( 'NONE', #9594, #5849, #9859, .T. ) ;
#2102 = PLANE ( 'NONE',  #11002 ) ;
#2103 = EDGE_LOOP ( 'NONE', ( #9049, #5576, #3665, #3043 ) ) ;
#2104 = AXIS2_PLACEMENT_3D ( 'NONE', #9279, #5205, #2400 ) ;
#2105 = PLANE ( 'NONE',  #6084 ) ;
#2106 = CIRCLE ( 'NONE', #4612, 0.005905511811023618496 ) ;
#2107 = DIRECTION ( 'NONE',  ( -1.000000000000000000, 0.000000000000000000, 0.000000000000000000 ) ) ;
#2108 = CARTESIAN_POINT ( 'NONE',  ( 0.1744460153211417341, 0.2421259842519382366, 0.2442895309752263766 ) ) ;
#2109 = CARTESIAN_POINT ( 'NONE',  ( -0.1348425196850394081, 0.2598425196850102648, -0.05433070866142700878 ) ) ;
#2110 = CARTESIAN_POINT ( 'NONE',  ( 0.1151574805499606391, 0.2165354330708373909, -0.2421259842518799221 ) ) ;
#2111 = DIRECTION ( 'NONE',  ( 0.000000000000000000, -1.000000000000000000, -3.469446951953614978E-15 ) ) ;
#2112 = ORIENTED_EDGE ( 'NONE', *, *, #6178, .T. ) ;
#2113 = CARTESIAN_POINT ( 'NONE',  ( 0.1137795275590551269, 0.2775590551180810994, -0.09763779527556082360 ) ) ;
#2114 = ORIENTED_EDGE ( 'NONE', *, *, #9584, .F. ) ;
#2115 = ORIENTED_EDGE ( 'NONE', *, *, #685, .F. ) ;
#2116 = TOROIDAL_SURFACE ( 'NONE', #4460, 0.01870078740157480462, 0.005905511811023621965 ) ;
#2117 = EDGE_CURVE ( 'NONE', #2681, #3110, #2552, .T. ) ;
#2118 = PLANE ( 'NONE',  #10808 ) ;
#2119 = EDGE_CURVE ( 'NONE', #5913, #7026, #856, .T. ) ;
#2120 = CARTESIAN_POINT ( 'NONE',  ( 0.1121507768173340136, 0.2125984251968200955, 0.2101158073946634564 ) ) ;
#2121 = AXIS2_PLACEMENT_3D ( 'NONE', #3628, #85, #10134 ) ;
#2122 = DIRECTION ( 'NONE',  ( 0.000000000000000000, 0.8919727971616542295, 0.4520890721125805922 ) ) ;
#2123 = LINE ( 'NONE', #3700, #809 ) ;
#2124 = ORIENTED_EDGE ( 'NONE', *, *, #8974, .F. ) ;
#2125 = LINE ( 'NONE', #9060, #2831 ) ;
#2126 = DIRECTION ( 'NONE',  ( 0.000000000000000000, 3.491481338843134933E-15, -1.000000000000000000 ) ) ;
#2127 = DIRECTION ( 'NONE',  ( 0.000000000000000000, -0.5464265657704129309, -0.8375070198036269620 ) ) ;
#2128 = ORIENTED_EDGE ( 'NONE', *, *, #10212, .T. ) ;
#2129 = EDGE_CURVE ( 'NONE', #6485, #4739, #6827, .T. ) ;
#2130 = ORIENTED_EDGE ( 'NONE', *, *, #6570, .F. ) ;
#2131 = CIRCLE ( 'NONE', #7541, 0.02362204724409448092 ) ;
#2132 = DIRECTION ( 'NONE',  ( -1.000000000000000000, 0.000000000000000000, 0.000000000000000000 ) ) ;
#2133 = CARTESIAN_POINT ( 'NONE',  ( -0.04822834645669291098, 0.2309529165521752303, 0.05719542721420283610 ) ) ;
#2134 = DIRECTION ( 'NONE',  ( -0.9520922816987557047, -1.067732939652281709E-15, 0.3058108682333853245 ) ) ;
#2135 = DIRECTION ( 'NONE',  ( -1.000000000000000000, 0.000000000000000000, 0.000000000000000000 ) ) ;
#2136 = CARTESIAN_POINT ( 'NONE',  ( -0.2618110236220472231, 0.2832259357926468768, 0.2055118110236519857 ) ) ;
#2137 = EDGE_LOOP ( 'NONE', ( #6366, #10845, #8581, #5438 ) ) ;
#2138 = CYLINDRICAL_SURFACE ( 'NONE', #10912, 0.02460629921259841271 ) ;
#2139 = EDGE_CURVE ( 'NONE', #766, #7116, #6772, .T. ) ;
#2140 = AXIS2_PLACEMENT_3D ( 'NONE', #2047, #6330, #9831 ) ;
#2141 = ORIENTED_EDGE ( 'NONE', *, *, #1083, .T. ) ;
#2142 = EDGE_LOOP ( 'NONE', ( #1157, #10388, #9325, #9448 ) ) ;
#2143 = CARTESIAN_POINT ( 'NONE',  ( -0.2712598425196850460, 0.2716535433070578764, -0.2125984251968208727 ) ) ;
#2144 = EDGE_LOOP ( 'NONE', ( #4306, #11146, #6964, #6063 ) ) ;
#2145 = AXIS2_PLACEMENT_3D ( 'NONE', #172, #8961, #9810 ) ;
#2146 = CARTESIAN_POINT ( 'NONE',  ( -0.004921259842519684971, 0.2440944881889468288, 0.0007874015747934192061 ) ) ;
#2147 = DIRECTION ( 'NONE',  ( 0.000000000000000000, 1.000000000000000000, 3.491481338843134933E-15 ) ) ;
#2148 = EDGE_CURVE ( 'NONE', #10016, #8143, #4299, .T. ) ;
#2149 = EDGE_CURVE ( 'NONE', #9227, #10495, #2496, .T. ) ;
#2150 = FACE_OUTER_BOUND ( 'NONE', #76, .T. ) ;
#2151 = ORIENTED_EDGE ( 'NONE', *, *, #9930, .T. ) ;
#2152 = CARTESIAN_POINT ( 'NONE',  ( 0.1137795275590551269, 0.2834645669291047665, -0.09763779527556082360 ) ) ;
#2153 = VERTEX_POINT ( 'NONE', #10276 ) ;
#2154 = ORIENTED_EDGE ( 'NONE', *, *, #9584, .T. ) ;
#2155 = DIRECTION ( 'NONE',  ( 0.000000000000000000, -1.000000000000000000, -3.491481338843134933E-15 ) ) ;
#2156 = ORIENTED_EDGE ( 'NONE', *, *, #10540, .T. ) ;
#2157 = AXIS2_PLACEMENT_3D ( 'NONE', #5763, #4286, #1748 ) ;
#2158 = VECTOR ( 'NONE', #7626, 39.37007874015748143 ) ;
#2159 = DIRECTION ( 'NONE',  ( -1.000000000000000000, 0.000000000000000000, 0.000000000000000000 ) ) ;
#2160 = ADVANCED_FACE ( 'NONE', ( #22 ), #1652, .T. ) ;
#2161 = CARTESIAN_POINT ( 'NONE',  ( -0.1744460153224803300, 0.2421259842519382366, 0.2442895309760142186 ) ) ;
#2162 = CARTESIAN_POINT ( 'NONE',  ( -0.02657480314960630058, 0.2309529165521752303, 0.05719542721420283610 ) ) ;
#2163 = CARTESIAN_POINT ( 'NONE',  ( -0.1958661417105905800, 0.2165354330708373909, -0.2185039370078444843 ) ) ;
#2164 = DIRECTION ( 'NONE',  ( -1.000000000000000000, 0.000000000000000000, 0.000000000000000000 ) ) ;
#2165 = ORIENTED_EDGE ( 'NONE', *, *, #1530, .F. ) ;
#2166 = CARTESIAN_POINT ( 'NONE',  ( -0.1820866139388976346, 0.2165354330708373909, -0.2421259842521476524 ) ) ;
#2167 = VECTOR ( 'NONE', #6190, 39.37007874015748143 ) ;
#2168 = VERTEX_POINT ( 'NONE', #2662 ) ;
#2169 = EDGE_LOOP ( 'NONE', ( #4255, #1378, #7703, #1298, #28, #4405, #6854, #2382, #6683, #10980, #10917, #1824, #8185, #5384, #134, #3810, #5082, #79 ) ) ;
#2170 = CIRCLE ( 'NONE', #6117, 0.2908222673543306436 ) ;
#2171 = CARTESIAN_POINT ( 'NONE',  ( 0.01181102362204724393, 0.2125984251968212890, -0.07795275590548228495 ) ) ;
#2172 = CARTESIAN_POINT ( 'NONE',  ( 0.03444881913249606131, 0.2165354330708373909, -0.2185039370078444843 ) ) ;
#2173 = AXIS2_PLACEMENT_3D ( 'NONE', #8683, #278, #10417 ) ;
#2174 = DIRECTION ( 'NONE',  ( 0.000000000000000000, -0.4520890721125805922, 0.8919727971616542295 ) ) ;
#2175 = ADVANCED_FACE ( 'NONE', ( #7974 ), #2776, .F. ) ;
#2176 = DIRECTION ( 'NONE',  ( 0.000000000000000000, 3.491481338843134933E-15, -1.000000000000000000 ) ) ;
#2177 = ORIENTED_EDGE ( 'NONE', *, *, #10531, .F. ) ;
#2178 = LINE ( 'NONE', #5615, #8953 ) ;
#2179 = CARTESIAN_POINT ( 'NONE',  ( 0.2909448818897638067, 0.2165354330708362252, 0.09921259842522638095 ) ) ;
#2180 = DIRECTION ( 'NONE',  ( -1.243218491116712088E-13, -0.8333333333337853421, 0.5527707983918850321 ) ) ;
#2181 = ORIENTED_EDGE ( 'NONE', *, *, #4790, .F. ) ;
#2182 = CARTESIAN_POINT ( 'NONE',  ( 0.2850393700787401952, 0.2165354330708365860, 0.05787401574806102372 ) ) ;
#2183 = ORIENTED_EDGE ( 'NONE', *, *, #2606, .T. ) ;
#2184 = AXIS2_PLACEMENT_3D ( 'NONE', #5155, #6166, #5269 ) ;
#2185 = VECTOR ( 'NONE', #9646, 39.37007874015748143 ) ;
#2186 = CARTESIAN_POINT ( 'NONE',  ( -0.1092519682694882005, 0.2165354330708373909, -0.2185039370078444843 ) ) ;
#2187 = CARTESIAN_POINT ( 'NONE',  ( 0.1072834648018897719, 0.2165354330708373909, -0.2421259842519980499 ) ) ;
#2188 = PLANE ( 'NONE',  #51 ) ;
#2189 = DIRECTION ( 'NONE',  ( 1.000000000000000000, 0.000000000000000000, 0.000000000000000000 ) ) ;
#2190 = EDGE_CURVE ( 'NONE', #4611, #5692, #9539, .T. ) ;
#2191 = CARTESIAN_POINT ( 'NONE',  ( -0.2618110236220472231, 0.2834645669291035452, 0.2480314960630220500 ) ) ;
#2192 = EDGE_CURVE ( 'NONE', #7477, #10909, #10441, .T. ) ;
#2193 = ORIENTED_EDGE ( 'NONE', *, *, #1541, .T. ) ;
#2194 = DIRECTION ( 'NONE',  ( 1.254060512841568899E-13, -0.8333333333340611215, 0.5527707983914694756 ) ) ;
#2195 = DIRECTION ( 'NONE',  ( -1.000000000000000000, 0.000000000000000000, 0.000000000000000000 ) ) ;
#2196 = ORIENTED_EDGE ( 'NONE', *, *, #1153, .T. ) ;
#2197 = ORIENTED_EDGE ( 'NONE', *, *, #10703, .F. ) ;
#2198 = CARTESIAN_POINT ( 'NONE',  ( -0.2909448818897243938, 0.2165354330708362252, 0.09921259842467521073 ) ) ;
#2199 = ORIENTED_EDGE ( 'NONE', *, *, #7221, .T. ) ;
#2200 = VECTOR ( 'NONE', #2576, 39.37007874015748143 ) ;
#2201 = EDGE_CURVE ( 'NONE', #152, #8015, #1027, .T. ) ;
#2202 = FACE_OUTER_BOUND ( 'NONE', #8569, .T. ) ;
#2203 = CARTESIAN_POINT ( 'NONE',  ( -0.2771653543307086576, 0.2224409448818602253, 0.05787401574806102372 ) ) ;
#2204 = AXIS2_PLACEMENT_3D ( 'NONE', #5000, #2411, #8560 ) ;
#2205 = DIRECTION ( 'NONE',  ( 0.000000000000000000, 3.491481338843134933E-15, -1.000000000000000000 ) ) ;
#2206 = ORIENTED_EDGE ( 'NONE', *, *, #10331, .T. ) ;
#2207 = LINE ( 'NONE', #5641, #3599 ) ;
#2208 = VERTEX_POINT ( 'NONE', #6089 ) ;
#2209 = ORIENTED_EDGE ( 'NONE', *, *, #4746, .T. ) ;
#2210 = CARTESIAN_POINT ( 'NONE',  ( 0.1196850393700787524, 0.2834645669291039338, 0.1444881889764076943 ) ) ;
#2211 = ORIENTED_EDGE ( 'NONE', *, *, #5524, .T. ) ;
#2212 = ADVANCED_FACE ( 'NONE', ( #5192 ), #3674, .F. ) ;
#2213 = ADVANCED_FACE ( 'NONE', ( #8648 ), #7915, .T. ) ;
#2214 = VECTOR ( 'NONE', #5421, 39.37007874015748143 ) ;
#2215 = CARTESIAN_POINT ( 'NONE',  ( 0.1299212598425196763, 0.2125984251968204841, 0.07952755905514763413 ) ) ;
#2216 = EDGE_CURVE ( 'NONE', #719, #931, #5363, .T. ) ;
#2217 = DIRECTION ( 'NONE',  ( 0.000000000000000000, 3.491481338843134933E-15, -1.000000000000000000 ) ) ;
#2218 = CARTESIAN_POINT ( 'NONE',  ( 0.000000000000000000, 0.2125984251968204841, 0.07952755905514763413 ) ) ;
#2219 = CARTESIAN_POINT ( 'NONE',  ( 0.1564960629919684987, 0.2165354330708373909, -0.2480314960630216614 ) ) ;
#2220 = CARTESIAN_POINT ( 'NONE',  ( 0.1250000000000000000, 0.2303149606298921792, -0.05433070866142708510 ) ) ;
#2221 = VERTEX_POINT ( 'NONE', #3504 ) ;
#2222 = CARTESIAN_POINT ( 'NONE',  ( 0.1998031496067716462, 0.2165354330708373909, -0.2421259842520570860 ) ) ;
#2223 = ORIENTED_EDGE ( 'NONE', *, *, #4746, .F. ) ;
#2224 = ORIENTED_EDGE ( 'NONE', *, *, #2612, .F. ) ;
#2225 = PLANE ( 'NONE',  #1274 ) ;
#2226 = EDGE_CURVE ( 'NONE', #9503, #11136, #2721, .T. ) ;
#2227 = DIRECTION ( 'NONE',  ( 1.000000000000000000, 0.000000000000000000, 3.847038428519427116E-11 ) ) ;
#2228 = CYLINDRICAL_SURFACE ( 'NONE', #8600, 0.02362204724409448786 ) ;
#2229 = CARTESIAN_POINT ( 'NONE',  ( 0.1345525796382283645, 0.2775590551180799337, 0.2201693093386125899 ) ) ;
#2230 = VERTEX_POINT ( 'NONE', #7854 ) ;
#2231 = DIRECTION ( 'NONE',  ( 0.000000000000000000, 3.491481338843134933E-15, -1.000000000000000000 ) ) ;
#2232 = DIRECTION ( 'NONE',  ( -2.274375482736999994E-13, -3.491481338843134933E-15, 1.000000000000000000 ) ) ;
#2233 = DIRECTION ( 'NONE',  ( 0.000000000000000000, -0.4520890721125807588, 0.8919727971616544515 ) ) ;
#2234 = ORIENTED_EDGE ( 'NONE', *, *, #4250, .T. ) ;
#2235 = CARTESIAN_POINT ( 'NONE',  ( -0.1744460153234252131, 0.2775590551180799337, 0.2442895309764078760 ) ) ;
#2236 = ORIENTED_EDGE ( 'NONE', *, *, #9141, .T. ) ;
#2237 = CARTESIAN_POINT ( 'NONE',  ( -0.08661417322834646937, 0.2125984251968212890, -0.07795275590548228495 ) ) ;
#2238 = EDGE_CURVE ( 'NONE', #8747, #5698, #1817, .T. ) ;
#2239 = VECTOR ( 'NONE', #1582, 39.37007874015748143 ) ;
#2240 = DIRECTION ( 'NONE',  ( 0.000000000000000000, 0.8919727971616544515, 0.4520890721125804257 ) ) ;
#2241 = PLANE ( 'NONE',  #7251 ) ;
#2242 = DIRECTION ( 'NONE',  ( 0.000000000000000000, 3.491481338843134933E-15, -1.000000000000000000 ) ) ;
#2243 = DIRECTION ( 'NONE',  ( 0.000000000000000000, -5.782411586589358822E-15, 1.000000000000000000 ) ) ;
#2244 = ORIENTED_EDGE ( 'NONE', *, *, #6671, .F. ) ;
#2245 = FACE_OUTER_BOUND ( 'NONE', #9925, .T. ) ;
#2246 = LINE ( 'NONE', #10195, #5140 ) ;
#2247 = DIRECTION ( 'NONE',  ( -0.7453559924998994779, -0.6666666666667007135, -2.891205793294680200E-15 ) ) ;
#2248 = ORIENTED_EDGE ( 'NONE', *, *, #6822, .F. ) ;
#2249 = VECTOR ( 'NONE', #5502, 39.37007874015748143 ) ;
#2250 = ORIENTED_EDGE ( 'NONE', *, *, #11085, .F. ) ;
#2251 = DIRECTION ( 'NONE',  ( 1.000000000000000000, 0.000000000000000000, 0.000000000000000000 ) ) ;
#2252 = EDGE_CURVE ( 'NONE', #11019, #864, #1874, .T. ) ;
#2253 = ORIENTED_EDGE ( 'NONE', *, *, #4836, .T. ) ;
#2254 = EDGE_CURVE ( 'NONE', #1273, #6000, #1756, .T. ) ;
#2255 = DIRECTION ( 'NONE',  ( -1.000000000000000000, 0.000000000000000000, 0.000000000000000000 ) ) ;
#2256 = VECTOR ( 'NONE', #10052, 39.37007874015748854 ) ;
#2257 = DIRECTION ( 'NONE',  ( 0.000000000000000000, -3.491481338843135327E-15, 1.000000000000000000 ) ) ;
#2258 = VERTEX_POINT ( 'NONE', #7057 ) ;
#2259 = EDGE_CURVE ( 'NONE', #10101, #9981, #9601, .T. ) ;
#2260 = DIRECTION ( 'NONE',  ( 0.000000000000000000, -1.000000000000000000, -3.491481338843134933E-15 ) ) ;
#2261 = ORIENTED_EDGE ( 'NONE', *, *, #6286, .F. ) ;
#2262 = EDGE_LOOP ( 'NONE', ( #10137, #5721, #5157, #1862, #2556, #10389, #5098 ) ) ;
#2263 = CARTESIAN_POINT ( 'NONE',  ( -0.2909448818897638067, 0.2106299212598126414, 0.06479275320006891437 ) ) ;
#2264 = ORIENTED_EDGE ( 'NONE', *, *, #108, .T. ) ;
#2265 = VECTOR ( 'NONE', #2563, 39.37007874015748143 ) ;
#2266 = FACE_OUTER_BOUND ( 'NONE', #1201, .T. ) ;
#2267 = VECTOR ( 'NONE', #1931, 39.37007874015748854 ) ;
#2268 = ORIENTED_EDGE ( 'NONE', *, *, #10600, .F. ) ;
#2269 = ADVANCED_FACE ( 'NONE', ( #9654 ), #1933, .F. ) ;
#2270 = DIRECTION ( 'NONE',  ( -1.006602209019000110E-13, 5.031914767135159913E-12, 1.000000000000000000 ) ) ;
#2271 = CIRCLE ( 'NONE', #6041, 0.02362204724409448092 ) ;
#2272 = CARTESIAN_POINT ( 'NONE',  ( -0.02657480314960630058, 0.2440944881889468288, 0.0007874015747934192061 ) ) ;
#2273 = DIRECTION ( 'NONE',  ( 1.000000000000000000, 0.000000000000000000, 0.000000000000000000 ) ) ;
#2274 = EDGE_CURVE ( 'NONE', #7872, #4893, #8248, .T. ) ;
#2275 = FACE_OUTER_BOUND ( 'NONE', #5784, .T. ) ;
#2276 = DIRECTION ( 'NONE',  ( 0.000000000000000000, -1.000000000000000000, -3.491481338843134933E-15 ) ) ;
#2277 = ORIENTED_EDGE ( 'NONE', *, *, #9869, .T. ) ;
#2278 = EDGE_CURVE ( 'NONE', #4786, #3496, #3742, .T. ) ;
#2279 = CARTESIAN_POINT ( 'NONE',  ( 0.01181102362204724393, 0.2421259842519385974, 0.07952755905514784229 ) ) ;
#2280 = ORIENTED_EDGE ( 'NONE', *, *, #602, .T. ) ;
#2281 = VERTEX_POINT ( 'NONE', #3267 ) ;
#2282 = PLANE ( 'NONE',  #8299 ) ;
#2283 = CIRCLE ( 'NONE', #6411, 0.02952755905511810289 ) ;
#2284 = VECTOR ( 'NONE', #5452, 39.37007874015748143 ) ;
#2285 = LINE ( 'NONE', #1442, #2936 ) ;
#2286 = DIRECTION ( 'NONE',  ( 0.000000000000000000, -2.891205793294678622E-15, 1.000000000000000000 ) ) ;
#2287 = DIRECTION ( 'NONE',  ( -1.000000000000000000, -0.000000000000000000, 0.000000000000000000 ) ) ;
#2288 = VERTEX_POINT ( 'NONE', #8463 ) ;
#2289 = DIRECTION ( 'NONE',  ( -1.000000000000000000, 0.000000000000000000, -4.545553748172449427E-11 ) ) ;
#2290 = EDGE_CURVE ( 'NONE', #4736, #2208, #9413, .T. ) ;
#2291 = CARTESIAN_POINT ( 'NONE',  ( -0.06594488165523622325, 0.2106299212598137516, -0.2132217023433504166 ) ) ;
#2292 = VECTOR ( 'NONE', #4373, 39.37007874015748143 ) ;
#2293 = ORIENTED_EDGE ( 'NONE', *, *, #7666, .T. ) ;
#2294 = EDGE_CURVE ( 'NONE', #8210, #8343, #5232, .T. ) ;
#2295 = VECTOR ( 'NONE', #539, 39.37007874015748143 ) ;
#2296 = CARTESIAN_POINT ( 'NONE',  ( -0.1899606296869685296, 0.2165354330708373909, -0.2421259842518799221 ) ) ;
#2297 = ORIENTED_EDGE ( 'NONE', *, *, #9453, .F. ) ;
#2298 = LINE ( 'NONE', #1016, #4321 ) ;
#2299 = ORIENTED_EDGE ( 'NONE', *, *, #6272, .F. ) ;
#2300 = VECTOR ( 'NONE', #7743, 39.37007874015748143 ) ;
#2301 = CARTESIAN_POINT ( 'NONE',  ( -0.1348425196850394081, 0.2598425196850102648, -0.05433070866142700878 ) ) ;
#2302 = FACE_OUTER_BOUND ( 'NONE', #8355, .T. ) ;
#2303 = PLANE ( 'NONE',  #8996 ) ;
#2304 = DIRECTION ( 'NONE',  ( 1.000000000000000000, 0.000000000000000000, 0.000000000000000000 ) ) ;
#2305 = EDGE_LOOP ( 'NONE', ( #10158, #6793, #3554, #11141 ) ) ;
#2306 = CARTESIAN_POINT ( 'NONE',  ( -0.008858267481783465083, 0.2106299212598137516, -0.2132217023433240211 ) ) ;
#2307 = FACE_OUTER_BOUND ( 'NONE', #7090, .T. ) ;
#2308 = EDGE_CURVE ( 'NONE', #3723, #5042, #1221, .T. ) ;
#2309 = PLANE ( 'NONE',  #7032 ) ;
#2310 = AXIS2_PLACEMENT_3D ( 'NONE', #5894, #9237, #7864 ) ;
#2311 = ORIENTED_EDGE ( 'NONE', *, *, #4574, .F. ) ;
#2312 = LINE ( 'NONE', #1472, #29 ) ;
#2313 = ORIENTED_EDGE ( 'NONE', *, *, #6866, .T. ) ;
#2314 = AXIS2_PLACEMENT_3D ( 'NONE', #8396, #3513, #662 ) ;
#2315 = CARTESIAN_POINT ( 'NONE',  ( 0.1998031496067716462, 0.2165354330708373909, -0.2185039370078444843 ) ) ;
#2316 = LINE ( 'NONE', #4962, #8914 ) ;
#2317 = FACE_OUTER_BOUND ( 'NONE', #10797, .T. ) ;
#2318 = EDGE_CURVE ( 'NONE', #9512, #7105, #5909, .T. ) ;
#2319 = ORIENTED_EDGE ( 'NONE', *, *, #4637, .F. ) ;
#2320 = ORIENTED_EDGE ( 'NONE', *, *, #6229, .T. ) ;
#2321 = ORIENTED_EDGE ( 'NONE', *, *, #2329, .T. ) ;
#2322 = LINE ( 'NONE', #5752, #9356 ) ;
#2323 = ORIENTED_EDGE ( 'NONE', *, *, #902, .T. ) ;
#2324 = VECTOR ( 'NONE', #1304, 39.37007874015748143 ) ;
#2325 = CARTESIAN_POINT ( 'NONE',  ( -0.1033464564584252038, 0.2165354330708373909, -0.2421259842518799221 ) ) ;
#2326 = ORIENTED_EDGE ( 'NONE', *, *, #10972, .F. ) ;
#2327 = FACE_OUTER_BOUND ( 'NONE', #5814, .T. ) ;
#2328 = AXIS2_PLACEMENT_3D ( 'NONE', #5733, #7322, #3091 ) ;
#2329 = EDGE_CURVE ( 'NONE', #1272, #10781, #11053, .T. ) ;
#2330 = DIRECTION ( 'NONE',  ( 0.000000000000000000, 1.000000000000000000, 2.891205793294679411E-15 ) ) ;
#2331 = DIRECTION ( 'NONE',  ( 1.000000000000000000, 0.000000000000000000, 0.000000000000000000 ) ) ;
#2332 = CARTESIAN_POINT ( 'NONE',  ( 0.2135826771653543399, 0.2125984251968346672, -0.2125984251968208727 ) ) ;
#2333 = DIRECTION ( 'NONE',  ( -1.000000000000000000, 0.000000000000000000, 0.000000000000000000 ) ) ;
#2334 = ORIENTED_EDGE ( 'NONE', *, *, #2063, .T. ) ;
#2335 = CARTESIAN_POINT ( 'NONE',  ( -0.1348425196850394081, 0.2303149606298921792, -0.07795275590552164235 ) ) ;
#2336 = ORIENTED_EDGE ( 'NONE', *, *, #121, .T. ) ;
#2337 = ORIENTED_EDGE ( 'NONE', *, *, #8300, .F. ) ;
#2338 = PLANE ( 'NONE',  #3073 ) ;
#2339 = AXIS2_PLACEMENT_3D ( 'NONE', #122, #7790, #10431 ) ;
#2340 = ADVANCED_FACE ( 'NONE', ( #6702 ), #787, .F. ) ;
#2341 = DIRECTION ( 'NONE',  ( 0.000000000000000000, -3.469446951953613794E-15, 1.000000000000000000 ) ) ;
#2342 = DIRECTION ( 'NONE',  ( -1.000000000000000000, 0.000000000000000000, 0.000000000000000000 ) ) ;
#2343 = PLANE ( 'NONE',  #10352 ) ;
#2344 = ORIENTED_EDGE ( 'NONE', *, *, #2409, .T. ) ;
#2345 = VECTOR ( 'NONE', #2903, 39.37007874015748854 ) ;
#2346 = DIRECTION ( 'NONE',  ( 0.000000000000000000, 1.000000000000000000, 3.491481338843134933E-15 ) ) ;
#2347 = AXIS2_PLACEMENT_3D ( 'NONE', #880, #3474, #1048 ) ;
#2348 = DIRECTION ( 'NONE',  ( 0.8681403641343901079, 1.732887676813595428E-15, -0.4963187566076951440 ) ) ;
#2349 = VERTEX_POINT ( 'NONE', #4340 ) ;
#2350 = FACE_OUTER_BOUND ( 'NONE', #3385, .T. ) ;
#2351 = EDGE_LOOP ( 'NONE', ( #1692, #6676, #333, #4540 ) ) ;
#2352 = CYLINDRICAL_SURFACE ( 'NONE', #7941, 0.005905511811082679759 ) ;
#2353 = ORIENTED_EDGE ( 'NONE', *, *, #4382, .T. ) ;
#2354 = AXIS2_PLACEMENT_3D ( 'NONE', #5125, #7730, #5 ) ;
#2355 = EDGE_CURVE ( 'NONE', #10323, #8132, #6015, .T. ) ;
#2356 = AXIS2_PLACEMENT_3D ( 'NONE', #5311, #6156, #7862 ) ;
#2357 = EDGE_CURVE ( 'NONE', #10102, #7061, #7782, .T. ) ;
#2358 = LINE ( 'NONE', #1881, #11129 ) ;
#2359 = DIRECTION ( 'NONE',  ( -4.086212849566999952E-11, -1.000000000000000000, -1.436829712261883907E-11 ) ) ;
#2360 = DIRECTION ( 'NONE',  ( 1.000000000000000000, 0.000000000000000000, 0.000000000000000000 ) ) ;
#2361 = FACE_OUTER_BOUND ( 'NONE', #1795, .T. ) ;
#2362 = ORIENTED_EDGE ( 'NONE', *, *, #5669, .F. ) ;
#2363 = LINE ( 'NONE', #5629, #5329 ) ;
#2364 = DIRECTION ( 'NONE',  ( -1.000000000000000000, 0.000000000000000000, 0.000000000000000000 ) ) ;
#2365 = CARTESIAN_POINT ( 'NONE',  ( 0.2055118110236220375, 0.2421259842519393746, -0.1082677165354035409 ) ) ;
#2366 = VECTOR ( 'NONE', #7387, 39.37007874015748143 ) ;
#2367 = ORIENTED_EDGE ( 'NONE', *, *, #4369, .F. ) ;
#2368 = DIRECTION ( 'NONE',  ( 0.000000000000000000, 3.491481338843134933E-15, -1.000000000000000000 ) ) ;
#2369 = VERTEX_POINT ( 'NONE', #3319 ) ;
#2370 = ADVANCED_FACE ( 'NONE', ( #6918 ), #1636, .T. ) ;
#2371 = CIRCLE ( 'NONE', #10467, 0.01377952755905512312 ) ;
#2372 = DIRECTION ( 'NONE',  ( 0.000000000000000000, 0.4520890721125805922, -0.8919727971616542295 ) ) ;
#2373 = CARTESIAN_POINT ( 'NONE',  ( 0.1998031496067716462, 0.2165354330708373909, -0.2125984251968208727 ) ) ;
#2374 = DIRECTION ( 'NONE',  ( 0.000000000000000000, -1.000000000000000000, -3.491481338843134933E-15 ) ) ;
#2375 = ORIENTED_EDGE ( 'NONE', *, *, #8975, .F. ) ;
#2376 = ORIENTED_EDGE ( 'NONE', *, *, #3558, .F. ) ;
#2377 = VERTEX_POINT ( 'NONE', #676 ) ;
#2378 = DIRECTION ( 'NONE',  ( -2.262277740811999604E-13, 3.491481338843134933E-15, -1.000000000000000000 ) ) ;
#2379 = CIRCLE ( 'NONE', #5434, 0.005905511811023620231 ) ;
#2380 = EDGE_LOOP ( 'NONE', ( #10348, #1287, #1182, #8 ) ) ;
#2381 = CARTESIAN_POINT ( 'NONE',  ( 0.2155319189758475307, 0.1909448818897346856, -0.1102973840608038186 ) ) ;
#2382 = ORIENTED_EDGE ( 'NONE', *, *, #10746, .F. ) ;
#2383 = ADVANCED_FACE ( 'NONE', ( #7617 ), #1686, .T. ) ;
#2384 = DIRECTION ( 'NONE',  ( -7.105427357601000597E-14, 1.000000000000000000, 3.491481338843134933E-15 ) ) ;
#2385 = VECTOR ( 'NONE', #1515, 39.37007874015748143 ) ;
#2386 = LINE ( 'NONE', #7632, #1539 ) ;
#2387 = LINE ( 'NONE', #5817, #3014 ) ;
#2388 = CARTESIAN_POINT ( 'NONE',  ( -0.2909448818897243938, 0.2165354330708362252, 0.08149606299215550465 ) ) ;
#2389 = VERTEX_POINT ( 'NONE', #7669 ) ;
#2390 = CARTESIAN_POINT ( 'NONE',  ( 0.08169291338582677919, 0.2303149606298921792, -0.07795275590552164235 ) ) ;
#2391 = ORIENTED_EDGE ( 'NONE', *, *, #7449, .T. ) ;
#2392 = ORIENTED_EDGE ( 'NONE', *, *, #7250, .T. ) ;
#2393 = LINE ( 'NONE', #9273, #7758 ) ;
#2394 = AXIS2_PLACEMENT_3D ( 'NONE', #8382, #1871, #10328 ) ;
#2395 = EDGE_CURVE ( 'NONE', #4472, #10888, #10317, .T. ) ;
#2396 = EDGE_CURVE ( 'NONE', #3717, #6369, #6754, .T. ) ;
#2397 = LINE ( 'NONE', #8493, #465 ) ;
#2398 = DIRECTION ( 'NONE',  ( 1.000000000000000000, 0.000000000000000000, 0.000000000000000000 ) ) ;
#2399 = ORIENTED_EDGE ( 'NONE', *, *, #9152, .T. ) ;
#2400 = DIRECTION ( 'NONE',  ( 0.000000000000000000, -5.782411586589358822E-15, 1.000000000000000000 ) ) ;
#2401 = CARTESIAN_POINT ( 'NONE',  ( 0.03838582677165354451, 0.2351129816986712584, -0.03819606597134834330 ) ) ;
#2402 = ORIENTED_EDGE ( 'NONE', *, *, #4536, .F. ) ;
#2403 = CARTESIAN_POINT ( 'NONE',  ( -0.008858267481783465083, 0.2106299212598137516, -0.2421259842518996008 ) ) ;
#2404 = EDGE_CURVE ( 'NONE', #8429, #1739, #10997, .T. ) ;
#2405 = EDGE_LOOP ( 'NONE', ( #5753, #2948, #2675, #8875 ) ) ;
#2406 = CARTESIAN_POINT ( 'NONE',  ( 0.1549896822516141914, 0.2125984251968200955, 0.2314365286925492426 ) ) ;
#2407 = ORIENTED_EDGE ( 'NONE', *, *, #5396, .T. ) ;
#2408 = VECTOR ( 'NONE', #4202, 39.37007874015748854 ) ;
#2409 = EDGE_CURVE ( 'NONE', #3695, #2554, #6796, .T. ) ;
#2410 = DIRECTION ( 'NONE',  ( -1.000000000000000000, 0.000000000000000000, 0.000000000000000000 ) ) ;
#2411 = DIRECTION ( 'NONE',  ( -1.000000000000000000, -0.000000000000000000, 0.000000000000000000 ) ) ;
#2412 = CARTESIAN_POINT ( 'NONE',  ( 0.2055118110236220375, 0.2755905511810732289, -0.1082677165354033466 ) ) ;
#2413 = CARTESIAN_POINT ( 'NONE',  ( -0.04822834645669291098, 0.2362204724409153467, 0.05986524456920295362 ) ) ;
#2414 = EDGE_LOOP ( 'NONE', ( #1725, #3539, #55, #9613, #3594, #9, #9564 ) ) ;
#2415 = LINE ( 'NONE', #8351, #657 ) ;
#2416 = PLANE ( 'NONE',  #9106 ) ;
#2417 = CARTESIAN_POINT ( 'NONE',  ( -0.06594488165523622325, 0.2224409448818610024, -0.2185039370078444843 ) ) ;
#2418 = EDGE_CURVE ( 'NONE', #112, #5234, #2532, .T. ) ;
#2419 = EDGE_CURVE ( 'NONE', #8211, #412, #6260, .T. ) ;
#2420 = VERTEX_POINT ( 'NONE', #7037 ) ;
#2421 = LINE ( 'NONE', #9927, #10108 ) ;
#2422 = EDGE_LOOP ( 'NONE', ( #877, #1412, #797, #9691, #2795, #6079, #2572, #8571, #7836, #6470, #2353, #9089, #41, #9072, #7325, #8019, #7707, #7683, #3299, #3101, #3076, #682, #10282, #2056, #4615, #9435, #7668, #1359, #2682, #3946, #9631, #2399, #6340, #1779, #1838, #10311, #9332, #5606, #10300, #3740, #10336, #4099, #2656, #3350 ) ) ;
#2423 = VECTOR ( 'NONE', #8452, 39.37007874015748143 ) ;
#2424 = EDGE_CURVE ( 'NONE', #8196, #5460, #2812, .T. ) ;
#2425 = CARTESIAN_POINT ( 'NONE',  ( 0.1250000000000000000, 0.2303149606298921792, -0.07795275590552164235 ) ) ;
#2426 = CARTESIAN_POINT ( 'NONE',  ( -0.1564960629921260116, 0.2440944881889468288, 0.0007874015747934192061 ) ) ;
#2427 = CARTESIAN_POINT ( 'NONE',  ( 0.2771653543307086576, 0.2106299212598126414, 0.1051181102362499925 ) ) ;
#2428 = CARTESIAN_POINT ( 'NONE',  ( 0.1033464566929133965, 0.2362204724409153467, 0.05986524456920295362 ) ) ;
#2429 = CIRCLE ( 'NONE', #457, 0.005905511811023620231 ) ;
#2430 = EDGE_LOOP ( 'NONE', ( #4943, #10891, #5326, #9814 ) ) ;
#2431 = ORIENTED_EDGE ( 'NONE', *, *, #4776, .F. ) ;
#2432 = EDGE_CURVE ( 'NONE', #6971, #123, #10658, .T. ) ;
#2433 = CARTESIAN_POINT ( 'NONE',  ( 0.1250000000000000000, 0.2362204724409157630, -0.05433070866142708510 ) ) ;
#2434 = ORIENTED_EDGE ( 'NONE', *, *, #6671, .T. ) ;
#2435 = CARTESIAN_POINT ( 'NONE',  ( -0.9444047244094487814, 0.2224409448818610024, -0.2185039370078444843 ) ) ;
#2436 = ORIENTED_EDGE ( 'NONE', *, *, #4940, .F. ) ;
#2437 = AXIS2_PLACEMENT_3D ( 'NONE', #5648, #4704, #7462 ) ;
#2438 = CARTESIAN_POINT ( 'NONE',  ( -0.1781496062992126150, 0.2303149606298921792, -0.05433070866142708510 ) ) ;
#2439 = CARTESIAN_POINT ( 'NONE',  ( 0.1250000000000000000, 0.2351129816986712584, -0.03819606597134834330 ) ) ;
#2440 = CARTESIAN_POINT ( 'NONE',  ( 0.1643700787405905361, 0.2106299212598137516, -0.2132217023432279590 ) ) ;
#2441 = DIRECTION ( 'NONE',  ( 0.000000000000000000, 3.491481338843134933E-15, -1.000000000000000000 ) ) ;
#2442 = ORIENTED_EDGE ( 'NONE', *, *, #1979, .T. ) ;
#2443 = EDGE_CURVE ( 'NONE', #8143, #5755, #955, .T. ) ;
#2444 = VECTOR ( 'NONE', #6029, 39.37007874015748143 ) ;
#2445 = DIRECTION ( 'NONE',  ( -2.077153264205000021E-11, -1.000000000000000000, -8.139205805791838687E-12 ) ) ;
#2446 = ORIENTED_EDGE ( 'NONE', *, *, #5657, .T. ) ;
#2447 = ORIENTED_EDGE ( 'NONE', *, *, #3139, .F. ) ;
#2448 = LINE ( 'NONE', #5931, #5934 ) ;
#2449 = AXIS2_PLACEMENT_3D ( 'NONE', #2875, #6250, #8126 ) ;
#2450 = CARTESIAN_POINT ( 'NONE',  ( 0.1505905511814173148, 0.2125984251968350558, -0.2066929133858445011 ) ) ;
#2451 = DIRECTION ( 'NONE',  ( 0.000000000000000000, -3.491481338843134933E-15, 1.000000000000000000 ) ) ;
#2452 = ORIENTED_EDGE ( 'NONE', *, *, #8945, .T. ) ;
#2453 = CARTESIAN_POINT ( 'NONE',  ( 0.06397637818759842332, 0.2106299212598137516, -0.2132217023433520264 ) ) ;
#2454 = CARTESIAN_POINT ( 'NONE',  ( 0.2653543307086614345, 0.2224409448818598367, 0.1051181102362502007 ) ) ;
#2455 = ORIENTED_EDGE ( 'NONE', *, *, #10746, .T. ) ;
#2456 = ADVANCED_FACE ( 'NONE', ( #285 ), #5403, .T. ) ;
#2457 = DATE_TIME_ROLE ( 'creation_date' ) ;
#2458 = DIRECTION ( 'NONE',  ( -1.000000000000000000, 0.000000000000000000, 0.000000000000000000 ) ) ;
#2459 = ORIENTED_EDGE ( 'NONE', *, *, #7954, .F. ) ;
#2460 = EDGE_LOOP ( 'NONE', ( #5741, #2407, #7789, #449 ) ) ;
#2461 = AXIS2_PLACEMENT_3D ( 'NONE', #7945, #5456, #1000 ) ;
#2462 = CARTESIAN_POINT ( 'NONE',  ( -0.1132526673547244178, 0.2421259842519382366, 0.2105515555275885575 ) ) ;
#2463 = VECTOR ( 'NONE', #1731, 39.37007874015748143 ) ;
#2464 = EDGE_LOOP ( 'NONE', ( #9765, #10805, #4012, #8801 ) ) ;
#2465 = PLANE ( 'NONE',  #866 ) ;
#2466 = CARTESIAN_POINT ( 'NONE',  ( -0.1525590548837795490, 0.2106299212598137516, -0.2421259842517657634 ) ) ;
#2467 = AXIS2_PLACEMENT_3D ( 'NONE', #2109, #5706, #3120 ) ;
#2468 = LINE ( 'NONE', #5896, #2996 ) ;
#2469 = VECTOR ( 'NONE', #4986, 39.37007874015748143 ) ;
#2470 = DIRECTION ( 'NONE',  ( -1.000000000000000000, 0.000000000000000000, 0.000000000000000000 ) ) ;
#2471 = VERTEX_POINT ( 'NONE', #9753 ) ;
#2472 = DIRECTION ( 'NONE',  ( 1.000000000000000000, 0.000000000000000000, 0.000000000000000000 ) ) ;
#2473 = DIRECTION ( 'NONE',  ( 0.000000000000000000, 3.491481338843134933E-15, -1.000000000000000000 ) ) ;
#2474 = EDGE_CURVE ( 'NONE', #8255, #5089, #3751, .T. ) ;
#2475 = EDGE_CURVE ( 'NONE', #4793, #8950, #4466, .T. ) ;
#2476 = LINE ( 'NONE', #10088, #4698 ) ;
#2477 = ORIENTED_EDGE ( 'NONE', *, *, #6124, .F. ) ;
#2478 = VECTOR ( 'NONE', #3912, 39.37007874015748143 ) ;
#2479 = FACE_OUTER_BOUND ( 'NONE', #6362, .T. ) ;
#2480 = VERTEX_POINT ( 'NONE', #8064 ) ;
#2481 = DIRECTION ( 'NONE',  ( 1.000000000000000000, 0.000000000000000000, 0.000000000000000000 ) ) ;
#2482 = ADVANCED_FACE ( 'NONE', ( #10538 ), #9579, .T. ) ;
#2483 = LINE ( 'NONE', #5910, #6997 ) ;
#2484 = CARTESIAN_POINT ( 'NONE',  ( -0.09153543307086613179, 0.2556349392492224815, -0.006742098347214430139 ) ) ;
#2485 = AXIS2_PLACEMENT_3D ( 'NONE', #4102, #5787, #4156 ) ;
#2486 = ORIENTED_EDGE ( 'NONE', *, *, #2062, .F. ) ;
#2487 = PLANE ( 'NONE',  #6472 ) ;
#2488 = VERTEX_POINT ( 'NONE', #2702 ) ;
#2489 = DIRECTION ( 'NONE',  ( -0.8757303101580595772, 1.685689301590199531E-15, -0.4828006046707779553 ) ) ;
#2490 = ORIENTED_EDGE ( 'NONE', *, *, #4536, .T. ) ;
#2491 = AXIS2_PLACEMENT_3D ( 'NONE', #5083, #2493, #5921 ) ;
#2492 = EDGE_CURVE ( 'NONE', #10048, #6847, #2025, .T. ) ;
#2493 = DIRECTION ( 'NONE',  ( 0.000000000000000000, 0.8375070198036269620, -0.5464265657704129309 ) ) ;
#2494 = ADVANCED_FACE ( 'NONE', ( #5464 ), #4394, .F. ) ;
#2495 = LINE ( 'NONE', #748, #9642 ) ;
#2496 = LINE ( 'NONE', #5924, #3918 ) ;
#2497 = DIRECTION ( 'NONE',  ( 0.000000000000000000, -1.000000000000000000, -3.491481338843135327E-15 ) ) ;
#2498 = ORIENTED_EDGE ( 'NONE', *, *, #8218, .F. ) ;
#2499 = CARTESIAN_POINT ( 'NONE',  ( 0.000000000000000000, 0.2125984251968212890, -0.07795275590548228495 ) ) ;
#2500 = ORIENTED_EDGE ( 'NONE', *, *, #6624, .T. ) ;
#2501 = ORIENTED_EDGE ( 'NONE', *, *, #2254, .F. ) ;
#2502 = PLANE ( 'NONE',  #6835 ) ;
#2503 = CIRCLE ( 'NONE', #7917, 0.01181102362204725434 ) ;
#2504 = EDGE_CURVE ( 'NONE', #415, #721, #6130, .T. ) ;
#2505 = DIRECTION ( 'NONE',  ( 0.000000000000000000, 1.000000000000000000, 3.491481338843134933E-15 ) ) ;
#2506 = LINE ( 'NONE', #762, #6380 ) ;
#2507 = ORIENTED_EDGE ( 'NONE', *, *, #7398, .T. ) ;
#2508 = DIRECTION ( 'NONE',  ( 0.000000000000000000, -0.5464265657704129309, -0.8375070198036269620 ) ) ;
#2509 = ORIENTED_EDGE ( 'NONE', *, *, #5977, .F. ) ;
#2510 = DIRECTION ( 'NONE',  ( 1.000000000000000000, 0.000000000000000000, 0.000000000000000000 ) ) ;
#2511 = ORIENTED_EDGE ( 'NONE', *, *, #11063, .F. ) ;
#2512 = VERTEX_POINT ( 'NONE', #2078 ) ;
#2513 = VECTOR ( 'NONE', #7964, 39.37007874015748143 ) ;
#2514 = FACE_OUTER_BOUND ( 'NONE', #110, .T. ) ;
#2515 = VERTEX_POINT ( 'NONE', #3601 ) ;
#2516 = EDGE_CURVE ( 'NONE', #10888, #10528, #341, .T. ) ;
#2517 = DIRECTION ( 'NONE',  ( -0.9520922816980402770, 1.067732939660060075E-15, -0.3058108682356130426 ) ) ;
#2518 = VECTOR ( 'NONE', #2132, 39.37007874015748143 ) ;
#2519 = VECTOR ( 'NONE', #1562, 39.37007874015748143 ) ;
#2520 = CARTESIAN_POINT ( 'NONE',  ( -0.04822834645669291098, 0.2303149606298921792, -0.05433070866142708510 ) ) ;
#2521 = CARTESIAN_POINT ( 'NONE',  ( 0.1151574805499606391, 0.2106299212598137516, -0.2480314960629626253 ) ) ;
#2522 = VERTEX_POINT ( 'NONE', #4564 ) ;
#2523 = LINE ( 'NONE', #5956, #9124 ) ;
#2524 = CARTESIAN_POINT ( 'NONE',  ( -0.04330708661417323468, 0.2125984251968212890, -0.07795275590548228495 ) ) ;
#2525 = CARTESIAN_POINT ( 'NONE',  ( 0.07775590574677165856, 0.2224409448818610024, -0.2125984251968208727 ) ) ;
#2526 = VERTEX_POINT ( 'NONE', #1064 ) ;
#2527 = CIRCLE ( 'NONE', #3066, 0.02362204724409448092 ) ;
#2528 = AXIS2_PLACEMENT_3D ( 'NONE', #3511, #976, #2610 ) ;
#2529 = DIRECTION ( 'NONE',  ( 1.000000000000000000, 0.000000000000000000, 0.000000000000000000 ) ) ;
#2530 = ORIENTED_EDGE ( 'NONE', *, *, #9081, .F. ) ;
#2531 = EDGE_CURVE ( 'NONE', #8935, #4786, #4453, .T. ) ;
#2532 = LINE ( 'NONE', #6073, #7893 ) ;
#2533 = EDGE_CURVE ( 'NONE', #11143, #8005, #8433, .T. ) ;
#2534 = PLANE ( 'NONE',  #1061 ) ;
#2535 = AXIS2_PLACEMENT_3D ( 'NONE', #3928, #7260, #8171 ) ;
#2536 = CARTESIAN_POINT ( 'NONE',  ( -0.05216535409606298801, 0.2125984251968570937, -0.2066929133859941592 ) ) ;
#2537 = CIRCLE ( 'NONE', #3981, 0.005905511811082662411 ) ;
#2538 = CARTESIAN_POINT ( 'NONE',  ( -0.1525590548837795490, 0.2125984251968153771, -0.2066929133857185463 ) ) ;
#2539 = ORIENTED_EDGE ( 'NONE', *, *, #4149, .T. ) ;
#2540 = ORIENTED_EDGE ( 'NONE', *, *, #2881, .T. ) ;
#2541 = DIRECTION ( 'NONE',  ( -1.000000000000000000, 0.000000000000000000, 0.000000000000000000 ) ) ;
#2542 = ORIENTED_EDGE ( 'NONE', *, *, #634, .T. ) ;
#2543 = EDGE_CURVE ( 'NONE', #7041, #6611, #10599, .T. ) ;
#2544 = LINE ( 'NONE', #9368, #10283 ) ;
#2545 = ORIENTED_EDGE ( 'NONE', *, *, #1470, .F. ) ;
#2546 = CIRCLE ( 'NONE', #215, 0.01968503937007876764 ) ;
#2547 = EDGE_CURVE ( 'NONE', #348, #3303, #3204, .T. ) ;
#2548 = CARTESIAN_POINT ( 'NONE',  ( -0.06988188976377952832, 0.2616530078181201202, 0.009686792758139901177 ) ) ;
#2549 = DIRECTION ( 'NONE',  ( 0.000000000000000000, -0.8375070198036267399, 0.5464265657704130419 ) ) ;
#2550 = CARTESIAN_POINT ( 'NONE',  ( -0.03149606299212598381, 0.2421259842519385974, 0.07952755905514784229 ) ) ;
#2551 = VECTOR ( 'NONE', #190, 39.37007874015748143 ) ;
#2552 = LINE ( 'NONE', #11015, #10391 ) ;
#2553 = LINE ( 'NONE', #9429, #3450 ) ;
#2554 = VERTEX_POINT ( 'NONE', #9695 ) ;
#2555 = PLANE ( 'NONE',  #3045 ) ;
#2556 = ORIENTED_EDGE ( 'NONE', *, *, #3664, .F. ) ;
#2557 = ORIENTED_EDGE ( 'NONE', *, *, #11110, .T. ) ;
#2558 = EDGE_CURVE ( 'NONE', #1655, #1273, #1971, .T. ) ;
#2559 = EDGE_CURVE ( 'NONE', #5042, #672, #8907, .T. ) ;
#2560 = CARTESIAN_POINT ( 'NONE',  ( -0.2850393700787008378, 0.2106299212598126414, 0.09921259842522638095 ) ) ;
#2561 = EDGE_CURVE ( 'NONE', #9248, #3192, #9012, .T. ) ;
#2562 = VECTOR ( 'NONE', #6573, 39.37007874015748143 ) ;
#2563 = DIRECTION ( 'NONE',  ( -2.782959048380000137E-13, 3.491481338843134933E-15, -1.000000000000000000 ) ) ;
#2564 = DIRECTION ( 'NONE',  ( 0.000000000000000000, 0.8919727971616544515, 0.4520890721125807588 ) ) ;
#2565 = ORIENTED_EDGE ( 'NONE', *, *, #3384, .T. ) ;
#2566 = DIRECTION ( 'NONE',  ( 1.000000000000000000, 0.000000000000000000, 0.000000000000000000 ) ) ;
#2567 = VERTEX_POINT ( 'NONE', #5624 ) ;
#2568 = PERSON_AND_ORGANIZATION ( #883, #3837 ) ;
#2569 = CARTESIAN_POINT ( 'NONE',  ( 0.1250000000000000000, 0.2362204724409153467, 0.05986524456920295362 ) ) ;
#2570 = VECTOR ( 'NONE', #9934, 39.37007874015748143 ) ;
#2571 = ORIENTED_EDGE ( 'NONE', *, *, #2443, .T. ) ;
#2572 = ORIENTED_EDGE ( 'NONE', *, *, #10095, .T. ) ;
#2573 = EDGE_CURVE ( 'NONE', #9506, #9248, #10764, .T. ) ;
#2574 = LINE ( 'NONE', #5214, #7208 ) ;
#2575 = ORIENTED_EDGE ( 'NONE', *, *, #3934, .F. ) ;
#2576 = DIRECTION ( 'NONE',  ( 0.000000000000000000, -1.000000000000000000, -3.491481338843134933E-15 ) ) ;
#2577 = DIRECTION ( 'NONE',  ( 0.000000000000000000, -1.000000000000000000, -3.491481338843135327E-15 ) ) ;
#2578 = LINE ( 'NONE', #7607, #10170 ) ;
#2579 = ORIENTED_EDGE ( 'NONE', *, *, #5378, .F. ) ;
#2580 = LINE ( 'NONE', #6007, #6947 ) ;
#2581 = LINE ( 'NONE', #10250, #7672 ) ;
#2582 = CARTESIAN_POINT ( 'NONE',  ( -0.2594488188976378784, 0.2716535433070598193, -0.8130755905511516390 ) ) ;
#2583 = EDGE_CURVE ( 'NONE', #1894, #4642, #4782, .T. ) ;
#2584 = VERTEX_POINT ( 'NONE', #2187 ) ;
#2585 = PLANE ( 'NONE',  #5578 ) ;
#2586 = ORIENTED_EDGE ( 'NONE', *, *, #10397, .F. ) ;
#2587 = DIRECTION ( 'NONE',  ( 0.000000000000000000, -3.491481338843135327E-15, 1.000000000000000000 ) ) ;
#2588 = CARTESIAN_POINT ( 'NONE',  ( 0.1210629923610630071, 0.2224409448818610024, -0.2125984251968208727 ) ) ;
#2589 = DIRECTION ( 'NONE',  ( 0.000000000000000000, 5.782411586589358822E-15, -1.000000000000000000 ) ) ;
#2590 = DIRECTION ( 'NONE',  ( 0.000000000000000000, -3.491481338843134933E-15, 1.000000000000000000 ) ) ;
#2591 = VERTEX_POINT ( 'NONE', #8345 ) ;
#2592 = EDGE_CURVE ( 'NONE', #3632, #3694, #608, .T. ) ;
#2593 = ADVANCED_FACE ( 'NONE', ( #7264 ), #10928, .T. ) ;
#2594 = FACE_OUTER_BOUND ( 'NONE', #7520, .T. ) ;
#2595 = ORIENTED_EDGE ( 'NONE', *, *, #9431, .F. ) ;
#2596 = LINE ( 'NONE', #4234, #8852 ) ;
#2597 = VERTEX_POINT ( 'NONE', #498 ) ;
#2598 = CARTESIAN_POINT ( 'NONE',  ( -0.04330708661417323468, 0.2421259842519393746, -0.07795275590548228495 ) ) ;
#2599 = VECTOR ( 'NONE', #10661, 39.37007874015748143 ) ;
#2600 = CARTESIAN_POINT ( 'NONE',  ( -0.1010685941644681729, 0.2834645669291035452, 0.2059339810058441744 ) ) ;
#2601 = CARTESIAN_POINT ( 'NONE',  ( 0.2712598425196850460, 0.2145669291338295481, -0.2125984251968208727 ) ) ;
#2602 = DIRECTION ( 'NONE',  ( 2.768156074752999696E-13, 3.491481338843134933E-15, -1.000000000000000000 ) ) ;
#2603 = DIRECTION ( 'NONE',  ( 1.000000000000000000, 0.000000000000000000, 0.000000000000000000 ) ) ;
#2604 = VERTEX_POINT ( 'NONE', #7319 ) ;
#2605 = EDGE_CURVE ( 'NONE', #5112, #7999, #3829, .T. ) ;
#2606 = EDGE_CURVE ( 'NONE', #11156, #7846, #6517, .T. ) ;
#2607 = LINE ( 'NONE', #6036, #5916 ) ;
#2608 = ORIENTED_EDGE ( 'NONE', *, *, #276, .F. ) ;
#2609 = ORIENTED_EDGE ( 'NONE', *, *, #9247, .F. ) ;
#2610 = DIRECTION ( 'NONE',  ( 0.000000000000000000, 1.000000000000000000, 3.491481338843134933E-15 ) ) ;
#2611 = VECTOR ( 'NONE', #6292, 39.37007874015748143 ) ;
#2612 = EDGE_CURVE ( 'NONE', #3528, #8654, #5893, .T. ) ;
#2613 = DIRECTION ( 'NONE',  ( 0.000000000000000000, -0.8375070198036267399, 0.5464265657704130419 ) ) ;
#2614 = EDGE_CURVE ( 'NONE', #3138, #10634, #9326, .T. ) ;
#2615 = DIRECTION ( 'NONE',  ( 0.000000000000000000, 3.491481338843134933E-15, -1.000000000000000000 ) ) ;
#2616 = VECTOR ( 'NONE', #2451, 39.37007874015748143 ) ;
#2617 = ORIENTED_EDGE ( 'NONE', *, *, #1716, .F. ) ;
#2618 = CARTESIAN_POINT ( 'NONE',  ( 0.06003937007874016185, 0.2303149606298921792, -0.05433070866142708510 ) ) ;
#2619 = CARTESIAN_POINT ( 'NONE',  ( -0.1781496062992126150, 0.2309529165521752303, 0.05719542721420283610 ) ) ;
#2620 = ORIENTED_EDGE ( 'NONE', *, *, #6608, .F. ) ;
#2621 = DATE_AND_TIME ( #9336, #1137 ) ;
#2622 = CARTESIAN_POINT ( 'NONE',  ( 0.06003937007874016185, 0.2362204724409157630, -0.07795275590552164235 ) ) ;
#2623 = VERTEX_POINT ( 'NONE', #1234 ) ;
#2624 = EDGE_LOOP ( 'NONE', ( #7342, #2935, #9457, #2620, #4260, #4242 ) ) ;
#2625 = CARTESIAN_POINT ( 'NONE',  ( 0.06988188999870079132, 0.2106299212598137516, -0.2480314960629626253 ) ) ;
#2626 = ORIENTED_EDGE ( 'NONE', *, *, #6789, .T. ) ;
#2627 = VECTOR ( 'NONE', #10319, 39.37007874015748143 ) ;
#2628 = VECTOR ( 'NONE', #10501, 39.37007874015748143 ) ;
#2629 = LINE ( 'NONE', #10242, #8512 ) ;
#2630 = EDGE_CURVE ( 'NONE', #1272, #8684, #5674, .T. ) ;
#2631 = ORIENTED_EDGE ( 'NONE', *, *, #6242, .F. ) ;
#2632 = EDGE_CURVE ( 'NONE', #5156, #10046, #3031, .T. ) ;
#2633 = CARTESIAN_POINT ( 'NONE',  ( 0.1210629923610630071, 0.2125984251968350558, -0.2066929133858484702 ) ) ;
#2634 = VERTEX_POINT ( 'NONE', #1399 ) ;
#2635 = CARTESIAN_POINT ( 'NONE',  ( 0.02066929157333464301, 0.2125984251968130456, -0.2066929133857027534 ) ) ;
#2636 = CARTESIAN_POINT ( 'NONE',  ( -0.1010685941645275560, 0.2834645669291035452, 0.2059339810059354625 ) ) ;
#2637 = VECTOR ( 'NONE', #8110, 39.37007874015748143 ) ;
#2638 = VECTOR ( 'NONE', #2232, 39.37007874015748143 ) ;
#2639 = LINE ( 'NONE', #6067, #3262 ) ;
#2640 = ORIENTED_EDGE ( 'NONE', *, *, #5358, .T. ) ;
#2641 = CARTESIAN_POINT ( 'NONE',  ( -0.1998031496062991907, 0.2563854519293799483, 0.007016975403139922435 ) ) ;
#2642 = ORIENTED_EDGE ( 'NONE', *, *, #1979, .F. ) ;
#2643 = CIRCLE ( 'NONE', #11112, 0.01181102362204724046 ) ;
#2644 = AXIS2_PLACEMENT_3D ( 'NONE', #7196, #218, #4384 ) ;
#2645 = CARTESIAN_POINT ( 'NONE',  ( 0.1250000000000000000, 0.2563854519293799483, 0.007016975403139922435 ) ) ;
#2646 = LINE ( 'NONE', #6074, #9523 ) ;
#2647 = EDGE_CURVE ( 'NONE', #6455, #1396, #4838, .T. ) ;
#2648 = ORIENTED_EDGE ( 'NONE', *, *, #143, .T. ) ;
#2649 = CARTESIAN_POINT ( 'NONE',  ( -0.008858267481783465083, 0.2106299212598137516, -0.2132217023433240211 ) ) ;
#2650 = FACE_OUTER_BOUND ( 'NONE', #8495, .T. ) ;
#2651 = VERTEX_POINT ( 'NONE', #554 ) ;
#2652 = AXIS2_PLACEMENT_3D ( 'NONE', #2901, #1102, #1158 ) ;
#2653 = LINE ( 'NONE', #10, #5922 ) ;
#2654 = EDGE_LOOP ( 'NONE', ( #3416, #8183, #1196, #6298 ) ) ;
#2655 = CARTESIAN_POINT ( 'NONE',  ( 0.2771653543307086576, 0.2224409448818602253, 0.05787401574806102372 ) ) ;
#2656 = ORIENTED_EDGE ( 'NONE', *, *, #1835, .T. ) ;
#2657 = AXIS2_PLACEMENT_3D ( 'NONE', #6716, #5871, #7633 ) ;
#2658 = DIRECTION ( 'NONE',  ( -1.000000000000000000, 0.000000000000000000, 0.000000000000000000 ) ) ;
#2659 = ADVANCED_FACE ( 'NONE', ( #3882 ), #5731, .T. ) ;
#2660 = CARTESIAN_POINT ( 'NONE',  ( -0.2594488188976378784, 0.2775590551180799337, 0.2055118110236515971 ) ) ;
#2661 = CYLINDRICAL_SURFACE ( 'NONE', #5510, 0.02362204724409448786 ) ;
#2662 = CARTESIAN_POINT ( 'NONE',  ( 0.1744460153211417341, 0.2421259842519382366, 0.2442895309752263766 ) ) ;
#2663 = PLANE ( 'NONE',  #3276 ) ;
#2664 = ORIENTED_EDGE ( 'NONE', *, *, #344, .T. ) ;
#2665 = FACE_OUTER_BOUND ( 'NONE', #8095, .T. ) ;
#2666 = ORIENTED_EDGE ( 'NONE', *, *, #2278, .T. ) ;
#2667 = EDGE_LOOP ( 'NONE', ( #10603, #2376, #2924, #7367 ) ) ;
#2668 = AXIS2_PLACEMENT_3D ( 'NONE', #5260, #9549, #4947 ) ;
#2669 = CARTESIAN_POINT ( 'NONE',  ( -0.2594488188976378784, 0.2716535433070543792, 0.8485086614173524833 ) ) ;
#2670 = DIRECTION ( 'NONE',  ( 0.000000000000000000, 1.000000000000000000, 3.491481338843135327E-15 ) ) ;
#2671 = EDGE_CURVE ( 'NONE', #8772, #632, #10870, .T. ) ;
#2672 = VECTOR ( 'NONE', #2270, 39.37007874015748143 ) ;
#2673 = FACE_OUTER_BOUND ( 'NONE', #9616, .T. ) ;
#2674 = LINE ( 'NONE', #5375, #7663 ) ;
#2675 = ORIENTED_EDGE ( 'NONE', *, *, #8410, .F. ) ;
#2676 = FACE_OUTER_BOUND ( 'NONE', #10676, .T. ) ;
#2677 = CARTESIAN_POINT ( 'NONE',  ( -0.2618110236220472231, 0.2755905511810736175, -0.2125984251968208727 ) ) ;
#2678 = ORIENTED_EDGE ( 'NONE', *, *, #2308, .F. ) ;
#2679 = PERSON_AND_ORGANIZATION ( #883, #3837 ) ;
#2680 = DIRECTION ( 'NONE',  ( 0.000000000000000000, -0.5464265657704129309, -0.8375070198036269620 ) ) ;
#2681 = VERTEX_POINT ( 'NONE', #6572 ) ;
#2682 = ORIENTED_EDGE ( 'NONE', *, *, #9054, .T. ) ;
#2683 = CYLINDRICAL_SURFACE ( 'NONE', #2347, 0.005905511811023620231 ) ;
#2684 = VERTEX_POINT ( 'NONE', #10023 ) ;
#2685 = EDGE_CURVE ( 'NONE', #9464, #5299, #1458, .T. ) ;
#2686 = CIRCLE ( 'NONE', #3583, 0.01968503937007876764 ) ;
#2687 = FACE_OUTER_BOUND ( 'NONE', #3258, .T. ) ;
#2688 = LINE ( 'NONE', #3074, #5139 ) ;
#2689 = DIRECTION ( 'NONE',  ( -1.000000000000000000, 0.000000000000000000, 0.000000000000000000 ) ) ;
#2690 = VERTEX_POINT ( 'NONE', #8959 ) ;
#2691 = LINE ( 'NONE', #9349, #314 ) ;
#2692 = VECTOR ( 'NONE', #2135, 39.37007874015748143 ) ;
#2693 = PLANE ( 'NONE',  #10913 ) ;
#2694 = CARTESIAN_POINT ( 'NONE',  ( -0.1299212598425196763, 0.2125984251968212890, -0.07795275590548228495 ) ) ;
#2695 = ORIENTED_EDGE ( 'NONE', *, *, #5482, .F. ) ;
#2696 = EDGE_CURVE ( 'NONE', #10106, #9979, #4671, .T. ) ;
#2697 = ADVANCED_FACE ( 'NONE', ( #7925 ), #10188, .T. ) ;
#2698 = CARTESIAN_POINT ( 'NONE',  ( -0.1780224714964173116, 0.2834645669291035452, 0.2463342029606598593 ) ) ;
#2699 = EDGE_LOOP ( 'NONE', ( #10574, #2224, #4515, #4068 ) ) ;
#2700 = AXIS2_PLACEMENT_3D ( 'NONE', #444, #4727, #3880 ) ;
#2701 = VECTOR ( 'NONE', #3027, 39.37007874015748143 ) ;
#2702 = CARTESIAN_POINT ( 'NONE',  ( 0.2712598425196850460, 0.2145669291338283546, 0.1051181102362499925 ) ) ;
#2703 = EDGE_CURVE ( 'NONE', #5698, #7710, #9150, .T. ) ;
#2704 = DIRECTION ( 'NONE',  ( -1.000000000000000000, 0.000000000000000000, 0.000000000000000000 ) ) ;
#2705 = ORIENTED_EDGE ( 'NONE', *, *, #10721, .F. ) ;
#2706 = LINE ( 'NONE', #6869, #5145 ) ;
#2707 = LINE ( 'NONE', #3721, #2895 ) ;
#2708 = CIRCLE ( 'NONE', #379, 0.005905511811023620231 ) ;
#2709 = CIRCLE ( 'NONE', #9011, 0.005905511811082676289 ) ;
#2710 = ORIENTED_EDGE ( 'NONE', *, *, #2029, .F. ) ;
#2711 = CARTESIAN_POINT ( 'NONE',  ( 0.09995424143456693722, 0.2421259842519382366, 0.2055353207559350581 ) ) ;
#2712 = ORIENTED_EDGE ( 'NONE', *, *, #280, .T. ) ;
#2713 = EDGE_CURVE ( 'NONE', #7328, #4808, #5315, .T. ) ;
#2714 = CYLINDRICAL_SURFACE ( 'NONE', #9026, 0.005905511811023620231 ) ;
#2715 = ORIENTED_EDGE ( 'NONE', *, *, #9907, .F. ) ;
#2716 = VECTOR ( 'NONE', #6310, 39.37007874015748143 ) ;
#2717 = VECTOR ( 'NONE', #9941, 39.37007874015748143 ) ;
#2718 = CARTESIAN_POINT ( 'NONE',  ( 0.1072834648018897719, 0.2224409448818610024, -0.2125984251968208727 ) ) ;
#2719 = DIRECTION ( 'NONE',  ( -3.611925573446999913E-13, 1.000000000000000000, -2.229537095524154939E-12 ) ) ;
#2720 = CARTESIAN_POINT ( 'NONE',  ( -0.02657480314960630058, 0.2362204724409157630, -0.05433070866138771382 ) ) ;
#2721 = LINE ( 'NONE', #6936, #6612 ) ;
#2722 = DIRECTION ( 'NONE',  ( -1.000000000000000000, 0.000000000000000000, 0.000000000000000000 ) ) ;
#2723 = ORIENTED_EDGE ( 'NONE', *, *, #9991, .F. ) ;
#2724 = LINE ( 'NONE', #8594, #9887 ) ;
#2725 = AXIS2_PLACEMENT_3D ( 'NONE', #1559, #2458, #5944 ) ;
#2726 = VERTEX_POINT ( 'NONE', #7603 ) ;
#2727 = EDGE_LOOP ( 'NONE', ( #2211, #5161, #966, #455 ) ) ;
#2728 = EDGE_CURVE ( 'NONE', #4958, #5992, #6615, .T. ) ;
#2729 = CARTESIAN_POINT ( 'NONE',  ( 0.07185039393570866184, 0.2165354330708373909, -0.2480314960629626253 ) ) ;
#2730 = LINE ( 'NONE', #6158, #4117 ) ;
#2731 = VECTOR ( 'NONE', #2849, 39.37007874015748143 ) ;
#2732 = FACE_OUTER_BOUND ( 'NONE', #8716, .T. ) ;
#2733 = DIRECTION ( 'NONE',  ( 0.000000000000000000, 1.000000000000000000, 3.491481338843134933E-15 ) ) ;
#2734 = ORIENTED_EDGE ( 'NONE', *, *, #5358, .F. ) ;
#2735 = DIRECTION ( 'NONE',  ( -1.000000000000000000, 0.000000000000000000, 0.000000000000000000 ) ) ;
#2736 = DIRECTION ( 'NONE',  ( 0.000000000000000000, -3.491481338843134933E-15, 1.000000000000000000 ) ) ;
#2737 = ORIENTED_EDGE ( 'NONE', *, *, #9357, .F. ) ;
#2738 = CARTESIAN_POINT ( 'NONE',  ( -0.004921259842519684971, 0.2605808468465059535, -0.009969026885245903247 ) ) ;
#2739 = VERTEX_POINT ( 'NONE', #1620 ) ;
#2740 = ORIENTED_EDGE ( 'NONE', *, *, #9969, .F. ) ;
#2741 = EDGE_CURVE ( 'NONE', #11136, #5698, #1827, .T. ) ;
#2742 = CARTESIAN_POINT ( 'NONE',  ( -0.2870078740156299379, 0.2165354330708362252, 0.09263160285333661703 ) ) ;
#2743 = EDGE_CURVE ( 'NONE', #4642, #4750, #4999, .T. ) ;
#2744 = ORIENTED_EDGE ( 'NONE', *, *, #10667, .T. ) ;
#2745 = PLANE ( 'NONE',  #10858 ) ;
#2746 = CARTESIAN_POINT ( 'NONE',  ( -0.09153543307086613179, 0.2362204724409153467, 0.05986524456920295362 ) ) ;
#2747 = VECTOR ( 'NONE', #985, 39.37007874015748143 ) ;
#2748 = DIRECTION ( 'NONE',  ( -1.000000000000000000, -0.000000000000000000, 0.000000000000000000 ) ) ;
#2749 = VERTEX_POINT ( 'NONE', #11039 ) ;
#2750 = AXIS2_PLACEMENT_3D ( 'NONE', #10303, #4383, #6905 ) ;
#2751 = CARTESIAN_POINT ( 'NONE',  ( -0.1131889763779527630, 0.2400588892959547305, -0.04142299450934047722 ) ) ;
#2752 = ADVANCED_FACE ( 'NONE', ( #3305 ), #2465, .T. ) ;
#2753 = CARTESIAN_POINT ( 'NONE',  ( -0.2047244094488189226, 0.2125984251968204841, 0.07952755905514763413 ) ) ;
#2754 = LINE ( 'NONE', #2694, #8316 ) ;
#2755 = EDGE_LOOP ( 'NONE', ( #8199, #2124, #8553, #3050 ) ) ;
#2756 = ORIENTED_EDGE ( 'NONE', *, *, #2119, .F. ) ;
#2757 = CARTESIAN_POINT ( 'NONE',  ( 0.1584645669294881820, 0.2165354330708373909, -0.2421259842519389860 ) ) ;
#2758 = AXIS2_PLACEMENT_3D ( 'NONE', #3557, #858, #915 ) ;
#2759 = DIRECTION ( 'NONE',  ( 0.000000000000000000, -1.000000000000000000, -3.491481338843134933E-15 ) ) ;
#2760 = CARTESIAN_POINT ( 'NONE',  ( 0.08169291338582677919, 0.2362204724409153467, 0.05986524456920295362 ) ) ;
#2761 = CARTESIAN_POINT ( 'NONE',  ( -0.1348425196850394081, 0.2605808468465059535, -0.009969026885245903247 ) ) ;
#2762 = DIRECTION ( 'NONE',  ( -1.000000000000000000, 0.000000000000000000, 0.000000000000000000 ) ) ;
#2763 = ORIENTED_EDGE ( 'NONE', *, *, #2741, .T. ) ;
#2764 = DIRECTION ( 'NONE',  ( 0.000000000000000000, 0.4520890721125805922, -0.8919727971616542295 ) ) ;
#2765 = EDGE_CURVE ( 'NONE', #6619, #5061, #2358, .T. ) ;
#2766 = EDGE_CURVE ( 'NONE', #5767, #295, #4285, .T. ) ;
#2767 = ORIENTED_EDGE ( 'NONE', *, *, #9236, .T. ) ;
#2768 = DIRECTION ( 'NONE',  ( -1.000000000000000000, 0.000000000000000000, 0.000000000000000000 ) ) ;
#2769 = ORIENTED_EDGE ( 'NONE', *, *, #2816, .F. ) ;
#2770 = DIRECTION ( 'NONE',  ( 0.000000000000000000, 5.782411586531547151E-15, -1.000000000000000000 ) ) ;
#2771 = ORIENTED_EDGE ( 'NONE', *, *, #2671, .T. ) ;
#2772 = LINE ( 'NONE', #7910, #5373 ) ;
#2773 = CARTESIAN_POINT ( 'NONE',  ( 0.1072834648018897719, 0.2125984251968350558, -0.2066929133858445011 ) ) ;
#2774 = EDGE_CURVE ( 'NONE', #387, #5142, #9344, .T. ) ;
#2775 = DIRECTION ( 'NONE',  ( -0.8343762442501144738, 1.924488180935883842E-15, -0.5511953220330096936 ) ) ;
#2776 = CYLINDRICAL_SURFACE ( 'NONE', #6069, 0.01181102362204724046 ) ;
#2777 = CARTESIAN_POINT ( 'NONE',  ( -0.1614173228346456879, 0.2421259842519393746, -0.07795275590548228495 ) ) ;
#2778 = ORIENTED_EDGE ( 'NONE', *, *, #5463, .T. ) ;
#2779 = LINE ( 'NONE', #7230, #6819 ) ;
#2780 = ORIENTED_EDGE ( 'NONE', *, *, #1701, .T. ) ;
#2781 = ORIENTED_EDGE ( 'NONE', *, *, #778, .F. ) ;
#2782 = CARTESIAN_POINT ( 'NONE',  ( 0.1564960629922441115, 0.2106299212598137516, -0.2480314960629921295 ) ) ;
#2783 = VECTOR ( 'NONE', #4950, 39.37007874015748143 ) ;
#2784 = CARTESIAN_POINT ( 'NONE',  ( 0.03838582677165354451, 0.2362204724409153467, 0.05986524456920295362 ) ) ;
#2785 = CARTESIAN_POINT ( 'NONE',  ( -0.08661417322834646937, 0.2125984251968204841, 0.07952755905514763413 ) ) ;
#2786 = ADVANCED_FACE ( 'NONE', ( #927 ), #142, .T. ) ;
#2787 = DIRECTION ( 'NONE',  ( 0.000000000000000000, -1.000000000000000000, -1.583254031887315069E-14 ) ) ;
#2788 = ORIENTED_EDGE ( 'NONE', *, *, #1041, .T. ) ;
#2789 = LINE ( 'NONE', #8717, #5878 ) ;
#2790 = FACE_OUTER_BOUND ( 'NONE', #8614, .T. ) ;
#2791 = CYLINDRICAL_SURFACE ( 'NONE', #7238, 0.01181102362204724046 ) ;
#2792 = ORIENTED_EDGE ( 'NONE', *, *, #5162, .T. ) ;
#2793 = VECTOR ( 'NONE', #9456, 39.37007874015748143 ) ;
#2794 = FACE_OUTER_BOUND ( 'NONE', #8045, .T. ) ;
#2795 = ORIENTED_EDGE ( 'NONE', *, *, #8091, .F. ) ;
#2796 = ORIENTED_EDGE ( 'NONE', *, *, #6506, .T. ) ;
#2797 = CARTESIAN_POINT ( 'NONE',  ( -0.1781496062992126150, 0.2440944881889468288, 0.0007874015747934192061 ) ) ;
#2798 = ORIENTED_EDGE ( 'NONE', *, *, #6203, .T. ) ;
#2799 = VECTOR ( 'NONE', #9319, 39.37007874015748143 ) ;
#2800 = LINE ( 'NONE', #1842, #1854 ) ;
#2801 = CARTESIAN_POINT ( 'NONE',  ( 0.01673228346456692717, 0.2309529165521752303, 0.05719542721420283610 ) ) ;
#2802 = ADVANCED_FACE ( 'NONE', ( #7811 ), #198, .T. ) ;
#2803 = CARTESIAN_POINT ( 'NONE',  ( 0.1505905511814173148, 0.2224409448818610024, -0.2132217023432760039 ) ) ;
#2804 = ORIENTED_EDGE ( 'NONE', *, *, #4776, .T. ) ;
#2805 = CARTESIAN_POINT ( 'NONE',  ( -0.05216535409606298801, 0.2106299212598137516, -0.2132217023433193026 ) ) ;
#2806 = CARTESIAN_POINT ( 'NONE',  ( 0.1250000000000000000, 0.2362204724409153467, 0.05986524456920295362 ) ) ;
#2807 = FACE_OUTER_BOUND ( 'NONE', #6569, .T. ) ;
#2808 = ORIENTED_EDGE ( 'NONE', *, *, #5522, .T. ) ;
#2809 = AXIS2_PLACEMENT_3D ( 'NONE', #367, #6384, #3800 ) ;
#2810 = VERTEX_POINT ( 'NONE', #7004 ) ;
#2811 = DIRECTION ( 'NONE',  ( 2.801462765465999913E-13, 3.491481338843134933E-15, -1.000000000000000000 ) ) ;
#2812 = LINE ( 'NONE', #1178, #1409 ) ;
#2813 = CARTESIAN_POINT ( 'NONE',  ( 0.1250000000000000000, 0.2598425196850102648, -0.05433070866142700878 ) ) ;
#2814 = VECTOR ( 'NONE', #5017, 39.37007874015748143 ) ;
#2815 = CARTESIAN_POINT ( 'NONE',  ( 0.09842519685039370636, 0.2421259842519393746, -0.07795275590548228495 ) ) ;
#2816 = EDGE_CURVE ( 'NONE', #9775, #1379, #10605, .T. ) ;
#2817 = DIRECTION ( 'NONE',  ( 0.000000000000000000, -0.5464265657704129309, -0.8375070198036269620 ) ) ;
#2818 = ORIENTED_EDGE ( 'NONE', *, *, #8615, .F. ) ;
#2819 = DIRECTION ( 'NONE',  ( 0.000000000000000000, -1.000000000000000000, -3.491481338843134933E-15 ) ) ;
#2820 = DIRECTION ( 'NONE',  ( 0.000000000000000000, -0.8375070198036269620, 0.5464265657704129309 ) ) ;
#2821 = ORIENTED_EDGE ( 'NONE', *, *, #11036, .T. ) ;
#2822 = CARTESIAN_POINT ( 'NONE',  ( 0.2618110236220472231, 0.2125984251968232874, -0.2125984251968208727 ) ) ;
#2823 = ORIENTED_EDGE ( 'NONE', *, *, #10206, .T. ) ;
#2824 = AXIS2_PLACEMENT_3D ( 'NONE', #6635, #3941, #9243 ) ;
#2825 = CARTESIAN_POINT ( 'NONE',  ( -0.02657480314960630058, 0.2616530078181201202, 0.009686792758139901177 ) ) ;
#2826 = AXIS2_PLACEMENT_3D ( 'NONE', #8451, #7657, #11092 ) ;
#2827 = ORIENTED_EDGE ( 'NONE', *, *, #5897, .T. ) ;
#2828 = EDGE_CURVE ( 'NONE', #822, #3001, #5839, .T. ) ;
#2829 = DIRECTION ( 'NONE',  ( 1.000000000000000000, 0.000000000000000000, 0.000000000000000000 ) ) ;
#2830 = CARTESIAN_POINT ( 'NONE',  ( 0.07775590574677165856, 0.2125984251968358330, -0.2125984251968208727 ) ) ;
#2831 = VECTOR ( 'NONE', #5560, 39.37007874015748143 ) ;
#2832 = FACE_OUTER_BOUND ( 'NONE', #10349, .T. ) ;
#2833 = AXIS2_PLACEMENT_3D ( 'NONE', #10749, #9438, #6725 ) ;
#2834 = DIRECTION ( 'NONE',  ( 0.000000000000000000, 1.000000000000000000, 3.491481338843135327E-15 ) ) ;
#2835 = DIRECTION ( 'NONE',  ( 0.000000000000000000, -3.491481338843134933E-15, 1.000000000000000000 ) ) ;
#2836 = VERTEX_POINT ( 'NONE', #10451 ) ;
#2837 = CARTESIAN_POINT ( 'NONE',  ( 0.09995424143488189361, 0.2834645669291035452, 0.2055353207559354189 ) ) ;
#2838 = VERTEX_POINT ( 'NONE', #1564 ) ;
#2839 = ORIENTED_EDGE ( 'NONE', *, *, #10712, .T. ) ;
#2840 = LINE ( 'NONE', #416, #3252 ) ;
#2841 = EDGE_CURVE ( 'NONE', #3190, #4751, #6983, .T. ) ;
#2842 = VECTOR ( 'NONE', #9358, 39.37007874015748143 ) ;
#2843 = EDGE_CURVE ( 'NONE', #7815, #8977, #2730, .T. ) ;
#2844 = FACE_OUTER_BOUND ( 'NONE', #1563, .T. ) ;
#2845 = LINE ( 'NONE', #6276, #3734 ) ;
#2846 = PLANE ( 'NONE',  #8929 ) ;
#2847 = ORIENTED_EDGE ( 'NONE', *, *, #1100, .T. ) ;
#2848 = LINE ( 'NONE', #3748, #4984 ) ;
#2849 = DIRECTION ( 'NONE',  ( 0.000000000000000000, 3.491481338843134933E-15, -1.000000000000000000 ) ) ;
#2850 = AXIS2_PLACEMENT_3D ( 'NONE', #9970, #6630, #2240 ) ;
#2851 = CARTESIAN_POINT ( 'NONE',  ( -0.08661417322834646937, 0.2125984251968212890, -0.07795275590548228495 ) ) ;
#2852 = EDGE_LOOP ( 'NONE', ( #9250, #5709, #990, #6414 ) ) ;
#2853 = ORIENTED_EDGE ( 'NONE', *, *, #9039, .T. ) ;
#2854 = DIRECTION ( 'NONE',  ( 0.000000000000000000, -5.782411586589358822E-15, 1.000000000000000000 ) ) ;
#2855 = EDGE_CURVE ( 'NONE', #8484, #9292, #715, .T. ) ;
#2856 = CIRCLE ( 'NONE', #9157, 0.005905511811023620231 ) ;
#2857 = DIRECTION ( 'NONE',  ( 0.000000000000000000, -1.000000000000000000, -3.491481338843134933E-15 ) ) ;
#2858 = CARTESIAN_POINT ( 'NONE',  ( 0.2135826771659055379, 0.2165354330708373909, -0.2421259842584153610 ) ) ;
#2859 = LINE ( 'NONE', #2916, #2611 ) ;
#2860 = ORIENTED_EDGE ( 'NONE', *, *, #1327, .F. ) ;
#2861 = CARTESIAN_POINT ( 'NONE',  ( -0.06003936984413385525, 0.2165354330708373909, -0.2480314960629626253 ) ) ;
#2862 = DIRECTION ( 'NONE',  ( -1.000000000000000000, 0.000000000000000000, 0.000000000000000000 ) ) ;
#2863 = FACE_OUTER_BOUND ( 'NONE', #3549, .T. ) ;
#2864 = ORIENTED_EDGE ( 'NONE', *, *, #7006, .F. ) ;
#2865 = VECTOR ( 'NONE', #3375, 39.37007874015748143 ) ;
#2866 = ORIENTED_EDGE ( 'NONE', *, *, #4447, .T. ) ;
#2867 = LINE ( 'NONE', #1970, #3057 ) ;
#2868 = ADVANCED_FACE ( 'NONE', ( #9886 ), #2105, .T. ) ;
#2869 = DIRECTION ( 'NONE',  ( 0.000000000000000000, 0.8919727971616542295, 0.4520890721125805922 ) ) ;
#2870 = CARTESIAN_POINT ( 'NONE',  ( -0.1055296899501968616, 0.2125984251968200955, 0.2075299402693208117 ) ) ;
#2871 = AXIS2_PLACEMENT_3D ( 'NONE', #2891, #6207, #10726 ) ;
#2872 = DIRECTION ( 'NONE',  ( 0.000000000000000000, 0.8375070198036269620, -0.5464265657704129309 ) ) ;
#2873 = CARTESIAN_POINT ( 'NONE',  ( -0.1781496062992126150, 0.2616530078181201202, 0.009686792758139901177 ) ) ;
#2874 = ORIENTED_EDGE ( 'NONE', *, *, #1792, .F. ) ;
#2875 = CARTESIAN_POINT ( 'NONE',  ( 0.1151574805499606391, 0.2165354330708373909, -0.2421259842518799221 ) ) ;
#2876 = CARTESIAN_POINT ( 'NONE',  ( -0.1781496062992126150, 0.2400588892959547305, -0.04142299450934047722 ) ) ;
#2877 = ORIENTED_EDGE ( 'NONE', *, *, #10020, .T. ) ;
#2878 = ORIENTED_EDGE ( 'NONE', *, *, #1326, .T. ) ;
#2879 = VECTOR ( 'NONE', #4232, 39.37007874015748143 ) ;
#2880 = CARTESIAN_POINT ( 'NONE',  ( -0.02263779504094094730, 0.2165354330708373909, -0.2421259842518799221 ) ) ;
#2881 = EDGE_CURVE ( 'NONE', #4329, #6914, #1958, .T. ) ;
#2882 = EDGE_LOOP ( 'NONE', ( #10127, #11148, #1693 ) ) ;
#2883 = DIRECTION ( 'NONE',  ( -8.667834968210790760E-11, 5.782411586531547151E-15, -1.000000000000000000 ) ) ;
#2884 = CARTESIAN_POINT ( 'NONE',  ( -0.1796295472109055158, 0.2125984251968200955, 0.2468503937008169891 ) ) ;
#2885 = AXIS2_PLACEMENT_3D ( 'NONE', #6407, #4449, #9633 ) ;
#2886 = AXIS2_PLACEMENT_3D ( 'NONE', #4098, #7652, #8342 ) ;
#2887 = CARTESIAN_POINT ( 'NONE',  ( 0.1196850393700787524, 0.2834645669291039338, 0.1444881889764076943 ) ) ;
#2888 = EDGE_CURVE ( 'NONE', #3780, #9892, #4756, .T. ) ;
#2889 = CARTESIAN_POINT ( 'NONE',  ( 0.2618110236220472231, 0.2125984251968232874, -0.2125984251968208727 ) ) ;
#2890 = ORIENTED_EDGE ( 'NONE', *, *, #4561, .F. ) ;
#2891 = CARTESIAN_POINT ( 'NONE',  ( 0.08169291338582677919, 0.2440944881889468288, 0.0007874015747934192061 ) ) ;
#2892 = ORIENTED_EDGE ( 'NONE', *, *, #2474, .F. ) ;
#2893 = ORIENTED_EDGE ( 'NONE', *, *, #10734, .F. ) ;
#2894 = FACE_OUTER_BOUND ( 'NONE', #7411, .T. ) ;
#2895 = VECTOR ( 'NONE', #5410, 39.37007874015748143 ) ;
#2896 = VECTOR ( 'NONE', #195, 39.37007874015748143 ) ;
#2897 = FACE_OUTER_BOUND ( 'NONE', #6225, .T. ) ;
#2898 = DIRECTION ( 'NONE',  ( 1.000000000000000000, 2.217464894830000281E-13, 7.742237299838699754E-28 ) ) ;
#2899 = FACE_OUTER_BOUND ( 'NONE', #3862, .T. ) ;
#2900 = ORIENTED_EDGE ( 'NONE', *, *, #2976, .F. ) ;
#2901 = CARTESIAN_POINT ( 'NONE',  ( 0.1643700787405905361, 0.2224409448818610024, -0.2132217023432760039 ) ) ;
#2902 = ADVANCED_FACE ( 'NONE', ( #2950 ), #6381, .T. ) ;
#2903 = DIRECTION ( 'NONE',  ( 0.000000000000000000, 0.8919727971616542295, 0.4520890721125805922 ) ) ;
#2904 = VECTOR ( 'NONE', #2368, 39.37007874015748143 ) ;
#2905 = LINE ( 'NONE', #4428, #1651 ) ;
#2906 = EDGE_CURVE ( 'NONE', #2749, #721, #511, .T. ) ;
#2907 = DIRECTION ( 'NONE',  ( 1.000000000000000000, 0.000000000000000000, 0.000000000000000000 ) ) ;
#2908 = VERTEX_POINT ( 'NONE', #4588 ) ;
#2909 = ORIENTED_EDGE ( 'NONE', *, *, #331, .F. ) ;
#2910 = CARTESIAN_POINT ( 'NONE',  ( 0.01673228346456692717, 0.2362204724409157630, -0.07795275590552164235 ) ) ;
#2911 = ADVANCED_FACE ( 'NONE', ( #6212 ), #1154, .T. ) ;
#2912 = VECTOR ( 'NONE', #9789, 39.37007874015748143 ) ;
#2913 = CARTESIAN_POINT ( 'NONE',  ( -0.04822834645669291098, 0.2563854519293799483, 0.007016975403139922435 ) ) ;
#2914 = CARTESIAN_POINT ( 'NONE',  ( -0.1899606296869685296, 0.2106299212598137516, -0.2480314960629626253 ) ) ;
#2915 = EDGE_CURVE ( 'NONE', #9517, #6349, #10510, .T. ) ;
#2916 = CARTESIAN_POINT ( 'NONE',  ( 0.2712598425196850460, 0.2145669291338279938, 0.2055118110236515971 ) ) ;
#2917 = ORIENTED_EDGE ( 'NONE', *, *, #2419, .F. ) ;
#2918 = CYLINDRICAL_SURFACE ( 'NONE', #124, 0.005905511811082675422 ) ;
#2919 = CARTESIAN_POINT ( 'NONE',  ( 0.1860939424881495885, 0.2834645669291035452, 0.2480314960630220500 ) ) ;
#2920 = EDGE_CURVE ( 'NONE', #238, #5171, #2131, .T. ) ;
#2921 = CARTESIAN_POINT ( 'NONE',  ( 0.1722440944881890035, 0.2125984251968212890, -0.1094488188976082410 ) ) ;
#2922 = AXIS2_PLACEMENT_3D ( 'NONE', #8888, #1042, #1159 ) ;
#2923 = ORIENTED_EDGE ( 'NONE', *, *, #2201, .F. ) ;
#2924 = ORIENTED_EDGE ( 'NONE', *, *, #11100, .F. ) ;
#2925 = FACE_BOUND ( 'NONE', #7563, .T. ) ;
#2926 = CARTESIAN_POINT ( 'NONE',  ( 0.1210629923610630071, 0.2106299212598137516, -0.2132217023432279590 ) ) ;
#2927 = VECTOR ( 'NONE', #9877, 39.37007874015748143 ) ;
#2928 = CARTESIAN_POINT ( 'NONE',  ( -0.1781496062992126150, 0.2563854519293799483, 0.007016975403139922435 ) ) ;
#2929 = FACE_OUTER_BOUND ( 'NONE', #3863, .T. ) ;
#2930 = LINE ( 'NONE', #5518, #10708 ) ;
#2931 = ORIENTED_EDGE ( 'NONE', *, *, #5746, .T. ) ;
#2932 = FACE_OUTER_BOUND ( 'NONE', #6699, .T. ) ;
#2933 = EDGE_CURVE ( 'NONE', #6611, #7456, #1317, .T. ) ;
#2934 = DIRECTION ( 'NONE',  ( -1.000000000000000000, 0.000000000000000000, 0.000000000000000000 ) ) ;
#2935 = ORIENTED_EDGE ( 'NONE', *, *, #9681, .T. ) ;
#2936 = VECTOR ( 'NONE', #1277, 39.37007874015748143 ) ;
#2937 = VERTEX_POINT ( 'NONE', #1205 ) ;
#2938 = DIRECTION ( 'NONE',  ( 0.000000000000000000, 1.000000000000000000, 3.491481338843134933E-15 ) ) ;
#2939 = ORIENTED_EDGE ( 'NONE', *, *, #10623, .T. ) ;
#2940 = CARTESIAN_POINT ( 'NONE',  ( -0.1387795273246062999, 0.2125984251968189576, -0.2125984251968208727 ) ) ;
#2941 = LINE ( 'NONE', #7110, #2570 ) ;
#2942 = ADVANCED_FACE ( 'NONE', ( #2844 ), #5372, .T. ) ;
#2943 = ADVANCED_FACE ( 'NONE', ( #2897 ), #9779, .T. ) ;
#2944 = FACE_OUTER_BOUND ( 'NONE', #9037, .T. ) ;
#2945 = ORIENTED_EDGE ( 'NONE', *, *, #3875, .T. ) ;
#2946 = DIRECTION ( 'NONE',  ( 0.000000000000000000, 1.000000000000000000, 3.491481338843135327E-15 ) ) ;
#2947 = ORIENTED_EDGE ( 'NONE', *, *, #5869, .F. ) ;
#2948 = ORIENTED_EDGE ( 'NONE', *, *, #1143, .T. ) ;
#2949 = PLANE ( 'NONE',  #10645 ) ;
#2950 = FACE_OUTER_BOUND ( 'NONE', #7149, .T. ) ;
#2951 = DIRECTION ( 'NONE',  ( 0.000000000000000000, 3.491481338843134933E-15, -1.000000000000000000 ) ) ;
#2952 = ADVANCED_FACE ( 'NONE', ( #10569 ), #8983, .T. ) ;
#2953 = LINE ( 'NONE', #7406, #5312 ) ;
#2954 = CARTESIAN_POINT ( 'NONE',  ( -0.2214566929133858220, 0.1909448818897346856, -0.1094488188976082688 ) ) ;
#2955 = CARTESIAN_POINT ( 'NONE',  ( -0.05216535409606298801, 0.2165354330708373909, -0.2185039370078444843 ) ) ;
#2956 = DIRECTION ( 'NONE',  ( 0.000000000000000000, -0.8375070198036267399, 0.5464265657704130419 ) ) ;
#2957 = EDGE_LOOP ( 'NONE', ( #10608, #1853, #2206, #9021, #6886, #2756, #3288 ) ) ;
#2958 = DIRECTION ( 'NONE',  ( 0.000000000000000000, -0.4520890721125805922, 0.8919727971616542295 ) ) ;
#2959 = ORIENTED_EDGE ( 'NONE', *, *, #4188, .T. ) ;
#2960 = ORIENTED_EDGE ( 'NONE', *, *, #10381, .F. ) ;
#2961 = CARTESIAN_POINT ( 'NONE',  ( 0.1584645669294881820, 0.2106299212598137516, -0.2421259842519389860 ) ) ;
#2962 = VECTOR ( 'NONE', #8962, 39.37007874015748143 ) ;
#2963 = EDGE_CURVE ( 'NONE', #8343, #5415, #8881, .T. ) ;
#2964 = DIRECTION ( 'NONE',  ( 0.000000000000000000, -3.491481338843135327E-15, 1.000000000000000000 ) ) ;
#2965 = LINE ( 'NONE', #3868, #10755 ) ;
#2966 = CARTESIAN_POINT ( 'NONE',  ( 0.9444047244094487814, 0.2224409448818610024, -0.2132217023432760039 ) ) ;
#2967 = CIRCLE ( 'NONE', #8023, 0.01181102362204724046 ) ;
#2968 = ORIENTED_EDGE ( 'NONE', *, *, #5249, .T. ) ;
#2969 = FACE_OUTER_BOUND ( 'NONE', #5494, .T. ) ;
#2970 = CARTESIAN_POINT ( 'NONE',  ( 0.2055118110236220375, 0.2421259842519382366, 0.2468503937008169891 ) ) ;
#2971 = LINE ( 'NONE', #9909, #5055 ) ;
#2972 = VERTEX_POINT ( 'NONE', #8090 ) ;
#2973 = EDGE_LOOP ( 'NONE', ( #1567, #5219, #6465, #6767, #5860, #502 ) ) ;
#2974 = DIRECTION ( 'NONE',  ( -1.199040866595000247E-14, 1.000000000000000000, 3.491481338843134933E-15 ) ) ;
#2975 = VECTOR ( 'NONE', #8659, 39.37007874015748143 ) ;
#2976 = EDGE_CURVE ( 'NONE', #4750, #2230, #3799, .T. ) ;
#2977 = EDGE_CURVE ( 'NONE', #8324, #4378, #6919, .T. ) ;
#2978 = CARTESIAN_POINT ( 'NONE',  ( -0.01673228322985826841, 0.2106299212598137516, -0.2480314960629626253 ) ) ;
#2979 = DIRECTION ( 'NONE',  ( 0.000000000000000000, -1.000000000000000000, -3.491481338843134933E-15 ) ) ;
#2980 = CARTESIAN_POINT ( 'NONE',  ( 0.2057086614178346429, 0.2165354330708373909, -0.2421259842519389860 ) ) ;
#2981 = DIRECTION ( 'NONE',  ( -1.000000000000000000, 0.000000000000000000, 0.000000000000000000 ) ) ;
#2982 = ORIENTED_EDGE ( 'NONE', *, *, #4661, .F. ) ;
#2983 = DIRECTION ( 'NONE',  ( 0.000000000000000000, -0.4520890721125805922, 0.8919727971616542295 ) ) ;
#2984 = AXIS2_PLACEMENT_3D ( 'NONE', #5169, #9459, #833 ) ;
#2985 = ORIENTED_EDGE ( 'NONE', *, *, #8271, .T. ) ;
#2986 = ORIENTED_EDGE ( 'NONE', *, *, #7981, .F. ) ;
#2987 = LINE ( 'NONE', #9022, #2004 ) ;
#2988 = ORIENTED_EDGE ( 'NONE', *, *, #2559, .F. ) ;
#2989 = AXIS2_PLACEMENT_3D ( 'NONE', #1689, #1860, #3322 ) ;
#2990 = EDGE_CURVE ( 'NONE', #7934, #6451, #9944, .T. ) ;
#2991 = CARTESIAN_POINT ( 'NONE',  ( -0.2850393700787008378, 0.2106299212598126414, 0.06479275320034448560 ) ) ;
#2992 = LINE ( 'NONE', #6424, #11064 ) ;
#2993 = CARTESIAN_POINT ( 'NONE',  ( -0.1181102362204724532, 0.2421259842519385974, 0.07952755905514784229 ) ) ;
#2994 = EDGE_LOOP ( 'NONE', ( #8979, #9801, #9885, #9592 ) ) ;
#2995 = VECTOR ( 'NONE', #8000, 39.37007874015748143 ) ;
#2996 = VECTOR ( 'NONE', #6906, 39.37007874015748143 ) ;
#2997 = LINE ( 'NONE', #9658, #6098 ) ;
#2998 = EDGE_LOOP ( 'NONE', ( #9256, #2337, #6584, #1722, #8991, #4151, #10773, #1578, #10700, #2769, #155, #6916 ) ) ;
#2999 = ORIENTED_EDGE ( 'NONE', *, *, #8080, .F. ) ;
#3000 = LINE ( 'NONE', #8928, #1279 ) ;
#3001 = VERTEX_POINT ( 'NONE', #3117 ) ;
#3002 = EDGE_CURVE ( 'NONE', #9827, #4114, #582, .T. ) ;
#3003 = APPLICATION_CONTEXT ( 'configuration controlled 3d designs of mechanical parts and assemblies' ) ;
#3004 = VECTOR ( 'NONE', #260, 39.37007874015748143 ) ;
#3005 = CARTESIAN_POINT ( 'NONE',  ( 0.1032928346911417550, 0.2421259842519382366, 0.2067515796149905494 ) ) ;
#3006 = CARTESIAN_POINT ( 'NONE',  ( 0.05511811023622047168, 0.2125984251968212890, -0.07795275590548228495 ) ) ;
#3007 = CARTESIAN_POINT ( 'NONE',  ( -0.1549896822524409468, 0.2775590551180799337, 0.2314365286929433163 ) ) ;
#3008 = DIRECTION ( 'NONE',  ( 0.000000000000000000, 3.491481338843134933E-15, -1.000000000000000000 ) ) ;
#3009 = DIRECTION ( 'NONE',  ( 0.000000000000000000, 3.491481338843134933E-15, -1.000000000000000000 ) ) ;
#3010 = ORIENTED_EDGE ( 'NONE', *, *, #11003, .T. ) ;
#3011 = CARTESIAN_POINT ( 'NONE',  ( -0.1564960629921260116, 0.2362204724409157630, -0.07795275590552164235 ) ) ;
#3012 = ORIENTED_EDGE ( 'NONE', *, *, #8499, .F. ) ;
#3013 = ORIENTED_EDGE ( 'NONE', *, *, #3713, .F. ) ;
#3014 = VECTOR ( 'NONE', #10957, 39.37007874015748143 ) ;
#3015 = CARTESIAN_POINT ( 'NONE',  ( 0.1250000000000000000, 0.2362204724409157630, -0.07795275590552164235 ) ) ;
#3016 = EDGE_CURVE ( 'NONE', #4343, #10953, #6714, .T. ) ;
#3017 = CARTESIAN_POINT ( 'NONE',  ( -0.008858267481783465083, 0.2125984251968319472, -0.2125984251968208727 ) ) ;
#3018 = AXIS2_PLACEMENT_3D ( 'NONE', #5345, #6244, #7209 ) ;
#3019 = FACE_OUTER_BOUND ( 'NONE', #7394, .T. ) ;
#3020 = CARTESIAN_POINT ( 'NONE',  ( -0.06988188976377952832, 0.2605808468465059535, -0.009969026885245903247 ) ) ;
#3021 = ORIENTED_EDGE ( 'NONE', *, *, #1303, .T. ) ;
#3022 = LINE ( 'NONE', #7478, #9308 ) ;
#3023 = DIRECTION ( 'NONE',  ( -0.000000000000000000, -0.8919727971616544515, -0.4520890721125807588 ) ) ;
#3024 = CARTESIAN_POINT ( 'NONE',  ( 0.03838582677165354451, 0.2616530078181201202, 0.009686792758139901177 ) ) ;
#3025 = ADVANCED_FACE ( 'NONE', ( #9317 ), #4075, .F. ) ;
#3026 = ORIENTED_EDGE ( 'NONE', *, *, #7425, .F. ) ;
#3027 = DIRECTION ( 'NONE',  ( 0.000000000000000000, 3.491481338843134933E-15, -1.000000000000000000 ) ) ;
#3028 = ORIENTED_EDGE ( 'NONE', *, *, #8434, .T. ) ;
#3029 = VECTOR ( 'NONE', #5867, 39.37007874015748143 ) ;
#3030 = DIRECTION ( 'NONE',  ( 3.700743415417000319E-13, 1.000000000000000000, 2.420817080289844762E-12 ) ) ;
#3031 = LINE ( 'NONE', #6460, #5548 ) ;
#3032 = DIRECTION ( 'NONE',  ( 1.000000000000000000, 0.000000000000000000, 0.000000000000000000 ) ) ;
#3033 = CARTESIAN_POINT ( 'NONE',  ( 0.2259842519685039686, 0.2834645669291047665, -0.1035433070865844490 ) ) ;
#3034 = FACE_OUTER_BOUND ( 'NONE', #3609, .T. ) ;
#3035 = EDGE_LOOP ( 'NONE', ( #4206, #1984 ) ) ;
#3036 = PLANE ( 'NONE',  #4251 ) ;
#3037 = CIRCLE ( 'NONE', #3395, 0.01377952755905512312 ) ;
#3038 = ADVANCED_FACE ( 'NONE', ( #3168, #11010 ), #635, .T. ) ;
#3039 = VERTEX_POINT ( 'NONE', #4127 ) ;
#3040 = EDGE_CURVE ( 'NONE', #10153, #8620, #5758, .T. ) ;
#3041 = VERTEX_POINT ( 'NONE', #1368 ) ;
#3042 = CARTESIAN_POINT ( 'NONE',  ( -0.004921259842519684971, 0.2303149606298921792, -0.05433070866142708510 ) ) ;
#3043 = ORIENTED_EDGE ( 'NONE', *, *, #10760, .T. ) ;
#3044 = ADVANCED_FACE ( 'NONE', ( #7460 ), #8424, .F. ) ;
#3045 = AXIS2_PLACEMENT_3D ( 'NONE', #7690, #9604, #8652 ) ;
#3046 = CARTESIAN_POINT ( 'NONE',  ( -0.9444047244094487814, 0.2224409448818610024, -0.2185039370078444843 ) ) ;
#3047 = CARTESIAN_POINT ( 'NONE',  ( 0.2683619370964566708, 0.2145669291338287432, 0.05787401574806102372 ) ) ;
#3048 = CARTESIAN_POINT ( 'NONE',  ( 0.1210629923610630071, 0.2165354330708373909, -0.2185039370078444843 ) ) ;
#3049 = AXIS2_PLACEMENT_3D ( 'NONE', #6022, #9473, #9529 ) ;
#3050 = ORIENTED_EDGE ( 'NONE', *, *, #7033, .T. ) ;
#3051 = EDGE_CURVE ( 'NONE', #5743, #10495, #6545, .T. ) ;
#3052 = DIRECTION ( 'NONE',  ( 0.000000000000000000, -1.000000000000000000, -5.782411586589358822E-15 ) ) ;
#3053 = EDGE_LOOP ( 'NONE', ( #11062, #6938, #6945, #7273 ) ) ;
#3054 = ORIENTED_EDGE ( 'NONE', *, *, #7741, .T. ) ;
#3055 = LINE ( 'NONE', #9720, #5056 ) ;
#3056 = VERTEX_POINT ( 'NONE', #2438 ) ;
#3057 = VECTOR ( 'NONE', #2974, 39.37007874015748143 ) ;
#3058 = VECTOR ( 'NONE', #7079, 39.37007874015748143 ) ;
#3059 = DIRECTION ( 'NONE',  ( 0.9989699831295302257, 1.584291275264744945E-16, -0.04537590556877164200 ) ) ;
#3060 = DIRECTION ( 'NONE',  ( 0.000000000000000000, -0.8375070198036267399, 0.5464265657704130419 ) ) ;
#3061 = CARTESIAN_POINT ( 'NONE',  ( 0.1968503937007874127, 0.1968503937007582694, -0.1094488188976082688 ) ) ;
#3062 = CARTESIAN_POINT ( 'NONE',  ( -0.1387795273246062999, 0.2224409448818610024, -0.2132217023430898195 ) ) ;
#3063 = DIRECTION ( 'NONE',  ( 0.9946726445552150908, 3.599161860910436750E-16, -0.1030840927279016300 ) ) ;
#3064 = EDGE_CURVE ( 'NONE', #3974, #7515, #5702, .T. ) ;
#3065 = CARTESIAN_POINT ( 'NONE',  ( -0.1781496062992126150, 0.2563854519293799483, 0.007016975403139922435 ) ) ;
#3066 = AXIS2_PLACEMENT_3D ( 'NONE', #4815, #7464, #7674 ) ;
#3067 = ORIENTED_EDGE ( 'NONE', *, *, #2048, .T. ) ;
#3068 = ORIENTED_EDGE ( 'NONE', *, *, #8410, .T. ) ;
#3069 = VECTOR ( 'NONE', #4195, 39.37007874015748854 ) ;
#3070 = DIRECTION ( 'NONE',  ( 0.000000000000000000, 1.000000000000000000, 3.491481338843134933E-15 ) ) ;
#3071 = CARTESIAN_POINT ( 'NONE',  ( -0.2653543307086614345, 0.2716535433070562666, 0.2055118110236515971 ) ) ;
#3072 = AXIS2_PLACEMENT_3D ( 'NONE', #7365, #8955, #1229 ) ;
#3073 = AXIS2_PLACEMENT_3D ( 'NONE', #10227, #1499, #5770 ) ;
#3074 = CARTESIAN_POINT ( 'NONE',  ( 0.06003937007874016185, 0.2362204724409157630, -0.07795275590552164235 ) ) ;
#3075 = DIRECTION ( 'NONE',  ( 0.000000000000000000, -1.000000000000000000, 7.294512216482477063E-12 ) ) ;
#3076 = ORIENTED_EDGE ( 'NONE', *, *, #9713, .T. ) ;
#3077 = CARTESIAN_POINT ( 'NONE',  ( -0.1348425196850394081, 0.2351129816986712584, -0.03819606597134834330 ) ) ;
#3078 = CARTESIAN_POINT ( 'NONE',  ( 0.07775590574677165856, 0.2125984251968358330, -0.2125984251968208727 ) ) ;
#3079 = ADVANCED_FACE ( 'NONE', ( #1487 ), #9151, .T. ) ;
#3080 = ADVANCED_FACE ( 'NONE', ( #5026 ), #4866, .T. ) ;
#3081 = DIRECTION ( 'NONE',  ( 0.000000000000000000, -5.782411586589358822E-15, 1.000000000000000000 ) ) ;
#3082 = EDGE_LOOP ( 'NONE', ( #541, #9001, #2860, #6599 ) ) ;
#3083 = LINE ( 'NONE', #6457, #7562 ) ;
#3084 = ORIENTED_EDGE ( 'NONE', *, *, #1427, .F. ) ;
#3085 = VECTOR ( 'NONE', #531, 39.37007874015748854 ) ;
#3086 = VECTOR ( 'NONE', #298, 39.37007874015748143 ) ;
#3087 = CARTESIAN_POINT ( 'NONE',  ( 0.1643700787405905361, 0.2106299212598137516, -0.2421259842518484473 ) ) ;
#3088 = DIRECTION ( 'NONE',  ( 0.000000000000000000, 0.8375070198036268510, -0.5464265657704128198 ) ) ;
#3089 = CARTESIAN_POINT ( 'NONE',  ( 0.000000000000000000, 0.2490157480314661442, 0.1051181102362502007 ) ) ;
#3090 = EDGE_CURVE ( 'NONE', #4736, #8327, #746, .T. ) ;
#3091 = DIRECTION ( 'NONE',  ( 0.000000000000000000, 1.000000000000000000, 3.491481338843134933E-15 ) ) ;
#3092 = CARTESIAN_POINT ( 'NONE',  ( 0.06397637818759842332, 0.2165354330708373909, -0.2421259842517657634 ) ) ;
#3093 = ORIENTED_EDGE ( 'NONE', *, *, #5930, .F. ) ;
#3094 = VECTOR ( 'NONE', #10503, 39.37007874015748143 ) ;
#3095 = DIRECTION ( 'NONE',  ( 1.000000000000000000, 0.000000000000000000, 0.000000000000000000 ) ) ;
#3096 = CARTESIAN_POINT ( 'NONE',  ( 0.03838582677165354451, 0.2362204724409157630, -0.07795275590552164235 ) ) ;
#3097 = CARTESIAN_POINT ( 'NONE',  ( 0.000000000000000000, 0.2421259842519385974, 0.07952755905514784229 ) ) ;
#3098 = VERTEX_POINT ( 'NONE', #3223 ) ;
#3099 = ORIENTED_EDGE ( 'NONE', *, *, #1665, .T. ) ;
#3100 = LINE ( 'NONE', #6530, #6319 ) ;
#3101 = ORIENTED_EDGE ( 'NONE', *, *, #6692, .T. ) ;
#3102 = VECTOR ( 'NONE', #3773, 39.37007874015748143 ) ;
#3103 = EDGE_CURVE ( 'NONE', #358, #6816, #7347, .T. ) ;
#3104 = CARTESIAN_POINT ( 'NONE',  ( -0.1013779525214173333, 0.2165354330708373909, -0.2480314960629626253 ) ) ;
#3105 = ADVANCED_FACE ( 'NONE', ( #2327 ), #9516, .T. ) ;
#3106 = CARTESIAN_POINT ( 'NONE',  ( -0.004921259842519684971, 0.2400588892959547305, -0.04142299450934047722 ) ) ;
#3107 = ORIENTED_EDGE ( 'NONE', *, *, #10952, .T. ) ;
#3108 = AXIS2_PLACEMENT_3D ( 'NONE', #3787, #8871, #1251 ) ;
#3109 = LINE ( 'NONE', #5639, #2927 ) ;
#3110 = VERTEX_POINT ( 'NONE', #5815 ) ;
#3111 = DIRECTION ( 'NONE',  ( 0.000000000000000000, 3.491481338843134933E-15, -1.000000000000000000 ) ) ;
#3112 = ORIENTED_EDGE ( 'NONE', *, *, #7680, .T. ) ;
#3113 = CARTESIAN_POINT ( 'NONE',  ( 0.1505905511814173148, 0.2106299212598137516, -0.2132217023432185221 ) ) ;
#3114 = ORIENTED_EDGE ( 'NONE', *, *, #8533, .T. ) ;
#3115 = EDGE_CURVE ( 'NONE', #6538, #153, #9263, .T. ) ;
#3116 = ADVANCED_FACE ( 'NONE', ( #7796 ), #7630, .T. ) ;
#3117 = CARTESIAN_POINT ( 'NONE',  ( -0.1781496062992126150, 0.2362204724409153467, 0.05986524456920295362 ) ) ;
#3118 = ADVANCED_FACE ( 'NONE', ( #857 ), #9595, .T. ) ;
#3119 = CARTESIAN_POINT ( 'NONE',  ( 0.1968503937007874127, 0.1909448818897346856, -0.1094488188976082688 ) ) ;
#3120 = DIRECTION ( 'NONE',  ( 0.000000000000000000, -2.891205793294678622E-15, 1.000000000000000000 ) ) ;
#3121 = CARTESIAN_POINT ( 'NONE',  ( -0.008858267481783465083, 0.2125984251968583427, -0.2066929133860020140 ) ) ;
#3122 = DIRECTION ( 'NONE',  ( 1.000000000000000000, 0.000000000000000000, 0.000000000000000000 ) ) ;
#3123 = ORIENTED_EDGE ( 'NONE', *, *, #4393, .F. ) ;
#3124 = DIRECTION ( 'NONE',  ( 1.000000000000000000, 0.000000000000000000, 0.000000000000000000 ) ) ;
#3125 = VERTEX_POINT ( 'NONE', #6768 ) ;
#3126 = VERTEX_POINT ( 'NONE', #9424 ) ;
#3127 = DIRECTION ( 'NONE',  ( 1.000000000000000000, 0.000000000000000000, 0.000000000000000000 ) ) ;
#3128 = EDGE_CURVE ( 'NONE', #3694, #9990, #3556, .T. ) ;
#3129 = PLANE ( 'NONE',  #3649 ) ;
#3130 = DIRECTION ( 'NONE',  ( 0.000000000000000000, -1.000000000000000000, -3.491481338843134933E-15 ) ) ;
#3131 = CARTESIAN_POINT ( 'NONE',  ( 0.2909448818897638067, 0.2106299212598126414, 0.06479275320034448560 ) ) ;
#3132 = VERTEX_POINT ( 'NONE', #2598 ) ;
#3133 = CARTESIAN_POINT ( 'NONE',  ( -0.04822834645669291098, 0.2616530078181201202, 0.009686792758139901177 ) ) ;
#3134 = DIRECTION ( 'NONE',  ( 0.000000000000000000, 1.000000000000000000, 3.491481338843134933E-15 ) ) ;
#3135 = FACE_OUTER_BOUND ( 'NONE', #3727, .T. ) ;
#3136 = ORIENTED_EDGE ( 'NONE', *, *, #4600, .T. ) ;
#3137 = LINE ( 'NONE', #2822, #3414 ) ;
#3138 = VERTEX_POINT ( 'NONE', #1698 ) ;
#3139 = EDGE_CURVE ( 'NONE', #4017, #1657, #8586, .T. ) ;
#3140 = AXIS2_PLACEMENT_3D ( 'NONE', #6633, #4785, #3886 ) ;
#3141 = CARTESIAN_POINT ( 'NONE',  ( 0.1033464566929133965, 0.2309529165521752303, 0.05719542721420283610 ) ) ;
#3142 = LINE ( 'NONE', #6631, #2562 ) ;
#3143 = FACE_OUTER_BOUND ( 'NONE', #9324, .T. ) ;
#3144 = CARTESIAN_POINT ( 'NONE',  ( 0.08169291338582677919, 0.2309529165521752303, 0.05719542721420283610 ) ) ;
#3145 = ORIENTED_EDGE ( 'NONE', *, *, #7157, .T. ) ;
#3146 = DIRECTION ( 'NONE',  ( 1.000000000000000000, 7.318713536442999538E-13, 2.555315173682935088E-27 ) ) ;
#3147 = CARTESIAN_POINT ( 'NONE',  ( 0.1250000000000000000, 0.2351129816986712584, -0.03819606597134834330 ) ) ;
#3148 = ORIENTED_EDGE ( 'NONE', *, *, #5449, .F. ) ;
#3149 = VECTOR ( 'NONE', #5720, 39.37007874015748143 ) ;
#3150 = ORIENTED_EDGE ( 'NONE', *, *, #9806, .T. ) ;
#3151 = LINE ( 'NONE', #3042, #8674 ) ;
#3152 = VERTEX_POINT ( 'NONE', #4183 ) ;
#3153 = ADVANCED_FACE ( 'NONE', ( #1814 ), #7684, .T. ) ;
#3154 = DIRECTION ( 'NONE',  ( -1.000000000000000000, 0.000000000000000000, 0.000000000000000000 ) ) ;
#3155 = AXIS2_PLACEMENT_3D ( 'NONE', #2272, #10736, #3911 ) ;
#3156 = CARTESIAN_POINT ( 'NONE',  ( 0.1250000000000000000, 0.2351129816986712584, -0.03819606597134834330 ) ) ;
#3157 = FACE_OUTER_BOUND ( 'NONE', #2169, .T. ) ;
#3158 = VERTEX_POINT ( 'NONE', #6878 ) ;
#3159 = VERTEX_POINT ( 'NONE', #5301 ) ;
#3160 = ORIENTED_EDGE ( 'NONE', *, *, #481, .T. ) ;
#3161 = DIRECTION ( 'NONE',  ( 8.881784197256999767E-14, -5.284562464160160435E-12, -1.000000000000000000 ) ) ;
#3162 = ORIENTED_EDGE ( 'NONE', *, *, #10230, .T. ) ;
#3163 = ADVANCED_FACE ( 'NONE', ( #8754 ), #3500, .F. ) ;
#3164 = VECTOR ( 'NONE', #3630, 39.37007874015748143 ) ;
#3165 = CARTESIAN_POINT ( 'NONE',  ( -0.1564960629921260116, 0.2563854519293799483, 0.007016975403139922435 ) ) ;
#3166 = AXIS2_PLACEMENT_3D ( 'NONE', #6858, #4444, #7776 ) ;
#3167 = ORIENTED_EDGE ( 'NONE', *, *, #10540, .F. ) ;
#3168 = FACE_BOUND ( 'NONE', #1876, .T. ) ;
#3169 = VECTOR ( 'NONE', #7841, 39.37007874015748143 ) ;
#3170 = FACE_OUTER_BOUND ( 'NONE', #11044, .T. ) ;
#3171 = FACE_OUTER_BOUND ( 'NONE', #3354, .T. ) ;
#3172 = FACE_OUTER_BOUND ( 'NONE', #7564, .T. ) ;
#3173 = CARTESIAN_POINT ( 'NONE',  ( 0.08169291338582677919, 0.2362204724409153467, 0.05986524456920295362 ) ) ;
#3174 = ORIENTED_EDGE ( 'NONE', *, *, #6420, .T. ) ;
#3175 = PLANE ( 'NONE',  #4530 ) ;
#3176 = ORIENTED_EDGE ( 'NONE', *, *, #497, .T. ) ;
#3177 = VERTEX_POINT ( 'NONE', #7851 ) ;
#3178 = ADVANCED_FACE ( 'NONE', ( #10327 ), #10217, .T. ) ;
#3179 = ADVANCED_FACE ( 'NONE', ( #798 ), #5189, .T. ) ;
#3180 = CARTESIAN_POINT ( 'NONE',  ( -0.1299212598425196763, 0.2125984251968212890, -0.07795275590548228495 ) ) ;
#3181 = CIRCLE ( 'NONE', #7509, 0.02460629921259841271 ) ;
#3182 = CLOSED_SHELL ( 'NONE', ( #1248, #8193, #8269, #10302, #1767, #4985, #10639, #10886, #6927, #6762, #97, #4479, #4890, #4333 ) ) ;
#3183 = DIRECTION ( 'NONE',  ( 0.000000000000000000, 1.000000000000000000, 3.491481338843134933E-15 ) ) ;
#3184 = CARTESIAN_POINT ( 'NONE',  ( -0.06988188976377952832, 0.2400588892959547305, -0.04142299450934047722 ) ) ;
#3185 = CARTESIAN_POINT ( 'NONE',  ( 0.07775590574677165856, 0.2165354330708373909, -0.2421259842518799221 ) ) ;
#3186 = EDGE_LOOP ( 'NONE', ( #2968, #1404, #10237, #2082 ) ) ;
#3187 = DIRECTION ( 'NONE',  ( 0.000000000000000000, 3.491481338843134933E-15, -1.000000000000000000 ) ) ;
#3188 = DIRECTION ( 'NONE',  ( 1.000000000000000000, 0.000000000000000000, 0.000000000000000000 ) ) ;
#3189 = AXIS2_PLACEMENT_3D ( 'NONE', #4484, #5377, #8830 ) ;
#3190 = VERTEX_POINT ( 'NONE', #3389 ) ;
#3191 = LINE ( 'NONE', #8338, #9377 ) ;
#3192 = VERTEX_POINT ( 'NONE', #2548 ) ;
#3193 = ADVANCED_FACE ( 'NONE', ( #913 ), #10379, .T. ) ;
#3194 = PLANE ( 'NONE',  #905 ) ;
#3195 = ORIENTED_EDGE ( 'NONE', *, *, #2728, .T. ) ;
#3196 = CARTESIAN_POINT ( 'NONE',  ( -0.1732283464566929387, 0.2125984251968212890, -0.07795275590548228495 ) ) ;
#3197 = CARTESIAN_POINT ( 'NONE',  ( -0.1564960629921260116, 0.2556349392492224815, -0.006742098347214430139 ) ) ;
#3198 = LINE ( 'NONE', #10766, #5201 ) ;
#3199 = DIRECTION ( 'NONE',  ( 0.000000000000000000, 1.000000000000000000, 3.491481338843134933E-15 ) ) ;
#3200 = ORIENTED_EDGE ( 'NONE', *, *, #364, .T. ) ;
#3201 = DIRECTION ( 'NONE',  ( 0.000000000000000000, -0.8375070198036267399, 0.5464265657704130419 ) ) ;
#3202 = CARTESIAN_POINT ( 'NONE',  ( 0.2259842519685039686, 0.2775590551180810994, -0.1035433070865844490 ) ) ;
#3203 = DIRECTION ( 'NONE',  ( -2.607218145081999863E-11, -1.000000000000000000, 1.098623616508116101E-11 ) ) ;
#3204 = CIRCLE ( 'NONE', #4825, 0.005905511811082679759 ) ;
#3205 = EDGE_CURVE ( 'NONE', #5407, #4302, #3388, .T. ) ;
#3206 = VERTEX_POINT ( 'NONE', #8869 ) ;
#3207 = PLANE ( 'NONE',  #4683 ) ;
#3208 = ORIENTED_EDGE ( 'NONE', *, *, #3103, .F. ) ;
#3209 = VECTOR ( 'NONE', #9288, 39.37007874015748854 ) ;
#3210 = LINE ( 'NONE', #6703, #8631 ) ;
#3211 = LINE ( 'NONE', #4061, #9264 ) ;
#3212 = CARTESIAN_POINT ( 'NONE',  ( -0.1466535430726771672, 0.2106299212598137516, -0.2421259842518799221 ) ) ;
#3213 = ORIENTED_EDGE ( 'NONE', *, *, #6405, .F. ) ;
#3214 = EDGE_LOOP ( 'NONE', ( #7213, #2455, #7118, #7175 ) ) ;
#3215 = ORIENTED_EDGE ( 'NONE', *, *, #825, .T. ) ;
#3216 = EDGE_CURVE ( 'NONE', #7934, #10925, #11131, .T. ) ;
#3217 = EDGE_CURVE ( 'NONE', #8031, #8196, #5582, .T. ) ;
#3218 = CARTESIAN_POINT ( 'NONE',  ( 0.06397637818759842332, 0.2125984251968354444, -0.2125984251968208727 ) ) ;
#3219 = ORIENTED_EDGE ( 'NONE', *, *, #2432, .F. ) ;
#3220 = VECTOR ( 'NONE', #678, 39.37007874015748143 ) ;
#3221 = DIRECTION ( 'NONE',  ( 0.000000000000000000, -1.000000000000000000, -3.491481338843135327E-15 ) ) ;
#3222 = ORIENTED_EDGE ( 'NONE', *, *, #2318, .F. ) ;
#3223 = CARTESIAN_POINT ( 'NONE',  ( 0.1132526673555512009, 0.2125984251968200955, 0.2105515555279822981 ) ) ;
#3224 = ADVANCED_FACE ( 'NONE', ( #3729 ), #8079, .F. ) ;
#3225 = AXIS2_PLACEMENT_3D ( 'NONE', #2980, #8348, #7489 ) ;
#3226 = CARTESIAN_POINT ( 'NONE',  ( 0.08169291338582677919, 0.2605808468465059535, -0.009969026885245903247 ) ) ;
#3227 = PLANE ( 'NONE',  #5713 ) ;
#3228 = DIRECTION ( 'NONE',  ( -1.000000000000000000, 0.000000000000000000, 0.000000000000000000 ) ) ;
#3229 = ORIENTED_EDGE ( 'NONE', *, *, #7317, .F. ) ;
#3230 = EDGE_CURVE ( 'NONE', #6206, #1674, #2856, .T. ) ;
#3231 = CARTESIAN_POINT ( 'NONE',  ( 0.2594488188976378784, 0.2716535433070578764, -0.2125984251968208727 ) ) ;
#3232 = VERTEX_POINT ( 'NONE', #4522 ) ;
#3233 = VERTEX_POINT ( 'NONE', #7225 ) ;
#3234 = FACE_OUTER_BOUND ( 'NONE', #319, .T. ) ;
#3235 = VECTOR ( 'NONE', #5242, 39.37007874015748143 ) ;
#3236 = ADVANCED_FACE ( 'NONE', ( #9651 ), #7053, .T. ) ;
#3237 = LINE ( 'NONE', #6674, #9679 ) ;
#3238 = EDGE_CURVE ( 'NONE', #2908, #991, #6423, .T. ) ;
#3239 = CARTESIAN_POINT ( 'NONE',  ( 0.1998031496067716462, 0.2125984251968354444, -0.2125984251968208727 ) ) ;
#3240 = ORIENTED_EDGE ( 'NONE', *, *, #1095, .F. ) ;
#3241 = VECTOR ( 'NONE', #5379, 39.37007874015748143 ) ;
#3242 = DIRECTION ( 'NONE',  ( 0.000000000000000000, 1.000000000000000000, 3.491481338843135327E-15 ) ) ;
#3243 = CIRCLE ( 'NONE', #10994, 0.01870078740157479422 ) ;
#3244 = DIRECTION ( 'NONE',  ( 0.000000000000000000, -3.491481338843134933E-15, 1.000000000000000000 ) ) ;
#3245 = ORIENTED_EDGE ( 'NONE', *, *, #5450, .F. ) ;
#3246 = EDGE_CURVE ( 'NONE', #3152, #8005, #3615, .T. ) ;
#3247 = PLANE ( 'NONE',  #6672 ) ;
#3248 = ORIENTED_EDGE ( 'NONE', *, *, #6299, .F. ) ;
#3249 = PLANE ( 'NONE',  #2886 ) ;
#3250 = ORIENTED_EDGE ( 'NONE', *, *, #699, .T. ) ;
#3251 = VECTOR ( 'NONE', #9761, 39.37007874015748143 ) ;
#3252 = VECTOR ( 'NONE', #8032, 39.37007874015748143 ) ;
#3253 = DIRECTION ( 'NONE',  ( 0.000000000000000000, -1.000000000000000000, -3.491481338843134933E-15 ) ) ;
#3254 = CARTESIAN_POINT ( 'NONE',  ( -0.1860939424883858162, 0.2834645669291035452, 0.2480314960630220500 ) ) ;
#3255 = ORIENTED_EDGE ( 'NONE', *, *, #7289, .T. ) ;
#3256 = ADVANCED_FACE ( 'NONE', ( #9767 ), #5359, .T. ) ;
#3257 = DIRECTION ( 'NONE',  ( -1.000000000000000000, 0.000000000000000000, 0.000000000000000000 ) ) ;
#3258 = EDGE_LOOP ( 'NONE', ( #2939, #4598, #3604, #6433 ) ) ;
#3259 = DIRECTION ( 'NONE',  ( 1.000000000000000000, 0.000000000000000000, 0.000000000000000000 ) ) ;
#3260 = DIRECTION ( 'NONE',  ( 0.000000000000000000, 1.000000000000000000, 3.491481338843134933E-15 ) ) ;
#3261 = CARTESIAN_POINT ( 'NONE',  ( -0.004921259842519684971, 0.2598425196850102648, -0.05433070866142700878 ) ) ;
#3262 = VECTOR ( 'NONE', #8791, 39.37007874015748143 ) ;
#3263 = VECTOR ( 'NONE', #9980, 39.37007874015748143 ) ;
#3264 = EDGE_LOOP ( 'NONE', ( #10652, #1683, #9895, #4930 ) ) ;
#3265 = DIRECTION ( 'NONE',  ( 0.000000000000000000, 0.8919727971616542295, 0.4520890721125805922 ) ) ;
#3266 = ORIENTED_EDGE ( 'NONE', *, *, #6940, .T. ) ;
#3267 = CARTESIAN_POINT ( 'NONE',  ( 0.03838582677165354451, 0.2563854519293799483, 0.007016975403139922435 ) ) ;
#3268 = VECTOR ( 'NONE', #4764, 39.37007874015748143 ) ;
#3269 = CARTESIAN_POINT ( 'NONE',  ( -0.1958661417257874238, 0.2224409448818610024, -0.2125984251968208727 ) ) ;
#3270 = EDGE_CURVE ( 'NONE', #2591, #8775, #3037, .T. ) ;
#3271 = LINE ( 'NONE', #4798, #9807 ) ;
#3272 = FACE_BOUND ( 'NONE', #6006, .T. ) ;
#3273 = ORIENTED_EDGE ( 'NONE', *, *, #7398, .F. ) ;
#3274 = VERTEX_POINT ( 'NONE', #7970 ) ;
#3275 = CARTESIAN_POINT ( 'NONE',  ( -0.1181102362204724532, 0.2421259842519385974, 0.07952755905514784229 ) ) ;
#3276 = AXIS2_PLACEMENT_3D ( 'NONE', #4978, #8649, #4361 ) ;
#3277 = ORIENTED_EDGE ( 'NONE', *, *, #10259, .F. ) ;
#3278 = LINE ( 'NONE', #4807, #17 ) ;
#3279 = ORIENTED_EDGE ( 'NONE', *, *, #1801, .T. ) ;
#3280 = DIRECTION ( 'NONE',  ( -1.000000000000000000, 0.000000000000000000, 0.000000000000000000 ) ) ;
#3281 = EDGE_CURVE ( 'NONE', #710, #27, #2772, .T. ) ;
#3282 = DIRECTION ( 'NONE',  ( -1.000000000000000000, 0.000000000000000000, 0.000000000000000000 ) ) ;
#3283 = DIRECTION ( 'NONE',  ( 0.000000000000000000, -3.491481338843134933E-15, 1.000000000000000000 ) ) ;
#3284 = CARTESIAN_POINT ( 'NONE',  ( -0.1348425196850394081, 0.2362204724409157630, -0.07795275590552164235 ) ) ;
#3285 = VERTEX_POINT ( 'NONE', #6261 ) ;
#3286 = CARTESIAN_POINT ( 'NONE',  ( 0.1137795275590551269, 0.2775590551180810994, -0.09763779527556082360 ) ) ;
#3287 = VERTEX_POINT ( 'NONE', #8812 ) ;
#3288 = ORIENTED_EDGE ( 'NONE', *, *, #10095, .F. ) ;
#3289 = LOCAL_TIME ( 14, 23, 41.00000000000000000, #875 ) ;
#3290 = DIRECTION ( 'NONE',  ( 0.000000000000000000, -1.000000000000000000, -3.491481338843134933E-15 ) ) ;
#3291 = CIRCLE ( 'NONE', #6167, 0.005905511811082679759 ) ;
#3292 = EDGE_CURVE ( 'NONE', #5430, #10925, #354, .T. ) ;
#3293 = EDGE_CURVE ( 'NONE', #9673, #238, #3671, .T. ) ;
#3294 = FACE_OUTER_BOUND ( 'NONE', #8312, .T. ) ;
#3295 = LINE ( 'NONE', #5041, #293 ) ;
#3296 = ORIENTED_EDGE ( 'NONE', *, *, #10897, .T. ) ;
#3297 = DIRECTION ( 'NONE',  ( 0.000000000000000000, 1.000000000000000000, 3.491481338843134933E-15 ) ) ;
#3298 = DIRECTION ( 'NONE',  ( -1.000000000000000000, 0.000000000000000000, 0.000000000000000000 ) ) ;
#3299 = ORIENTED_EDGE ( 'NONE', *, *, #7665, .T. ) ;
#3300 = DIRECTION ( 'NONE',  ( -6.625811010962998857E-12, 1.000000000000000000, 5.837680488762429581E-13 ) ) ;
#3301 = ORIENTED_EDGE ( 'NONE', *, *, #7873, .T. ) ;
#3302 = LINE ( 'NONE', #7483, #6303 ) ;
#3303 = VERTEX_POINT ( 'NONE', #2038 ) ;
#3304 = ADVANCED_FACE ( 'NONE', ( #4577 ), #8022, .T. ) ;
#3305 = FACE_OUTER_BOUND ( 'NONE', #9707, .T. ) ;
#3306 = CARTESIAN_POINT ( 'NONE',  ( 0.1998031496067716462, 0.2224409448818610024, -0.2125984251968208727 ) ) ;
#3307 = DIRECTION ( 'NONE',  ( 0.3436952829106075802, 3.287735861771363112E-15, -0.9390812278525203505 ) ) ;
#3308 = CARTESIAN_POINT ( 'NONE',  ( 0.08169291338582677919, 0.2362204724409157630, -0.05433070866142708510 ) ) ;
#3309 = ORIENTED_EDGE ( 'NONE', *, *, #2475, .T. ) ;
#3310 = CARTESIAN_POINT ( 'NONE',  ( -0.1132526673544882040, 0.2775590551180799337, 0.2105515555275890016 ) ) ;
#3311 = CARTESIAN_POINT ( 'NONE',  ( -0.1387795273246062999, 0.2125984251968153771, -0.2066929133857145773 ) ) ;
#3312 = CARTESIAN_POINT ( 'NONE',  ( 0.06988188999870079132, 0.2165354330708373909, -0.2480314960629626253 ) ) ;
#3313 = ORIENTED_EDGE ( 'NONE', *, *, #10284, .T. ) ;
#3314 = EDGE_CURVE ( 'NONE', #2512, #6562, #1193, .T. ) ;
#3315 = EDGE_CURVE ( 'NONE', #3381, #11020, #9820, .T. ) ;
#3316 = CARTESIAN_POINT ( 'NONE',  ( 0.08169291338582677919, 0.2563854519293799483, 0.007016975403139922435 ) ) ;
#3317 = ORIENTED_EDGE ( 'NONE', *, *, #6314, .F. ) ;
#3318 = AXIS2_PLACEMENT_3D ( 'NONE', #2373, #4173, #8413 ) ;
#3319 = CARTESIAN_POINT ( 'NONE',  ( -0.06003936984413385525, 0.2106299212598137516, -0.2480314960629626253 ) ) ;
#3320 = LINE ( 'NONE', #7726, #5566 ) ;
#3321 = PLANE ( 'NONE',  #6192 ) ;
#3322 = DIRECTION ( 'NONE',  ( 0.000000000000000000, -1.000000000000000000, -3.469446951953614978E-15 ) ) ;
#3323 = ORIENTED_EDGE ( 'NONE', *, *, #6314, .T. ) ;
#3324 = ORIENTED_EDGE ( 'NONE', *, *, #3838, .T. ) ;
#3325 = CARTESIAN_POINT ( 'NONE',  ( 0.1250000000000000000, 0.2362204724409157630, -0.05433070866142708510 ) ) ;
#3326 = ORIENTED_EDGE ( 'NONE', *, *, #7035, .F. ) ;
#3327 = EDGE_CURVE ( 'NONE', #3747, #8415, #1249, .T. ) ;
#3328 = CARTESIAN_POINT ( 'NONE',  ( 0.1549896822516141914, 0.2125984251968200955, 0.2314365286925492426 ) ) ;
#3329 = ORIENTED_EDGE ( 'NONE', *, *, #6902, .F. ) ;
#3330 = VECTOR ( 'NONE', #7686, 39.37007874015748143 ) ;
#3331 = DIRECTION ( 'NONE',  ( 1.000000000000000000, 0.000000000000000000, 0.000000000000000000 ) ) ;
#3332 = CYLINDRICAL_SURFACE ( 'NONE', #3512, 0.01377952755905511792 ) ;
#3333 = DIRECTION ( 'NONE',  ( 6.325310645630999507E-11, -1.000000000000000000, 2.981561866273114586E-11 ) ) ;
#3334 = CARTESIAN_POINT ( 'NONE',  ( -0.01673228322985826841, 0.2106299212598137516, -0.2480314960629626253 ) ) ;
#3335 = ORIENTED_EDGE ( 'NONE', *, *, #8341, .F. ) ;
#3336 = VECTOR ( 'NONE', #10039, 39.37007874015748143 ) ;
#3337 = CIRCLE ( 'NONE', #3166, 0.02362204724409448092 ) ;
#3338 = DIRECTION ( 'NONE',  ( 0.000000000000000000, -0.8375070198036269620, 0.5464265657704129309 ) ) ;
#3339 = ORIENTED_EDGE ( 'NONE', *, *, #7729, .T. ) ;
#3340 = VERTEX_POINT ( 'NONE', #3104 ) ;
#3341 = ADVANCED_FACE ( 'NONE', ( #571 ), #7390, .T. ) ;
#3342 = FACE_OUTER_BOUND ( 'NONE', #899, .T. ) ;
#3343 = VECTOR ( 'NONE', #4107, 39.37007874015748143 ) ;
#3344 = VECTOR ( 'NONE', #8170, 39.37007874015748143 ) ;
#3345 = CARTESIAN_POINT ( 'NONE',  ( -0.1998031496062991907, 0.2362204724409153467, 0.05986524456920295362 ) ) ;
#3346 = CARTESIAN_POINT ( 'NONE',  ( -0.09547244071035433655, 0.2165354330708373909, -0.2421259842518799221 ) ) ;
#3347 = VERTEX_POINT ( 'NONE', #7448 ) ;
#3348 = LINE ( 'NONE', #7700, #10582 ) ;
#3349 = CARTESIAN_POINT ( 'NONE',  ( 0.01673228346456692717, 0.2362204724409153467, 0.05986524456920295362 ) ) ;
#3350 = ORIENTED_EDGE ( 'NONE', *, *, #9455, .T. ) ;
#3351 = DATE_AND_TIME ( #10295, #3468 ) ;
#3352 = PLANE ( 'NONE',  #6318 ) ;
#3353 = VERTEX_POINT ( 'NONE', #2315 ) ;
#3354 = EDGE_LOOP ( 'NONE', ( #6429, #5310, #4399, #550 ) ) ;
#3355 = AXIS2_PLACEMENT_3D ( 'NONE', #6176, #1056, #5280 ) ;
#3356 = ADVANCED_FACE ( 'NONE', ( #2202 ), #4118, .F. ) ;
#3357 = LINE ( 'NONE', #3415, #4857 ) ;
#3358 = VECTOR ( 'NONE', #8618, 39.37007874015748143 ) ;
#3359 = EDGE_CURVE ( 'NONE', #8061, #6155, #6644, .T. ) ;
#3360 = ORIENTED_EDGE ( 'NONE', *, *, #1415, .T. ) ;
#3361 = PLANE ( 'NONE',  #2204 ) ;
#3362 = VECTOR ( 'NONE', #7757, 39.37007874015748143 ) ;
#3363 = VERTEX_POINT ( 'NONE', #1527 ) ;
#3364 = CARTESIAN_POINT ( 'NONE',  ( -0.1348425196850394081, 0.2351129816986712584, -0.03819606597134834330 ) ) ;
#3365 = ORIENTED_EDGE ( 'NONE', *, *, #3875, .F. ) ;
#3366 = CARTESIAN_POINT ( 'NONE',  ( 0.000000000000000000, 0.2125984251968216499, -0.2125984251968208727 ) ) ;
#3367 = EDGE_CURVE ( 'NONE', #6664, #2288, #4059, .T. ) ;
#3368 = DIRECTION ( 'NONE',  ( 0.000000000000000000, 1.000000000000000000, 3.491481338843134933E-15 ) ) ;
#3369 = CARTESIAN_POINT ( 'NONE',  ( -0.09153543307086613179, 0.2309529165521752303, 0.05719542721420283610 ) ) ;
#3370 = VERTEX_POINT ( 'NONE', #456 ) ;
#3371 = AXIS2_PLACEMENT_3D ( 'NONE', #5012, #843, #9522 ) ;
#3372 = DIRECTION ( 'NONE',  ( -0.8681403641345443178, -1.732887676812650373E-15, 0.4963187566074251378 ) ) ;
#3373 = ORIENTED_EDGE ( 'NONE', *, *, #7566, .F. ) ;
#3374 = CARTESIAN_POINT ( 'NONE',  ( -0.2594488188976378784, 0.2834645669291050996, -0.2125984251968204841 ) ) ;
#3375 = DIRECTION ( 'NONE',  ( 0.000000000000000000, 1.000000000000000000, 3.491481338843134933E-15 ) ) ;
#3376 = CARTESIAN_POINT ( 'NONE',  ( -0.2618110236220472231, 0.2755905511810736175, -0.2125984251968208727 ) ) ;
#3377 = EDGE_CURVE ( 'NONE', #10991, #7967, #7909, .T. ) ;
#3378 = AXIS2_PLACEMENT_3D ( 'NONE', #1580, #6809, #10257 ) ;
#3379 = EDGE_CURVE ( 'NONE', #7547, #9587, #5688, .T. ) ;
#3380 = LINE ( 'NONE', #3439, #1812 ) ;
#3381 = VERTEX_POINT ( 'NONE', #4744 ) ;
#3382 = ORIENTED_EDGE ( 'NONE', *, *, #6866, .F. ) ;
#3383 = DIRECTION ( 'NONE',  ( 0.000000000000000000, -0.8375070198036267399, 0.5464265657704130419 ) ) ;
#3384 = EDGE_CURVE ( 'NONE', #1379, #2591, #9932, .T. ) ;
#3385 = EDGE_LOOP ( 'NONE', ( #9462, #2960, #39, #5021, #8021, #3648, #5700, #8818 ) ) ;
#3386 = CARTESIAN_POINT ( 'NONE',  ( -0.2135826771653543399, 0.2106299212598137516, -0.2480314960629626253 ) ) ;
#3387 = EDGE_LOOP ( 'NONE', ( #322, #10042, #10908, #5227 ) ) ;
#3388 = CIRCLE ( 'NONE', #9700, 0.005905511811023620231 ) ;
#3389 = CARTESIAN_POINT ( 'NONE',  ( 0.07775590574677165856, 0.2106299212598137516, -0.2421259842519685179 ) ) ;
#3390 = LINE ( 'NONE', #5979, #7075 ) ;
#3391 = EDGE_CURVE ( 'NONE', #2377, #5267, #8358, .T. ) ;
#3392 = DIRECTION ( 'NONE',  ( 0.000000000000000000, -0.8375070198036269620, 0.5464265657704129309 ) ) ;
#3393 = CARTESIAN_POINT ( 'NONE',  ( -0.2683619370964566708, 0.2145669291338287432, 0.05787401574806102372 ) ) ;
#3394 = LINE ( 'NONE', #10277, #9938 ) ;
#3395 = AXIS2_PLACEMENT_3D ( 'NONE', #2146, #2829, #2092 ) ;
#3396 = ORIENTED_EDGE ( 'NONE', *, *, #5908, .F. ) ;
#3397 = UNCERTAINTY_MEASURE_WITH_UNIT (LENGTH_MEASURE( 1.000000000000000082E-05 ), #1833, 'distance_accuracy_value', 'NONE');
#3398 = CARTESIAN_POINT ( 'NONE',  ( -0.05216535409606298801, 0.2125984251968326966, -0.2125984251968208727 ) ) ;
#3399 = ORIENTED_EDGE ( 'NONE', *, *, #7565, .F. ) ;
#3400 = ORIENTED_EDGE ( 'NONE', *, *, #6324, .F. ) ;
#3401 = LINE ( 'NONE', #10285, #10817 ) ;
#3402 = AXIS2_PLACEMENT_3D ( 'NONE', #5428, #8978, #8876 ) ;
#3403 = DIRECTION ( 'NONE',  ( 0.000000000000000000, -1.000000000000000000, -3.491481338843134933E-15 ) ) ;
#3404 = EDGE_CURVE ( 'NONE', #4246, #2221, #6475, .T. ) ;
#3405 = CARTESIAN_POINT ( 'NONE',  ( -0.09153543307086613179, 0.2362204724409157630, -0.05433070866138771382 ) ) ;
#3406 = ORIENTED_EDGE ( 'NONE', *, *, #9367, .F. ) ;
#3407 = DIRECTION ( 'NONE',  ( 0.000000000000000000, 3.491481338843135327E-15, -1.000000000000000000 ) ) ;
#3408 = PLANE ( 'NONE',  #3854 ) ;
#3409 = ORIENTED_EDGE ( 'NONE', *, *, #3391, .T. ) ;
#3410 = APPROVAL_ROLE ( '' ) ;
#3411 = LINE ( 'NONE', #2569, #1296 ) ;
#3412 = VERTEX_POINT ( 'NONE', #3269 ) ;
#3413 = ORIENTED_EDGE ( 'NONE', *, *, #4687, .F. ) ;
#3414 = VECTOR ( 'NONE', #6254, 39.37007874015748143 ) ;
#3415 = CARTESIAN_POINT ( 'NONE',  ( -0.09153543307086613179, 0.2400588892959547305, -0.04142299450934047722 ) ) ;
#3416 = ORIENTED_EDGE ( 'NONE', *, *, #1228, .F. ) ;
#3417 = CARTESIAN_POINT ( 'NONE',  ( -0.1348425196850394081, 0.2309529165521752303, 0.05719542721420283610 ) ) ;
#3418 = AXIS2_PLACEMENT_3D ( 'NONE', #5877, #9383, #3290 ) ;
#3419 = ORIENTED_EDGE ( 'NONE', *, *, #2192, .F. ) ;
#3420 = EDGE_CURVE ( 'NONE', #6000, #374, #10834, .T. ) ;
#3421 = FACE_OUTER_BOUND ( 'NONE', #4169, .T. ) ;
#3422 = EDGE_CURVE ( 'NONE', #7362, #6081, #6588, .T. ) ;
#3423 = EDGE_LOOP ( 'NONE', ( #7581, #10731, #8488, #4402 ) ) ;
#3424 = CARTESIAN_POINT ( 'NONE',  ( 0.1072834648018897719, 0.2165354330708373909, -0.2185039370078444843 ) ) ;
#3425 = DIRECTION ( 'NONE',  ( 0.000000000000000000, -1.000000000000000000, -5.782411586589358822E-15 ) ) ;
#3426 = CARTESIAN_POINT ( 'NONE',  ( 0.1345525796372441241, 0.2421259842519382366, 0.2201693093382189048 ) ) ;
#3427 = ORIENTED_EDGE ( 'NONE', *, *, #4509, .F. ) ;
#3428 = CIRCLE ( 'NONE', #7571, 0.01870078740157479422 ) ;
#3429 = AXIS2_PLACEMENT_3D ( 'NONE', #2435, #1589, #10157 ) ;
#3430 = CARTESIAN_POINT ( 'NONE',  ( 0.03838582677165354451, 0.2309529165521752303, 0.05719542721420283610 ) ) ;
#3431 = ORIENTED_EDGE ( 'NONE', *, *, #6394, .T. ) ;
#3432 = CARTESIAN_POINT ( 'NONE',  ( 0.2055118110236220375, 0.2755905511810720632, 0.2468503937008173499 ) ) ;
#3433 = LINE ( 'NONE', #2588, #5014 ) ;
#3434 = EDGE_CURVE ( 'NONE', #10634, #5116, #10778, .T. ) ;
#3435 = EDGE_CURVE ( 'NONE', #6596, #1611, #3210, .T. ) ;
#3436 = VECTOR ( 'NONE', #3652, 39.37007874015748143 ) ;
#3437 = CARTESIAN_POINT ( 'NONE',  ( -0.1299212598425196763, 0.2421259842519393746, -0.07795275590548228495 ) ) ;
#3438 = VECTOR ( 'NONE', #6698, 39.37007874015748854 ) ;
#3439 = CARTESIAN_POINT ( 'NONE',  ( -0.1387795273246062999, 0.2106299212598137516, -0.2421259842517894112 ) ) ;
#3440 = ORIENTED_EDGE ( 'NONE', *, *, #214, .F. ) ;
#3441 = CARTESIAN_POINT ( 'NONE',  ( -0.09153543307086613179, 0.2598425196850102648, -0.05433070866142700878 ) ) ;
#3442 = ORIENTED_EDGE ( 'NONE', *, *, #4743, .F. ) ;
#3443 = CARTESIAN_POINT ( 'NONE',  ( 0.03838582677165354451, 0.2556349392492224815, -0.006742098347214430139 ) ) ;
#3444 = ORIENTED_EDGE ( 'NONE', *, *, #10911, .T. ) ;
#3445 = AXIS2_PLACEMENT_3D ( 'NONE', #2851, #8890, #323 ) ;
#3446 = ADVANCED_FACE ( 'NONE', ( #8188 ), #10037, .F. ) ;
#3447 = ADVANCED_FACE ( 'NONE', ( #9082 ), #10094, .F. ) ;
#3448 = DIRECTION ( 'NONE',  ( -1.000000000000000000, 0.000000000000000000, 0.000000000000000000 ) ) ;
#3449 = DIRECTION ( 'NONE',  ( 0.000000000000000000, -1.000000000000000000, 0.000000000000000000 ) ) ;
#3450 = VECTOR ( 'NONE', #7744, 39.37007874015748143 ) ;
#3451 = CARTESIAN_POINT ( 'NONE',  ( -0.2594488188976378784, 0.2834645669291035452, 0.2055118110236519857 ) ) ;
#3452 = FACE_OUTER_BOUND ( 'NONE', #9477, .T. ) ;
#3453 = ORIENTED_EDGE ( 'NONE', *, *, #2516, .F. ) ;
#3454 = CARTESIAN_POINT ( 'NONE',  ( 0.1250000000000000000, 0.2362204724409157630, -0.05433070866138771382 ) ) ;
#3455 = ORIENTED_EDGE ( 'NONE', *, *, #661, .F. ) ;
#3456 = VERTEX_POINT ( 'NONE', #4853 ) ;
#3457 = EDGE_CURVE ( 'NONE', #4982, #9173, #4007, .T. ) ;
#3458 = CARTESIAN_POINT ( 'NONE',  ( 0.2653543307086614345, 0.2145669291338295481, -0.2125984251968208727 ) ) ;
#3459 = EDGE_CURVE ( 'NONE', #6655, #7354, #3320, .T. ) ;
#3460 = EDGE_CURVE ( 'NONE', #9576, #5619, #9360, .T. ) ;
#3461 = CIRCLE ( 'NONE', #4185, 0.005905511811023620231 ) ;
#3462 = FACE_OUTER_BOUND ( 'NONE', #9582, .T. ) ;
#3463 = LINE ( 'NONE', #6726, #10906 ) ;
#3464 = ORIENTED_EDGE ( 'NONE', *, *, #8945, .F. ) ;
#3465 = CYLINDRICAL_SURFACE ( 'NONE', #2104, 0.005905511811023620231 ) ;
#3466 = CARTESIAN_POINT ( 'NONE',  ( -0.09995424143519686389, 0.2775590551180799337, 0.2055353207559354189 ) ) ;
#3467 = ORIENTED_EDGE ( 'NONE', *, *, #9269, .F. ) ;
#3468 = LOCAL_TIME ( 14, 23, 41.00000000000000000, #9445 ) ;
#3469 = APPROVAL_DATE_TIME ( #1612, #6282 ) ;
#3470 = CARTESIAN_POINT ( 'NONE',  ( -0.1564960629921260116, 0.2362204724409157630, -0.05433070866138771382 ) ) ;
#3471 = VECTOR ( 'NONE', #2064, 39.37007874015748143 ) ;
#3472 = VERTEX_POINT ( 'NONE', #7784 ) ;
#3473 = ORIENTED_EDGE ( 'NONE', *, *, #3314, .F. ) ;
#3474 = DIRECTION ( 'NONE',  ( 1.000000000000000000, 0.000000000000000000, 0.000000000000000000 ) ) ;
#3475 = ORIENTED_EDGE ( 'NONE', *, *, #2841, .F. ) ;
#3476 = ADVANCED_FACE ( 'NONE', ( #898 ), #5233, .F. ) ;
#3477 = LINE ( 'NONE', #6797, #6350 ) ;
#3478 = DIRECTION ( 'NONE',  ( 0.000000000000000000, 1.000000000000000000, 3.491481338843134933E-15 ) ) ;
#3479 = DIRECTION ( 'NONE',  ( 1.000000000000000000, 0.000000000000000000, 0.000000000000000000 ) ) ;
#3480 = ORIENTED_EDGE ( 'NONE', *, *, #9418, .F. ) ;
#3481 = CARTESIAN_POINT ( 'NONE',  ( 0.04330708661417323468, 0.2125984251968204841, 0.07952755905514763413 ) ) ;
#3482 = CARTESIAN_POINT ( 'NONE',  ( -0.1744460153224803300, 0.2125984251968200955, 0.2442895309760138023 ) ) ;
#3483 = CARTESIAN_POINT ( 'NONE',  ( -0.04822834645669291098, 0.2362204724409157630, -0.05433070866142708510 ) ) ;
#3484 = ORIENTED_EDGE ( 'NONE', *, *, #3292, .T. ) ;
#3485 = DIRECTION ( 'NONE',  ( 1.000000000000000000, 0.000000000000000000, 0.000000000000000000 ) ) ;
#3486 = EDGE_CURVE ( 'NONE', #10610, #383, #11054, .T. ) ;
#3487 = EDGE_LOOP ( 'NONE', ( #3160, #4459, #2823, #324, #5642 ) ) ;
#3488 = CARTESIAN_POINT ( 'NONE',  ( 0.1137795275590551269, 0.2834645669291047665, -0.1035433070865844490 ) ) ;
#3489 = LINE ( 'NONE', #6920, #8092 ) ;
#3490 = ORIENTED_EDGE ( 'NONE', *, *, #1049, .T. ) ;
#3491 = CARTESIAN_POINT ( 'NONE',  ( 0.2259842519685039686, 0.2834645669291047665, -0.09763779527556082360 ) ) ;
#3492 = CARTESIAN_POINT ( 'NONE',  ( -0.09153543307086613179, 0.2351129816986712584, -0.03819606597134834330 ) ) ;
#3493 = ORIENTED_EDGE ( 'NONE', *, *, #4210, .T. ) ;
#3494 = VECTOR ( 'NONE', #623, 39.37007874015748143 ) ;
#3495 = CARTESIAN_POINT ( 'NONE',  ( -0.1525590548837795490, 0.2106299212598137516, -0.2132217023431575154 ) ) ;
#3496 = VERTEX_POINT ( 'NONE', #7839 ) ;
#3497 = CARTESIAN_POINT ( 'NONE',  ( -0.1131889763779527630, 0.2362204724409157630, -0.05433070866138771382 ) ) ;
#3498 = EDGE_CURVE ( 'NONE', #1301, #8207, #5121, .T. ) ;
#3499 = ORIENTED_EDGE ( 'NONE', *, *, #61, .F. ) ;
#3500 = PLANE ( 'NONE',  #1051 ) ;
#3501 = CIRCLE ( 'NONE', #4228, 0.005905511811023620231 ) ;
#3502 = DIRECTION ( 'NONE',  ( 1.000000000000000000, 7.910467665817889266E-28, -2.265647986662000046E-13 ) ) ;
#3503 = CARTESIAN_POINT ( 'NONE',  ( -0.1033464564584252038, 0.2106299212598137516, -0.2480314960629626253 ) ) ;
#3504 = CARTESIAN_POINT ( 'NONE',  ( -0.2047244094488189226, 0.2125984251968204841, 0.07952755905514763413 ) ) ;
#3505 = EDGE_CURVE ( 'NONE', #5417, #9017, #10611, .T. ) ;
#3506 = LINE ( 'NONE', #8483, #10482 ) ;
#3507 = VERTEX_POINT ( 'NONE', #115 ) ;
#3508 = PLANE ( 'NONE',  #7736 ) ;
#3509 = ORIENTED_EDGE ( 'NONE', *, *, #2685, .T. ) ;
#3510 = ORIENTED_EDGE ( 'NONE', *, *, #7289, .F. ) ;
#3511 = CARTESIAN_POINT ( 'NONE',  ( -0.1781496062992126150, 0.2362204724409157630, -0.07795275590552164235 ) ) ;
#3512 = AXIS2_PLACEMENT_3D ( 'NONE', #11121, #7742, #859 ) ;
#3513 = DIRECTION ( 'NONE',  ( -1.000000000000000000, 0.000000000000000000, 0.000000000000000000 ) ) ;
#3514 = DIRECTION ( 'NONE',  ( -0.4115312287949046133, 3.182120936625372514E-15, -0.9113956592647103339 ) ) ;
#3515 = CARTESIAN_POINT ( 'NONE',  ( -0.004921259842519684971, 0.2362204724409153467, 0.05986524456920295362 ) ) ;
#3516 = VECTOR ( 'NONE', #801, 39.37007874015748143 ) ;
#3517 = VERTEX_POINT ( 'NONE', #5966 ) ;
#3518 = CYLINDRICAL_SURFACE ( 'NONE', #10034, 0.01377952755905511792 ) ;
#3519 = ADVANCED_FACE ( 'NONE', ( #4342 ), #2534, .F. ) ;
#3520 = DIRECTION ( 'NONE',  ( -1.000000000000000000, 0.000000000000000000, 0.000000000000000000 ) ) ;
#3521 = EDGE_LOOP ( 'NONE', ( #10946, #9856, #3208, #10335 ) ) ;
#3522 = ADVANCED_FACE ( 'NONE', ( #6756 ), #10318, .T. ) ;
#3523 = COORDINATED_UNIVERSAL_TIME_OFFSET ( 0, 0, .AHEAD. ) ;
#3524 = DIRECTION ( 'NONE',  ( 0.000000000000000000, -1.000000000000000000, -3.491481338843134933E-15 ) ) ;
#3525 = ORIENTED_EDGE ( 'NONE', *, *, #5439, .T. ) ;
#3526 = ORIENTED_EDGE ( 'NONE', *, *, #5110, .F. ) ;
#3527 = LINE ( 'NONE', #6962, #4690 ) ;
#3528 = VERTEX_POINT ( 'NONE', #10203 ) ;
#3529 = VECTOR ( 'NONE', #10544, 39.37007874015748143 ) ;
#3530 = DIRECTION ( 'NONE',  ( -1.000000000000000000, 0.000000000000000000, 0.000000000000000000 ) ) ;
#3531 = DIRECTION ( 'NONE',  ( 0.000000000000000000, -1.000000000000000000, -3.491481338843135327E-15 ) ) ;
#3532 = CARTESIAN_POINT ( 'NONE',  ( -0.1820866139388976346, 0.2224409448818610024, -0.2125984251968208727 ) ) ;
#3533 = ORIENTED_EDGE ( 'NONE', *, *, #2547, .F. ) ;
#3534 = DIRECTION ( 'NONE',  ( 0.000000000000000000, -1.000000000000000000, -3.491481338843134933E-15 ) ) ;
#3535 = DIRECTION ( 'NONE',  ( 1.000000000000000000, 0.000000000000000000, 0.000000000000000000 ) ) ;
#3536 = VECTOR ( 'NONE', #11149, 39.37007874015748143 ) ;
#3537 = EDGE_CURVE ( 'NONE', #4378, #5678, #8447, .T. ) ;
#3538 = CYLINDRICAL_SURFACE ( 'NONE', #10827, 0.01181102362204724046 ) ;
#3539 = ORIENTED_EDGE ( 'NONE', *, *, #4973, .T. ) ;
#3540 = CARTESIAN_POINT ( 'NONE',  ( -0.1998031496062991907, 0.2440944881889468288, 0.0007874015747934192061 ) ) ;
#3541 = ORIENTED_EDGE ( 'NONE', *, *, #5330, .F. ) ;
#3542 = CIRCLE ( 'NONE', #2652, 0.01181102362204724046 ) ;
#3543 = DIRECTION ( 'NONE',  ( 0.000000000000000000, 1.000000000000000000, 3.491481338843135327E-15 ) ) ;
#3544 = DIRECTION ( 'NONE',  ( 1.297687883077000012E-10, -1.000000000000000000, 8.315369336045120044E-11 ) ) ;
#3545 = ORIENTED_EDGE ( 'NONE', *, *, #7447, .F. ) ;
#3546 = DIRECTION ( 'NONE',  ( 0.000000000000000000, 3.491481338843134933E-15, -1.000000000000000000 ) ) ;
#3547 = ADVANCED_FACE ( 'NONE', ( #1688 ), #8464, .T. ) ;
#3548 = FACE_OUTER_BOUND ( 'NONE', #6168, .T. ) ;
#3549 = EDGE_LOOP ( 'NONE', ( #4817, #4319, #7453, #7429 ) ) ;
#3550 = CIRCLE ( 'NONE', #8785, 0.02952755905511810289 ) ;
#3551 = PLANE ( 'NONE',  #3049 ) ;
#3552 = ORIENTED_EDGE ( 'NONE', *, *, #10989, .F. ) ;
#3553 = LINE ( 'NONE', #1645, #4708 ) ;
#3554 = ORIENTED_EDGE ( 'NONE', *, *, #6360, .F. ) ;
#3555 = AXIS2_PLACEMENT_3D ( 'NONE', #1292, #4044, #3088 ) ;
#3556 = LINE ( 'NONE', #6933, #10777 ) ;
#3557 = CARTESIAN_POINT ( 'NONE',  ( -0.2909448818897243938, 0.2106299212598126414, 0.08149606299215550465 ) ) ;
#3558 = EDGE_CURVE ( 'NONE', #2634, #7545, #2483, .T. ) ;
#3559 = CARTESIAN_POINT ( 'NONE',  ( -0.1564960629921260116, 0.2362204724409157630, -0.07795275590552164235 ) ) ;
#3560 = EDGE_CURVE ( 'NONE', #8584, #3496, #62, .T. ) ;
#3561 = CARTESIAN_POINT ( 'NONE',  ( -0.1781496062992126150, 0.1909448818897350464, -0.2480314960630413401 ) ) ;
#3562 = LINE ( 'NONE', #9772, #6331 ) ;
#3563 = VERTEX_POINT ( 'NONE', #8522 ) ;
#3564 = LINE ( 'NONE', #10279, #3591 ) ;
#3565 = VERTEX_POINT ( 'NONE', #3 ) ;
#3566 = ORIENTED_EDGE ( 'NONE', *, *, #4261, .F. ) ;
#3567 = AXIS2_PLACEMENT_3D ( 'NONE', #6274, #1262, #9722 ) ;
#3568 = DIRECTION ( 'NONE',  ( -3.700743415417000319E-13, 1.000000000000000000, -2.216954567911155022E-12 ) ) ;
#3569 = EDGE_CURVE ( 'NONE', #3950, #4017, #3433, .T. ) ;
#3570 = DIRECTION ( 'NONE',  ( 0.000000000000000000, -1.000000000000000000, -3.491481338843135327E-15 ) ) ;
#3571 = CIRCLE ( 'NONE', #4480, 0.01181102362204724046 ) ;
#3572 = PLANE ( 'NONE',  #10584 ) ;
#3573 = CARTESIAN_POINT ( 'NONE',  ( 0.2618110236219685083, 0.2832259357926625865, 0.2055118110236519857 ) ) ;
#3574 = EDGE_LOOP ( 'NONE', ( #1953, #9417, #10013, #4029 ) ) ;
#3575 = CARTESIAN_POINT ( 'NONE',  ( -0.1820866139388976346, 0.2125984251968208727, -0.2125984251968208727 ) ) ;
#3576 = CARTESIAN_POINT ( 'NONE',  ( -0.1348425196850394081, 0.2303149606298921792, -0.07795275590552164235 ) ) ;
#3577 = ORIENTED_EDGE ( 'NONE', *, *, #254, .T. ) ;
#3578 = DIRECTION ( 'NONE',  ( -0.8757303101584911209, -1.685689301587470072E-15, 0.4828006046699950260 ) ) ;
#3579 = ORIENTED_EDGE ( 'NONE', *, *, #9969, .T. ) ;
#3580 = ORIENTED_EDGE ( 'NONE', *, *, #377, .F. ) ;
#3581 = CARTESIAN_POINT ( 'NONE',  ( 0.01181102362204724393, 0.2421259842519385974, 0.07952755905514784229 ) ) ;
#3582 = VERTEX_POINT ( 'NONE', #9467 ) ;
#3583 = AXIS2_PLACEMENT_3D ( 'NONE', #395, #2704, #6306 ) ;
#3584 = EDGE_CURVE ( 'NONE', #10497, #5495, #1746, .T. ) ;
#3585 = EDGE_CURVE ( 'NONE', #412, #2208, #3489, .T. ) ;
#3586 = DIRECTION ( 'NONE',  ( -1.000000000000000000, -0.000000000000000000, 0.000000000000000000 ) ) ;
#3587 = DIRECTION ( 'NONE',  ( -1.000000000000000000, 0.000000000000000000, 4.542662542379170688E-11 ) ) ;
#3588 = DIRECTION ( 'NONE',  ( 1.000000000000000000, 0.000000000000000000, 0.000000000000000000 ) ) ;
#3589 = ORIENTED_EDGE ( 'NONE', *, *, #1385, .F. ) ;
#3590 = LINE ( 'NONE', #3702, #8232 ) ;
#3591 = VECTOR ( 'NONE', #1706, 39.37007874015748143 ) ;
#3592 = CARTESIAN_POINT ( 'NONE',  ( -0.1958661417322834775, 0.2224409448818610024, -0.2185039370078444843 ) ) ;
#3593 = CARTESIAN_POINT ( 'NONE',  ( -0.1549896822524409468, 0.2775590551180799337, 0.2314365286929433163 ) ) ;
#3594 = ORIENTED_EDGE ( 'NONE', *, *, #5239, .F. ) ;
#3595 = ORIENTED_EDGE ( 'NONE', *, *, #1531, .F. ) ;
#3596 = CC_DESIGN_DATE_AND_TIME_ASSIGNMENT ( #7704, #2457, ( #9109 ) ) ;
#3597 = CARTESIAN_POINT ( 'NONE',  ( 0.05511811023622047168, 0.2125984251968212890, -0.07795275590548228495 ) ) ;
#3598 = VECTOR ( 'NONE', #7151, 39.37007874015748854 ) ;
#3599 = VECTOR ( 'NONE', #9311, 39.37007874015748143 ) ;
#3600 = EDGE_CURVE ( 'NONE', #9080, #7547, #2646, .T. ) ;
#3601 = CARTESIAN_POINT ( 'NONE',  ( -0.02657480314960630058, 0.2556349392492224815, -0.006742098347214430139 ) ) ;
#3602 = DIRECTION ( 'NONE',  ( 1.000000000000000000, 0.000000000000000000, 0.000000000000000000 ) ) ;
#3603 = CARTESIAN_POINT ( 'NONE',  ( -0.06594488165523622325, 0.2165354330708373909, -0.2125984251968208727 ) ) ;
#3604 = ORIENTED_EDGE ( 'NONE', *, *, #5524, .F. ) ;
#3605 = LINE ( 'NONE', #6415, #1370 ) ;
#3606 = DIRECTION ( 'NONE',  ( 1.000000000000000000, 0.000000000000000000, 0.000000000000000000 ) ) ;
#3607 = AXIS2_PLACEMENT_3D ( 'NONE', #3492, #2820, #119 ) ;
#3608 = VECTOR ( 'NONE', #4490, 39.37007874015748143 ) ;
#3609 = EDGE_LOOP ( 'NONE', ( #6667, #1209, #1325, #7650, #2447, #4981, #2128 ) ) ;
#3610 = CARTESIAN_POINT ( 'NONE',  ( 0.2909448818897638067, 0.2106299212598126414, 0.06377952755908464222 ) ) ;
#3611 = ORIENTED_EDGE ( 'NONE', *, *, #1415, .F. ) ;
#3612 = CARTESIAN_POINT ( 'NONE',  ( 0.08169291338582677919, 0.2362204724409157630, -0.07795275590552164235 ) ) ;
#3613 = ORIENTED_EDGE ( 'NONE', *, *, #6724, .T. ) ;
#3614 = EDGE_CURVE ( 'NONE', #10059, #7986, #4668, .T. ) ;
#3615 = LINE ( 'NONE', #302, #8270 ) ;
#3616 = CARTESIAN_POINT ( 'NONE',  ( -0.1099422992072506960, 0.2775590551180799337, 0.2092563738404169260 ) ) ;
#3617 = DIRECTION ( 'NONE',  ( -1.000000000000000000, 0.000000000000000000, 0.000000000000000000 ) ) ;
#3618 = DIRECTION ( 'NONE',  ( -1.000000000000000000, 0.000000000000000000, 0.000000000000000000 ) ) ;
#3619 = PLANE ( 'NONE',  #45 ) ;
#3620 = VERTEX_POINT ( 'NONE', #4508 ) ;
#3621 = LINE ( 'NONE', #5090, #5572 ) ;
#3622 = AXIS2_PLACEMENT_3D ( 'NONE', #7133, #1323, #3809 ) ;
#3623 = EDGE_LOOP ( 'NONE', ( #1324, #4631, #3339, #1754 ) ) ;
#3624 = ORIENTED_EDGE ( 'NONE', *, *, #5122, .F. ) ;
#3625 = VECTOR ( 'NONE', #70, 39.37007874015748143 ) ;
#3626 = DIRECTION ( 'NONE',  ( 0.000000000000000000, -1.000000000000000000, -3.491481338843134933E-15 ) ) ;
#3627 = EDGE_CURVE ( 'NONE', #10222, #8197, #10966, .T. ) ;
#3628 = CARTESIAN_POINT ( 'NONE',  ( -0.2135826771653543399, 0.2106299212598137516, -0.2480314960629626253 ) ) ;
#3629 = AXIS2_PLACEMENT_3D ( 'NONE', #8774, #9838, #6221 ) ;
#3630 = DIRECTION ( 'NONE',  ( 0.000000000000000000, 1.000000000000000000, 3.491481338843134933E-15 ) ) ;
#3631 = FACE_OUTER_BOUND ( 'NONE', #865, .T. ) ;
#3632 = VERTEX_POINT ( 'NONE', #9581 ) ;
#3633 = DIRECTION ( 'NONE',  ( 1.065814103640000080E-13, 1.000000000000000000, 3.491481338843134933E-15 ) ) ;
#3634 = LINE ( 'NONE', #10515, #1803 ) ;
#3635 = CARTESIAN_POINT ( 'NONE',  ( -0.06988188976377952832, 0.2362204724409157630, -0.07795275590552164235 ) ) ;
#3636 = VERTEX_POINT ( 'NONE', #8742 ) ;
#3637 = DIRECTION ( 'NONE',  ( -1.000000000000000000, 0.000000000000000000, 0.000000000000000000 ) ) ;
#3638 = ORIENTED_EDGE ( 'NONE', *, *, #1020, .F. ) ;
#3639 = VERTEX_POINT ( 'NONE', #7898 ) ;
#3640 = CARTESIAN_POINT ( 'NONE',  ( -0.06594488165523622325, 0.2106299212598137516, -0.2132217023432862457 ) ) ;
#3641 = ORIENTED_EDGE ( 'NONE', *, *, #7870, .T. ) ;
#3642 = CIRCLE ( 'NONE', #5802, 0.02952755905511810289 ) ;
#3643 = EDGE_CURVE ( 'NONE', #8251, #7805, #3775, .T. ) ;
#3644 = PLANE ( 'NONE',  #4738 ) ;
#3645 = LINE ( 'NONE', #1843, #8954 ) ;
#3646 = CC_DESIGN_APPROVAL ( #6282, ( #7797 ) ) ;
#3647 = CYLINDRICAL_SURFACE ( 'NONE', #4408, 0.01181102362204724046 ) ;
#3648 = ORIENTED_EDGE ( 'NONE', *, *, #5858, .F. ) ;
#3649 = AXIS2_PLACEMENT_3D ( 'NONE', #1382, #6558, #3979 ) ;
#3650 = DIRECTION ( 'NONE',  ( 0.000000000000000000, 1.000000000000000000, 3.491481338843135327E-15 ) ) ;
#3651 = CYLINDRICAL_SURFACE ( 'NONE', #4438, 0.005905511811082679759 ) ;
#3652 = DIRECTION ( 'NONE',  ( 0.000000000000000000, 1.000000000000000000, 3.491481338843134933E-15 ) ) ;
#3653 = ADVANCED_FACE ( 'NONE', ( #6359 ), #5466, .F. ) ;
#3654 = VERTEX_POINT ( 'NONE', #2815 ) ;
#3655 = VERTEX_POINT ( 'NONE', #7211 ) ;
#3656 = DIRECTION ( 'NONE',  ( 0.000000000000000000, 0.8375070198036268510, -0.5464265657704128198 ) ) ;
#3657 = DIRECTION ( 'NONE',  ( 1.000000000000000000, 0.000000000000000000, -3.848773151995387121E-11 ) ) ;
#3658 = DIRECTION ( 'NONE',  ( 0.000000000000000000, 1.000000000000000000, 3.491481338843134933E-15 ) ) ;
#3659 = PLANE ( 'NONE',  #10075 ) ;
#3660 = CARTESIAN_POINT ( 'NONE',  ( -0.2135826771653543399, 0.2165354330708373909, -0.2480314960629626253 ) ) ;
#3661 = ORIENTED_EDGE ( 'NONE', *, *, #4021, .F. ) ;
#3662 = FACE_OUTER_BOUND ( 'NONE', #5279, .T. ) ;
#3663 = CARTESIAN_POINT ( 'NONE',  ( -0.1820866139388976346, 0.2106299212598137516, -0.2421259842519685179 ) ) ;
#3664 = EDGE_CURVE ( 'NONE', #8697, #5325, #8123, .T. ) ;
#3665 = ORIENTED_EDGE ( 'NONE', *, *, #8271, .F. ) ;
#3666 = EDGE_CURVE ( 'NONE', #9587, #8132, #2686, .T. ) ;
#3667 = LINE ( 'NONE', #10813, #3956 ) ;
#3668 = ORIENTED_EDGE ( 'NONE', *, *, #4495, .F. ) ;
#3669 = CARTESIAN_POINT ( 'NONE',  ( 0.1250000000000000000, 0.2362204724409157630, -0.07795275590552164235 ) ) ;
#3670 = EDGE_LOOP ( 'NONE', ( #8676, #4288, #7921, #9168 ) ) ;
#3671 = LINE ( 'NONE', #10555, #7549 ) ;
#3672 = LINE ( 'NONE', #4578, #626 ) ;
#3673 = FACE_OUTER_BOUND ( 'NONE', #4142, .T. ) ;
#3674 = PLANE ( 'NONE',  #7337 ) ;
#3675 = DIRECTION ( 'NONE',  ( -1.000000000000000000, 0.000000000000000000, 0.000000000000000000 ) ) ;
#3676 = VERTEX_POINT ( 'NONE', #7266 ) ;
#3677 = EDGE_CURVE ( 'NONE', #3287, #3370, #3571, .T. ) ;
#3678 = DIRECTION ( 'NONE',  ( 1.000000000000000000, 0.000000000000000000, 0.000000000000000000 ) ) ;
#3679 = ORIENTED_EDGE ( 'NONE', *, *, #3205, .F. ) ;
#3680 = ORIENTED_EDGE ( 'NONE', *, *, #9041, .F. ) ;
#3681 = CARTESIAN_POINT ( 'NONE',  ( 0.1643700787405905361, 0.2165354330708373909, -0.2421259842518326821 ) ) ;
#3682 = VECTOR ( 'NONE', #8304, 39.37007874015748143 ) ;
#3683 = DIRECTION ( 'NONE',  ( 1.000000000000000000, 0.000000000000000000, 0.000000000000000000 ) ) ;
#3684 = DIRECTION ( 'NONE',  ( -0.1999999999999946265, 0.9797958971132724182, 2.891205793294677044E-15 ) ) ;
#3685 = DIRECTION ( 'NONE',  ( 0.000000000000000000, -3.491481338843134933E-15, 1.000000000000000000 ) ) ;
#3686 = ORIENTED_EDGE ( 'NONE', *, *, #523, .F. ) ;
#3687 = CARTESIAN_POINT ( 'NONE',  ( 0.05511811023622047168, 0.2125984251968204841, 0.07952755905514763413 ) ) ;
#3688 = CARTESIAN_POINT ( 'NONE',  ( 0.1121507768173259367, 0.2775590551180798782, 0.2101158073946807203 ) ) ;
#3689 = CARTESIAN_POINT ( 'NONE',  ( -0.1348425196850394081, 0.2303149606298921792, -0.05433070866142708510 ) ) ;
#3690 = ORIENTED_EDGE ( 'NONE', *, *, #4837, .T. ) ;
#3691 = ADVANCED_FACE ( 'NONE', ( #5347 ), #8910, .T. ) ;
#3692 = CIRCLE ( 'NONE', #8559, 0.01181102362204724046 ) ;
#3693 = LINE ( 'NONE', #2007, #6326 ) ;
#3694 = VERTEX_POINT ( 'NONE', #7096 ) ;
#3695 = VERTEX_POINT ( 'NONE', #6131 ) ;
#3696 = CARTESIAN_POINT ( 'NONE',  ( 0.2712598425196063312, 0.2834645669291035452, 0.2055118110236519857 ) ) ;
#3697 = AXIS2_PLACEMENT_3D ( 'NONE', #5705, #422, #2330 ) ;
#3698 = DIRECTION ( 'NONE',  ( -1.000000000000000000, 0.000000000000000000, 0.000000000000000000 ) ) ;
#3699 = DIRECTION ( 'NONE',  ( 0.000000000000000000, -1.000000000000000000, -3.491481338843134933E-15 ) ) ;
#3700 = CARTESIAN_POINT ( 'NONE',  ( -0.04822834645669291098, 0.2605808468465059535, -0.009969026885245903247 ) ) ;
#3701 = ORIENTED_EDGE ( 'NONE', *, *, #11085, .T. ) ;
#3702 = CARTESIAN_POINT ( 'NONE',  ( 0.08169291338582677919, 0.2400588892959547305, -0.04142299450934047722 ) ) ;
#3703 = CARTESIAN_POINT ( 'NONE',  ( 0.2135826771653543399, 0.2224409448818610024, -0.2125984251968208727 ) ) ;
#3704 = ADVANCED_FACE ( 'NONE', ( #6186 ), #2081, .T. ) ;
#3705 = CARTESIAN_POINT ( 'NONE',  ( 0.2850393700787401952, 0.2106299212598129744, 0.05787401574806102372 ) ) ;
#3706 = EDGE_LOOP ( 'NONE', ( #7763, #3301, #1663, #138 ) ) ;
#3707 = AXIS2_PLACEMENT_3D ( 'NONE', #7588, #7752, #9387 ) ;
#3708 = CIRCLE ( 'NONE', #2984, 0.01181102362204724393 ) ;
#3709 = ORIENTED_EDGE ( 'NONE', *, *, #6213, .T. ) ;
#3710 = LINE ( 'NONE', #3769, #6108 ) ;
#3711 = CARTESIAN_POINT ( 'NONE',  ( 0.2259842519685039686, 0.2834645669291039338, 0.1444881889764076943 ) ) ;
#3712 = CARTESIAN_POINT ( 'NONE',  ( -0.1010685941644755975, 0.2125984251968200955, 0.2059339810057354558 ) ) ;
#3713 = EDGE_CURVE ( 'NONE', #8654, #7999, #1914, .T. ) ;
#3714 = AXIS2_PLACEMENT_3D ( 'NONE', #3718, #7160, #2819 ) ;
#3715 = DIRECTION ( 'NONE',  ( 0.000000000000000000, 0.8919727971616544515, 0.4520890721125807588 ) ) ;
#3716 = DIRECTION ( 'NONE',  ( 0.000000000000000000, -1.000000000000000000, -3.491481338843134933E-15 ) ) ;
#3717 = VERTEX_POINT ( 'NONE', #1180 ) ;
#3718 = CARTESIAN_POINT ( 'NONE',  ( -0.2283464566929133688, 0.2755905511810732289, -0.1082677165354033466 ) ) ;
#3719 = MANIFOLD_SOLID_BREP ( 'Imported8', #9483 ) ;
#3720 = ADVANCED_FACE ( 'NONE', ( #2929 ), #5288, .F. ) ;
#3721 = CARTESIAN_POINT ( 'NONE',  ( 0.04330708661417323468, 0.2125984251968212890, -0.07795275590548228495 ) ) ;
#3722 = VERTEX_POINT ( 'NONE', #234 ) ;
#3723 = VERTEX_POINT ( 'NONE', #5516 ) ;
#3724 = AXIS2_PLACEMENT_3D ( 'NONE', #2018, #221, #384 ) ;
#3725 = CARTESIAN_POINT ( 'NONE',  ( -0.1722694393914978028, 0.1968503937007582694, -0.1105653520070760815 ) ) ;
#3726 = CIRCLE ( 'NONE', #2644, 0.01181102362204723699 ) ;
#3727 = EDGE_LOOP ( 'NONE', ( #4875, #1419, #5685, #4097, #8264, #6925, #7261 ) ) ;
#3728 = ADVANCED_FACE ( 'NONE', ( #8067 ), #3659, .T. ) ;
#3729 = FACE_OUTER_BOUND ( 'NONE', #2380, .T. ) ;
#3730 = EDGE_CURVE ( 'NONE', #4667, #6308, #5405, .T. ) ;
#3731 = LINE ( 'NONE', #10779, #2061 ) ;
#3732 = CIRCLE ( 'NONE', #4636, 0.01181102362204724046 ) ;
#3733 = CARTESIAN_POINT ( 'NONE',  ( -0.1780224714964173116, 0.2834645669291035452, 0.2463342029606598593 ) ) ;
#3734 = VECTOR ( 'NONE', #9723, 39.37007874015748143 ) ;
#3735 = EDGE_CURVE ( 'NONE', #6689, #4302, #8009, .T. ) ;
#3736 = LINE ( 'NONE', #7172, #5448 ) ;
#3737 = EDGE_LOOP ( 'NONE', ( #2089, #9773, #2695, #5307 ) ) ;
#3738 = LINE ( 'NONE', #413, #4673 ) ;
#3739 = VERTEX_POINT ( 'NONE', #8398 ) ;
#3740 = ORIENTED_EDGE ( 'NONE', *, *, #8558, .T. ) ;
#3741 = CARTESIAN_POINT ( 'NONE',  ( 0.2712598425196850460, 0.2145669291338279938, 0.2055118110236515971 ) ) ;
#3742 = CIRCLE ( 'NONE', #3371, 0.005905511811023620231 ) ;
#3743 = DIRECTION ( 'NONE',  ( 1.000000000000000000, 0.000000000000000000, 0.000000000000000000 ) ) ;
#3744 = EDGE_CURVE ( 'NONE', #3565, #7219, #6520, .T. ) ;
#3745 = LINE ( 'NONE', #6951, #826 ) ;
#3746 = CARTESIAN_POINT ( 'NONE',  ( 0.03444881913249606131, 0.2125984251968130456, -0.2066929133856988399 ) ) ;
#3747 = VERTEX_POINT ( 'NONE', #9919 ) ;
#3748 = CARTESIAN_POINT ( 'NONE',  ( -0.2850393700787008378, 0.2106299212598129744, 0.05787401574806102372 ) ) ;
#3749 = CARTESIAN_POINT ( 'NONE',  ( 0.1121507768173259367, 0.2834645669291036563, 0.2101158073946807481 ) ) ;
#3750 = LINE ( 'NONE', #5322, #2021 ) ;
#3751 = CIRCLE ( 'NONE', #3922, 0.005905511811082662411 ) ;
#3752 = ORIENTED_EDGE ( 'NONE', *, *, #725, .T. ) ;
#3753 = CARTESIAN_POINT ( 'NONE',  ( -0.1860939424883464588, 0.2775590551180799337, 0.2480314960630220500 ) ) ;
#3754 = VERTEX_POINT ( 'NONE', #3033 ) ;
#3755 = ORIENTED_EDGE ( 'NONE', *, *, #1998, .F. ) ;
#3756 = CARTESIAN_POINT ( 'NONE',  ( 0.1299212598425196763, 0.2125984251968212890, -0.07795275590548228495 ) ) ;
#3757 = VECTOR ( 'NONE', #2384, 39.37007874015748143 ) ;
#3758 = ADVANCED_FACE ( 'NONE', ( #3143 ), #2303, .F. ) ;
#3759 = DIRECTION ( 'NONE',  ( 1.000000000000000000, 0.000000000000000000, 0.000000000000000000 ) ) ;
#3760 = CARTESIAN_POINT ( 'NONE',  ( -0.2283464566929133688, 0.2755905511810732289, -0.1082677165354033466 ) ) ;
#3761 = DIRECTION ( 'NONE',  ( 0.000000000000000000, -1.000000000000000000, -3.491481338843134933E-15 ) ) ;
#3762 = VERTEX_POINT ( 'NONE', #1294 ) ;
#3763 = CARTESIAN_POINT ( 'NONE',  ( -0.01673228322985826841, 0.2165354330708373909, -0.2421259842518799221 ) ) ;
#3764 = DIRECTION ( 'NONE',  ( 0.000000000000000000, -3.491481338843134933E-15, 1.000000000000000000 ) ) ;
#3765 = CARTESIAN_POINT ( 'NONE',  ( -0.04330708661417323468, 0.2125984251968204841, 0.07952755905514763413 ) ) ;
#3766 = ORIENTED_EDGE ( 'NONE', *, *, #4100, .F. ) ;
#3767 = AXIS2_PLACEMENT_3D ( 'NONE', #9304, #11106, #6979 ) ;
#3768 = ORIENTED_EDGE ( 'NONE', *, *, #5289, .F. ) ;
#3769 = CARTESIAN_POINT ( 'NONE',  ( 0.1796295472108661306, 0.2125984251968200955, 0.2468503937008169891 ) ) ;
#3770 = EDGE_CURVE ( 'NONE', #2584, #3988, #8641, .T. ) ;
#3771 = CARTESIAN_POINT ( 'NONE',  ( 0.02066929157333464301, 0.2165354330708373909, -0.2185039370078444843 ) ) ;
#3772 = ADVANCED_FACE ( 'NONE', ( #7436 ), #6574, .T. ) ;
#3773 = DIRECTION ( 'NONE',  ( 0.000000000000000000, 1.454128551578155955E-12, 1.000000000000000000 ) ) ;
#3774 = AXIS2_PLACEMENT_3D ( 'NONE', #1011, #1067, #7958 ) ;
#3775 = LINE ( 'NONE', #1858, #1247 ) ;
#3776 = DIRECTION ( 'NONE',  ( 0.000000000000000000, -3.491481338843134933E-15, 1.000000000000000000 ) ) ;
#3777 = ORIENTED_EDGE ( 'NONE', *, *, #3217, .F. ) ;
#3778 = PLANE ( 'NONE',  #10923 ) ;
#3779 = DIRECTION ( 'NONE',  ( 0.000000000000000000, -1.000000000000000000, -3.491481338843134933E-15 ) ) ;
#3780 = VERTEX_POINT ( 'NONE', #9014 ) ;
#3781 = ORIENTED_EDGE ( 'NONE', *, *, #3246, .F. ) ;
#3782 = CIRCLE ( 'NONE', #10801, 0.005905511811023615894 ) ;
#3783 = CARTESIAN_POINT ( 'NONE',  ( 0.1250000000000000000, 0.2605808468465059535, -0.009969026885245903247 ) ) ;
#3784 = ORIENTED_EDGE ( 'NONE', *, *, #3560, .T. ) ;
#3785 = ADVANCED_FACE ( 'NONE', ( #6463 ), #1344, .T. ) ;
#3786 = DIRECTION ( 'NONE',  ( 0.000000000000000000, 1.000000000000000000, 3.491481338843134933E-15 ) ) ;
#3787 = CARTESIAN_POINT ( 'NONE',  ( 0.1196850393700787524, 0.3784118110235921706, 0.1385826771653844713 ) ) ;
#3788 = VECTOR ( 'NONE', #8097, 39.37007874015748143 ) ;
#3789 = VECTOR ( 'NONE', #10522, 39.37007874015748143 ) ;
#3790 = CARTESIAN_POINT ( 'NONE',  ( 0.1250000000000000000, 0.2400588892959547305, -0.04142299450934047722 ) ) ;
#3791 = VERTEX_POINT ( 'NONE', #9972 ) ;
#3792 = DIRECTION ( 'NONE',  ( 0.000000000000000000, 3.491481338843134933E-15, -1.000000000000000000 ) ) ;
#3793 = ORIENTED_EDGE ( 'NONE', *, *, #9943, .T. ) ;
#3794 = ORIENTED_EDGE ( 'NONE', *, *, #6543, .T. ) ;
#3795 = ADVANCED_FACE ( 'NONE', ( #8178 ), #4733, .F. ) ;
#3796 = DIRECTION ( 'NONE',  ( 1.000000000000000000, 0.000000000000000000, 0.000000000000000000 ) ) ;
#3797 = AXIS2_PLACEMENT_3D ( 'NONE', #7612, #11048, #9352 ) ;
#3798 = VECTOR ( 'NONE', #2155, 39.37007874015748143 ) ;
#3799 = LINE ( 'NONE', #7237, #156 ) ;
#3800 = DIRECTION ( 'NONE',  ( 0.000000000000000000, 3.491481338843134933E-15, -1.000000000000000000 ) ) ;
#3801 = DIRECTION ( 'NONE',  ( 0.000000000000000000, 1.000000000000000000, 3.491481338843134933E-15 ) ) ;
#3802 = VECTOR ( 'NONE', #5781, 39.37007874015748143 ) ;
#3803 = CARTESIAN_POINT ( 'NONE',  ( -0.2135826771653543399, 0.2106299212598137516, -0.2125984251968208727 ) ) ;
#3804 = DIRECTION ( 'NONE',  ( 0.000000000000000000, 1.000000000000000000, 3.491481338843135327E-15 ) ) ;
#3805 = AXIS2_PLACEMENT_3D ( 'NONE', #8459, #4168, #7554 ) ;
#3806 = CARTESIAN_POINT ( 'NONE',  ( -0.1525590548837795490, 0.2224409448818610024, -0.2185039370078444843 ) ) ;
#3807 = ORIENTED_EDGE ( 'NONE', *, *, #1392, .T. ) ;
#3808 = ADVANCED_FACE ( 'NONE', ( #10026 ), #9125, .F. ) ;
#3809 = DIRECTION ( 'NONE',  ( 0.000000000000000000, 5.782411586531547151E-15, -1.000000000000000000 ) ) ;
#3810 = ORIENTED_EDGE ( 'NONE', *, *, #9770, .F. ) ;
#3811 = ORIENTED_EDGE ( 'NONE', *, *, #8543, .F. ) ;
#3812 = EDGE_CURVE ( 'NONE', #146, #7026, #3198, .T. ) ;
#3813 = EDGE_CURVE ( 'NONE', #5929, #4315, #2503, .T. ) ;
#3814 = FACE_OUTER_BOUND ( 'NONE', #6125, .T. ) ;
#3815 = VECTOR ( 'NONE', #2445, 39.37007874015748143 ) ;
#3816 = MANIFOLD_SOLID_BREP ( 'Imported5', #10932 ) ;
#3817 = LINE ( 'NONE', #3071, #419 ) ;
#3818 = CARTESIAN_POINT ( 'NONE',  ( -0.05216535409606298801, 0.2106299212598137516, -0.2421259842519685179 ) ) ;
#3819 = DIRECTION ( 'NONE',  ( -1.000000000000000000, 0.000000000000000000, 0.000000000000000000 ) ) ;
#3820 = ORIENTED_EDGE ( 'NONE', *, *, #9367, .T. ) ;
#3821 = FACE_OUTER_BOUND ( 'NONE', #7268, .T. ) ;
#3822 = CARTESIAN_POINT ( 'NONE',  ( -0.04822834645669291098, 0.2362204724409157630, -0.05433070866142708510 ) ) ;
#3823 = LINE ( 'NONE', #4723, #5773 ) ;
#3824 = VECTOR ( 'NONE', #4080, 39.37007874015748143 ) ;
#3825 = VERTEX_POINT ( 'NONE', #4784 ) ;
#3826 = ADVANCED_FACE ( 'NONE', ( #1401 ), #8233, .T. ) ;
#3827 = ORIENTED_EDGE ( 'NONE', *, *, #4661, .T. ) ;
#3828 = FACE_BOUND ( 'NONE', #8125, .T. ) ;
#3829 = LINE ( 'NONE', #2133, #10408 ) ;
#3830 = AXIS2_PLACEMENT_3D ( 'NONE', #8138, #411, #10724 ) ;
#3831 = CARTESIAN_POINT ( 'NONE',  ( -0.09995424143510994730, 0.2421259842519382366, 0.2055353207561177453 ) ) ;
#3832 = DIRECTION ( 'NONE',  ( 0.000000000000000000, -0.5464265657704129309, -0.8375070198036269620 ) ) ;
#3833 = CARTESIAN_POINT ( 'NONE',  ( -0.06988188976377952832, 0.2440944881889468288, 0.0007874015747934192061 ) ) ;
#3834 = ORIENTED_EDGE ( 'NONE', *, *, #2533, .T. ) ;
#3835 = CARTESIAN_POINT ( 'NONE',  ( -0.1131889763779527630, 0.2351129816986712584, -0.03819606597134834330 ) ) ;
#3836 = VERTEX_POINT ( 'NONE', #3938 ) ;
#3837 = ORGANIZATION ( 'UNSPECIFIED', 'UNSPECIFIED', '' ) ;
#3838 = EDGE_CURVE ( 'NONE', #8977, #1269, #4046, .T. ) ;
#3839 = VECTOR ( 'NONE', #941, 39.37007874015748143 ) ;
#3840 = ORIENTED_EDGE ( 'NONE', *, *, #4743, .T. ) ;
#3841 = CARTESIAN_POINT ( 'NONE',  ( -0.2850393700787008378, 0.2165354330708365860, 0.05787401574806102372 ) ) ;
#3842 = EDGE_LOOP ( 'NONE', ( #3444, #8925, #8538, #10880 ) ) ;
#3843 = DIRECTION ( 'NONE',  ( 0.000000000000000000, 3.491481338843134933E-15, -1.000000000000000000 ) ) ;
#3844 = CARTESIAN_POINT ( 'NONE',  ( 0.08169291338582677919, 0.2556349392492224815, -0.006742098347214430139 ) ) ;
#3845 = CARTESIAN_POINT ( 'NONE',  ( 0.1132526673549606455, 0.2421259842519382366, 0.2105515555275885575 ) ) ;
#3846 = ORIENTED_EDGE ( 'NONE', *, *, #4332, .T. ) ;
#3847 = EDGE_CURVE ( 'NONE', #3950, #2937, #6643, .T. ) ;
#3848 = ADVANCED_FACE ( 'NONE', ( #1460 ), #6412, .T. ) ;
#3849 = CARTESIAN_POINT ( 'NONE',  ( -0.1744460153229527855, 0.2834645669291035452, 0.2442895309764078760 ) ) ;
#3850 = ORIENTED_EDGE ( 'NONE', *, *, #9024, .T. ) ;
#3851 = ORIENTED_EDGE ( 'NONE', *, *, #776, .F. ) ;
#3852 = FACE_OUTER_BOUND ( 'NONE', #9896, .T. ) ;
#3853 = ORIENTED_EDGE ( 'NONE', *, *, #867, .T. ) ;
#3854 = AXIS2_PLACEMENT_3D ( 'NONE', #765, #7701, #8718 ) ;
#3855 = CARTESIAN_POINT ( 'NONE',  ( 0.1121507768177559122, 0.2421259842519382366, 0.2101158073949114247 ) ) ;
#3856 = EDGE_CURVE ( 'NONE', #10101, #7908, #6632, .T. ) ;
#3857 = LINE ( 'NONE', #5544, #6026 ) ;
#3858 = LINE ( 'NONE', #2954, #488 ) ;
#3859 = LINE ( 'NONE', #7293, #5217 ) ;
#3860 = DIRECTION ( 'NONE',  ( 0.000000000000000000, 1.000000000000000000, 3.491481338843135327E-15 ) ) ;
#3861 = DIRECTION ( 'NONE',  ( 0.000000000000000000, 0.8919727971616544515, 0.4520890721125804257 ) ) ;
#3862 = EDGE_LOOP ( 'NONE', ( #6430, #10619, #4429, #6278 ) ) ;
#3863 = EDGE_LOOP ( 'NONE', ( #10461, #10490, #8637, #5797 ) ) ;
#3864 = DIRECTION ( 'NONE',  ( 0.1999999999933073369, 0.9797958971146373264, 2.891205793294677833E-15 ) ) ;
#3865 = AXIS2_PLACEMENT_3D ( 'NONE', #10767, #5627, #2304 ) ;
#3866 = CARTESIAN_POINT ( 'NONE',  ( 0.09995424143498253533, 0.2421259842519382366, 0.2055353207561272100 ) ) ;
#3867 = EDGE_CURVE ( 'NONE', #3722, #8710, #4474, .T. ) ;
#3868 = CARTESIAN_POINT ( 'NONE',  ( 0.1250000000000000000, 0.2362204724409157630, -0.07795275590552164235 ) ) ;
#3869 = ADVANCED_FACE ( 'NONE', ( #2665 ), #2555, .T. ) ;
#3870 = CARTESIAN_POINT ( 'NONE',  ( -0.1781496062992126150, 0.2351129816986712584, -0.03819606597134834330 ) ) ;
#3871 = AXIS2_PLACEMENT_3D ( 'NONE', #6618, #9167, #3983 ) ;
#3872 = ORIENTED_EDGE ( 'NONE', *, *, #1241, .F. ) ;
#3873 = DIRECTION ( 'NONE',  ( 0.000000000000000000, 3.491481338843134933E-15, -1.000000000000000000 ) ) ;
#3874 = DIRECTION ( 'NONE',  ( -2.274375482749999917E-13, -3.491481338843134933E-15, 1.000000000000000000 ) ) ;
#3875 = EDGE_CURVE ( 'NONE', #6619, #10403, #805, .T. ) ;
#3876 = PLANE ( 'NONE',  #8673 ) ;
#3877 = ORIENTED_EDGE ( 'NONE', *, *, #6213, .F. ) ;
#3878 = CARTESIAN_POINT ( 'NONE',  ( 0.1250000000000000000, 0.2362204724409157630, -0.05433070866142708510 ) ) ;
#3879 = EDGE_LOOP ( 'NONE', ( #3273, #5890, #3296, #11027 ) ) ;
#3880 = DIRECTION ( 'NONE',  ( 0.000000000000000000, 5.782411586531547151E-15, -1.000000000000000000 ) ) ;
#3881 = VECTOR ( 'NONE', #7008, 39.37007874015748143 ) ;
#3882 = FACE_OUTER_BOUND ( 'NONE', #7134, .T. ) ;
#3883 = DIRECTION ( 'NONE',  ( 0.000000000000000000, 3.491481338843134933E-15, -1.000000000000000000 ) ) ;
#3884 = DIRECTION ( 'NONE',  ( 0.000000000000000000, 1.000000000000000000, 3.491481338843135327E-15 ) ) ;
#3885 = EDGE_CURVE ( 'NONE', #6169, #4231, #3621, .T. ) ;
#3886 = DIRECTION ( 'NONE',  ( 1.250446505599948616E-13, -0.8333333333305962265, 0.5527707983966929639 ) ) ;
#3887 = ORIENTED_EDGE ( 'NONE', *, *, #9908, .F. ) ;
#3888 = DIRECTION ( 'NONE',  ( -0.8343762442494419007, -1.924488180939440027E-15, 0.5511953220340278792 ) ) ;
#3889 = ORIENTED_EDGE ( 'NONE', *, *, #2920, .F. ) ;
#3890 = VERTEX_POINT ( 'NONE', #137 ) ;
#3891 = CARTESIAN_POINT ( 'NONE',  ( 0.2683619370964566708, 0.2145669291338287432, 0.05787401574806102372 ) ) ;
#3892 = VERTEX_POINT ( 'NONE', #3454 ) ;
#3893 = VECTOR ( 'NONE', #3146, 39.37007874015748143 ) ;
#3894 = CARTESIAN_POINT ( 'NONE',  ( -0.9444047244094487814, 0.2224409448818610024, -0.2185039370078444843 ) ) ;
#3895 = ADVANCED_FACE ( 'NONE', ( #4363 ), #11126, .T. ) ;
#3896 = FACE_OUTER_BOUND ( 'NONE', #10326, .T. ) ;
#3897 = PLANE ( 'NONE',  #1660 ) ;
#3898 = ORIENTED_EDGE ( 'NONE', *, *, #6405, .T. ) ;
#3899 = VECTOR ( 'NONE', #9975, 39.37007874015748143 ) ;
#3900 = AXIS2_PLACEMENT_3D ( 'NONE', #11042, #5953, #3307 ) ;
#3901 = DIRECTION ( 'NONE',  ( 0.000000000000000000, -1.000000000000000000, -3.491481338843135327E-15 ) ) ;
#3902 = ORIENTED_EDGE ( 'NONE', *, *, #8558, .F. ) ;
#3903 = ORIENTED_EDGE ( 'NONE', *, *, #2357, .F. ) ;
#3904 = DIRECTION ( 'NONE',  ( -2.282026419683000069E-11, -1.000000000000000000, -1.763679370711884937E-11 ) ) ;
#3905 = ORIENTED_EDGE ( 'NONE', *, *, #8738, .F. ) ;
#3906 = VECTOR ( 'NONE', #6336, 39.37007874015748143 ) ;
#3907 = DIRECTION ( 'NONE',  ( 0.000000000000000000, -0.5464265657704129309, -0.8375070198036269620 ) ) ;
#3908 = EDGE_CURVE ( 'NONE', #7116, #8084, #4245, .T. ) ;
#3909 = AXIS2_PLACEMENT_3D ( 'NONE', #1606, #1552, #5040 ) ;
#3910 = EDGE_CURVE ( 'NONE', #5495, #4786, #3564, .T. ) ;
#3911 = DIRECTION ( 'NONE',  ( 0.000000000000000000, 0.8375070198036268510, -0.5464265657704128198 ) ) ;
#3912 = DIRECTION ( 'NONE',  ( 0.000000000000000000, 5.915634684104841000E-12, -1.000000000000000000 ) ) ;
#3913 = DIRECTION ( 'NONE',  ( 3.759955310064000135E-13, 1.000000000000000000, 2.455604068393845314E-12 ) ) ;
#3914 = CARTESIAN_POINT ( 'NONE',  ( 0.1132526673545275753, 0.2775590551180799337, 0.2105515555275890016 ) ) ;
#3915 = LINE ( 'NONE', #10796, #3268 ) ;
#3916 = ORIENTED_EDGE ( 'NONE', *, *, #945, .F. ) ;
#3917 = ORIENTED_EDGE ( 'NONE', *, *, #11110, .F. ) ;
#3918 = VECTOR ( 'NONE', #9373, 39.37007874015748143 ) ;
#3919 = CARTESIAN_POINT ( 'NONE',  ( 0.2909448818897638067, 0.2165354330708362252, 0.06479275320034448560 ) ) ;
#3920 = EDGE_CURVE ( 'NONE', #10048, #2022, #2724, .T. ) ;
#3921 = DIRECTION ( 'NONE',  ( 0.000000000000000000, -1.000000000000000000, -3.491481338843134933E-15 ) ) ;
#3922 = AXIS2_PLACEMENT_3D ( 'NONE', #1855, #8854, #6357 ) ;
#3923 = LINE ( 'NONE', #9900, #1026 ) ;
#3924 = CARTESIAN_POINT ( 'NONE',  ( -0.2618110236220472231, 0.2834645669291035452, 0.2480314960630220500 ) ) ;
#3925 = EDGE_LOOP ( 'NONE', ( #4863, #9704, #5197, #4450 ) ) ;
#3926 = CYLINDRICAL_SURFACE ( 'NONE', #480, 0.01377952755905511792 ) ;
#3927 = CARTESIAN_POINT ( 'NONE',  ( -0.04822834645669291098, 0.2563854519293799483, 0.007016975403139922435 ) ) ;
#3928 = CARTESIAN_POINT ( 'NONE',  ( -0.1348425196850394081, 0.2362204724409157630, -0.05433070866142708510 ) ) ;
#3929 = ORIENTED_EDGE ( 'NONE', *, *, #4188, .F. ) ;
#3930 = CARTESIAN_POINT ( 'NONE',  ( 0.1250000000000000000, 0.2303149606298921792, -0.07795275590552164235 ) ) ;
#3931 = ORIENTED_EDGE ( 'NONE', *, *, #7038, .F. ) ;
#3932 = EDGE_CURVE ( 'NONE', #383, #4265, #2607, .T. ) ;
#3933 = AXIS2_PLACEMENT_3D ( 'NONE', #4355, #2658, #6086 ) ;
#3934 = EDGE_CURVE ( 'NONE', #5019, #5743, #9542, .T. ) ;
#3935 = DIRECTION ( 'NONE',  ( -1.000000000000000000, 0.000000000000000000, 0.000000000000000000 ) ) ;
#3936 = DIRECTION ( 'NONE',  ( 0.000000000000000000, -3.469446951953613794E-15, 1.000000000000000000 ) ) ;
#3937 = CARTESIAN_POINT ( 'NONE',  ( -0.09995424143531496386, 0.2834645669291035452, 0.2055353207559354189 ) ) ;
#3938 = CARTESIAN_POINT ( 'NONE',  ( 0.09842519685039370636, 0.2125984251968212890, -0.07795275590548228495 ) ) ;
#3939 = CARTESIAN_POINT ( 'NONE',  ( 0.04330708661417323468, 0.2125984251968204841, 0.07952755905514763413 ) ) ;
#3940 = ORIENTED_EDGE ( 'NONE', *, *, #8543, .T. ) ;
#3941 = DIRECTION ( 'NONE',  ( -1.000000000000000000, 0.000000000000000000, 0.000000000000000000 ) ) ;
#3942 = AXIS2_PLACEMENT_3D ( 'NONE', #1131, #343, #4455 ) ;
#3943 = CARTESIAN_POINT ( 'NONE',  ( -0.1998031496062991907, 0.2605808468465059535, -0.009969026885245903247 ) ) ;
#3944 = EDGE_LOOP ( 'NONE', ( #10920, #10139, #5446, #5351, #5809, #2771, #7001, #10974, #5204, #312, #10207, #3850 ) ) ;
#3945 = EDGE_CURVE ( 'NONE', #7815, #6831, #5986, .T. ) ;
#3946 = ORIENTED_EDGE ( 'NONE', *, *, #3908, .F. ) ;
#3947 = EDGE_CURVE ( 'NONE', #9199, #10776, #4414, .T. ) ;
#3948 = EDGE_CURVE ( 'NONE', #6151, #3363, #5141, .T. ) ;
#3949 = CARTESIAN_POINT ( 'NONE',  ( 0.2870078740156692954, 0.2165354330708362252, 0.09263160285333661703 ) ) ;
#3950 = VERTEX_POINT ( 'NONE', #1821 ) ;
#3951 = VECTOR ( 'NONE', #9717, 39.37007874015748143 ) ;
#3952 = CARTESIAN_POINT ( 'NONE',  ( -0.004921259842519684971, 0.2351129816986712584, -0.03819606597134834330 ) ) ;
#3953 = DIRECTION ( 'NONE',  ( 0.000000000000000000, 1.000000000000000000, 3.491481338843134933E-15 ) ) ;
#3954 = ORIENTED_EDGE ( 'NONE', *, *, #9251, .F. ) ;
#3955 = LINE ( 'NONE', #9143, #1846 ) ;
#3956 = VECTOR ( 'NONE', #6568, 39.37007874015748143 ) ;
#3957 = ORIENTED_EDGE ( 'NONE', *, *, #10942, .T. ) ;
#3958 = ORIENTED_EDGE ( 'NONE', *, *, #10531, .T. ) ;
#3959 = PLANE ( 'NONE',  #10626 ) ;
#3960 = ORIENTED_EDGE ( 'NONE', *, *, #3367, .F. ) ;
#3961 = ADVANCED_FACE ( 'NONE', ( #9487 ), #1762, .F. ) ;
#3962 = LINE ( 'NONE', #3328, #8135 ) ;
#3963 = ORIENTED_EDGE ( 'NONE', *, *, #7472, .F. ) ;
#3964 = VECTOR ( 'NONE', #5341, 39.37007874015748143 ) ;
#3965 = VECTOR ( 'NONE', #5658, 39.37007874015748143 ) ;
#3966 = DIRECTION ( 'NONE',  ( -1.000000000000000000, 0.000000000000000000, 0.000000000000000000 ) ) ;
#3967 = CARTESIAN_POINT ( 'NONE',  ( 0.01673228346456692717, 0.2309529165521752303, 0.05719542721420283610 ) ) ;
#3968 = PLANE ( 'NONE',  #9499 ) ;
#3969 = LINE ( 'NONE', #846, #1093 ) ;
#3970 = CARTESIAN_POINT ( 'NONE',  ( -0.1998031496062991907, 0.2563854519293799483, 0.007016975403139922435 ) ) ;
#3971 = ORIENTED_EDGE ( 'NONE', *, *, #6864, .F. ) ;
#3972 = CARTESIAN_POINT ( 'NONE',  ( 0.07775590574677165856, 0.2106299212598137516, -0.2132217023433185532 ) ) ;
#3973 = VECTOR ( 'NONE', #10665, 39.37007874015748143 ) ;
#3974 = VERTEX_POINT ( 'NONE', #5308 ) ;
#3975 = VERTEX_POINT ( 'NONE', #7804 ) ;
#3976 = VECTOR ( 'NONE', #9992, 39.37007874015748854 ) ;
#3977 = ADVANCED_FACE ( 'NONE', ( #5196 ), #3508, .T. ) ;
#3978 = FACE_OUTER_BOUND ( 'NONE', #9978, .T. ) ;
#3979 = DIRECTION ( 'NONE',  ( 1.000000000000000000, 0.000000000000000000, 0.000000000000000000 ) ) ;
#3980 = VECTOR ( 'NONE', #7947, 39.37007874015748854 ) ;
#3981 = AXIS2_PLACEMENT_3D ( 'NONE', #580, #4018, #7737 ) ;
#3982 = CARTESIAN_POINT ( 'NONE',  ( 0.06988188999870079132, 0.2106299212598137516, -0.2480314960629626253 ) ) ;
#3983 = DIRECTION ( 'NONE',  ( -1.000000000000000000, 0.000000000000000000, 0.000000000000000000 ) ) ;
#3984 = ORIENTED_EDGE ( 'NONE', *, *, #7038, .T. ) ;
#3985 = LINE ( 'NONE', #6452, #4451 ) ;
#3986 = LINE ( 'NONE', #5830, #7138 ) ;
#3987 = PLANE ( 'NONE',  #1822 ) ;
#3988 = VERTEX_POINT ( 'NONE', #1656 ) ;
#3989 = EDGE_CURVE ( 'NONE', #2526, #10517, #973, .T. ) ;
#3990 = CARTESIAN_POINT ( 'NONE',  ( -0.09153543307086613179, 0.2616530078181201202, 0.009686792758139901177 ) ) ;
#3991 = ORIENTED_EDGE ( 'NONE', *, *, #440, .F. ) ;
#3992 = CIRCLE ( 'NONE', #4171, 0.02362204724409448092 ) ;
#3993 = DIRECTION ( 'NONE',  ( -0.000000000000000000, -0.8919727971616544515, -0.4520890721125807588 ) ) ;
#3994 = CARTESIAN_POINT ( 'NONE',  ( -0.06594488165523622325, 0.2125984251968570937, -0.2066929133859823353 ) ) ;
#3995 = CARTESIAN_POINT ( 'NONE',  ( 0.2850393700787401952, 0.2165354330708362252, 0.09921259842522638095 ) ) ;
#3996 = FACE_OUTER_BOUND ( 'NONE', #573, .T. ) ;
#3997 = VERTEX_POINT ( 'NONE', #8762 ) ;
#3998 = VECTOR ( 'NONE', #2276, 39.37007874015748143 ) ;
#3999 = DIRECTION ( 'NONE',  ( 0.000000000000000000, -1.000000000000000000, -3.491481338843135327E-15 ) ) ;
#4000 = EDGE_CURVE ( 'NONE', #1217, #4017, #171, .T. ) ;
#4001 = DIRECTION ( 'NONE',  ( 0.9520922816987557047, 1.067732939652284076E-15, -0.3058108682333859352 ) ) ;
#4002 = ORIENTED_EDGE ( 'NONE', *, *, #9930, .F. ) ;
#4003 = ORIENTED_EDGE ( 'NONE', *, *, #2252, .F. ) ;
#4004 = FACE_OUTER_BOUND ( 'NONE', #10177, .T. ) ;
#4005 = ORIENTED_EDGE ( 'NONE', *, *, #9845, .F. ) ;
#4006 = AXIS2_PLACEMENT_3D ( 'NONE', #9013, #7320, #7374 ) ;
#4007 = LINE ( 'NONE', #5745, #1423 ) ;
#4008 = LINE ( 'NONE', #10096, #7103 ) ;
#4009 = PLANE ( 'NONE',  #1364 ) ;
#4010 = ADVANCED_FACE ( 'NONE', ( #8140 ), #4529, .F. ) ;
#4011 = EDGE_CURVE ( 'NONE', #5018, #7723, #10506, .T. ) ;
#4012 = ORIENTED_EDGE ( 'NONE', *, *, #5277, .T. ) ;
#4013 = CIRCLE ( 'NONE', #1139, 0.005905511811023620231 ) ;
#4014 = ORIENTED_EDGE ( 'NONE', *, *, #825, .F. ) ;
#4015 = ORIENTED_EDGE ( 'NONE', *, *, #1835, .F. ) ;
#4016 = CYLINDRICAL_SURFACE ( 'NONE', #1439, 0.005905511811023620231 ) ;
#4017 = VERTEX_POINT ( 'NONE', #6267 ) ;
#4018 = DIRECTION ( 'NONE',  ( 0.000000000000000000, -1.000000000000000000, -3.491481338843135327E-15 ) ) ;
#4019 = ORIENTED_EDGE ( 'NONE', *, *, #6891, .F. ) ;
#4020 = DIRECTION ( 'NONE',  ( 0.000000000000000000, -3.491481338843134933E-15, 1.000000000000000000 ) ) ;
#4021 = EDGE_CURVE ( 'NONE', #5681, #3997, #462, .T. ) ;
#4022 = CARTESIAN_POINT ( 'NONE',  ( -0.2047244094488189226, 0.2125984251968204841, 0.07952755905514763413 ) ) ;
#4023 = CARTESIAN_POINT ( 'NONE',  ( 0.1210629923610630071, 0.2125984251968263961, -0.2125984251968208727 ) ) ;
#4024 = CARTESIAN_POINT ( 'NONE',  ( 0.2594488188976378784, 0.2834645669291050996, -0.2125984251968204841 ) ) ;
#4025 = CARTESIAN_POINT ( 'NONE',  ( -0.05216535409606298801, 0.2224409448818610024, -0.2125984251968208727 ) ) ;
#4026 = ORIENTED_EDGE ( 'NONE', *, *, #9141, .F. ) ;
#4027 = DIRECTION ( 'NONE',  ( -1.000000000000000000, 0.000000000000000000, 0.000000000000000000 ) ) ;
#4028 = ORIENTED_EDGE ( 'NONE', *, *, #1939, .F. ) ;
#4029 = ORIENTED_EDGE ( 'NONE', *, *, #1807, .F. ) ;
#4030 = CARTESIAN_POINT ( 'NONE',  ( 0.1250000000000000000, 0.2563854519293799483, 0.007016975403139922435 ) ) ;
#4031 = CARTESIAN_POINT ( 'NONE',  ( -0.1998031496062991907, 0.2556349392492224815, -0.006742098347214430139 ) ) ;
#4032 = DIRECTION ( 'NONE',  ( 0.000000000000000000, -1.000000000000000000, -3.491481338843134933E-15 ) ) ;
#4033 = EDGE_CURVE ( 'NONE', #10132, #4072, #7282, .T. ) ;
#4034 = CARTESIAN_POINT ( 'NONE',  ( 0.02066929157333464301, 0.2224409448818610024, -0.2185039370078444843 ) ) ;
#4035 = ORIENTED_EDGE ( 'NONE', *, *, #5562, .T. ) ;
#4036 = LINE ( 'NONE', #652, #5701 ) ;
#4037 = CARTESIAN_POINT ( 'NONE',  ( -0.1348425196850394081, 0.2605808468465059535, -0.009969026885245903247 ) ) ;
#4038 = ORIENTED_EDGE ( 'NONE', *, *, #10020, .F. ) ;
#4039 = CARTESIAN_POINT ( 'NONE',  ( 0.1722440944881890035, 0.1909448818897346856, -0.1094488188976082688 ) ) ;
#4040 = ORIENTED_EDGE ( 'NONE', *, *, #3505, .F. ) ;
#4041 = CARTESIAN_POINT ( 'NONE',  ( -0.01673228322985826841, 0.2165354330708373909, -0.2480314960629626253 ) ) ;
#4042 = ORIENTED_EDGE ( 'NONE', *, *, #6420, .F. ) ;
#4043 = VECTOR ( 'NONE', #2093, 39.37007874015748143 ) ;
#4044 = DIRECTION ( 'NONE',  ( 1.000000000000000000, 0.000000000000000000, 0.000000000000000000 ) ) ;
#4045 = CARTESIAN_POINT ( 'NONE',  ( 0.1780224714964173116, 0.2834645669291035452, 0.2463342029606598593 ) ) ;
#4046 = LINE ( 'NONE', #4949, #8462 ) ;
#4047 = EDGE_CURVE ( 'NONE', #8678, #10016, #6428, .T. ) ;
#4048 = LINE ( 'NONE', #3939, #6014 ) ;
#4049 = EDGE_CURVE ( 'NONE', #7781, #4111, #5744, .T. ) ;
#4050 = ORIENTED_EDGE ( 'NONE', *, *, #9193, .T. ) ;
#4051 = LINE ( 'NONE', #6694, #3343 ) ;
#4052 = DIRECTION ( 'NONE',  ( 0.000000000000000000, 0.5464265657704129309, 0.8375070198036269620 ) ) ;
#4053 = DIRECTION ( 'NONE',  ( 0.000000000000000000, 3.491481338843134933E-15, -1.000000000000000000 ) ) ;
#4054 = AXIS2_PLACEMENT_3D ( 'NONE', #4034, #4935, #7475 ) ;
#4055 = VERTEX_POINT ( 'NONE', #2152 ) ;
#4056 = DIRECTION ( 'NONE',  ( 0.000000000000000000, -1.000000000000000000, -2.891205793294679411E-15 ) ) ;
#4057 = VERTEX_POINT ( 'NONE', #1149 ) ;
#4058 = EDGE_CURVE ( 'NONE', #3632, #5470, #1992, .T. ) ;
#4059 = LINE ( 'NONE', #10149, #11144 ) ;
#4060 = VECTOR ( 'NONE', #5437, 39.37007874015748143 ) ;
#4061 = CARTESIAN_POINT ( 'NONE',  ( -0.2618110236220472231, 0.2125984251968216499, -0.2125984251968208727 ) ) ;
#4062 = EDGE_CURVE ( 'NONE', #10403, #10610, #3738, .T. ) ;
#4063 = CARTESIAN_POINT ( 'NONE',  ( 0.1137795275590551269, 0.2834645669291047665, -0.09763779527556082360 ) ) ;
#4064 = ORIENTED_EDGE ( 'NONE', *, *, #2148, .F. ) ;
#4065 = VERTEX_POINT ( 'NONE', #1200 ) ;
#4066 = EDGE_LOOP ( 'NONE', ( #4686, #8892, #6806, #9353 ) ) ;
#4067 = CARTESIAN_POINT ( 'NONE',  ( 0.08661417322834646937, 0.2421259842519393746, -0.07795275590548228495 ) ) ;
#4068 = ORIENTED_EDGE ( 'NONE', *, *, #7717, .T. ) ;
#4069 = VECTOR ( 'NONE', #10370, 39.37007874015748143 ) ;
#4070 = CARTESIAN_POINT ( 'NONE',  ( -0.1796295472109055158, 0.2421259842519382366, 0.2468503937008169891 ) ) ;
#4071 = AXIS2_PLACEMENT_3D ( 'NONE', #247, #6935, #4579 ) ;
#4072 = VERTEX_POINT ( 'NONE', #8029 ) ;
#4073 = EDGE_CURVE ( 'NONE', #139, #4546, #7174, .T. ) ;
#4074 = EDGE_CURVE ( 'NONE', #10595, #162, #2779, .T. ) ;
#4075 = PLANE ( 'NONE',  #9874 ) ;
#4076 = EDGE_CURVE ( 'NONE', #5413, #11113, #1973, .T. ) ;
#4077 = AXIS2_PLACEMENT_3D ( 'NONE', #7439, #7492, #2194 ) ;
#4078 = DIRECTION ( 'NONE',  ( 1.000000000000000000, 0.000000000000000000, 0.000000000000000000 ) ) ;
#4079 = CARTESIAN_POINT ( 'NONE',  ( -0.02263779504094094730, 0.2165354330708373909, -0.2125984251968208727 ) ) ;
#4080 = DIRECTION ( 'NONE',  ( -1.000000000000000000, 0.000000000000000000, 0.000000000000000000 ) ) ;
#4081 = VERTEX_POINT ( 'NONE', #2837 ) ;
#4082 = CARTESIAN_POINT ( 'NONE',  ( 0.06397637818759842332, 0.2165354330708373909, -0.2125984251968208727 ) ) ;
#4083 = ORIENTED_EDGE ( 'NONE', *, *, #4417, .F. ) ;
#4084 = ORIENTED_EDGE ( 'NONE', *, *, #9038, .T. ) ;
#4085 = CARTESIAN_POINT ( 'NONE',  ( 0.2618110236219685083, 0.2834645669291035452, 0.2055118110236519857 ) ) ;
#4086 = AXIS2_PLACEMENT_3D ( 'NONE', #6279, #7869, #7186 ) ;
#4087 = ADVANCED_FACE ( 'NONE', ( #5536 ), #10564, .F. ) ;
#4088 = LINE ( 'NONE', #6824, #8702 ) ;
#4089 = CARTESIAN_POINT ( 'NONE',  ( 0.08169291338582677919, 0.2598425196850102648, -0.05433070866142700878 ) ) ;
#4090 = DIRECTION ( 'NONE',  ( 0.000000000000000000, -1.000000000000000000, -2.891205793294679411E-15 ) ) ;
#4091 = VERTEX_POINT ( 'NONE', #10620 ) ;
#4092 = CARTESIAN_POINT ( 'NONE',  ( -0.05216535409606298801, 0.2106299212598137516, -0.2132217023433193026 ) ) ;
#4093 = CARTESIAN_POINT ( 'NONE',  ( -0.1348425196850394081, 0.2598425196850102648, -0.05433070866142700878 ) ) ;
#4094 = VECTOR ( 'NONE', #3333, 39.37007874015748143 ) ;
#4095 = EDGE_LOOP ( 'NONE', ( #5552, #477, #4160, #1641 ) ) ;
#4096 = DIRECTION ( 'NONE',  ( 0.000000000000000000, -0.4520890721125807588, 0.8919727971616544515 ) ) ;
#4097 = ORIENTED_EDGE ( 'NONE', *, *, #1882, .T. ) ;
#4098 = CARTESIAN_POINT ( 'NONE',  ( 0.2653543307086614345, 0.2145669291338295481, -0.2125984251968208727 ) ) ;
#4099 = ORIENTED_EDGE ( 'NONE', *, *, #3281, .F. ) ;
#4100 = EDGE_CURVE ( 'NONE', #4339, #10102, #7193, .T. ) ;
#4101 = VECTOR ( 'NONE', #1431, 39.37007874015748143 ) ;
#4102 = CARTESIAN_POINT ( 'NONE',  ( 0.000000000000000000, 0.1909448818897350464, -0.2125984251968208727 ) ) ;
#4103 = CARTESIAN_POINT ( 'NONE',  ( -0.1780224714965354393, 0.2421259842519382366, 0.2463342029606594985 ) ) ;
#4104 = DIRECTION ( 'NONE',  ( -1.257674520083184134E-13, -0.8333333333338625026, 0.5527707983917687917 ) ) ;
#4105 = DIRECTION ( 'NONE',  ( 1.000000000000000000, 0.000000000000000000, 0.000000000000000000 ) ) ;
#4106 = VERTEX_POINT ( 'NONE', #6325 ) ;
#4107 = DIRECTION ( 'NONE',  ( -1.000000000000000000, 0.000000000000000000, 0.000000000000000000 ) ) ;
#4108 = CARTESIAN_POINT ( 'NONE',  ( -0.1092519682694882005, 0.2224409448818610024, -0.2125984251968208727 ) ) ;
#4109 = CARTESIAN_POINT ( 'NONE',  ( -0.1968503937007874127, 0.1909448818897346856, -0.1094488188976082688 ) ) ;
#4110 = VECTOR ( 'NONE', #10424, 39.37007874015748143 ) ;
#4111 = VERTEX_POINT ( 'NONE', #9774 ) ;
#4112 = DIRECTION ( 'NONE',  ( 0.000000000000000000, -1.000000000000000000, -3.491481338843134933E-15 ) ) ;
#4113 = EDGE_CURVE ( 'NONE', #5407, #4694, #2997, .T. ) ;
#4114 = VERTEX_POINT ( 'NONE', #2043 ) ;
#4115 = ADVANCED_FACE ( 'NONE', ( #8924 ), #4640, .F. ) ;
#4116 = DIRECTION ( 'NONE',  ( -1.000000000000000000, 0.000000000000000000, 0.000000000000000000 ) ) ;
#4117 = VECTOR ( 'NONE', #9608, 39.37007874015748143 ) ;
#4118 = CYLINDRICAL_SURFACE ( 'NONE', #1598, 0.005905511811023620231 ) ;
#4119 = PLANE ( 'NONE',  #9986 ) ;
#4120 = FACE_BOUND ( 'NONE', #1917, .T. ) ;
#4121 = ORIENTED_EDGE ( 'NONE', *, *, #8234, .F. ) ;
#4122 = DIRECTION ( 'NONE',  ( 0.000000000000000000, -1.000000000000000000, -3.491481338843135327E-15 ) ) ;
#4123 = ORIENTED_EDGE ( 'NONE', *, *, #589, .F. ) ;
#4124 = DIRECTION ( 'NONE',  ( -1.000000000000000000, 0.000000000000000000, 0.000000000000000000 ) ) ;
#4125 = ADVANCED_FACE ( 'NONE', ( #4693 ), #7511, .F. ) ;
#4126 = ORIENTED_EDGE ( 'NONE', *, *, #5449, .T. ) ;
#4127 = CARTESIAN_POINT ( 'NONE',  ( 0.07775590574677165856, 0.2125984251968673355, -0.2066929133859665702 ) ) ;
#4128 = VECTOR ( 'NONE', #77, 39.37007874015748143 ) ;
#4129 = CARTESIAN_POINT ( 'NONE',  ( 0.1210629923610630071, 0.2165354330708373909, -0.2421259842517736183 ) ) ;
#4130 = DIRECTION ( 'NONE',  ( 1.000000000000000000, 0.000000000000000000, -1.091690395479223555E-09 ) ) ;
#4131 = EDGE_CURVE ( 'NONE', #5619, #4982, #9937, .T. ) ;
#4132 = CARTESIAN_POINT ( 'NONE',  ( 0.1564960629919684987, 0.2106299212598137516, -0.2480314960630216614 ) ) ;
#4133 = EDGE_LOOP ( 'NONE', ( #3709, #3213, #9521, #5907, #7936, #236 ) ) ;
#4134 = DIRECTION ( 'NONE',  ( -0.8343762442494419007, -1.924488180939439633E-15, 0.5511953220340278792 ) ) ;
#4135 = ORIENTED_EDGE ( 'NONE', *, *, #7693, .F. ) ;
#4136 = ORIENTED_EDGE ( 'NONE', *, *, #7472, .T. ) ;
#4137 = CARTESIAN_POINT ( 'NONE',  ( 0.2771653543307086576, 0.2165354330708362252, 0.1051181102362499925 ) ) ;
#4138 = CIRCLE ( 'NONE', #10438, 0.005905511811023620231 ) ;
#4139 = VECTOR ( 'NONE', #2378, 39.37007874015748143 ) ;
#4140 = CARTESIAN_POINT ( 'NONE',  ( 0.1210629923610630071, 0.2106299212598137516, -0.2132217023432279590 ) ) ;
#4141 = CARTESIAN_POINT ( 'NONE',  ( -0.1549896822522834616, 0.2834645669291035452, 0.2314365286929433163 ) ) ;
#4142 = EDGE_LOOP ( 'NONE', ( #2156, #9205, #9864, #3525 ) ) ;
#4143 = VECTOR ( 'NONE', #9213, 39.37007874015748143 ) ;
#4144 = FACE_OUTER_BOUND ( 'NONE', #9394, .T. ) ;
#4145 = EDGE_CURVE ( 'NONE', #721, #7102, #9146, .T. ) ;
#4146 = VECTOR ( 'NONE', #6342, 39.37007874015748143 ) ;
#4147 = DIRECTION ( 'NONE',  ( 0.000000000000000000, 3.491481338843134933E-15, -1.000000000000000000 ) ) ;
#4148 = VERTEX_POINT ( 'NONE', #4805 ) ;
#4149 = EDGE_CURVE ( 'NONE', #8207, #7397, #9202, .T. ) ;
#4150 = CARTESIAN_POINT ( 'NONE',  ( -0.2712598425196850460, 0.2145669291338279938, 0.2055118110236515971 ) ) ;
#4151 = ORIENTED_EDGE ( 'NONE', *, *, #304, .F. ) ;
#4152 = CARTESIAN_POINT ( 'NONE',  ( -0.1348425196850394081, 0.2362204724409157630, -0.05433070866142708510 ) ) ;
#4153 = ORIENTED_EDGE ( 'NONE', *, *, #1385, .T. ) ;
#4154 = AXIS2_PLACEMENT_3D ( 'NONE', #6297, #8113, #7202 ) ;
#4155 = CIRCLE ( 'NONE', #6842, 0.005905511811082679759 ) ;
#4156 = DIRECTION ( 'NONE',  ( 1.000000000000000000, 0.000000000000000000, 0.000000000000000000 ) ) ;
#4157 = DIRECTION ( 'NONE',  ( -3.701631593837000177E-11, -1.000000000000000000, 2.066145975035115165E-11 ) ) ;
#4158 = EDGE_LOOP ( 'NONE', ( #7275, #8011, #5431, #1719 ) ) ;
#4159 = DIRECTION ( 'NONE',  ( 0.000000000000000000, 1.000000000000000000, 3.491481338843134933E-15 ) ) ;
#4160 = ORIENTED_EDGE ( 'NONE', *, *, #908, .F. ) ;
#4161 = LINE ( 'NONE', #781, #6593 ) ;
#4162 = LINE ( 'NONE', #1406, #1192 ) ;
#4163 = EDGE_CURVE ( 'NONE', #3892, #5349, #7567, .T. ) ;
#4164 = CARTESIAN_POINT ( 'NONE',  ( 0.1643700787405905361, 0.2106299212598137516, -0.2132217023432279590 ) ) ;
#4165 = AXIS2_PLACEMENT_3D ( 'NONE', #4831, #7148, #3081 ) ;
#4166 = CIRCLE ( 'NONE', #5602, 0.005905511811082662411 ) ;
#4167 = ORIENTED_EDGE ( 'NONE', *, *, #929, .T. ) ;
#4168 = DIRECTION ( 'NONE',  ( 0.000000000000000000, -3.491481338843134933E-15, 1.000000000000000000 ) ) ;
#4169 = EDGE_LOOP ( 'NONE', ( #4035, #6894, #1920, #1030 ) ) ;
#4170 = DIRECTION ( 'NONE',  ( 0.000000000000000000, -1.000000000000000000, -3.491481338843134933E-15 ) ) ;
#4171 = AXIS2_PLACEMENT_3D ( 'NONE', #4929, #695, #8377 ) ;
#4172 = DIRECTION ( 'NONE',  ( 1.000000000000000000, 0.000000000000000000, 0.000000000000000000 ) ) ;
#4173 = DIRECTION ( 'NONE',  ( 1.000000000000000000, 0.000000000000000000, 0.000000000000000000 ) ) ;
#4174 = CARTESIAN_POINT ( 'NONE',  ( -0.1348425196850394081, 0.2605808468465059535, -0.009969026885245903247 ) ) ;
#4175 = EDGE_CURVE ( 'NONE', #1585, #4111, #10949, .T. ) ;
#4176 = EDGE_LOOP ( 'NONE', ( #6484, #10240, #10215, #7059, #7820, #2236, #8527 ) ) ;
#4177 = ORIENTED_EDGE ( 'NONE', *, *, #9760, .T. ) ;
#4178 = CARTESIAN_POINT ( 'NONE',  ( -0.1780224714964173116, 0.2834645669291035452, 0.2463342029606598593 ) ) ;
#4179 = AXIS2_PLACEMENT_3D ( 'NONE', #9156, #7294, #9098 ) ;
#4180 = ORIENTED_EDGE ( 'NONE', *, *, #4728, .F. ) ;
#4181 = CARTESIAN_POINT ( 'NONE',  ( -0.1781496062992126150, 0.2303149606298921792, -0.07795275590552164235 ) ) ;
#4182 = ORIENTED_EDGE ( 'NONE', *, *, #747, .F. ) ;
#4183 = CARTESIAN_POINT ( 'NONE',  ( 0.02066929157333464301, 0.2106299212598137516, -0.2132217023431488279 ) ) ;
#4184 = AXIS2_PLACEMENT_3D ( 'NONE', #7817, #5206, #7759 ) ;
#4185 = AXIS2_PLACEMENT_3D ( 'NONE', #1875, #3675, #6996 ) ;
#4186 = EDGE_CURVE ( 'NONE', #4055, #10462, #2207, .T. ) ;
#4187 = DIRECTION ( 'NONE',  ( -1.000000000000000000, 0.000000000000000000, 0.000000000000000000 ) ) ;
#4188 = EDGE_CURVE ( 'NONE', #6206, #4111, #11005, .T. ) ;
#4189 = DIRECTION ( 'NONE',  ( 1.000000000000000000, 0.000000000000000000, 0.000000000000000000 ) ) ;
#4190 = DIRECTION ( 'NONE',  ( -1.000000000000000000, -0.000000000000000000, 0.000000000000000000 ) ) ;
#4191 = ORIENTED_EDGE ( 'NONE', *, *, #1085, .F. ) ;
#4192 = CARTESIAN_POINT ( 'NONE',  ( -0.04822834645669291098, 0.2362204724409157630, -0.05433070866142708510 ) ) ;
#4193 = ORIENTED_EDGE ( 'NONE', *, *, #5571, .F. ) ;
#4194 = ORIENTED_EDGE ( 'NONE', *, *, #1820, .F. ) ;
#4195 = DIRECTION ( 'NONE',  ( 0.000000000000000000, 0.8919727971616542295, 0.4520890721125805922 ) ) ;
#4196 = VECTOR ( 'NONE', #7419, 39.37007874015748143 ) ;
#4197 = EDGE_CURVE ( 'NONE', #6209, #1417, #7017, .T. ) ;
#4198 = DIRECTION ( 'NONE',  ( 0.000000000000000000, 3.491481338843134933E-15, -1.000000000000000000 ) ) ;
#4199 = PLANE ( 'NONE',  #8568 ) ;
#4200 = ORIENTED_EDGE ( 'NONE', *, *, #7665, .F. ) ;
#4201 = DIRECTION ( 'NONE',  ( 0.000000000000000000, -1.000000000000000000, -3.491481338843134933E-15 ) ) ;
#4202 = DIRECTION ( 'NONE',  ( 0.000000000000000000, 0.8919727971616542295, 0.4520890721125805922 ) ) ;
#4203 = ORIENTED_EDGE ( 'NONE', *, *, #11152, .T. ) ;
#4204 = DIRECTION ( 'NONE',  ( 0.000000000000000000, 0.000000000000000000, 1.000000000000000000 ) ) ;
#4205 = DIRECTION ( 'NONE',  ( 0.000000000000000000, 1.000000000000000000, 3.491481338843135327E-15 ) ) ;
#4206 = ORIENTED_EDGE ( 'NONE', *, *, #10900, .T. ) ;
#4207 = ORIENTED_EDGE ( 'NONE', *, *, #3090, .T. ) ;
#4208 = DIRECTION ( 'NONE',  ( -0.9113956592650236388, -1.436853605686169171E-15, 0.4115312287942103353 ) ) ;
#4209 = VERTEX_POINT ( 'NONE', #3218 ) ;
#4210 = EDGE_CURVE ( 'NONE', #3456, #7009, #9259, .T. ) ;
#4211 = ADVANCED_FACE ( 'NONE', ( #1481 ), #4016, .F. ) ;
#4212 = CARTESIAN_POINT ( 'NONE',  ( -0.04330708661417323468, 0.2125984251968212890, -0.07795275590548228495 ) ) ;
#4213 = CARTESIAN_POINT ( 'NONE',  ( -0.06594488165523622325, 0.2165354330708373909, -0.2421259842517657634 ) ) ;
#4214 = DIRECTION ( 'NONE',  ( 0.000000000000000000, -5.782411586589358822E-15, 1.000000000000000000 ) ) ;
#4215 = ORIENTED_EDGE ( 'NONE', *, *, #4473, .T. ) ;
#4216 = EDGE_CURVE ( 'NONE', #11019, #575, #10439, .T. ) ;
#4217 = LINE ( 'NONE', #7660, #1742 ) ;
#4218 = FACE_OUTER_BOUND ( 'NONE', #804, .T. ) ;
#4219 = LINE ( 'NONE', #7662, #6126 ) ;
#4220 = EDGE_LOOP ( 'NONE', ( #265, #2367, #3219, #9020 ) ) ;
#4221 = CARTESIAN_POINT ( 'NONE',  ( 0.06988188999870079132, 0.2165354330708373909, -0.2421259842518799221 ) ) ;
#4222 = ORIENTED_EDGE ( 'NONE', *, *, #10466, .F. ) ;
#4223 = AXIS2_PLACEMENT_3D ( 'NONE', #4745, #458, #8189 ) ;
#4224 = EDGE_CURVE ( 'NONE', #9392, #1033, #7455, .T. ) ;
#4225 = DIRECTION ( 'NONE',  ( -1.000000000000000000, -0.000000000000000000, 0.000000000000000000 ) ) ;
#4226 = CARTESIAN_POINT ( 'NONE',  ( 0.2055118110236220375, 0.2755905511810720632, 0.2421259842519984384 ) ) ;
#4227 = LINE ( 'NONE', #10204, #5509 ) ;
#4228 = AXIS2_PLACEMENT_3D ( 'NONE', #5221, #3479, #4214 ) ;
#4229 = DIRECTION ( 'NONE',  ( 0.000000000000000000, 0.8919727971616544515, 0.4520890721125804257 ) ) ;
#4230 = ORIENTED_EDGE ( 'NONE', *, *, #2713, .T. ) ;
#4231 = VERTEX_POINT ( 'NONE', #518 ) ;
#4232 = DIRECTION ( 'NONE',  ( 0.000000000000000000, -3.491481338843134933E-15, 1.000000000000000000 ) ) ;
#4233 = ORIENTED_EDGE ( 'NONE', *, *, #7835, .F. ) ;
#4234 = CARTESIAN_POINT ( 'NONE',  ( 0.1072834648018897719, 0.2165354330708373909, -0.2421259842519980499 ) ) ;
#4235 = EDGE_LOOP ( 'NONE', ( #4847, #3467, #3026, #4442 ) ) ;
#4236 = ADVANCED_FACE ( 'NONE', ( #6595 ), #3959, .T. ) ;
#4237 = VECTOR ( 'NONE', #4187, 39.37007874015748143 ) ;
#4238 = CARTESIAN_POINT ( 'NONE',  ( -0.04822834645669291098, 0.2351129816986712584, -0.03819606597134834330 ) ) ;
#4239 = DIRECTION ( 'NONE',  ( 0.000000000000000000, 3.491481338843134933E-15, -1.000000000000000000 ) ) ;
#4240 = DIRECTION ( 'NONE',  ( 0.000000000000000000, 1.000000000000000000, 3.491481338843135327E-15 ) ) ;
#4241 = FACE_OUTER_BOUND ( 'NONE', #4996, .T. ) ;
#4242 = ORIENTED_EDGE ( 'NONE', *, *, #136, .T. ) ;
#4243 = VECTOR ( 'NONE', #4481, 39.37007874015748143 ) ;
#4244 = AXIS2_PLACEMENT_3D ( 'NONE', #188, #9711, #2195 ) ;
#4245 = LINE ( 'NONE', #3398, #10790 ) ;
#4246 = VERTEX_POINT ( 'NONE', #5697 ) ;
#4247 = ORIENTED_EDGE ( 'NONE', *, *, #10897, .F. ) ;
#4248 = LINE ( 'NONE', #5258, #2896 ) ;
#4249 = EDGE_CURVE ( 'NONE', #99, #1162, #10841, .T. ) ;
#4250 = EDGE_CURVE ( 'NONE', #3039, #9008, #9989, .T. ) ;
#4251 = AXIS2_PLACEMENT_3D ( 'NONE', #7548, #613, #8237 ) ;
#4252 = AXIS2_PLACEMENT_3D ( 'NONE', #6235, #4557, #10702 ) ;
#4253 = CARTESIAN_POINT ( 'NONE',  ( 0.03838582677165354451, 0.2440944881889468288, 0.0007874015747934192061 ) ) ;
#4254 = DIRECTION ( 'NONE',  ( -1.000000000000000000, -0.000000000000000000, 0.000000000000000000 ) ) ;
#4255 = ORIENTED_EDGE ( 'NONE', *, *, #9439, .F. ) ;
#4256 = LINE ( 'NONE', #10292, #6961 ) ;
#4257 = FACE_OUTER_BOUND ( 'NONE', #6222, .T. ) ;
#4258 = ORIENTED_EDGE ( 'NONE', *, *, #5013, .T. ) ;
#4259 = CARTESIAN_POINT ( 'NONE',  ( 0.2653543307086614345, 0.2224409448818598367, 0.1051181102362502007 ) ) ;
#4260 = ORIENTED_EDGE ( 'NONE', *, *, #7954, .T. ) ;
#4261 = EDGE_CURVE ( 'NONE', #3287, #3158, #2322, .T. ) ;
#4262 = ORIENTED_EDGE ( 'NONE', *, *, #4073, .F. ) ;
#4263 = DIRECTION ( 'NONE',  ( -0.4115312287942103908, 3.182120936626465087E-15, -0.9113956592650237498 ) ) ;
#4264 = CLOSED_SHELL ( 'NONE', ( #2383, #433, #3153, #4959, #10505, #8682, #2213, #9945, #9432, #1369, #6701, #10110, #3826, #5077 ) ) ;
#4265 = VERTEX_POINT ( 'NONE', #4067 ) ;
#4266 = ADVANCED_FACE ( 'NONE', ( #4965 ), #8417, .T. ) ;
#4267 = FACE_OUTER_BOUND ( 'NONE', #5591, .T. ) ;
#4268 = VECTOR ( 'NONE', #10053, 39.37007874015748143 ) ;
#4269 = DIRECTION ( 'NONE',  ( 0.000000000000000000, -1.000000000000000000, -2.891205793294679411E-15 ) ) ;
#4270 = CIRCLE ( 'NONE', #6215, 0.005905511811023618496 ) ;
#4271 = CARTESIAN_POINT ( 'NONE',  ( 0.2618110236219685083, 0.2775590551180799337, 0.2480314960630220500 ) ) ;
#4272 = ORIENTED_EDGE ( 'NONE', *, *, #2765, .F. ) ;
#4273 = CARTESIAN_POINT ( 'NONE',  ( 0.1121507768173228420, 0.2775590551180799337, 0.2101158073945181004 ) ) ;
#4274 = CARTESIAN_POINT ( 'NONE',  ( -0.04822834645669291098, 0.2351129816986712584, -0.03819606597134834330 ) ) ;
#4275 = DIRECTION ( 'NONE',  ( -1.000000000000000000, 0.000000000000000000, 0.000000000000000000 ) ) ;
#4276 = EDGE_CURVE ( 'NONE', #6081, #9878, #8646, .T. ) ;
#4277 = ADVANCED_FACE ( 'NONE', ( #5127 ), #1694, .T. ) ;
#4278 = ORIENTED_EDGE ( 'NONE', *, *, #6287, .T. ) ;
#4279 = VECTOR ( 'NONE', #5136, 39.37007874015748143 ) ;
#4280 = CYLINDRICAL_SURFACE ( 'NONE', #1622, 0.005905511811082679759 ) ;
#4281 = VERTEX_POINT ( 'NONE', #6817 ) ;
#4282 = DIRECTION ( 'NONE',  ( 0.000000000000000000, 3.491481338843134933E-15, -1.000000000000000000 ) ) ;
#4283 = DIRECTION ( 'NONE',  ( -1.000000000000000000, 0.000000000000000000, 0.000000000000000000 ) ) ;
#4284 = CARTESIAN_POINT ( 'NONE',  ( -0.1781496062992126150, 0.2309529165521752303, 0.05719542721420283610 ) ) ;
#4285 = CIRCLE ( 'NONE', #2310, 0.02460629921259841271 ) ;
#4286 = DIRECTION ( 'NONE',  ( 1.000000000000000000, 0.000000000000000000, 0.000000000000000000 ) ) ;
#4287 = EDGE_CURVE ( 'NONE', #10547, #1674, #6928, .T. ) ;
#4288 = ORIENTED_EDGE ( 'NONE', *, *, #6913, .F. ) ;
#4289 = ORIENTED_EDGE ( 'NONE', *, *, #2238, .F. ) ;
#4290 = EDGE_CURVE ( 'NONE', #7857, #7454, #5078, .T. ) ;
#4291 = FACE_OUTER_BOUND ( 'NONE', #8982, .T. ) ;
#4292 = ORIENTED_EDGE ( 'NONE', *, *, #3016, .T. ) ;
#4293 = LINE ( 'NONE', #8530, #5951 ) ;
#4294 = ORIENTED_EDGE ( 'NONE', *, *, #4175, .T. ) ;
#4295 = AXIS2_PLACEMENT_3D ( 'NONE', #7108, #7276, #1928 ) ;
#4296 = DIRECTION ( 'NONE',  ( 0.000000000000000000, -1.000000000000000000, -3.491481338843134933E-15 ) ) ;
#4297 = DIRECTION ( 'NONE',  ( 0.000000000000000000, 3.491481338843134933E-15, -1.000000000000000000 ) ) ;
#4298 = FACE_OUTER_BOUND ( 'NONE', #3737, .T. ) ;
#4299 = LINE ( 'NONE', #3393, #2300 ) ;
#4300 = DIRECTION ( 'NONE',  ( 8.881784196889998954E-14, 7.983186483750428680E-13, -1.000000000000000000 ) ) ;
#4301 = VECTOR ( 'NONE', #8136, 39.37007874015748143 ) ;
#4302 = VERTEX_POINT ( 'NONE', #851 ) ;
#4304 = EDGE_CURVE ( 'NONE', #1981, #5767, #187, .T. ) ;
#4303 = DESIGN_CONTEXT ( 'detailed design', #3003, 'design' ) ;
#4305 = CARTESIAN_POINT ( 'NONE',  ( -0.004921259842519684971, 0.2400588892959547305, -0.04142299450934047722 ) ) ;
#4306 = ORIENTED_EDGE ( 'NONE', *, *, #6940, .F. ) ;
#4307 = ORIENTED_EDGE ( 'NONE', *, *, #4763, .T. ) ;
#4308 = FACE_OUTER_BOUND ( 'NONE', #2998, .T. ) ;
#4309 = AXIS2_PLACEMENT_3D ( 'NONE', #359, #3792, #1255 ) ;
#4310 = CYLINDRICAL_SURFACE ( 'NONE', #4452, 0.01968503937007873988 ) ;
#4311 = CARTESIAN_POINT ( 'NONE',  ( 0.1968503937007874127, 0.2125984251968212890, -0.1094488188976082688 ) ) ;
#4312 = EDGE_LOOP ( 'NONE', ( #4583, #10033, #8086, #9647 ) ) ;
#4313 = CARTESIAN_POINT ( 'NONE',  ( 0.2771653543307086576, 0.2165354330708365860, 0.05787401574806102372 ) ) ;
#4314 = CARTESIAN_POINT ( 'NONE',  ( 0.02854330732141338589, 0.2106299212598137516, -0.2480314960629626253 ) ) ;
#4315 = VERTEX_POINT ( 'NONE', #3495 ) ;
#4316 = ADVANCED_FACE ( 'NONE', ( #4291 ), #2487, .F. ) ;
#4317 = CALENDAR_DATE ( 2024, 1, 8 ) ;
#4318 = CARTESIAN_POINT ( 'NONE',  ( 0.1250000000000000000, 0.2351129816986712584, -0.03819606597134834330 ) ) ;
#4319 = ORIENTED_EDGE ( 'NONE', *, *, #11108, .F. ) ;
#4320 = ORIENTED_EDGE ( 'NONE', *, *, #2329, .F. ) ;
#4321 = VECTOR ( 'NONE', #6193, 39.37007874015748143 ) ;
#4322 = DIRECTION ( 'NONE',  ( -1.000000000000000000, 0.000000000000000000, 0.000000000000000000 ) ) ;
#4323 = ORIENTED_EDGE ( 'NONE', *, *, #10489, .T. ) ;
#4324 = CARTESIAN_POINT ( 'NONE',  ( -0.2653543307086614345, 0.2145669291338283546, 0.1051181102362499925 ) ) ;
#4325 = VECTOR ( 'NONE', #894, 39.37007874015748143 ) ;
#4326 = VECTOR ( 'NONE', #606, 39.37007874015748143 ) ;
#4327 = CARTESIAN_POINT ( 'NONE',  ( -0.1299212598425196763, 0.2125984251968212890, -0.07795275590548228495 ) ) ;
#4328 = LINE ( 'NONE', #3532, #6200 ) ;
#4329 = VERTEX_POINT ( 'NONE', #9589 ) ;
#4330 = DIRECTION ( 'NONE',  ( -3.685940441755999847E-13, 1.000000000000000000, -2.216954567911155022E-12 ) ) ;
#4331 = CARTESIAN_POINT ( 'NONE',  ( -0.1299212598425196763, 0.2125984251968204841, 0.07952755905514763413 ) ) ;
#4332 = EDGE_CURVE ( 'NONE', #10022, #3975, #2653, .T. ) ;
#4333 = ADVANCED_FACE ( 'NONE', ( #2594 ), #3551, .F. ) ;
#4334 = DIRECTION ( 'NONE',  ( 0.000000000000000000, -3.491481338843135327E-15, 1.000000000000000000 ) ) ;
#4335 = ORIENTED_EDGE ( 'NONE', *, *, #799, .T. ) ;
#4336 = AXIS2_PLACEMENT_3D ( 'NONE', #7101, #961, #1861 ) ;
#4337 = AXIS2_PLACEMENT_3D ( 'NONE', #8711, #5144, #4477 ) ;
#4338 = PLANE ( 'NONE',  #4504 ) ;
#4339 = VERTEX_POINT ( 'NONE', #6080 ) ;
#4340 = CARTESIAN_POINT ( 'NONE',  ( 0.1643700787405905361, 0.2165354330708373909, -0.2185039370078444843 ) ) ;
#4341 = EDGE_CURVE ( 'NONE', #3892, #7311, #11059, .T. ) ;
#4342 = FACE_OUTER_BOUND ( 'NONE', #6129, .T. ) ;
#4343 = VERTEX_POINT ( 'NONE', #4178 ) ;
#4344 = CIRCLE ( 'NONE', #2173, 0.01181102362204724046 ) ;
#4345 = CARTESIAN_POINT ( 'NONE',  ( -0.1348425196850394081, 0.2362204724409157630, -0.05433070866142708510 ) ) ;
#4346 = CIRCLE ( 'NONE', #7768, 0.01181102362204723699 ) ;
#4347 = CARTESIAN_POINT ( 'NONE',  ( 0.08169291338582677919, 0.2303149606298921792, -0.05433070866142708510 ) ) ;
#4348 = ORIENTED_EDGE ( 'NONE', *, *, #902, .F. ) ;
#4349 = CARTESIAN_POINT ( 'NONE',  ( 0.08169291338582677919, 0.2598425196850102648, -0.05433070866142700878 ) ) ;
#4350 = ORIENTED_EDGE ( 'NONE', *, *, #5759, .F. ) ;
#4351 = DIRECTION ( 'NONE',  ( 0.000000000000000000, -1.000000000000000000, -1.108130403859429957E-13 ) ) ;
#4352 = ORIENTED_EDGE ( 'NONE', *, *, #2671, .F. ) ;
#4353 = VECTOR ( 'NONE', #820, 39.37007874015748143 ) ;
#4354 = EDGE_CURVE ( 'NONE', #8963, #2349, #6825, .T. ) ;
#4355 = CARTESIAN_POINT ( 'NONE',  ( -0.2909448818897638067, 0.2106299212598126414, 0.1051181102362499925 ) ) ;
#4356 = EDGE_CURVE ( 'NONE', #3056, #3517, #5183, .T. ) ;
#4357 = CARTESIAN_POINT ( 'NONE',  ( -0.1132526673547030321, 0.2834645669291035452, 0.2105515555276485373 ) ) ;
#4358 = FACE_OUTER_BOUND ( 'NONE', #2727, .T. ) ;
#4359 = AXIS2_PLACEMENT_3D ( 'NONE', #3806, #10689, #7244 ) ;
#4360 = CARTESIAN_POINT ( 'NONE',  ( 0.1780224714964566968, 0.2125984251968200955, 0.2463342029606594985 ) ) ;
#4361 = DIRECTION ( 'NONE',  ( -1.000000000000000000, 0.000000000000000000, 0.000000000000000000 ) ) ;
#4362 = ORIENTED_EDGE ( 'NONE', *, *, #8599, .T. ) ;
#4363 = FACE_OUTER_BOUND ( 'NONE', #5368, .T. ) ;
#4364 = ORIENTED_EDGE ( 'NONE', *, *, #3498, .T. ) ;
#4365 = ORIENTED_EDGE ( 'NONE', *, *, #1520, .T. ) ;
#4366 = CARTESIAN_POINT ( 'NONE',  ( -0.1781496062992126150, 0.2556349392492224815, -0.006742098347214430139 ) ) ;
#4367 = CIRCLE ( 'NONE', #4731, 0.02362204724409448092 ) ;
#4368 = DIRECTION ( 'NONE',  ( 0.000000000000000000, -5.782411586589358822E-15, 1.000000000000000000 ) ) ;
#4369 = EDGE_CURVE ( 'NONE', #123, #7203, #1616, .T. ) ;
#4370 = DIRECTION ( 'NONE',  ( -1.000000000000000000, 0.000000000000000000, 0.000000000000000000 ) ) ;
#4371 = DIRECTION ( 'NONE',  ( 0.000000000000000000, -5.782411586589358822E-15, 1.000000000000000000 ) ) ;
#4372 = ORIENTED_EDGE ( 'NONE', *, *, #5935, .F. ) ;
#4373 = DIRECTION ( 'NONE',  ( 0.000000000000000000, -3.491481338843134933E-15, 1.000000000000000000 ) ) ;
#4374 = DIRECTION ( 'NONE',  ( 0.000000000000000000, -3.491481338843134933E-15, 1.000000000000000000 ) ) ;
#4375 = ORIENTED_EDGE ( 'NONE', *, *, #46, .T. ) ;
#4376 = DIRECTION ( 'NONE',  ( 0.000000000000000000, -1.000000000000000000, -3.491481338843134933E-15 ) ) ;
#4377 = VECTOR ( 'NONE', #5190, 39.37007874015748143 ) ;
#4378 = VERTEX_POINT ( 'NONE', #2711 ) ;
#4379 = ORIENTED_EDGE ( 'NONE', *, *, #8119, .T. ) ;
#4380 = CARTESIAN_POINT ( 'NONE',  ( -0.1132526673547244178, 0.2834645669291035452, 0.2105515555275890016 ) ) ;
#4381 = ORIENTED_EDGE ( 'NONE', *, *, #5387, .T. ) ;
#4382 = EDGE_CURVE ( 'NONE', #696, #8963, #5971, .T. ) ;
#4383 = DIRECTION ( 'NONE',  ( 1.000000000000000000, 0.000000000000000000, 0.000000000000000000 ) ) ;
#4384 = DIRECTION ( 'NONE',  ( 0.7453559924998994779, -0.6666666666667007135, -2.891205793294680200E-15 ) ) ;
#4385 = DIRECTION ( 'NONE',  ( -0.9946726445552048768, -3.599161860913885058E-16, 0.1030840927280003844 ) ) ;
#4386 = ORIENTED_EDGE ( 'NONE', *, *, #304, .T. ) ;
#4387 = CARTESIAN_POINT ( 'NONE',  ( 0.1643700787405905361, 0.2224409448818610024, -0.2125984251968208727 ) ) ;
#4388 = LINE ( 'NONE', #10474, #1906 ) ;
#4389 = CARTESIAN_POINT ( 'NONE',  ( 0.1250000000000000000, 0.2605808468465059535, -0.009969026885245903247 ) ) ;
#4390 = EDGE_LOOP ( 'NONE', ( #10181, #2193, #9790, #8315 ) ) ;
#4391 = PLANE ( 'NONE',  #717 ) ;
#4392 = ORIENTED_EDGE ( 'NONE', *, *, #3359, .F. ) ;
#4393 = EDGE_CURVE ( 'NONE', #3110, #1272, #6140, .T. ) ;
#4394 = PLANE ( 'NONE',  #5717 ) ;
#4395 = DIRECTION ( 'NONE',  ( 0.000000000000000000, -3.491481338843134933E-15, 1.000000000000000000 ) ) ;
#4396 = EDGE_LOOP ( 'NONE', ( #1282, #7553, #3028, #2442 ) ) ;
#4397 = LINE ( 'NONE', #4345, #3169 ) ;
#4398 = DIRECTION ( 'NONE',  ( 0.000000000000000000, 5.782411586531547151E-15, -1.000000000000000000 ) ) ;
#4399 = ORIENTED_EDGE ( 'NONE', *, *, #10371, .F. ) ;
#4400 = VECTOR ( 'NONE', #7490, 39.37007874015748143 ) ;
#4401 = DIRECTION ( 'NONE',  ( 0.000000000000000000, 0.8919727971616544515, 0.4520890721125804257 ) ) ;
#4402 = ORIENTED_EDGE ( 'NONE', *, *, #276, .T. ) ;
#4403 = EDGE_CURVE ( 'NONE', #6689, #412, #6763, .T. ) ;
#4404 = PLANE ( 'NONE',  #1649 ) ;
#4405 = ORIENTED_EDGE ( 'NONE', *, *, #424, .T. ) ;
#4406 = EDGE_CURVE ( 'NONE', #3132, #4915, #7677, .T. ) ;
#4407 = DIRECTION ( 'NONE',  ( -1.000000000000000000, 0.000000000000000000, 0.000000000000000000 ) ) ;
#4408 = AXIS2_PLACEMENT_3D ( 'NONE', #2966, #10862, #4090 ) ;
#4409 = CARTESIAN_POINT ( 'NONE',  ( -0.1132526673547030321, 0.2775590551180799337, 0.2105515555276484818 ) ) ;
#4410 = CYLINDRICAL_SURFACE ( 'NONE', #8214, 0.005905511811023620231 ) ;
#4411 = CARTESIAN_POINT ( 'NONE',  ( 0.08169291338582677919, 0.2362204724409153467, 0.05986524456920295362 ) ) ;
#4412 = CARTESIAN_POINT ( 'NONE',  ( 0.03838582677165354451, 0.2362204724409153467, 0.05986524456920295362 ) ) ;
#4413 = ORIENTED_EDGE ( 'NONE', *, *, #410, .F. ) ;
#4414 = LINE ( 'NONE', #4305, #9174 ) ;
#4415 = ORIENTED_EDGE ( 'NONE', *, *, #7728, .T. ) ;
#4416 = VERTEX_POINT ( 'NONE', #7369 ) ;
#4417 = EDGE_CURVE ( 'NONE', #10638, #7710, #7047, .T. ) ;
#4418 = EDGE_CURVE ( 'NONE', #8653, #4057, #3782, .T. ) ;
#4419 = PLANE ( 'NONE',  #4337 ) ;
#4420 = AXIS2_PLACEMENT_3D ( 'NONE', #9611, #3685, #3801 ) ;
#4421 = EDGE_CURVE ( 'NONE', #505, #1981, #1076, .T. ) ;
#4422 = DIRECTION ( 'NONE',  ( -0.9999999999999399369, 0.000000000000000000, 3.466272061013219260E-07 ) ) ;
#4423 = CARTESIAN_POINT ( 'NONE',  ( -0.1958661417322834775, 0.2125984251968216499, -0.2125984251968208727 ) ) ;
#4424 = CARTESIAN_POINT ( 'NONE',  ( -0.1387795273246062999, 0.2106299212598137516, -0.2421259842517894112 ) ) ;
#4425 = VECTOR ( 'NONE', #1790, 39.37007874015748143 ) ;
#4426 = ORIENTED_EDGE ( 'NONE', *, *, #9318, .F. ) ;
#4427 = DIRECTION ( 'NONE',  ( 1.000000000000000000, 0.000000000000000000, 0.000000000000000000 ) ) ;
#4428 = CARTESIAN_POINT ( 'NONE',  ( -0.06988188976377952832, 0.2309529165521752303, 0.05719542721420283610 ) ) ;
#4429 = ORIENTED_EDGE ( 'NONE', *, *, #6735, .F. ) ;
#4430 = DATE_AND_TIME ( #11138, #8344 ) ;
#4431 = LINE ( 'NONE', #5209, #10663 ) ;
#4432 = EDGE_LOOP ( 'NONE', ( #1332, #10130, #6398, #10152, #10630, #2917, #1799 ) ) ;
#4433 = ORIENTED_EDGE ( 'NONE', *, *, #7278, .T. ) ;
#4434 = EDGE_CURVE ( 'NONE', #4329, #127, #4462, .T. ) ;
#4435 = CARTESIAN_POINT ( 'NONE',  ( 0.2259842519685039686, 0.2775590551180803778, 0.1444881889764076943 ) ) ;
#4436 = ORIENTED_EDGE ( 'NONE', *, *, #11038, .T. ) ;
#4437 = AXIS2_PLACEMENT_3D ( 'NONE', #4569, #1070, #4679 ) ;
#4438 = AXIS2_PLACEMENT_3D ( 'NONE', #7258, #6400, #8001 ) ;
#4439 = CARTESIAN_POINT ( 'NONE',  ( 0.1131889766129527547, 0.2165354330708373909, -0.2480314960629626253 ) ) ;
#4440 = CARTESIAN_POINT ( 'NONE',  ( -0.1466535430726771672, 0.2165354330708373909, -0.2421259842518799221 ) ) ;
#4441 = LINE ( 'NONE', #9742, #5124 ) ;
#4442 = ORIENTED_EDGE ( 'NONE', *, *, #6748, .T. ) ;
#4443 = LINE ( 'NONE', #9744, #4628 ) ;
#4444 = DIRECTION ( 'NONE',  ( 1.000000000000000000, 0.000000000000000000, 0.000000000000000000 ) ) ;
#4445 = CIRCLE ( 'NONE', #841, 0.005905511811023620231 ) ;
#4446 = DIRECTION ( 'NONE',  ( 0.000000000000000000, -0.5464265657704129309, -0.8375070198036269620 ) ) ;
#4447 = EDGE_CURVE ( 'NONE', #6164, #10662, #3083, .T. ) ;
#4448 = ORIENTED_EDGE ( 'NONE', *, *, #8883, .T. ) ;
#4449 = DIRECTION ( 'NONE',  ( 0.000000000000000000, 3.491481338843134933E-15, -1.000000000000000000 ) ) ;
#4450 = ORIENTED_EDGE ( 'NONE', *, *, #69, .F. ) ;
#4451 = VECTOR ( 'NONE', #10971, 39.37007874015748143 ) ;
#4452 = AXIS2_PLACEMENT_3D ( 'NONE', #1502, #4934, #870 ) ;
#4453 = LINE ( 'NONE', #3711, #9868 ) ;
#4454 = DIRECTION ( 'NONE',  ( 1.000000000000000000, 1.167211127926715850E-16, -2.267810357424494951E-13 ) ) ;
#4455 = DIRECTION ( 'NONE',  ( -1.000000000000000000, 0.000000000000000000, 0.000000000000000000 ) ) ;
#4456 = VERTEX_POINT ( 'NONE', #8227 ) ;
#4457 = DIRECTION ( 'NONE',  ( 0.000000000000000000, -3.491481338843134933E-15, 1.000000000000000000 ) ) ;
#4458 = CARTESIAN_POINT ( 'NONE',  ( 0.1196850393700787524, 0.2775590551180810994, -0.09763779527556082360 ) ) ;
#4459 = ORIENTED_EDGE ( 'NONE', *, *, #7100, .F. ) ;
#4460 = AXIS2_PLACEMENT_3D ( 'NONE', #3061, #5649, #9095 ) ;
#4461 = EDGE_CURVE ( 'NONE', #6540, #8102, #296, .T. ) ;
#4462 = LINE ( 'NONE', #3610, #4684 ) ;
#4463 = ORIENTED_EDGE ( 'NONE', *, *, #10078, .T. ) ;
#4464 = CARTESIAN_POINT ( 'NONE',  ( -0.1446850391357086818, 0.2106299212598137516, -0.2480314960629626253 ) ) ;
#4465 = ORIENTED_EDGE ( 'NONE', *, *, #10492, .T. ) ;
#4466 = CIRCLE ( 'NONE', #3018, 0.02460629921259841271 ) ;
#4467 = DIRECTION ( 'NONE',  ( 0.000000000000000000, 3.491481338843134933E-15, -1.000000000000000000 ) ) ;
#4468 = CARTESIAN_POINT ( 'NONE',  ( -0.1010685941644681729, 0.2775590551180799337, 0.2059339810058441467 ) ) ;
#4469 = CARTESIAN_POINT ( 'NONE',  ( 0.06988188999870079132, 0.2165354330708373909, -0.2421259842518799221 ) ) ;
#4470 = DIRECTION ( 'NONE',  ( 0.000000000000000000, 0.4520890721125805922, -0.8919727971616542295 ) ) ;
#4471 = CARTESIAN_POINT ( 'NONE',  ( -0.1781496062992126150, 0.2351129816986712584, -0.03819606597134834330 ) ) ;
#4472 = VERTEX_POINT ( 'NONE', #3930 ) ;
#4473 = EDGE_CURVE ( 'NONE', #9878, #3347, #239, .T. ) ;
#4474 = LINE ( 'NONE', #10387, #4128 ) ;
#4475 = ORIENTED_EDGE ( 'NONE', *, *, #10698, .F. ) ;
#4476 = VERTEX_POINT ( 'NONE', #4572 ) ;
#4477 = DIRECTION ( 'NONE',  ( 0.000000000000000000, -1.000000000000000000, -3.491481338843134933E-15 ) ) ;
#4478 = DIRECTION ( 'NONE',  ( 1.000000000000000000, 0.000000000000000000, 0.000000000000000000 ) ) ;
#4479 = ADVANCED_FACE ( 'NONE', ( #8864 ), #8807, .T. ) ;
#4480 = AXIS2_PLACEMENT_3D ( 'NONE', #10660, #10484, #9755 ) ;
#4481 = DIRECTION ( 'NONE',  ( 8.807769328979000426E-14, 4.292023080132155152E-12, 1.000000000000000000 ) ) ;
#4482 = CARTESIAN_POINT ( 'NONE',  ( 0.1780224714964173116, 0.2834645669291035452, 0.2463342029606598593 ) ) ;
#4483 = ORIENTED_EDGE ( 'NONE', *, *, #4356, .T. ) ;
#4484 = CARTESIAN_POINT ( 'NONE',  ( 0.1250000000000000000, 0.2440944881889468288, 0.0007874015747934192061 ) ) ;
#4485 = CARTESIAN_POINT ( 'NONE',  ( -0.1549896822522047191, 0.2125984251968200955, 0.2314365286929429277 ) ) ;
#4486 = ORIENTED_EDGE ( 'NONE', *, *, #8780, .F. ) ;
#4487 = DIRECTION ( 'NONE',  ( 0.000000000000000000, -5.782411586589358822E-15, 1.000000000000000000 ) ) ;
#4488 = ORIENTED_EDGE ( 'NONE', *, *, #459, .T. ) ;
#4489 = ORIENTED_EDGE ( 'NONE', *, *, #6139, .F. ) ;
#4490 = DIRECTION ( 'NONE',  ( 8.479143313404000620E-12, -1.000000000000000000, -4.479910716627845372E-12 ) ) ;
#4491 = ORIENTED_EDGE ( 'NONE', *, *, #2583, .F. ) ;
#4492 = CARTESIAN_POINT ( 'NONE',  ( -0.2909448818897638067, 0.2106299212598126414, 0.09921259842495080972 ) ) ;
#4493 = EDGE_CURVE ( 'NONE', #1772, #2515, #1395, .T. ) ;
#4494 = LINE ( 'NONE', #6968, #842 ) ;
#4495 = EDGE_CURVE ( 'NONE', #864, #8805, #3667, .T. ) ;
#4496 = FACE_OUTER_BOUND ( 'NONE', #443, .T. ) ;
#4497 = ORIENTED_EDGE ( 'NONE', *, *, #8300, .T. ) ;
#4498 = AXIS2_PLACEMENT_3D ( 'NONE', #8252, #10782, #3052 ) ;
#4499 = CARTESIAN_POINT ( 'NONE',  ( -0.04330708661417323468, 0.2125984251968204841, 0.07952755905514763413 ) ) ;
#4500 = DIRECTION ( 'NONE',  ( 1.000000000000000000, 0.000000000000000000, 0.000000000000000000 ) ) ;
#4501 = ORIENTED_EDGE ( 'NONE', *, *, #3558, .T. ) ;
#4502 = ORIENTED_EDGE ( 'NONE', *, *, #1241, .T. ) ;
#4503 = PLANE ( 'NONE',  #1081 ) ;
#4504 = AXIS2_PLACEMENT_3D ( 'NONE', #9410, #6915, #7780 ) ;
#4505 = VECTOR ( 'NONE', #327, 39.37007874015748143 ) ;
#4506 = CARTESIAN_POINT ( 'NONE',  ( -0.1348425196850394081, 0.2362204724409153467, 0.05986524456920295362 ) ) ;
#4507 = CARTESIAN_POINT ( 'NONE',  ( 0.03838582677165354451, 0.2556349392492224815, -0.006742098347214430139 ) ) ;
#4508 = CARTESIAN_POINT ( 'NONE',  ( 0.1549896822516141914, 0.2421259842519382366, 0.2314365286925492426 ) ) ;
#4509 = EDGE_CURVE ( 'NONE', #564, #6914, #4833, .T. ) ;
#4510 = EDGE_LOOP ( 'NONE', ( #1763, #1525, #7731, #8101 ) ) ;
#4511 = CARTESIAN_POINT ( 'NONE',  ( -0.06594488165523622325, 0.2125984251968570937, -0.2066929133859823353 ) ) ;
#4512 = DIRECTION ( 'NONE',  ( 1.000000000000000000, 0.000000000000000000, 0.000000000000000000 ) ) ;
#4513 = VECTOR ( 'NONE', #10990, 39.37007874015748143 ) ;
#4514 = CIRCLE ( 'NONE', #7217, 0.02952755905511810289 ) ;
#4515 = ORIENTED_EDGE ( 'NONE', *, *, #9232, .F. ) ;
#4516 = DIRECTION ( 'NONE',  ( 0.000000000000000000, -1.000000000000000000, -3.491481338843135327E-15 ) ) ;
#4517 = ORIENTED_EDGE ( 'NONE', *, *, #1058, .T. ) ;
#4518 = CARTESIAN_POINT ( 'NONE',  ( -0.2135826771653543399, 0.2165354330708373909, -0.2480314960629626253 ) ) ;
#4519 = VERTEX_POINT ( 'NONE', #1138 ) ;
#4520 = VECTOR ( 'NONE', #9689, 39.37007874015748143 ) ;
#4521 = AXIS2_PLACEMENT_3D ( 'NONE', #10939, #10995, #4056 ) ;
#4522 = CARTESIAN_POINT ( 'NONE',  ( 0.08169291338582677919, 0.2362204724409157630, -0.05433070866138771382 ) ) ;
#4523 = EDGE_CURVE ( 'NONE', #5156, #9173, #6514, .T. ) ;
#4524 = LINE ( 'NONE', #9768, #5483 ) ;
#4525 = CARTESIAN_POINT ( 'NONE',  ( 0.2712598425196850460, 0.2145669291338283546, 0.1051181102362499925 ) ) ;
#4526 = DIRECTION ( 'NONE',  ( 0.000000000000000000, 1.000000000000000000, 3.491481338843134933E-15 ) ) ;
#4527 = CARTESIAN_POINT ( 'NONE',  ( 0.2909448818897638067, 0.2106299212598126414, 0.08149606299215550465 ) ) ;
#4528 = ORIENTED_EDGE ( 'NONE', *, *, #6789, .F. ) ;
#4529 = CYLINDRICAL_SURFACE ( 'NONE', #1429, 0.005905511811023620231 ) ;
#4530 = AXIS2_PLACEMENT_3D ( 'NONE', #4192, #9217, #10058 ) ;
#4531 = ORIENTED_EDGE ( 'NONE', *, *, #7666, .F. ) ;
#4532 = EDGE_LOOP ( 'NONE', ( #874, #8579, #6653, #2565 ) ) ;
#4533 = DIRECTION ( 'NONE',  ( 0.000000000000000000, -5.782411586589358822E-15, 1.000000000000000000 ) ) ;
#4534 = DIRECTION ( 'NONE',  ( -1.000000000000000000, -0.000000000000000000, 0.000000000000000000 ) ) ;
#4535 = EDGE_CURVE ( 'NONE', #8015, #3041, #9966, .T. ) ;
#4536 = EDGE_CURVE ( 'NONE', #10046, #9576, #9064, .T. ) ;
#4537 = AXIS2_PLACEMENT_3D ( 'NONE', #10577, #2005, #5442 ) ;
#4538 = CARTESIAN_POINT ( 'NONE',  ( -0.1780224714965354393, 0.2421259842519382366, 0.2463342029606594985 ) ) ;
#4539 = CARTESIAN_POINT ( 'NONE',  ( -0.004921259842519684971, 0.2362204724409157630, -0.05433070866142708510 ) ) ;
#4540 = ORIENTED_EDGE ( 'NONE', *, *, #6347, .T. ) ;
#4541 = LINE ( 'NONE', #3575, #7330 ) ;
#4542 = DIRECTION ( 'NONE',  ( 2.775557561558000161E-13, 3.491481338843134933E-15, -1.000000000000000000 ) ) ;
#4543 = DIRECTION ( 'NONE',  ( 1.000000000000000000, 0.000000000000000000, 0.000000000000000000 ) ) ;
#4544 = ORIENTED_EDGE ( 'NONE', *, *, #9830, .F. ) ;
#4545 = DIRECTION ( 'NONE',  ( 0.000000000000000000, 1.000000000000000000, 3.491481338843135327E-15 ) ) ;
#4546 = VERTEX_POINT ( 'NONE', #2235 ) ;
#4547 = ORIENTED_EDGE ( 'NONE', *, *, #4941, .F. ) ;
#4548 = DIRECTION ( 'NONE',  ( -0.9113956592651699662, -1.436853605685039917E-15, 0.4115312287938865943 ) ) ;
#4549 = AXIS2_PLACEMENT_3D ( 'NONE', #1065, #5287, #4566 ) ;
#4550 = EDGE_CURVE ( 'NONE', #8255, #5849, #2298, .T. ) ;
#4551 = DIRECTION ( 'NONE',  ( 0.000000000000000000, -0.5464265657704129309, -0.8375070198036269620 ) ) ;
#4552 = LINE ( 'NONE', #1053, #4804 ) ;
#4553 = CARTESIAN_POINT ( 'NONE',  ( 0.01673228346456692717, 0.2362204724409157630, -0.07795275590552164235 ) ) ;
#4554 = ORIENTED_EDGE ( 'NONE', *, *, #10072, .F. ) ;
#4555 = VECTOR ( 'NONE', #3530, 39.37007874015748143 ) ;
#4556 = CARTESIAN_POINT ( 'NONE',  ( 0.1643700787405905361, 0.2165354330708373909, -0.2185039370078444843 ) ) ;
#4557 = DIRECTION ( 'NONE',  ( 0.000000000000000000, 1.000000000000000000, 3.491481338843135327E-15 ) ) ;
#4558 = FACE_OUTER_BOUND ( 'NONE', #4396, .T. ) ;
#4559 = ORIENTED_EDGE ( 'NONE', *, *, #5174, .T. ) ;
#4560 = ORIENTED_EDGE ( 'NONE', *, *, #2963, .F. ) ;
#4561 = EDGE_CURVE ( 'NONE', #4893, #4148, #5670, .T. ) ;
#4562 = ADVANCED_FACE ( 'NONE', ( #7430 ), #9644, .T. ) ;
#4563 = DIRECTION ( 'NONE',  ( -1.000000000000000000, 0.000000000000000000, 8.547271686717060176E-11 ) ) ;
#4564 = CARTESIAN_POINT ( 'NONE',  ( -0.07480314960629921850, 0.2421259842519393746, -0.07795275590548228495 ) ) ;
#4565 = EDGE_CURVE ( 'NONE', #1257, #2604, #3137, .T. ) ;
#4566 = DIRECTION ( 'NONE',  ( 0.000000000000000000, -3.469446951953613794E-15, 1.000000000000000000 ) ) ;
#4567 = DIRECTION ( 'NONE',  ( -1.000000000000000000, 0.000000000000000000, 0.000000000000000000 ) ) ;
#4568 = ORIENTED_EDGE ( 'NONE', *, *, #1440, .F. ) ;
#4569 = CARTESIAN_POINT ( 'NONE',  ( 0.2653543307086614345, 0.2165354330708362252, 0.1051181102362499925 ) ) ;
#4570 = CARTESIAN_POINT ( 'NONE',  ( -0.1525590548837795490, 0.2165354330708373909, -0.2185039370078444843 ) ) ;
#4571 = ORIENTED_EDGE ( 'NONE', *, *, #158, .F. ) ;
#4572 = CARTESIAN_POINT ( 'NONE',  ( -0.03149606299212598381, 0.2125984251968212890, -0.07795275590548228495 ) ) ;
#4573 = VERTEX_POINT ( 'NONE', #8504 ) ;
#4574 = EDGE_CURVE ( 'NONE', #6081, #1336, #3357, .T. ) ;
#4575 = CARTESIAN_POINT ( 'NONE',  ( -0.2712598425196850460, 0.2224409448818602253, 0.05787401574806102372 ) ) ;
#4576 = VERTEX_POINT ( 'NONE', #9340 ) ;
#4577 = FACE_OUTER_BOUND ( 'NONE', #1723, .T. ) ;
#4578 = CARTESIAN_POINT ( 'NONE',  ( 0.2055118110236220375, 0.2755905511810732289, -0.1082677165354033466 ) ) ;
#4579 = DIRECTION ( 'NONE',  ( 1.000000000000000000, 0.000000000000000000, 0.000000000000000000 ) ) ;
#4580 = PLANE ( 'NONE',  #1121 ) ;
#4581 = VERTEX_POINT ( 'NONE', #2406 ) ;
#4582 = CARTESIAN_POINT ( 'NONE',  ( 0.2259842519685039686, 0.3784118110235929477, -0.09763779527556043503 ) ) ;
#4583 = ORIENTED_EDGE ( 'NONE', *, *, #7441, .F. ) ;
#4584 = ORIENTED_EDGE ( 'NONE', *, *, #1570, .F. ) ;
#4585 = ADVANCED_FACE ( 'NONE', ( #5053 ), #2352, .T. ) ;
#4586 = DIRECTION ( 'NONE',  ( -1.000000000000000000, 0.000000000000000000, 0.000000000000000000 ) ) ;
#4587 = VECTOR ( 'NONE', #7277, 39.37007874015748143 ) ;
#4588 = CARTESIAN_POINT ( 'NONE',  ( -0.09153543307086613179, 0.2351129816986712584, -0.03819606597134834330 ) ) ;
#4589 = CARTESIAN_POINT ( 'NONE',  ( 0.000000000000000000, 0.2125984251968212890, -0.07795275590548228495 ) ) ;
#4590 = DIRECTION ( 'NONE',  ( 0.000000000000000000, 1.000000000000000000, 1.811271652788429994E-13 ) ) ;
#4591 = ORIENTED_EDGE ( 'NONE', *, *, #10958, .T. ) ;
#4592 = LINE ( 'NONE', #5321, #3004 ) ;
#4593 = DIRECTION ( 'NONE',  ( -1.000000000000000000, 0.000000000000000000, 0.000000000000000000 ) ) ;
#4594 = LINE ( 'NONE', #4485, #9032 ) ;
#4595 = ORIENTED_EDGE ( 'NONE', *, *, #1143, .F. ) ;
#4596 = VECTOR ( 'NONE', #650, 39.37007874015748143 ) ;
#4597 = CARTESIAN_POINT ( 'NONE',  ( -0.03149606299212598381, 0.2421259842519393746, -0.07795275590548228495 ) ) ;
#4598 = ORIENTED_EDGE ( 'NONE', *, *, #7538, .F. ) ;
#4599 = ORIENTED_EDGE ( 'NONE', *, *, #7080, .F. ) ;
#4600 = EDGE_CURVE ( 'NONE', #1611, #266, #9735, .T. ) ;
#4601 = DIRECTION ( 'NONE',  ( 0.000000000000000000, 1.000000000000000000, 3.491481338843135327E-15 ) ) ;
#4602 = ADVANCED_FACE ( 'NONE', ( #10979 ), #8555, .F. ) ;
#4603 = VECTOR ( 'NONE', #7348, 39.37007874015748143 ) ;
#4604 = LINE ( 'NONE', #4439, #9598 ) ;
#4605 = LINE ( 'NONE', #3760, #6963 ) ;
#4606 = DIRECTION ( 'NONE',  ( 0.000000000000000000, -3.491481338843135327E-15, 1.000000000000000000 ) ) ;
#4607 = ORIENTED_EDGE ( 'NONE', *, *, #3735, .F. ) ;
#4608 = CARTESIAN_POINT ( 'NONE',  ( 0.08169291338582677919, 0.2598425196850102648, -0.05433070866142700878 ) ) ;
#4609 = DIRECTION ( 'NONE',  ( 0.000000000000000000, 1.243350654382156023E-12, 1.000000000000000000 ) ) ;
#4610 = CARTESIAN_POINT ( 'NONE',  ( -0.2653543307086614345, 0.2716535433070562666, 0.2055118110236515971 ) ) ;
#4611 = VERTEX_POINT ( 'NONE', #10239 ) ;
#4612 = AXIS2_PLACEMENT_3D ( 'NONE', #7826, #3531, #10470 ) ;
#4613 = EDGE_CURVE ( 'NONE', #9335, #3138, #10924, .T. ) ;
#4614 = AXIS2_PLACEMENT_3D ( 'NONE', #106, #3535, #6973 ) ;
#4615 = ORIENTED_EDGE ( 'NONE', *, *, #1804, .T. ) ;
#4616 = DIRECTION ( 'NONE',  ( 1.000000000000000000, 0.000000000000000000, 0.000000000000000000 ) ) ;
#4617 = DIRECTION ( 'NONE',  ( 1.000000000000000000, 0.000000000000000000, 0.000000000000000000 ) ) ;
#4618 = LINE ( 'NONE', #7210, #10129 ) ;
#4619 = CIRCLE ( 'NONE', #6403, 0.005905511811082662411 ) ;
#4620 = DIRECTION ( 'NONE',  ( 0.000000000000000000, -3.491481338843134933E-15, 1.000000000000000000 ) ) ;
#4621 = VECTOR ( 'NONE', #277, 39.37007874015748143 ) ;
#4622 = ORIENTED_EDGE ( 'NONE', *, *, #9479, .T. ) ;
#4623 = LINE ( 'NONE', #5350, #114 ) ;
#4624 = ADVANCED_FACE ( 'NONE', ( #823 ), #3249, .T. ) ;
#4625 = EDGE_CURVE ( 'NONE', #9506, #1533, #3302, .T. ) ;
#4626 = ORIENTED_EDGE ( 'NONE', *, *, #677, .F. ) ;
#4627 = ORIENTED_EDGE ( 'NONE', *, *, #3315, .T. ) ;
#4628 = VECTOR ( 'NONE', #9570, 39.37007874015748143 ) ;
#4629 = CYLINDRICAL_SURFACE ( 'NONE', #925, 0.005905511811023620231 ) ;
#4630 = CIRCLE ( 'NONE', #2826, 0.005905511811023615026 ) ;
#4631 = ORIENTED_EDGE ( 'NONE', *, *, #10837, .F. ) ;
#4632 = DIRECTION ( 'NONE',  ( -1.000000000000000000, 0.000000000000000000, 0.000000000000000000 ) ) ;
#4633 = EDGE_CURVE ( 'NONE', #3739, #668, #5947, .T. ) ;
#4634 = CYLINDRICAL_SURFACE ( 'NONE', #3108, 0.005905511811023620231 ) ;
#4635 = EDGE_CURVE ( 'NONE', #5681, #4642, #8118, .T. ) ;
#4636 = AXIS2_PLACEMENT_3D ( 'NONE', #9333, #3407, #1609 ) ;
#4637 = EDGE_CURVE ( 'NONE', #7116, #7774, #5836, .T. ) ;
#4638 = CARTESIAN_POINT ( 'NONE',  ( -0.2618110236220472231, 0.2832259357926468768, 0.2055118110236519857 ) ) ;
#4639 = ORIENTED_EDGE ( 'NONE', *, *, #69, .T. ) ;
#4640 = PLANE ( 'NONE',  #4309 ) ;
#4641 = ORIENTED_EDGE ( 'NONE', *, *, #9879, .T. ) ;
#4642 = VERTEX_POINT ( 'NONE', #4041 ) ;
#4643 = LINE ( 'NONE', #8089, #2717 ) ;
#4644 = VECTOR ( 'NONE', #750, 39.37007874015748143 ) ;
#4645 = CARTESIAN_POINT ( 'NONE',  ( 0.2712598425196063312, 0.2834645669291035452, 0.2055118110236519857 ) ) ;
#4646 = CARTESIAN_POINT ( 'NONE',  ( 0.1781688684257272948, 0.1968503937007582694, -0.1086002537344127467 ) ) ;
#4647 = EDGE_CURVE ( 'NONE', #4231, #1752, #7598, .T. ) ;
#4648 = DIRECTION ( 'NONE',  ( 2.292522095644999603E-13, -3.491481338843134933E-15, 1.000000000000000000 ) ) ;
#4649 = ORIENTED_EDGE ( 'NONE', *, *, #10733, .T. ) ;
#4650 = FACE_OUTER_BOUND ( 'NONE', #5768, .T. ) ;
#4651 = LINE ( 'NONE', #206, #3788 ) ;
#4652 = FACE_OUTER_BOUND ( 'NONE', #9985, .T. ) ;
#4653 = VECTOR ( 'NONE', #10202, 39.37007874015748143 ) ;
#4654 = DIRECTION ( 'NONE',  ( 0.000000000000000000, -3.491481338843134933E-15, 1.000000000000000000 ) ) ;
#4655 = ORIENTED_EDGE ( 'NONE', *, *, #8615, .T. ) ;
#4656 = ORIENTED_EDGE ( 'NONE', *, *, #9681, .F. ) ;
#4657 = CYLINDRICAL_SURFACE ( 'NONE', #5045, 0.005905511811023620231 ) ;
#4658 = VECTOR ( 'NONE', #6490, 39.37007874015748143 ) ;
#4659 = DIRECTION ( 'NONE',  ( 0.000000000000000000, 0.8919727971616544515, 0.4520890721125807588 ) ) ;
#4660 = DIRECTION ( 'NONE',  ( -2.292522095616999964E-13, 3.491481338843134933E-15, -1.000000000000000000 ) ) ;
#4661 = EDGE_CURVE ( 'NONE', #3890, #7857, #9175, .T. ) ;
#4662 = PLANE ( 'NONE',  #5838 ) ;
#4663 = ORIENTED_EDGE ( 'NONE', *, *, #3205, .T. ) ;
#4664 = DIRECTION ( 'NONE',  ( 0.000000000000000000, -1.000000000000000000, -3.469446951953614978E-15 ) ) ;
#4665 = CARTESIAN_POINT ( 'NONE',  ( 0.04330708661417323468, 0.2421259842519393746, -0.07795275590548228495 ) ) ;
#4666 = CYLINDRICAL_SURFACE ( 'NONE', #10455, 0.01377952755905511792 ) ;
#4667 = VERTEX_POINT ( 'NONE', #11034 ) ;
#4668 = CIRCLE ( 'NONE', #3942, 0.01181102362204724046 ) ;
#4669 = ORIENTED_EDGE ( 'NONE', *, *, #789, .T. ) ;
#4670 = FACE_BOUND ( 'NONE', #936, .T. ) ;
#4671 = LINE ( 'NONE', #8120, #7529 ) ;
#4672 = DIRECTION ( 'NONE',  ( 1.000000000000000000, -3.140652248289554814E-27, 8.995185548751000714E-13 ) ) ;
#4673 = VECTOR ( 'NONE', #4749, 39.37007874015748143 ) ;
#4674 = DIRECTION ( 'NONE',  ( 1.000000000000000000, 0.000000000000000000, 0.000000000000000000 ) ) ;
#4675 = ADVANCED_FACE ( 'NONE', ( #6848 ), #10183, .F. ) ;
#4676 = PLANE ( 'NONE',  #5832 ) ;
#4677 = ADVANCED_FACE ( 'NONE', ( #2514 ), #3194, .T. ) ;
#4678 = ORIENTED_EDGE ( 'NONE', *, *, #3002, .F. ) ;
#4679 = DIRECTION ( 'NONE',  ( 0.000000000000000000, -3.491481338843134933E-15, 1.000000000000000000 ) ) ;
#4680 = CARTESIAN_POINT ( 'NONE',  ( 0.02066929157333464301, 0.2165354330708373909, -0.2421259842518799221 ) ) ;
#4681 = ORIENTED_EDGE ( 'NONE', *, *, #4823, .F. ) ;
#4682 = ORIENTED_EDGE ( 'NONE', *, *, #5172, .F. ) ;
#4683 = AXIS2_PLACEMENT_3D ( 'NONE', #6473, #4112, #6641 ) ;
#4684 = VECTOR ( 'NONE', #9703, 39.37007874015748143 ) ;
#4685 = DIRECTION ( 'NONE',  ( 0.000000000000000000, 1.000000000000000000, 3.491481338843135327E-15 ) ) ;
#4686 = ORIENTED_EDGE ( 'NONE', *, *, #8638, .T. ) ;
#4687 = EDGE_CURVE ( 'NONE', #8431, #6171, #5783, .T. ) ;
#4688 = CARTESIAN_POINT ( 'NONE',  ( 0.2057086614175983874, 0.2165354330708373909, -0.2480314960629921295 ) ) ;
#4689 = LINE ( 'NONE', #6372, #7279 ) ;
#4690 = VECTOR ( 'NONE', #7994, 39.37007874015748143 ) ;
#4691 = PLANE ( 'NONE',  #8873 ) ;
#4692 = ORIENTED_EDGE ( 'NONE', *, *, #10812, .T. ) ;
#4693 = FACE_OUTER_BOUND ( 'NONE', #11060, .T. ) ;
#4694 = VERTEX_POINT ( 'NONE', #658 ) ;
#4695 = ORIENTED_EDGE ( 'NONE', *, *, #4879, .F. ) ;
#4696 = CARTESIAN_POINT ( 'NONE',  ( -0.004921259842519684971, 0.2556349392492224815, -0.006742098347214430139 ) ) ;
#4697 = ORIENTED_EDGE ( 'NONE', *, *, #9079, .F. ) ;
#4698 = VECTOR ( 'NONE', #5903, 39.37007874015748854 ) ;
#4699 = ADVANCED_FACE ( 'NONE', ( #1511 ), #4944, .F. ) ;
#4700 = ADVANCED_FACE ( 'NONE', ( #6903 ), #10350, .F. ) ;
#4701 = DIRECTION ( 'NONE',  ( 0.000000000000000000, -1.000000000000000000, -3.491481338843134933E-15 ) ) ;
#4702 = EDGE_CURVE ( 'NONE', #9534, #2006, #5273, .T. ) ;
#4703 = DIRECTION ( 'NONE',  ( 0.5511953220330096936, 2.913209086373296422E-15, -0.8343762442501144738 ) ) ;
#4704 = DIRECTION ( 'NONE',  ( -1.000000000000000000, -0.000000000000000000, 0.000000000000000000 ) ) ;
#4705 = VECTOR ( 'NONE', #10073, 39.37007874015748143 ) ;
#4706 = LINE ( 'NONE', #8151, #1576 ) ;
#4707 = DIRECTION ( 'NONE',  ( -1.000000000000000000, 0.000000000000000000, 0.000000000000000000 ) ) ;
#4708 = VECTOR ( 'NONE', #10324, 39.37007874015748143 ) ;
#4709 = LINE ( 'NONE', #3173, #8506 ) ;
#4710 = ORIENTED_EDGE ( 'NONE', *, *, #5919, .F. ) ;
#4711 = CARTESIAN_POINT ( 'NONE',  ( -0.09153543307086613179, 0.2605808468465059535, -0.009969026885245903247 ) ) ;
#4712 = VERTEX_POINT ( 'NONE', #5159 ) ;
#4713 = ORIENTED_EDGE ( 'NONE', *, *, #3947, .T. ) ;
#4714 = DIRECTION ( 'NONE',  ( -2.805163508905999943E-13, 3.491481338843134933E-15, -1.000000000000000000 ) ) ;
#4715 = EDGE_CURVE ( 'NONE', #1188, #9030, #7822, .T. ) ;
#4716 = AXIS2_PLACEMENT_3D ( 'NONE', #6499, #7246, #9731 ) ;
#4717 = DIRECTION ( 'NONE',  ( -1.000000000000000000, 0.000000000000000000, 0.000000000000000000 ) ) ;
#4718 = LINE ( 'NONE', #4883, #7696 ) ;
#4719 = CARTESIAN_POINT ( 'NONE',  ( 0.1077448397119291496, 0.2834645669291035452, 0.2083734574937307349 ) ) ;
#4720 = EDGE_LOOP ( 'NONE', ( #10948, #1608, #1626, #726, #2058, #1410, #3473 ) ) ;
#4721 = CARTESIAN_POINT ( 'NONE',  ( -0.2135826771653543399, 0.2106299212598137516, -0.2480314960629626253 ) ) ;
#4722 = DIRECTION ( 'NONE',  ( 0.000000000000000000, 0.8919727971616544515, 0.4520890721125807588 ) ) ;
#4723 = CARTESIAN_POINT ( 'NONE',  ( -0.1131889763779527630, 0.2362204724409157630, -0.05433070866138771382 ) ) ;
#4724 = AXIS2_PLACEMENT_3D ( 'NONE', #1760, #2497, #10221 ) ;
#4725 = ORIENTED_EDGE ( 'NONE', *, *, #1927, .F. ) ;
#4726 = ORIENTED_EDGE ( 'NONE', *, *, #459, .F. ) ;
#4727 = DIRECTION ( 'NONE',  ( 0.000000000000000000, 1.000000000000000000, 3.491481338843135327E-15 ) ) ;
#4728 = EDGE_CURVE ( 'NONE', #2153, #815, #268, .T. ) ;
#4729 = CIRCLE ( 'NONE', #10491, 0.005905511811023620231 ) ;
#4730 = CARTESIAN_POINT ( 'NONE',  ( 0.2055118110236220375, 0.2755905511810720632, 0.2468503937008173499 ) ) ;
#4731 = AXIS2_PLACEMENT_3D ( 'NONE', #10819, #5675, #9123 ) ;
#4732 = LINE ( 'NONE', #447, #7616 ) ;
#4733 = PLANE ( 'NONE',  #10433 ) ;
#4734 = ORIENTED_EDGE ( 'NONE', *, *, #4186, .F. ) ;
#4735 = CARTESIAN_POINT ( 'NONE',  ( -0.03149606299212598381, 0.2125984251968204841, 0.07952755905514763413 ) ) ;
#4736 = VERTEX_POINT ( 'NONE', #1110 ) ;
#4737 = PRODUCT_DEFINITION_FORMATION_WITH_SPECIFIED_SOURCE ( 'ANY', '', #9216, .NOT_KNOWN. ) ;
#4738 = AXIS2_PLACEMENT_3D ( 'NONE', #157, #4659, #3698 ) ;
#4739 = VERTEX_POINT ( 'NONE', #6001 ) ;
#4740 = LINE ( 'NONE', #8186, #9931 ) ;
#4741 = EDGE_CURVE ( 'NONE', #4472, #6712, #8613, .T. ) ;
#4742 = ORIENTED_EDGE ( 'NONE', *, *, #4216, .F. ) ;
#4743 = EDGE_CURVE ( 'NONE', #11081, #2684, #2170, .T. ) ;
#4744 = CARTESIAN_POINT ( 'NONE',  ( -0.1958661417322834775, 0.2106299212598137516, -0.2132217023431897673 ) ) ;
#4745 = CARTESIAN_POINT ( 'NONE',  ( -0.02657480314960630058, 0.2598425196850102648, -0.05433070866142700878 ) ) ;
#4746 = EDGE_CURVE ( 'NONE', #6736, #1695, #3527, .T. ) ;
#4747 = DIRECTION ( 'NONE',  ( -1.000000000000000000, 0.000000000000000000, 0.000000000000000000 ) ) ;
#4748 = ORIENTED_EDGE ( 'NONE', *, *, #363, .T. ) ;
#4749 = DIRECTION ( 'NONE',  ( -1.000000000000000000, 0.000000000000000000, 0.000000000000000000 ) ) ;
#4750 = VERTEX_POINT ( 'NONE', #6226 ) ;
#4751 = VERTEX_POINT ( 'NONE', #43 ) ;
#4752 = FACE_OUTER_BOUND ( 'NONE', #2957, .T. ) ;
#4753 = ORIENTED_EDGE ( 'NONE', *, *, #3847, .F. ) ;
#4754 =( GEOMETRIC_REPRESENTATION_CONTEXT ( 3 ) GLOBAL_UNCERTAINTY_ASSIGNED_CONTEXT ( ( #3397 ) ) GLOBAL_UNIT_ASSIGNED_CONTEXT ( ( #1833, #1610, #6729 ) ) REPRESENTATION_CONTEXT ( 'NONE', 'WORKASPACE' ) );
#4755 = ADVANCED_FACE ( 'NONE', ( #10405 ), #2683, .F. ) ;
#4756 = LINE ( 'NONE', #10684, #10960 ) ;
#4757 = CARTESIAN_POINT ( 'NONE',  ( 0.06003937007874016185, 0.2598425196850102648, -0.05433070866142700878 ) ) ;
#4758 = CARTESIAN_POINT ( 'NONE',  ( -0.1564960629921260116, 0.2440944881889468288, 0.0007874015747934192061 ) ) ;
#4759 = EDGE_CURVE ( 'NONE', #259, #6664, #1839, .T. ) ;
#4760 = DIRECTION ( 'NONE',  ( -1.000000000000000000, 0.000000000000000000, 0.000000000000000000 ) ) ;
#4761 = DIRECTION ( 'NONE',  ( -1.000000000000000000, 0.000000000000000000, 0.000000000000000000 ) ) ;
#4762 = VERTEX_POINT ( 'NONE', #992 ) ;
#4763 = EDGE_CURVE ( 'NONE', #7482, #282, #1957, .T. ) ;
#4764 = DIRECTION ( 'NONE',  ( 3.305279139487000244E-09, 3.491481338843134933E-15, -1.000000000000000000 ) ) ;
#4765 = ORIENTED_EDGE ( 'NONE', *, *, #8399, .T. ) ;
#4766 = ORIENTED_EDGE ( 'NONE', *, *, #1820, .T. ) ;
#4767 = DIRECTION ( 'NONE',  ( 1.000000000000000000, -6.202116755891470023E-29, 1.776356839400000238E-14 ) ) ;
#4768 = CIRCLE ( 'NONE', #6556, 0.01968503937007876764 ) ;
#4769 = FACE_OUTER_BOUND ( 'NONE', #4095, .T. ) ;
#4770 = DIRECTION ( 'NONE',  ( -1.000000000000000000, 0.000000000000000000, 0.000000000000000000 ) ) ;
#4771 = DIRECTION ( 'NONE',  ( 0.000000000000000000, 1.000000000000000000, 3.491481338843134933E-15 ) ) ;
#4772 = AXIS2_PLACEMENT_3D ( 'NONE', #2803, #3588, #7025 ) ;
#4773 = ORIENTED_EDGE ( 'NONE', *, *, #7606, .F. ) ;
#4774 = CARTESIAN_POINT ( 'NONE',  ( 0.01181102362204724393, 0.2125984251968204841, 0.07952755905514763413 ) ) ;
#4775 = LINE ( 'NONE', #6678, #2638 ) ;
#4776 = EDGE_CURVE ( 'NONE', #6349, #10132, #1893, .T. ) ;
#4777 = LINE ( 'NONE', #10704, #10655 ) ;
#4778 = ORIENTED_EDGE ( 'NONE', *, *, #3847, .T. ) ;
#4779 = DIRECTION ( 'NONE',  ( 0.000000000000000000, -1.000000000000000000, -3.491481338843135327E-15 ) ) ;
#4780 = ORIENTED_EDGE ( 'NONE', *, *, #3238, .T. ) ;
#4781 = DIRECTION ( 'NONE',  ( 0.9989699831295302257, 0.000000000000000000, -0.04537590556877191955 ) ) ;
#4782 = LINE ( 'NONE', #2978, #10954 ) ;
#4783 = LINE ( 'NONE', #3994, #2385 ) ;
#4784 = CARTESIAN_POINT ( 'NONE',  ( 0.03838582677165354451, 0.2362204724409157630, -0.07795275590552164235 ) ) ;
#4785 = DIRECTION ( 'NONE',  ( 1.000000000000000000, -1.917072025437009702E-16, -2.265765192490090129E-13 ) ) ;
#4786 = VERTEX_POINT ( 'NONE', #4435 ) ;
#4787 = LINE ( 'NONE', #10769, #10196 ) ;
#4788 = FACE_OUTER_BOUND ( 'NONE', #3053, .T. ) ;
#4789 = AXIS2_PLACEMENT_3D ( 'NONE', #4089, #5826, #2613 ) ;
#4790 = EDGE_CURVE ( 'NONE', #7515, #6831, #7879, .T. ) ;
#4791 = AXIS2_PLACEMENT_3D ( 'NONE', #3592, #8732, #3425 ) ;
#4792 = ORIENTED_EDGE ( 'NONE', *, *, #11052, .T. ) ;
#4793 = VERTEX_POINT ( 'NONE', #10463 ) ;
#4794 = DIRECTION ( 'NONE',  ( 0.000000000000000000, -1.000000000000000000, -3.491481338843134933E-15 ) ) ;
#4795 = ORIENTED_EDGE ( 'NONE', *, *, #3569, .F. ) ;
#4796 = VECTOR ( 'NONE', #175, 39.37007874015748854 ) ;
#4797 = DIRECTION ( 'NONE',  ( 0.000000000000000000, 3.491481338843134933E-15, -1.000000000000000000 ) ) ;
#4798 = CARTESIAN_POINT ( 'NONE',  ( 0.2055118110236220375, 0.2421259842519393746, -0.1082677165354035409 ) ) ;
#4799 = EDGE_CURVE ( 'NONE', #5130, #8432, #9505, .T. ) ;
#4800 = CARTESIAN_POINT ( 'NONE',  ( -0.06594488165523622325, 0.2165354330708373909, -0.2185039370078444843 ) ) ;
#4801 = ORIENTED_EDGE ( 'NONE', *, *, #6891, .T. ) ;
#4802 = VECTOR ( 'NONE', #8054, 39.37007874015748143 ) ;
#4803 = ORIENTED_EDGE ( 'NONE', *, *, #3600, .F. ) ;
#4804 = VECTOR ( 'NONE', #5276, 39.37007874015748143 ) ;
#4805 = CARTESIAN_POINT ( 'NONE',  ( 0.2909448818897638067, 0.2106299212598126414, 0.09819937278396655145 ) ) ;
#4806 = ORIENTED_EDGE ( 'NONE', *, *, #2049, .F. ) ;
#4807 = CARTESIAN_POINT ( 'NONE',  ( -0.09547244071035433655, 0.2165354330708373909, -0.2185039370078444843 ) ) ;
#4808 = VERTEX_POINT ( 'NONE', #8838 ) ;
#4809 = VECTOR ( 'NONE', #7592, 39.37007874015748143 ) ;
#4810 = DIRECTION ( 'NONE',  ( 1.000000000000000000, 0.000000000000000000, 0.000000000000000000 ) ) ;
#4811 = AXIS2_PLACEMENT_3D ( 'NONE', #10011, #7420, #8998 ) ;
#4812 = EDGE_CURVE ( 'NONE', #9017, #5417, #3243, .T. ) ;
#4813 = LINE ( 'NONE', #8319, #1184 ) ;
#4814 = DIRECTION ( 'NONE',  ( -1.000000000000000000, -5.717047290798869232E-24, -2.338503678820000326E-13 ) ) ;
#4815 = CARTESIAN_POINT ( 'NONE',  ( -0.02657480314960630058, 0.2598425196850102648, -0.05433070866142700878 ) ) ;
#4816 = CARTESIAN_POINT ( 'NONE',  ( 0.9444047244094487814, 0.2224409448818610024, -0.2132217023437078807 ) ) ;
#4817 = ORIENTED_EDGE ( 'NONE', *, *, #3920, .T. ) ;
#4818 = LINE ( 'NONE', #8265, #3085 ) ;
#4819 = ORIENTED_EDGE ( 'NONE', *, *, #3459, .T. ) ;
#4820 = ORIENTED_EDGE ( 'NONE', *, *, #3040, .F. ) ;
#4821 = VECTOR ( 'NONE', #897, 39.37007874015748143 ) ;
#4822 = CARTESIAN_POINT ( 'NONE',  ( 0.2850393700787401952, 0.2165354330708362252, 0.09819937278396655145 ) ) ;
#4823 = EDGE_CURVE ( 'NONE', #10406, #6931, #2574, .T. ) ;
#4824 = DIRECTION ( 'NONE',  ( 0.000000000000000000, 1.000000000000000000, 3.491481338843134933E-15 ) ) ;
#4825 = AXIS2_PLACEMENT_3D ( 'NONE', #7956, #230, #3657 ) ;
#4826 = DIRECTION ( 'NONE',  ( 0.000000000000000000, -0.4520890721125805922, 0.8919727971616542295 ) ) ;
#4827 = DIRECTION ( 'NONE',  ( -1.000000000000000000, 0.000000000000000000, 0.000000000000000000 ) ) ;
#4828 = ORIENTED_EDGE ( 'NONE', *, *, #9507, .F. ) ;
#4829 = CARTESIAN_POINT ( 'NONE',  ( -0.1013779525214173333, 0.2106299212598137516, -0.2421259842518799221 ) ) ;
#4830 = CARTESIAN_POINT ( 'NONE',  ( -0.09547244071035433655, 0.2106299212598137516, -0.2132217023430362512 ) ) ;
#4831 = CARTESIAN_POINT ( 'NONE',  ( -0.9444047244094487814, 0.2224409448818610024, -0.2185039370078444843 ) ) ;
#4832 = VERTEX_POINT ( 'NONE', #3640 ) ;
#4833 = LINE ( 'NONE', #2182, #5750 ) ;
#4834 = ORIENTED_EDGE ( 'NONE', *, *, #8819, .T. ) ;
#4835 = VECTOR ( 'NONE', #4810, 39.37007874015748143 ) ;
#4836 = EDGE_CURVE ( 'NONE', #7635, #9474, #5402, .T. ) ;
#4837 = EDGE_CURVE ( 'NONE', #3370, #5652, #1082, .T. ) ;
#4838 = LINE ( 'NONE', #8285, #7345 ) ;
#4839 = CARTESIAN_POINT ( 'NONE',  ( -0.09995424143338582645, 0.2421259842519382366, 0.2055353207551476324 ) ) ;
#4840 = CARTESIAN_POINT ( 'NONE',  ( 0.000000000000000000, 0.2125984251968204841, 0.07952755905514763413 ) ) ;
#4841 = CARTESIAN_POINT ( 'NONE',  ( 0.06397637818759842332, 0.2106299212598137516, -0.2132217023432870229 ) ) ;
#4842 = ORIENTED_EDGE ( 'NONE', *, *, #3246, .T. ) ;
#4843 = CARTESIAN_POINT ( 'NONE',  ( -0.1549896822522440765, 0.2834645669291035452, 0.2314365286929433163 ) ) ;
#4844 = VECTOR ( 'NONE', #5637, 39.37007874015748143 ) ;
#4845 = CARTESIAN_POINT ( 'NONE',  ( -0.09153543307086613179, 0.2362204724409153467, 0.05986524456920295362 ) ) ;
#4846 = DIRECTION ( 'NONE',  ( 0.000000000000000000, 3.491481338843135327E-15, -1.000000000000000000 ) ) ;
#4847 = ORIENTED_EDGE ( 'NONE', *, *, #5835, .T. ) ;
#4848 = ORIENTED_EDGE ( 'NONE', *, *, #4304, .T. ) ;
#4849 = CARTESIAN_POINT ( 'NONE',  ( 0.1998031496067716462, 0.2224409448818610024, -0.2132217023434661851 ) ) ;
#4850 = ORIENTED_EDGE ( 'NONE', *, *, #7513, .F. ) ;
#4851 = AXIS2_PLACEMENT_3D ( 'NONE', #610, #4897, #2189 ) ;
#4852 = ADVANCED_FACE ( 'NONE', ( #7249 ), #1275, .F. ) ;
#4853 = CARTESIAN_POINT ( 'NONE',  ( -0.04330708661417323468, 0.2125984251968212890, -0.07795275590548228495 ) ) ;
#4854 = CARTESIAN_POINT ( 'NONE',  ( 0.2909448818897638067, 0.2106299212598126414, 0.09819937278396655145 ) ) ;
#4855 = VERTEX_POINT ( 'NONE', #534 ) ;
#4856 = FACE_OUTER_BOUND ( 'NONE', #1322, .T. ) ;
#4857 = VECTOR ( 'NONE', #713, 39.37007874015748143 ) ;
#4858 = ORIENTED_EDGE ( 'NONE', *, *, #1153, .F. ) ;
#4859 = ORIENTED_EDGE ( 'NONE', *, *, #3230, .F. ) ;
#4860 = DIRECTION ( 'NONE',  ( -1.000000000000000000, 0.000000000000000000, 4.543240783537824239E-11 ) ) ;
#4861 = EDGE_LOOP ( 'NONE', ( #6252, #7218, #6180, #10725 ) ) ;
#4862 = DIRECTION ( 'NONE',  ( -1.000000000000000000, 0.000000000000000000, 0.000000000000000000 ) ) ;
#4863 = ORIENTED_EDGE ( 'NONE', *, *, #7524, .F. ) ;
#4864 = EDGE_CURVE ( 'NONE', #112, #10520, #10091, .T. ) ;
#4865 = VECTOR ( 'NONE', #6737, 39.37007874015748143 ) ;
#4866 = CYLINDRICAL_SURFACE ( 'NONE', #6990, 0.005905511811082679759 ) ;
#4867 = FACE_OUTER_BOUND ( 'NONE', #7653, .T. ) ;
#4868 = CARTESIAN_POINT ( 'NONE',  ( -0.2214566929133858220, 0.1968503937007582694, -0.1094488188976082410 ) ) ;
#4869 = DIRECTION ( 'NONE',  ( 0.000000000000000000, 5.782411586531547151E-15, -1.000000000000000000 ) ) ;
#4870 = CARTESIAN_POINT ( 'NONE',  ( -0.1781496062992126150, 0.2362204724409157630, -0.07795275590552164235 ) ) ;
#4871 = ORIENTED_EDGE ( 'NONE', *, *, #7952, .F. ) ;
#4872 = CARTESIAN_POINT ( 'NONE',  ( 0.1860939424882283588, 0.2775590551180799337, 0.2480314960630220500 ) ) ;
#4873 = VECTOR ( 'NONE', #8577, 39.37007874015748143 ) ;
#4874 = EDGE_LOOP ( 'NONE', ( #4820, #8891, #1859, #5151 ) ) ;
#4875 = ORIENTED_EDGE ( 'NONE', *, *, #10397, .T. ) ;
#4876 = VECTOR ( 'NONE', #4862, 39.37007874015748143 ) ;
#4877 = CARTESIAN_POINT ( 'NONE',  ( -0.1010685941645275560, 0.2775590551180799337, 0.2059339810059354625 ) ) ;
#4878 = EDGE_CURVE ( 'NONE', #153, #6815, #8047, .T. ) ;
#4879 = EDGE_CURVE ( 'NONE', #9444, #9967, #1380, .T. ) ;
#4880 = FACE_OUTER_BOUND ( 'NONE', #2430, .T. ) ;
#4881 = VECTOR ( 'NONE', #10179, 39.37007874015748143 ) ;
#4882 = AXIS2_PLACEMENT_3D ( 'NONE', #4849, #10881, #10831 ) ;
#4883 = CARTESIAN_POINT ( 'NONE',  ( 0.2712598425196850460, 0.2224409448818598367, 0.1051181102362502007 ) ) ;
#4884 = LINE ( 'NONE', #3131, #6739 ) ;
#4885 = EDGE_LOOP ( 'NONE', ( #2626, #3889, #741, #946 ) ) ;
#4886 = DIRECTION ( 'NONE',  ( 0.000000000000000000, 1.000000000000000000, 3.491481338843135327E-15 ) ) ;
#4887 = CARTESIAN_POINT ( 'NONE',  ( 0.06397637818759842332, 0.2125984251968354444, -0.2125984251968208727 ) ) ;
#4888 = EDGE_LOOP ( 'NONE', ( #1352, #9364, #2740, #601 ) ) ;
#4889 = CARTESIAN_POINT ( 'NONE',  ( 0.1505905511814173148, 0.2165354330708373909, -0.2421259842520570860 ) ) ;
#4890 = ADVANCED_FACE ( 'NONE', ( #6393 ), #9104, .T. ) ;
#4891 = ORIENTED_EDGE ( 'NONE', *, *, #2605, .T. ) ;
#4892 = DIRECTION ( 'NONE',  ( 0.000000000000000000, 3.491481338843134933E-15, -1.000000000000000000 ) ) ;
#4893 = VERTEX_POINT ( 'NONE', #2010 ) ;
#4894 = VECTOR ( 'NONE', #5031, 39.37007874015748143 ) ;
#4895 = DIRECTION ( 'NONE',  ( 0.000000000000000000, 0.4520890721125805922, -0.8919727971616542295 ) ) ;
#4896 = CARTESIAN_POINT ( 'NONE',  ( 0.03444881913249606131, 0.2125984251968216499, -0.2125984251968208727 ) ) ;
#4897 = DIRECTION ( 'NONE',  ( 0.000000000000000000, -1.000000000000000000, -3.491481338843135327E-15 ) ) ;
#4898 = LINE ( 'NONE', #8289, #6732 ) ;
#4899 = ORIENTED_EDGE ( 'NONE', *, *, #5066, .T. ) ;
#4900 = VECTOR ( 'NONE', #8263, 39.37007874015748143 ) ;
#4901 = DIRECTION ( 'NONE',  ( 0.000000000000000000, 0.8375070198036268510, -0.5464265657704128198 ) ) ;
#4902 = DIRECTION ( 'NONE',  ( 1.000000000000000000, 0.000000000000000000, 0.000000000000000000 ) ) ;
#4903 = DIRECTION ( 'NONE',  ( -1.000000000000000000, 0.000000000000000000, 0.000000000000000000 ) ) ;
#4904 = ADVANCED_FACE ( 'NONE', ( #9843 ), #9897, .F. ) ;
#4905 = ADVANCED_FACE ( 'NONE', ( #3978 ), #2118, .F. ) ;
#4906 = ORIENTED_EDGE ( 'NONE', *, *, #2355, .F. ) ;
#4907 = FACE_OUTER_BOUND ( 'NONE', #8517, .T. ) ;
#4908 = ORIENTED_EDGE ( 'NONE', *, *, #1579, .T. ) ;
#4909 = ADVANCED_FACE ( 'NONE', ( #8893 ), #2225, .T. ) ;
#4910 = CIRCLE ( 'NONE', #5079, 0.02952755905511810289 ) ;
#4911 = CARTESIAN_POINT ( 'NONE',  ( -0.2850393700787008378, 0.2165354330708362252, 0.1051181102362499925 ) ) ;
#4912 = CARTESIAN_POINT ( 'NONE',  ( -0.1998031496062991907, 0.1909448818897350464, -0.2480314960630413401 ) ) ;
#4913 = PLANE ( 'NONE',  #11097 ) ;
#4914 = EDGE_CURVE ( 'NONE', #63, #719, #2060, .T. ) ;
#4915 = VERTEX_POINT ( 'NONE', #1328 ) ;
#4916 = AXIS2_PLACEMENT_3D ( 'NONE', #10063, #2964, #9899 ) ;
#4917 = ORIENTED_EDGE ( 'NONE', *, *, #3327, .F. ) ;
#4918 = ADVANCED_FACE ( 'NONE', ( #3814 ), #4657, .T. ) ;
#4919 = CARTESIAN_POINT ( 'NONE',  ( -0.06003936984413385525, 0.2165354330708373909, -0.2421259842518799221 ) ) ;
#4920 = ORIENTED_EDGE ( 'NONE', *, *, #8894, .F. ) ;
#4921 = CARTESIAN_POINT ( 'NONE',  ( 0.2771653543307086576, 0.2224409448818602253, 0.05787401574806102372 ) ) ;
#4922 = VERTEX_POINT ( 'NONE', #5554 ) ;
#4923 = LINE ( 'NONE', #1318, #4603 ) ;
#4924 = CARTESIAN_POINT ( 'NONE',  ( -0.09995424144992126614, 0.2125984251968200955, 0.2055353207614468714 ) ) ;
#4925 = DIRECTION ( 'NONE',  ( 1.000000000000000000, 0.000000000000000000, 0.000000000000000000 ) ) ;
#4926 = CARTESIAN_POINT ( 'NONE',  ( -0.1860939424883464588, 0.2775590551180799337, 0.2480314960630220500 ) ) ;
#4927 = EDGE_LOOP ( 'NONE', ( #7646, #4803, #6887, #9171 ) ) ;
#4928 = EDGE_CURVE ( 'NONE', #4964, #10254, #5496, .T. ) ;
#4929 = CARTESIAN_POINT ( 'NONE',  ( -0.04822834645669291098, 0.2598425196850102648, -0.05433070866142700878 ) ) ;
#4930 = ORIENTED_EDGE ( 'NONE', *, *, #2906, .T. ) ;
#4931 = ORIENTED_EDGE ( 'NONE', *, *, #6456, .T. ) ;
#4932 = CARTESIAN_POINT ( 'NONE',  ( 0.05511811023622047168, 0.2125984251968204841, 0.07952755905514763413 ) ) ;
#4933 = LINE ( 'NONE', #10802, #5270 ) ;
#4934 = DIRECTION ( 'NONE',  ( -1.000000000000000000, 0.000000000000000000, 0.000000000000000000 ) ) ;
#4935 = DIRECTION ( 'NONE',  ( -1.000000000000000000, 0.000000000000000000, 0.000000000000000000 ) ) ;
#4936 = VERTEX_POINT ( 'NONE', #8161 ) ;
#4937 = FACE_OUTER_BOUND ( 'NONE', #872, .T. ) ;
#4938 = DIRECTION ( 'NONE',  ( -1.000000000000000000, 0.000000000000000000, 0.000000000000000000 ) ) ;
#4939 = ORIENTED_EDGE ( 'NONE', *, *, #2713, .F. ) ;
#4940 = EDGE_CURVE ( 'NONE', #7076, #2230, #2709, .T. ) ;
#4941 = EDGE_CURVE ( 'NONE', #9149, #9450, #479, .T. ) ;
#4942 = DIRECTION ( 'NONE',  ( 0.000000000000000000, 1.000000000000000000, 3.491481338843134933E-15 ) ) ;
#4943 = ORIENTED_EDGE ( 'NONE', *, *, #8121, .F. ) ;
#4944 = CYLINDRICAL_SURFACE ( 'NONE', #5586, 0.01377952755905511792 ) ;
#4945 = ORIENTED_EDGE ( 'NONE', *, *, #1020, .T. ) ;
#4946 = VECTOR ( 'NONE', #6450, 39.37007874015748143 ) ;
#4947 = DIRECTION ( 'NONE',  ( 0.000000000000000000, 0.8919727971616544515, 0.4520890721125804257 ) ) ;
#4948 = FACE_OUTER_BOUND ( 'NONE', #3214, .T. ) ;
#4949 = CARTESIAN_POINT ( 'NONE',  ( 0.04330708661417323468, 0.2125984251968212890, -0.07795275590548228495 ) ) ;
#4950 = DIRECTION ( 'NONE',  ( 0.000000000000000000, 1.000000000000000000, 3.491481338843134933E-15 ) ) ;
#4951 = ORIENTED_EDGE ( 'NONE', *, *, #6521, .F. ) ;
#4952 = LINE ( 'NONE', #4843, #10376 ) ;
#4953 = FACE_OUTER_BOUND ( 'NONE', #9369, .T. ) ;
#4954 = EDGE_CURVE ( 'NONE', #9690, #1420, #7356, .T. ) ;
#4955 = FACE_OUTER_BOUND ( 'NONE', #6774, .T. ) ;
#4956 = EDGE_LOOP ( 'NONE', ( #7107, #1571, #2264, #7868, #7162, #1354 ) ) ;
#4957 = DIRECTION ( 'NONE',  ( -4.740802618644001001E-14, -3.491481338843134933E-15, 1.000000000000000000 ) ) ;
#4958 = VERTEX_POINT ( 'NONE', #1219 ) ;
#4959 = ADVANCED_FACE ( 'NONE', ( #700 ), #9162, .T. ) ;
#4960 = DIRECTION ( 'NONE',  ( 1.000000000000000000, 0.000000000000000000, 0.000000000000000000 ) ) ;
#4961 = VECTOR ( 'NONE', #4052, 39.37007874015748143 ) ;
#4962 = CARTESIAN_POINT ( 'NONE',  ( -0.05216535409606298801, 0.2224409448818610024, -0.2125984251968208727 ) ) ;
#4963 = CARTESIAN_POINT ( 'NONE',  ( 0.1072834648018897719, 0.2106299212598137516, -0.2132217023432185221 ) ) ;
#4964 = VERTEX_POINT ( 'NONE', #4137 ) ;
#4965 = FACE_OUTER_BOUND ( 'NONE', #8139, .T. ) ;
#4966 = ORIENTED_EDGE ( 'NONE', *, *, #2915, .T. ) ;
#4967 = AXIS2_PLACEMENT_3D ( 'NONE', #8070, #5575, #8802 ) ;
#4968 = DIRECTION ( 'NONE',  ( 0.000000000000000000, 3.491481338843135327E-15, -1.000000000000000000 ) ) ;
#4969 = VECTOR ( 'NONE', #8403, 39.37007874015748143 ) ;
#4970 = ORIENTED_EDGE ( 'NONE', *, *, #8535, .T. ) ;
#4971 = ADVANCED_FACE ( 'NONE', ( #8380 ), #2502, .F. ) ;
#4972 = CARTESIAN_POINT ( 'NONE',  ( 0.2618110236219685083, 0.2775590551180799337, 0.2480314960630220500 ) ) ;
#4973 = EDGE_CURVE ( 'NONE', #6155, #3125, #2448, .T. ) ;
#4974 = VECTOR ( 'NONE', #7610, 39.37007874015748143 ) ;
#4975 = CARTESIAN_POINT ( 'NONE',  ( 0.1584645669297244097, 0.2165354330708373909, -0.2480314960629921295 ) ) ;
#4976 = AXIS2_PLACEMENT_3D ( 'NONE', #7479, #10919, #3188 ) ;
#4977 = CARTESIAN_POINT ( 'NONE',  ( -0.1033464564584252038, 0.2165354330708373909, -0.2421259842518799221 ) ) ;
#4978 = CARTESIAN_POINT ( 'NONE',  ( -0.2712598425196850460, 0.2106299212598126414, 0.1051181102362499925 ) ) ;
#4979 = ORIENTED_EDGE ( 'NONE', *, *, #9163, .F. ) ;
#4980 = PLANE ( 'NONE',  #6860 ) ;
#4981 = ORIENTED_EDGE ( 'NONE', *, *, #4000, .F. ) ;
#4982 = VERTEX_POINT ( 'NONE', #7417 ) ;
#4983 = CARTESIAN_POINT ( 'NONE',  ( -0.1132526673544882040, 0.2775590551180799337, 0.2105515555275890016 ) ) ;
#4984 = VECTOR ( 'NONE', #3633, 39.37007874015748143 ) ;
#4985 = ADVANCED_FACE ( 'NONE', ( #3234 ), #2282, .T. ) ;
#4986 = DIRECTION ( 'NONE',  ( 0.000000000000000000, -3.491481338843134933E-15, 1.000000000000000000 ) ) ;
#4987 = DIRECTION ( 'NONE',  ( 0.000000000000000000, 1.000000000000000000, 3.491481338843134933E-15 ) ) ;
#4988 = ORIENTED_EDGE ( 'NONE', *, *, #10900, .F. ) ;
#4989 = CARTESIAN_POINT ( 'NONE',  ( -0.2618110236220472231, 0.2775590551180799337, 0.2480314960630220500 ) ) ;
#4990 = FACE_OUTER_BOUND ( 'NONE', #10400, .T. ) ;
#4991 = AXIS2_PLACEMENT_3D ( 'NONE', #7576, #4240, #4130 ) ;
#4992 = ORIENTED_EDGE ( 'NONE', *, *, #6535, .T. ) ;
#4993 = LINE ( 'NONE', #7481, #4881 ) ;
#4994 = ORIENTED_EDGE ( 'NONE', *, *, #3486, .T. ) ;
#4995 = CARTESIAN_POINT ( 'NONE',  ( -0.05807086590712598473, 0.2165354330708373909, -0.2421259842518799221 ) ) ;
#4996 = EDGE_LOOP ( 'NONE', ( #2982, #592, #9272, #8392, #5765, #6808, #10373, #78, #942, #9618, #5025, #5837 ) ) ;
#4997 = VECTOR ( 'NONE', #169, 39.37007874015748143 ) ;
#4998 = ADVANCED_FACE ( 'NONE', ( #5714 ), #7584, .T. ) ;
#4999 = LINE ( 'NONE', #8769, #681 ) ;
#5000 = CARTESIAN_POINT ( 'NONE',  ( 0.09842519685039370636, 0.2125984251968204841, 0.07952755905514763413 ) ) ;
#5001 = DIRECTION ( 'NONE',  ( 0.000000000000000000, -1.000000000000000000, -1.063721482874430007E-13 ) ) ;
#5002 = DIRECTION ( 'NONE',  ( -0.8681403641336332688, 1.732887676818215392E-15, -0.4963187566090191405 ) ) ;
#5003 = ORIENTED_EDGE ( 'NONE', *, *, #1454, .T. ) ;
#5004 = CARTESIAN_POINT ( 'NONE',  ( 0.1033464566929133965, 0.1909448818897350464, -0.2480314960630413401 ) ) ;
#5005 = CARTESIAN_POINT ( 'NONE',  ( -0.1781496062992126150, 0.2362204724409157630, -0.05433070866142708510 ) ) ;
#5006 = DIRECTION ( 'NONE',  ( 0.000000000000000000, -0.8375070198036269620, 0.5464265657704129309 ) ) ;
#5007 = AXIS2_PLACEMENT_3D ( 'NONE', #7983, #256, #3683 ) ;
#5008 = ORIENTED_EDGE ( 'NONE', *, *, #4473, .F. ) ;
#5009 = DIRECTION ( 'NONE',  ( -1.000000000000000000, 0.000000000000000000, 0.000000000000000000 ) ) ;
#5010 = ORIENTED_EDGE ( 'NONE', *, *, #8460, .T. ) ;
#5011 = ADVANCED_FACE ( 'NONE', ( #1438 ), #1659, .F. ) ;
#5012 = CARTESIAN_POINT ( 'NONE',  ( 0.2259842519685039686, 0.2775590551180803778, 0.1385826771653840550 ) ) ;
#5013 = EDGE_CURVE ( 'NONE', #1239, #11081, #9035, .T. ) ;
#5014 = VECTOR ( 'NONE', #6016, 39.37007874015748143 ) ;
#5015 = DIRECTION ( 'NONE',  ( 0.3436952828387125902, 3.287735861771363112E-15, -0.9390812278788334133 ) ) ;
#5016 = PLANE ( 'NONE',  #3318 ) ;
#5017 = DIRECTION ( 'NONE',  ( 0.000000000000000000, -1.000000000000000000, -3.491481338843134933E-15 ) ) ;
#5018 = VERTEX_POINT ( 'NONE', #9327 ) ;
#5019 = VERTEX_POINT ( 'NONE', #645 ) ;
#5020 = CARTESIAN_POINT ( 'NONE',  ( 0.1072834648018897719, 0.2106299212598137516, -0.2132217023432378122 ) ) ;
#5021 = ORIENTED_EDGE ( 'NONE', *, *, #10205, .T. ) ;
#5022 = ADVANCED_FACE ( 'NONE', ( #1550 ), #10965, .F. ) ;
#5023 = VECTOR ( 'NONE', #1877, 39.37007874015748143 ) ;
#5024 = DIRECTION ( 'NONE',  ( 1.000000000000000000, 0.000000000000000000, 0.000000000000000000 ) ) ;
#5025 = ORIENTED_EDGE ( 'NONE', *, *, #7619, .F. ) ;
#5026 = FACE_OUTER_BOUND ( 'NONE', #2654, .T. ) ;
#5027 = PLANE ( 'NONE',  #6211 ) ;
#5028 = DIRECTION ( 'NONE',  ( 0.000000000000000000, -3.491481338843134933E-15, 1.000000000000000000 ) ) ;
#5029 = DIRECTION ( 'NONE',  ( 0.000000000000000000, 3.491481338843134933E-15, -1.000000000000000000 ) ) ;
#5030 = ORIENTED_EDGE ( 'NONE', *, *, #2632, .F. ) ;
#5031 = DIRECTION ( 'NONE',  ( 6.923629077466999507E-10, -1.000000000000000000, 2.526299782181609875E-10 ) ) ;
#5032 = VERTEX_POINT ( 'NONE', #7470 ) ;
#5033 = VERTEX_POINT ( 'NONE', #10910 ) ;
#5034 = EDGE_CURVE ( 'NONE', #3825, #9690, #6555, .T. ) ;
#5035 = EDGE_CURVE ( 'NONE', #5112, #9506, #10119, .T. ) ;
#5036 = DIRECTION ( 'NONE',  ( 0.000000000000000000, -3.491481338843134933E-15, 1.000000000000000000 ) ) ;
#5037 = VECTOR ( 'NONE', #261, 39.37007874015748143 ) ;
#5038 = VECTOR ( 'NONE', #10322, 39.37007874015748143 ) ;
#5039 = ADVANCED_FACE ( 'NONE', ( #5825 ), #11072, .F. ) ;
#5040 = DIRECTION ( 'NONE',  ( -0.8757303101584911209, -1.685689301587470467E-15, 0.4828006046699951370 ) ) ;
#5041 = CARTESIAN_POINT ( 'NONE',  ( 0.2618110236219685083, 0.2834645669291035452, 0.2055118110236519857 ) ) ;
#5042 = VERTEX_POINT ( 'NONE', #10061 ) ;
#5043 = VECTOR ( 'NONE', #2934, 39.37007874015748143 ) ;
#5044 = CARTESIAN_POINT ( 'NONE',  ( 0.1505905511814173148, 0.2165354330708373909, -0.2125984251968208727 ) ) ;
#5045 = AXIS2_PLACEMENT_3D ( 'NONE', #4822, #10583, #432 ) ;
#5046 = LINE ( 'NONE', #2619, #8159 ) ;
#5047 = ORIENTED_EDGE ( 'NONE', *, *, #4250, .F. ) ;
#5048 = APPLICATION_PROTOCOL_DEFINITION ( 'international standard', 'config_control_design', 1994, #7623 ) ;
#5049 = CARTESIAN_POINT ( 'NONE',  ( 0.03838582677165354451, 0.2605808468465059535, -0.009969026885245903247 ) ) ;
#5050 = EDGE_LOOP ( 'NONE', ( #3114, #6105, #4028, #1761 ) ) ;
#5051 = ORIENTED_EDGE ( 'NONE', *, *, #2216, .F. ) ;
#5052 = ADVANCED_FACE ( 'NONE', ( #3342 ), #2338, .F. ) ;
#5053 = FACE_OUTER_BOUND ( 'NONE', #878, .T. ) ;
#5054 = ORIENTED_EDGE ( 'NONE', *, *, #8421, .F. ) ;
#5055 = VECTOR ( 'NONE', #9006, 39.37007874015748854 ) ;
#5056 = VECTOR ( 'NONE', #8145, 39.37007874015748143 ) ;
#5057 = CARTESIAN_POINT ( 'NONE',  ( -0.1781496062992126150, 0.2351129816986712584, -0.03819606597134834330 ) ) ;
#5058 = CARTESIAN_POINT ( 'NONE',  ( -0.03149606299212598381, 0.2421259842519385974, 0.07952755905514784229 ) ) ;
#5059 = EDGE_LOOP ( 'NONE', ( #9284, #10364, #6742, #8709 ) ) ;
#5060 = CARTESIAN_POINT ( 'NONE',  ( 0.2909448818897638067, 0.2106299212598126414, 0.06479275320034448560 ) ) ;
#5061 = VERTEX_POINT ( 'NONE', #4932 ) ;
#5062 = CARTESIAN_POINT ( 'NONE',  ( -0.09547244071035433655, 0.2106299212598137516, -0.2132217023430362512 ) ) ;
#5063 = DIRECTION ( 'NONE',  ( 0.000000000000000000, 3.491481338843134933E-15, -1.000000000000000000 ) ) ;
#5064 = CARTESIAN_POINT ( 'NONE',  ( 0.2594488188976378784, 0.2775590551180814880, -0.2125984251968204841 ) ) ;
#5065 = AXIS2_PLACEMENT_3D ( 'NONE', #372, #4545, #6390 ) ;
#5066 = EDGE_CURVE ( 'NONE', #3655, #11033, #2393, .T. ) ;
#5067 = EDGE_LOOP ( 'NONE', ( #6056, #5334, #6474, #3794 ) ) ;
#5068 = LINE ( 'NONE', #8735, #8834 ) ;
#5069 = VERTEX_POINT ( 'NONE', #3458 ) ;
#5070 = DIRECTION ( 'NONE',  ( -1.000000000000000000, 0.000000000000000000, 0.000000000000000000 ) ) ;
#5071 = VECTOR ( 'NONE', #6322, 39.37007874015748143 ) ;
#5072 = CARTESIAN_POINT ( 'NONE',  ( 0.2318897637795275801, 0.2834645669291039338, 0.1385826771653842493 ) ) ;
#5073 = DIRECTION ( 'NONE',  ( 0.000000000000000000, -1.000000000000000000, -3.491481338843135327E-15 ) ) ;
#5074 = ORIENTED_EDGE ( 'NONE', *, *, #214, .T. ) ;
#5075 = VERTEX_POINT ( 'NONE', #868 ) ;
#5076 = EDGE_CURVE ( 'NONE', #5678, #2042, #6833, .T. ) ;
#5077 = ADVANCED_FACE ( 'NONE', ( #4308 ), #4419, .F. ) ;
#5078 = LINE ( 'NONE', #8580, #5038 ) ;
#5079 = AXIS2_PLACEMENT_3D ( 'NONE', #2813, #10710, #1972 ) ;
#5080 = ORIENTED_EDGE ( 'NONE', *, *, #5185, .F. ) ;
#5081 = CARTESIAN_POINT ( 'NONE',  ( -0.04822834645669291098, 0.2563854519293799483, 0.007016975403139922435 ) ) ;
#5082 = ORIENTED_EDGE ( 'NONE', *, *, #699, .F. ) ;
#5083 = CARTESIAN_POINT ( 'NONE',  ( 0.08169291338582677919, 0.2605808468465059535, -0.009969026885245903247 ) ) ;
#5084 = VECTOR ( 'NONE', #9165, 39.37007874015748143 ) ;
#5085 = ADVANCED_FACE ( 'NONE', ( #1709 ), #5200, .F. ) ;
#5086 = CARTESIAN_POINT ( 'NONE',  ( -0.02263779504094094730, 0.2106299212598137516, -0.2132217023432894099 ) ) ;
#5087 = LINE ( 'NONE', #6031, #4094 ) ;
#5088 = CYLINDRICAL_SURFACE ( 'NONE', #6867, 0.01968503937007873988 ) ;
#5089 = VERTEX_POINT ( 'NONE', #5989 ) ;
#5090 = CARTESIAN_POINT ( 'NONE',  ( -0.1092519682694882005, 0.2165354330708373909, -0.2185039370078444843 ) ) ;
#5091 = ORIENTED_EDGE ( 'NONE', *, *, #8780, .T. ) ;
#5092 = ORIENTED_EDGE ( 'NONE', *, *, #7459, .T. ) ;
#5093 = CARTESIAN_POINT ( 'NONE',  ( -0.09995424143519686389, 0.2775590551180799337, 0.2055353207559354189 ) ) ;
#5094 = EDGE_CURVE ( 'NONE', #5369, #895, #6890, .T. ) ;
#5095 = DIRECTION ( 'NONE',  ( 2.757053844505999911E-13, 3.491481338843134933E-15, -1.000000000000000000 ) ) ;
#5096 = ADVANCED_FACE ( 'NONE', ( #926 ), #8823, .T. ) ;
#5097 = DIRECTION ( 'NONE',  ( 0.000000000000000000, -3.491481338843134933E-15, 1.000000000000000000 ) ) ;
#5098 = ORIENTED_EDGE ( 'NONE', *, *, #6058, .F. ) ;
#5099 = CARTESIAN_POINT ( 'NONE',  ( 0.02066929157333464301, 0.2165354330708373909, -0.2185039370078444843 ) ) ;
#5100 = ORIENTED_EDGE ( 'NONE', *, *, #9532, .T. ) ;
#5101 = CARTESIAN_POINT ( 'NONE',  ( -0.07480314960629921850, 0.2125984251968204841, 0.07952755905514763413 ) ) ;
#5102 = ORIENTED_EDGE ( 'NONE', *, *, #8313, .F. ) ;
#5103 = ORIENTED_EDGE ( 'NONE', *, *, #943, .T. ) ;
#5104 = DIRECTION ( 'NONE',  ( 0.000000000000000000, -1.000000000000000000, -3.469446951953614978E-15 ) ) ;
#5105 = ORIENTED_EDGE ( 'NONE', *, *, #1291, .F. ) ;
#5106 = CC_DESIGN_PERSON_AND_ORGANIZATION_ASSIGNMENT ( #6898, #5208, ( #4737 ) ) ;
#5107 = CARTESIAN_POINT ( 'NONE',  ( -0.2771653543307086576, 0.2224409448818574775, 0.8485086614173524833 ) ) ;
#5108 = EDGE_CURVE ( 'NONE', #8593, #6155, #5941, .T. ) ;
#5109 = CYLINDRICAL_SURFACE ( 'NONE', #10571, 0.01181102362204724046 ) ;
#5110 = EDGE_CURVE ( 'NONE', #9878, #5519, #4248, .T. ) ;
#5111 = DIRECTION ( 'NONE',  ( -1.000000000000000000, 5.796082178130169357E-24, 2.267036117151999978E-13 ) ) ;
#5112 = VERTEX_POINT ( 'NONE', #30 ) ;
#5113 = CARTESIAN_POINT ( 'NONE',  ( 0.1968503937007874127, 0.1968503937007582694, -0.1094488188976082688 ) ) ;
#5114 = DIRECTION ( 'NONE',  ( 0.000000000000000000, -1.000000000000000000, -3.491481338843135327E-15 ) ) ;
#5115 = CARTESIAN_POINT ( 'NONE',  ( 0.1299212598425196763, 0.2125984251968204841, 0.07952755905514763413 ) ) ;
#5116 = VERTEX_POINT ( 'NONE', #8655 ) ;
#5117 = FACE_OUTER_BOUND ( 'NONE', #8993, .T. ) ;
#5118 = EDGE_LOOP ( 'NONE', ( #1339, #6224, #5834, #10551 ) ) ;
#5119 = VECTOR ( 'NONE', #10485, 39.37007874015748143 ) ;
#5120 = CARTESIAN_POINT ( 'NONE',  ( 0.2594488188976378784, 0.2716535433070562666, 0.2055118110236515971 ) ) ;
#5121 = LINE ( 'NONE', #1581, #2865 ) ;
#5122 = EDGE_CURVE ( 'NONE', #2288, #4751, #8597, .T. ) ;
#5123 = CARTESIAN_POINT ( 'NONE',  ( 0.2653543307086614345, 0.2145669291338295481, -0.2125984251968208727 ) ) ;
#5124 = VECTOR ( 'NONE', #3819, 39.37007874015748143 ) ;
#5125 = CARTESIAN_POINT ( 'NONE',  ( -0.2135826771653543399, 0.2165354330708373909, -0.2480314960629626253 ) ) ;
#5126 = ORIENTED_EDGE ( 'NONE', *, *, #5237, .T. ) ;
#5127 = FACE_OUTER_BOUND ( 'NONE', #5059, .T. ) ;
#5128 = ORIENTED_EDGE ( 'NONE', *, *, #5342, .T. ) ;
#5129 = CARTESIAN_POINT ( 'NONE',  ( -0.04822834645669291098, 0.2362204724409157630, -0.07795275590552164235 ) ) ;
#5130 = VERTEX_POINT ( 'NONE', #10337 ) ;
#5131 = VECTOR ( 'NONE', #34, 39.37007874015748143 ) ;
#5132 = CARTESIAN_POINT ( 'NONE',  ( -0.2618110236220472231, 0.2834645669291035452, 0.2055118110236519857 ) ) ;
#5133 = EDGE_CURVE ( 'NONE', #7934, #10520, #1826, .T. ) ;
#5134 = PLANE ( 'NONE',  #594 ) ;
#5135 = CARTESIAN_POINT ( 'NONE',  ( 0.1132526673555512009, 0.2125984251968200955, 0.2105515555279822981 ) ) ;
#5136 = DIRECTION ( 'NONE',  ( -1.000000000000000000, 0.000000000000000000, 0.000000000000000000 ) ) ;
#5137 = DIRECTION ( 'NONE',  ( 0.000000000000000000, 0.8919727971616542295, 0.4520890721125805922 ) ) ;
#5138 = ORIENTED_EDGE ( 'NONE', *, *, #1360, .F. ) ;
#5139 = VECTOR ( 'NONE', #10803, 39.37007874015748143 ) ;
#5140 = VECTOR ( 'NONE', #3260, 39.37007874015748143 ) ;
#5141 = LINE ( 'NONE', #863, #525 ) ;
#5142 = VERTEX_POINT ( 'NONE', #4366 ) ;
#5143 = ORIENTED_EDGE ( 'NONE', *, *, #9492, .F. ) ;
#5144 = DIRECTION ( 'NONE',  ( -1.000000000000000000, -0.000000000000000000, 0.000000000000000000 ) ) ;
#5145 = VECTOR ( 'NONE', #5179, 39.37007874015748143 ) ;
#5146 = ADVANCED_FACE ( 'NONE', ( #7694 ), #6946, .T. ) ;
#5147 = VECTOR ( 'NONE', #3244, 39.37007874015748143 ) ;
#5148 = ADVANCED_FACE ( 'NONE', ( #11130 ), #6039, .F. ) ;
#5149 = DIRECTION ( 'NONE',  ( 0.000000000000000000, 3.491481338843134933E-15, -1.000000000000000000 ) ) ;
#5150 = LINE ( 'NONE', #6783, #641 ) ;
#5151 = ORIENTED_EDGE ( 'NONE', *, *, #8080, .T. ) ;
#5152 = PLANE ( 'NONE',  #664 ) ;
#5153 = ORIENTED_EDGE ( 'NONE', *, *, #7881, .T. ) ;
#5154 = CALENDAR_DATE ( 2024, 1, 8 ) ;
#5155 = CARTESIAN_POINT ( 'NONE',  ( 0.000000000000000000, 0.2490157480314665328, 0.05787401574806117638 ) ) ;
#5156 = VERTEX_POINT ( 'NONE', #1766 ) ;
#5157 = ORIENTED_EDGE ( 'NONE', *, *, #10613, .F. ) ;
#5158 = AXIS2_PLACEMENT_3D ( 'NONE', #5113, #9405, #2472 ) ;
#5159 = CARTESIAN_POINT ( 'NONE',  ( -0.08661417322834646937, 0.2421259842519385974, 0.07952755905514784229 ) ) ;
#5160 = VECTOR ( 'NONE', #10588, 39.37007874015748143 ) ;
#5161 = ORIENTED_EDGE ( 'NONE', *, *, #10168, .F. ) ;
#5162 = EDGE_CURVE ( 'NONE', #2651, #2420, #140, .T. ) ;
#5163 = LINE ( 'NONE', #6688, #6518 ) ;
#5164 = VECTOR ( 'NONE', #147, 39.37007874015748143 ) ;
#5165 = ORIENTED_EDGE ( 'NONE', *, *, #9016, .F. ) ;
#5166 = CARTESIAN_POINT ( 'NONE',  ( 0.9444047244094487814, 0.2224409448818610024, -0.2132217023428440994 ) ) ;
#5167 = ORIENTED_EDGE ( 'NONE', *, *, #5695, .F. ) ;
#5168 = CARTESIAN_POINT ( 'NONE',  ( 0.09842519685039370636, 0.2125984251968204841, 0.07952755905514763413 ) ) ;
#5169 = CARTESIAN_POINT ( 'NONE',  ( -0.2909448818897243938, 0.2165354330708362252, 0.08149606299215550465 ) ) ;
#5170 = DIRECTION ( 'NONE',  ( -0.4828006046698760101, 3.057596035777912058E-15, -0.8757303101585568461 ) ) ;
#5171 = VERTEX_POINT ( 'NONE', #9607 ) ;
#5172 = EDGE_CURVE ( 'NONE', #5299, #8337, #1880, .T. ) ;
#5173 = VECTOR ( 'NONE', #5070, 39.37007874015748143 ) ;
#5174 = EDGE_CURVE ( 'NONE', #4739, #10504, #4514, .T. ) ;
#5175 = CARTESIAN_POINT ( 'NONE',  ( -0.02657480314960630058, 0.2303149606298921792, -0.07795275590552164235 ) ) ;
#5176 = ORIENTED_EDGE ( 'NONE', *, *, #9507, .T. ) ;
#5177 = DIRECTION ( 'NONE',  ( -1.000000000000000000, 0.000000000000000000, 0.000000000000000000 ) ) ;
#5178 = CARTESIAN_POINT ( 'NONE',  ( 0.1196850393700787524, 0.2834645669291039338, 0.1444881889764076943 ) ) ;
#5179 = DIRECTION ( 'NONE',  ( 0.000000000000000000, -1.000000000000000000, -3.491481338843134933E-15 ) ) ;
#5180 = AXIS2_PLACEMENT_3D ( 'NONE', #9916, #3993, #7432 ) ;
#5181 = CARTESIAN_POINT ( 'NONE',  ( 0.9444047244094487814, 0.2224409448818610024, -0.2132217023437078807 ) ) ;
#5182 = ORIENTED_EDGE ( 'NONE', *, *, #1701, .F. ) ;
#5183 = LINE ( 'NONE', #1808, #3235 ) ;
#5184 = EDGE_LOOP ( 'NONE', ( #2664, #4920, #1962, #5376, #4375, #9940 ) ) ;
#5185 = EDGE_CURVE ( 'NONE', #1239, #1188, #3401, .T. ) ;
#5186 = DIRECTION ( 'NONE',  ( 0.000000000000000000, 3.491481338843134933E-15, -1.000000000000000000 ) ) ;
#5187 = EDGE_LOOP ( 'NONE', ( #10430, #10238, #640, #5729 ) ) ;
#5188 = VECTOR ( 'NONE', #469, 39.37007874015748143 ) ;
#5189 = PLANE ( 'NONE',  #8803 ) ;
#5190 = DIRECTION ( 'NONE',  ( -7.105427357601000597E-14, 1.000000000000000000, 3.491481338843134933E-15 ) ) ;
#5191 = FACE_OUTER_BOUND ( 'NONE', #5118, .T. ) ;
#5192 = FACE_OUTER_BOUND ( 'NONE', #338, .T. ) ;
#5193 = CARTESIAN_POINT ( 'NONE',  ( 0.2135826771653937250, 0.2106299212598137516, -0.2132217023433114478 ) ) ;
#5194 = VECTOR ( 'NONE', #8972, 39.37007874015748143 ) ;
#5195 = ORIENTED_EDGE ( 'NONE', *, *, #1653, .F. ) ;
#5196 = FACE_OUTER_BOUND ( 'NONE', #5050, .T. ) ;
#5197 = ORIENTED_EDGE ( 'NONE', *, *, #5076, .T. ) ;
#5198 = ORIENTED_EDGE ( 'NONE', *, *, #5845, .F. ) ;
#5199 = EDGE_CURVE ( 'NONE', #10404, #8832, #8198, .T. ) ;
#5200 = CYLINDRICAL_SURFACE ( 'NONE', #5412, 0.005905511811023620231 ) ;
#5201 = VECTOR ( 'NONE', #1516, 39.37007874015748143 ) ;
#5202 = CARTESIAN_POINT ( 'NONE',  ( -0.02263779504094094730, 0.2125984251968330851, -0.2125984251968208727 ) ) ;
#5203 = CARTESIAN_POINT ( 'NONE',  ( -0.1092519682694882005, 0.2165354330708373909, -0.2125984251968208727 ) ) ;
#5204 = ORIENTED_EDGE ( 'NONE', *, *, #2559, .T. ) ;
#5205 = DIRECTION ( 'NONE',  ( 0.000000000000000000, 1.000000000000000000, 3.491481338843135327E-15 ) ) ;
#5206 = DIRECTION ( 'NONE',  ( 0.3058108682356130981, 3.324212434405288796E-15, -0.9520922816980402770 ) ) ;
#5207 = EDGE_LOOP ( 'NONE', ( #1678, #3887, #7016, #8505, #8030 ) ) ;
#5208 = PERSON_AND_ORGANIZATION_ROLE ( 'design_supplier' ) ;
#5209 = CARTESIAN_POINT ( 'NONE',  ( -0.1345525796377165517, 0.2421259842519382366, 0.2201693093382189048 ) ) ;
#5210 = ORIENTED_EDGE ( 'NONE', *, *, #978, .T. ) ;
#5211 = VERTEX_POINT ( 'NONE', #10787 ) ;
#5212 = VECTOR ( 'NONE', #10103, 39.37007874015748143 ) ;
#5213 = EDGE_CURVE ( 'NONE', #2591, #2515, #10567, .T. ) ;
#5214 = CARTESIAN_POINT ( 'NONE',  ( -0.1033464564584252038, 0.2106299212598137516, -0.2480314960629626253 ) ) ;
#5215 = EDGE_LOOP ( 'NONE', ( #7019, #5231, #491, #2165, #7468 ) ) ;
#5216 = LINE ( 'NONE', #3306, #2200 ) ;
#5217 = VECTOR ( 'NONE', #3008, 39.37007874015748143 ) ;
#5218 = AXIS2_PLACEMENT_3D ( 'NONE', #772, #7539, #5104 ) ;
#5219 = ORIENTED_EDGE ( 'NONE', *, *, #698, .F. ) ;
#5220 = B_SPLINE_CURVE_WITH_KNOTS ( 'NONE', 3,
 ( #6290, #270, #9566, #7939, #7021 ),
 .UNSPECIFIED., .F., .F.,
 ( 4, 1, 4 ),
 ( 0.000000000000000000, 0.2497934989486000068, 1.000000000000000000 ),
 .UNSPECIFIED. ) ;
#5221 = CARTESIAN_POINT ( 'NONE',  ( -0.1387795273246062999, 0.2224409448818610024, -0.2185039370078444843 ) ) ;
#5222 = ORIENTED_EDGE ( 'NONE', *, *, #1604, .T. ) ;
#5223 = CARTESIAN_POINT ( 'NONE',  ( -0.1525590548837795490, 0.2165354330708373909, -0.2421259842517657634 ) ) ;
#5224 = ADVANCED_FACE ( 'NONE', ( #2894 ), #6329, .T. ) ;
#5225 = CARTESIAN_POINT ( 'NONE',  ( -0.05807086590712598473, 0.2165354330708373909, -0.2480314960629626253 ) ) ;
#5226 = CYLINDRICAL_SURFACE ( 'NONE', #9025, 0.01968503937007873988 ) ;
#5227 = ORIENTED_EDGE ( 'NONE', *, *, #6775, .T. ) ;
#5228 = AXIS2_PLACEMENT_3D ( 'NONE', #835, #1465, #8406 ) ;
#5229 = CIRCLE ( 'NONE', #8842, 0.005905511811023620231 ) ;
#5230 = CARTESIAN_POINT ( 'NONE',  ( -0.1525590548837795490, 0.2165354330708373909, -0.2125984251968208727 ) ) ;
#5231 = ORIENTED_EDGE ( 'NONE', *, *, #11125, .T. ) ;
#5232 = LINE ( 'NONE', #731, #4821 ) ;
#5233 = PLANE ( 'NONE',  #10241 ) ;
#5234 = VERTEX_POINT ( 'NONE', #3681 ) ;
#5235 = VECTOR ( 'NONE', #9231, 39.37007874015748143 ) ;
#5236 = PLANE ( 'NONE',  #6586 ) ;
#5237 = EDGE_CURVE ( 'NONE', #10855, #3528, #7980, .T. ) ;
#5238 = VECTOR ( 'NONE', #6316, 39.37007874015748143 ) ;
#5239 = EDGE_CURVE ( 'NONE', #7676, #7272, #1258, .T. ) ;
#5240 = FACE_OUTER_BOUND ( 'NONE', #3925, .T. ) ;
#5241 = VERTEX_POINT ( 'NONE', #1152 ) ;
#5242 = DIRECTION ( 'NONE',  ( -1.000000000000000000, 0.000000000000000000, 0.000000000000000000 ) ) ;
#5243 = EDGE_CURVE ( 'NONE', #8337, #3655, #3055, .T. ) ;
#5244 = ORIENTED_EDGE ( 'NONE', *, *, #2583, .T. ) ;
#5245 = DIRECTION ( 'NONE',  ( -1.000000000000000000, 0.000000000000000000, 0.000000000000000000 ) ) ;
#5246 = ORIENTED_EDGE ( 'NONE', *, *, #5199, .F. ) ;
#5247 = VECTOR ( 'NONE', #6223, 39.37007874015748143 ) ;
#5248 = FACE_OUTER_BOUND ( 'NONE', #9702, .T. ) ;
#5249 = EDGE_CURVE ( 'NONE', #3233, #7438, #2840, .T. ) ;
#5250 = DIRECTION ( 'NONE',  ( -1.000000000000000000, 0.000000000000000000, 0.000000000000000000 ) ) ;
#5251 = AXIS2_PLACEMENT_3D ( 'NONE', #4816, #6439, #6606 ) ;
#5252 = CARTESIAN_POINT ( 'NONE',  ( -0.004921259842519684971, 0.2616530078181201202, 0.009686792758139901177 ) ) ;
#5253 = PLANE ( 'NONE',  #5259 ) ;
#5254 = ORIENTED_EDGE ( 'NONE', *, *, #5930, .T. ) ;
#5255 = DIRECTION ( 'NONE',  ( 0.000000000000000000, -3.491481338843134933E-15, 1.000000000000000000 ) ) ;
#5256 = ORIENTED_EDGE ( 'NONE', *, *, #10518, .T. ) ;
#5257 = ORIENTED_EDGE ( 'NONE', *, *, #9096, .T. ) ;
#5258 = CARTESIAN_POINT ( 'NONE',  ( -0.09153543307086613179, 0.2362204724409157630, -0.05433070866142708510 ) ) ;
#5259 = AXIS2_PLACEMENT_3D ( 'NONE', #4412, #6150, #8191 ) ;
#5260 = CARTESIAN_POINT ( 'NONE',  ( -0.02657480314960630058, 0.2440944881889468288, 0.0007874015747934192061 ) ) ;
#5261 = LINE ( 'NONE', #7866, #850 ) ;
#5262 = ADVANCED_FACE ( 'NONE', ( #3852 ), #2102, .F. ) ;
#5263 = CARTESIAN_POINT ( 'NONE',  ( -0.09153543307086613179, 0.2362204724409157630, -0.07795275590552164235 ) ) ;
#5264 = ORIENTED_EDGE ( 'NONE', *, *, #7227, .T. ) ;
#5265 = CARTESIAN_POINT ( 'NONE',  ( 0.02066929157333464301, 0.2165354330708373909, -0.2185039370078444843 ) ) ;
#5266 = CARTESIAN_POINT ( 'NONE',  ( 0.02657480338441732190, 0.2106299212598137516, -0.2480314960629626253 ) ) ;
#5267 = VERTEX_POINT ( 'NONE', #1092 ) ;
#5268 = PERSON_AND_ORGANIZATION_ROLE ( 'classification_officer' ) ;
#5269 = DIRECTION ( 'NONE',  ( -1.000000000000000000, 0.000000000000000000, 0.000000000000000000 ) ) ;
#5270 = VECTOR ( 'NONE', #9055, 39.37007874015748143 ) ;
#5271 = EDGE_LOOP ( 'NONE', ( #9718, #10580, #3313, #1462, #5182 ) ) ;
#5272 = ORIENTED_EDGE ( 'NONE', *, *, #5424, .T. ) ;
#5273 = LINE ( 'NONE', #8723, #1987 ) ;
#5274 = ORIENTED_EDGE ( 'NONE', *, *, #8585, .T. ) ;
#5275 = CARTESIAN_POINT ( 'NONE',  ( -0.1131889763779527630, 0.2362204724409157630, -0.07795275590552164235 ) ) ;
#5276 = DIRECTION ( 'NONE',  ( 0.000000000000000000, -1.000000000000000000, -3.491481338843134933E-15 ) ) ;
#5277 = EDGE_CURVE ( 'NONE', #10497, #8935, #5645, .T. ) ;
#5278 = DIRECTION ( 'NONE',  ( 0.000000000000000000, -1.000000000000000000, -2.891205793294679411E-15 ) ) ;
#5279 = EDGE_LOOP ( 'NONE', ( #10648, #3440, #1295, #1599 ) ) ;
#5280 = DIRECTION ( 'NONE',  ( 0.000000000000000000, 1.000000000000000000, 3.491481338843134933E-15 ) ) ;
#5281 = CARTESIAN_POINT ( 'NONE',  ( -0.09995424143531496386, 0.2834645669291035452, 0.2055353207559354189 ) ) ;
#5282 = CARTESIAN_POINT ( 'NONE',  ( -0.2850393700787008378, 0.2165354330708362252, 0.06377952755908464222 ) ) ;
#5283 = ORIENTED_EDGE ( 'NONE', *, *, #3103, .T. ) ;
#5284 = DIRECTION ( 'NONE',  ( 0.000000000000000000, 1.000000000000000000, 3.491481338843134933E-15 ) ) ;
#5285 = ORIENTED_EDGE ( 'NONE', *, *, #6165, .T. ) ;
#5286 = DIRECTION ( 'NONE',  ( 0.000000000000000000, -3.491481338843134933E-15, 1.000000000000000000 ) ) ;
#5287 = DIRECTION ( 'NONE',  ( -1.000000000000000000, 0.000000000000000000, 0.000000000000000000 ) ) ;
#5288 = PLANE ( 'NONE',  #3774 ) ;
#5289 = EDGE_CURVE ( 'NONE', #5511, #2567, #3000, .T. ) ;
#5290 = EDGE_CURVE ( 'NONE', #9512, #8561, #1995, .T. ) ;
#5291 = ORIENTED_EDGE ( 'NONE', *, *, #7384, .T. ) ;
#5292 = CARTESIAN_POINT ( 'NONE',  ( 0.06003937007874016185, 0.2303149606298921792, -0.07795275590552164235 ) ) ;
#5293 = CARTESIAN_POINT ( 'NONE',  ( -0.1299212598425196763, 0.2421259842519385974, 0.07952755905514784229 ) ) ;
#5294 = ORIENTED_EDGE ( 'NONE', *, *, #7807, .T. ) ;
#5295 = AXIS2_PLACEMENT_3D ( 'NONE', #2413, #10084, #3257 ) ;
#5296 = DIRECTION ( 'NONE',  ( -1.000000000000000000, 0.000000000000000000, 0.000000000000000000 ) ) ;
#5297 = ORIENTED_EDGE ( 'NONE', *, *, #7179, .T. ) ;
#5298 = DIRECTION ( 'NONE',  ( 0.000000000000000000, -0.4520890721125805922, 0.8919727971616542295 ) ) ;
#5299 = VERTEX_POINT ( 'NONE', #7120 ) ;
#5300 = EDGE_CURVE ( 'NONE', #1575, #864, #5229, .T. ) ;
#5301 = CARTESIAN_POINT ( 'NONE',  ( -0.1299212598425196763, 0.2125984251968204841, 0.07952755905514763413 ) ) ;
#5302 = AXIS2_PLACEMENT_3D ( 'NONE', #7254, #7886, #6232 ) ;
#5303 = DIRECTION ( 'NONE',  ( 0.000000000000000000, 3.491481338843134933E-15, -1.000000000000000000 ) ) ;
#5304 = CARTESIAN_POINT ( 'NONE',  ( -0.1781496062992126150, 0.2598425196850102648, -0.05433070866142700878 ) ) ;
#5305 = CARTESIAN_POINT ( 'NONE',  ( -0.004921259842519684971, 0.2362204724409157630, -0.07795275590552164235 ) ) ;
#5306 = CARTESIAN_POINT ( 'NONE',  ( -0.2909448818897638067, 0.2165354330708362252, 0.1051181102362499925 ) ) ;
#5307 = ORIENTED_EDGE ( 'NONE', *, *, #1360, .T. ) ;
#5308 = CARTESIAN_POINT ( 'NONE',  ( 0.04330708661417323468, 0.2421259842519385974, 0.07952755905514784229 ) ) ;
#5309 = VERTEX_POINT ( 'NONE', #3741 ) ;
#5310 = ORIENTED_EDGE ( 'NONE', *, *, #3666, .F. ) ;
#5311 = CARTESIAN_POINT ( 'NONE',  ( -0.2135826771653543399, 0.2106299212598137516, -0.2480314960629626253 ) ) ;
#5312 = VECTOR ( 'NONE', #10901, 39.37007874015748143 ) ;
#5313 = ADVANCED_FACE ( 'NONE', ( #4752 ), #2949, .T. ) ;
#5314 = EDGE_CURVE ( 'NONE', #5267, #4762, #4643, .T. ) ;
#5315 = LINE ( 'NONE', #10981, #688 ) ;
#5316 = PLANE ( 'NONE',  #489 ) ;
#5317 = VECTOR ( 'NONE', #4660, 39.37007874015748143 ) ;
#5318 = DIRECTION ( 'NONE',  ( 0.000000000000000000, 1.000000000000000000, 3.491481338843134933E-15 ) ) ;
#5319 = VECTOR ( 'NONE', #1988, 39.37007874015748143 ) ;
#5320 = ORIENTED_EDGE ( 'NONE', *, *, #4493, .T. ) ;
#5321 = CARTESIAN_POINT ( 'NONE',  ( 0.02066929157333464301, 0.2224409448818610024, -0.2125984251968208727 ) ) ;
#5322 = CARTESIAN_POINT ( 'NONE',  ( 0.07775590574677165856, 0.2125984251968358330, -0.2125984251968208727 ) ) ;
#5323 = ORIENTED_EDGE ( 'NONE', *, *, #10940, .F. ) ;
#5324 = DIRECTION ( 'NONE',  ( -0.8343762442501144738, 1.924488180935883842E-15, -0.5511953220330096936 ) ) ;
#5325 = VERTEX_POINT ( 'NONE', #6273 ) ;
#5326 = ORIENTED_EDGE ( 'NONE', *, *, #7524, .T. ) ;
#5327 = DIRECTION ( 'NONE',  ( 0.000000000000000000, -2.478176394252581732E-15, 1.000000000000000000 ) ) ;
#5328 = ORIENTED_EDGE ( 'NONE', *, *, #4186, .T. ) ;
#5329 = VECTOR ( 'NONE', #9293, 39.37007874015748143 ) ;
#5330 = EDGE_CURVE ( 'NONE', #3285, #4315, #5592, .T. ) ;
#5331 = CARTESIAN_POINT ( 'NONE',  ( 0.2055118110236220375, 0.2755905511810732289, -0.1082677165354033466 ) ) ;
#5332 = DIRECTION ( 'NONE',  ( 0.000000000000000000, 3.491481338843134933E-15, -1.000000000000000000 ) ) ;
#5333 = LINE ( 'NONE', #998, #1532 ) ;
#5334 = ORIENTED_EDGE ( 'NONE', *, *, #3770, .T. ) ;
#5335 = LINE ( 'NONE', #1963, #2637 ) ;
#5336 = DIRECTION ( 'NONE',  ( -0.9946726445553710771, 3.599161860857906009E-16, -0.1030840927263970419 ) ) ;
#5337 = VECTOR ( 'NONE', #4330, 39.37007874015748143 ) ;
#5338 = PLANE ( 'NONE',  #8134 ) ;
#5339 = ORIENTED_EDGE ( 'NONE', *, *, #4759, .F. ) ;
#5340 = ORIENTED_EDGE ( 'NONE', *, *, #3735, .T. ) ;
#5341 = DIRECTION ( 'NONE',  ( 6.603642077606999905E-10, -1.000000000000000000, -3.491481338843134933E-15 ) ) ;
#5342 = EDGE_CURVE ( 'NONE', #2369, #1417, #5432, .T. ) ;
#5343 = CIRCLE ( 'NONE', #9853, 0.01968503937007876764 ) ;
#5344 = VECTOR ( 'NONE', #2505, 39.37007874015748143 ) ;
#5345 = CARTESIAN_POINT ( 'NONE',  ( 0.1968503937007874127, 0.1968503937007582694, -0.1094488188976082688 ) ) ;
#5346 = PLANE ( 'NONE',  #6873 ) ;
#5347 = FACE_OUTER_BOUND ( 'NONE', #3186, .T. ) ;
#5348 = CARTESIAN_POINT ( 'NONE',  ( -0.2047244094488189226, 0.2421259842519393746, -0.07795275590548228495 ) ) ;
#5349 = VERTEX_POINT ( 'NONE', #362 ) ;
#5350 = CARTESIAN_POINT ( 'NONE',  ( 0.1505905511814173148, 0.2165354330708373909, -0.2421259842520570860 ) ) ;
#5351 = ORIENTED_EDGE ( 'NONE', *, *, #6638, .T. ) ;
#5352 = VECTOR ( 'NONE', #8261, 39.37007874015748143 ) ;
#5353 = CARTESIAN_POINT ( 'NONE',  ( -0.09153543307086613179, 0.2362204724409157630, -0.05433070866142708510 ) ) ;
#5354 = ORIENTED_EDGE ( 'NONE', *, *, #7680, .F. ) ;
#5355 = LINE ( 'NONE', #8809, #3086 ) ;
#5356 = ADVANCED_FACE ( 'NONE', ( #7234 ), #6766, .T. ) ;
#5357 = ORIENTED_EDGE ( 'NONE', *, *, #1113, .T. ) ;
#5358 = EDGE_CURVE ( 'NONE', #4231, #6931, #4155, .T. ) ;
#5359 = PLANE ( 'NONE',  #9708 ) ;
#5360 = DIRECTION ( 'NONE',  ( -1.000000000000000000, 0.000000000000000000, 0.000000000000000000 ) ) ;
#5361 = B_SPLINE_CURVE_WITH_KNOTS ( 'NONE', 3,
 ( #4839, #5788, #8286, #8177, #9069 ),
 .UNSPECIFIED., .F., .F.,
 ( 4, 1, 4 ),
 ( 0.000000000000000000, 0.2497934998010999941, 1.000000000000000000 ),
 .UNSPECIFIED. ) ;
#5362 = LINE ( 'NONE', #6202, #8405 ) ;
#5363 = LINE ( 'NONE', #4360, #8607 ) ;
#5364 = EDGE_CURVE ( 'NONE', #8526, #10404, #380, .T. ) ;
#5365 = DIRECTION ( 'NONE',  ( 0.000000000000000000, -1.000000000000000000, -3.469446951953614978E-15 ) ) ;
#5366 = ORIENTED_EDGE ( 'NONE', *, *, #1734, .T. ) ;
#5367 = CARTESIAN_POINT ( 'NONE',  ( -0.02263779504094094730, 0.2165354330708373909, -0.2421259842518799221 ) ) ;
#5368 = EDGE_LOOP ( 'NONE', ( #8752, #11127, #5126, #1888, #253, #3112, #414, #66, #3150, #9669, #6377, #8707 ) ) ;
#5369 = VERTEX_POINT ( 'NONE', #3165 ) ;
#5370 = AXIS2_PLACEMENT_3D ( 'NONE', #8201, #10732, #8034 ) ;
#5371 = DIRECTION ( 'NONE',  ( 0.000000000000000000, -1.000000000000000000, -3.469446951953614978E-15 ) ) ;
#5372 = PLANE ( 'NONE',  #8625 ) ;
#5373 = VECTOR ( 'NONE', #183, 39.37007874015748143 ) ;
#5374 = CARTESIAN_POINT ( 'NONE',  ( 0.01181102362204724393, 0.2125984251968204841, 0.07952755905514763413 ) ) ;
#5375 = CARTESIAN_POINT ( 'NONE',  ( -0.2909448818897638067, 0.2106299212598126414, 0.06479275320006891437 ) ) ;
#5376 = ORIENTED_EDGE ( 'NONE', *, *, #1484, .F. ) ;
#5377 = DIRECTION ( 'NONE',  ( -1.000000000000000000, 0.000000000000000000, 0.000000000000000000 ) ) ;
#5378 = EDGE_CURVE ( 'NONE', #672, #5349, #5595, .T. ) ;
#5379 = DIRECTION ( 'NONE',  ( -1.000000000000000000, 0.000000000000000000, 0.000000000000000000 ) ) ;
#5380 = DIRECTION ( 'NONE',  ( 1.000000000000000000, 0.000000000000000000, 0.000000000000000000 ) ) ;
#5381 = ORIENTED_EDGE ( 'NONE', *, *, #1716, .T. ) ;
#5382 = ADVANCED_FACE ( 'NONE', ( #10047 ), #8419, .F. ) ;
#5383 = CARTESIAN_POINT ( 'NONE',  ( 0.02066929157333464301, 0.2224409448818610024, -0.2125984251968208727 ) ) ;
#5384 = ORIENTED_EDGE ( 'NONE', *, *, #3537, .F. ) ;
#5385 = ORIENTED_EDGE ( 'NONE', *, *, #317, .T. ) ;
#5386 = CARTESIAN_POINT ( 'NONE',  ( -0.008858267481783465083, 0.2125984251968583427, -0.2066929133860020140 ) ) ;
#5387 = EDGE_CURVE ( 'NONE', #5211, #5032, #1485, .T. ) ;
#5388 = VECTOR ( 'NONE', #1089, 39.37007874015748143 ) ;
#5389 = CARTESIAN_POINT ( 'NONE',  ( -0.06988188976377952832, 0.2563854519293799483, 0.007016975403139922435 ) ) ;
#5390 = PLANE ( 'NONE',  #1206 ) ;
#5391 = DIRECTION ( 'NONE',  ( 0.000000000000000000, -1.000000000000000000, -2.891205793294679411E-15 ) ) ;
#5392 = ORIENTED_EDGE ( 'NONE', *, *, #6199, .F. ) ;
#5393 = PLANE ( 'NONE',  #9844 ) ;
#5394 = VECTOR ( 'NONE', #2768, 39.37007874015748143 ) ;
#5395 = LINE ( 'NONE', #2919, #6035 ) ;
#5396 = EDGE_CURVE ( 'NONE', #2972, #7396, #10105, .T. ) ;
#5397 = CARTESIAN_POINT ( 'NONE',  ( -0.2135826771653543399, 0.2106299212598137516, -0.2125984251968208727 ) ) ;
#5398 = ORIENTED_EDGE ( 'NONE', *, *, #5734, .T. ) ;
#5399 = VERTEX_POINT ( 'NONE', #631 ) ;
#5400 = FACE_OUTER_BOUND ( 'NONE', #643, .T. ) ;
#5401 = VECTOR ( 'NONE', #3030, 39.37007874015748143 ) ;
#5402 = CIRCLE ( 'NONE', #7751, 0.02952755905511810289 ) ;
#5403 = CYLINDRICAL_SURFACE ( 'NONE', #5541, 0.01181102362204724046 ) ;
#5404 = CARTESIAN_POINT ( 'NONE',  ( -0.2618110236220472231, 0.2834645669291035452, 0.2480314960630220500 ) ) ;
#5405 = LINE ( 'NONE', #8856, #9350 ) ;
#5406 = CYLINDRICAL_SURFACE ( 'NONE', #83, 0.02362204724409448786 ) ;
#5407 = VERTEX_POINT ( 'NONE', #686 ) ;
#5408 = CARTESIAN_POINT ( 'NONE',  ( 0.1033464566929133965, 0.2362204724409153467, 0.05986524456920295362 ) ) ;
#5409 = ADVANCED_FACE ( 'NONE', ( #521 ), #5813, .T. ) ;
#5410 = DIRECTION ( 'NONE',  ( 0.000000000000000000, 1.000000000000000000, 3.491481338843134933E-15 ) ) ;
#5411 = CIRCLE ( 'NONE', #9914, 0.01181102362204723699 ) ;
#5412 = AXIS2_PLACEMENT_3D ( 'NONE', #2669, #9436, #7922 ) ;
#5413 = VERTEX_POINT ( 'NONE', #10214 ) ;
#5414 = DIRECTION ( 'NONE',  ( 1.000000000000000000, 0.000000000000000000, 0.000000000000000000 ) ) ;
#5415 = VERTEX_POINT ( 'NONE', #4070 ) ;
#5416 = DIRECTION ( 'NONE',  ( 0.000000000000000000, 3.491481338843134933E-15, -1.000000000000000000 ) ) ;
#5417 = VERTEX_POINT ( 'NONE', #2381 ) ;
#5418 = CIRCLE ( 'NONE', #3072, 0.005905511811023620231 ) ;
#5419 = AXIS2_PLACEMENT_3D ( 'NONE', #4518, #6421, #8075 ) ;
#5420 = DIRECTION ( 'NONE',  ( 0.000000000000000000, 0.8375070198036269620, -0.5464265657704129309 ) ) ;
#5421 = DIRECTION ( 'NONE',  ( -1.000000000000000000, 0.000000000000000000, 0.000000000000000000 ) ) ;
#5422 = ADVANCED_FACE ( 'NONE', ( #7514 ), #10951, .F. ) ;
#5423 = LINE ( 'NONE', #8872, #9650 ) ;
#5424 = EDGE_CURVE ( 'NONE', #3274, #2420, #3278, .T. ) ;
#5425 = DIRECTION ( 'NONE',  ( -1.000000000000000000, -0.000000000000000000, 0.000000000000000000 ) ) ;
#5426 = CARTESIAN_POINT ( 'NONE',  ( 0.02066929157333464301, 0.2106299212598137516, -0.2421259842518799221 ) ) ;
#5427 = ORIENTED_EDGE ( 'NONE', *, *, #9384, .F. ) ;
#5428 = CARTESIAN_POINT ( 'NONE',  ( 0.1643700787405905361, 0.2165354330708373909, -0.2421259842519389860 ) ) ;
#5429 = VECTOR ( 'NONE', #2907, 39.37007874015748143 ) ;
#5430 = VERTEX_POINT ( 'NONE', #3113 ) ;
#5431 = ORIENTED_EDGE ( 'NONE', *, *, #5835, .F. ) ;
#5432 = LINE ( 'NONE', #7178, #5769 ) ;
#5433 = CARTESIAN_POINT ( 'NONE',  ( -0.1781496062992126150, 0.2605808468465059535, -0.009969026885245903247 ) ) ;
#5434 = AXIS2_PLACEMENT_3D ( 'NONE', #10114, #639, #9950 ) ;
#5435 = LINE ( 'NONE', #4174, #3336 ) ;
#5436 = ADVANCED_FACE ( 'NONE', ( #2266 ), #9148, .F. ) ;
#5437 = DIRECTION ( 'NONE',  ( -1.000000000000000000, 0.000000000000000000, 0.000000000000000000 ) ) ;
#5438 = ORIENTED_EDGE ( 'NONE', *, *, #10721, .T. ) ;
#5439 = EDGE_CURVE ( 'NONE', #9892, #8031, #8306, .T. ) ;
#5440 = DIRECTION ( 'NONE',  ( 0.000000000000000000, -1.000000000000000000, -3.491481338843134933E-15 ) ) ;
#5441 = CARTESIAN_POINT ( 'NONE',  ( -0.06594488165523622325, 0.2165354330708373909, -0.2421259842517657634 ) ) ;
#5442 = DIRECTION ( 'NONE',  ( 0.000000000000000000, -1.000000000000000000, -3.491481338843134933E-15 ) ) ;
#5443 = ORIENTED_EDGE ( 'NONE', *, *, #6546, .T. ) ;
#5444 = CARTESIAN_POINT ( 'NONE',  ( -0.2135826771653543399, 0.2165354330708373909, -0.2480314960629626253 ) ) ;
#5445 = ORIENTED_EDGE ( 'NONE', *, *, #6096, .F. ) ;
#5446 = ORIENTED_EDGE ( 'NONE', *, *, #10532, .T. ) ;
#5447 = DIRECTION ( 'NONE',  ( 0.000000000000000000, 1.000000000000000000, 3.491481338843135327E-15 ) ) ;
#5448 = VECTOR ( 'NONE', #249, 39.37007874015748143 ) ;
#5449 = EDGE_CURVE ( 'NONE', #3762, #9816, #8254, .T. ) ;
#5450 = EDGE_CURVE ( 'NONE', #4581, #1695, #3962, .T. ) ;
#5451 = DIRECTION ( 'NONE',  ( 1.000000000000000000, 0.000000000000000000, -7.228014483236698330E-14 ) ) ;
#5452 = DIRECTION ( 'NONE',  ( 1.000000000000000000, 0.000000000000000000, 0.000000000000000000 ) ) ;
#5453 = CARTESIAN_POINT ( 'NONE',  ( -4.108699382472441222E-14, 0.2834645669291027681, 0.4786410526771953666 ) ) ;
#5454 = EDGE_LOOP ( 'NONE', ( #7012, #1017, #6524, #1062 ) ) ;
#5455 = AXIS2_PLACEMENT_3D ( 'NONE', #538, #5715, #3183 ) ;
#5456 = DIRECTION ( 'NONE',  ( 1.000000000000000000, 0.000000000000000000, 0.000000000000000000 ) ) ;
#5457 = CARTESIAN_POINT ( 'NONE',  ( 0.1033464566929133965, 0.2303149606298921792, -0.07795275590552164235 ) ) ;
#5458 = DIRECTION ( 'NONE',  ( 1.000000000000000000, 8.077710937899669568E-16, 2.261662911641809902E-13 ) ) ;
#5459 = ORIENTED_EDGE ( 'NONE', *, *, #646, .F. ) ;
#5460 = VERTEX_POINT ( 'NONE', #6541 ) ;
#5461 = DIRECTION ( 'NONE',  ( 0.000000000000000000, -1.000000000000000000, -3.491481338843134933E-15 ) ) ;
#5462 = EDGE_CURVE ( 'NONE', #730, #4667, #6135, .T. ) ;
#5463 = EDGE_CURVE ( 'NONE', #2288, #8240, #2537, .T. ) ;
#5464 = FACE_OUTER_BOUND ( 'NONE', #6238, .T. ) ;
#5465 = FACE_OUTER_BOUND ( 'NONE', #1560, .T. ) ;
#5466 = PLANE ( 'NONE',  #8455 ) ;
#5467 = ORIENTED_EDGE ( 'NONE', *, *, #5908, .T. ) ;
#5468 = DIRECTION ( 'NONE',  ( 0.000000000000000000, -1.000000000000000000, -3.491481338843135327E-15 ) ) ;
#5469 = ORIENTED_EDGE ( 'NONE', *, *, #10848, .F. ) ;
#5470 = VERTEX_POINT ( 'NONE', #4464 ) ;
#5471 = FACE_OUTER_BOUND ( 'NONE', #7892, .T. ) ;
#5472 = ORIENTED_EDGE ( 'NONE', *, *, #11075, .T. ) ;
#5473 = EDGE_CURVE ( 'NONE', #2522, #3132, #4293, .T. ) ;
#5474 = DIRECTION ( 'NONE',  ( 0.000000000000000000, 1.000000000000000000, 3.491481338843134933E-15 ) ) ;
#5475 = LINE ( 'NONE', #8921, #8370 ) ;
#5476 = CARTESIAN_POINT ( 'NONE',  ( -0.09153543307086613179, 0.2598425196850102648, -0.05433070866142700878 ) ) ;
#5477 = ORIENTED_EDGE ( 'NONE', *, *, #5975, .T. ) ;
#5478 = DIRECTION ( 'NONE',  ( 0.000000000000000000, -1.000000000000000000, -3.491481338843134933E-15 ) ) ;
#5479 = VERTEX_POINT ( 'NONE', #10496 ) ;
#5480 = ORIENTED_EDGE ( 'NONE', *, *, #11063, .T. ) ;
#5481 = CARTESIAN_POINT ( 'NONE',  ( 0.03838582677165354451, 0.1909448818897350464, -0.2480314960630413401 ) ) ;
#5482 = EDGE_CURVE ( 'NONE', #8228, #10222, #965, .T. ) ;
#5483 = VECTOR ( 'NONE', #8813, 39.37007874015748143 ) ;
#5484 = CARTESIAN_POINT ( 'NONE',  ( -0.2283464566929133688, 0.2421259842519382366, 0.2468503937008169891 ) ) ;
#5485 = DIRECTION ( 'NONE',  ( -0.8757303101580595772, 1.685689301590199531E-15, -0.4828006046707779553 ) ) ;
#5486 = DIRECTION ( 'NONE',  ( 0.000000000000000000, 3.491481338843134933E-15, -1.000000000000000000 ) ) ;
#5487 = ORIENTED_EDGE ( 'NONE', *, *, #10409, .T. ) ;
#5488 = FACE_OUTER_BOUND ( 'NONE', #5067, .T. ) ;
#5489 = CARTESIAN_POINT ( 'NONE',  ( 0.1196850393700787524, 0.2775590551180803778, 0.1385826771653840550 ) ) ;
#5490 = LINE ( 'NONE', #371, #10671 ) ;
#5491 = ORIENTED_EDGE ( 'NONE', *, *, #4224, .T. ) ;
#5492 = VECTOR ( 'NONE', #9057, 39.37007874015748143 ) ;
#5493 = CARTESIAN_POINT ( 'NONE',  ( 0.2653543307086614345, 0.2224409448818602253, 0.05787401574806102372 ) ) ;
#5494 = EDGE_LOOP ( 'NONE', ( #4713, #8902, #4083, #5264 ) ) ;
#5495 = VERTEX_POINT ( 'NONE', #1019 ) ;
#5496 = LINE ( 'NONE', #7192, #1805 ) ;
#5497 = EDGE_CURVE ( 'NONE', #5635, #7659, #4346, .T. ) ;
#5498 = ADVANCED_FACE ( 'NONE', ( #7907 ), #4404, .T. ) ;
#5499 = AXIS2_PLACEMENT_3D ( 'NONE', #4757, #9947, #3060 ) ;
#5500 = CARTESIAN_POINT ( 'NONE',  ( -0.02657480314960630058, 0.2605808468465059535, -0.009969026885245903247 ) ) ;
#5501 = DIRECTION ( 'NONE',  ( 0.000000000000000000, -1.000000000000000000, -3.491481338843134933E-15 ) ) ;
#5502 = DIRECTION ( 'NONE',  ( -0.9113956592653914557, 1.436853605683326314E-15, -0.4115312287933961533 ) ) ;
#5503 = ORIENTED_EDGE ( 'NONE', *, *, #5725, .T. ) ;
#5504 = LINE ( 'NONE', #7257, #9664 ) ;
#5505 = CARTESIAN_POINT ( 'NONE',  ( -0.09547244071035433655, 0.2224409448818610024, -0.2125984251968208727 ) ) ;
#5506 = PLANE ( 'NONE',  #26 ) ;
#5507 = ADVANCED_FACE ( 'NONE', ( #6820 ), #10268, .T. ) ;
#5508 = ORIENTED_EDGE ( 'NONE', *, *, #2881, .F. ) ;
#5509 = VECTOR ( 'NONE', #7673, 39.37007874015748143 ) ;
#5510 = AXIS2_PLACEMENT_3D ( 'NONE', #5304, #3617, #7913 ) ;
#5511 = VERTEX_POINT ( 'NONE', #7050 ) ;
#5512 = DIRECTION ( 'NONE',  ( 0.000000000000000000, 0.5464265657704129309, 0.8375070198036269620 ) ) ;
#5513 = DIRECTION ( 'NONE',  ( 0.000000000000000000, 1.000000000000000000, 3.491481338843134933E-15 ) ) ;
#5514 = DIRECTION ( 'NONE',  ( 0.8343762442501144738, -1.924488180935883842E-15, 0.5511953220330096936 ) ) ;
#5515 = VECTOR ( 'NONE', #10823, 39.37007874015748143 ) ;
#5516 = CARTESIAN_POINT ( 'NONE',  ( 0.1033464566929133965, 0.2616530078181201202, 0.009686792758139901177 ) ) ;
#5517 = VECTOR ( 'NONE', #3764, 39.37007874015748143 ) ;
#5518 = CARTESIAN_POINT ( 'NONE',  ( 0.2214566929133858220, 0.1909448818897346856, -0.1094488188976082688 ) ) ;
#5519 = VERTEX_POINT ( 'NONE', #3497 ) ;
#5520 = LINE ( 'NONE', #5408, #7858 ) ;
#5521 = CARTESIAN_POINT ( 'NONE',  ( 0.08661417322834646937, 0.2125984251968204841, 0.07952755905514763413 ) ) ;
#5522 = EDGE_CURVE ( 'NONE', #5399, #3676, #2544, .T. ) ;
#5523 = ORIENTED_EDGE ( 'NONE', *, *, #5314, .T. ) ;
#5524 = EDGE_CURVE ( 'NONE', #8775, #9659, #6082, .T. ) ;
#5525 = ORIENTED_EDGE ( 'NONE', *, *, #9982, .F. ) ;
#5526 = AXIS2_PLACEMENT_3D ( 'NONE', #6728, #3297, #6046 ) ;
#5527 = LINE ( 'NONE', #1141, #2185 ) ;
#5528 = CIRCLE ( 'NONE', #666, 0.005905511811082679759 ) ;
#5529 = ORIENTED_EDGE ( 'NONE', *, *, #8460, .F. ) ;
#5530 = CARTESIAN_POINT ( 'NONE',  ( -0.1958661417105905800, 0.2106299212598137516, -0.2132217023431508263 ) ) ;
#5531 = DIRECTION ( 'NONE',  ( 0.000000000000000000, 3.491481338843134933E-15, -1.000000000000000000 ) ) ;
#5532 = VECTOR ( 'NONE', #860, 39.37007874015748143 ) ;
#5533 = DIRECTION ( 'NONE',  ( 0.000000000000000000, 1.000000000000000000, 3.491481338843134933E-15 ) ) ;
#5534 = ORIENTED_EDGE ( 'NONE', *, *, #4434, .F. ) ;
#5535 = EDGE_CURVE ( 'NONE', #2584, #7102, #2596, .T. ) ;
#5536 = FACE_OUTER_BOUND ( 'NONE', #1186, .T. ) ;
#5537 = VERTEX_POINT ( 'NONE', #6930 ) ;
#5538 = ORIENTED_EDGE ( 'NONE', *, *, #5760, .F. ) ;
#5539 = DIRECTION ( 'NONE',  ( 0.000000000000000000, -1.000000000000000000, -3.491481338843134933E-15 ) ) ;
#5540 = ORIENTED_EDGE ( 'NONE', *, *, #6810, .F. ) ;
#5541 = AXIS2_PLACEMENT_3D ( 'NONE', #113, #1910, #1008 ) ;
#5542 = CARTESIAN_POINT ( 'NONE',  ( -0.02263779504094094730, 0.2125984251968583427, -0.2066929133859901901 ) ) ;
#5543 = CARTESIAN_POINT ( 'NONE',  ( -0.09153543307086613179, 0.2351129816986712584, -0.03819606597134834330 ) ) ;
#5544 = CARTESIAN_POINT ( 'NONE',  ( 0.1072834648018897719, 0.2165354330708373909, -0.2185039370078444843 ) ) ;
#5545 = DIRECTION ( 'NONE',  ( 0.8757303101584911209, 1.685689301587470072E-15, -0.4828006046699950260 ) ) ;
#5546 = LINE ( 'NONE', #8989, #2345 ) ;
#5547 = FACE_OUTER_BOUND ( 'NONE', #6061, .T. ) ;
#5548 = VECTOR ( 'NONE', #9122, 39.37007874015748854 ) ;
#5549 = ORIENTED_EDGE ( 'NONE', *, *, #2531, .F. ) ;
#5550 = EDGE_CURVE ( 'NONE', #7469, #5089, #9422, .T. ) ;
#5551 = FACE_OUTER_BOUND ( 'NONE', #1055, .T. ) ;
#5552 = ORIENTED_EDGE ( 'NONE', *, *, #4574, .T. ) ;
#5553 = ORIENTED_EDGE ( 'NONE', *, *, #2547, .T. ) ;
#5554 = CARTESIAN_POINT ( 'NONE',  ( 0.1998031496067716462, 0.2106299212598137516, -0.2132217023432819158 ) ) ;
#5555 = AXIS2_PLACEMENT_3D ( 'NONE', #7543, #1514, #4368 ) ;
#5556 = CARTESIAN_POINT ( 'NONE',  ( 0.1077448397120866208, 0.2125984251968200955, 0.2083734574937306794 ) ) ;
#5557 = FACE_OUTER_BOUND ( 'NONE', #7030, .T. ) ;
#5558 = LINE ( 'NONE', #8166, #4596 ) ;
#5559 = EDGE_LOOP ( 'NONE', ( #2931, #4531, #7523, #10028, #10192, #627 ) ) ;
#5560 = DIRECTION ( 'NONE',  ( 6.513308411134000110E-14, 1.000000000000000000, 2.717623919751315007E-14 ) ) ;
#5561 = DIRECTION ( 'NONE',  ( -1.000000000000000000, 0.000000000000000000, 0.000000000000000000 ) ) ;
#5562 = EDGE_CURVE ( 'NONE', #5918, #7191, #12, .T. ) ;
#5563 = EDGE_CURVE ( 'NONE', #5460, #9816, #3553, .T. ) ;
#5564 = DIRECTION ( 'NONE',  ( 0.000000000000000000, 0.8375070198036269620, -0.5464265657704129309 ) ) ;
#5565 = EDGE_LOOP ( 'NONE', ( #5736, #8350, #737, #3840 ) ) ;
#5566 = VECTOR ( 'NONE', #4283, 39.37007874015748143 ) ;
#5567 = ORIENTED_EDGE ( 'NONE', *, *, #8704, .F. ) ;
#5568 = CARTESIAN_POINT ( 'NONE',  ( 0.06003937007874016185, 0.2351129816986712584, -0.03819606597134834330 ) ) ;
#5569 = DIRECTION ( 'NONE',  ( 0.000000000000000000, 1.000000000000000000, 3.491481338843134933E-15 ) ) ;
#5570 = CARTESIAN_POINT ( 'NONE',  ( 0.2618110236219685083, 0.2834645669291035452, 0.2480314960630220500 ) ) ;
#5571 = EDGE_CURVE ( 'NONE', #8604, #5112, #1696, .T. ) ;
#5572 = VECTOR ( 'NONE', #6092, 39.37007874015748143 ) ;
#5573 = DIRECTION ( 'NONE',  ( -1.000000000000000000, 0.000000000000000000, -4.545553748172435856E-11 ) ) ;
#5574 = EDGE_LOOP ( 'NONE', ( #2586, #10036, #7860, #8898, #11128 ) ) ;
#5575 = DIRECTION ( 'NONE',  ( 1.000000000000000000, -2.169708165590959955E-16, 2.339942900397980384E-13 ) ) ;
#5576 = ORIENTED_EDGE ( 'NONE', *, *, #331, .T. ) ;
#5577 = ORIENTED_EDGE ( 'NONE', *, *, #3932, .T. ) ;
#5578 = AXIS2_PLACEMENT_3D ( 'NONE', #6807, #6976, #3372 ) ;
#5579 = CARTESIAN_POINT ( 'NONE',  ( -0.06003936984413385525, 0.2165354330708373909, -0.2480314960629626253 ) ) ;
#5580 = ORIENTED_EDGE ( 'NONE', *, *, #1454, .F. ) ;
#5581 = EDGE_CURVE ( 'NONE', #9161, #7872, #8696, .T. ) ;
#5582 = LINE ( 'NONE', #406, #1413 ) ;
#5583 = EDGE_CURVE ( 'NONE', #8775, #3791, #6142, .T. ) ;
#5584 = LINE ( 'NONE', #9028, #10316 ) ;
#5585 = AXIS2_PLACEMENT_3D ( 'NONE', #4458, #8746, #9701 ) ;
#5586 = AXIS2_PLACEMENT_3D ( 'NONE', #2797, #7018, #5327 ) ;
#5587 = LINE ( 'NONE', #6537, #9053 ) ;
#5588 = ORIENTED_EDGE ( 'NONE', *, *, #6685, .T. ) ;
#5589 = DIRECTION ( 'NONE',  ( -1.000000000000000000, 0.000000000000000000, 0.000000000000000000 ) ) ;
#5590 = ORIENTED_EDGE ( 'NONE', *, *, #10975, .F. ) ;
#5591 = EDGE_LOOP ( 'NONE', ( #625, #6901, #5928, #3493 ) ) ;
#5592 = LINE ( 'NONE', #7343, #9019 ) ;
#5593 = ORIENTED_EDGE ( 'NONE', *, *, #10685, .F. ) ;
#5594 = AXIS2_PLACEMENT_3D ( 'NONE', #10017, #1450, #10921 ) ;
#5595 = CIRCLE ( 'NONE', #735, 0.02362204724409448092 ) ;
#5596 = CC_DESIGN_PERSON_AND_ORGANIZATION_ASSIGNMENT ( #6957, #1669, ( #9109 ) ) ;
#5597 = DIRECTION ( 'NONE',  ( 1.000000000000000000, 3.183291800980459761E-27, -9.117310081442999149E-13 ) ) ;
#5598 = ADVANCED_FACE ( 'NONE', ( #11117 ), #8751, .T. ) ;
#5599 = CARTESIAN_POINT ( 'NONE',  ( -0.02657480314960630058, 0.2362204724409157630, -0.05433070866138771382 ) ) ;
#5600 = CARTESIAN_POINT ( 'NONE',  ( -0.1781496062992126150, 0.2362204724409153467, 0.05986524456920295362 ) ) ;
#5601 = DIRECTION ( 'NONE',  ( 1.000000000000000000, 0.000000000000000000, 0.000000000000000000 ) ) ;
#5602 = AXIS2_PLACEMENT_3D ( 'NONE', #9817, #7106, #2770 ) ;
#5603 = CARTESIAN_POINT ( 'NONE',  ( 0.01181102362204724393, 0.2125984251968212890, -0.07795275590548228495 ) ) ;
#5604 = ORIENTED_EDGE ( 'NONE', *, *, #1441, .F. ) ;
#5605 = LINE ( 'NONE', #3065, #570 ) ;
#5606 = ORIENTED_EDGE ( 'NONE', *, *, #173, .F. ) ;
#5607 = ORIENTED_EDGE ( 'NONE', *, *, #6659, .T. ) ;
#5608 = DIRECTION ( 'NONE',  ( 1.000000000000000000, 0.000000000000000000, 0.000000000000000000 ) ) ;
#5609 = VECTOR ( 'NONE', #8100, 39.37007874015748143 ) ;
#5610 = ADVANCED_FACE ( 'NONE', ( #6876 ), #2714, .T. ) ;
#5611 = CARTESIAN_POINT ( 'NONE',  ( 0.2653543307086614345, 0.2224409448818602253, 0.05787401574806102372 ) ) ;
#5612 = CARTESIAN_POINT ( 'NONE',  ( 0.2155319189758475307, 0.1968503937007582694, -0.1102973840608038048 ) ) ;
#5613 = LINE ( 'NONE', #1331, #8381 ) ;
#5614 = EDGE_LOOP ( 'NONE', ( #3984, #3248, #6327, #6959 ) ) ;
#5615 = CARTESIAN_POINT ( 'NONE',  ( -0.1860939424883464588, 0.2775590551180799337, 0.2480314960630220500 ) ) ;
#5616 = DIRECTION ( 'NONE',  ( 0.000000000000000000, -1.000000000000000000, -1.533386026818315256E-14 ) ) ;
#5617 = DIRECTION ( 'NONE',  ( 0.000000000000000000, 3.491481338843134933E-15, -1.000000000000000000 ) ) ;
#5618 = AXIS2_PLACEMENT_3D ( 'NONE', #7577, #4190, #11123 ) ;
#5619 = VERTEX_POINT ( 'NONE', #910 ) ;
#5620 = DIRECTION ( 'NONE',  ( 0.000000000000000000, 0.5464265657704129309, 0.8375070198036269620 ) ) ;
#5621 = ORIENTED_EDGE ( 'NONE', *, *, #7435, .F. ) ;
#5622 = CARTESIAN_POINT ( 'NONE',  ( -0.1958661417257874238, 0.2125984251968161542, -0.2066929133857264012 ) ) ;
#5623 = EDGE_CURVE ( 'NONE', #179, #5992, #8131, .T. ) ;
#5624 = CARTESIAN_POINT ( 'NONE',  ( -0.06594488165523622325, 0.2125984251968299488, -0.2125984251968208727 ) ) ;
#5625 = CARTESIAN_POINT ( 'NONE',  ( 0.06003937007874016185, 0.2362204724409157630, -0.05433070866138771382 ) ) ;
#5626 = CARTESIAN_POINT ( 'NONE',  ( 0.01181102362204724393, 0.2125984251968204841, 0.07952755905514763413 ) ) ;
#5627 = DIRECTION ( 'NONE',  ( 0.000000000000000000, -1.000000000000000000, -3.491481338843134933E-15 ) ) ;
#5628 = EDGE_LOOP ( 'NONE', ( #2446, #821, #6981, #9757 ) ) ;
#5629 = CARTESIAN_POINT ( 'NONE',  ( -0.1446850391357086818, 0.2165354330708373909, -0.2480314960629626253 ) ) ;
#5630 = DIRECTION ( 'NONE',  ( 0.000000000000000000, -5.782411586589358822E-15, 1.000000000000000000 ) ) ;
#5631 = ORIENTED_EDGE ( 'NONE', *, *, #7881, .F. ) ;
#5632 = CC_DESIGN_SECURITY_CLASSIFICATION ( #7797, ( #4737 ) ) ;
#5633 = ORIENTED_EDGE ( 'NONE', *, *, #7459, .F. ) ;
#5634 = CARTESIAN_POINT ( 'NONE',  ( 0.1033464566929133965, 0.2556349392492224815, -0.006742098347214430139 ) ) ;
#5635 = VERTEX_POINT ( 'NONE', #3891 ) ;
#5636 = EDGE_CURVE ( 'NONE', #9149, #10153, #6496, .T. ) ;
#5637 = DIRECTION ( 'NONE',  ( 3.197442310919999987E-13, -1.000000000000000000, -3.491481338843134933E-15 ) ) ;
#5638 = DIRECTION ( 'NONE',  ( 0.7453559924998994779, -0.6666666666667007135, -2.168404344971010051E-15 ) ) ;
#5639 = CARTESIAN_POINT ( 'NONE',  ( -0.2618110236220472231, 0.2755905511810720632, 0.2468503937008173499 ) ) ;
#5640 = ORIENTED_EDGE ( 'NONE', *, *, #2357, .T. ) ;
#5641 = CARTESIAN_POINT ( 'NONE',  ( 0.1137795275590551269, 0.2834645669291047665, -0.09763779527556082360 ) ) ;
#5642 = ORIENTED_EDGE ( 'NONE', *, *, #3614, .T. ) ;
#5643 = ORIENTED_EDGE ( 'NONE', *, *, #929, .F. ) ;
#5644 = EDGE_CURVE ( 'NONE', #1624, #3676, #10609, .T. ) ;
#5645 = LINE ( 'NONE', #2210, #1094 ) ;
#5646 = ORIENTED_EDGE ( 'NONE', *, *, #5869, .T. ) ;
#5647 = DIRECTION ( 'NONE',  ( 1.932084122321000155E-11, -1.000000000000000000, -1.019977973949884018E-11 ) ) ;
#5648 = CARTESIAN_POINT ( 'NONE',  ( -0.05216535409606298801, 0.2165354330708373909, -0.2421259842518799221 ) ) ;
#5649 = DIRECTION ( 'NONE',  ( 0.000000000000000000, -1.000000000000000000, -3.491481338843135327E-15 ) ) ;
#5650 = LINE ( 'NONE', #2538, #8305 ) ;
#5651 = CARTESIAN_POINT ( 'NONE',  ( -0.02657480314960630058, 0.2605808468465059535, -0.009969026885245903247 ) ) ;
#5652 = VERTEX_POINT ( 'NONE', #9871 ) ;
#5653 = DIRECTION ( 'NONE',  ( -0.5511953220340278792, 2.913209086370949956E-15, -0.8343762442494419007 ) ) ;
#5654 = ORIENTED_EDGE ( 'NONE', *, *, #4447, .F. ) ;
#5655 = ORIENTED_EDGE ( 'NONE', *, *, #10044, .T. ) ;
#5656 = ADVANCED_FACE ( 'NONE', ( #5471 ), #4629, .T. ) ;
#5657 = EDGE_CURVE ( 'NONE', #7311, #4281, #10550, .T. ) ;
#5658 = DIRECTION ( 'NONE',  ( 0.000000000000000000, -1.000000000000000000, -3.491481338843134933E-15 ) ) ;
#5659 = AXIS2_PLACEMENT_3D ( 'NONE', #6262, #9710, #303 ) ;
#5660 = CARTESIAN_POINT ( 'NONE',  ( 0.06397637818759842332, 0.2125984251968673355, -0.2066929133859586598 ) ) ;
#5661 = CARTESIAN_POINT ( 'NONE',  ( 0.000000000000000000, 0.1909448818897350464, -0.2125984251968208727 ) ) ;
#5662 = DIRECTION ( 'NONE',  ( -1.000000000000000000, -0.000000000000000000, 0.000000000000000000 ) ) ;
#5663 = AXIS2_PLACEMENT_3D ( 'NONE', #6119, #1844, #11043 ) ;
#5664 = ORIENTED_EDGE ( 'NONE', *, *, #3404, .T. ) ;
#5665 = CARTESIAN_POINT ( 'NONE',  ( 0.1210629923610630071, 0.2106299212598137516, -0.2421259842517894112 ) ) ;
#5666 = CARTESIAN_POINT ( 'NONE',  ( -0.2135826771653543399, 0.2165354330708373909, -0.2480314960629626253 ) ) ;
#5667 = DIRECTION ( 'NONE',  ( 1.000000000000000000, 0.000000000000000000, 0.000000000000000000 ) ) ;
#5668 = ORIENTED_EDGE ( 'NONE', *, *, #9784, .F. ) ;
#5669 = EDGE_CURVE ( 'NONE', #9990, #6815, #4166, .T. ) ;
#5670 = LINE ( 'NONE', #9118, #1982 ) ;
#5671 = ORIENTED_EDGE ( 'NONE', *, *, #10786, .T. ) ;
#5672 = DIRECTION ( 'NONE',  ( 0.04537590556877176690, -3.487885054161196375E-15, 0.9989699831295302257 ) ) ;
#5673 = AXIS2_PLACEMENT_3D ( 'NONE', #4311, #9331, #7754 ) ;
#5674 = LINE ( 'NONE', #4730, #1232 ) ;
#5675 = DIRECTION ( 'NONE',  ( 1.000000000000000000, 0.000000000000000000, 0.000000000000000000 ) ) ;
#5676 = CARTESIAN_POINT ( 'NONE',  ( 0.1210629923610630071, 0.2224409448818610024, -0.2185039370078444843 ) ) ;
#5677 = PLANE ( 'NONE',  #979 ) ;
#5678 = VERTEX_POINT ( 'NONE', #7966 ) ;
#5679 = LINE ( 'NONE', #723, #467 ) ;
#5680 = AXIS2_PLACEMENT_3D ( 'NONE', #4469, #917, #7113 ) ;
#5681 = VERTEX_POINT ( 'NONE', #2880 ) ;
#5682 = ADVANCED_FACE ( 'NONE', ( #6195 ), #8917, .T. ) ;
#5683 = VERTEX_POINT ( 'NONE', #2143 ) ;
#5684 = FACE_OUTER_BOUND ( 'NONE', #1512, .T. ) ;
#5685 = ORIENTED_EDGE ( 'NONE', *, *, #5581, .T. ) ;
#5686 = CIRCLE ( 'NONE', #6034, 0.01968503937007876764 ) ;
#5687 = VECTOR ( 'NONE', #2348, 39.37007874015748143 ) ;
#5688 = LINE ( 'NONE', #512, #9883 ) ;
#5689 = DIRECTION ( 'NONE',  ( -1.000000000000000000, -0.000000000000000000, 0.000000000000000000 ) ) ;
#5690 = EDGE_LOOP ( 'NONE', ( #983, #5588, #7046, #4554, #5246, #6738, #8994 ) ) ;
#5691 = LINE ( 'NONE', #3845, #9771 ) ;
#5692 = VERTEX_POINT ( 'NONE', #350 ) ;
#5693 = AXIS2_PLACEMENT_3D ( 'NONE', #9962, #2231, #8335 ) ;
#5694 = ORIENTED_EDGE ( 'NONE', *, *, #8841, .T. ) ;
#5695 = EDGE_CURVE ( 'NONE', #6540, #5042, #243, .T. ) ;
#5696 = VECTOR ( 'NONE', #3478, 39.37007874015748143 ) ;
#5697 = CARTESIAN_POINT ( 'NONE',  ( -0.1732283464566929387, 0.2125984251968204841, 0.07952755905514763413 ) ) ;
#5698 = VERTEX_POINT ( 'NONE', #2825 ) ;
#5699 = DIRECTION ( 'NONE',  ( 0.000000000000000000, 1.000000000000000000, 3.491481338843134933E-15 ) ) ;
#5700 = ORIENTED_EDGE ( 'NONE', *, *, #9694, .T. ) ;
#5701 = VECTOR ( 'NONE', #2346, 39.37007874015748143 ) ;
#5702 = LINE ( 'NONE', #9209, #8088 ) ;
#5703 = VECTOR ( 'NONE', #812, 39.37007874015748854 ) ;
#5704 = EDGE_CURVE ( 'NONE', #1417, #10744, #7220, .T. ) ;
#5705 = CARTESIAN_POINT ( 'NONE',  ( -0.2594488188976378784, 0.2716535433070578764, -0.2125984251968208727 ) ) ;
#5706 = DIRECTION ( 'NONE',  ( -1.000000000000000000, 0.000000000000000000, 0.000000000000000000 ) ) ;
#5707 = CARTESIAN_POINT ( 'NONE',  ( -0.05807086590712598473, 0.2165354330708373909, -0.2421259842518799221 ) ) ;
#5708 = LINE ( 'NONE', #9999, #9042 ) ;
#5709 = ORIENTED_EDGE ( 'NONE', *, *, #6085, .F. ) ;
#5710 = CYLINDRICAL_SURFACE ( 'NONE', #11014, 0.01377952755905511792 ) ;
#5711 = ORIENTED_EDGE ( 'NONE', *, *, #9067, .F. ) ;
#5712 = ORIENTED_EDGE ( 'NONE', *, *, #8626, .T. ) ;
#5713 = AXIS2_PLACEMENT_3D ( 'NONE', #4079, #7518, #5028 ) ;
#5714 = FACE_OUTER_BOUND ( 'NONE', #1046, .T. ) ;
#5715 = DIRECTION ( 'NONE',  ( 0.000000000000000000, 3.491481338843134933E-15, -1.000000000000000000 ) ) ;
#5716 = ADVANCED_FACE ( 'NONE', ( #9705 ), #1983, .T. ) ;
#5717 = AXIS2_PLACEMENT_3D ( 'NONE', #6978, #5286, #9808 ) ;
#5718 = LINE ( 'NONE', #6616, #8036 ) ;
#5719 = EDGE_CURVE ( 'NONE', #10528, #793, #7044, .T. ) ;
#5720 = DIRECTION ( 'NONE',  ( -0.9113956592657048716, 1.436853605680901552E-15, -0.4115312287927019308 ) ) ;
#5721 = ORIENTED_EDGE ( 'NONE', *, *, #2409, .F. ) ;
#5722 = DIRECTION ( 'NONE',  ( -1.000000000000000000, -2.837886548365999663E-28, 8.128030119462999466E-14 ) ) ;
#5723 = LINE ( 'NONE', #2291, #8946 ) ;
#5724 = ORIENTED_EDGE ( 'NONE', *, *, #1923, .F. ) ;
#5725 = EDGE_CURVE ( 'NONE', #6847, #10991, #5527, .T. ) ;
#5726 = CARTESIAN_POINT ( 'NONE',  ( 0.09842519685039370636, 0.2125984251968212890, -0.07795275590548228495 ) ) ;
#5727 = ORIENTED_EDGE ( 'NONE', *, *, #7035, .T. ) ;
#5728 = CARTESIAN_POINT ( 'NONE',  ( -0.1781496062992126150, 0.2616530078181201202, 0.009686792758139901177 ) ) ;
#5729 = ORIENTED_EDGE ( 'NONE', *, *, #8091, .T. ) ;
#5730 = AXIS2_PLACEMENT_3D ( 'NONE', #7122, #1997, #8825 ) ;
#5731 = PLANE ( 'NONE',  #5180 ) ;
#5732 = DIRECTION ( 'NONE',  ( 0.000000000000000000, -3.491481338843134933E-15, 1.000000000000000000 ) ) ;
#5733 = CARTESIAN_POINT ( 'NONE',  ( 0.1780224714964566968, 0.2421259842519382366, 0.2463342029606594985 ) ) ;
#5734 = EDGE_CURVE ( 'NONE', #1480, #9510, #9207, .T. ) ;
#5735 = LINE ( 'NONE', #8235, #1168 ) ;
#5736 = ORIENTED_EDGE ( 'NONE', *, *, #1568, .T. ) ;
#5737 = CARTESIAN_POINT ( 'NONE',  ( 0.000000000000000000, 0.2421259842519385974, 0.07952755905514784229 ) ) ;
#5738 = AXIS2_PLACEMENT_3D ( 'NONE', #8574, #7618, #4172 ) ;
#5739 = DIRECTION ( 'NONE',  ( 0.000000000000000000, -1.000000000000000000, -3.491481338843134933E-15 ) ) ;
#5740 = DIRECTION ( 'NONE',  ( 0.000000000000000000, 1.000000000000000000, 3.491481338843135327E-15 ) ) ;
#5741 = ORIENTED_EDGE ( 'NONE', *, *, #5760, .T. ) ;
#5742 = LINE ( 'NONE', #1353, #9386 ) ;
#5743 = VERTEX_POINT ( 'NONE', #10718 ) ;
#5744 = CIRCLE ( 'NONE', #10249, 0.005905511811023620231 ) ;
#5745 = CARTESIAN_POINT ( 'NONE',  ( 0.1780224714961417820, 0.2775590551180799337, 0.2463342029606598593 ) ) ;
#5746 = EDGE_CURVE ( 'NONE', #9621, #7416, #2987, .T. ) ;
#5747 = DIRECTION ( 'NONE',  ( 0.000000000000000000, -1.000000000000000000, -3.491481338843134933E-15 ) ) ;
#5748 = CARTESIAN_POINT ( 'NONE',  ( 0.000000000000000000, 0.2490157480314673100, -0.2125984251968208727 ) ) ;
#5749 = ORIENTED_EDGE ( 'NONE', *, *, #602, .F. ) ;
#5750 = VECTOR ( 'NONE', #10493, 39.37007874015748143 ) ;
#5751 = ORIENTED_EDGE ( 'NONE', *, *, #2855, .T. ) ;
#5752 = CARTESIAN_POINT ( 'NONE',  ( 0.2594488188976378784, 0.2834645669291035452, 0.2055118110236519857 ) ) ;
#5753 = ORIENTED_EDGE ( 'NONE', *, *, #1337, .F. ) ;
#5754 = CARTESIAN_POINT ( 'NONE',  ( 0.1033464566929133965, 0.2598425196850102648, -0.05433070866142700878 ) ) ;
#5755 = VERTEX_POINT ( 'NONE', #4575 ) ;
#5756 = AXIS2_PLACEMENT_3D ( 'NONE', #5489, #9728, #4760 ) ;
#5757 = VECTOR ( 'NONE', #11087, 39.37007874015748143 ) ;
#5758 = LINE ( 'NONE', #8369, #1592 ) ;
#5759 = EDGE_CURVE ( 'NONE', #10264, #10520, #4740, .T. ) ;
#5760 = EDGE_CURVE ( 'NONE', #5777, #2972, #5355, .T. ) ;
#5761 = PLANE ( 'NONE',  #7121 ) ;
#5762 = DIRECTION ( 'NONE',  ( 0.000000000000000000, -1.000000000000000000, -3.491481338843134933E-15 ) ) ;
#5763 = CARTESIAN_POINT ( 'NONE',  ( -0.2653543307086614345, 0.2775590551180814880, -0.2125984251968204841 ) ) ;
#5764 = DIRECTION ( 'NONE',  ( 0.000000000000000000, -2.891205793294679411E-15, 1.000000000000000000 ) ) ;
#5765 = ORIENTED_EDGE ( 'NONE', *, *, #2492, .F. ) ;
#5766 = CARTESIAN_POINT ( 'NONE',  ( 0.01673228346456692717, 0.2362204724409153467, 0.05986524456920295362 ) ) ;
#5767 = VERTEX_POINT ( 'NONE', #3725 ) ;
#5768 = EDGE_LOOP ( 'NONE', ( #10666, #10043, #1618, #10830 ) ) ;
#5769 = VECTOR ( 'NONE', #10625, 39.37007874015748143 ) ;
#5770 = DIRECTION ( 'NONE',  ( 1.000000000000000000, 0.000000000000000000, 0.000000000000000000 ) ) ;
#5771 = EDGE_CURVE ( 'NONE', #6655, #152, #5742, .T. ) ;
#5772 = LINE ( 'NONE', #10010, #7622 ) ;
#5773 = VECTOR ( 'NONE', #5617, 39.37007874015748143 ) ;
#5774 = AXIS2_PLACEMENT_3D ( 'NONE', #10377, #9593, #7793 ) ;
#5775 = LINE ( 'NONE', #9166, #10186 ) ;
#5776 = DIRECTION ( 'NONE',  ( 0.000000000000000000, -1.000000000000000000, -3.491481338843134933E-15 ) ) ;
#5777 = VERTEX_POINT ( 'NONE', #2198 ) ;
#5778 = CARTESIAN_POINT ( 'NONE',  ( 0.2594488188976378784, 0.2716535433070578764, -0.2125984251968208727 ) ) ;
#5779 = LINE ( 'NONE', #1506, #408 ) ;
#5780 = ORIENTED_EDGE ( 'NONE', *, *, #4287, .T. ) ;
#5781 = DIRECTION ( 'NONE',  ( 0.000000000000000000, -1.000000000000000000, -3.491481338843134933E-15 ) ) ;
#5782 = VERTEX_POINT ( 'NONE', #5634 ) ;
#5783 = LINE ( 'NONE', #9234, #2519 ) ;
#5784 = EDGE_LOOP ( 'NONE', ( #7222, #9762, #3917, #7512, #2336, #7333, #7388, #6921 ) ) ;
#5785 = VECTOR ( 'NONE', #3578, 39.37007874015748854 ) ;
#5786 = ADVANCED_FACE ( 'NONE', ( #4004 ), #3207, .T. ) ;
#5787 = DIRECTION ( 'NONE',  ( 0.000000000000000000, -1.000000000000000000, -3.491481338843134933E-15 ) ) ;
#5788 = CARTESIAN_POINT ( 'NONE',  ( -0.1010685941639370006, 0.2421259842519382366, 0.2059339810055413611 ) ) ;
#5789 = DIRECTION ( 'NONE',  ( -1.000000000000000000, -0.000000000000000000, 0.000000000000000000 ) ) ;
#5790 = CARTESIAN_POINT ( 'NONE',  ( 0.03838582677165354451, 0.2351129816986712584, -0.03819606597134834330 ) ) ;
#5791 = ORIENTED_EDGE ( 'NONE', *, *, #6621, .F. ) ;
#5792 = VECTOR ( 'NONE', #3228, 39.37007874015748143 ) ;
#5793 = CYLINDRICAL_SURFACE ( 'NONE', #2824, 0.01377952755905511792 ) ;
#5794 = CARTESIAN_POINT ( 'NONE',  ( -0.004921259842519684971, 0.2605808468465059535, -0.009969026885245903247 ) ) ;
#5795 = FACE_OUTER_BOUND ( 'NONE', #8309, .T. ) ;
#5796 = ADVANCED_FACE ( 'NONE', ( #9135 ), #9299, .T. ) ;
#5797 = ORIENTED_EDGE ( 'NONE', *, *, #3457, .T. ) ;
#5798 = ADVANCED_FACE ( 'NONE', ( #729 ), #8242, .T. ) ;
#5799 = ADVANCED_FACE ( 'NONE', ( #5684 ), #1577, .T. ) ;
#5800 = CARTESIAN_POINT ( 'NONE',  ( 0.2076771653550787688, 0.2106299212598137516, -0.2480314960629921295 ) ) ;
#5801 = ORIENTED_EDGE ( 'NONE', *, *, #9479, .F. ) ;
#5802 = AXIS2_PLACEMENT_3D ( 'NONE', #8976, #4747, #460 ) ;
#5803 = DIRECTION ( 'NONE',  ( 0.9520922816978468761, -1.067732939662159826E-15, 0.3058108682362149500 ) ) ;
#5804 = CARTESIAN_POINT ( 'NONE',  ( 0.08169291338582677919, 0.2440944881889468288, 0.0007874015747934192061 ) ) ;
#5805 = CARTESIAN_POINT ( 'NONE',  ( 0.1780224714964566968, 0.2125984251968200955, 0.2463342029606594985 ) ) ;
#5806 = ORIENTED_EDGE ( 'NONE', *, *, #6199, .T. ) ;
#5807 = CIRCLE ( 'NONE', #4916, 0.01181102362204724046 ) ;
#5808 = ORIENTED_EDGE ( 'NONE', *, *, #6057, .T. ) ;
#5809 = ORIENTED_EDGE ( 'NONE', *, *, #945, .T. ) ;
#5810 = DIRECTION ( 'NONE',  ( -1.000000000000000000, 0.000000000000000000, 0.000000000000000000 ) ) ;
#5811 = ORIENTED_EDGE ( 'NONE', *, *, #9784, .T. ) ;
#5812 = EDGE_CURVE ( 'NONE', #7061, #9080, #7445, .T. ) ;
#5813 = CYLINDRICAL_SURFACE ( 'NONE', #1640, 0.01968503937007873988 ) ;
#5814 = EDGE_LOOP ( 'NONE', ( #9643, #7069, #4848, #3577, #8470 ) ) ;
#5815 = CARTESIAN_POINT ( 'NONE',  ( 0.2618110236220472231, 0.2755905511810720632, 0.2468503937008173499 ) ) ;
#5816 = FACE_OUTER_BOUND ( 'NONE', #7446, .T. ) ;
#5817 = CARTESIAN_POINT ( 'NONE',  ( 0.2712598425196850460, 0.2145669291338295481, -0.2125984251968208727 ) ) ;
#5818 = CARTESIAN_POINT ( 'NONE',  ( 0.1196850393700787524, 0.2834645669291047665, -0.1035433070865844490 ) ) ;
#5819 = VERTEX_POINT ( 'NONE', #508 ) ;
#5820 = VECTOR ( 'NONE', #5616, 39.37007874015748143 ) ;
#5821 = PLANE ( 'NONE',  #7960 ) ;
#5822 = ORIENTED_EDGE ( 'NONE', *, *, #8651, .F. ) ;
#5823 = ORIENTED_EDGE ( 'NONE', *, *, #5066, .F. ) ;
#5824 = EDGE_CURVE ( 'NONE', #8653, #1387, #567, .T. ) ;
#5825 = FACE_OUTER_BOUND ( 'NONE', #1142, .T. ) ;
#5826 = DIRECTION ( 'NONE',  ( 1.000000000000000000, 0.000000000000000000, 0.000000000000000000 ) ) ;
#5827 = CARTESIAN_POINT ( 'NONE',  ( -0.004921259842519684971, 0.2303149606298921792, -0.07795275590552164235 ) ) ;
#5828 = EDGE_LOOP ( 'NONE', ( #8966, #9965, #2032, #4386 ) ) ;
#5829 = DIRECTION ( 'NONE',  ( -0.9520922816987847925, -1.067732939651965573E-15, 0.3058108682332949524 ) ) ;
#5830 = CARTESIAN_POINT ( 'NONE',  ( -0.08661417322834646937, 0.2125984251968212890, -0.07795275590548228495 ) ) ;
#5831 = ORIENTED_EDGE ( 'NONE', *, *, #6152, .F. ) ;
#5832 = AXIS2_PLACEMENT_3D ( 'NONE', #3660, #8124, #10713 ) ;
#5833 = FACE_OUTER_BOUND ( 'NONE', #6832, .T. ) ;
#5834 = ORIENTED_EDGE ( 'NONE', *, *, #1044, .T. ) ;
#5835 = EDGE_CURVE ( 'NONE', #5033, #3507, #10775, .T. ) ;
#5836 = LINE ( 'NONE', #8393, #1623 ) ;
#5837 = ORIENTED_EDGE ( 'NONE', *, *, #4290, .F. ) ;
#5838 = AXIS2_PLACEMENT_3D ( 'NONE', #8845, #2748, #6174 ) ;
#5839 = LINE ( 'NONE', #6948, #3209 ) ;
#5840 = LINE ( 'NONE', #1220, #4555 ) ;
#5841 = LINE ( 'NONE', #4213, #7323 ) ;
#5842 = LINE ( 'NONE', #9291, #2067 ) ;
#5843 = ORIENTED_EDGE ( 'NONE', *, *, #9770, .T. ) ;
#5844 = CARTESIAN_POINT ( 'NONE',  ( 0.2653543307086614345, 0.2145669291338283546, 0.1051181102362499925 ) ) ;
#5845 = EDGE_CURVE ( 'NONE', #4114, #4922, #9751, .T. ) ;
#5846 = FACE_OUTER_BOUND ( 'NONE', #2414, .T. ) ;
#5847 = LINE ( 'NONE', #5115, #196 ) ;
#5848 = VECTOR ( 'NONE', #8828, 39.37007874015748143 ) ;
#5849 = VERTEX_POINT ( 'NONE', #5800 ) ;
#5850 = CARTESIAN_POINT ( 'NONE',  ( 0.2712598425196850460, 0.2145669291338295481, -0.2125984251968208727 ) ) ;
#5851 = EDGE_LOOP ( 'NONE', ( #6634, #8394, #1504, #8863, #937, #4859, #2959, #297, #8503, #4465 ) ) ;
#5852 = DIRECTION ( 'NONE',  ( 0.000000000000000000, 3.491481338843134933E-15, -1.000000000000000000 ) ) ;
#5853 = DIRECTION ( 'NONE',  ( 1.000000000000000000, 0.000000000000000000, 0.000000000000000000 ) ) ;
#5854 = VECTOR ( 'NONE', #5561, 39.37007874015748143 ) ;
#5855 = DIRECTION ( 'NONE',  ( -1.000000000000000000, 0.000000000000000000, 0.000000000000000000 ) ) ;
#5856 = LINE ( 'NONE', #5543, #10019 ) ;
#5857 = EDGE_CURVE ( 'NONE', #8327, #3158, #10146, .T. ) ;
#5858 = EDGE_CURVE ( 'NONE', #2488, #5309, #2312, .T. ) ;
#5859 = ORIENTED_EDGE ( 'NONE', *, *, #867, .F. ) ;
#5860 = ORIENTED_EDGE ( 'NONE', *, *, #10121, .T. ) ;
#5861 = CARTESIAN_POINT ( 'NONE',  ( -0.2909448818897638067, 0.2165354330708362252, 0.06377952755932086992 ) ) ;
#5862 = EDGE_CURVE ( 'NONE', #1966, #1078, #3100, .T. ) ;
#5863 = ORIENTED_EDGE ( 'NONE', *, *, #2029, .T. ) ;
#5864 = AXIS2_PLACEMENT_3D ( 'NONE', #11107, #10428, #9415 ) ;
#5865 = CARTESIAN_POINT ( 'NONE',  ( -0.1781496062992126150, 0.2598425196850102648, -0.05433070866142700878 ) ) ;
#5866 = ORIENTED_EDGE ( 'NONE', *, *, #9706, .T. ) ;
#5867 = DIRECTION ( 'NONE',  ( 0.000000000000000000, 1.000000000000000000, 3.491481338843134933E-15 ) ) ;
#5868 = CIRCLE ( 'NONE', #2461, 0.01377952755905512312 ) ;
#5869 = EDGE_CURVE ( 'NONE', #7076, #786, #10092, .T. ) ;
#5870 = CARTESIAN_POINT ( 'NONE',  ( -0.2712598425196850460, 0.2716535433070562666, 0.2055118110236515971 ) ) ;
#5871 = DIRECTION ( 'NONE',  ( 1.000000000000000000, 0.000000000000000000, 0.000000000000000000 ) ) ;
#5872 = CARTESIAN_POINT ( 'NONE',  ( -0.04822834645669291098, 0.2440944881889468288, 0.0007874015747934192061 ) ) ;
#5873 = ORIENTED_EDGE ( 'NONE', *, *, #778, .T. ) ;
#5874 = DIRECTION ( 'NONE',  ( 0.000000000000000000, -1.000000000000000000, -3.491481338843135327E-15 ) ) ;
#5875 = ORIENTED_EDGE ( 'NONE', *, *, #2843, .F. ) ;
#5876 = ORIENTED_EDGE ( 'NONE', *, *, #6085, .T. ) ;
#5877 = CARTESIAN_POINT ( 'NONE',  ( 0.06003937007874016185, 0.1909448818897350464, -0.2480314960630413401 ) ) ;
#5878 = VECTOR ( 'NONE', #4427, 39.37007874015748143 ) ;
#5879 = CIRCLE ( 'NONE', #4789, 0.02362204724409448092 ) ;
#5880 = LINE ( 'NONE', #1712, #300 ) ;
#5881 = EDGE_CURVE ( 'NONE', #6956, #5460, #8301, .T. ) ;
#5882 = LINE ( 'NONE', #8603, #10001 ) ;
#5883 = ORIENTED_EDGE ( 'NONE', *, *, #1185, .F. ) ;
#5884 = LINE ( 'NONE', #4313, #2292 ) ;
#5885 = LINE ( 'NONE', #3349, #9612 ) ;
#5886 = VECTOR ( 'NONE', #4282, 39.37007874015748143 ) ;
#5887 = ORIENTED_EDGE ( 'NONE', *, *, #3460, .T. ) ;
#5888 = CARTESIAN_POINT ( 'NONE',  ( 0.000000000000000000, 0.2490157480314661442, 0.1051181102362502007 ) ) ;
#5889 = ORIENTED_EDGE ( 'NONE', *, *, #2766, .T. ) ;
#5890 = ORIENTED_EDGE ( 'NONE', *, *, #10407, .T. ) ;
#5891 = DIRECTION ( 'NONE',  ( -1.000000000000000000, 0.000000000000000000, 0.000000000000000000 ) ) ;
#5892 = ORIENTED_EDGE ( 'NONE', *, *, #4625, .T. ) ;
#5893 = CIRCLE ( 'NONE', #3555, 0.01377952755905512312 ) ;
#5894 = CARTESIAN_POINT ( 'NONE',  ( -0.1968503937007874127, 0.1968503937007582694, -0.1094488188976082688 ) ) ;
#5895 = DIRECTION ( 'NONE',  ( 1.000000000000000000, 0.000000000000000000, 0.000000000000000000 ) ) ;
#5896 = CARTESIAN_POINT ( 'NONE',  ( -0.09547244071035433655, 0.2106299212598137516, -0.2421259842519685179 ) ) ;
#5897 = EDGE_CURVE ( 'NONE', #9775, #522, #3151, .T. ) ;
#5898 = CARTESIAN_POINT ( 'NONE',  ( 0.05511811023622047168, 0.2125984251968212890, -0.07795275590548228495 ) ) ;
#5899 = ADVANCED_FACE ( 'NONE', ( #4907 ), #8356, .F. ) ;
#5900 = ORIENTED_EDGE ( 'NONE', *, *, #4287, .F. ) ;
#5901 = FACE_OUTER_BOUND ( 'NONE', #2422, .T. ) ;
#5902 = DIRECTION ( 'NONE',  ( -0.9520922816987557047, -1.067732939652284076E-15, 0.3058108682333859352 ) ) ;
#5903 = DIRECTION ( 'NONE',  ( -0.8757303101584911209, -1.685689301587470072E-15, 0.4828006046699950260 ) ) ;
#5904 = AXIS2_PLACEMENT_3D ( 'NONE', #524, #7516, #3280 ) ;
#5905 = ORIENTED_EDGE ( 'NONE', *, *, #7729, .F. ) ;
#5906 = CARTESIAN_POINT ( 'NONE',  ( -0.2712598425196850460, 0.2145669291338295481, -0.2125984251968208727 ) ) ;
#5907 = ORIENTED_EDGE ( 'NONE', *, *, #4197, .F. ) ;
#5908 = EDGE_CURVE ( 'NONE', #8810, #3039, #2421, .T. ) ;
#5909 = LINE ( 'NONE', #8521, #9683 ) ;
#5910 = CARTESIAN_POINT ( 'NONE',  ( -0.1998031496062991907, 0.2309529165521752303, 0.05719542721420283610 ) ) ;
#5911 = DIRECTION ( 'NONE',  ( 7.798738506755098387E-11, 5.782411586531547151E-15, -1.000000000000000000 ) ) ;
#5912 = ORIENTED_EDGE ( 'NONE', *, *, #3664, .T. ) ;
#5913 = VERTEX_POINT ( 'NONE', #9354 ) ;
#5914 = CARTESIAN_POINT ( 'NONE',  ( 0.2594488188976378784, 0.2775590551180814880, -0.2125984251968204841 ) ) ;
#5915 = ORIENTED_EDGE ( 'NONE', *, *, #10371, .T. ) ;
#5916 = VECTOR ( 'NONE', #5927, 39.37007874015748143 ) ;
#5917 = DIRECTION ( 'NONE',  ( -0.7453559924998994779, -0.6666666666667007135, -2.168404344971010051E-15 ) ) ;
#5918 = VERTEX_POINT ( 'NONE', #111 ) ;
#5919 = EDGE_CURVE ( 'NONE', #7805, #2634, #1684, .T. ) ;
#5920 = ADVANCED_FACE ( 'NONE', ( #785 ), #4338, .T. ) ;
#5921 = DIRECTION ( 'NONE',  ( 0.000000000000000000, -0.5464265657704129309, -0.8375070198036269620 ) ) ;
#5922 = VECTOR ( 'NONE', #740, 39.37007874015748143 ) ;
#5923 = DIRECTION ( 'NONE',  ( 0.000000000000000000, 1.000000000000000000, 3.491481338843134933E-15 ) ) ;
#5924 = CARTESIAN_POINT ( 'NONE',  ( 0.1299212598425196763, 0.2421259842519393746, -0.07795275590548228495 ) ) ;
#5925 = LINE ( 'NONE', #10163, #11022 ) ;
#5926 = ORIENTED_EDGE ( 'NONE', *, *, #10883, .T. ) ;
#5927 = DIRECTION ( 'NONE',  ( 1.000000000000000000, 0.000000000000000000, 0.000000000000000000 ) ) ;
#5928 = ORIENTED_EDGE ( 'NONE', *, *, #10696, .F. ) ;
#5929 = VERTEX_POINT ( 'NONE', #8685 ) ;
#5930 = EDGE_CURVE ( 'NONE', #7041, #96, #56, .T. ) ;
#5931 = CARTESIAN_POINT ( 'NONE',  ( -0.2850393700787008378, 0.2106299212598126414, 0.1051181102362499925 ) ) ;
#5932 = CIRCLE ( 'NONE', #10636, 0.005905511811023615894 ) ;
#5933 = EDGE_CURVE ( 'NONE', #3836, #5019, #9577, .T. ) ;
#5934 = VECTOR ( 'NONE', #3127, 39.37007874015748143 ) ;
#5935 = EDGE_CURVE ( 'NONE', #5973, #8143, #7834, .T. ) ;
#5936 = LINE ( 'NONE', #9225, #10552 ) ;
#5937 = PLANE ( 'NONE',  #9277 ) ;
#5938 = ORIENTED_EDGE ( 'NONE', *, *, #7835, .T. ) ;
#5939 = CIRCLE ( 'NONE', #1278, 0.005905511811082662411 ) ;
#5940 = DIRECTION ( 'NONE',  ( 0.000000000000000000, -1.000000000000000000, -3.491481338843135327E-15 ) ) ;
#5941 = CIRCLE ( 'NONE', #10272, 0.005905511811023620231 ) ;
#5942 = EDGE_LOOP ( 'NONE', ( #6418, #2344, #714, #10692 ) ) ;
#5943 = PERSON_AND_ORGANIZATION ( #883, #3837 ) ;
#5944 = DIRECTION ( 'NONE',  ( 0.000000000000000000, -1.000000000000000000, -3.469446951953614978E-15 ) ) ;
#5945 = VERTEX_POINT ( 'NONE', #5175 ) ;
#5946 = ORIENTED_EDGE ( 'NONE', *, *, #8766, .F. ) ;
#5947 = LINE ( 'NONE', #9285, #4326 ) ;
#5948 = ORIENTED_EDGE ( 'NONE', *, *, #853, .F. ) ;
#5949 = ADVANCED_FACE ( 'NONE', ( #5117 ), #4280, .T. ) ;
#5950 = VECTOR ( 'NONE', #4942, 39.37007874015748143 ) ;
#5951 = VECTOR ( 'NONE', #796, 39.37007874015748143 ) ;
#5952 = CARTESIAN_POINT ( 'NONE',  ( -0.1549896822522440765, 0.2834645669291035452, 0.2314365286929433163 ) ) ;
#5953 = DIRECTION ( 'NONE',  ( 0.000000000000000000, 1.000000000000000000, 3.491481338843135327E-15 ) ) ;
#5954 = LINE ( 'NONE', #4271, #9274 ) ;
#5955 = EDGE_LOOP ( 'NONE', ( #4778, #5604, #220, #4795 ) ) ;
#5956 = CARTESIAN_POINT ( 'NONE',  ( -0.1013779525214173333, 0.2165354330708373909, -0.2480314960629626253 ) ) ;
#5957 = CARTESIAN_POINT ( 'NONE',  ( -0.2653543307086614345, 0.2145669291338295481, -0.2125984251968208727 ) ) ;
#5958 = DIRECTION ( 'NONE',  ( -1.000000000000000000, 0.000000000000000000, 0.000000000000000000 ) ) ;
#5959 = VECTOR ( 'NONE', #4543, 39.37007874015748143 ) ;
#5960 = ORIENTED_EDGE ( 'NONE', *, *, #10477, .T. ) ;
#5961 = DIRECTION ( 'NONE',  ( 1.000000000000000000, 0.000000000000000000, 0.000000000000000000 ) ) ;
#5962 = EDGE_CURVE ( 'NONE', #7908, #5945, #10313, .T. ) ;
#5963 = EDGE_LOOP ( 'NONE', ( #7466, #654, #8511, #4392 ) ) ;
#5964 = DIRECTION ( 'NONE',  ( 3.611925573446999913E-13, 1.000000000000000000, 2.421557228972844728E-12 ) ) ;
#5965 = VECTOR ( 'NONE', #6265, 39.37007874015748143 ) ;
#5966 = CARTESIAN_POINT ( 'NONE',  ( -0.1998031496062991907, 0.2303149606298921792, -0.05433070866142708510 ) ) ;
#5967 = LINE ( 'NONE', #9526, #8404 ) ;
#5968 = DIRECTION ( 'NONE',  ( 1.000000000000000000, -1.280294101741007943E-27, 3.666908047016000222E-13 ) ) ;
#5969 = ORIENTED_EDGE ( 'NONE', *, *, #9328, .F. ) ;
#5970 = EDGE_LOOP ( 'NONE', ( #8192, #9099, #4040, #10432, #8154 ) ) ;
#5971 = LINE ( 'NONE', #7845, #6649 ) ;
#5972 = CIRCLE ( 'NONE', #8339, 0.01181102362204725087 ) ;
#5973 = VERTEX_POINT ( 'NONE', #7667 ) ;
#5974 = CARTESIAN_POINT ( 'NONE',  ( -0.004921259842519684971, 0.2563854519293799483, 0.007016975403139922435 ) ) ;
#5975 = EDGE_CURVE ( 'NONE', #8710, #7805, #8117, .T. ) ;
#5976 = ORIENTED_EDGE ( 'NONE', *, *, #5396, .F. ) ;
#5977 = EDGE_CURVE ( 'NONE', #1420, #4739, #8518, .T. ) ;
#5978 = CARTESIAN_POINT ( 'NONE',  ( -0.1446850391357086818, 0.2165354330708373909, -0.2421259842518799221 ) ) ;
#5979 = CARTESIAN_POINT ( 'NONE',  ( -0.1820866139388976346, 0.2106299212598137516, -0.2421259842519685179 ) ) ;
#5980 = CIRCLE ( 'NONE', #2758, 0.01181102362204724740 ) ;
#5981 = CARTESIAN_POINT ( 'NONE',  ( 0.000000000000000000, 0.2125984251968200955, 0.2468503937008169891 ) ) ;
#5982 = CARTESIAN_POINT ( 'NONE',  ( -0.09153543307086613179, 0.2598425196850102648, -0.05433070866142700878 ) ) ;
#5983 = ADVANCED_FACE ( 'NONE', ( #2479 ), #2585, .F. ) ;
#5984 = CARTESIAN_POINT ( 'NONE',  ( 0.2850393700787401952, 0.2106299212598126414, 0.1051181102362499925 ) ) ;
#5985 = ORIENTED_EDGE ( 'NONE', *, *, #10072, .T. ) ;
#5986 = LINE ( 'NONE', #921, #10978 ) ;
#5987 = EDGE_LOOP ( 'NONE', ( #8608, #5480, #986, #2767 ) ) ;
#5988 = ORIENTED_EDGE ( 'NONE', *, *, #3051, .T. ) ;
#5989 = CARTESIAN_POINT ( 'NONE',  ( 0.1998031496067716462, 0.2106299212598137516, -0.2421259842520570860 ) ) ;
#5990 = CARTESIAN_POINT ( 'NONE',  ( -0.2594488188976378784, 0.2716535433070562666, 0.2055118110236515971 ) ) ;
#5991 = DIRECTION ( 'NONE',  ( -1.000000000000000000, 0.000000000000000000, 0.000000000000000000 ) ) ;
#5992 = VERTEX_POINT ( 'NONE', #1794 ) ;
#5993 = CARTESIAN_POINT ( 'NONE',  ( 0.1072834648018897719, 0.2125984251968275895, -0.2125984251968208727 ) ) ;
#5994 = ADVANCED_FACE ( 'NONE', ( #10253 ), #10199, .F. ) ;
#5995 = ORIENTED_EDGE ( 'NONE', *, *, #10465, .T. ) ;
#5996 = EDGE_CURVE ( 'NONE', #991, #1733, #952, .T. ) ;
#5997 = PERSON_AND_ORGANIZATION ( #883, #3837 ) ;
#5998 = FACE_OUTER_BOUND ( 'NONE', #2103, .T. ) ;
#5999 = ORIENTED_EDGE ( 'NONE', *, *, #2774, .T. ) ;
#6000 = VERTEX_POINT ( 'NONE', #11155 ) ;
#6001 = CARTESIAN_POINT ( 'NONE',  ( 0.01673228346456692717, 0.2303149606298921792, -0.05433070866142708510 ) ) ;
#6002 = ORIENTED_EDGE ( 'NONE', *, *, #1956, .F. ) ;
#6003 = PLANE ( 'NONE',  #8346 ) ;
#6004 = DIRECTION ( 'NONE',  ( -1.000000000000000000, 0.000000000000000000, 0.000000000000000000 ) ) ;
#6005 = LINE ( 'NONE', #1677, #2793 ) ;
#6006 = EDGE_LOOP ( 'NONE', ( #10306, #3940, #10970, #7491 ) ) ;
#6007 = CARTESIAN_POINT ( 'NONE',  ( 0.1505905511814173148, 0.2165354330708373909, -0.2185039370078444843 ) ) ;
#6008 = LINE ( 'NONE', #2524, #7127 ) ;
#6009 = ADVANCED_FACE ( 'NONE', ( #8628 ), #4391, .F. ) ;
#6010 = DIRECTION ( 'NONE',  ( 1.000000000000000000, 0.000000000000000000, 0.000000000000000000 ) ) ;
#6011 = ORIENTED_EDGE ( 'NONE', *, *, #5935, .T. ) ;
#6012 = DIRECTION ( 'NONE',  ( 0.000000000000000000, -3.491481338843134933E-15, 1.000000000000000000 ) ) ;
#6013 = EDGE_LOOP ( 'NONE', ( #3755, #2909, #9341, #2792, #6795, #4951, #5105 ) ) ;
#6014 = VECTOR ( 'NONE', #9183, 39.37007874015748143 ) ;
#6015 = LINE ( 'NONE', #1797, #5173 ) ;
#6016 = DIRECTION ( 'NONE',  ( -1.000000000000000000, 0.000000000000000000, 0.000000000000000000 ) ) ;
#6017 = FACE_OUTER_BOUND ( 'NONE', #3670, .T. ) ;
#6018 = EDGE_CURVE ( 'NONE', #5819, #10741, #5068, .T. ) ;
#6019 = VECTOR ( 'NONE', #2689, 39.37007874015748143 ) ;
#6020 = DIRECTION ( 'NONE',  ( -1.000000000000000000, 0.000000000000000000, 0.000000000000000000 ) ) ;
#6021 = ORIENTED_EDGE ( 'NONE', *, *, #7441, .T. ) ;
#6022 = CARTESIAN_POINT ( 'NONE',  ( 0.1250000000000000000, 0.1909448818897350464, -0.2480314960630413401 ) ) ;
#6023 = EDGE_LOOP ( 'NONE', ( #1509, #311, #10759, #4320 ) ) ;
#6024 = CARTESIAN_POINT ( 'NONE',  ( 0.1998031496067716462, 0.2165354330708373909, -0.2421259842520570860 ) ) ;
#6025 = ORIENTED_EDGE ( 'NONE', *, *, #1634, .T. ) ;
#6026 = VECTOR ( 'NONE', #526, 39.37007874015748143 ) ;
#6027 = LINE ( 'NONE', #2773, #58 ) ;
#6028 = ADVANCED_FACE ( 'NONE', ( #7614 ), #11050, .T. ) ;
#6029 = DIRECTION ( 'NONE',  ( 0.000000000000000000, -3.491481338843134933E-15, 1.000000000000000000 ) ) ;
#6030 = EDGE_CURVE ( 'NONE', #10486, #719, #3710, .T. ) ;
#6031 = CARTESIAN_POINT ( 'NONE',  ( 0.1345525796378346517, 0.2834645669291035452, 0.2201693093386125899 ) ) ;
#6032 = LINE ( 'NONE', #5193, #5071 ) ;
#6033 = ORIENTED_EDGE ( 'NONE', *, *, #1711, .T. ) ;
#6034 = AXIS2_PLACEMENT_3D ( 'NONE', #7326, #9129, #503 ) ;
#6035 = VECTOR ( 'NONE', #5336, 39.37007874015748143 ) ;
#6036 = CARTESIAN_POINT ( 'NONE',  ( 0.05511811023622047168, 0.2421259842519393746, -0.07795275590548228495 ) ) ;
#6037 = ORIENTED_EDGE ( 'NONE', *, *, #2259, .T. ) ;
#6038 = ORIENTED_EDGE ( 'NONE', *, *, #10066, .T. ) ;
#6039 = CYLINDRICAL_SURFACE ( 'NONE', #8663, 0.005905511811023620231 ) ;
#6040 = ADVANCED_FACE ( 'NONE', ( #3828, #10707, #8063, #9752, #1125, #8116, #4670, #2925, #340, #2024, #6182 ), #9009, .T. ) ;
#6041 = AXIS2_PLACEMENT_3D ( 'NONE', #1918, #346, #9641 ) ;
#6042 = DIRECTION ( 'NONE',  ( 0.000000000000000000, 3.491481338843135327E-15, -1.000000000000000000 ) ) ;
#6043 = LINE ( 'NONE', #11077, #5131 ) ;
#6044 = ORIENTED_EDGE ( 'NONE', *, *, #10554, .T. ) ;
#6045 = ADVANCED_FACE ( 'NONE', ( #7263 ), #9693, .F. ) ;
#6046 = DIRECTION ( 'NONE',  ( 0.000000000000000000, 3.491481338843134933E-15, -1.000000000000000000 ) ) ;
#6047 = CARTESIAN_POINT ( 'NONE',  ( -0.1564960629921260116, 0.2309529165521752303, 0.05719542721420283610 ) ) ;
#6048 = ORIENTED_EDGE ( 'NONE', *, *, #8666, .T. ) ;
#6049 = APPROVAL_STATUS ( 'not_yet_approved' ) ;
#6050 = CARTESIAN_POINT ( 'NONE',  ( -0.2909448818897638067, 0.2106299212598126414, 0.1051181102362499925 ) ) ;
#6051 = ORIENTED_EDGE ( 'NONE', *, *, #4550, .T. ) ;
#6052 = ORIENTED_EDGE ( 'NONE', *, *, #799, .F. ) ;
#6053 = VECTOR ( 'NONE', #7308, 39.37007874015748143 ) ;
#6054 = DIRECTION ( 'NONE',  ( 0.000000000000000000, 3.491481338843134933E-15, -1.000000000000000000 ) ) ;
#6055 = CLOSED_SHELL ( 'NONE', ( #405, #2952, #4211, #2340, #8965, #10006, #4125, #914, #4010, #8916, #2868, #3447, #8194, #6009, #2269, #9866, #6889, #537, #8844, #9648, #6256, #10653, #3044, #621, #7005, #3720, #4675, #7810, #5022, #9737, #5798, #3236, #5610, #2175, #4918, #5507, #3772, #10436, #5656, #957, #4236, #5148, #7087, #7112, #3704, #8328, #5920, #5422, #4624, #4700, #6491, #10064, #9873, #8246, #3163, #6836, #6345, #7242, #2786, #7708, #7890, #1668, #3193, #10450, #7141, #7914, #8476, #8071, #10556, #10345, #7259, #10774, #6332, #5085, #3038, #675 ) ) ;
#6056 = ORIENTED_EDGE ( 'NONE', *, *, #5535, .F. ) ;
#6057 = EDGE_CURVE ( 'NONE', #4694, #5973, #8906, .T. ) ;
#6058 = EDGE_CURVE ( 'NONE', #8340, #349, #2867, .T. ) ;
#6059 = DIRECTION ( 'NONE',  ( 0.000000000000000000, -0.4520890721125807588, 0.8919727971616544515 ) ) ;
#6060 = AXIS2_PLACEMENT_3D ( 'NONE', #3687, #6103, #5440 ) ;
#6061 = EDGE_LOOP ( 'NONE', ( #1697, #1043, #2893, #5128 ) ) ;
#6062 = DIRECTION ( 'NONE',  ( 0.000000000000000000, -3.491481338843134933E-15, 1.000000000000000000 ) ) ;
#6063 = ORIENTED_EDGE ( 'NONE', *, *, #8725, .T. ) ;
#6064 = ADVANCED_FACE ( 'NONE', ( #5400 ), #4503, .T. ) ;
#6065 = LINE ( 'NONE', #5168, #9301 ) ;
#6066 = CARTESIAN_POINT ( 'NONE',  ( 0.1345525796381102646, 0.2834645669291035452, 0.2201693093386125899 ) ) ;
#6067 = CARTESIAN_POINT ( 'NONE',  ( -0.1722440944881890035, 0.1909448818897346856, -0.1094488188976082688 ) ) ;
#6068 = ORIENTED_EDGE ( 'NONE', *, *, #8599, .F. ) ;
#6069 = AXIS2_PLACEMENT_3D ( 'NONE', #8757, #6995, #7114 ) ;
#6070 = DIRECTION ( 'NONE',  ( -1.000000000000000000, 0.000000000000000000, 0.000000000000000000 ) ) ;
#6071 = ORIENTED_EDGE ( 'NONE', *, *, #5094, .F. ) ;
#6072 = EDGE_CURVE ( 'NONE', #3412, #8431, #6356, .T. ) ;
#6073 = CARTESIAN_POINT ( 'NONE',  ( 0.1643700787405905361, 0.2106299212598137516, -0.2421259842518484473 ) ) ;
#6074 = CARTESIAN_POINT ( 'NONE',  ( 0.06003937007874016185, 0.2309529165521752303, 0.05719542721420283610 ) ) ;
#6075 = VERTEX_POINT ( 'NONE', #2076 ) ;
#6076 = CARTESIAN_POINT ( 'NONE',  ( 0.1033464566929133965, 0.2351129816986712584, -0.03819606597134834330 ) ) ;
#6077 = VECTOR ( 'NONE', #7896, 39.37007874015748143 ) ;
#6078 = LINE ( 'NONE', #8013, #6311 ) ;
#6079 = ORIENTED_EDGE ( 'NONE', *, *, #6383, .F. ) ;
#6080 = CARTESIAN_POINT ( 'NONE',  ( 0.08169291338582677919, 0.2556349392492224815, -0.006742098347214430139 ) ) ;
#6081 = VERTEX_POINT ( 'NONE', #167 ) ;
#6082 = LINE ( 'NONE', #5974, #3625 ) ;
#6083 = ORIENTED_EDGE ( 'NONE', *, *, #2190, .F. ) ;
#6084 = AXIS2_PLACEMENT_3D ( 'NONE', #4645, #7181, #2159 ) ;
#6085 = EDGE_CURVE ( 'NONE', #266, #8540, #7894, .T. ) ;
#6086 = DIRECTION ( 'NONE',  ( 0.000000000000000000, 3.491481338843134933E-15, -1.000000000000000000 ) ) ;
#6087 = LINE ( 'NONE', #10967, #4377 ) ;
#6088 = DIRECTION ( 'NONE',  ( 0.000000000000000000, 1.000000000000000000, 3.491481338843135327E-15 ) ) ;
#6089 = CARTESIAN_POINT ( 'NONE',  ( 0.2618110236219685083, 0.2775590551180799337, 0.2055118110236515971 ) ) ;
#6090 = FACE_OUTER_BOUND ( 'NONE', #9824, .T. ) ;
#6091 = ORIENTED_EDGE ( 'NONE', *, *, #10414, .F. ) ;
#6092 = DIRECTION ( 'NONE',  ( -2.790360535217999980E-13, 3.491481338843134933E-15, -1.000000000000000000 ) ) ;
#6093 = ORIENTED_EDGE ( 'NONE', *, *, #7435, .T. ) ;
#6094 = VERTEX_POINT ( 'NONE', #3597 ) ;
#6095 = DIRECTION ( 'NONE',  ( 1.000000000000000000, 0.000000000000000000, 0.000000000000000000 ) ) ;
#6096 = EDGE_CURVE ( 'NONE', #2972, #5130, #7014, .T. ) ;
#6097 = ADVANCED_FACE ( 'NONE', ( #7036 ), #10480, .T. ) ;
#6098 = VECTOR ( 'NONE', #5478, 39.37007874015748143 ) ;
#6099 = DIRECTION ( 'NONE',  ( 1.000000000000000000, 0.000000000000000000, 0.000000000000000000 ) ) ;
#6100 = CYLINDRICAL_SURFACE ( 'NONE', #6781, 0.01968503937007873988 ) ;
#6101 = CARTESIAN_POINT ( 'NONE',  ( -0.2712598425196850460, 0.2834645669291050996, -0.2125984251968204841 ) ) ;
#6102 = ORIENTED_EDGE ( 'NONE', *, *, #6532, .F. ) ;
#6103 = DIRECTION ( 'NONE',  ( -1.000000000000000000, -0.000000000000000000, 0.000000000000000000 ) ) ;
#6104 = CARTESIAN_POINT ( 'NONE',  ( -0.1564960629921260116, 0.2351129816986712584, -0.03819606597134834330 ) ) ;
#6105 = ORIENTED_EDGE ( 'NONE', *, *, #1228, .T. ) ;
#6106 = PERSON_AND_ORGANIZATION ( #883, #3837 ) ;
#6107 = PLANE ( 'NONE',  #8320 ) ;
#6108 = VECTOR ( 'NONE', #1176, 39.37007874015748854 ) ;
#6109 = EDGE_LOOP ( 'NONE', ( #9188, #10209, #831, #4381 ) ) ;
#6110 = ORIENTED_EDGE ( 'NONE', *, *, #4812, .F. ) ;
#6111 = VECTOR ( 'NONE', #5296, 39.37007874015748143 ) ;
#6112 = DIRECTION ( 'NONE',  ( -1.206146293952999964E-11, 1.000000000000000000, 3.491481338843134933E-15 ) ) ;
#6113 = ORIENTED_EDGE ( 'NONE', *, *, #5562, .F. ) ;
#6114 = EDGE_CURVE ( 'NONE', #3126, #1715, #283, .T. ) ;
#6115 = CARTESIAN_POINT ( 'NONE',  ( -0.06988188976377952832, 0.2362204724409157630, -0.05433070866138771382 ) ) ;
#6116 = AXIS2_PLACEMENT_3D ( 'NONE', #7205, #5461, #10657 ) ;
#6117 = AXIS2_PLACEMENT_3D ( 'NONE', #98, #938, #9620 ) ;
#6118 = LINE ( 'NONE', #7024, #5160 ) ;
#6119 = CARTESIAN_POINT ( 'NONE',  ( -0.05216535409606298801, 0.2224409448818610024, -0.2185039370078444843 ) ) ;
#6120 = ORIENTED_EDGE ( 'NONE', *, *, #901, .T. ) ;
#6121 = CARTESIAN_POINT ( 'NONE',  ( -0.05216535409606298801, 0.2106299212598137516, -0.2421259842519685179 ) ) ;
#6122 = DIRECTION ( 'NONE',  ( 0.4115312287940900982, 3.182120936626656386E-15, -0.9113956592650780397 ) ) ;
#6123 = CYLINDRICAL_SURFACE ( 'NONE', #8486, 0.005905511811023620231 ) ;
#6124 = EDGE_CURVE ( 'NONE', #8220, #8429, #7561, .T. ) ;
#6125 = EDGE_LOOP ( 'NONE', ( #10788, #8878, #836, #999 ) ) ;
#6126 = VECTOR ( 'NONE', #3203, 39.37007874015748143 ) ;
#6127 = VECTOR ( 'NONE', #10007, 39.37007874015748143 ) ;
#6128 = DIRECTION ( 'NONE',  ( 0.000000000000000000, -0.4520890721125805922, 0.8919727971616542295 ) ) ;
#6129 = EDGE_LOOP ( 'NONE', ( #2223, #5843, #8836, #7232 ) ) ;
#6130 = LINE ( 'NONE', #2926, #4110 ) ;
#6131 = CARTESIAN_POINT ( 'NONE',  ( 0.03444881913249606131, 0.2106299212598137516, -0.2132217023431362268 ) ) ;
#6132 = ORIENTED_EDGE ( 'NONE', *, *, #5581, .F. ) ;
#6133 = AXIS2_PLACEMENT_3D ( 'NONE', #9172, #6791, #7649 ) ;
#6134 = LINE ( 'NONE', #1013, #10735 ) ;
#6135 = CIRCLE ( 'NONE', #11009, 0.01377952755905512312 ) ;
#6136 = LINE ( 'NONE', #5293, #2716 ) ;
#6137 = EDGE_CURVE ( 'NONE', #6308, #7354, #7093, .T. ) ;
#6138 = EDGE_LOOP ( 'NONE', ( #2151, #8672, #4748, #8627, #9103, #9007, #1548, #9928, #6542, #3490, #9857, #5256 ) ) ;
#6139 = EDGE_CURVE ( 'NONE', #1715, #8240, #10597, .T. ) ;
#6140 = LINE ( 'NONE', #1863, #6111 ) ;
#6141 = ORIENTED_EDGE ( 'NONE', *, *, #8422, .F. ) ;
#6142 = LINE ( 'NONE', #7681, #7587 ) ;
#6143 = EDGE_LOOP ( 'NONE', ( #7300, #1106, #4289, #2788 ) ) ;
#6144 = CIRCLE ( 'NONE', #10833, 0.02362204724409448092 ) ;
#6145 = DIRECTION ( 'NONE',  ( 0.000000000000000000, -3.469446951953613794E-15, 1.000000000000000000 ) ) ;
#6146 = PLANE ( 'NONE',  #2394 ) ;
#6147 = CARTESIAN_POINT ( 'NONE',  ( 0.2712598425196850460, 0.2224409448818602253, 0.05787401574806102372 ) ) ;
#6148 = VECTOR ( 'NONE', #1654, 39.37007874015748143 ) ;
#6149 = DIRECTION ( 'NONE',  ( 0.000000000000000000, -1.000000000000000000, -3.491481338843135327E-15 ) ) ;
#6150 = DIRECTION ( 'NONE',  ( 0.000000000000000000, 0.8919727971616544515, 0.4520890721125807588 ) ) ;
#6151 = VERTEX_POINT ( 'NONE', #2237 ) ;
#6152 = EDGE_CURVE ( 'NONE', #7458, #8266, #9189, .T. ) ;
#6153 = CARTESIAN_POINT ( 'NONE',  ( -0.07480314960629921850, 0.2125984251968204841, 0.07952755905514763413 ) ) ;
#6154 = VERTEX_POINT ( 'NONE', #7371 ) ;
#6155 = VERTEX_POINT ( 'NONE', #10815 ) ;
#6156 = DIRECTION ( 'NONE',  ( 0.000000000000000000, 3.491481338843134933E-15, -1.000000000000000000 ) ) ;
#6157 = VECTOR ( 'NONE', #8922, 39.37007874015748143 ) ;
#6158 = CARTESIAN_POINT ( 'NONE',  ( 0.01181102362204724393, 0.2125984251968212890, -0.07795275590548228495 ) ) ;
#6159 = CARTESIAN_POINT ( 'NONE',  ( -0.02657480314960630058, 0.2303149606298921792, -0.05433070866142708510 ) ) ;
#6160 = PLANE ( 'NONE',  #10361 ) ;
#6161 = ORIENTED_EDGE ( 'NONE', *, *, #4033, .T. ) ;
#6162 = CARTESIAN_POINT ( 'NONE',  ( -0.1796295472109055158, 0.2125984251968200955, 0.2468503937008169891 ) ) ;
#6163 = CARTESIAN_POINT ( 'NONE',  ( -0.2594488188976378784, 0.2775590551180799337, 0.2055118110236515971 ) ) ;
#6164 = VERTEX_POINT ( 'NONE', #9066 ) ;
#6165 = EDGE_CURVE ( 'NONE', #112, #6708, #9121, .T. ) ;
#6166 = DIRECTION ( 'NONE',  ( 0.000000000000000000, 3.491481338843134933E-15, -1.000000000000000000 ) ) ;
#6167 = AXIS2_PLACEMENT_3D ( 'NONE', #10748, #9958, #2227 ) ;
#6168 = EDGE_LOOP ( 'NONE', ( #4858, #10445, #9902, #10879 ) ) ;
#6169 = VERTEX_POINT ( 'NONE', #2186 ) ;
#6170 = CARTESIAN_POINT ( 'NONE',  ( 0.1860939424882283588, 0.2775590551180799337, 0.2480314960630220500 ) ) ;
#6171 = VERTEX_POINT ( 'NONE', #5622 ) ;
#6172 = CARTESIAN_POINT ( 'NONE',  ( -0.004921259842519684971, 0.2563854519293799483, 0.007016975403139922435 ) ) ;
#6173 = CYLINDRICAL_SURFACE ( 'NONE', #7147, 0.02362204724409448786 ) ;
#6174 = DIRECTION ( 'NONE',  ( 0.000000000000000000, -1.000000000000000000, -3.491481338843134933E-15 ) ) ;
#6175 = ORIENTED_EDGE ( 'NONE', *, *, #10168, .T. ) ;
#6176 = CARTESIAN_POINT ( 'NONE',  ( 0.1744460153211417341, 0.2421259842519382366, 0.2442895309752263766 ) ) ;
#6177 = FACE_OUTER_BOUND ( 'NONE', #6109, .T. ) ;
#6178 = EDGE_CURVE ( 'NONE', #505, #1346, #5932, .T. ) ;
#6179 = CARTESIAN_POINT ( 'NONE',  ( 0.01181102362204724393, 0.2421259842519393746, -0.07795275590548228495 ) ) ;
#6180 = ORIENTED_EDGE ( 'NONE', *, *, #8700, .T. ) ;
#6181 = ORIENTED_EDGE ( 'NONE', *, *, #9357, .T. ) ;
#6182 = FACE_OUTER_BOUND ( 'NONE', #10167, .T. ) ;
#6183 = DIRECTION ( 'NONE',  ( 0.000000000000000000, 5.782411586531547151E-15, -1.000000000000000000 ) ) ;
#6184 = CARTESIAN_POINT ( 'NONE',  ( -0.1099422992072638244, 0.2125984251968200955, 0.2092563738404307205 ) ) ;
#6185 = ADVANCED_FACE ( 'NONE', ( #6459 ), #8175, .T. ) ;
#6186 = FACE_OUTER_BOUND ( 'NONE', #9680, .T. ) ;
#6187 = DIRECTION ( 'NONE',  ( 0.000000000000000000, -2.891205793294678622E-15, 1.000000000000000000 ) ) ;
#6188 = EDGE_LOOP ( 'NONE', ( #10893, #2100, #10622, #150 ) ) ;
#6189 = CARTESIAN_POINT ( 'NONE',  ( 0.1744460153211417341, 0.2125984251968200955, 0.2442895309752263766 ) ) ;
#6190 = DIRECTION ( 'NONE',  ( 0.000000000000000000, 3.491481338843134933E-15, -1.000000000000000000 ) ) ;
#6191 = VERTEX_POINT ( 'NONE', #9968 ) ;
#6192 = AXIS2_PLACEMENT_3D ( 'NONE', #9195, #3953, #9305 ) ;
#6193 = DIRECTION ( 'NONE',  ( 1.000000000000000000, 0.000000000000000000, 0.000000000000000000 ) ) ;
#6194 = EDGE_LOOP ( 'NONE', ( #2715, #7877, #6877, #5633 ) ) ;
#6195 = FACE_OUTER_BOUND ( 'NONE', #4133, .T. ) ;
#6196 = ORIENTED_EDGE ( 'NONE', *, *, #1653, .T. ) ;
#6197 = EDGE_CURVE ( 'NONE', #179, #11020, #6302, .T. ) ;
#6198 = DIRECTION ( 'NONE',  ( -1.000000000000000000, 0.000000000000000000, -9.659229434818194816E-11 ) ) ;
#6199 = EDGE_CURVE ( 'NONE', #1480, #10375, #10762, .T. ) ;
#6200 = VECTOR ( 'NONE', #10191, 39.37007874015748143 ) ;
#6201 = CARTESIAN_POINT ( 'NONE',  ( -0.09995424143512335324, 0.2775590551180798782, 0.2055353207560499940 ) ) ;
#6202 = CARTESIAN_POINT ( 'NONE',  ( 0.1744460153211417341, 0.2125984251968200955, 0.2442895309752263766 ) ) ;
#6203 = EDGE_CURVE ( 'NONE', #2726, #5495, #9002, .T. ) ;
#6204 = DIRECTION ( 'NONE',  ( 0.000000000000000000, -1.000000000000000000, -3.491481338843134933E-15 ) ) ;
#6205 = CARTESIAN_POINT ( 'NONE',  ( -0.1781496062992126150, 0.2362204724409157630, -0.05433070866138771382 ) ) ;
#6206 = VERTEX_POINT ( 'NONE', #9786 ) ;
#6207 = DIRECTION ( 'NONE',  ( 1.000000000000000000, 0.000000000000000000, 0.000000000000000000 ) ) ;
#6208 = ORIENTED_EDGE ( 'NONE', *, *, #8765, .T. ) ;
#6209 = VERTEX_POINT ( 'NONE', #5441 ) ;
#6210 = DIRECTION ( 'NONE',  ( -1.000000000000000000, 0.000000000000000000, 0.000000000000000000 ) ) ;
#6211 = AXIS2_PLACEMENT_3D ( 'NONE', #2439, #3392, #6660 ) ;
#6212 = FACE_OUTER_BOUND ( 'NONE', #9812, .T. ) ;
#6213 = EDGE_CURVE ( 'NONE', #57, #263, #10576, .T. ) ;
#6214 = DIRECTION ( 'NONE',  ( 0.000000000000000000, -3.469446951953614189E-15, 1.000000000000000000 ) ) ;
#6215 = AXIS2_PLACEMENT_3D ( 'NONE', #7984, #7123, #10572 ) ;
#6216 = CARTESIAN_POINT ( 'NONE',  ( 0.1210629923610630071, 0.2106299212598137516, -0.2421259842517894112 ) ) ;
#6217 = AXIS2_PLACEMENT_3D ( 'NONE', #11065, #3282, #10219 ) ;
#6218 = ORIENTED_EDGE ( 'NONE', *, *, #2318, .T. ) ;
#6219 = DIRECTION ( 'NONE',  ( -1.000000000000000000, 0.000000000000000000, 0.000000000000000000 ) ) ;
#6220 = DIRECTION ( 'NONE',  ( 0.000000000000000000, -3.491481338843134933E-15, 1.000000000000000000 ) ) ;
#6221 = DIRECTION ( 'NONE',  ( 0.000000000000000000, 5.782411586531547151E-15, -1.000000000000000000 ) ) ;
#6222 = EDGE_LOOP ( 'NONE', ( #8302, #1259, #8364, #1741 ) ) ;
#6223 = DIRECTION ( 'NONE',  ( 0.000000000000000000, 3.491481338843134933E-15, -1.000000000000000000 ) ) ;
#6224 = ORIENTED_EDGE ( 'NONE', *, *, #3128, .T. ) ;
#6225 = EDGE_LOOP ( 'NONE', ( #3624, #2778, #10356, #10435 ) ) ;
#6226 = CARTESIAN_POINT ( 'NONE',  ( -0.01476377929286220442, 0.2165354330708373909, -0.2480314960629626253 ) ) ;
#6227 = ORIENTED_EDGE ( 'NONE', *, *, #1743, .F. ) ;
#6228 = VECTOR ( 'NONE', #3546, 39.37007874015748143 ) ;
#6229 = EDGE_CURVE ( 'NONE', #9474, #11086, #7071, .T. ) ;
#6230 = CARTESIAN_POINT ( 'NONE',  ( -0.1549896822522047191, 0.2421259842519382366, 0.2314365286929433163 ) ) ;
#6231 = LINE ( 'NONE', #1166, #1744 ) ;
#6232 = DIRECTION ( 'NONE',  ( -1.000000000000000000, 0.000000000000000000, 0.000000000000000000 ) ) ;
#6233 = ORIENTED_EDGE ( 'NONE', *, *, #2543, .F. ) ;
#6234 = DIRECTION ( 'NONE',  ( 1.000000000000000000, 0.000000000000000000, 0.000000000000000000 ) ) ;
#6235 = CARTESIAN_POINT ( 'NONE',  ( 0.1968503937007874127, 0.2125984251968212890, -0.1094488188976082688 ) ) ;
#6236 = AXIS2_PLACEMENT_3D ( 'NONE', #8291, #6525, #10877 ) ;
#6237 = CARTESIAN_POINT ( 'NONE',  ( -0.09153543307086613179, 0.2440944881889468288, 0.0007874015747934192061 ) ) ;
#6238 = EDGE_LOOP ( 'NONE', ( #509, #3811, #5054, #4692 ) ) ;
#6239 = ORIENTED_EDGE ( 'NONE', *, *, #7157, .F. ) ;
#6240 = DIRECTION ( 'NONE',  ( -1.000000000000000000, 0.000000000000000000, 0.000000000000000000 ) ) ;
#6241 = CIRCLE ( 'NONE', #1390, 0.01377952755905512312 ) ;
#6242 = EDGE_CURVE ( 'NONE', #9594, #146, #6387, .T. ) ;
#6243 = VECTOR ( 'NONE', #1037, 39.37007874015748143 ) ;
#6244 = DIRECTION ( 'NONE',  ( 0.000000000000000000, -1.000000000000000000, -3.491481338843135327E-15 ) ) ;
#6245 = EDGE_CURVE ( 'NONE', #152, #4855, #7988, .T. ) ;
#6246 = CARTESIAN_POINT ( 'NONE',  ( 0.1299212598425196763, 0.2125984251968212890, -0.07795275590548228495 ) ) ;
#6247 = DIRECTION ( 'NONE',  ( -1.000000000000000000, 0.000000000000000000, 0.000000000000000000 ) ) ;
#6248 = CARTESIAN_POINT ( 'NONE',  ( 0.08661417322834646937, 0.2125984251968212890, -0.07795275590548228495 ) ) ;
#6249 = ORIENTED_EDGE ( 'NONE', *, *, #576, .F. ) ;
#6250 = DIRECTION ( 'NONE',  ( 0.000000000000000000, -1.000000000000000000, -3.491481338843135327E-15 ) ) ;
#6251 = DIRECTION ( 'NONE',  ( -1.000000000000000000, 0.000000000000000000, 0.000000000000000000 ) ) ;
#6252 = ORIENTED_EDGE ( 'NONE', *, *, #7602, .T. ) ;
#6253 = AXIS2_PLACEMENT_3D ( 'NONE', #60, #8573, #10365 ) ;
#6254 = DIRECTION ( 'NONE',  ( 0.000000000000000000, -3.491481338843134933E-15, 1.000000000000000000 ) ) ;
#6255 = ORIENTED_EDGE ( 'NONE', *, *, #228, .T. ) ;
#6256 = ADVANCED_FACE ( 'NONE', ( #425 ), #7601, .F. ) ;
#6257 = CARTESIAN_POINT ( 'NONE',  ( 0.2850393700787401952, 0.2165354330708362252, 0.06377952755908464222 ) ) ;
#6258 = ORIENTED_EDGE ( 'NONE', *, *, #879, .F. ) ;
#6259 = ADVANCED_FACE ( 'NONE', ( #2790 ), #1267, .T. ) ;
#6260 = CIRCLE ( 'NONE', #339, 0.005905511811023620231 ) ;
#6261 = CARTESIAN_POINT ( 'NONE',  ( -0.1387795273246062999, 0.2106299212598137516, -0.2132217023431452751 ) ) ;
#6262 = CARTESIAN_POINT ( 'NONE',  ( -0.1013779525214173333, 0.2165354330708373909, -0.2421259842518799221 ) ) ;
#6263 = CARTESIAN_POINT ( 'NONE',  ( 0.03838582677165354451, 0.2362204724409157630, -0.05433070866142708510 ) ) ;
#6264 = DIRECTION ( 'NONE',  ( -0.4963187566090191405, 3.031095880869064631E-15, -0.8681403641336332688 ) ) ;
#6265 = DIRECTION ( 'NONE',  ( 1.000000000000000000, 0.000000000000000000, 0.000000000000000000 ) ) ;
#6266 = ORIENTED_EDGE ( 'NONE', *, *, #10600, .T. ) ;
#6267 = CARTESIAN_POINT ( 'NONE',  ( 0.1072834648018897719, 0.2224409448818610024, -0.2125984251968208727 ) ) ;
#6268 = ORIENTED_EDGE ( 'NONE', *, *, #8160, .T. ) ;
#6269 = ORIENTED_EDGE ( 'NONE', *, *, #227, .T. ) ;
#6270 = EDGE_CURVE ( 'NONE', #3206, #10048, #5546, .T. ) ;
#6271 = AXIS2_PLACEMENT_3D ( 'NONE', #6320, #10720, #2883 ) ;
#6272 = EDGE_CURVE ( 'NONE', #4476, #558, #4651, .T. ) ;
#6273 = CARTESIAN_POINT ( 'NONE',  ( 0.03444881913249606131, 0.2165354330708373909, -0.2421259842518799221 ) ) ;
#6274 = CARTESIAN_POINT ( 'NONE',  ( -0.2653543307086614345, 0.2145669291338295481, -0.2125984251968208727 ) ) ;
#6275 = AXIS2_PLACEMENT_3D ( 'NONE', #3046, #9138, #7504 ) ;
#6276 = CARTESIAN_POINT ( 'NONE',  ( 0.1564960629922441115, 0.2165354330708373909, -0.2480314960629921295 ) ) ;
#6277 = CARTESIAN_POINT ( 'NONE',  ( -0.2683619370964566708, 0.2145669291338287432, 0.05787401574806102372 ) ) ;
#6278 = ORIENTED_EDGE ( 'NONE', *, *, #9255, .T. ) ;
#6279 = CARTESIAN_POINT ( 'NONE',  ( 0.1131889766129527547, 0.2165354330708373909, -0.2421259842518799221 ) ) ;
#6280 = LINE ( 'NONE', #1105, #224 ) ;
#6281 = ORIENTED_EDGE ( 'NONE', *, *, #2888, .F. ) ;
#6282 = APPROVAL ( #8667, 'UNSPECIFIED' ) ;
#6283 = LINE ( 'NONE', #7353, #5609 ) ;
#6284 = EDGE_LOOP ( 'NONE', ( #9734, #2839, #5780, #5694 ) ) ;
#6285 = ORIENTED_EDGE ( 'NONE', *, *, #1923, .T. ) ;
#6286 = EDGE_CURVE ( 'NONE', #5241, #3739, #4138, .T. ) ;
#6287 = EDGE_CURVE ( 'NONE', #2690, #3836, #3859, .T. ) ;
#6288 = DIRECTION ( 'NONE',  ( 1.000000000000000000, 0.000000000000000000, 3.852242598947316824E-11 ) ) ;
#6289 = AXIS2_PLACEMENT_3D ( 'NONE', #1031, #5589, #2098 ) ;
#6290 = CARTESIAN_POINT ( 'NONE',  ( -0.09995424144992126614, 0.2125984251968200955, 0.2055353207614468714 ) ) ;
#6291 = CARTESIAN_POINT ( 'NONE',  ( 0.01673228346456692717, 0.2616530078181201202, 0.009686792758139901177 ) ) ;
#6292 = DIRECTION ( 'NONE',  ( -1.000000000000000000, 0.000000000000000000, 0.000000000000000000 ) ) ;
#6293 = ORIENTED_EDGE ( 'NONE', *, *, #5881, .F. ) ;
#6294 = DIRECTION ( 'NONE',  ( 1.000000000000000000, 0.000000000000000000, 0.000000000000000000 ) ) ;
#6295 = VECTOR ( 'NONE', #8365, 39.37007874015748143 ) ;
#6296 = CARTESIAN_POINT ( 'NONE',  ( -0.1744460153224803300, 0.2421259842519382366, 0.2442895309760142186 ) ) ;
#6297 = CARTESIAN_POINT ( 'NONE',  ( 0.1250000000000000000, 0.2440944881889468288, 0.0007874015747934192061 ) ) ;
#6298 = ORIENTED_EDGE ( 'NONE', *, *, #1484, .T. ) ;
#6299 = EDGE_CURVE ( 'NONE', #388, #9621, #6438, .T. ) ;
#6300 = ORIENTED_EDGE ( 'NONE', *, *, #5133, .T. ) ;
#6301 = CARTESIAN_POINT ( 'NONE',  ( 0.07775590574677165856, 0.2165354330708373909, -0.2185039370078444843 ) ) ;
#6302 = CIRCLE ( 'NONE', #2700, 0.005905511811082662411 ) ;
#6303 = VECTOR ( 'NONE', #10299, 39.37007874015748854 ) ;
#6304 = DIRECTION ( 'NONE',  ( 0.000000000000000000, 3.491481338843134933E-15, -1.000000000000000000 ) ) ;
#6305 = CARTESIAN_POINT ( 'NONE',  ( -0.1132526673546949830, 0.2421259842519382366, 0.2105515555276762929 ) ) ;
#6306 = DIRECTION ( 'NONE',  ( 0.000000000000000000, 0.8919727971616544515, 0.4520890721125804257 ) ) ;
#6307 = LINE ( 'NONE', #6361, #6908 ) ;
#6308 = VERTEX_POINT ( 'NONE', #9045 ) ;
#6309 = DIRECTION ( 'NONE',  ( -1.000000000000000000, 0.000000000000000000, 0.000000000000000000 ) ) ;
#6310 = DIRECTION ( 'NONE',  ( -1.000000000000000000, 0.000000000000000000, 0.000000000000000000 ) ) ;
#6311 = VECTOR ( 'NONE', #7045, 39.37007874015748143 ) ;
#6312 = VECTOR ( 'NONE', #9546, 39.37007874015748854 ) ;
#6313 = ORIENTED_EDGE ( 'NONE', *, *, #7693, .T. ) ;
#6314 = EDGE_CURVE ( 'NONE', #9464, #4246, #3634, .T. ) ;
#6315 = ORIENTED_EDGE ( 'NONE', *, *, #6888, .F. ) ;
#6316 = DIRECTION ( 'NONE',  ( -1.000000000000000000, 0.000000000000000000, 0.000000000000000000 ) ) ;
#6317 = ORIENTED_EDGE ( 'NONE', *, *, #9760, .F. ) ;
#6318 = AXIS2_PLACEMENT_3D ( 'NONE', #5888, #9337, #604 ) ;
#6319 = VECTOR ( 'NONE', #9078, 39.37007874015748143 ) ;
#6320 = CARTESIAN_POINT ( 'NONE',  ( 0.1564960629924803115, 0.2106299212598137516, -0.2421259842519389860 ) ) ;
#6321 = DIRECTION ( 'NONE',  ( 0.000000000000000000, -5.782411586589358822E-15, 1.000000000000000000 ) ) ;
#6322 = DIRECTION ( 'NONE',  ( -1.000000000000000000, 8.063859303757939724E-27, -2.309581097869999996E-12 ) ) ;
#6323 = EDGE_LOOP ( 'NONE', ( #6591, #9076, #8736, #5051 ) ) ;
#6324 = EDGE_CURVE ( 'NONE', #3780, #10634, #9671, .T. ) ;
#6325 = CARTESIAN_POINT ( 'NONE',  ( -0.2618110236220472231, 0.2834645669291035452, 0.2055118110236519857 ) ) ;
#6326 = VECTOR ( 'NONE', #10635, 39.37007874015748143 ) ;
#6327 = ORIENTED_EDGE ( 'NONE', *, *, #10703, .T. ) ;
#6328 = ORIENTED_EDGE ( 'NONE', *, *, #9869, .F. ) ;
#6329 = CYLINDRICAL_SURFACE ( 'NONE', #8128, 0.005905511811082675422 ) ;
#6330 = DIRECTION ( 'NONE',  ( 1.000000000000000000, 0.000000000000000000, 0.000000000000000000 ) ) ;
#6331 = VECTOR ( 'NONE', #7916, 39.37007874015748143 ) ;
#6332 = ADVANCED_FACE ( 'NONE', ( #2275 ), #10851, .T. ) ;
#6333 = PLANE ( 'NONE',  #1010 ) ;
#6334 = LINE ( 'NONE', #1208, #1714 ) ;
#6335 = EDGE_LOOP ( 'NONE', ( #5100, #7748, #972, #3902 ) ) ;
#6336 = DIRECTION ( 'NONE',  ( 1.000000000000000000, 0.000000000000000000, 0.000000000000000000 ) ) ;
#6337 = DIRECTION ( 'NONE',  ( 0.000000000000000000, 0.8919727971616542295, 0.4520890721125805922 ) ) ;
#6338 = EDGE_LOOP ( 'NONE', ( #1851, #5631, #7166, #8099, #1885, #10562, #1122, #10166, #3480, #5222 ) ) ;
#6339 = LINE ( 'NONE', #5493, #1828 ) ;
#6340 = ORIENTED_EDGE ( 'NONE', *, *, #5289, .T. ) ;
#6341 = ORIENTED_EDGE ( 'NONE', *, *, #10420, .F. ) ;
#6342 = DIRECTION ( 'NONE',  ( 0.000000000000000000, -1.000000000000000000, -3.491481338843134933E-15 ) ) ;
#6343 = VECTOR ( 'NONE', #2359, 39.37007874015748143 ) ;
#6344 = CARTESIAN_POINT ( 'NONE',  ( -0.008858267481783465083, 0.2165354330708373909, -0.2421259842518799221 ) ) ;
#6345 = ADVANCED_FACE ( 'NONE', ( #10793 ), #9097, .T. ) ;
#6346 = CARTESIAN_POINT ( 'NONE',  ( 0.000000000000000000, 0.2421259842519393746, -0.07795275590548228495 ) ) ;
#6347 = EDGE_CURVE ( 'NONE', #9335, #3780, #10992, .T. ) ;
#6348 = DIRECTION ( 'NONE',  ( 0.000000000000000000, -1.000000000000000000, -3.614007241618349165E-15 ) ) ;
#6349 = VERTEX_POINT ( 'NONE', #3121 ) ;
#6350 = VECTOR ( 'NONE', #1621, 39.37007874015748143 ) ;
#6351 = CARTESIAN_POINT ( 'NONE',  ( -0.2155319189758475307, 0.1909448818897346856, -0.1086002537344127605 ) ) ;
#6352 = FACE_OUTER_BOUND ( 'NONE', #687, .T. ) ;
#6353 = FACE_OUTER_BOUND ( 'NONE', #10018, .T. ) ;
#6354 = ORIENTED_EDGE ( 'NONE', *, *, #497, .F. ) ;
#6355 = ORIENTED_EDGE ( 'NONE', *, *, #10359, .T. ) ;
#6356 = LINE ( 'NONE', #9804, #3964 ) ;
#6357 = DIRECTION ( 'NONE',  ( -8.667256727052136564E-11, 5.782411586531547151E-15, -1.000000000000000000 ) ) ;
#6358 = CARTESIAN_POINT ( 'NONE',  ( -0.1099422992072638244, 0.2421259842519382366, 0.2092563738404308316 ) ) ;
#6359 = FACE_OUTER_BOUND ( 'NONE', #9268, .T. ) ;
#6360 = EDGE_CURVE ( 'NONE', #1672, #6815, #3380, .T. ) ;
#6361 = CARTESIAN_POINT ( 'NONE',  ( -0.2712598425196850460, 0.2145669291338283546, 0.1051181102362499925 ) ) ;
#6362 = EDGE_LOOP ( 'NONE', ( #4247, #9578, #6576, #8808 ) ) ;
#6363 = DIRECTION ( 'NONE',  ( 0.000000000000000000, 3.491481338843134933E-15, -1.000000000000000000 ) ) ;
#6364 = AXIS2_PLACEMENT_3D ( 'NONE', #5666, #8389, #4147 ) ;
#6365 = CARTESIAN_POINT ( 'NONE',  ( 0.2771653543307086576, 0.2224409448818598367, 0.1051181102362502007 ) ) ;
#6366 = ORIENTED_EDGE ( 'NONE', *, *, #9232, .T. ) ;
#6367 = EDGE_LOOP ( 'NONE', ( #3846, #7721, #7990, #5091 ) ) ;
#6368 = DIRECTION ( 'NONE',  ( 0.000000000000000000, 1.000000000000000000, 3.491481338843135327E-15 ) ) ;
#6369 = VERTEX_POINT ( 'NONE', #4024 ) ;
#6370 = DIRECTION ( 'NONE',  ( 1.421085471520000001E-14, 1.000000000000000000, 3.491481338843134933E-15 ) ) ;
#6371 = EDGE_CURVE ( 'NONE', #10776, #10419, #2527, .T. ) ;
#6372 = CARTESIAN_POINT ( 'NONE',  ( 0.1033464566929133965, 0.2362204724409157630, -0.07795275590552164235 ) ) ;
#6373 = VECTOR ( 'NONE', #396, 39.37007874015748143 ) ;
#6374 = LINE ( 'NONE', #3048, #2026 ) ;
#6375 = EDGE_LOOP ( 'NONE', ( #7882, #4697, #674, #1244 ) ) ;
#6376 = CARTESIAN_POINT ( 'NONE',  ( 0.2318897637795275801, 0.2834645669291047665, -0.09763779527556082360 ) ) ;
#6377 = ORIENTED_EDGE ( 'NONE', *, *, #8601, .T. ) ;
#6378 = ORIENTED_EDGE ( 'NONE', *, *, #10712, .F. ) ;
#6379 = CARTESIAN_POINT ( 'NONE',  ( 0.2135826771653543399, 0.2125984251968216499, -0.2125984251968208727 ) ) ;
#6380 = VECTOR ( 'NONE', #9276, 39.37007874015748143 ) ;
#6381 = PLANE ( 'NONE',  #5370 ) ;
#6382 = EDGE_CURVE ( 'NONE', #5142, #8251, #15, .T. ) ;
#6383 = EDGE_CURVE ( 'NONE', #5819, #1257, #9949, .T. ) ;
#6384 = DIRECTION ( 'NONE',  ( 0.000000000000000000, 1.000000000000000000, 3.491481338843134933E-15 ) ) ;
#6385 = LINE ( 'NONE', #2108, #2084 ) ;
#6386 = CARTESIAN_POINT ( 'NONE',  ( 0.08169291338582677919, 0.2440944881889468288, 0.0007874015747934192061 ) ) ;
#6387 = LINE ( 'NONE', #7243, #7207 ) ;
#6388 = ORIENTED_EDGE ( 'NONE', *, *, #4635, .F. ) ;
#6389 = VECTOR ( 'NONE', #9043, 39.37007874015748854 ) ;
#6390 = DIRECTION ( 'NONE',  ( 1.000000000000000000, 0.000000000000000000, 0.000000000000000000 ) ) ;
#6391 = VERTEX_POINT ( 'NONE', #9471 ) ;
#6392 = ORIENTED_EDGE ( 'NONE', *, *, #2561, .F. ) ;
#6393 = FACE_OUTER_BOUND ( 'NONE', #3423, .T. ) ;
#6394 = EDGE_CURVE ( 'NONE', #3285, #1658, #9010, .T. ) ;
#6395 = LINE ( 'NONE', #3017, #5084 ) ;
#6396 = LINE ( 'NONE', #9108, #8243 ) ;
#6397 = CARTESIAN_POINT ( 'NONE',  ( -0.2771653543307086576, 0.2224409448818602253, 0.05787401574806102372 ) ) ;
#6398 = ORIENTED_EDGE ( 'NONE', *, *, #4837, .F. ) ;
#6399 = DIRECTION ( 'NONE',  ( 0.000000000000000000, -2.478176394252581732E-15, 1.000000000000000000 ) ) ;
#6400 = DIRECTION ( 'NONE',  ( 0.000000000000000000, 1.000000000000000000, 3.491481338843135327E-15 ) ) ;
#6401 = CARTESIAN_POINT ( 'NONE',  ( -0.04822834645669291098, 0.2440944881889468288, 0.0007874015747934192061 ) ) ;
#6402 = ORIENTED_EDGE ( 'NONE', *, *, #6942, .T. ) ;
#6403 = AXIS2_PLACEMENT_3D ( 'NONE', #3212, #7506, #8985 ) ;
#6404 = ORIENTED_EDGE ( 'NONE', *, *, #81, .F. ) ;
#6405 = EDGE_CURVE ( 'NONE', #10744, #263, #5939, .T. ) ;
#6406 = EDGE_CURVE ( 'NONE', #1575, #575, #10903, .T. ) ;
#6407 = CARTESIAN_POINT ( 'NONE',  ( -0.03149606299212598381, 0.2125984251968212890, -0.07795275590548228495 ) ) ;
#6408 = CARTESIAN_POINT ( 'NONE',  ( -0.1466535430726771672, 0.2106299212598137516, -0.2480314960629626253 ) ) ;
#6409 = EDGE_CURVE ( 'NONE', #2681, #11156, #3969, .T. ) ;
#6410 = CARTESIAN_POINT ( 'NONE',  ( -0.1722440944881890035, 0.2125984251968212890, -0.1094488188976082410 ) ) ;
#6411 = AXIS2_PLACEMENT_3D ( 'NONE', #4608, #9628, #4664 ) ;
#6412 = CYLINDRICAL_SURFACE ( 'NONE', #3225, 0.005905511811082662411 ) ;
#6413 = CARTESIAN_POINT ( 'NONE',  ( -0.1181102362204724532, 0.2125984251968212890, -0.07795275590548228495 ) ) ;
#6414 = ORIENTED_EDGE ( 'NONE', *, *, #1187, .T. ) ;
#6415 = CARTESIAN_POINT ( 'NONE',  ( -0.03149606299212598381, 0.2125984251968204841, 0.07952755905514763413 ) ) ;
#6416 = ORIENTED_EDGE ( 'NONE', *, *, #231, .F. ) ;
#6417 = APPROVAL ( #6049, 'UNSPECIFIED' ) ;
#6418 = ORIENTED_EDGE ( 'NONE', *, *, #1113, .F. ) ;
#6419 = AXIS2_PLACEMENT_3D ( 'NONE', #6386, #6548, #423 ) ;
#6420 = EDGE_CURVE ( 'NONE', #464, #4936, #6870, .T. ) ;
#6421 = DIRECTION ( 'NONE',  ( 0.000000000000000000, 1.000000000000000000, 3.491481338843134933E-15 ) ) ;
#6422 = EDGE_LOOP ( 'NONE', ( #5523, #4426, #10235, #3409 ) ) ;
#6423 = LINE ( 'NONE', #9875, #882 ) ;
#6424 = CARTESIAN_POINT ( 'NONE',  ( 0.000000000000000000, 0.2125984251968204841, 0.07952755905514763413 ) ) ;
#6425 = CIRCLE ( 'NONE', #496, 0.02460629921259841271 ) ;
#6426 = CARTESIAN_POINT ( 'NONE',  ( -0.2283464566929133688, 0.2755905511810720632, 0.2468503937008173499 ) ) ;
#6427 = ORIENTED_EDGE ( 'NONE', *, *, #10824, .T. ) ;
#6428 = LINE ( 'NONE', #1310, #9715 ) ;
#6429 = ORIENTED_EDGE ( 'NONE', *, *, #2355, .T. ) ;
#6430 = ORIENTED_EDGE ( 'NONE', *, *, #3856, .T. ) ;
#6431 = ADVANCED_FACE ( 'NONE', ( #3172 ), #6495, .T. ) ;
#6432 = CARTESIAN_POINT ( 'NONE',  ( 0.1549896822519291339, 0.2834645669291035452, 0.2314365286929433163 ) ) ;
#6433 = ORIENTED_EDGE ( 'NONE', *, *, #5583, .T. ) ;
#6434 = AXIS2_PLACEMENT_3D ( 'NONE', #2301, #9860, #3936 ) ;
#6435 = CARTESIAN_POINT ( 'NONE',  ( 0.09995424143456693722, 0.2421259842519382366, 0.2055353207559350581 ) ) ;
#6436 = LINE ( 'NONE', #2161, #2256 ) ;
#6437 = CARTESIAN_POINT ( 'NONE',  ( -0.06988188976377952832, 0.2303149606298921792, -0.05433070866142708510 ) ) ;
#6438 = LINE ( 'NONE', #2163, #6656 ) ;
#6439 = DIRECTION ( 'NONE',  ( -1.000000000000000000, -7.915316801117718853E-28, 2.267036834211000176E-13 ) ) ;
#6440 = AXIS2_PLACEMENT_3D ( 'NONE', #5433, #9665, #3907 ) ;
#6441 = ORIENTED_EDGE ( 'NONE', *, *, #59, .F. ) ;
#6442 = FACE_OUTER_BOUND ( 'NONE', #9776, .T. ) ;
#6443 = ORIENTED_EDGE ( 'NONE', *, *, #2192, .T. ) ;
#6444 = ORIENTED_EDGE ( 'NONE', *, *, #5133, .F. ) ;
#6445 = ADVANCED_FACE ( 'NONE', ( #9998 ), #8322, .F. ) ;
#6446 = DIRECTION ( 'NONE',  ( 0.000000000000000000, 1.000000000000000000, 3.491481338843134933E-15 ) ) ;
#6447 = VECTOR ( 'NONE', #7040, 39.37007874015748143 ) ;
#6448 = CARTESIAN_POINT ( 'NONE',  ( 0.1132526673545157098, 0.2125984251968200955, 0.2105515555276066264 ) ) ;
#6449 = FACE_OUTER_BOUND ( 'NONE', #7963, .T. ) ;
#6450 = DIRECTION ( 'NONE',  ( -1.000000000000000000, 0.000000000000000000, 0.000000000000000000 ) ) ;
#6451 = VERTEX_POINT ( 'NONE', #2219 ) ;
#6452 = CARTESIAN_POINT ( 'NONE',  ( -0.09153543307086613179, 0.2303149606298921792, -0.07795275590552164235 ) ) ;
#6453 = DIRECTION ( 'NONE',  ( 1.000000000000000000, 0.000000000000000000, 1.156482317317871764E-14 ) ) ;
#6454 = FACE_OUTER_BOUND ( 'NONE', #1286, .T. ) ;
#6455 = VERTEX_POINT ( 'NONE', #8374 ) ;
#6456 = EDGE_CURVE ( 'NONE', #5929, #1658, #5650, .T. ) ;
#6457 = CARTESIAN_POINT ( 'NONE',  ( -0.1132526673558661712, 0.2125984251968200955, 0.2105515555279822981 ) ) ;
#6458 = ORIENTED_EDGE ( 'NONE', *, *, #8585, .F. ) ;
#6459 = FACE_OUTER_BOUND ( 'NONE', #7329, .T. ) ;
#6460 = CARTESIAN_POINT ( 'NONE',  ( 0.1819790184727953231, 0.2834645669291035452, 0.2476050409764078974 ) ) ;
#6461 = CARTESIAN_POINT ( 'NONE',  ( -0.04822834645669291098, 0.2563854519293799483, 0.007016975403139922435 ) ) ;
#6462 = AXIS2_PLACEMENT_3D ( 'NONE', #10211, #794, #10266 ) ;
#6463 = FACE_OUTER_BOUND ( 'NONE', #1630, .T. ) ;
#6464 = CARTESIAN_POINT ( 'NONE',  ( -0.2712598425196850460, 0.2145669291338295481, -0.2125984251968208727 ) ) ;
#6465 = ORIENTED_EDGE ( 'NONE', *, *, #4058, .T. ) ;
#6466 = LINE ( 'NONE', #7379, #5515 ) ;
#6467 = ADVANCED_FACE ( 'NONE', ( #9416 ), #1691, .T. ) ;
#6468 = CARTESIAN_POINT ( 'NONE',  ( 0.01673228346456692717, 0.2351129816986712584, -0.03819606597134834330 ) ) ;
#6469 = ORIENTED_EDGE ( 'NONE', *, *, #7049, .T. ) ;
#6470 = ORIENTED_EDGE ( 'NONE', *, *, #634, .F. ) ;
#6471 = AXIS2_PLACEMENT_3D ( 'NONE', #8958, #1233, #4563 ) ;
#6472 = AXIS2_PLACEMENT_3D ( 'NONE', #9420, #6872, #7733 ) ;
#6473 = CARTESIAN_POINT ( 'NONE',  ( -0.09153543307086613179, 0.2303149606298921792, -0.07795275590552164235 ) ) ;
#6474 = ORIENTED_EDGE ( 'NONE', *, *, #10044, .F. ) ;
#6475 = LINE ( 'NONE', #10884, #10425 ) ;
#6476 = DIRECTION ( 'NONE',  ( -1.000000000000000000, 0.000000000000000000, 0.000000000000000000 ) ) ;
#6477 = AXIS2_PLACEMENT_3D ( 'NONE', #9527, #1072, #8862 ) ;
#6478 = EDGE_CURVE ( 'NONE', #9892, #5116, #7349, .T. ) ;
#6479 = VECTOR ( 'NONE', #6112, 39.37007874015748143 ) ;
#6480 = EDGE_CURVE ( 'NONE', #6094, #9543, #1919, .T. ) ;
#6481 = CARTESIAN_POINT ( 'NONE',  ( 0.1210629923610630071, 0.2165354330708373909, -0.2421259842518799221 ) ) ;
#6482 = ORIENTED_EDGE ( 'NONE', *, *, #5962, .T. ) ;
#6483 = CARTESIAN_POINT ( 'NONE',  ( 0.1196850393700787524, 0.3784118110235929477, -0.09763779527556043503 ) ) ;
#6484 = ORIENTED_EDGE ( 'NONE', *, *, #3614, .F. ) ;
#6485 = VERTEX_POINT ( 'NONE', #10488 ) ;
#6486 = DIRECTION ( 'NONE',  ( 1.000000000000000000, 0.000000000000000000, 0.000000000000000000 ) ) ;
#6487 = VERTEX_POINT ( 'NONE', #3663 ) ;
#6488 = VECTOR ( 'NONE', #8002, 39.37007874015748143 ) ;
#6489 = VECTOR ( 'NONE', #1537, 39.37007874015748143 ) ;
#6490 = DIRECTION ( 'NONE',  ( 1.000000000000000000, 0.000000000000000000, 0.000000000000000000 ) ) ;
#6491 = ADVANCED_FACE ( 'NONE', ( #6924 ), #8804, .T. ) ;
#6492 = CYLINDRICAL_SURFACE ( 'NONE', #9461, 0.02460629921259841271 ) ;
#6493 = CIRCLE ( 'NONE', #744, 0.005905511811023620231 ) ;
#6494 = DIRECTION ( 'NONE',  ( 0.000000000000000000, 0.8375070198036268510, -0.5464265657704128198 ) ) ;
#6495 = PLANE ( 'NONE',  #7940 ) ;
#6496 = CIRCLE ( 'NONE', #7404, 0.005905511811023620231 ) ;
#6497 = CARTESIAN_POINT ( 'NONE',  ( -0.2712598425196850460, 0.2145669291338279938, 0.2055118110236515971 ) ) ;
#6498 = ORIENTED_EDGE ( 'NONE', *, *, #1252, .T. ) ;
#6499 = CARTESIAN_POINT ( 'NONE',  ( -0.2135826771653543399, 0.2165354330708373909, -0.2480314960629626253 ) ) ;
#6500 = ORIENTED_EDGE ( 'NONE', *, *, #8905, .T. ) ;
#6501 = ORIENTED_EDGE ( 'NONE', *, *, #5977, .T. ) ;
#6502 = DIRECTION ( 'NONE',  ( 0.000000000000000000, -1.000000000000000000, -3.469446951953614978E-15 ) ) ;
#6503 = AXIS2_PLACEMENT_3D ( 'NONE', #8098, #7989, #148 ) ;
#6504 = DIRECTION ( 'NONE',  ( -1.000000000000000000, 0.000000000000000000, 0.000000000000000000 ) ) ;
#6505 = DIRECTION ( 'NONE',  ( -0.04537590556877164200, 3.487885054161196375E-15, -0.9989699831295302257 ) ) ;
#6506 = EDGE_CURVE ( 'NONE', #8977, #6391, #2707, .T. ) ;
#6507 = PLANE ( 'NONE',  #10898 ) ;
#6508 = ORIENTED_EDGE ( 'NONE', *, *, #10206, .F. ) ;
#6509 = DIRECTION ( 'NONE',  ( 0.3436952828404049032, 3.287735861771361929E-15, -0.9390812278782140199 ) ) ;
#6510 = CARTESIAN_POINT ( 'NONE',  ( -0.1958661416325196969, 0.2106299212598137516, -0.2421259836786555097 ) ) ;
#6511 = PLANE ( 'NONE',  #204 ) ;
#6512 = AXIS2_PLACEMENT_3D ( 'NONE', #2760, #8122, #7095 ) ;
#6513 = EDGE_LOOP ( 'NONE', ( #5143, #4207, #8366, #9430 ) ) ;
#6514 = LINE ( 'NONE', #10758, #10256 ) ;
#6515 = ORIENTED_EDGE ( 'NONE', *, *, #4878, .T. ) ;
#6516 = DIRECTION ( 'NONE',  ( 1.000000000000000000, 0.000000000000000000, 0.000000000000000000 ) ) ;
#6517 = LINE ( 'NONE', #7373, #1584 ) ;
#6518 = VECTOR ( 'NONE', #10136, 39.37007874015748143 ) ;
#6519 = CARTESIAN_POINT ( 'NONE',  ( 0.02066929157333464301, 0.2125984251968208727, -0.2125984251968208727 ) ) ;
#6520 = LINE ( 'NONE', #500, #10618 ) ;
#6521 = EDGE_CURVE ( 'NONE', #10905, #3274, #7022, .T. ) ;
#6522 = DIRECTION ( 'NONE',  ( 1.000000000000000000, 0.000000000000000000, 0.000000000000000000 ) ) ;
#6523 = ADVANCED_FACE ( 'NONE', ( #5240 ), #10372, .F. ) ;
#6524 = ORIENTED_EDGE ( 'NONE', *, *, #3989, .F. ) ;
#6525 = DIRECTION ( 'NONE',  ( -1.000000000000000000, 5.607970721597449192E-24, 2.267036834211000176E-13 ) ) ;
#6526 = CARTESIAN_POINT ( 'NONE',  ( 0.05511811023622047168, 0.2421259842519385974, 0.07952755905514784229 ) ) ;
#6527 = LINE ( 'NONE', #1407, #3973 ) ;
#6528 = ORIENTED_EDGE ( 'NONE', *, *, #10205, .F. ) ;
#6529 = ORIENTED_EDGE ( 'NONE', *, *, #908, .T. ) ;
#6530 = CARTESIAN_POINT ( 'NONE',  ( 0.000000000000000000, 0.2125984251968204841, 0.07952755905514763413 ) ) ;
#6531 = ORIENTED_EDGE ( 'NONE', *, *, #776, .T. ) ;
#6532 = EDGE_CURVE ( 'NONE', #8061, #5777, #727, .T. ) ;
#6533 = CARTESIAN_POINT ( 'NONE',  ( -0.1998031496062991907, 0.2605808468465059535, -0.009969026885245903247 ) ) ;
#6534 = DIRECTION ( 'NONE',  ( 0.000000000000000000, -3.491481338843134933E-15, 1.000000000000000000 ) ) ;
#6535 = EDGE_CURVE ( 'NONE', #8851, #8326, #6136, .T. ) ;
#6536 = ORIENTED_EDGE ( 'NONE', *, *, #761, .T. ) ;
#6537 = CARTESIAN_POINT ( 'NONE',  ( -0.1958661416325196969, 0.2165354330708373909, -0.2421259833511870130 ) ) ;
#6538 = VERTEX_POINT ( 'NONE', #4570 ) ;
#6539 = CARTESIAN_POINT ( 'NONE',  ( 0.000000000000000000, 0.2421259842519393746, -0.07795275590548228495 ) ) ;
#6540 = VERTEX_POINT ( 'NONE', #10546 ) ;
#6541 = CARTESIAN_POINT ( 'NONE',  ( -0.1998031496062991907, 0.2362204724409157630, -0.07795275590552164235 ) ) ;
#6542 = ORIENTED_EDGE ( 'NONE', *, *, #9258, .T. ) ;
#6543 = EDGE_CURVE ( 'NONE', #7806, #7102, #8661, .T. ) ;
#6544 = ADVANCED_FACE ( 'NONE', ( #2650 ), #7788, .T. ) ;
#6545 = LINE ( 'NONE', #6601, #3029 ) ;
#6546 = EDGE_CURVE ( 'NONE', #10315, #8326, #6078, .T. ) ;
#6547 = DIRECTION ( 'NONE',  ( 0.000000000000000000, -1.000000000000000000, -3.491481338843135327E-15 ) ) ;
#6548 = DIRECTION ( 'NONE',  ( -1.000000000000000000, 0.000000000000000000, 0.000000000000000000 ) ) ;
#6549 = DIRECTION ( 'NONE',  ( 0.000000000000000000, -1.000000000000000000, -3.491481338843134933E-15 ) ) ;
#6550 = CARTESIAN_POINT ( 'NONE',  ( 0.2318897637795275801, 0.2775590551180810994, -0.09763779527556082360 ) ) ;
#6551 = EDGE_LOOP ( 'NONE', ( #3991, #3580, #9102, #9242, #6083, #4871, #194, #3766, #763, #8778, #6697, #9619 ) ) ;
#6552 = PLANE ( 'NONE',  #9211 ) ;
#6553 = ORIENTED_EDGE ( 'NONE', *, *, #3230, .T. ) ;
#6554 = ORIENTED_EDGE ( 'NONE', *, *, #8144, .T. ) ;
#6555 = LINE ( 'NONE', #10169, #6127 ) ;
#6556 = AXIS2_PLACEMENT_3D ( 'NONE', #5804, #5855, #10150 ) ;
#6557 = EDGE_CURVE ( 'NONE', #9743, #7344, #10448, .T. ) ;
#6558 = DIRECTION ( 'NONE',  ( 0.000000000000000000, -1.000000000000000000, -3.491481338843134933E-15 ) ) ;
#6559 = CARTESIAN_POINT ( 'NONE',  ( 0.01181102362204724393, 0.2125984251968204841, 0.07952755905514763413 ) ) ;
#6560 = LINE ( 'NONE', #3924, #1710 ) ;
#6561 = AXIS2_PLACEMENT_3D ( 'NONE', #1386, #4827, #3075 ) ;
#6562 = VERTEX_POINT ( 'NONE', #1014 ) ;
#6563 = LINE ( 'NONE', #3077, #6053 ) ;
#6564 = CARTESIAN_POINT ( 'NONE',  ( -0.1780224714963385690, 0.2775590551180799337, 0.2463342029606598593 ) ) ;
#6565 = EDGE_LOOP ( 'NONE', ( #7159, #8763, #10523, #7000, #117, #2261, #4502 ) ) ;
#6566 = PLANE ( 'NONE',  #5594 ) ;
#6567 = ORIENTED_EDGE ( 'NONE', *, *, #2049, .T. ) ;
#6568 = DIRECTION ( 'NONE',  ( 5.602000345096999768E-14, 3.491481338843134933E-15, -1.000000000000000000 ) ) ;
#6569 = EDGE_LOOP ( 'NONE', ( #6529, #4038, #9201, #1892 ) ) ;
#6570 = EDGE_CURVE ( 'NONE', #3496, #7723, #7903, .T. ) ;
#6571 = CIRCLE ( 'NONE', #5673, 0.02460629921259841271 ) ;
#6572 = CARTESIAN_POINT ( 'NONE',  ( 0.2618110236220472231, 0.2755905511810736175, -0.2125984251968208727 ) ) ;
#6573 = DIRECTION ( 'NONE',  ( 0.000000000000000000, 1.000000000000000000, 3.491481338843134933E-15 ) ) ;
#6574 = CYLINDRICAL_SURFACE ( 'NONE', #8104, 0.005905511811023620231 ) ;
#6575 = LINE ( 'NONE', #8400, #8729 ) ;
#6576 = ORIENTED_EDGE ( 'NONE', *, *, #7206, .T. ) ;
#6577 = CARTESIAN_POINT ( 'NONE',  ( 0.2712598425196850460, 0.2145669291338295481, -0.2125984251968208727 ) ) ;
#6578 = LINE ( 'NONE', #7440, #9835 ) ;
#6579 = CIRCLE ( 'NONE', #11115, 0.01181102362204725087 ) ;
#6580 = VECTOR ( 'NONE', #7718, 39.37007874015748143 ) ;
#6581 = ORIENTED_EDGE ( 'NONE', *, *, #8016, .T. ) ;
#6582 = CARTESIAN_POINT ( 'NONE',  ( 0.06003937007874016185, 0.2563854519293799483, 0.007016975403139922435 ) ) ;
#6583 = EDGE_CURVE ( 'NONE', #4694, #8678, #7161, .T. ) ;
#6584 = ORIENTED_EDGE ( 'NONE', *, *, #7227, .F. ) ;
#6585 = ADVANCED_FACE ( 'NONE', ( #3548 ), #65, .T. ) ;
#6586 = AXIS2_PLACEMENT_3D ( 'NONE', #3376, #7787, #9583 ) ;
#6587 = AXIS2_PLACEMENT_3D ( 'NONE', #3927, #3023, #7424 ) ;
#6588 = LINE ( 'NONE', #10943, #3220 ) ;
#6589 = DIRECTION ( 'NONE',  ( 0.000000000000000000, 1.000000000000000000, 3.491481338843134933E-15 ) ) ;
#6590 = CARTESIAN_POINT ( 'NONE',  ( -0.1968503937007874127, 0.1909448818897346856, -0.1094488188976082688 ) ) ;
#6591 = ORIENTED_EDGE ( 'NONE', *, *, #4914, .F. ) ;
#6592 = ORIENTED_EDGE ( 'NONE', *, *, #1427, .T. ) ;
#6593 = VECTOR ( 'NONE', #52, 39.37007874015748143 ) ;
#6594 = VECTOR ( 'NONE', #7083, 39.37007874015748143 ) ;
#6595 = FACE_OUTER_BOUND ( 'NONE', #5690, .T. ) ;
#6596 = VERTEX_POINT ( 'NONE', #4347 ) ;
#6597 = DIRECTION ( 'NONE',  ( 0.000000000000000000, -1.000000000000000000, -3.491481338843134933E-15 ) ) ;
#6598 = ADVANCED_FACE ( 'NONE', ( #7215 ), #7327, .F. ) ;
#6599 = ORIENTED_EDGE ( 'NONE', *, *, #2696, .T. ) ;
#6600 = VECTOR ( 'NONE', #9390, 39.37007874015748143 ) ;
#6601 = CARTESIAN_POINT ( 'NONE',  ( 0.1299212598425196763, 0.2125984251968204841, 0.07952755905514763413 ) ) ;
#6602 = LINE ( 'NONE', #5599, #6932 ) ;
#6603 = DIRECTION ( 'NONE',  ( 0.000000000000000000, -1.000000000000000000, 2.444803618809980886E-11 ) ) ;
#6604 = EDGE_CURVE ( 'NONE', #1162, #8531, #10826, .T. ) ;
#6605 = CARTESIAN_POINT ( 'NONE',  ( -0.1781496062992126150, 0.2440944881889468288, 0.0007874015747934192061 ) ) ;
#6606 = DIRECTION ( 'NONE',  ( 0.000000000000000000, -1.000000000000000000, -2.891205793294679411E-15 ) ) ;
#6607 = ORIENTED_EDGE ( 'NONE', *, *, #184, .F. ) ;
#6608 = EDGE_CURVE ( 'NONE', #656, #1879, #6527, .T. ) ;
#6609 = LINE ( 'NONE', #3286, #398 ) ;
#6610 = ORIENTED_EDGE ( 'NONE', *, *, #7426, .F. ) ;
#6611 = VERTEX_POINT ( 'NONE', #9977 ) ;
#6612 = VECTOR ( 'NONE', #10384, 39.37007874015748143 ) ;
#6613 = DIRECTION ( 'NONE',  ( 0.000000000000000000, -3.491481338843134933E-15, 1.000000000000000000 ) ) ;
#6614 = CARTESIAN_POINT ( 'NONE',  ( -0.004921259842519684971, 0.2616530078181201202, 0.009686792758139901177 ) ) ;
#6615 = CIRCLE ( 'NONE', #10226, 0.005905511811082676289 ) ;
#6616 = CARTESIAN_POINT ( 'NONE',  ( -0.1348425196850394081, 0.2563854519293799483, 0.007016975403139922435 ) ) ;
#6617 = EDGE_CURVE ( 'NONE', #493, #11116, #5411, .T. ) ;
#6618 = CARTESIAN_POINT ( 'NONE',  ( 0.000000000000000000, 0.2490157480314665328, 0.05787401574806117638 ) ) ;
#6619 = VERTEX_POINT ( 'NONE', #5521 ) ;
#6620 = DIRECTION ( 'NONE',  ( -1.000000000000000000, 0.000000000000000000, 0.000000000000000000 ) ) ;
#6621 = EDGE_CURVE ( 'NONE', #1273, #8005, #8293, .T. ) ;
#6622 = CARTESIAN_POINT ( 'NONE',  ( -0.2047244094488189226, 0.2421259842519393746, -0.07795275590548228495 ) ) ;
#6623 = ORIENTED_EDGE ( 'NONE', *, *, #2933, .T. ) ;
#6624 = EDGE_CURVE ( 'NONE', #1346, #10085, #3428, .T. ) ;
#6625 = DIRECTION ( 'NONE',  ( 0.000000000000000000, 3.491481338843134933E-15, -1.000000000000000000 ) ) ;
#6626 = ORIENTED_EDGE ( 'NONE', *, *, #481, .F. ) ;
#6627 = CARTESIAN_POINT ( 'NONE',  ( 0.2618110236220472231, 0.2755905511810736175, -0.2125984251968208727 ) ) ;
#6628 = ORIENTED_EDGE ( 'NONE', *, *, #3128, .F. ) ;
#6629 = VECTOR ( 'NONE', #10955, 39.37007874015748143 ) ;
#6630 = DIRECTION ( 'NONE',  ( -1.000000000000000000, 0.000000000000000000, 0.000000000000000000 ) ) ;
#6631 = CARTESIAN_POINT ( 'NONE',  ( -0.04330708661417323468, 0.2125984251968204841, 0.07952755905514763413 ) ) ;
#6632 = LINE ( 'NONE', #9862, #2692 ) ;
#6633 = CARTESIAN_POINT ( 'NONE',  ( -0.06594488165523622325, 0.2224409448818610024, -0.2132217023434787861 ) ) ;
#6634 = ORIENTED_EDGE ( 'NONE', *, *, #4973, .F. ) ;
#6635 = CARTESIAN_POINT ( 'NONE',  ( -0.09153543307086613179, 0.2440944881889468288, 0.0007874015747934192061 ) ) ;
#6636 = VECTOR ( 'NONE', #844, 39.37007874015748143 ) ;
#6637 = CARTESIAN_POINT ( 'NONE',  ( 0.000000000000000000, 0.2490157480314661442, 0.1051181102362502007 ) ) ;
#6638 = EDGE_CURVE ( 'NONE', #5782, #1739, #9739, .T. ) ;
#6639 = LINE ( 'NONE', #2525, #4513 ) ;
#6640 = ORIENTED_EDGE ( 'NONE', *, *, #10812, .F. ) ;
#6641 = DIRECTION ( 'NONE',  ( 1.000000000000000000, 0.000000000000000000, 0.000000000000000000 ) ) ;
#6642 = ORIENTED_EDGE ( 'NONE', *, *, #8422, .T. ) ;
#6643 = CIRCLE ( 'NONE', #8817, 0.005905511811023620231 ) ;
#6644 = LINE ( 'NONE', #4911, #4844 ) ;
#6645 = CARTESIAN_POINT ( 'NONE',  ( -0.1299212598425196763, 0.2125984251968204841, 0.07952755905514763413 ) ) ;
#6646 = DIRECTION ( 'NONE',  ( 0.000000000000000000, -0.4520890721125807588, 0.8919727971616544515 ) ) ;
#6647 = EDGE_CURVE ( 'NONE', #8266, #7458, #6666, .T. ) ;
#6648 = ORIENTED_EDGE ( 'NONE', *, *, #536, .T. ) ;
#6649 = VECTOR ( 'NONE', #8528, 39.37007874015748143 ) ;
#6650 = ORIENTED_EDGE ( 'NONE', *, *, #2424, .F. ) ;
#6651 = ORIENTED_EDGE ( 'NONE', *, *, #9585, .T. ) ;
#6652 = CARTESIAN_POINT ( 'NONE',  ( 0.2712598425196850460, 0.2716535433070578764, -0.2125984251968208727 ) ) ;
#6653 = ORIENTED_EDGE ( 'NONE', *, *, #8638, .F. ) ;
#6654 = CARTESIAN_POINT ( 'NONE',  ( 0.2594488188976378784, 0.2716535433070543792, 0.8485086614173524833 ) ) ;
#6655 = VERTEX_POINT ( 'NONE', #3369 ) ;
#6656 = VECTOR ( 'NONE', #5601, 39.37007874015748143 ) ;
#6657 = AXIS2_PLACEMENT_3D ( 'NONE', #2961, #4601, #6288 ) ;
#6658 = CARTESIAN_POINT ( 'NONE',  ( -0.1968503937007874127, 0.1968503937007582694, -0.1094488188976082688 ) ) ;
#6659 = EDGE_CURVE ( 'NONE', #8180, #5511, #2708, .T. ) ;
#6660 = DIRECTION ( 'NONE',  ( 1.000000000000000000, 0.000000000000000000, 0.000000000000000000 ) ) ;
#6661 = EDGE_CURVE ( 'NONE', #5743, #2690, #5847, .T. ) ;
#6662 = CARTESIAN_POINT ( 'NONE',  ( 0.06988188999870079132, 0.2106299212598137516, -0.2480314960629626253 ) ) ;
#6663 = CARTESIAN_POINT ( 'NONE',  ( 0.1033464566929133965, 0.2362204724409157630, -0.05433070866138771382 ) ) ;
#6664 = VERTEX_POINT ( 'NONE', #3312 ) ;
#6665 = FACE_OUTER_BOUND ( 'NONE', #9176, .T. ) ;
#6666 = CIRCLE ( 'NONE', #1456, 0.02460629921259841271 ) ;
#6667 = ORIENTED_EDGE ( 'NONE', *, *, #5535, .T. ) ;
#6668 = ORIENTED_EDGE ( 'NONE', *, *, #11011, .T. ) ;
#6669 = VECTOR ( 'NONE', #5539, 39.37007874015748143 ) ;
#6670 = DIRECTION ( 'NONE',  ( -1.000000000000000000, 0.000000000000000000, 0.000000000000000000 ) ) ;
#6671 = EDGE_CURVE ( 'NONE', #9161, #7659, #671, .T. ) ;
#6672 = AXIS2_PLACEMENT_3D ( 'NONE', #10976, #7596, #709 ) ;
#6673 = VECTOR ( 'NONE', #125, 39.37007874015748143 ) ;
#6674 = CARTESIAN_POINT ( 'NONE',  ( -0.1744460153229527855, 0.2834645669291035452, 0.2442895309764078760 ) ) ;
#6675 = FACE_OUTER_BOUND ( 'NONE', #2882, .T. ) ;
#6676 = ORIENTED_EDGE ( 'NONE', *, *, #2614, .F. ) ;
#6677 = CARTESIAN_POINT ( 'NONE',  ( -0.2850393700787008378, 0.2165354330708365860, 0.05787401574806102372 ) ) ;
#6678 = CARTESIAN_POINT ( 'NONE',  ( -0.1820866139388976346, 0.2106299212598137516, -0.2421259842519685179 ) ) ;
#6679 = ORIENTED_EDGE ( 'NONE', *, *, #5243, .T. ) ;
#6680 = CARTESIAN_POINT ( 'NONE',  ( 0.1345525796378346517, 0.2834645669291035452, 0.2201693093386125899 ) ) ;
#6681 = ORIENTED_EDGE ( 'NONE', *, *, #9315, .F. ) ;
#6682 = DIRECTION ( 'NONE',  ( -1.000000000000000000, 0.000000000000000000, 0.000000000000000000 ) ) ;
#6683 = ORIENTED_EDGE ( 'NONE', *, *, #10218, .F. ) ;
#6684 = VECTOR ( 'NONE', #4376, 39.37007874015748143 ) ;
#6685 = EDGE_CURVE ( 'NONE', #6914, #7659, #1522, .T. ) ;
#6686 = ADVANCED_FACE ( 'NONE', ( #9297 ), #1574, .T. ) ;
#6687 = DIRECTION ( 'NONE',  ( 0.000000000000000000, 0.4520890721125805922, -0.8919727971616542295 ) ) ;
#6688 = CARTESIAN_POINT ( 'NONE',  ( -0.06988188976377952832, 0.2362204724409157630, -0.07795275590552164235 ) ) ;
#6689 = VERTEX_POINT ( 'NONE', #5064 ) ;
#6690 = CARTESIAN_POINT ( 'NONE',  ( -0.004921259842519684971, 0.2440944881889468288, 0.0007874015747934192061 ) ) ;
#6691 = ORIENTED_EDGE ( 'NONE', *, *, #589, .T. ) ;
#6692 = EDGE_CURVE ( 'NONE', #9557, #684, #6639, .T. ) ;
#6693 = AXIS2_PLACEMENT_3D ( 'NONE', #10740, #3009, #2164 ) ;
#6694 = CARTESIAN_POINT ( 'NONE',  ( -0.004921259842519684971, 0.2303149606298921792, -0.07795275590552164235 ) ) ;
#6695 = CARTESIAN_POINT ( 'NONE',  ( -0.1819790184728346805, 0.2834645669291035452, 0.2476050409764078974 ) ) ;
#6696 = DIRECTION ( 'NONE',  ( 1.000000000000000000, 0.000000000000000000, 0.000000000000000000 ) ) ;
#6697 = ORIENTED_EDGE ( 'NONE', *, *, #8564, .F. ) ;
#6698 = DIRECTION ( 'NONE',  ( 0.000000000000000000, -0.4520890721125805922, 0.8919727971616542295 ) ) ;
#6699 = EDGE_LOOP ( 'NONE', ( #8387, #8578, #9403, #7904 ) ) ;
#6700 = AXIS2_PLACEMENT_3D ( 'NONE', #4212, #7712, #9400 ) ;
#6701 = ADVANCED_FACE ( 'NONE', ( #4955 ), #8567, .F. ) ;
#6702 = FACE_OUTER_BOUND ( 'NONE', #8980, .T. ) ;
#6703 = CARTESIAN_POINT ( 'NONE',  ( 0.08169291338582677919, 0.2303149606298921792, -0.05433070866142708510 ) ) ;
#6704 = DIRECTION ( 'NONE',  ( -1.000000000000000000, 0.000000000000000000, 0.000000000000000000 ) ) ;
#6705 = FACE_OUTER_BOUND ( 'NONE', #8027, .T. ) ;
#6706 = CIRCLE ( 'NONE', #10500, 0.02460629921259841271 ) ;
#6707 = ORIENTED_EDGE ( 'NONE', *, *, #2990, .T. ) ;
#6708 = VERTEX_POINT ( 'NONE', #4164 ) ;
#6709 = DIRECTION ( 'NONE',  ( 0.8681403641335224686, -1.732887676818893812E-15, 0.4963187566092127079 ) ) ;
#6710 = ORIENTED_EDGE ( 'NONE', *, *, #9957, .T. ) ;
#6711 = DIRECTION ( 'NONE',  ( 2.768156074726999850E-13, 3.491481338843134933E-15, -1.000000000000000000 ) ) ;
#6712 = VERTEX_POINT ( 'NONE', #10197 ) ;
#6713 = EDGE_CURVE ( 'NONE', #5399, #7676, #7216, .T. ) ;
#6714 = LINE ( 'NONE', #10159, #6629 ) ;
#6715 = DIRECTION ( 'NONE',  ( 0.000000000000000000, -1.000000000000000000, 5.826458490705570372E-13 ) ) ;
#6716 = CARTESIAN_POINT ( 'NONE',  ( 0.2135826771653543399, 0.2224409448818610024, -0.2185039370078444843 ) ) ;
#6717 = DIRECTION ( 'NONE',  ( 0.000000000000000000, -1.000000000000000000, 2.307182223049154405E-11 ) ) ;
#6718 = ORIENTED_EDGE ( 'NONE', *, *, #9706, .F. ) ;
#6719 = CARTESIAN_POINT ( 'NONE',  ( 0.2850393700787401952, 0.2165354330708362252, 0.06377952755908464222 ) ) ;
#6720 = ORIENTED_EDGE ( 'NONE', *, *, #7552, .T. ) ;
#6721 = ORIENTED_EDGE ( 'NONE', *, *, #1327, .T. ) ;
#6722 = CARTESIAN_POINT ( 'NONE',  ( -0.1055296899501181190, 0.2775590551180799337, 0.2075299402693212558 ) ) ;
#6723 = EDGE_CURVE ( 'NONE', #9030, #7422, #2476, .T. ) ;
#6724 = EDGE_CURVE ( 'NONE', #3565, #6164, #4219, .T. ) ;
#6725 = DIRECTION ( 'NONE',  ( 0.000000000000000000, -1.000000000000000000, -3.491481338843134933E-15 ) ) ;
#6726 = CARTESIAN_POINT ( 'NONE',  ( -0.07480314960629921850, 0.2421259842519385974, 0.07952755905514784229 ) ) ;
#6727 = ORIENTED_EDGE ( 'NONE', *, *, #4434, .T. ) ;
#6728 = CARTESIAN_POINT ( 'NONE',  ( -0.2135826771653543399, 0.2165354330708373909, -0.2480314960629626253 ) ) ;
#6729 =( NAMED_UNIT ( * ) SI_UNIT ( $, .STERADIAN. ) SOLID_ANGLE_UNIT ( ) );
#6730 = EDGE_LOOP ( 'NONE', ( #516, #2579, #8519, #4448 ) ) ;
#6731 = COORDINATED_UNIVERSAL_TIME_OFFSET ( 0, 0, .AHEAD. ) ;
#6732 = VECTOR ( 'NONE', #4105, 39.37007874015748143 ) ;
#6733 = CARTESIAN_POINT ( 'NONE',  ( -0.04822834645669291098, 0.2309529165521752303, 0.05719542721420283610 ) ) ;
#6734 = ORIENTED_EDGE ( 'NONE', *, *, #1807, .T. ) ;
#6735 = EDGE_CURVE ( 'NONE', #9441, #10419, #11098, .T. ) ;
#6736 = VERTEX_POINT ( 'NONE', #3426 ) ;
#6737 = DIRECTION ( 'NONE',  ( 0.000000000000000000, -1.000000000000000000, 9.864903692665690478E-14 ) ) ;
#6738 = ORIENTED_EDGE ( 'NONE', *, *, #5364, .F. ) ;
#6739 = VECTOR ( 'NONE', #2176, 39.37007874015748143 ) ;
#6740 = DIRECTION ( 'NONE',  ( -1.000000000000000000, 0.000000000000000000, 0.000000000000000000 ) ) ;
#6741 = DIRECTION ( 'NONE',  ( -1.000000000000000000, 8.478487421378829852E-27, -2.428335310589999829E-12 ) ) ;
#6742 = ORIENTED_EDGE ( 'NONE', *, *, #3435, .F. ) ;
#6743 = CARTESIAN_POINT ( 'NONE',  ( -0.04822834645669291098, 0.2362204724409153467, 0.05986524456920295362 ) ) ;
#6744 = ORIENTED_EDGE ( 'NONE', *, *, #10940, .T. ) ;
#6745 = DIRECTION ( 'NONE',  ( -1.000000000000000000, -0.000000000000000000, 0.000000000000000000 ) ) ;
#6746 = CARTESIAN_POINT ( 'NONE',  ( -0.2135826771653543399, 0.2106299212598137516, -0.2125984251968208727 ) ) ;
#6747 = DIRECTION ( 'NONE',  ( 0.000000000000000000, 3.491481338843134933E-15, -1.000000000000000000 ) ) ;
#6748 = EDGE_CURVE ( 'NONE', #1533, #5033, #7585, .T. ) ;
#6749 = ADVANCED_FACE ( 'NONE', ( #10031 ), #2309, .F. ) ;
#6750 = CIRCLE ( 'NONE', #1896, 0.01968503937007876764 ) ;
#6751 = ORIENTED_EDGE ( 'NONE', *, *, #8499, .T. ) ;
#6752 = DIRECTION ( 'NONE',  ( -0.000000000000000000, -0.8919727971616544515, -0.4520890721125807588 ) ) ;
#6753 = ORIENTED_EDGE ( 'NONE', *, *, #10678, .F. ) ;
#6754 = LINE ( 'NONE', #3374, #1765 ) ;
#6755 = AXIS2_PLACEMENT_3D ( 'NONE', #11132, #3403, #11024 ) ;
#6756 = FACE_OUTER_BOUND ( 'NONE', #3706, .T. ) ;
#6757 = VECTOR ( 'NONE', #1848, 39.37007874015748143 ) ;
#6758 = CARTESIAN_POINT ( 'NONE',  ( 0.03838582677165354451, 0.2563854519293799483, 0.007016975403139922435 ) ) ;
#6759 = CARTESIAN_POINT ( 'NONE',  ( 0.2076771653548425689, 0.2165354330708373909, -0.2421259842519389860 ) ) ;
#6760 = VERTEX_POINT ( 'NONE', #2365 ) ;
#6761 = ORIENTED_EDGE ( 'NONE', *, *, #7602, .F. ) ;
#6762 = ADVANCED_FACE ( 'NONE', ( #5795 ), #9245, .T. ) ;
#6763 = LINE ( 'NONE', #5914, #2879 ) ;
#6764 = EDGE_LOOP ( 'NONE', ( #5381, #7699, #5863, #3475, #250, #6751 ) ) ;
#6765 = AXIS2_PLACEMENT_3D ( 'NONE', #9185, #9073, #4901 ) ;
#6766 = PLANE ( 'NONE',  #912 ) ;
#6767 = ORIENTED_EDGE ( 'NONE', *, *, #8806, .F. ) ;
#6768 = CARTESIAN_POINT ( 'NONE',  ( -0.2771653543307086576, 0.2106299212598126414, 0.1051181102362499925 ) ) ;
#6769 = AXIS2_PLACEMENT_3D ( 'NONE', #7363, #4886, #6509 ) ;
#6770 = FACE_OUTER_BOUND ( 'NONE', #2624, .T. ) ;
#6771 = CLOSED_SHELL ( 'NONE', ( #2902, #2752, #8295, #7486, #10287, #9662, #8515, #8105, #547, #3256, #269, #8904, #10570, #5262 ) ) ;
#6772 = LINE ( 'NONE', #10220, #5532 ) ;
#6773 = DIRECTION ( 'NONE',  ( 1.000000000000000000, 0.000000000000000000, 0.000000000000000000 ) ) ;
#6774 = EDGE_LOOP ( 'NONE', ( #1309, #10351, #806, #4497 ) ) ;
#6775 = EDGE_CURVE ( 'NONE', #2369, #533, #7767, .T. ) ;
#6776 = DIRECTION ( 'NONE',  ( 1.000000000000000000, 0.000000000000000000, 0.000000000000000000 ) ) ;
#6777 = ORIENTED_EDGE ( 'NONE', *, *, #6114, .T. ) ;
#6778 = ORIENTED_EDGE ( 'NONE', *, *, #9016, .T. ) ;
#6779 = DIRECTION ( 'NONE',  ( 0.000000000000000000, -1.000000000000000000, -3.491481338843134933E-15 ) ) ;
#6780 = VECTOR ( 'NONE', #5829, 39.37007874015748854 ) ;
#6781 = AXIS2_PLACEMENT_3D ( 'NONE', #981, #4370, #6214 ) ;
#6782 = LINE ( 'NONE', #10229, #5344 ) ;
#6783 = CARTESIAN_POINT ( 'NONE',  ( -0.004921259842519684971, 0.2303149606298921792, -0.07795275590552164235 ) ) ;
#6784 = ORIENTED_EDGE ( 'NONE', *, *, #4100, .T. ) ;
#6785 = CARTESIAN_POINT ( 'NONE',  ( 0.06988188999870079132, 0.2106299212598137516, -0.2421259842518799221 ) ) ;
#6786 = DIRECTION ( 'NONE',  ( -1.000000000000000000, 0.000000000000000000, 0.000000000000000000 ) ) ;
#6787 = VECTOR ( 'NONE', #8705, 39.37007874015748143 ) ;
#6788 = ORIENTED_EDGE ( 'NONE', *, *, #10837, .T. ) ;
#6789 = EDGE_CURVE ( 'NONE', #10508, #5171, #7891, .T. ) ;
#6790 = SHAPE_DEFINITION_REPRESENTATION ( #1476, #8164 ) ;
#6791 = DIRECTION ( 'NONE',  ( 1.000000000000000000, 0.000000000000000000, 0.000000000000000000 ) ) ;
#6792 = EDGE_LOOP ( 'NONE', ( #6626, #7993, #4806 ) ) ;
#6793 = ORIENTED_EDGE ( 'NONE', *, *, #5669, .T. ) ;
#6794 = DIRECTION ( 'NONE',  ( 0.1030840927241010313, 3.472880976723659858E-15, -0.9946726445556091090 ) ) ;
#6795 = ORIENTED_EDGE ( 'NONE', *, *, #5424, .F. ) ;
#6796 = CIRCLE ( 'NONE', #3378, 0.01181102362204724046 ) ;
#6797 = CARTESIAN_POINT ( 'NONE',  ( -0.1525590548837795490, 0.2224409448818610024, -0.2125984251968208727 ) ) ;
#6798 = DIRECTION ( 'NONE',  ( 0.000000000000000000, -1.000000000000000000, -3.491481338843134933E-15 ) ) ;
#6799 = CARTESIAN_POINT ( 'NONE',  ( 0.1345525796378346517, 0.2834645669291035452, 0.2201693093386125899 ) ) ;
#6800 = ORIENTED_EDGE ( 'NONE', *, *, #5122, .T. ) ;
#6801 = CARTESIAN_POINT ( 'NONE',  ( 0.1077448397120866208, 0.2775590551180799337, 0.2083734574937307349 ) ) ;
#6802 = CARTESIAN_POINT ( 'NONE',  ( -0.06003936984413385525, 0.2106299212598137516, -0.2480314960629626253 ) ) ;
#6803 = EDGE_CURVE ( 'NONE', #9030, #3563, #7029, .T. ) ;
#6804 = CARTESIAN_POINT ( 'NONE',  ( -0.1968503937007874127, 0.2125984251968212890, -0.1094488188976082688 ) ) ;
#6805 = AXIS2_PLACEMENT_3D ( 'NONE', #6658, #10109, #3059 ) ;
#6806 = ORIENTED_EDGE ( 'NONE', *, *, #5897, .F. ) ;
#6807 = CARTESIAN_POINT ( 'NONE',  ( -0.1744460153224803300, 0.2421259842519382366, 0.2442895309760142186 ) ) ;
#6808 = ORIENTED_EDGE ( 'NONE', *, *, #6270, .F. ) ;
#6809 = DIRECTION ( 'NONE',  ( -1.000000000000000000, -2.305752764987524630E-24, 2.267029663619999814E-13 ) ) ;
#6810 = EDGE_CURVE ( 'NONE', #1585, #1624, #2002, .T. ) ;
#6811 = VECTOR ( 'NONE', #1144, 39.37007874015748143 ) ;
#6812 = CARTESIAN_POINT ( 'NONE',  ( -4.108699382472441222E-14, 0.2421259842519374039, 0.4786410526771953666 ) ) ;
#6813 = LINE ( 'NONE', #10260, #6228 ) ;
#6814 = DIRECTION ( 'NONE',  ( 0.000000000000000000, -1.000000000000000000, -3.491481338843135327E-15 ) ) ;
#6815 = VERTEX_POINT ( 'NONE', #9515 ) ;
#6816 = VERTEX_POINT ( 'NONE', #7089 ) ;
#6817 = CARTESIAN_POINT ( 'NONE',  ( 0.1033464566929133965, 0.2362204724409157630, -0.07795275590552164235 ) ) ;
#6818 = VERTEX_POINT ( 'NONE', #3593 ) ;
#6819 = VECTOR ( 'NONE', #7117, 39.37007874015748143 ) ;
#6820 = FACE_OUTER_BOUND ( 'NONE', #5987, .T. ) ;
#6821 = ORIENTED_EDGE ( 'NONE', *, *, #3744, .T. ) ;
#6822 = EDGE_CURVE ( 'NONE', #9979, #3159, #2754, .T. ) ;
#6823 = ADVANCED_FACE ( 'NONE', ( #892 ), #6123, .F. ) ;
#6824 = CARTESIAN_POINT ( 'NONE',  ( 0.2594488188976378784, 0.2834645669291035452, 0.2055118110236519857 ) ) ;
#6825 = CIRCLE ( 'NONE', #6462, 0.005905511811023620231 ) ;
#6826 = DIRECTION ( 'NONE',  ( 0.000000000000000000, -3.491481338843134933E-15, 1.000000000000000000 ) ) ;
#6827 = LINE ( 'NONE', #802, #7163 ) ;
#6828 = DIRECTION ( 'NONE',  ( 2.753353101091000083E-13, 3.491481338843134933E-15, -1.000000000000000000 ) ) ;
#6829 = ORIENTED_EDGE ( 'NONE', *, *, #10477, .F. ) ;
#6830 = DIRECTION ( 'NONE',  ( 1.000000000000000000, 1.007218999562999939E-14, 3.516686341102465156E-29 ) ) ;
#6831 = VERTEX_POINT ( 'NONE', #6179 ) ;
#6832 = EDGE_LOOP ( 'NONE', ( #9215, #3195, #1785, #1493 ) ) ;
#6833 = LINE ( 'NONE', #82, #9198 ) ;
#6834 = VECTOR ( 'NONE', #5961, 39.37007874015748143 ) ;
#6835 = AXIS2_PLACEMENT_3D ( 'NONE', #9220, #8490, #5036 ) ;
#6836 = ADVANCED_FACE ( 'NONE', ( #6859 ), #3538, .T. ) ;
#6837 = LINE ( 'NONE', #10289, #2265 ) ;
#6838 = DIRECTION ( 'NONE',  ( -4.396029978364999495E-13, -1.000000000000000000, 5.826458491098570021E-13 ) ) ;
#6839 = ORIENTED_EDGE ( 'NONE', *, *, #5862, .F. ) ;
#6840 = VECTOR ( 'NONE', #176, 39.37007874015748143 ) ;
#6841 = LINE ( 'NONE', #8662, #326 ) ;
#6842 = AXIS2_PLACEMENT_3D ( 'NONE', #2325, #3221, #9204 ) ;
#6843 = LINE ( 'NONE', #10293, #2747 ) ;
#6844 = ORIENTED_EDGE ( 'NONE', *, *, #5919, .T. ) ;
#6845 = DIRECTION ( 'NONE',  ( -0.8757303101584911209, -1.685689301587470072E-15, 0.4828006046699950260 ) ) ;
#6846 = ORIENTED_EDGE ( 'NONE', *, *, #2703, .T. ) ;
#6847 = VERTEX_POINT ( 'NONE', #6912 ) ;
#6848 = FACE_OUTER_BOUND ( 'NONE', #8187, .T. ) ;
#6849 = ORIENTED_EDGE ( 'NONE', *, *, #5314, .F. ) ;
#6850 = VECTOR ( 'NONE', #8901, 39.37007874015748854 ) ;
#6851 = VECTOR ( 'NONE', #1189, 39.37007874015748143 ) ;
#6852 = ADVANCED_FACE ( 'NONE', ( #9630 ), #5338, .T. ) ;
#6853 = CARTESIAN_POINT ( 'NONE',  ( 0.06003937007874016185, 0.2556349392492224815, -0.006742098347214430139 ) ) ;
#6854 = ORIENTED_EDGE ( 'NONE', *, *, #2963, .T. ) ;
#6855 = CARTESIAN_POINT ( 'NONE',  ( -0.004921259842519684971, 0.2362204724409153467, 0.05986524456920295362 ) ) ;
#6856 = VERTEX_POINT ( 'NONE', #950 ) ;
#6857 = LINE ( 'NONE', #2635, #4974 ) ;
#6858 = CARTESIAN_POINT ( 'NONE',  ( -0.1998031496062991907, 0.2598425196850102648, -0.05433070866142700878 ) ) ;
#6859 = FACE_OUTER_BOUND ( 'NONE', #3487, .T. ) ;
#6860 = AXIS2_PLACEMENT_3D ( 'NONE', #8430, #5653, #4134 ) ;
#6861 = ORIENTED_EDGE ( 'NONE', *, *, #5035, .T. ) ;
#6862 = DIRECTION ( 'NONE',  ( 0.000000000000000000, 1.000000000000000000, 3.491481338843135327E-15 ) ) ;
#6863 = EDGE_LOOP ( 'NONE', ( #4019, #6531, #5567, #6093, #2392, #11, #9142, #1707 ) ) ;
#6864 = EDGE_CURVE ( 'NONE', #8266, #295, #2639, .T. ) ;
#6865 = DIRECTION ( 'NONE',  ( 0.000000000000000000, -3.491481338843134933E-15, 1.000000000000000000 ) ) ;
#6866 = EDGE_CURVE ( 'NONE', #6611, #6971, #1965, .T. ) ;
#6867 = AXIS2_PLACEMENT_3D ( 'NONE', #5872, #9374, #10385 ) ;
#6868 = DIRECTION ( 'NONE',  ( 0.000000000000000000, -1.000000000000000000, -3.491481338843135327E-15 ) ) ;
#6869 = CARTESIAN_POINT ( 'NONE',  ( 0.02854330732141338589, 0.2165354330708373909, -0.2480314960629626253 ) ) ;
#6870 = LINE ( 'NONE', #10261, #4143 ) ;
#6871 = ORIENTED_EDGE ( 'NONE', *, *, #2119, .T. ) ;
#6872 = DIRECTION ( 'NONE',  ( 0.000000000000000000, -3.491481338843134933E-15, 1.000000000000000000 ) ) ;
#6873 = AXIS2_PLACEMENT_3D ( 'NONE', #5404, #3602, #2979 ) ;
#6874 = ORIENTED_EDGE ( 'NONE', *, *, #6685, .F. ) ;
#6875 = ADVANCED_FACE ( 'NONE', ( #2807 ), #5226, .T. ) ;
#6876 = FACE_OUTER_BOUND ( 'NONE', #8942, .T. ) ;
#6877 = ORIENTED_EDGE ( 'NONE', *, *, #3948, .F. ) ;
#6878 = CARTESIAN_POINT ( 'NONE',  ( 0.2618110236219685083, 0.2834645669291035452, 0.2055118110236519857 ) ) ;
#6879 = AXIS2_PLACEMENT_3D ( 'NONE', #987, #4204, #92 ) ;
#6880 = LINE ( 'NONE', #1194, #2214 ) ;
#6881 = LINE ( 'NONE', #8534, #4237 ) ;
#6882 = LINE ( 'NONE', #10113, #10587 ) ;
#6883 = CARTESIAN_POINT ( 'NONE',  ( -0.2135826771653543399, 0.2165354330708373909, -0.2480314960629626253 ) ) ;
#6884 = EDGE_LOOP ( 'NONE', ( #8498, #6800, #2710, #7431 ) ) ;
#6885 = DIRECTION ( 'NONE',  ( -1.000000000000000000, -0.000000000000000000, 0.000000000000000000 ) ) ;
#6886 = ORIENTED_EDGE ( 'NONE', *, *, #3812, .T. ) ;
#6887 = ORIENTED_EDGE ( 'NONE', *, *, #9408, .F. ) ;
#6888 = EDGE_CURVE ( 'NONE', #6944, #9725, #4344, .T. ) ;
#6889 = ADVANCED_FACE ( 'NONE', ( #4558 ), #9573, .F. ) ;
#6890 = LINE ( 'NONE', #7064, #6312 ) ;
#6891 = EDGE_CURVE ( 'NONE', #5069, #5537, #8849, .T. ) ;
#6892 = LINE ( 'NONE', #3345, #5703 ) ;
#6893 = FACE_OUTER_BOUND ( 'NONE', #6013, .T. ) ;
#6894 = ORIENTED_EDGE ( 'NONE', *, *, #2087, .F. ) ;
#6895 = LINE ( 'NONE', #10341, #6780 ) ;
#6896 = LINE ( 'NONE', #6047, #2408 ) ;
#6897 = ORIENTED_EDGE ( 'NONE', *, *, #59, .T. ) ;
#6898 = PERSON_AND_ORGANIZATION ( #883, #3837 ) ;
#6899 = CYLINDRICAL_SURFACE ( 'NONE', #8491, 0.005905511811023620231 ) ;
#6900 = ORIENTED_EDGE ( 'NONE', *, *, #8028, .T. ) ;
#6901 = ORIENTED_EDGE ( 'NONE', *, *, #4406, .F. ) ;
#6902 = EDGE_CURVE ( 'NONE', #10486, #2604, #1120, .T. ) ;
#6903 = FACE_OUTER_BOUND ( 'NONE', #4432, .T. ) ;
#6904 = ORIENTED_EDGE ( 'NONE', *, *, #1734, .F. ) ;
#6905 = DIRECTION ( 'NONE',  ( 0.000000000000000000, -5.782411586589358822E-15, 1.000000000000000000 ) ) ;
#6906 = DIRECTION ( 'NONE',  ( -2.268326611763000100E-13, -3.491481338843134933E-15, 1.000000000000000000 ) ) ;
#6907 = CARTESIAN_POINT ( 'NONE',  ( 0.02066929157333464301, 0.2165354330708373909, -0.2125984251968208727 ) ) ;
#6908 = VECTOR ( 'NONE', #3776, 39.37007874015748143 ) ;
#6909 = EDGE_LOOP ( 'NONE', ( #9988, #453, #755, #4766 ) ) ;
#6910 = CARTESIAN_POINT ( 'NONE',  ( 0.02066929157333464301, 0.2165354330708373909, -0.2421259842518799221 ) ) ;
#6911 = LINE ( 'NONE', #4331, #6757 ) ;
#6912 = CARTESIAN_POINT ( 'NONE',  ( -0.1348425196850394081, 0.2616530078181201202, 0.009686792758139901177 ) ) ;
#6913 = EDGE_CURVE ( 'NONE', #7354, #4855, #2971, .T. ) ;
#6914 = VERTEX_POINT ( 'NONE', #3705 ) ;
#6915 = DIRECTION ( 'NONE',  ( -0.000000000000000000, -1.000000000000000000, -3.491481338843134933E-15 ) ) ;
#6916 = ORIENTED_EDGE ( 'NONE', *, *, #2259, .F. ) ;
#6917 = CIRCLE ( 'NONE', #8551, 0.01181102362204723699 ) ;
#6918 = FACE_OUTER_BOUND ( 'NONE', #5187, .T. ) ;
#6919 = B_SPLINE_CURVE_WITH_KNOTS ( 'NONE', 3,
 ( #420, #3855, #7288, #3005, #6435 ),
 .UNSPECIFIED., .F., .F.,
 ( 4, 1, 4 ),
 ( 0.000000000000000000, 0.2500922076145999928, 1.000000000000000000 ),
 .UNSPECIFIED. ) ;
#6920 = CARTESIAN_POINT ( 'NONE',  ( 0.2594488188976378784, 0.2775590551180799337, 0.2055118110236515971 ) ) ;
#6921 = ORIENTED_EDGE ( 'NONE', *, *, #7513, .T. ) ;
#6922 = CARTESIAN_POINT ( 'NONE',  ( 0.1860939424881495885, 0.2834645669291035452, 0.2480314960630220500 ) ) ;
#6923 = VECTOR ( 'NONE', #382, 39.37007874015748143 ) ;
#6924 = FACE_OUTER_BOUND ( 'NONE', #9158, .T. ) ;
#6925 = ORIENTED_EDGE ( 'NONE', *, *, #10896, .F. ) ;
#6926 = ADVANCED_FACE ( 'NONE', ( #8060 ), #9964, .F. ) ;
#6927 = ADVANCED_FACE ( 'NONE', ( #6454 ), #441, .T. ) ;
#6928 = LINE ( 'NONE', #6986, #2158 ) ;
#6929 = ORIENTED_EDGE ( 'NONE', *, *, #10420, .T. ) ;
#6930 = CARTESIAN_POINT ( 'NONE',  ( 0.2653543307086614345, 0.2716535433070578764, -0.2125984251968208727 ) ) ;
#6931 = VERTEX_POINT ( 'NONE', #2020 ) ;
#6932 = VECTOR ( 'NONE', #1489, 39.37007874015748143 ) ;
#6933 = CARTESIAN_POINT ( 'NONE',  ( -0.1466535430726771672, 0.2165354330708373909, -0.2480314960629626253 ) ) ;
#6934 = DIRECTION ( 'NONE',  ( 1.000000000000000000, 0.000000000000000000, 0.000000000000000000 ) ) ;
#6935 = DIRECTION ( 'NONE',  ( 0.000000000000000000, 3.491481338843135327E-15, -1.000000000000000000 ) ) ;
#6936 = CARTESIAN_POINT ( 'NONE',  ( -0.004921259842519684971, 0.2362204724409153467, 0.05986524456920295362 ) ) ;
#6937 = LINE ( 'NONE', #3334, #9580 ) ;
#6938 = ORIENTED_EDGE ( 'NONE', *, *, #9585, .F. ) ;
#6939 = AXIS2_PLACEMENT_3D ( 'NONE', #4646, #7621, #9832 ) ;
#6940 = EDGE_CURVE ( 'NONE', #7723, #10594, #5418, .T. ) ;
#6941 = AXIS2_PLACEMENT_3D ( 'NONE', #6746, #5739, #10087 ) ;
#6942 = EDGE_CURVE ( 'NONE', #2836, #8376, #4777, .T. ) ;
#6943 = CARTESIAN_POINT ( 'NONE',  ( -0.2135826771653543399, 0.2106299212598137516, -0.2480314960629626253 ) ) ;
#6944 = VERTEX_POINT ( 'NONE', #1393 ) ;
#6945 = ORIENTED_EDGE ( 'NONE', *, *, #6245, .F. ) ;
#6946 = PLANE ( 'NONE',  #2528 ) ;
#6947 = VECTOR ( 'NONE', #8454, 39.37007874015748143 ) ;
#6948 = CARTESIAN_POINT ( 'NONE',  ( -0.1781496062992126150, 0.2309529165521752303, 0.05719542721420283610 ) ) ;
#6949 = VECTOR ( 'NONE', #1448, 39.37007874015748143 ) ;
#6950 = EDGE_CURVE ( 'NONE', #6171, #3381, #7403, .T. ) ;
#6951 = CARTESIAN_POINT ( 'NONE',  ( 0.2909448818897638067, 0.2165354330708362252, 0.06479275320034448560 ) ) ;
#6952 = FACE_OUTER_BOUND ( 'NONE', #6792, .T. ) ;
#6953 = ORIENTED_EDGE ( 'NONE', *, *, #10760, .F. ) ;
#6954 = DIRECTION ( 'NONE',  ( 0.000000000000000000, -2.478176394252581732E-15, 1.000000000000000000 ) ) ;
#6955 = CARTESIAN_POINT ( 'NONE',  ( -0.2653543307086614345, 0.2145669291338279938, 0.2055118110236515971 ) ) ;
#6956 = VERTEX_POINT ( 'NONE', #10810 ) ;
#6957 = PERSON_AND_ORGANIZATION ( #883, #3837 ) ;
#6958 = CARTESIAN_POINT ( 'NONE',  ( -0.1345525796377165517, 0.2421259842519382366, 0.2201693093382189048 ) ) ;
#6959 = ORIENTED_EDGE ( 'NONE', *, *, #9455, .F. ) ;
#6960 = ORIENTED_EDGE ( 'NONE', *, *, #4249, .T. ) ;
#6961 = VECTOR ( 'NONE', #4201, 39.37007874015748143 ) ;
#6962 = CARTESIAN_POINT ( 'NONE',  ( 0.1345525796372441241, 0.2421259842519382366, 0.2201693093382189048 ) ) ;
#6963 = VECTOR ( 'NONE', #5501, 39.37007874015748143 ) ;
#6964 = ORIENTED_EDGE ( 'NONE', *, *, #761, .F. ) ;
#6965 = LINE ( 'NONE', #6115, #3471 ) ;
#6966 = ADVANCED_FACE ( 'NONE', ( #1285 ), #5506, .T. ) ;
#6967 = AXIS2_PLACEMENT_3D ( 'NONE', #5982, #9428, #1703 ) ;
#6968 = CARTESIAN_POINT ( 'NONE',  ( -0.2653543307086614345, 0.2224409448818602253, 0.05787401574806102372 ) ) ;
#6969 = ADVANCED_FACE ( 'NONE', ( #386 ), #4666, .F. ) ;
#6970 = CARTESIAN_POINT ( 'NONE',  ( 0.1299212598425196763, 0.2421259842519385974, 0.07952755905514784229 ) ) ;
#6971 = VERTEX_POINT ( 'NONE', #3024 ) ;
#6972 = PLANE ( 'NONE',  #1381 ) ;
#6973 = DIRECTION ( 'NONE',  ( 0.000000000000000000, -0.8333333333369746798, 0.5527707983870771002 ) ) ;
#6974 = DIRECTION ( 'NONE',  ( -1.000000000000000000, 0.000000000000000000, 0.000000000000000000 ) ) ;
#6975 = ORIENTED_EDGE ( 'NONE', *, *, #6604, .F. ) ;
#6976 = DIRECTION ( 'NONE',  ( -0.4963187566074251933, 3.031095880872246896E-15, -0.8681403641345444289 ) ) ;
#6977 = ORIENTED_EDGE ( 'NONE', *, *, #6197, .F. ) ;
#6978 = CARTESIAN_POINT ( 'NONE',  ( -0.04330708661417323468, 0.2125984251968204841, 0.07952755905514763413 ) ) ;
#6979 = DIRECTION ( 'NONE',  ( 0.000000000000000000, -1.000000000000000000, -2.891205793294679411E-15 ) ) ;
#6980 = EDGE_CURVE ( 'NONE', #5519, #7689, #3823, .T. ) ;
#6981 = ORIENTED_EDGE ( 'NONE', *, *, #4163, .F. ) ;
#6982 = DIRECTION ( 'NONE',  ( 0.000000000000000000, -3.491481338843134933E-15, 1.000000000000000000 ) ) ;
#6983 = CIRCLE ( 'NONE', #869, 0.005905511811082671085 ) ;
#6984 = DIRECTION ( 'NONE',  ( 0.000000000000000000, 1.000000000000000000, 3.491481338843135327E-15 ) ) ;
#6985 = ORIENTED_EDGE ( 'NONE', *, *, #5290, .T. ) ;
#6986 = CARTESIAN_POINT ( 'NONE',  ( -0.2870078740155905805, 0.2165354330708362252, 0.07036052313101377742 ) ) ;
#6987 = ORIENTED_EDGE ( 'NONE', *, *, #5563, .T. ) ;
#6988 = DIRECTION ( 'NONE',  ( 0.000000000000000000, -0.4520890721125805922, 0.8919727971616542295 ) ) ;
#6989 = VERTEX_POINT ( 'NONE', #2921 ) ;
#6990 = AXIS2_PLACEMENT_3D ( 'NONE', #8479, #10050, #9093 ) ;
#6991 = DIRECTION ( 'NONE',  ( 1.000000000000000000, 0.000000000000000000, 0.000000000000000000 ) ) ;
#6992 = ADVANCED_FACE ( 'NONE', ( #8278 ), #10593, .T. ) ;
#6993 = DIRECTION ( 'NONE',  ( 0.000000000000000000, 1.000000000000000000, 3.491481338843134933E-15 ) ) ;
#6994 = DIRECTION ( 'NONE',  ( 0.000000000000000000, -1.000000000000000000, -3.491481338843134933E-15 ) ) ;
#6995 = DIRECTION ( 'NONE',  ( 0.000000000000000000, 1.000000000000000000, 3.491481338843135327E-15 ) ) ;
#6996 = DIRECTION ( 'NONE',  ( 0.000000000000000000, -1.000000000000000000, -5.782411586589358822E-15 ) ) ;
#6997 = VECTOR ( 'NONE', #1637, 39.37007874015748854 ) ;
#6998 = EDGE_LOOP ( 'NONE', ( #4641, #48, #7597, #2609 ) ) ;
#6999 = CARTESIAN_POINT ( 'NONE',  ( 0.08661417322834646937, 0.2125984251968204841, 0.07952755905514763413 ) ) ;
#7000 = ORIENTED_EDGE ( 'NONE', *, *, #8259, .F. ) ;
#7001 = ORIENTED_EDGE ( 'NONE', *, *, #916, .T. ) ;
#7002 = DIRECTION ( 'NONE',  ( 0.000000000000000000, 3.491481338843134933E-15, -1.000000000000000000 ) ) ;
#7003 = AXIS2_PLACEMENT_3D ( 'NONE', #9697, #9637, #6247 ) ;
#7004 = CARTESIAN_POINT ( 'NONE',  ( 0.06003937007874016185, 0.2400588892959547305, -0.04142299450934047722 ) ) ;
#7005 = ADVANCED_FACE ( 'NONE', ( #6353 ), #3876, .F. ) ;
#7006 = EDGE_CURVE ( 'NONE', #7097, #5211, #490, .T. ) ;
#7007 = CARTESIAN_POINT ( 'NONE',  ( -0.06594488165523622325, 0.2106299212598137516, -0.2421259842517657634 ) ) ;
#7008 = DIRECTION ( 'NONE',  ( -1.421085471522000237E-14, 1.000000000000000000, 3.491481338843134933E-15 ) ) ;
#7009 = VERTEX_POINT ( 'NONE', #3765 ) ;
#7010 = DIRECTION ( 'NONE',  ( 1.421085471520000001E-14, 1.000000000000000000, 3.491481338843134933E-15 ) ) ;
#7011 = PLANE ( 'NONE',  #7042 ) ;
#7012 = ORIENTED_EDGE ( 'NONE', *, *, #562, .T. ) ;
#7013 = LINE ( 'NONE', #9502, #7600 ) ;
#7014 = CIRCLE ( 'NONE', #6471, 0.005905511811023620231 ) ;
#7015 = ORIENTED_EDGE ( 'NONE', *, *, #837, .T. ) ;
#7016 = ORIENTED_EDGE ( 'NONE', *, *, #5857, .F. ) ;
#7017 = CIRCLE ( 'NONE', #7200, 0.005905511811082679759 ) ;
#7018 = DIRECTION ( 'NONE',  ( -1.000000000000000000, 0.000000000000000000, 0.000000000000000000 ) ) ;
#7019 = ORIENTED_EDGE ( 'NONE', *, *, #1250, .T. ) ;
#7020 = ADVANCED_FACE ( 'NONE', ( #2863 ), #6511, .T. ) ;
#7021 = CARTESIAN_POINT ( 'NONE',  ( -0.1132526673558661712, 0.2125984251968200955, 0.2105515555279822981 ) ) ;
#7022 = CIRCLE ( 'NONE', #8127, 0.005905511811023620231 ) ;
#7023 = VECTOR ( 'NONE', #154, 39.37007874015748143 ) ;
#7024 = CARTESIAN_POINT ( 'NONE',  ( 0.1196850393700787524, 0.2834645669291047665, -0.1035433070865844490 ) ) ;
#7025 = DIRECTION ( 'NONE',  ( 0.000000000000000000, -0.8333333333323129644, 0.5527707983941050340 ) ) ;
#7026 = VERTEX_POINT ( 'NONE', #9116 ) ;
#7027 = DIRECTION ( 'NONE',  ( 0.000000000000000000, -0.5464265657704129309, -0.8375070198036269620 ) ) ;
#7028 = LINE ( 'NONE', #6802, #4425 ) ;
#7029 = LINE ( 'NONE', #1738, #6488 ) ;
#7030 = EDGE_LOOP ( 'NONE', ( #4365, #9882, #4571, #2323 ) ) ;
#7031 = VERTEX_POINT ( 'NONE', #4610 ) ;
#7032 = AXIS2_PLACEMENT_3D ( 'NONE', #8354, #4053, #7496 ) ;
#7033 = EDGE_CURVE ( 'NONE', #7415, #8368, #10651, .T. ) ;
#7034 = AXIS2_PLACEMENT_3D ( 'NONE', #10894, #8473, #5699 ) ;
#7035 = EDGE_CURVE ( 'NONE', #6989, #4793, #8391, .T. ) ;
#7036 = FACE_OUTER_BOUND ( 'NONE', #431, .T. ) ;
#7037 = CARTESIAN_POINT ( 'NONE',  ( -0.09547244071035433655, 0.2165354330708373909, -0.2421259842519823124 ) ) ;
#7038 = EDGE_CURVE ( 'NONE', #7959, #9621, #10107, .T. ) ;
#7039 = LINE ( 'NONE', #6246, #1129 ) ;
#7040 = DIRECTION ( 'NONE',  ( 0.000000000000000000, 3.491481338843134933E-15, -1.000000000000000000 ) ) ;
#7041 = VERTEX_POINT ( 'NONE', #10236 ) ;
#7042 = AXIS2_PLACEMENT_3D ( 'NONE', #10633, #9615, #9787 ) ;
#7043 = LINE ( 'NONE', #9813, #3529 ) ;
#7044 = CIRCLE ( 'NONE', #10656, 0.02952755905511810289 ) ;
#7045 = DIRECTION ( 'NONE',  ( 0.000000000000000000, 1.000000000000000000, 3.491481338843134933E-15 ) ) ;
#7046 = ORIENTED_EDGE ( 'NONE', *, *, #5497, .F. ) ;
#7047 = LINE ( 'NONE', #1338, #9537 ) ;
#7048 = ORIENTED_EDGE ( 'NONE', *, *, #8057, .F. ) ;
#7049 = EDGE_CURVE ( 'NONE', #9298, #7397, #11031, .T. ) ;
#7050 = CARTESIAN_POINT ( 'NONE',  ( -0.06594488165523622325, 0.2224409448818610024, -0.2125984251968208727 ) ) ;
#7051 = EDGE_LOOP ( 'NONE', ( #4064, #4656, #3054, #5366, #7794, #8157, #10963 ) ) ;
#7052 = AXIS2_PLACEMENT_3D ( 'NONE', #8592, #11067, #2603 ) ;
#7053 = PLANE ( 'NONE',  #4295 ) ;
#7054 = CARTESIAN_POINT ( 'NONE',  ( -0.1099422992072506960, 0.2834645669291035452, 0.2092563738404169815 ) ) ;
#7055 = DIRECTION ( 'NONE',  ( 1.000000000000000000, 0.000000000000000000, 0.000000000000000000 ) ) ;
#7056 = CIRCLE ( 'NONE', #7052, 0.01181102362204724046 ) ;
#7057 = CARTESIAN_POINT ( 'NONE',  ( -0.2909448818897243938, 0.2165354330708362252, 0.06479275319979330150 ) ) ;
#7058 = DIRECTION ( 'NONE',  ( 0.9946726445553710771, -3.599161860857906009E-16, 0.1030840927263970419 ) ) ;
#7059 = ORIENTED_EDGE ( 'NONE', *, *, #8740, .F. ) ;
#7060 = DIRECTION ( 'NONE',  ( -3.469446951953615199E-13, 5.782411586589358822E-15, -1.000000000000000000 ) ) ;
#7061 = VERTEX_POINT ( 'NONE', #8443 ) ;
#7062 = ORIENTED_EDGE ( 'NONE', *, *, #5110, .T. ) ;
#7063 = EDGE_CURVE ( 'NONE', #2377, #7203, #546, .T. ) ;
#7064 = CARTESIAN_POINT ( 'NONE',  ( -0.1564960629921260116, 0.2563854519293799483, 0.007016975403139922435 ) ) ;
#7065 = VECTOR ( 'NONE', #10765, 39.37007874015748143 ) ;
#7066 = CARTESIAN_POINT ( 'NONE',  ( -0.1899606296869685296, 0.2165354330708373909, -0.2421259842518799221 ) ) ;
#7067 = CARTESIAN_POINT ( 'NONE',  ( 0.04330708661417323468, 0.2125984251968212890, -0.07795275590548228495 ) ) ;
#7068 = CARTESIAN_POINT ( 'NONE',  ( 0.1131889766129527547, 0.2106299212598137516, -0.2480314960629626253 ) ) ;
#7069 = ORIENTED_EDGE ( 'NONE', *, *, #4421, .T. ) ;
#7070 = FACE_OUTER_BOUND ( 'NONE', #9133, .T. ) ;
#7071 = LINE ( 'NONE', #8937, #373 ) ;
#7072 = DIRECTION ( 'NONE',  ( 0.000000000000000000, 1.000000000000000000, 3.491481338843134933E-15 ) ) ;
#7073 = ORIENTED_EDGE ( 'NONE', *, *, #4941, .T. ) ;
#7074 = FACE_OUTER_BOUND ( 'NONE', #2460, .T. ) ;
#7075 = VECTOR ( 'NONE', #2719, 39.37007874015748143 ) ;
#7076 = VERTEX_POINT ( 'NONE', #2403 ) ;
#7077 = ORIENTED_EDGE ( 'NONE', *, *, #6139, .T. ) ;
#7078 = ADVANCED_FACE ( 'NONE', ( #5833 ), #7536, .T. ) ;
#7079 = DIRECTION ( 'NONE',  ( -1.000000000000000000, 0.000000000000000000, 0.000000000000000000 ) ) ;
#7080 = EDGE_CURVE ( 'NONE', #3836, #3654, #1613, .T. ) ;
#7081 = ORIENTED_EDGE ( 'NONE', *, *, #8943, .T. ) ;
#7082 = CARTESIAN_POINT ( 'NONE',  ( 0.1549896822518110062, 0.2775590551180799337, 0.2314365286925496312 ) ) ;
#7083 = DIRECTION ( 'NONE',  ( -3.715546389078999932E-13, 1.000000000000000000, -2.242859771819155178E-12 ) ) ;
#7084 = CARTESIAN_POINT ( 'NONE',  ( 0.1744460153223622301, 0.2834645669291035452, 0.2442895309760142186 ) ) ;
#7085 = EDGE_LOOP ( 'NONE', ( #10566, #1534, #6021, #5938 ) ) ;
#7086 = DIRECTION ( 'NONE',  ( -1.000000000000000000, 0.000000000000000000, 0.000000000000000000 ) ) ;
#7087 = ADVANCED_FACE ( 'NONE', ( #2350 ), #3247, .T. ) ;
#7088 = LINE ( 'NONE', #2753, #8049 ) ;
#7089 = CARTESIAN_POINT ( 'NONE',  ( 0.1643700787405905361, 0.2125984251968350558, -0.2066929133858445011 ) ) ;
#7090 = EDGE_LOOP ( 'NONE', ( #3484, #9355, #6300, #208, #5285, #909 ) ) ;
#7091 = EDGE_CURVE ( 'NONE', #7755, #10059, #8501, .T. ) ;
#7092 = ORIENTED_EDGE ( 'NONE', *, *, #2432, .T. ) ;
#7093 = LINE ( 'NONE', #10536, #3598 ) ;
#7094 = DIRECTION ( 'NONE',  ( -1.000000000000000000, 0.000000000000000000, 0.000000000000000000 ) ) ;
#7095 = DIRECTION ( 'NONE',  ( -1.000000000000000000, 0.000000000000000000, 0.000000000000000000 ) ) ;
#7096 = CARTESIAN_POINT ( 'NONE',  ( -0.1466535430726771672, 0.2165354330708373909, -0.2480314960629626253 ) ) ;
#7097 = VERTEX_POINT ( 'NONE', #655 ) ;
#7098 = PLANE ( 'NONE',  #3714 ) ;
#7099 = ADVANCED_FACE ( 'NONE', ( #9283 ), #3987, .T. ) ;
#7100 = EDGE_CURVE ( 'NONE', #3717, #2073, #4993, .T. ) ;
#7101 = CARTESIAN_POINT ( 'NONE',  ( -0.2850393700787008378, 0.2165354330708362252, 0.09921259842522638095 ) ) ;
#7102 = VERTEX_POINT ( 'NONE', #11083 ) ;
#7103 = VECTOR ( 'NONE', #9984, 39.37007874015748143 ) ;
#7104 = CARTESIAN_POINT ( 'NONE',  ( 0.08169291338582677919, 0.2309529165521752303, 0.05719542721420283610 ) ) ;
#7105 = VERTEX_POINT ( 'NONE', #6680 ) ;
#7106 = DIRECTION ( 'NONE',  ( 0.000000000000000000, -1.000000000000000000, -3.491481338843135327E-15 ) ) ;
#7107 = ORIENTED_EDGE ( 'NONE', *, *, #4145, .T. ) ;
#7108 = CARTESIAN_POINT ( 'NONE',  ( 0.2909448818897638067, 0.2165354330708362252, 0.1051181102362499925 ) ) ;
#7109 = APPROVAL ( #1776, 'UNSPECIFIED' ) ;
#7110 = CARTESIAN_POINT ( 'NONE',  ( -0.2618110236220472231, 0.2775590551180799337, 0.2480314960630220500 ) ) ;
#7111 = EDGE_CURVE ( 'NONE', #1991, #10855, #1288, .T. ) ;
#7112 = ADVANCED_FACE ( 'NONE', ( #3135 ), #3352, .F. ) ;
#7113 = DIRECTION ( 'NONE',  ( -1.000000000000000000, 0.000000000000000000, 4.541506060061863588E-11 ) ) ;
#7114 = DIRECTION ( 'NONE',  ( 0.000000000000000000, -2.891205793294679411E-15, 1.000000000000000000 ) ) ;
#7115 = CARTESIAN_POINT ( 'NONE',  ( 0.1819790184727953231, 0.2775590551180799337, 0.2476050409764078974 ) ) ;
#7116 = VERTEX_POINT ( 'NONE', #1670 ) ;
#7117 = DIRECTION ( 'NONE',  ( 0.000000000000000000, -1.000000000000000000, -3.491481338843134933E-15 ) ) ;
#7118 = ORIENTED_EDGE ( 'NONE', *, *, #8999, .F. ) ;
#7119 = ORIENTED_EDGE ( 'NONE', *, *, #184, .T. ) ;
#7120 = CARTESIAN_POINT ( 'NONE',  ( -0.1732283464566929387, 0.2421259842519393746, -0.07795275590548228495 ) ) ;
#7121 = AXIS2_PLACEMENT_3D ( 'NONE', #4022, #637, #7240 ) ;
#7122 = CARTESIAN_POINT ( 'NONE',  ( 0.2850393700787401952, 0.2106299212598126414, 0.06377952755908464222 ) ) ;
#7123 = DIRECTION ( 'NONE',  ( 0.000000000000000000, 1.000000000000000000, 3.491481338843135327E-15 ) ) ;
#7124 = CIRCLE ( 'NONE', #6939, 0.005905511811023615894 ) ;
#7125 = EDGE_CURVE ( 'NONE', #2526, #1436, #9393, .T. ) ;
#7126 = DIRECTION ( 'NONE',  ( 0.000000000000000000, 0.8919727971616544515, 0.4520890721125804257 ) ) ;
#7127 = VECTOR ( 'NONE', #3368, 39.37007874015748143 ) ;
#7128 = ORIENTED_EDGE ( 'NONE', *, *, #6570, .T. ) ;
#7129 = CARTESIAN_POINT ( 'NONE',  ( 0.03444881913249606131, 0.2125984251968216499, -0.2125984251968208727 ) ) ;
#7130 = CARTESIAN_POINT ( 'NONE',  ( 0.09995424143498729541, 0.2834645669291036563, 0.2055353207559564299 ) ) ;
#7131 = LINE ( 'NONE', #6163, #2731 ) ;
#7132 = ORIENTED_EDGE ( 'NONE', *, *, #4290, .T. ) ;
#7133 = CARTESIAN_POINT ( 'NONE',  ( 0.02854330732141338589, 0.2165354330708373909, -0.2421259842518799221 ) ) ;
#7134 = EDGE_LOOP ( 'NONE', ( #4970, #6071, #437, #2712 ) ) ;
#7135 = EDGE_LOOP ( 'NONE', ( #5503, #4005, #11017, #174 ) ) ;
#7136 = CARTESIAN_POINT ( 'NONE',  ( 0.03838582677165354451, 0.2362204724409157630, -0.05433070866142708510 ) ) ;
#7137 = AXIS2_PLACEMENT_3D ( 'NONE', #1747, #1800, #8692 ) ;
#7138 = VECTOR ( 'NONE', #3134, 39.37007874015748143 ) ;
#7139 = CARTESIAN_POINT ( 'NONE',  ( 0.08169291338582677919, 0.2303149606298921792, -0.07795275590552164235 ) ) ;
#7140 = FACE_OUTER_BOUND ( 'NONE', #8693, .T. ) ;
#7141 = ADVANCED_FACE ( 'NONE', ( #10866 ), #6566, .T. ) ;
#7142 = FACE_OUTER_BOUND ( 'NONE', #1495, .T. ) ;
#7143 = ORIENTED_EDGE ( 'NONE', *, *, #7091, .T. ) ;
#7144 = LINE ( 'NONE', #1170, #4802 ) ;
#7145 = CARTESIAN_POINT ( 'NONE',  ( 0.2771653543307086576, 0.2224409448818598367, 0.1051181102362502007 ) ) ;
#7146 = CIRCLE ( 'NONE', #8588, 0.005905511811082679759 ) ;
#7147 = AXIS2_PLACEMENT_3D ( 'NONE', #10411, #8051, #9623 ) ;
#7148 = DIRECTION ( 'NONE',  ( 1.000000000000000000, 0.000000000000000000, 0.000000000000000000 ) ) ;
#7149 = EDGE_LOOP ( 'NONE', ( #6501, #4559, #10716, #1950, #5385, #3162, #5472, #2030, #8846, #7497, #452, #8129 ) ) ;
#7150 = VERTEX_POINT ( 'NONE', #4889 ) ;
#7151 = DIRECTION ( 'NONE',  ( 0.000000000000000000, -0.4520890721125805922, 0.8919727971616542295 ) ) ;
#7152 = VECTOR ( 'NONE', #3187, 39.37007874015748143 ) ;
#7153 = CIRCLE ( 'NONE', #10210, 0.01968503937007876764 ) ;
#7154 = CARTESIAN_POINT ( 'NONE',  ( 0.02657480338441732190, 0.2106299212598137516, -0.2421259842518799221 ) ) ;
#7155 = CARTESIAN_POINT ( 'NONE',  ( -0.1010685941644755975, 0.2421259842519382366, 0.2059339810057355391 ) ) ;
#7156 = DIRECTION ( 'NONE',  ( -1.000000000000000000, 0.000000000000000000, 0.000000000000000000 ) ) ;
#7157 = EDGE_CURVE ( 'NONE', #10265, #3997, #3191, .T. ) ;
#7158 = LINE ( 'NONE', #2136, #6373 ) ;
#7159 = ORIENTED_EDGE ( 'NONE', *, *, #958, .T. ) ;
#7160 = DIRECTION ( 'NONE',  ( -1.000000000000000000, -0.000000000000000000, 0.000000000000000000 ) ) ;
#7161 = LINE ( 'NONE', #10606, #3251 ) ;
#7162 = ORIENTED_EDGE ( 'NONE', *, *, #10005, .T. ) ;
#7163 = VECTOR ( 'NONE', #11066, 39.37007874015748143 ) ;
#7164 = ORIENTED_EDGE ( 'NONE', *, *, #7250, .F. ) ;
#7165 = DIRECTION ( 'NONE',  ( 0.000000000000000000, -1.000000000000000000, -3.491481338843135327E-15 ) ) ;
#7166 = ORIENTED_EDGE ( 'NONE', *, *, #16, .T. ) ;
#7167 = EDGE_CURVE ( 'NONE', #3353, #7026, #1952, .T. ) ;
#7168 = VECTOR ( 'NONE', #1128, 39.37007874015748854 ) ;
#7169 = CARTESIAN_POINT ( 'NONE',  ( -0.1781496062992126150, 0.2362204724409157630, -0.05433070866142708510 ) ) ;
#7170 = LINE ( 'NONE', #2884, #4043 ) ;
#7171 = CARTESIAN_POINT ( 'NONE',  ( 0.1299212598425196763, 0.2421259842519385974, 0.07952755905514784229 ) ) ;
#7172 = CARTESIAN_POINT ( 'NONE',  ( 0.03444881913249606131, 0.2106299212598137516, -0.2421259842518799221 ) ) ;
#7173 = ORIENTED_EDGE ( 'NONE', *, *, #3867, .T. ) ;
#7174 = LINE ( 'NONE', #3849, #5388 ) ;
#7175 = ORIENTED_EDGE ( 'NONE', *, *, #1681, .F. ) ;
#7176 = ORIENTED_EDGE ( 'NONE', *, *, #4062, .T. ) ;
#7177 = VECTOR ( 'NONE', #5597, 39.37007874015748143 ) ;
#7178 = CARTESIAN_POINT ( 'NONE',  ( -0.06003936984413385525, 0.2106299212598137516, -0.2480314960629626253 ) ) ;
#7179 = EDGE_CURVE ( 'NONE', #10662, #4519, #11139, .T. ) ;
#7180 = EDGE_CURVE ( 'NONE', #1733, #6308, #2371, .T. ) ;
#7181 = DIRECTION ( 'NONE',  ( 0.000000000000000000, 3.491481338843134933E-15, -1.000000000000000000 ) ) ;
#7182 = VECTOR ( 'NONE', #8303, 39.37007874015748143 ) ;
#7183 = DIRECTION ( 'NONE',  ( 0.000000000000000000, 1.000000000000000000, 3.491481338843134933E-15 ) ) ;
#7184 = DIRECTION ( 'NONE',  ( -8.733754460241000514E-14, 1.452682043106842026E-12, -1.000000000000000000 ) ) ;
#7185 = ORIENTED_EDGE ( 'NONE', *, *, #1455, .T. ) ;
#7186 = DIRECTION ( 'NONE',  ( 1.000000000000000000, 0.000000000000000000, 0.000000000000000000 ) ) ;
#7187 = CARTESIAN_POINT ( 'NONE',  ( 0.1032928346915547579, 0.2775590551180798782, 0.2067515796152105956 ) ) ;
#7188 = DIRECTION ( 'NONE',  ( 0.000000000000000000, 1.000000000000000000, 3.491481338843134933E-15 ) ) ;
#7189 = CARTESIAN_POINT ( 'NONE',  ( 0.1196850393700787524, 0.2834645669291047665, -0.09763779527556082360 ) ) ;
#7190 = ORIENTED_EDGE ( 'NONE', *, *, #4216, .T. ) ;
#7191 = VERTEX_POINT ( 'NONE', #2622 ) ;
#7192 = CARTESIAN_POINT ( 'NONE',  ( 0.2771653543307086576, 0.2165354330708362252, 0.1051181102362499925 ) ) ;
#7193 = CIRCLE ( 'NONE', #2871, 0.01377952755905512312 ) ;
#7194 = EDGE_CURVE ( 'NONE', #5211, #632, #3411, .T. ) ;
#7195 = LINE ( 'NONE', #5500, #9238 ) ;
#7196 = CARTESIAN_POINT ( 'NONE',  ( -0.2771653543307086576, 0.2224409448818598367, 0.1051181102362502007 ) ) ;
#7197 = CARTESIAN_POINT ( 'NONE',  ( 0.1345525796372441241, 0.2125984251968200955, 0.2201693093382184885 ) ) ;
#7198 = ORIENTED_EDGE ( 'NONE', *, *, #7382, .T. ) ;
#7199 = DIRECTION ( 'NONE',  ( -1.000000000000000000, 0.000000000000000000, 0.000000000000000000 ) ) ;
#7200 = AXIS2_PLACEMENT_3D ( 'NONE', #4919, #3901, #4860 ) ;
#7201 = CARTESIAN_POINT ( 'NONE',  ( -0.1092519682694882005, 0.2165354330708373909, -0.2185039370078444843 ) ) ;
#7202 = DIRECTION ( 'NONE',  ( 0.000000000000000000, -3.469446951953614189E-15, 1.000000000000000000 ) ) ;
#7203 = VERTEX_POINT ( 'NONE', #8552 ) ;
#7204 = ORIENTED_EDGE ( 'NONE', *, *, #471, .F. ) ;
#7205 = CARTESIAN_POINT ( 'NONE',  ( -0.2618110236220472231, 0.2125984251968216499, -0.2125984251968208727 ) ) ;
#7206 = EDGE_CURVE ( 'NONE', #598, #8611, #7013, .T. ) ;
#7207 = VECTOR ( 'NONE', #1103, 39.37007874015748143 ) ;
#7208 = VECTOR ( 'NONE', #8671, 39.37007874015748143 ) ;
#7209 = DIRECTION ( 'NONE',  ( 1.000000000000000000, 0.000000000000000000, 0.000000000000000000 ) ) ;
#7210 = CARTESIAN_POINT ( 'NONE',  ( -0.05807086590712598473, 0.2165354330708373909, -0.2480314960629626253 ) ) ;
#7211 = CARTESIAN_POINT ( 'NONE',  ( -0.2047244094488189226, 0.2421259842519385974, 0.07952755905514784229 ) ) ;
#7212 = CARTESIAN_POINT ( 'NONE',  ( 0.08169291338582677919, 0.2598425196850102648, -0.05433070866142700878 ) ) ;
#7213 = ORIENTED_EDGE ( 'NONE', *, *, #7206, .F. ) ;
#7214 = CARTESIAN_POINT ( 'NONE',  ( -0.02657480314960630058, 0.2309529165521752303, 0.05719542721420283610 ) ) ;
#7215 = FACE_OUTER_BOUND ( 'NONE', #6551, .T. ) ;
#7216 = CIRCLE ( 'NONE', #5228, 0.005905511811023620231 ) ;
#7217 = AXIS2_PLACEMENT_3D ( 'NONE', #9661, #1941, #5371 ) ;
#7218 = ORIENTED_EDGE ( 'NONE', *, *, #6114, .F. ) ;
#7219 = VERTEX_POINT ( 'NONE', #6958 ) ;
#7220 = LINE ( 'NONE', #5579, #7962 ) ;
#7221 = EDGE_CURVE ( 'NONE', #3762, #3056, #10347, .T. ) ;
#7222 = ORIENTED_EDGE ( 'NONE', *, *, #8740, .T. ) ;
#7223 = AXIS2_PLACEMENT_3D ( 'NONE', #4389, #1002, #4446 ) ;
#7224 = AXIS2_PLACEMENT_3D ( 'NONE', #5850, #1411, #673 ) ;
#7225 = CARTESIAN_POINT ( 'NONE',  ( -0.1348425196850394081, 0.2400588892959547305, -0.04142299450934047722 ) ) ;
#7226 = CYLINDRICAL_SURFACE ( 'NONE', #8190, 0.005905511811023620231 ) ;
#7227 = EDGE_CURVE ( 'NONE', #10638, #9199, #7819, .T. ) ;
#7228 = LINE ( 'NONE', #2777, #5965 ) ;
#7229 = ORIENTED_EDGE ( 'NONE', *, *, #10875, .T. ) ;
#7230 = CARTESIAN_POINT ( 'NONE',  ( -0.1092519682694882005, 0.2224409448818610024, -0.2125984251968208727 ) ) ;
#7231 = VECTOR ( 'NONE', #5324, 39.37007874015748143 ) ;
#7232 = ORIENTED_EDGE ( 'NONE', *, *, #9727, .F. ) ;
#7233 = ORIENTED_EDGE ( 'NONE', *, *, #9113, .F. ) ;
#7234 = FACE_OUTER_BOUND ( 'NONE', #2086, .T. ) ;
#7235 = ADVANCED_FACE ( 'NONE', ( #5998 ), #1777, .T. ) ;
#7236 = B_SPLINE_CURVE_WITH_KNOTS ( 'NONE', 3,
 ( #8274, #540, #4719, #10012, #9226 ),
 .UNSPECIFIED., .F., .F.,
 ( 4, 1, 4 ),
 ( 0.000000000000000000, 0.2500922076145999928, 1.000000000000000000 ),
 .UNSPECIFIED. ) ;
#7237 = CARTESIAN_POINT ( 'NONE',  ( -0.01476377929286220442, 0.2165354330708373909, -0.2480314960629626253 ) ) ;
#7238 = AXIS2_PLACEMENT_3D ( 'NONE', #2388, #3860, #5764 ) ;
#7239 = CARTESIAN_POINT ( 'NONE',  ( 0.1643700787405905361, 0.2125984251968275895, -0.2125984251968208727 ) ) ;
#7240 = DIRECTION ( 'NONE',  ( 0.000000000000000000, -1.000000000000000000, -3.491481338843134933E-15 ) ) ;
#7241 = DIRECTION ( 'NONE',  ( 0.000000000000000000, -1.000000000000000000, -3.491481338843135327E-15 ) ) ;
#7242 = ADVANCED_FACE ( 'NONE', ( #7074 ), #6107, .T. ) ;
#7243 = CARTESIAN_POINT ( 'NONE',  ( 0.2135826771655905676, 0.2106299212598137516, -0.2421259842545374352 ) ) ;
#7244 = DIRECTION ( 'NONE',  ( 0.000000000000000000, -1.000000000000000000, -5.782411586589358822E-15 ) ) ;
#7245 = EDGE_CURVE ( 'NONE', #7219, #10662, #4431, .T. ) ;
#7246 = DIRECTION ( 'NONE',  ( 0.000000000000000000, 1.000000000000000000, 3.491481338843134933E-15 ) ) ;
#7247 = ORIENTED_EDGE ( 'NONE', *, *, #4210, .F. ) ;
#7248 = ORIENTED_EDGE ( 'NONE', *, *, #1428, .F. ) ;
#7249 = FACE_OUTER_BOUND ( 'NONE', #4861, .T. ) ;
#7250 = EDGE_CURVE ( 'NONE', #11116, #1015, #8668, .T. ) ;
#7251 = AXIS2_PLACEMENT_3D ( 'NONE', #7488, #5732, #3032 ) ;
#7252 = CYLINDRICAL_SURFACE ( 'NONE', #10135, 0.02952755905511811330 ) ;
#7253 = LINE ( 'NONE', #435, #9466 ) ;
#7254 = CARTESIAN_POINT ( 'NONE',  ( 0.03838582677165354451, 0.2563854519293799483, 0.007016975403139922435 ) ) ;
#7255 = ORIENTED_EDGE ( 'NONE', *, *, #5881, .T. ) ;
#7256 = AXIS2_PLACEMENT_3D ( 'NONE', #595, #4717, #8215 ) ;
#7257 = CARTESIAN_POINT ( 'NONE',  ( 0.1643700787405905361, 0.2125984251968350558, -0.2066929133858445011 ) ) ;
#7258 = CARTESIAN_POINT ( 'NONE',  ( -0.06003936984413385525, 0.2165354330708373909, -0.2421259842518799221 ) ) ;
#7259 = ADVANCED_FACE ( 'NONE', ( #1836 ), #935, .F. ) ;
#7260 = DIRECTION ( 'NONE',  ( 0.000000000000000000, 1.000000000000000000, 3.491481338843134933E-15 ) ) ;
#7261 = ORIENTED_EDGE ( 'NONE', *, *, #9694, .F. ) ;
#7262 = EDGE_LOOP ( 'NONE', ( #9260, #7948, #9023, #3533, #1117, #10180 ) ) ;
#7263 = FACE_OUTER_BOUND ( 'NONE', #881, .T. ) ;
#7264 = FACE_OUTER_BOUND ( 'NONE', #962, .T. ) ;
#7265 = CARTESIAN_POINT ( 'NONE',  ( -0.1055296899501968616, 0.2421259842519382366, 0.2075299402693208672 ) ) ;
#7266 = CARTESIAN_POINT ( 'NONE',  ( -0.2771653543307086576, 0.2165354330708365860, 0.05787401574806102372 ) ) ;
#7267 = CARTESIAN_POINT ( 'NONE',  ( -0.1564960629921260116, 0.2605808468465059535, -0.009969026885245903247 ) ) ;
#7268 = EDGE_LOOP ( 'NONE', ( #3661, #1224, #4491, #7624 ) ) ;
#7269 = CARTESIAN_POINT ( 'NONE',  ( -0.1466535430726771672, 0.2165354330708373909, -0.2421259842518799221 ) ) ;
#7270 = EDGE_CURVE ( 'NONE', #7219, #8640, #8720, .T. ) ;
#7271 = AXIS2_PLACEMENT_3D ( 'NONE', #9391, #8664, #1774 ) ;
#7272 = VERTEX_POINT ( 'NONE', #10519 ) ;
#7273 = ORIENTED_EDGE ( 'NONE', *, *, #2201, .T. ) ;
#7274 = DIRECTION ( 'NONE',  ( 1.000000000000000000, 0.000000000000000000, 3.867276869072287809E-11 ) ) ;
#7275 = ORIENTED_EDGE ( 'NONE', *, *, #3293, .T. ) ;
#7276 = DIRECTION ( 'NONE',  ( 1.000000000000000000, 0.000000000000000000, 0.000000000000000000 ) ) ;
#7277 = DIRECTION ( 'NONE',  ( -1.000000000000000000, 0.000000000000000000, 0.000000000000000000 ) ) ;
#7278 = EDGE_CURVE ( 'NONE', #9576, #9512, #9617, .T. ) ;
#7279 = VECTOR ( 'NONE', #1986, 39.37007874015748143 ) ;
#7280 = CARTESIAN_POINT ( 'NONE',  ( -0.1781496062992126150, 0.2362204724409157630, -0.07795275590552164235 ) ) ;
#7281 = ORIENTED_EDGE ( 'NONE', *, *, #4812, .T. ) ;
#7282 = LINE ( 'NONE', #8820, #9531 ) ;
#7283 = ORIENTED_EDGE ( 'NONE', *, *, #8905, .F. ) ;
#7284 = VERTEX_POINT ( 'NONE', #4318 ) ;
#7285 = DIRECTION ( 'NONE',  ( 0.000000000000000000, -1.000000000000000000, -3.491481338843134933E-15 ) ) ;
#7286 = ORIENTED_EDGE ( 'NONE', *, *, #1591, .T. ) ;
#7287 = AXIS2_PLACEMENT_3D ( 'NONE', #8545, #1554, #11133 ) ;
#7288 = CARTESIAN_POINT ( 'NONE',  ( 0.1077448397114960793, 0.2421259842519382366, 0.2083734574933366335 ) ) ;
#7289 = EDGE_CURVE ( 'NONE', #2281, #7041, #10296, .T. ) ;
#7290 = DIRECTION ( 'NONE',  ( 1.000000000000000000, 0.000000000000000000, 0.000000000000000000 ) ) ;
#7291 = ADVANCED_FACE ( 'NONE', ( #2794 ), #6899, .F. ) ;
#7292 = CARTESIAN_POINT ( 'NONE',  ( -0.09547244071035433655, 0.2224409448818610024, -0.2125984251968208727 ) ) ;
#7293 = CARTESIAN_POINT ( 'NONE',  ( 0.09842519685039370636, 0.2125984251968204841, 0.07952755905514763413 ) ) ;
#7294 = DIRECTION ( 'NONE',  ( 0.000000000000000000, 1.000000000000000000, 3.491481338843134933E-15 ) ) ;
#7295 = ORIENTED_EDGE ( 'NONE', *, *, #8184, .T. ) ;
#7296 = AXIS2_PLACEMENT_3D ( 'NONE', #4539, #2733, #258 ) ;
#7297 = MANIFOLD_SOLID_BREP ( 'Imported10', #4264 ) ;
#7298 = CARTESIAN_POINT ( 'NONE',  ( -0.1181102362204724532, 0.2421259842519393746, -0.07795275590548228495 ) ) ;
#7299 = ORIENTED_EDGE ( 'NONE', *, *, #9359, .T. ) ;
#7300 = ORIENTED_EDGE ( 'NONE', *, *, #4417, .T. ) ;
#7301 = CARTESIAN_POINT ( 'NONE',  ( 0.06397637818759842332, 0.2165354330708373909, -0.2421259842517657634 ) ) ;
#7302 = EDGE_CURVE ( 'NONE', #7352, #7400, #209, .T. ) ;
#7303 = CIRCLE ( 'NONE', #5680, 0.005905511811082679759 ) ;
#7304 = CARTESIAN_POINT ( 'NONE',  ( -0.008858267481783465083, 0.2165354330708373909, -0.2421259842518996008 ) ) ;
#7305 = CARTESIAN_POINT ( 'NONE',  ( -0.09547244071035433655, 0.2224409448818610024, -0.2132217023428440994 ) ) ;
#7306 = PLANE ( 'NONE',  #3871 ) ;
#7307 = EDGE_LOOP ( 'NONE', ( #10321, #7532, #11068, #3413, #9233, #2197, #7198 ) ) ;
#7308 = DIRECTION ( 'NONE',  ( 0.000000000000000000, 0.5464265657704129309, 0.8375070198036269620 ) ) ;
#7309 = CARTESIAN_POINT ( 'NONE',  ( 0.2214566929133858220, 0.1968503937007582694, -0.1094488188976082688 ) ) ;
#7310 = DIRECTION ( 'NONE',  ( -1.000000000000000000, 0.000000000000000000, 0.000000000000000000 ) ) ;
#7311 = VERTEX_POINT ( 'NONE', #10742 ) ;
#7312 = VECTOR ( 'NONE', #2983, 39.37007874015748854 ) ;
#7313 = DIRECTION ( 'NONE',  ( 0.000000000000000000, 3.491481338843134933E-15, -1.000000000000000000 ) ) ;
#7314 = AXIS2_PLACEMENT_3D ( 'NONE', #1284, #10650, #7946 ) ;
#7315 = ORIENTED_EDGE ( 'NONE', *, *, #2216, .T. ) ;
#7316 = CARTESIAN_POINT ( 'NONE',  ( 0.1210629923610630071, 0.2106299212598137516, -0.2421259842517894112 ) ) ;
#7317 = EDGE_CURVE ( 'NONE', #8251, #822, #5605, .T. ) ;
#7318 = ADVANCED_FACE ( 'NONE', ( #8833 ), #1215, .T. ) ;
#7319 = CARTESIAN_POINT ( 'NONE',  ( 0.2618110236220472231, 0.2125984251968200955, 0.2468503937008169891 ) ) ;
#7320 = DIRECTION ( 'NONE',  ( -1.000000000000000000, -0.000000000000000000, 0.000000000000000000 ) ) ;
#7321 = CIRCLE ( 'NONE', #6769, 0.2908222673543307546 ) ;
#7322 = DIRECTION ( 'NONE',  ( 0.4963187566090191405, 3.031095880869064631E-15, -0.8681403641336332688 ) ) ;
#7323 = VECTOR ( 'NONE', #5001, 39.37007874015748143 ) ;
#7324 = LINE ( 'NONE', #1569, #11073 ) ;
#7325 = ORIENTED_EDGE ( 'NONE', *, *, #8975, .T. ) ;
#7326 = CARTESIAN_POINT ( 'NONE',  ( -0.004921259842519684971, 0.2440944881889468288, 0.0007874015747934192061 ) ) ;
#7327 = PLANE ( 'NONE',  #8477 ) ;
#7328 = VERTEX_POINT ( 'NONE', #8992 ) ;
#7329 = EDGE_LOOP ( 'NONE', ( #5724, #1216, #1073, #8004, #1900 ) ) ;
#7330 = VECTOR ( 'NONE', #7010, 39.37007874015748143 ) ;
#7331 = DIRECTION ( 'NONE',  ( 0.000000000000000000, -5.782411586589358822E-15, 1.000000000000000000 ) ) ;
#7332 = CIRCLE ( 'NONE', #10008, 0.01181102362204724046 ) ;
#7333 = ORIENTED_EDGE ( 'NONE', *, *, #6583, .F. ) ;
#7334 = ADVANCED_FACE ( 'NONE', ( #2057 ), #10579, .T. ) ;
#7335 = DIRECTION ( 'NONE',  ( 0.000000000000000000, 0.5464265657704129309, 0.8375070198036269620 ) ) ;
#7336 = CARTESIAN_POINT ( 'NONE',  ( 0.1781688684257272948, 0.1909448818897346856, -0.1086002537344127744 ) ) ;
#7337 = AXIS2_PLACEMENT_3D ( 'NONE', #3561, #5425, #248 ) ;
#7338 = DIRECTION ( 'NONE',  ( 1.000000000000000000, 0.000000000000000000, 0.000000000000000000 ) ) ;
#7339 = ORIENTED_EDGE ( 'NONE', *, *, #1428, .T. ) ;
#7340 = CARTESIAN_POINT ( 'NONE',  ( -0.04330708661417323468, 0.2125984251968212890, -0.07795275590548228495 ) ) ;
#7341 = ORIENTED_EDGE ( 'NONE', *, *, #8184, .F. ) ;
#7342 = ORIENTED_EDGE ( 'NONE', *, *, #10492, .F. ) ;
#7343 = CARTESIAN_POINT ( 'NONE',  ( -0.1387795273246062999, 0.2106299212598137516, -0.2132217023431452751 ) ) ;
#7344 = VERTEX_POINT ( 'NONE', #2113 ) ;
#7345 = VECTOR ( 'NONE', #446, 39.37007874015748143 ) ;
#7346 = ADVANCED_FACE ( 'NONE', ( #5551 ), #9894, .F. ) ;
#7347 = LINE ( 'NONE', #10789, #4835 ) ;
#7348 = DIRECTION ( 'NONE',  ( 0.000000000000000000, -3.491481338843134933E-15, 1.000000000000000000 ) ) ;
#7349 = LINE ( 'NONE', #2876, #6840 ) ;
#7350 = DIRECTION ( 'NONE',  ( 0.9113956592655207967, -1.436853605682325841E-15, 0.4115312287931094937 ) ) ;
#7351 = AXIS2_PLACEMENT_3D ( 'NONE', #7739, #9478, #6145 ) ;
#7352 = VERTEX_POINT ( 'NONE', #429 ) ;
#7353 = CARTESIAN_POINT ( 'NONE',  ( -0.1549896822522047191, 0.2421259842519382366, 0.2314365286929433163 ) ) ;
#7354 = VERTEX_POINT ( 'NONE', #1107 ) ;
#7355 = ORIENTED_EDGE ( 'NONE', *, *, #5719, .F. ) ;
#7356 = LINE ( 'NONE', #2910, #4146 ) ;
#7357 = EDGE_CURVE ( 'NONE', #8593, #5777, #1270, .T. ) ;
#7358 = VECTOR ( 'NONE', #6370, 39.37007874015748143 ) ;
#7359 = CARTESIAN_POINT ( 'NONE',  ( -0.04822834645669291098, 0.2598425196850102648, -0.05433070866142700878 ) ) ;
#7360 = LINE ( 'NONE', #7474, #9310 ) ;
#7361 = FACE_OUTER_BOUND ( 'NONE', #10670, .T. ) ;
#7362 = VERTEX_POINT ( 'NONE', #4711 ) ;
#7363 = CARTESIAN_POINT ( 'NONE',  ( -4.108699382472441222E-14, 0.2834645669291027681, 0.4786410526771953666 ) ) ;
#7364 = LINE ( 'NONE', #10865, #5147 ) ;
#7365 = CARTESIAN_POINT ( 'NONE',  ( 0.2259842519685039686, 0.2775590551180810994, -0.09763779527556082360 ) ) ;
#7366 = EDGE_CURVE ( 'NONE', #374, #5325, #9758, .T. ) ;
#7367 = ORIENTED_EDGE ( 'NONE', *, *, #2828, .T. ) ;
#7368 = AXIS2_PLACEMENT_3D ( 'NONE', #448, #10931, #5573 ) ;
#7369 = CARTESIAN_POINT ( 'NONE',  ( -0.1131889763779527630, 0.2605808468465059535, -0.009969026885245903247 ) ) ;
#7370 = ORIENTED_EDGE ( 'NONE', *, *, #31, .T. ) ;
#7371 = CARTESIAN_POINT ( 'NONE',  ( -0.2047244094488189226, 0.2125984251968212890, -0.07795275590548228495 ) ) ;
#7372 = MANIFOLD_SOLID_BREP ( 'Imported1', #6771 ) ;
#7373 = CARTESIAN_POINT ( 'NONE',  ( -0.2618110236220472231, 0.2755905511810736175, -0.2125984251968208727 ) ) ;
#7374 = DIRECTION ( 'NONE',  ( 0.000000000000000000, -1.000000000000000000, -3.491481338843134933E-15 ) ) ;
#7375 = AXIS2_PLACEMENT_3D ( 'NONE', #1980, #4516, #5414 ) ;
#7376 = DIRECTION ( 'NONE',  ( 0.000000000000000000, -3.491481338843134933E-15, 1.000000000000000000 ) ) ;
#7377 = DIRECTION ( 'NONE',  ( 1.000000000000000000, 0.000000000000000000, 0.000000000000000000 ) ) ;
#7378 = ORIENTED_EDGE ( 'NONE', *, *, #6347, .F. ) ;
#7379 = CARTESIAN_POINT ( 'NONE',  ( 0.1137795275590551269, 0.2834645669291039338, 0.1385826771653842493 ) ) ;
#7380 = CARTESIAN_POINT ( 'NONE',  ( 0.1250000000000000000, 0.2309529165521752303, 0.05719542721420283610 ) ) ;
#7381 = CARTESIAN_POINT ( 'NONE',  ( 0.08169291338582677919, 0.1909448818897350464, -0.2480314960630413401 ) ) ;
#7382 = EDGE_CURVE ( 'NONE', #388, #4958, #3915, .T. ) ;
#7383 = ORIENTED_EDGE ( 'NONE', *, *, #3434, .F. ) ;
#7384 = EDGE_CURVE ( 'NONE', #4055, #7803, #7778, .T. ) ;
#7385 = ORIENTED_EDGE ( 'NONE', *, *, #1313, .F. ) ;
#7386 = VECTOR ( 'NONE', #11102, 39.37007874015748143 ) ;
#7387 = DIRECTION ( 'NONE',  ( -1.959913712804999989E-11, -1.000000000000000000, -1.033004590771884119E-11 ) ) ;
#7388 = ORIENTED_EDGE ( 'NONE', *, *, #4113, .F. ) ;
#7389 = EDGE_CURVE ( 'NONE', #6847, #6075, #2546, .T. ) ;
#7390 = PLANE ( 'NONE',  #1967 ) ;
#7391 = LINE ( 'NONE', #6758, #1341 ) ;
#7392 = MANIFOLD_SOLID_BREP ( 'Imported3', #7865 ) ;
#7393 = AXIS2_PLACEMENT_3D ( 'NONE', #3180, #7527, #6613 ) ;
#7394 = EDGE_LOOP ( 'NONE', ( #10459, #7281 ) ) ;
#7395 = DIRECTION ( 'NONE',  ( 1.950321385871999853E-11, -1.000000000000000000, 8.158276076759159521E-12 ) ) ;
#7396 = VERTEX_POINT ( 'NONE', #476 ) ;
#7397 = VERTEX_POINT ( 'NONE', #7298 ) ;
#7398 = EDGE_CURVE ( 'NONE', #8640, #4519, #6283, .T. ) ;
#7399 = DIRECTION ( 'NONE',  ( -1.000000000000000000, 0.000000000000000000, 0.000000000000000000 ) ) ;
#7400 = VERTEX_POINT ( 'NONE', #3011 ) ;
#7401 = DIRECTION ( 'NONE',  ( 1.000000000000000000, 0.000000000000000000, 0.000000000000000000 ) ) ;
#7402 = VERTEX_POINT ( 'NONE', #5383 ) ;
#7403 = CIRCLE ( 'NONE', #561, 0.01181102362204724046 ) ;
#7404 = AXIS2_PLACEMENT_3D ( 'NONE', #2036, #7165, #402 ) ;
#7405 = CARTESIAN_POINT ( 'NONE',  ( 0.1998031496067716462, 0.2125984251968354444, -0.2125984251968208727 ) ) ;
#7406 = CARTESIAN_POINT ( 'NONE',  ( -0.2909448818897638067, 0.2106299212598126414, 0.09921259842495080972 ) ) ;
#7407 = VECTOR ( 'NONE', #6845, 39.37007874015748854 ) ;
#7408 = CYLINDRICAL_SURFACE ( 'NONE', #2467, 0.02362204724409448786 ) ;
#7409 = CARTESIAN_POINT ( 'NONE',  ( -0.1348425196850394081, 0.2303149606298921792, -0.07795275590552164235 ) ) ;
#7410 = CARTESIAN_POINT ( 'NONE',  ( 0.1131889766129527547, 0.2106299212598137516, -0.2480314960629626253 ) ) ;
#7411 = EDGE_LOOP ( 'NONE', ( #5791, #9300, #4773, #3834 ) ) ;
#7412 = ADVANCED_FACE ( 'NONE', ( #6442 ), #10691, .T. ) ;
#7413 = MANIFOLD_SOLID_BREP ( 'Imported9', #9126 ) ;
#7414 = FACE_OUTER_BOUND ( 'NONE', #6188, .T. ) ;
#7415 = VERTEX_POINT ( 'NONE', #3753 ) ;
#7416 = VERTEX_POINT ( 'NONE', #2166 ) ;
#7417 = CARTESIAN_POINT ( 'NONE',  ( 0.1780224714961417820, 0.2775590551180799337, 0.2463342029606598593 ) ) ;
#7418 = CIRCLE ( 'NONE', #940, 0.005905511811023620231 ) ;
#7419 = DIRECTION ( 'NONE',  ( 0.000000000000000000, -1.000000000000000000, -3.491481338843134933E-15 ) ) ;
#7420 = DIRECTION ( 'NONE',  ( -0.04537590556877164200, 3.487885054161196375E-15, -0.9989699831295302257 ) ) ;
#7421 = CARTESIAN_POINT ( 'NONE',  ( -0.1387795273246062999, 0.2165354330708373909, -0.2421259842518799221 ) ) ;
#7422 = VERTEX_POINT ( 'NONE', #9952 ) ;
#7423 = LINE ( 'NONE', #1283, #4809 ) ;
#7424 = DIRECTION ( 'NONE',  ( -1.000000000000000000, 0.000000000000000000, 0.000000000000000000 ) ) ;
#7425 = EDGE_CURVE ( 'NONE', #1533, #3192, #3693, .T. ) ;
#7426 = EDGE_CURVE ( 'NONE', #2389, #99, #1160, .T. ) ;
#7427 = DIRECTION ( 'NONE',  ( 0.000000000000000000, 3.491481338843134933E-15, -1.000000000000000000 ) ) ;
#7428 = VECTOR ( 'NONE', #10982, 39.37007874015748854 ) ;
#7429 = ORIENTED_EDGE ( 'NONE', *, *, #6270, .T. ) ;
#7430 = FACE_OUTER_BOUND ( 'NONE', #4927, .T. ) ;
#7431 = ORIENTED_EDGE ( 'NONE', *, *, #4759, .T. ) ;
#7432 = DIRECTION ( 'NONE',  ( -1.000000000000000000, 0.000000000000000000, 0.000000000000000000 ) ) ;
#7433 = VECTOR ( 'NONE', #10499, 39.37007874015748143 ) ;
#7434 = DIRECTION ( 'NONE',  ( 1.000000000000000000, 0.000000000000000000, 0.000000000000000000 ) ) ;
#7435 = EDGE_CURVE ( 'NONE', #3472, #11116, #6339, .T. ) ;
#7436 = FACE_OUTER_BOUND ( 'NONE', #1975, .T. ) ;
#7437 = CARTESIAN_POINT ( 'NONE',  ( 0.05511811023622047168, 0.2125984251968204841, 0.07952755905514763413 ) ) ;
#7438 = VERTEX_POINT ( 'NONE', #8940 ) ;
#7439 = CARTESIAN_POINT ( 'NONE',  ( 0.02066929157333464301, 0.2224409448818610024, -0.2132217023430665603 ) ) ;
#7440 = CARTESIAN_POINT ( 'NONE',  ( -0.1614173228346456879, 0.2421259842519385974, 0.07952755905514784229 ) ) ;
#7441 = EDGE_CURVE ( 'NONE', #9496, #2739, #7467, .T. ) ;
#7442 = ADVANCED_FACE ( 'NONE', ( #6665 ), #3175, .T. ) ;
#7443 = EDGE_LOOP ( 'NONE', ( #4560, #9281, #5866, #4379, #7965, #8939 ) ) ;
#7444 = ORIENTED_EDGE ( 'NONE', *, *, #7167, .F. ) ;
#7445 = LINE ( 'NONE', #6582, #3438 ) ;
#7446 = EDGE_LOOP ( 'NONE', ( #2141, #10869, #2099, #10386 ) ) ;
#7447 = EDGE_CURVE ( 'NONE', #7344, #2726, #6609, .T. ) ;
#7448 = CARTESIAN_POINT ( 'NONE',  ( -0.09153543307086613179, 0.2362204724409157630, -0.07795275590552164235 ) ) ;
#7449 = EDGE_CURVE ( 'NONE', #564, #127, #6493, .T. ) ;
#7450 = FACE_OUTER_BOUND ( 'NONE', #1202, .T. ) ;
#7451 = CARTESIAN_POINT ( 'NONE',  ( -0.1781496062992126150, 0.2362204724409153467, 0.05986524456920295362 ) ) ;
#7452 = EDGE_LOOP ( 'NONE', ( #1254, #10004, #10278, #1060 ) ) ;
#7453 = ORIENTED_EDGE ( 'NONE', *, *, #8535, .F. ) ;
#7454 = VERTEX_POINT ( 'NONE', #2335 ) ;
#7455 = LINE ( 'NONE', #6652, #1796 ) ;
#7456 = VERTEX_POINT ( 'NONE', #5766 ) ;
#7457 = DIRECTION ( 'NONE',  ( 1.000000000000000000, 0.000000000000000000, 0.000000000000000000 ) ) ;
#7458 = VERTEX_POINT ( 'NONE', #1494 ) ;
#7459 = EDGE_CURVE ( 'NONE', #9298, #6151, #9323, .T. ) ;
#7460 = FACE_OUTER_BOUND ( 'NONE', #50, .T. ) ;
#7461 = EDGE_CURVE ( 'NONE', #9673, #10508, #3992, .T. ) ;
#7462 = DIRECTION ( 'NONE',  ( 0.000000000000000000, -1.000000000000000000, -3.491481338843134933E-15 ) ) ;
#7463 = CARTESIAN_POINT ( 'NONE',  ( 0.07775590574677165856, 0.2224409448818610024, -0.2132217023434787861 ) ) ;
#7464 = DIRECTION ( 'NONE',  ( 1.000000000000000000, 0.000000000000000000, 0.000000000000000000 ) ) ;
#7465 = CARTESIAN_POINT ( 'NONE',  ( -0.2771653543307086576, 0.2106299212598129744, 0.05787401574806102372 ) ) ;
#7466 = ORIENTED_EDGE ( 'NONE', *, *, #6532, .T. ) ;
#7467 = LINE ( 'NONE', #754, #3815 ) ;
#7468 = ORIENTED_EDGE ( 'NONE', *, *, #2855, .F. ) ;
#7469 = VERTEX_POINT ( 'NONE', #2222 ) ;
#7470 = CARTESIAN_POINT ( 'NONE',  ( 0.1250000000000000000, 0.2616530078181201202, 0.009686792758139901177 ) ) ;
#7471 = VECTOR ( 'NONE', #2817, 39.37007874015748143 ) ;
#7472 = EDGE_CURVE ( 'NONE', #9392, #6369, #1474, .T. ) ;
#7473 = CARTESIAN_POINT ( 'NONE',  ( 0.1033464566929133965, 0.2309529165521752303, 0.05719542721420283610 ) ) ;
#7474 = CARTESIAN_POINT ( 'NONE',  ( 0.09842519685039370636, 0.2421259842519385974, 0.07952755905514784229 ) ) ;
#7475 = DIRECTION ( 'NONE',  ( 0.000000000000000000, -1.000000000000000000, -5.782411586589358822E-15 ) ) ;
#7476 = CIRCLE ( 'NONE', #4772, 0.01181102362204725087 ) ;
#7477 = VERTEX_POINT ( 'NONE', #2390 ) ;
#7478 = CARTESIAN_POINT ( 'NONE',  ( -0.2683619370964566708, 0.2145669291338283546, 0.1051181102362499925 ) ) ;
#7479 = CARTESIAN_POINT ( 'NONE',  ( -0.2135826771653543399, 0.2106299212598137516, -0.2125984251968208727 ) ) ;
#7480 = ORIENTED_EDGE ( 'NONE', *, *, #759, .T. ) ;
#7481 = CARTESIAN_POINT ( 'NONE',  ( -0.2594488188976378784, 0.2834645669291050996, -0.2125984251968204841 ) ) ;
#7482 = VERTEX_POINT ( 'NONE', #4872 ) ;
#7483 = CARTESIAN_POINT ( 'NONE',  ( -0.04822834645669291098, 0.2362204724409153467, 0.05986524456920295362 ) ) ;
#7484 = ORIENTED_EDGE ( 'NONE', *, *, #9453, .T. ) ;
#7485 = AXIS2_PLACEMENT_3D ( 'NONE', #10161, #4239, #5923 ) ;
#7486 = ADVANCED_FACE ( 'NONE', ( #7414 ), #5821, .T. ) ;
#7487 = DIRECTION ( 'NONE',  ( -1.000000000000000000, 0.000000000000000000, 0.000000000000000000 ) ) ;
#7488 = CARTESIAN_POINT ( 'NONE',  ( 0.000000000000000000, 0.2125984251968200955, 0.2468503937008169891 ) ) ;
#7489 = DIRECTION ( 'NONE',  ( 1.000000000000000000, 0.000000000000000000, 0.000000000000000000 ) ) ;
#7490 = DIRECTION ( 'NONE',  ( 0.000000000000000000, 1.000000000000000000, 3.491481338843134933E-15 ) ) ;
#7491 = ORIENTED_EDGE ( 'NONE', *, *, #5473, .T. ) ;
#7492 = DIRECTION ( 'NONE',  ( 1.000000000000000000, 1.170183907974387769E-16, -2.267805875811684909E-13 ) ) ;
#7493 = DIRECTION ( 'NONE',  ( -1.000000000000000000, 0.000000000000000000, 0.000000000000000000 ) ) ;
#7494 = CIRCLE ( 'NONE', #470, 0.02362204724409448092 ) ;
#7495 = VECTOR ( 'NONE', #9799, 39.37007874015748143 ) ;
#7496 = DIRECTION ( 'NONE',  ( 0.000000000000000000, 1.000000000000000000, 3.491481338843134933E-15 ) ) ;
#7497 = ORIENTED_EDGE ( 'NONE', *, *, #7565, .T. ) ;
#7498 = CARTESIAN_POINT ( 'NONE',  ( 0.2618110236219685083, 0.2834645669291035452, 0.2480314960630220500 ) ) ;
#7499 = ORIENTED_EDGE ( 'NONE', *, *, #418, .T. ) ;
#7500 = VECTOR ( 'NONE', #6294, 39.37007874015748143 ) ;
#7501 = ADVANCED_FACE ( 'NONE', ( #10854 ), #6552, .F. ) ;
#7502 = AXIS2_PLACEMENT_3D ( 'NONE', #653, #600, #545 ) ;
#7503 = ADVANCED_FACE ( 'NONE', ( #9270 ), #4980, .F. ) ;
#7504 = DIRECTION ( 'NONE',  ( 0.000000000000000000, -5.782411586589358822E-15, 1.000000000000000000 ) ) ;
#7505 = FACE_OUTER_BOUND ( 'NONE', #9528, .T. ) ;
#7506 = DIRECTION ( 'NONE',  ( 0.000000000000000000, 1.000000000000000000, 3.491481338843135327E-15 ) ) ;
#7507 = VERTEX_POINT ( 'NONE', #3972 ) ;
#7508 = ORIENTED_EDGE ( 'NONE', *, *, #3404, .F. ) ;
#7509 = AXIS2_PLACEMENT_3D ( 'NONE', #10987, #3999, #1347 ) ;
#7510 = AXIS2_PLACEMENT_3D ( 'NONE', #10354, #2577, #1676 ) ;
#7511 = CYLINDRICAL_SURFACE ( 'NONE', #9721, 0.005905511811023620231 ) ;
#7512 = ORIENTED_EDGE ( 'NONE', *, *, #6608, .T. ) ;
#7513 = EDGE_CURVE ( 'NONE', #5407, #7031, #1600, .T. ) ;
#7514 = FACE_OUTER_BOUND ( 'NONE', #6375, .T. ) ;
#7515 = VERTEX_POINT ( 'NONE', #2279 ) ;
#7516 = DIRECTION ( 'NONE',  ( -0.000000000000000000, -1.000000000000000000, -3.491481338843134933E-15 ) ) ;
#7517 = LINE ( 'NONE', #5870, #100 ) ;
#7518 = DIRECTION ( 'NONE',  ( 1.000000000000000000, 0.000000000000000000, 0.000000000000000000 ) ) ;
#7519 = DIRECTION ( 'NONE',  ( -1.000000000000000000, 0.000000000000000000, 0.000000000000000000 ) ) ;
#7520 = EDGE_LOOP ( 'NONE', ( #8918, #993, #9839, #9910, #1437, #2864, #6258, #2477, #7233, #10798, #8903, #2608 ) ) ;
#7521 = DIRECTION ( 'NONE',  ( 0.000000000000000000, -3.491481338843134933E-15, 1.000000000000000000 ) ) ;
#7522 = ORIENTED_EDGE ( 'NONE', *, *, #1681, .T. ) ;
#7523 = ORIENTED_EDGE ( 'NONE', *, *, #7753, .F. ) ;
#7524 = EDGE_CURVE ( 'NONE', #4378, #9504, #11018, .T. ) ;
#7525 = AXIS2_PLACEMENT_3D ( 'NONE', #189, #6149, #3618 ) ;
#7526 = ADVANCED_FACE ( 'NONE', ( #8485 ), #5710, .F. ) ;
#7527 = DIRECTION ( 'NONE',  ( 1.000000000000000000, 0.000000000000000000, 0.000000000000000000 ) ) ;
#7528 = DIRECTION ( 'NONE',  ( 0.000000000000000000, 1.000000000000000000, 3.491481338843135327E-15 ) ) ;
#7529 = VECTOR ( 'NONE', #6099, 39.37007874015748143 ) ;
#7530 = DIRECTION ( 'NONE',  ( -0.8681403641343903299, -1.732887676813593456E-15, 0.4963187566076945889 ) ) ;
#7531 = DIRECTION ( 'NONE',  ( 0.000000000000000000, 1.000000000000000000, 3.491481338843135327E-15 ) ) ;
#7532 = ORIENTED_EDGE ( 'NONE', *, *, #3315, .F. ) ;
#7533 = DIRECTION ( 'NONE',  ( -1.000000000000000000, 0.000000000000000000, 0.000000000000000000 ) ) ;
#7534 = DIRECTION ( 'NONE',  ( 0.000000000000000000, -0.8375070198036267399, 0.5464265657704130419 ) ) ;
#7535 = ORIENTED_EDGE ( 'NONE', *, *, #1690, .F. ) ;
#7536 = CYLINDRICAL_SURFACE ( 'NONE', #1638, 0.005905511811082662411 ) ;
#7537 = EDGE_LOOP ( 'NONE', ( #289, #4595, #6753, #6498, #3877, #8053, #2319 ) ) ;
#7538 = EDGE_CURVE ( 'NONE', #9659, #1891, #4818, .T. ) ;
#7539 = DIRECTION ( 'NONE',  ( -1.000000000000000000, 0.000000000000000000, 0.000000000000000000 ) ) ;
#7540 = ORIENTED_EDGE ( 'NONE', *, *, #10612, .T. ) ;
#7541 = AXIS2_PLACEMENT_3D ( 'NONE', #9040, #315, #8930 ) ;
#7542 = MANIFOLD_SOLID_BREP ( 'Imported2', #6055 ) ;
#7543 = CARTESIAN_POINT ( 'NONE',  ( -0.2850393700787008378, 0.2165354330708362252, 0.09819937278396655145 ) ) ;
#7544 = DIRECTION ( 'NONE',  ( -1.000000000000000000, 0.000000000000000000, 0.000000000000000000 ) ) ;
#7545 = VERTEX_POINT ( 'NONE', #9159 ) ;
#7546 = CARTESIAN_POINT ( 'NONE',  ( 0.1196850393700787524, 0.2834645669291039338, 0.1385826771653842493 ) ) ;
#7547 = VERTEX_POINT ( 'NONE', #1435 ) ;
#7548 = CARTESIAN_POINT ( 'NONE',  ( 0.1549896822516141914, 0.2421259842519382366, 0.2314365286925492426 ) ) ;
#7549 = VECTOR ( 'NONE', #10672, 39.37007874015748143 ) ;
#7550 = CARTESIAN_POINT ( 'NONE',  ( -0.1819790184728346805, 0.2775590551180799337, 0.2476050409764078974 ) ) ;
#7551 = CARTESIAN_POINT ( 'NONE',  ( 0.2771653543307086576, 0.2106299212598126414, 0.1051181102362499925 ) ) ;
#7552 = EDGE_CURVE ( 'NONE', #3056, #387, #9385, .T. ) ;
#7553 = ORIENTED_EDGE ( 'NONE', *, *, #6723, .T. ) ;
#7554 = DIRECTION ( 'NONE',  ( 1.000000000000000000, 0.000000000000000000, 0.000000000000000000 ) ) ;
#7555 = ORIENTED_EDGE ( 'NONE', *, *, #7049, .F. ) ;
#7556 = AXIS2_PLACEMENT_3D ( 'NONE', #10711, #2242, #665 ) ;
#7557 = CARTESIAN_POINT ( 'NONE',  ( -0.02657480314960630058, 0.1909448818897350464, -0.2480314960630413401 ) ) ;
#7558 = CARTESIAN_POINT ( 'NONE',  ( -0.09153543307086613179, 0.2563854519293799483, 0.007016975403139922435 ) ) ;
#7559 = DIRECTION ( 'NONE',  ( 1.000000000000000000, 0.000000000000000000, 0.000000000000000000 ) ) ;
#7560 = CARTESIAN_POINT ( 'NONE',  ( 0.1505905511814173148, 0.2125984251968263961, -0.2125984251968208727 ) ) ;
#7561 = CIRCLE ( 'NONE', #9732, 0.01377952755905512312 ) ;
#7562 = VECTOR ( 'NONE', #1921, 39.37007874015748854 ) ;
#7563 = EDGE_LOOP ( 'NONE', ( #1375, #7508, #3317, #6341 ) ) ;
#7564 = EDGE_LOOP ( 'NONE', ( #3021, #4002, #7678, #644 ) ) ;
#7565 = EDGE_CURVE ( 'NONE', #4762, #815, #6144, .T. ) ;
#7566 = EDGE_CURVE ( 'NONE', #8829, #4302, #7131, .T. ) ;
#7567 = LINE ( 'NONE', #2433, #896 ) ;
#7568 = ORIENTED_EDGE ( 'NONE', *, *, #4647, .T. ) ;
#7569 = DIRECTION ( 'NONE',  ( 0.000000000000000000, -3.469446951953614189E-15, 1.000000000000000000 ) ) ;
#7570 = ORIENTED_EDGE ( 'NONE', *, *, #7606, .T. ) ;
#7571 = AXIS2_PLACEMENT_3D ( 'NONE', #4109, #8516, #6696 ) ;
#7572 = AXIS2_PLACEMENT_3D ( 'NONE', #8268, #10745, #3864 ) ;
#7573 = CARTESIAN_POINT ( 'NONE',  ( -0.1525590548837795490, 0.2165354330708373909, -0.2185039370078444843 ) ) ;
#7574 = EDGE_CURVE ( 'NONE', #4519, #8407, #4594, .T. ) ;
#7575 = CARTESIAN_POINT ( 'NONE',  ( -0.1614173228346456879, 0.2125984251968204841, 0.07952755905514763413 ) ) ;
#7576 = CARTESIAN_POINT ( 'NONE',  ( 0.2076771653548425689, 0.2106299212598137516, -0.2421259842519389860 ) ) ;
#7577 = CARTESIAN_POINT ( 'NONE',  ( -0.1348425196850394081, 0.1909448818897350464, -0.2480314960630413401 ) ) ;
#7578 = ORIENTED_EDGE ( 'NONE', *, *, #2743, .F. ) ;
#7579 = CARTESIAN_POINT ( 'NONE',  ( -0.2653543307086614345, 0.2716535433070578764, -0.2125984251968208727 ) ) ;
#7580 = AXIS2_PLACEMENT_3D ( 'NONE', #7843, #9586, #4398 ) ;
#7581 = ORIENTED_EDGE ( 'NONE', *, *, #2395, .T. ) ;
#7582 = ORIENTED_EDGE ( 'NONE', *, *, #10952, .F. ) ;
#7583 = VECTOR ( 'NONE', #3904, 39.37007874015748143 ) ;
#7584 = PLANE ( 'NONE',  #3418 ) ;
#7585 = CIRCLE ( 'NONE', #9206, 0.01968503937007876764 ) ;
#7586 = ADVANCED_FACE ( 'NONE', ( #5547 ), #7011, .T. ) ;
#7587 = VECTOR ( 'NONE', #6988, 39.37007874015748854 ) ;
#7588 = CARTESIAN_POINT ( 'NONE',  ( 0.000000000000000000, 0.2490157480314661442, 0.1051181102362502007 ) ) ;
#7589 = EDGE_CURVE ( 'NONE', #6831, #6391, #262, .T. ) ;
#7590 = DIRECTION ( 'NONE',  ( 0.000000000000000000, -1.000000000000000000, -3.491481338843134933E-15 ) ) ;
#7591 = ORIENTED_EDGE ( 'NONE', *, *, #10246, .F. ) ;
#7592 = DIRECTION ( 'NONE',  ( 0.000000000000000000, -0.5464265657704129309, -0.8375070198036269620 ) ) ;
#7593 = CARTESIAN_POINT ( 'NONE',  ( -0.02657480314960630058, 0.2362204724409153467, 0.05986524456920295362 ) ) ;
#7594 = ORIENTED_EDGE ( 'NONE', *, *, #5933, .T. ) ;
#7595 = EDGE_CURVE ( 'NONE', #6538, #7691, #1111, .T. ) ;
#7596 = DIRECTION ( 'NONE',  ( 1.000000000000000000, 0.000000000000000000, 0.000000000000000000 ) ) ;
#7597 = ORIENTED_EDGE ( 'NONE', *, *, #9803, .T. ) ;
#7598 = LINE ( 'NONE', #1452, #4865 ) ;
#7599 = ORIENTED_EDGE ( 'NONE', *, *, #158, .T. ) ;
#7600 = VECTOR ( 'NONE', #3524, 39.37007874015748143 ) ;
#7601 = B_SPLINE_SURFACE_WITH_KNOTS ( 'NONE', 3, 1, ( 
 ( #2054, #2003 ),
 ( #3688, #3749 ),
 ( #1211, #9890 ),
 ( #7187, #9837 ),
 ( #10739, #7130 ) ),
 .UNSPECIFIED., .F., .F., .F.,
 ( 4, 1, 4 ),
 ( 2, 2 ),
 ( 0.05591601022535368920, 0.2780407639478000292, 0.9440874463092034929 ),
 ( 0.000000000000000000, 1.000000000000000000 ),
 .UNSPECIFIED. ) ;
#7602 = EDGE_CURVE ( 'NONE', #9557, #1715, #7418, .T. ) ;
#7603 = CARTESIAN_POINT ( 'NONE',  ( 0.1137795275590551269, 0.2775590551180803778, 0.1385826771653840550 ) ) ;
#7604 = LINE ( 'NONE', #11041, #11032 ) ;
#7605 = CARTESIAN_POINT ( 'NONE',  ( -0.05216535409606298801, 0.2165354330708373909, -0.2185039370078444843 ) ) ;
#7606 = EDGE_CURVE ( 'NONE', #11143, #6000, #6280, .T. ) ;
#7607 = CARTESIAN_POINT ( 'NONE',  ( -0.1348425196850394081, 0.2362204724409157630, -0.07795275590552164235 ) ) ;
#7608 = VERTEX_POINT ( 'NONE', #1949 ) ;
#7609 = VECTOR ( 'NONE', #4300, 39.37007874015748143 ) ;
#7610 = DIRECTION ( 'NONE',  ( 1.000000000000000000, -4.266724071764820021E-28, 1.222038343523999973E-13 ) ) ;
#7611 = LINE ( 'NONE', #3311, #647 ) ;
#7612 = CARTESIAN_POINT ( 'NONE',  ( 0.1033464566929133965, 0.2440944881889468288, 0.0007874015747934192061 ) ) ;
#7613 = EDGE_LOOP ( 'NONE', ( #9749, #5593, #7578, #6388, #964, #9434 ) ) ;
#7614 = FACE_OUTER_BOUND ( 'NONE', #10115, .T. ) ;
#7615 = EDGE_LOOP ( 'NONE', ( #1246, #9686, #4544, #5999 ) ) ;
#7616 = VECTOR ( 'NONE', #7434, 39.37007874015748143 ) ;
#7617 = FACE_OUTER_BOUND ( 'NONE', #9606, .T. ) ;
#7618 = DIRECTION ( 'NONE',  ( 0.000000000000000000, 1.000000000000000000, 3.491481338843135327E-15 ) ) ;
#7619 = EDGE_CURVE ( 'NONE', #7454, #7635, #1887, .T. ) ;
#7620 = CARTESIAN_POINT ( 'NONE',  ( -0.2594488188976378784, 0.2775590551180799337, 0.2055118110236515971 ) ) ;
#7621 = DIRECTION ( 'NONE',  ( 0.04537590556877176690, -3.487885054161196375E-15, 0.9989699831295302257 ) ) ;
#7622 = VECTOR ( 'NONE', #4824, 39.37007874015748143 ) ;
#7623 = APPLICATION_CONTEXT ( 'configuration controlled 3d designs of mechanical parts and assemblies' ) ;
#7624 = ORIENTED_EDGE ( 'NONE', *, *, #1510, .T. ) ;
#7625 = ORIENTED_EDGE ( 'NONE', *, *, #6661, .T. ) ;
#7626 = DIRECTION ( 'NONE',  ( -7.188324010106000068E-12, -1.000000000000000000, -3.793052738725845159E-12 ) ) ;
#7627 = ORIENTED_EDGE ( 'NONE', *, *, #2475, .F. ) ;
#7628 = CARTESIAN_POINT ( 'NONE',  ( -0.1348425196850394081, 0.2440944881889468288, 0.0007874015747934192061 ) ) ;
#7629 = EDGE_LOOP ( 'NONE', ( #7887, #6392, #7637, #5892 ) ) ;
#7630 = CYLINDRICAL_SURFACE ( 'NONE', #10418, 0.005905511811082679759 ) ;
#7631 = EDGE_CURVE ( 'NONE', #8829, #7031, #9766, .T. ) ;
#7632 = CARTESIAN_POINT ( 'NONE',  ( 0.2135826771653937250, 0.2106299212598137516, -0.2132217023433114478 ) ) ;
#7633 = DIRECTION ( 'NONE',  ( 0.000000000000000000, -5.782411586589358822E-15, 1.000000000000000000 ) ) ;
#7634 = CARTESIAN_POINT ( 'NONE',  ( -0.1131889763779527630, 0.2303149606298921792, -0.07795275590552164235 ) ) ;
#7635 = VERTEX_POINT ( 'NONE', #3689 ) ;
#7636 = CARTESIAN_POINT ( 'NONE',  ( 0.08169291338582677919, 0.2440944881889468288, 0.0007874015747934192061 ) ) ;
#7637 = ORIENTED_EDGE ( 'NONE', *, *, #2573, .F. ) ;
#7639 = ORIENTED_EDGE ( 'NONE', *, *, #5563, .F. ) ;
#7638 = B_SPLINE_CURVE_WITH_KNOTS ( 'NONE', 3,
 ( #1572, #1679, #6801, #4273, #8565 ),
 .UNSPECIFIED., .F., .F.,
 ( 4, 1, 4 ),
 ( 0.000000000000000000, 0.7499077923854000627, 1.000000000000000000 ),
 .UNSPECIFIED. ) ;
#7640 = DIRECTION ( 'NONE',  ( 0.000000000000000000, -0.8375070198036269620, 0.5464265657704129309 ) ) ;
#7641 = ADVANCED_FACE ( 'NONE', ( #1212 ), #8041, .F. ) ;
#7642 = DIRECTION ( 'NONE',  ( -1.000000000000000000, 0.000000000000000000, 0.000000000000000000 ) ) ;
#7643 = CARTESIAN_POINT ( 'NONE',  ( 0.03444881913249606131, 0.2224409448818610024, -0.2185039370078444843 ) ) ;
#7644 = ORIENTED_EDGE ( 'NONE', *, *, #1531, .T. ) ;
#7645 = LINE ( 'NONE', #4989, #6600 ) ;
#7646 = ORIENTED_EDGE ( 'NONE', *, *, #7809, .T. ) ;
#7647 = APPROVAL_ROLE ( '' ) ;
#7648 = VECTOR ( 'NONE', #6589, 39.37007874015748143 ) ;
#7649 = DIRECTION ( 'NONE',  ( 0.000000000000000000, -5.782411586589358822E-15, 1.000000000000000000 ) ) ;
#7650 = ORIENTED_EDGE ( 'NONE', *, *, #10875, .F. ) ;
#7651 = ORIENTED_EDGE ( 'NONE', *, *, #2149, .F. ) ;
#7652 = DIRECTION ( 'NONE',  ( -1.000000000000000000, 0.000000000000000000, 0.000000000000000000 ) ) ;
#7653 = EDGE_LOOP ( 'NONE', ( #2878, #5823, #11004, #5926 ) ) ;
#7654 = ADVANCED_FACE ( 'NONE', ( #4652 ), #8688, .T. ) ;
#7655 = AXIS2_PLACEMENT_3D ( 'NONE', #5166, #8619, #5278 ) ;
#7656 = FACE_OUTER_BOUND ( 'NONE', #8244, .T. ) ;
#7657 = DIRECTION ( 'NONE',  ( 0.000000000000000000, 1.000000000000000000, 3.491481338843135327E-15 ) ) ;
#7658 = CARTESIAN_POINT ( 'NONE',  ( 0.08661417322834646937, 0.2125984251968212890, -0.07795275590548228495 ) ) ;
#7659 = VERTEX_POINT ( 'NONE', #321 ) ;
#7660 = CARTESIAN_POINT ( 'NONE',  ( -0.09547244071035433655, 0.2125984251968082717, -0.2125984251968208727 ) ) ;
#7661 = PLANE ( 'NONE',  #10730 ) ;
#7662 = CARTESIAN_POINT ( 'NONE',  ( -0.1132526673550787455, 0.2421259842519382366, 0.2105515555275885575 ) ) ;
#7663 = VECTOR ( 'NONE', #4590, 39.37007874015748143 ) ;
#7664 = ORIENTED_EDGE ( 'NONE', *, *, #2614, .T. ) ;
#7665 = EDGE_CURVE ( 'NONE', #9008, #9557, #3750, .T. ) ;
#7666 = EDGE_CURVE ( 'NONE', #6455, #7416, #749, .T. ) ;
#7667 = CARTESIAN_POINT ( 'NONE',  ( -0.2712598425196850460, 0.2145669291338295481, -0.2125984251968208727 ) ) ;
#7668 = ORIENTED_EDGE ( 'NONE', *, *, #8766, .T. ) ;
#7669 = CARTESIAN_POINT ( 'NONE',  ( -0.03149606299212598381, 0.2421259842519393746, -0.07795275590548228495 ) ) ;
#7670 = VECTOR ( 'NONE', #2898, 39.37007874015748143 ) ;
#7671 = DIRECTION ( 'NONE',  ( 0.000000000000000000, 3.491481338843134933E-15, -1.000000000000000000 ) ) ;
#7672 = VECTOR ( 'NONE', #11096, 39.37007874015748143 ) ;
#7673 = DIRECTION ( 'NONE',  ( 0.000000000000000000, -1.000000000000000000, -3.491481338843134933E-15 ) ) ;
#7674 = DIRECTION ( 'NONE',  ( 0.000000000000000000, -0.8375070198036267399, 0.5464265657704130419 ) ) ;
#7675 = ORIENTED_EDGE ( 'NONE', *, *, #305, .F. ) ;
#7676 = VERTEX_POINT ( 'NONE', #7930 ) ;
#7677 = LINE ( 'NONE', #9365, #1261 ) ;
#7678 = ORIENTED_EDGE ( 'NONE', *, *, #9038, .F. ) ;
#7679 = VECTOR ( 'NONE', #1134, 39.37007874015748854 ) ;
#7680 = EDGE_CURVE ( 'NONE', #7999, #9248, #2905, .T. ) ;
#7681 = CARTESIAN_POINT ( 'NONE',  ( -0.004921259842519684971, 0.2563854519293799483, 0.007016975403139922435 ) ) ;
#7682 = CIRCLE ( 'NONE', #126, 0.005905511811023620231 ) ;
#7683 = ORIENTED_EDGE ( 'NONE', *, *, #11003, .F. ) ;
#7684 = CYLINDRICAL_SURFACE ( 'NONE', #7351, 0.02952755905511811330 ) ;
#7685 = VECTOR ( 'NONE', #8513, 39.37007874015748143 ) ;
#7686 = DIRECTION ( 'NONE',  ( -0.8343762442501144738, 1.924488180935883842E-15, -0.5511953220330096936 ) ) ;
#7687 = DIRECTION ( 'NONE',  ( 0.000000000000000000, -1.000000000000000000, -3.469446951953614978E-15 ) ) ;
#7688 = LINE ( 'NONE', #7634, #6148 ) ;
#7689 = VERTEX_POINT ( 'NONE', #2055 ) ;
#7690 = CARTESIAN_POINT ( 'NONE',  ( -0.2135826771653543399, 0.2106299212598137516, -0.2125984251968208727 ) ) ;
#7691 = VERTEX_POINT ( 'NONE', #207 ) ;
#7692 = ORIENTED_EDGE ( 'NONE', *, *, #2743, .T. ) ;
#7693 = EDGE_CURVE ( 'NONE', #10104, #6485, #5490, .T. ) ;
#7694 = FACE_OUTER_BOUND ( 'NONE', #2044, .T. ) ;
#7695 = CIRCLE ( 'NONE', #848, 0.005905511811082662411 ) ;
#7696 = VECTOR ( 'NONE', #10065, 39.37007874015748143 ) ;
#7697 = CARTESIAN_POINT ( 'NONE',  ( -0.09153543307086613179, 0.2303149606298921792, -0.05433070866142708510 ) ) ;
#7698 = DIRECTION ( 'NONE',  ( 0.000000000000000000, 3.491481338843134933E-15, -1.000000000000000000 ) ) ;
#7699 = ORIENTED_EDGE ( 'NONE', *, *, #1593, .F. ) ;
#7700 = CARTESIAN_POINT ( 'NONE',  ( 0.1345525796382283645, 0.2775590551180799337, 0.2201693093386125899 ) ) ;
#7701 = DIRECTION ( 'NONE',  ( 0.000000000000000000, -1.000000000000000000, -3.491481338843134933E-15 ) ) ;
#7702 = AXIS2_PLACEMENT_3D ( 'NONE', #3488, #5177, #5852 ) ;
#7703 = ORIENTED_EDGE ( 'NONE', *, *, #1313, .T. ) ;
#7704 = DATE_AND_TIME ( #4317, #9596 ) ;
#7705 = DIRECTION ( 'NONE',  ( 0.000000000000000000, -0.4520890721125805922, 0.8919727971616542295 ) ) ;
#7706 = VERTEX_POINT ( 'NONE', #3635 ) ;
#7707 = ORIENTED_EDGE ( 'NONE', *, *, #3139, .T. ) ;
#7708 = ADVANCED_FACE ( 'NONE', ( #10516 ), #2791, .F. ) ;
#7709 = DIRECTION ( 'NONE',  ( 0.000000000000000000, -1.000000000000000000, -3.491481338843135327E-15 ) ) ;
#7710 = VERTEX_POINT ( 'NONE', #5651 ) ;
#7711 = VECTOR ( 'NONE', #4895, 39.37007874015748854 ) ;
#7712 = DIRECTION ( 'NONE',  ( 1.000000000000000000, 0.000000000000000000, 0.000000000000000000 ) ) ;
#7713 = LINE ( 'NONE', #4327, #5696 ) ;
#7714 = PLANE ( 'NONE',  #10537 ) ;
#7715 = ORIENTED_EDGE ( 'NONE', *, *, #7180, .T. ) ;
#7716 = CARTESIAN_POINT ( 'NONE',  ( 0.08169291338582677919, 0.2351129816986712584, -0.03819606597134834330 ) ) ;
#7717 = EDGE_CURVE ( 'NONE', #9192, #8604, #8868, .T. ) ;
#7718 = DIRECTION ( 'NONE',  ( 1.000000000000000000, 1.997967612145349805E-27, -5.722406675693000192E-13 ) ) ;
#7719 = DIRECTION ( 'NONE',  ( 0.000000000000000000, 0.8919727971616544515, 0.4520890721125804257 ) ) ;
#7720 = AXIS2_PLACEMENT_3D ( 'NONE', #1079, #3843, #3786 ) ;
#7721 = ORIENTED_EDGE ( 'NONE', *, *, #8557, .F. ) ;
#7722 = CARTESIAN_POINT ( 'NONE',  ( -0.1131889763779527630, 0.2351129816986712584, -0.03819606597134834330 ) ) ;
#7723 = VERTEX_POINT ( 'NONE', #6550 ) ;
#7724 = CARTESIAN_POINT ( 'NONE',  ( 0.08169291338582677919, 0.2563854519293799483, 0.007016975403139922435 ) ) ;
#7725 = VECTOR ( 'NONE', #3544, 39.37007874015748143 ) ;
#7726 = CARTESIAN_POINT ( 'NONE',  ( -0.09153543307086613179, 0.2309529165521752303, 0.05719542721420283610 ) ) ;
#7727 = CARTESIAN_POINT ( 'NONE',  ( -0.1820866139388976346, 0.2106299212598137516, -0.2132217023431500214 ) ) ;
#7728 = EDGE_CURVE ( 'NONE', #7415, #177, #8375, .T. ) ;
#7729 = EDGE_CURVE ( 'NONE', #6169, #10595, #2379, .T. ) ;
#7730 = DIRECTION ( 'NONE',  ( 0.000000000000000000, 1.000000000000000000, 3.491481338843134933E-15 ) ) ;
#7731 = ORIENTED_EDGE ( 'NONE', *, *, #305, .T. ) ;
#7732 = ORIENTED_EDGE ( 'NONE', *, *, #8371, .F. ) ;
#7733 = DIRECTION ( 'NONE',  ( 1.000000000000000000, 0.000000000000000000, 0.000000000000000000 ) ) ;
#7734 = ADVANCED_FACE ( 'NONE', ( #10852 ), #587, .T. ) ;
#7735 = ORIENTED_EDGE ( 'NONE', *, *, #10111, .F. ) ;
#7736 = AXIS2_PLACEMENT_3D ( 'NONE', #6943, #9376, #8708 ) ;
#7737 = DIRECTION ( 'NONE',  ( 0.000000000000000000, 5.782411586531547151E-15, -1.000000000000000000 ) ) ;
#7738 = EDGE_LOOP ( 'NONE', ( #3853, #8721, #1299, #8859 ) ) ;
#7739 = CARTESIAN_POINT ( 'NONE',  ( -0.004921259842519684971, 0.2598425196850102648, -0.05433070866142700878 ) ) ;
#7740 = CARTESIAN_POINT ( 'NONE',  ( 0.2259842519685039686, 0.2834645669291039338, 0.1444881889764076943 ) ) ;
#7741 = EDGE_CURVE ( 'NONE', #10003, #7781, #9891, .T. ) ;
#7742 = DIRECTION ( 'NONE',  ( -1.000000000000000000, 0.000000000000000000, 0.000000000000000000 ) ) ;
#7743 = DIRECTION ( 'NONE',  ( -1.000000000000000000, 0.000000000000000000, 0.000000000000000000 ) ) ;
#7744 = DIRECTION ( 'NONE',  ( -1.000000000000000000, 0.000000000000000000, 0.000000000000000000 ) ) ;
#7745 = ORIENTED_EDGE ( 'NONE', *, *, #9328, .T. ) ;
#7746 = CARTESIAN_POINT ( 'NONE',  ( -0.06988188976377952832, 0.1909448818897350464, -0.2480314960630413401 ) ) ;
#7747 = ORIENTED_EDGE ( 'NONE', *, *, #10685, .T. ) ;
#7748 = ORIENTED_EDGE ( 'NONE', *, *, #3115, .F. ) ;
#7749 = DIRECTION ( 'NONE',  ( -1.000000000000000000, 0.000000000000000000, -9.481131157951241759E-11 ) ) ;
#7750 = AXIS2_PLACEMENT_3D ( 'NONE', #2757, #7953, #1908 ) ;
#7751 = AXIS2_PLACEMENT_3D ( 'NONE', #9449, #1724, #6502 ) ;
#7752 = DIRECTION ( 'NONE',  ( 0.000000000000000000, 3.491481338843134933E-15, -1.000000000000000000 ) ) ;
#7753 = EDGE_CURVE ( 'NONE', #5992, #6455, #5708, .T. ) ;
#7754 = DIRECTION ( 'NONE',  ( -1.000000000000000000, 0.000000000000000000, 0.000000000000000000 ) ) ;
#7755 = VERTEX_POINT ( 'NONE', #6497 ) ;
#7756 = AXIS2_PLACEMENT_3D ( 'NONE', #3062, #8262, #8205 ) ;
#7757 = DIRECTION ( 'NONE',  ( 0.000000000000000000, -1.000000000000000000, -3.491481338843134933E-15 ) ) ;
#7758 = VECTOR ( 'NONE', #7002, 39.37007874015748143 ) ;
#7759 = DIRECTION ( 'NONE',  ( 0.000000000000000000, 1.000000000000000000, 3.491481338843134933E-15 ) ) ;
#7760 = ORIENTED_EDGE ( 'NONE', *, *, #523, .T. ) ;
#7761 = SECURITY_CLASSIFICATION_LEVEL ( 'unclassified' ) ;
#7762 = CARTESIAN_POINT ( 'NONE',  ( 0.03838582677165354451, 0.2563854519293799483, 0.007016975403139922435 ) ) ;
#7763 = ORIENTED_EDGE ( 'NONE', *, *, #7969, .F. ) ;
#7764 = ORIENTED_EDGE ( 'NONE', *, *, #3377, .F. ) ;
#7765 = CARTESIAN_POINT ( 'NONE',  ( 0.1250000000000000000, 0.2303149606298921792, -0.07795275590552164235 ) ) ;
#7766 = ORIENTED_EDGE ( 'NONE', *, *, #1593, .T. ) ;
#7767 = CIRCLE ( 'NONE', #7950, 0.005905511811082662411 ) ;
#7768 = AXIS2_PLACEMENT_3D ( 'NONE', #2655, #9533, #5917 ) ;
#7769 = DIRECTION ( 'NONE',  ( 0.000000000000000000, 3.491481338843135327E-15, -1.000000000000000000 ) ) ;
#7770 = ORIENTED_EDGE ( 'NONE', *, *, #10799, .F. ) ;
#7771 = ADVANCED_FACE ( 'NONE', ( #1374 ), #8323, .T. ) ;
#7772 = DIRECTION ( 'NONE',  ( -1.000000000000000000, 0.000000000000000000, 0.000000000000000000 ) ) ;
#7773 = EDGE_CURVE ( 'NONE', #5032, #3723, #529, .T. ) ;
#7774 = VERTEX_POINT ( 'NONE', #4025 ) ;
#7775 = DIRECTION ( 'NONE',  ( 0.000000000000000000, -3.491481338843134933E-15, 1.000000000000000000 ) ) ;
#7776 = DIRECTION ( 'NONE',  ( 0.000000000000000000, -0.8375070198036267399, 0.5464265657704130419 ) ) ;
#7777 = DIRECTION ( 'NONE',  ( 1.000000000000000000, 0.000000000000000000, 0.000000000000000000 ) ) ;
#7778 = CIRCLE ( 'NONE', #32, 0.005905511811023620231 ) ;
#7779 = ORIENTED_EDGE ( 'NONE', *, *, #8259, .T. ) ;
#7780 = DIRECTION ( 'NONE',  ( -1.000000000000000000, 0.000000000000000000, 0.000000000000000000 ) ) ;
#7781 = VERTEX_POINT ( 'NONE', #426 ) ;
#7782 = LINE ( 'NONE', #7724, #2842 ) ;
#7783 = VECTOR ( 'NONE', #8083, 39.37007874015748854 ) ;
#7784 = CARTESIAN_POINT ( 'NONE',  ( 0.2653543307086614345, 0.2224409448818602253, 0.05787401574806102372 ) ) ;
#7785 = EDGE_CURVE ( 'NONE', #6712, #10528, #10904, .T. ) ;
#7786 = ORIENTED_EDGE ( 'NONE', *, *, #10559, .T. ) ;
#7787 = DIRECTION ( 'NONE',  ( -1.000000000000000000, -0.000000000000000000, 0.000000000000000000 ) ) ;
#7788 = PLANE ( 'NONE',  #3607 ) ;
#7789 = ORIENTED_EDGE ( 'NONE', *, *, #10145, .F. ) ;
#7790 = DIRECTION ( 'NONE',  ( 0.000000000000000000, -1.000000000000000000, -3.491481338843135327E-15 ) ) ;
#7791 = VECTOR ( 'NONE', #4157, 39.37007874015748143 ) ;
#7792 = ORIENTED_EDGE ( 'NONE', *, *, #603, .F. ) ;
#7793 = DIRECTION ( 'NONE',  ( 0.000000000000000000, -1.000000000000000000, -3.491481338843134933E-15 ) ) ;
#7794 = ORIENTED_EDGE ( 'NONE', *, *, #5644, .T. ) ;
#7795 = EDGE_CURVE ( 'NONE', #5349, #4281, #8206, .T. ) ;
#7796 = FACE_OUTER_BOUND ( 'NONE', #2305, .T. ) ;
#7797 = SECURITY_CLASSIFICATION ( '', '', #7761 ) ;
#7798 = LINE ( 'NONE', #72, #7433 ) ;
#7799 = VECTOR ( 'NONE', #10524, 39.37007874015748854 ) ;
#7800 = CARTESIAN_POINT ( 'NONE',  ( 0.08661417322834646937, 0.2421259842519385974, 0.07952755905514784229 ) ) ;
#7801 = DIRECTION ( 'NONE',  ( -0.8681403641336332688, 1.732887676818215392E-15, -0.4963187566090191405 ) ) ;
#7802 = FACE_OUTER_BOUND ( 'NONE', #4235, .T. ) ;
#7803 = VERTEX_POINT ( 'NONE', #5818 ) ;
#7804 = CARTESIAN_POINT ( 'NONE',  ( -0.06988188976377952832, 0.2303149606298921792, -0.07795275590552164235 ) ) ;
#7805 = VERTEX_POINT ( 'NONE', #3970 ) ;
#7806 = VERTEX_POINT ( 'NONE', #7410 ) ;
#7807 = EDGE_CURVE ( 'NONE', #8196, #3762, #1268, .T. ) ;
#7808 = CARTESIAN_POINT ( 'NONE',  ( -0.09547244071035433655, 0.2106299212598137516, -0.2421259842519685179 ) ) ;
#7809 = EDGE_CURVE ( 'NONE', #4611, #7547, #4709, .T. ) ;
#7810 = ADVANCED_FACE ( 'NONE', ( #9214 ), #8153, .F. ) ;
#7811 = FACE_OUTER_BOUND ( 'NONE', #6884, .T. ) ;
#7812 = DIRECTION ( 'NONE',  ( 0.000000000000000000, -5.759257715135839830E-12, 1.000000000000000000 ) ) ;
#7813 = CARTESIAN_POINT ( 'NONE',  ( -0.2771653543307086576, 0.2106299212598129744, 0.05787401574806102372 ) ) ;
#7814 = AXIS2_PLACEMENT_3D ( 'NONE', #817, #3298, #9334 ) ;
#7815 = VERTEX_POINT ( 'NONE', #5603 ) ;
#7816 = DIRECTION ( 'NONE',  ( 0.000000000000000000, -3.491481338843134933E-15, 1.000000000000000000 ) ) ;
#7817 = CARTESIAN_POINT ( 'NONE',  ( 0.1796295472108661306, 0.2421259842519382366, 0.2468503937008169891 ) ) ;
#7818 = ORIENTED_EDGE ( 'NONE', *, *, #2148, .T. ) ;
#7819 = LINE ( 'NONE', #2738, #9929 ) ;
#7820 = ORIENTED_EDGE ( 'NONE', *, *, #7631, .F. ) ;
#7821 = EDGE_LOOP ( 'NONE', ( #4780, #1363, #4042, #9921 ) ) ;
#7822 = LINE ( 'NONE', #4380, #9548 ) ;
#7823 = ORIENTED_EDGE ( 'NONE', *, *, #364, .F. ) ;
#7824 = EDGE_CURVE ( 'NONE', #3363, #1301, #9046, .T. ) ;
#7825 = LINE ( 'NONE', #8675, #3839 ) ;
#7826 = CARTESIAN_POINT ( 'NONE',  ( -0.2850393700787008378, 0.2165354330708362252, 0.06479275320034448560 ) ) ;
#7827 = LINE ( 'NONE', #6970, #6019 ) ;
#7828 = CIRCLE ( 'NONE', #10160, 0.005905511811023620231 ) ;
#7829 = EDGE_LOOP ( 'NONE', ( #770, #2072, #752 ) ) ;
#7830 = DIRECTION ( 'NONE',  ( 0.000000000000000000, -1.000000000000000000, -3.491481338843134933E-15 ) ) ;
#7831 = CARTESIAN_POINT ( 'NONE',  ( -0.01476377929286220442, 0.2165354330708373909, -0.2421259842518799221 ) ) ;
#7832 = DIRECTION ( 'NONE',  ( 0.000000000000000000, 1.000000000000000000, 0.000000000000000000 ) ) ;
#7833 = ORIENTED_EDGE ( 'NONE', *, *, #1164, .T. ) ;
#7834 = LINE ( 'NONE', #5906, #9903 ) ;
#7835 = EDGE_CURVE ( 'NONE', #2739, #9748, #475, .T. ) ;
#7836 = ORIENTED_EDGE ( 'NONE', *, *, #8497, .T. ) ;
#7837 = AXIS2_PLACEMENT_3D ( 'NONE', #1961, #1054, #5391 ) ;
#7838 = DIRECTION ( 'NONE',  ( 0.000000000000000000, 1.000000000000000000, 3.491481338843135327E-15 ) ) ;
#7839 = CARTESIAN_POINT ( 'NONE',  ( 0.2318897637795275801, 0.2775590551180803778, 0.1385826771653840550 ) ) ;
#7840 = EDGE_LOOP ( 'NONE', ( #5443, #10895, #4475, #6642 ) ) ;
#7841 = DIRECTION ( 'NONE',  ( -1.000000000000000000, 0.000000000000000000, 0.000000000000000000 ) ) ;
#7842 = CIRCLE ( 'NONE', #3155, 0.01377952755905512312 ) ;
#7843 = CARTESIAN_POINT ( 'NONE',  ( 0.1131889766129527547, 0.2106299212598137516, -0.2421259842518799221 ) ) ;
#7844 = ORIENTED_EDGE ( 'NONE', *, *, #7194, .T. ) ;
#7845 = CARTESIAN_POINT ( 'NONE',  ( 0.1643700787405905361, 0.2125984251968275895, -0.2125984251968208727 ) ) ;
#7846 = VERTEX_POINT ( 'NONE', #10794 ) ;
#7847 = CARTESIAN_POINT ( 'NONE',  ( 0.2771653543307086576, 0.2106299212598126414, 0.1051181102362499925 ) ) ;
#7848 = ADVANCED_FACE ( 'NONE', ( #3452 ), #11016, .T. ) ;
#7849 = ORIENTED_EDGE ( 'NONE', *, *, #6803, .T. ) ;
#7850 = VECTOR ( 'NONE', #9976, 39.37007874015748143 ) ;
#7851 = CARTESIAN_POINT ( 'NONE',  ( 0.2135826771653543399, 0.2106299212598137516, -0.2132217023431897673 ) ) ;
#7852 = LINE ( 'NONE', #129, #8880 ) ;
#7853 = CARTESIAN_POINT ( 'NONE',  ( -0.07480314960629921850, 0.2421259842519385974, 0.07952755905514784229 ) ) ;
#7854 = CARTESIAN_POINT ( 'NONE',  ( -0.01476377929286220442, 0.2106299212598137516, -0.2480314960629626253 ) ) ;
#7855 = ADVANCED_FACE ( 'NONE', ( #7802 ), #5088, .T. ) ;
#7856 = FACE_OUTER_BOUND ( 'NONE', #7615, .T. ) ;
#7857 = VERTEX_POINT ( 'NONE', #3284 ) ;
#7858 = VECTOR ( 'NONE', #2764, 39.37007874015748854 ) ;
#7859 = DIRECTION ( 'NONE',  ( 1.000000000000000000, 0.000000000000000000, 0.000000000000000000 ) ) ;
#7860 = ORIENTED_EDGE ( 'NONE', *, *, #9638, .T. ) ;
#7861 = ORIENTED_EDGE ( 'NONE', *, *, #9085, .T. ) ;
#7862 = DIRECTION ( 'NONE',  ( 0.000000000000000000, 1.000000000000000000, 3.491481338843134933E-15 ) ) ;
#7863 = AXIS2_PLACEMENT_3D ( 'NONE', #10473, #7086, #10529 ) ;
#7864 = DIRECTION ( 'NONE',  ( 1.000000000000000000, 0.000000000000000000, 0.000000000000000000 ) ) ;
#7865 = CLOSED_SHELL ( 'NONE', ( #2015, #10182, #1768, #3785, #10761, #3547, #8908, #10286, #3116, #9624, #11013, #889, #1646, #5994, #6926, #9793, #3977, #3080, #7235, #11099, #2079, #6467, #9933, #8448, #9893, #7586, #4585, #7771, #1729, #10836, #5682, #3653, #5436, #10144, #5096, #7318, #6585, #8689, #1383, #9131, #2074, #7291, #8681, #5498, #2482, #9730, #1940, #5224, #7848, #9518, #3446, #11074, #2802, #2943, #5799, #5796, #5949, #7734, #7501, #4852, #9805, #1498, #6259, #80, #6852, #1755, #11045, #9426, #6823, #8158, #1471, #6097, #2456, #10598, #8826, #7334, #1619, #9015, #4087, #3079, #4266, #3522, #6064, #3848, #7412, #9115, #3356, #5313, #2370, #4905, #3025, #8482, #5382, #4971, #6445, #1783, #10194, #495, #4316, #3795, #4904, #3961, #3758, #352, #6045, #8436, #2494, #5011, #3224, #7346, #5052, #7641, #9380, #5039, #9177, #9663, #4115, #8043, #5899, #10255, #8284, #3808, #11137, #636, #3476, #6749, #967, #4677, #738, #8362, #10314, #8425, #5983, #7503, #403, #4602, #8283, #6523, #8793, #3519, #1028, #1350, #6185, #3105, #2697, #994, #7654, #292, #6040, #9545, #3869, #7078, #9296, #510, #4755, #1198 ) ) ;
#7866 = CARTESIAN_POINT ( 'NONE',  ( 0.09842519685039370636, 0.2421259842519393746, -0.07795275590548228495 ) ) ;
#7867 = CARTESIAN_POINT ( 'NONE',  ( -0.008858267481783465083, 0.2125984251968319472, -0.2125984251968208727 ) ) ;
#7868 = ORIENTED_EDGE ( 'NONE', *, *, #5734, .F. ) ;
#7869 = DIRECTION ( 'NONE',  ( 0.000000000000000000, 1.000000000000000000, 3.491481338843135327E-15 ) ) ;
#7870 = EDGE_CURVE ( 'NONE', #9725, #710, #861, .T. ) ;
#7871 = DIRECTION ( 'NONE',  ( 0.000000000000000000, -3.491481338843134933E-15, 1.000000000000000000 ) ) ;
#7872 = VERTEX_POINT ( 'NONE', #5984 ) ;
#7873 = EDGE_CURVE ( 'NONE', #3177, #10741, #8330, .T. ) ;
#7874 = APPROVAL_DATE_TIME ( #4430, #7109 ) ;
#7875 = CARTESIAN_POINT ( 'NONE',  ( -0.1781496062992126150, 0.2303149606298921792, -0.07795275590552164235 ) ) ;
#7876 = ORIENTED_EDGE ( 'NONE', *, *, #1392, .F. ) ;
#7877 = ORIENTED_EDGE ( 'NONE', *, *, #7824, .F. ) ;
#7878 = VECTOR ( 'NONE', #2508, 39.37007874015748143 ) ;
#7879 = LINE ( 'NONE', #3581, #8837 ) ;
#7880 = CLOSED_SHELL ( 'NONE', ( #3895, #5356, #8750, #3179, #6969, #10926, #7099, #9396, #7855, #6966, #10392, #7442, #5598, #739 ) ) ;
#7881 = EDGE_CURVE ( 'NONE', #2068, #10254, #8148, .T. ) ;
#7882 = ORIENTED_EDGE ( 'NONE', *, *, #1440, .T. ) ;
#7883 = DIRECTION ( 'NONE',  ( 0.9113956592651699662, 1.436853605685039917E-15, -0.4115312287938865943 ) ) ;
#7884 = VECTOR ( 'NONE', #4470, 39.37007874015748854 ) ;
#7885 = LINE ( 'NONE', #1960, #8058 ) ;
#7886 = DIRECTION ( 'NONE',  ( -0.000000000000000000, -0.8919727971616544515, -0.4520890721125807588 ) ) ;
#7887 = ORIENTED_EDGE ( 'NONE', *, *, #7425, .T. ) ;
#7888 = DIRECTION ( 'NONE',  ( 0.000000000000000000, 0.8375070198036269620, -0.5464265657704129309 ) ) ;
#7889 = PLANE ( 'NONE',  #1546 ) ;
#7890 = ADVANCED_FACE ( 'NONE', ( #751 ), #2663, .T. ) ;
#7891 = LINE ( 'NONE', #3483, #4520 ) ;
#7892 = EDGE_LOOP ( 'NONE', ( #2391, #5534, #2540, #3427 ) ) ;
#7893 = VECTOR ( 'NONE', #5964, 39.37007874015748143 ) ;
#7894 = LINE ( 'NONE', #5568, #1260 ) ;
#7895 = ORIENTED_EDGE ( 'NONE', *, *, #2606, .F. ) ;
#7896 = DIRECTION ( 'NONE',  ( -1.000000000000000000, 0.000000000000000000, 0.000000000000000000 ) ) ;
#7897 = PLANE ( 'NONE',  #10494 ) ;
#7898 = CARTESIAN_POINT ( 'NONE',  ( -0.2618110236220472231, 0.2775590551180799337, 0.2055118110236515971 ) ) ;
#7899 = ORIENTED_EDGE ( 'NONE', *, *, #2933, .F. ) ;
#7900 = LINE ( 'NONE', #10487, #7312 ) ;
#7901 = AXIS2_PLACEMENT_3D ( 'NONE', #1540, #9995, #10899 ) ;
#7902 = EDGE_CURVE ( 'NONE', #1894, #2230, #6937, .T. ) ;
#7903 = LINE ( 'NONE', #1977, #2167 ) ;
#7904 = ORIENTED_EDGE ( 'NONE', *, *, #698, .T. ) ;
#7905 = CARTESIAN_POINT ( 'NONE',  ( 0.1250000000000000000, 0.2605808468465059535, -0.009969026885245903247 ) ) ;
#7906 = ORIENTED_EDGE ( 'NONE', *, *, #2543, .T. ) ;
#7907 = FACE_OUTER_BOUND ( 'NONE', #708, .T. ) ;
#7908 = VERTEX_POINT ( 'NONE', #8428 ) ;
#7909 = CIRCLE ( 'NONE', #520, 0.01968503937007876764 ) ;
#7910 = CARTESIAN_POINT ( 'NONE',  ( -0.1820866139388976346, 0.2125984251968208727, -0.2125984251968208727 ) ) ;
#7911 = DIRECTION ( 'NONE',  ( 1.000000000000000000, 0.000000000000000000, 0.000000000000000000 ) ) ;
#7912 = EDGE_CURVE ( 'NONE', #6538, #1213, #5925, .T. ) ;
#7913 = DIRECTION ( 'NONE',  ( 0.000000000000000000, -2.891205793294678622E-15, 1.000000000000000000 ) ) ;
#7914 = ADVANCED_FACE ( 'NONE', ( #9321 ), #1597, .T. ) ;
#7915 = PLANE ( 'NONE',  #10763 ) ;
#7916 = DIRECTION ( 'NONE',  ( 2.262277740821999836E-13, 3.491481338843134933E-15, -1.000000000000000000 ) ) ;
#7917 = AXIS2_PLACEMENT_3D ( 'NONE', #9240, #9070, #4104 ) ;
#7918 = ORIENTED_EDGE ( 'NONE', *, *, #4047, .F. ) ;
#7919 = DIRECTION ( 'NONE',  ( -1.000000000000000000, 0.000000000000000000, 0.000000000000000000 ) ) ;
#7920 = ORIENTED_EDGE ( 'NONE', *, *, #3666, .T. ) ;
#7921 = ORIENTED_EDGE ( 'NONE', *, *, #3459, .F. ) ;
#7922 = DIRECTION ( 'NONE',  ( -1.000000000000000000, 0.000000000000000000, 0.000000000000000000 ) ) ;
#7923 = EDGE_CURVE ( 'NONE', #4808, #4936, #7688, .T. ) ;
#7924 = AXIS2_PLACEMENT_3D ( 'NONE', #8694, #963, #4401 ) ;
#7925 = FACE_OUTER_BOUND ( 'NONE', #10578, .T. ) ;
#7926 = CARTESIAN_POINT ( 'NONE',  ( -0.02263779504094094730, 0.2224409448818610024, -0.2125984251968208727 ) ) ;
#7927 = CARTESIAN_POINT ( 'NONE',  ( -0.1781688684257272948, 0.1909448818897346856, -0.1102973840608038186 ) ) ;
#7928 = ORIENTED_EDGE ( 'NONE', *, *, #5862, .T. ) ;
#7929 = DIRECTION ( 'NONE',  ( 1.000000000000000000, 0.000000000000000000, 0.000000000000000000 ) ) ;
#7930 = CARTESIAN_POINT ( 'NONE',  ( -0.2712598425196850460, 0.2224409448818598367, 0.1051181102362502007 ) ) ;
#7931 = VERTEX_POINT ( 'NONE', #803 ) ;
#7932 = DIRECTION ( 'NONE',  ( -2.546111469807000212E-14, -1.000000000000000000, 8.350897590496871647E-15 ) ) ;
#7933 = ORIENTED_EDGE ( 'NONE', *, *, #8564, .T. ) ;
#7934 = VERTEX_POINT ( 'NONE', #4132 ) ;
#7935 = CARTESIAN_POINT ( 'NONE',  ( 0.1968503937007874127, 0.1909448818897346856, -0.1094488188976082688 ) ) ;
#7936 = ORIENTED_EDGE ( 'NONE', *, *, #2039, .F. ) ;
#7937 = EDGE_CURVE ( 'NONE', #2567, #959, #3506, .T. ) ;
#7938 = ADVANCED_FACE ( 'NONE', ( #4241 ), #919, .F. ) ;
#7939 = CARTESIAN_POINT ( 'NONE',  ( -0.1099422992080315020, 0.2125984251968200955, 0.2092563738405807117 ) ) ;
#7940 = AXIS2_PLACEMENT_3D ( 'NONE', #7409, #6549, #10320 ) ;
#7941 = AXIS2_PLACEMENT_3D ( 'NONE', #4995, #1617, #9397 ) ;
#7942 = CARTESIAN_POINT ( 'NONE',  ( 0.2909448818897638067, 0.2165354330708362252, 0.06377952755908464222 ) ) ;
#7943 = CARTESIAN_POINT ( 'NONE',  ( -0.2283464566929133688, 0.2755905511810720632, 0.2468503937008173499 ) ) ;
#7944 = EDGE_LOOP ( 'NONE', ( #120, #6315, #5590, #6500, #9660, #3931, #4015 ) ) ;
#7945 = CARTESIAN_POINT ( 'NONE',  ( 0.03838582677165354451, 0.2440944881889468288, 0.0007874015747934192061 ) ) ;
#7946 = DIRECTION ( 'NONE',  ( -1.000000000000000000, 0.000000000000000000, 0.000000000000000000 ) ) ;
#7947 = DIRECTION ( 'NONE',  ( 0.000000000000000000, 0.4520890721125805922, -0.8919727971616542295 ) ) ;
#7948 = ORIENTED_EDGE ( 'NONE', *, *, #6775, .F. ) ;
#7949 = ORIENTED_EDGE ( 'NONE', *, *, #4864, .T. ) ;
#7950 = AXIS2_PLACEMENT_3D ( 'NONE', #54, #165, #10533 ) ;
#7951 = AXIS2_PLACEMENT_3D ( 'NONE', #6654, #11061, #11007 ) ;
#7952 = EDGE_CURVE ( 'NONE', #10213, #4611, #3394, .T. ) ;
#7953 = DIRECTION ( 'NONE',  ( 0.000000000000000000, 1.000000000000000000, 3.491481338843135327E-15 ) ) ;
#7954 = EDGE_CURVE ( 'NONE', #656, #9292, #7056, .T. ) ;
#7955 = EDGE_CURVE ( 'NONE', #1558, #10855, #2553, .T. ) ;
#7956 = CARTESIAN_POINT ( 'NONE',  ( -0.05807086590712598473, 0.2106299212598137516, -0.2421259842518799221 ) ) ;
#7957 = FACE_OUTER_BOUND ( 'NONE', #478, .T. ) ;
#7958 = DIRECTION ( 'NONE',  ( 0.000000000000000000, -1.000000000000000000, -3.491481338843134933E-15 ) ) ;
#7959 = VERTEX_POINT ( 'NONE', #23 ) ;
#7960 = AXIS2_PLACEMENT_3D ( 'NONE', #1547, #3338, #3124 ) ;
#7961 = CYLINDRICAL_SURFACE ( 'NONE', #10563, 0.005905511811082679759 ) ;
#7962 = VECTOR ( 'NONE', #10669, 39.37007874015748143 ) ;
#7963 = EDGE_LOOP ( 'NONE', ( #9034, #3399, #6849, #3701 ) ) ;
#7964 = DIRECTION ( 'NONE',  ( 0.000000000000000000, -0.5464265657704129309, -0.8375070198036269620 ) ) ;
#7965 = ORIENTED_EDGE ( 'NONE', *, *, #1956, .T. ) ;
#7966 = CARTESIAN_POINT ( 'NONE',  ( -0.09995424143338582645, 0.2421259842519382366, 0.2055353207551476324 ) ) ;
#7967 = VERTEX_POINT ( 'NONE', #10332 ) ;
#7968 = VECTOR ( 'NONE', #4761, 39.37007874015748143 ) ;
#7969 = EDGE_CURVE ( 'NONE', #3177, #4922, #6032, .T. ) ;
#7970 = CARTESIAN_POINT ( 'NONE',  ( -0.09547244071035433655, 0.2165354330708373909, -0.2185039370078444843 ) ) ;
#7971 = CARTESIAN_POINT ( 'NONE',  ( -0.02263779504094094730, 0.2224409448818610024, -0.2125984251968208727 ) ) ;
#7972 = CARTESIAN_POINT ( 'NONE',  ( 0.1137795275590551269, 0.2834645669291039338, 0.1385826771653842493 ) ) ;
#7973 = CIRCLE ( 'NONE', #9946, 0.01181102362204725781 ) ;
#7974 = FACE_OUTER_BOUND ( 'NONE', #4874, .T. ) ;
#7975 = DIRECTION ( 'NONE',  ( -0.3333333333734870840, -2.891205793294677044E-15, 0.9428090415678668235 ) ) ;
#7976 = EDGE_LOOP ( 'NONE', ( #818, #7073, #4177, #6727 ) ) ;
#7977 = CARTESIAN_POINT ( 'NONE',  ( 0.02854330732141338589, 0.2106299212598137516, -0.2421259842518799221 ) ) ;
#7978 = ORIENTED_EDGE ( 'NONE', *, *, #3217, .T. ) ;
#7979 = ORIENTED_EDGE ( 'NONE', *, *, #9713, .F. ) ;
#7980 = LINE ( 'NONE', #9828, #8489 ) ;
#7981 = EDGE_CURVE ( 'NONE', #3975, #1991, #8758, .T. ) ;
#7982 = AXIS2_PLACEMENT_3D ( 'NONE', #1700, #6993, #10437 ) ;
#7983 = CARTESIAN_POINT ( 'NONE',  ( 0.07185039393570866184, 0.2165354330708373909, -0.2421259842518799221 ) ) ;
#7984 = CARTESIAN_POINT ( 'NONE',  ( 0.2850393700787401952, 0.2106299212598126414, 0.06479275320034448560 ) ) ;
#7985 = CARTESIAN_POINT ( 'NONE',  ( 0.08169291338582677919, 0.2563854519293799483, 0.007016975403139922435 ) ) ;
#7986 = VERTEX_POINT ( 'NONE', #4638 ) ;
#7987 = LINE ( 'NONE', #7129, #1218 ) ;
#7988 = LINE ( 'NONE', #1320, #5037 ) ;
#7989 = DIRECTION ( 'NONE',  ( 0.000000000000000000, -3.491481338843135327E-15, 1.000000000000000000 ) ) ;
#7990 = ORIENTED_EDGE ( 'NONE', *, *, #11036, .F. ) ;
#7991 = DIRECTION ( 'NONE',  ( -1.000000000000000000, 0.000000000000000000, 0.000000000000000000 ) ) ;
#7992 = ORIENTED_EDGE ( 'NONE', *, *, #6902, .T. ) ;
#7993 = ORIENTED_EDGE ( 'NONE', *, *, #10284, .F. ) ;
#7994 = DIRECTION ( 'NONE',  ( -1.421085471520000001E-14, -1.000000000000000000, -3.491481338843134933E-15 ) ) ;
#7995 = ADVANCED_FACE ( 'NONE', ( #7856 ), #3619, .T. ) ;
#7996 = CARTESIAN_POINT ( 'NONE',  ( -0.2653543307086614345, 0.2145669291338287432, 0.05787401574806102372 ) ) ;
#7997 = FACE_OUTER_BOUND ( 'NONE', #6730, .T. ) ;
#7998 = CARTESIAN_POINT ( 'NONE',  ( 0.1250000000000000000, 0.2309529165521752303, 0.05719542721420283610 ) ) ;
#7999 = VERTEX_POINT ( 'NONE', #1195 ) ;
#8000 = DIRECTION ( 'NONE',  ( -2.782959048405999983E-13, 3.491481338843134933E-15, -1.000000000000000000 ) ) ;
#8001 = DIRECTION ( 'NONE',  ( 1.000000000000000000, 0.000000000000000000, 0.000000000000000000 ) ) ;
#8002 = DIRECTION ( 'NONE',  ( -2.197945529284999966E-11, -1.000000000000000000, 1.237179449982116289E-11 ) ) ;
#8003 = EDGE_CURVE ( 'NONE', #5652, #5309, #133, .T. ) ;
#8004 = ORIENTED_EDGE ( 'NONE', *, *, #2766, .F. ) ;
#8005 = VERTEX_POINT ( 'NONE', #5426 ) ;
#8006 = DIRECTION ( 'NONE',  ( 1.000000000000000000, 0.000000000000000000, 0.000000000000000000 ) ) ;
#8007 = CARTESIAN_POINT ( 'NONE',  ( -0.2712598425196850460, 0.2145669291338287432, 0.05787401574806102372 ) ) ;
#8008 = CARTESIAN_POINT ( 'NONE',  ( -0.1092519682694882005, 0.2125984251967732441, -0.2066929133855925360 ) ) ;
#8009 = LINE ( 'NONE', #287, #357 ) ;
#8010 = DIRECTION ( 'NONE',  ( 0.000000000000000000, -3.491481338843134933E-15, 1.000000000000000000 ) ) ;
#8011 = ORIENTED_EDGE ( 'NONE', *, *, #9806, .F. ) ;
#8012 = DIRECTION ( 'NONE',  ( 0.000000000000000000, -1.000000000000000000, -1.108130403859429957E-13 ) ) ;
#8013 = CARTESIAN_POINT ( 'NONE',  ( -0.1614173228346456879, 0.2125984251968204841, 0.07952755905514763413 ) ) ;
#8014 = EDGE_CURVE ( 'NONE', #4315, #8502, #3562, .T. ) ;
#8015 = VERTEX_POINT ( 'NONE', #1147 ) ;
#8016 = EDGE_CURVE ( 'NONE', #9173, #7482, #2041, .T. ) ;
#8017 = CIRCLE ( 'NONE', #3140, 0.01181102362204724393 ) ;
#8018 = DIRECTION ( 'NONE',  ( 0.000000000000000000, 1.000000000000000000, 3.491481338843134933E-15 ) ) ;
#8019 = ORIENTED_EDGE ( 'NONE', *, *, #3569, .T. ) ;
#8020 = DIRECTION ( 'NONE',  ( 0.000000000000000000, -1.000000000000000000, -3.469446951953614978E-15 ) ) ;
#8021 = ORIENTED_EDGE ( 'NONE', *, *, #8003, .T. ) ;
#8022 = PLANE ( 'NONE',  #9164 ) ;
#8023 = AXIS2_PLACEMENT_3D ( 'NONE', #6397, #4606, #6348 ) ;
#8024 = LINE ( 'NONE', #7971, #9626 ) ;
#8025 = CARTESIAN_POINT ( 'NONE',  ( -0.08661417322834646937, 0.2421259842519393746, -0.07795275590548228495 ) ) ;
#8026 = PLANE ( 'NONE',  #232 ) ;
#8027 = EDGE_LOOP ( 'NONE', ( #8941, #4433, #6985, #8446 ) ) ;
#8028 = EDGE_CURVE ( 'NONE', #9307, #9203, #7228, .T. ) ;
#8029 = CARTESIAN_POINT ( 'NONE',  ( 0.02066929157333464301, 0.2125984251968208727, -0.2125984251968208727 ) ) ;
#8030 = ORIENTED_EDGE ( 'NONE', *, *, #2290, .T. ) ;
#8031 = VERTEX_POINT ( 'NONE', #6205 ) ;
#8032 = DIRECTION ( 'NONE',  ( -1.000000000000000000, 0.000000000000000000, 0.000000000000000000 ) ) ;
#8033 = VECTOR ( 'NONE', #4648, 39.37007874015748143 ) ;
#8034 = DIRECTION ( 'NONE',  ( 0.000000000000000000, -1.000000000000000000, -3.491481338843134933E-15 ) ) ;
#8035 = DIRECTION ( 'NONE',  ( 0.000000000000000000, 1.000000000000000000, 3.491481338843134933E-15 ) ) ;
#8036 = VECTOR ( 'NONE', #4826, 39.37007874015748854 ) ;
#8037 = CARTESIAN_POINT ( 'NONE',  ( -0.004921259842519684971, 0.2362204724409157630, -0.07795275590552164235 ) ) ;
#8038 = VECTOR ( 'NONE', #6994, 39.37007874015748143 ) ;
#8039 = ORIENTED_EDGE ( 'NONE', *, *, #1164, .F. ) ;
#8040 = LINE ( 'NONE', #9785, #5164 ) ;
#8041 = PLANE ( 'NONE',  #4537 ) ;
#8042 = ORIENTED_EDGE ( 'NONE', *, *, #410, .T. ) ;
#8043 = ADVANCED_FACE ( 'NONE', ( #8874 ), #4580, .F. ) ;
#8044 = DIRECTION ( 'NONE',  ( 0.000000000000000000, 1.000000000000000000, 3.491481338843134933E-15 ) ) ;
#8045 = EDGE_LOOP ( 'NONE', ( #9489, #4003, #7190, #8669 ) ) ;
#8046 = ORIENTED_EDGE ( 'NONE', *, *, #108, .F. ) ;
#8047 = LINE ( 'NONE', #9792, #9915 ) ;
#8048 = CIRCLE ( 'NONE', #9475, 0.005905511811023620231 ) ;
#8049 = VECTOR ( 'NONE', #2126, 39.37007874015748143 ) ;
#8050 = FACE_OUTER_BOUND ( 'NONE', #463, .T. ) ;
#8051 = DIRECTION ( 'NONE',  ( -1.000000000000000000, 0.000000000000000000, 0.000000000000000000 ) ) ;
#8052 = DIRECTION ( 'NONE',  ( -1.000000000000000000, 0.000000000000000000, 0.000000000000000000 ) ) ;
#8053 = ORIENTED_EDGE ( 'NONE', *, *, #9575, .F. ) ;
#8054 = DIRECTION ( 'NONE',  ( 0.000000000000000000, -3.491481338843134933E-15, 1.000000000000000000 ) ) ;
#8055 = CARTESIAN_POINT ( 'NONE',  ( 0.1072834648018897719, 0.2125984251968275895, -0.2125984251968208727 ) ) ;
#8056 = CIRCLE ( 'NONE', #4077, 0.01181102362204722485 ) ;
#8057 = EDGE_CURVE ( 'NONE', #4667, #6655, #8816, .T. ) ;
#8058 = VECTOR ( 'NONE', #9795, 39.37007874015748143 ) ;
#8059 = EDGE_CURVE ( 'NONE', #815, #9690, #9655, .T. ) ;
#8060 = FACE_OUTER_BOUND ( 'NONE', #6335, .T. ) ;
#8061 = VERTEX_POINT ( 'NONE', #1818 ) ;
#8062 = ORIENTED_EDGE ( 'NONE', *, *, #1173, .F. ) ;
#8063 = FACE_BOUND ( 'NONE', #9802, .T. ) ;
#8064 = CARTESIAN_POINT ( 'NONE',  ( -0.04822834645669291098, 0.2362204724409157630, -0.07795275590552164235 ) ) ;
#8065 = CARTESIAN_POINT ( 'NONE',  ( 0.2057086614175983874, 0.2106299212598137516, -0.2480314960629921295 ) ) ;
#8066 = EDGE_CURVE ( 'NONE', #464, #2908, #8162, .T. ) ;
#8067 = FACE_OUTER_BOUND ( 'NONE', #2142, .T. ) ;
#8068 = LINE ( 'NONE', #7267, #2962 ) ;
#8069 = EDGE_LOOP ( 'NONE', ( #1449, #9145, #3499, #5003 ) ) ;
#8070 = CARTESIAN_POINT ( 'NONE',  ( 0.06397637818759842332, 0.2224409448818610024, -0.2132217023434819225 ) ) ;
#8071 = ADVANCED_FACE ( 'NONE', ( #307 ), #8026, .T. ) ;
#8072 = ORIENTED_EDGE ( 'NONE', *, *, #10641, .T. ) ;
#8073 = AXIS2_PLACEMENT_3D ( 'NONE', #7557, #4225, #1745 ) ;
#8074 = EDGE_LOOP ( 'NONE', ( #2781, #974, #1140, #8461 ) ) ;
#8075 = DIRECTION ( 'NONE',  ( 0.000000000000000000, 3.491481338843134933E-15, -1.000000000000000000 ) ) ;
#8076 = ORIENTED_EDGE ( 'NONE', *, *, #7717, .F. ) ;
#8077 = EDGE_CURVE ( 'NONE', #5413, #5325, #3736, .T. ) ;
#8078 = VECTOR ( 'NONE', #1342, 39.37007874015748143 ) ;
#8079 = PLANE ( 'NONE',  #7720 ) ;
#8080 = EDGE_CURVE ( 'NONE', #1387, #8620, #5972, .T. ) ;
#8081 = CARTESIAN_POINT ( 'NONE',  ( -0.1345525796379921368, 0.2834645669291035452, 0.2201693093386125899 ) ) ;
#8082 = EDGE_CURVE ( 'NONE', #3353, #4573, #3461, .T. ) ;
#8083 = DIRECTION ( 'NONE',  ( 0.000000000000000000, -0.4520890721125805922, 0.8919727971616542295 ) ) ;
#8084 = VERTEX_POINT ( 'NONE', #10617 ) ;
#8085 = DIRECTION ( 'NONE',  ( 0.000000000000000000, 1.000000000000000000, 3.491481338843135327E-15 ) ) ;
#8086 = ORIENTED_EDGE ( 'NONE', *, *, #1568, .F. ) ;
#8087 = ORIENTED_EDGE ( 'NONE', *, *, #1071, .F. ) ;
#8088 = VECTOR ( 'NONE', #3966, 39.37007874015748143 ) ;
#8089 = CARTESIAN_POINT ( 'NONE',  ( 0.03838582677165354451, 0.2400588892959547305, -0.04142299450934047722 ) ) ;
#8090 = CARTESIAN_POINT ( 'NONE',  ( -0.2909448818897638067, 0.2165354330708362252, 0.09819937278420276527 ) ) ;
#8091 = EDGE_CURVE ( 'NONE', #1257, #2681, #356, .T. ) ;
#8092 = VECTOR ( 'NONE', #10367, 39.37007874015748143 ) ;
#8093 = CARTESIAN_POINT ( 'NONE',  ( -0.2653543307086614345, 0.2224409448818598367, 0.1051181102362502007 ) ) ;
#8094 = CARTESIAN_POINT ( 'NONE',  ( -0.1131889763779527630, 0.2440944881889468288, 0.0007874015747934192061 ) ) ;
#8095 = EDGE_LOOP ( 'NONE', ( #4627, #6977, #6734, #2326, #9544, #5873 ) ) ;
#8096 = DIRECTION ( 'NONE',  ( 1.000000000000000000, 0.000000000000000000, 0.000000000000000000 ) ) ;
#8097 = DIRECTION ( 'NONE',  ( 1.000000000000000000, 0.000000000000000000, 0.000000000000000000 ) ) ;
#8098 = CARTESIAN_POINT ( 'NONE',  ( -0.2594488188976378784, 0.2716535433070562666, 0.2055118110236515971 ) ) ;
#8099 = ORIENTED_EDGE ( 'NONE', *, *, #4418, .F. ) ;
#8100 = DIRECTION ( 'NONE',  ( 0.000000000000000000, -1.000000000000000000, -3.491481338843134933E-15 ) ) ;
#8101 = ORIENTED_EDGE ( 'NONE', *, *, #565, .T. ) ;
#8102 = VERTEX_POINT ( 'NONE', #3790 ) ;
#8103 = CARTESIAN_POINT ( 'NONE',  ( -0.1781496062992126150, 0.2303149606298921792, -0.07795275590552164235 ) ) ;
#8104 = AXIS2_PLACEMENT_3D ( 'NONE', #3995, #3884, #10872 ) ;
#8105 = ADVANCED_FACE ( 'NONE', ( #6090 ), #5253, .T. ) ;
#8106 = CARTESIAN_POINT ( 'NONE',  ( 0.2850393700787401952, 0.2106299212598126414, 0.09819937278396655145 ) ) ;
#8107 = CARTESIAN_POINT ( 'NONE',  ( 0.2259842519685039686, 0.2775590551180810994, -0.1035433070865844490 ) ) ;
#8108 = LINE ( 'NONE', #7197, #2249 ) ;
#8109 = ORIENTED_EDGE ( 'NONE', *, *, #173, .T. ) ;
#8110 = DIRECTION ( 'NONE',  ( 0.000000000000000000, 1.000000000000000000, 3.491481338843134933E-15 ) ) ;
#8111 = VECTOR ( 'NONE', #1751, 39.37007874015748143 ) ;
#8112 = LINE ( 'NONE', #3822, #7495 ) ;
#8113 = DIRECTION ( 'NONE',  ( -1.000000000000000000, 0.000000000000000000, 0.000000000000000000 ) ) ;
#8114 = ORIENTED_EDGE ( 'NONE', *, *, #4011, .T. ) ;
#8115 = ORIENTED_EDGE ( 'NONE', *, *, #1058, .F. ) ;
#8116 = FACE_BOUND ( 'NONE', #6194, .T. ) ;
#8117 = CIRCLE ( 'NONE', #1446, 0.01377952755905512312 ) ;
#8118 = CIRCLE ( 'NONE', #728, 0.005905511811082675422 ) ;
#8119 = EDGE_CURVE ( 'NONE', #7846, #2597, #3109, .T. ) ;
#8120 = CARTESIAN_POINT ( 'NONE',  ( -0.1614173228346456879, 0.2125984251968212890, -0.07795275590548228495 ) ) ;
#8121 = EDGE_CURVE ( 'NONE', #8324, #3098, #5691, .T. ) ;
#8122 = DIRECTION ( 'NONE',  ( 0.000000000000000000, 0.8919727971616544515, 0.4520890721125807588 ) ) ;
#8123 = LINE ( 'NONE', #10602, #6447 ) ;
#8124 = DIRECTION ( 'NONE',  ( 0.000000000000000000, 1.000000000000000000, 3.491481338843134933E-15 ) ) ;
#8125 = EDGE_LOOP ( 'NONE', ( #10185, #2037, #2575, #1946 ) ) ;
#8126 = DIRECTION ( 'NONE',  ( 0.000000000000000000, 5.782411586531547151E-15, -1.000000000000000000 ) ) ;
#8127 = AXIS2_PLACEMENT_3D ( 'NONE', #1135, #3606, #1802 ) ;
#8128 = AXIS2_PLACEMENT_3D ( 'NONE', #466, #8879, #3796 ) ;
#8129 = ORIENTED_EDGE ( 'NONE', *, *, #4954, .T. ) ;
#8130 = ORIENTED_EDGE ( 'NONE', *, *, #1857, .F. ) ;
#8131 = LINE ( 'NONE', #9764, #6851 ) ;
#8132 = VERTEX_POINT ( 'NONE', #515 ) ;
#8133 = EDGE_CURVE ( 'NONE', #4958, #11020, #5587, .T. ) ;
#8134 = AXIS2_PLACEMENT_3D ( 'NONE', #5397, #8733, #7777 ) ;
#8135 = VECTOR ( 'NONE', #2489, 39.37007874015748143 ) ;
#8136 = DIRECTION ( 'NONE',  ( 1.000000000000000000, 0.000000000000000000, 0.000000000000000000 ) ) ;
#8137 = CARTESIAN_POINT ( 'NONE',  ( 0.1643700787405905361, 0.2224409448818610024, -0.2125984251968208727 ) ) ;
#8138 = CARTESIAN_POINT ( 'NONE',  ( -0.1348425196850394081, 0.2440944881889468288, 0.0007874015747934192061 ) ) ;
#8139 = EDGE_LOOP ( 'NONE', ( #1486, #2723, #9058, #2631 ) ) ;
#8140 = FACE_OUTER_BOUND ( 'NONE', #2144, .T. ) ;
#8141 = AXIS2_PLACEMENT_3D ( 'NONE', #8325, #4027, #2111 ) ;
#8142 = ORIENTED_EDGE ( 'NONE', *, *, #363, .F. ) ;
#8143 = VERTEX_POINT ( 'NONE', #10780 ) ;
#8144 = EDGE_CURVE ( 'NONE', #2937, #10375, #6374, .T. ) ;
#8145 = DIRECTION ( 'NONE',  ( -1.000000000000000000, 0.000000000000000000, 0.000000000000000000 ) ) ;
#8146 = ORIENTED_EDGE ( 'NONE', *, *, #11075, .F. ) ;
#8147 = CARTESIAN_POINT ( 'NONE',  ( -0.2653543307086614345, 0.2145669291338283546, 0.1051181102362499925 ) ) ;
#8148 = CIRCLE ( 'NONE', #4724, 0.005905511811023620231 ) ;
#8149 = LINE ( 'NONE', #7239, #7670 ) ;
#8150 = DIRECTION ( 'NONE',  ( 0.000000000000000000, 1.000000000000000000, 3.491481338843134933E-15 ) ) ;
#8151 = CARTESIAN_POINT ( 'NONE',  ( 0.2653543307086614345, 0.2145669291338283546, 0.1051181102362499925 ) ) ;
#8152 = DIRECTION ( 'NONE',  ( 0.000000000000000000, -1.000000000000000000, -5.782411586589358822E-15 ) ) ;
#8153 = PLANE ( 'NONE',  #6693 ) ;
#8154 = ORIENTED_EDGE ( 'NONE', *, *, #8572, .T. ) ;
#8155 = CARTESIAN_POINT ( 'NONE',  ( -0.1348425196850394081, 0.2440944881889468288, 0.0007874015747934192061 ) ) ;
#8156 = ORIENTED_EDGE ( 'NONE', *, *, #8218, .T. ) ;
#8157 = ORIENTED_EDGE ( 'NONE', *, *, #10465, .F. ) ;
#8158 = ADVANCED_FACE ( 'NONE', ( #2150 ), #9987, .F. ) ;
#8160 = EDGE_CURVE ( 'NONE', #7397, #345, #3955, .T. ) ;
#8159 = VECTOR ( 'NONE', #3520, 39.37007874015748143 ) ;
#8161 = CARTESIAN_POINT ( 'NONE',  ( -0.1131889763779527630, 0.2303149606298921792, -0.05433070866142708510 ) ) ;
#8162 = CIRCLE ( 'NONE', #10674, 0.02952755905511810289 ) ;
#8163 = CARTESIAN_POINT ( 'NONE',  ( 0.09995424143498253533, 0.2125984251968200955, 0.2055353207561270990 ) ) ;
#8164 = ADVANCED_BREP_SHAPE_REPRESENTATION ( 'CUI_DEVICES_MSD-11-A', ( #7372, #7542, #7392, #14, #3816, #11026, #35, #3719, #7413, #7297, #6879 ), #4754 ) ;
#8165 = CARTESIAN_POINT ( 'NONE',  ( -0.08661417322834646937, 0.2421259842519393746, -0.07795275590548228495 ) ) ;
#8166 = CARTESIAN_POINT ( 'NONE',  ( -0.1998031496062991907, 0.2303149606298921792, -0.07795275590552164235 ) ) ;
#8167 = VERTEX_POINT ( 'NONE', #1358 ) ;
#8168 = VECTOR ( 'NONE', #9452, 39.37007874015748143 ) ;
#8169 = PLANE ( 'NONE',  #10025 ) ;
#8170 = DIRECTION ( 'NONE',  ( 0.000000000000000000, -1.000000000000000000, -3.491481338843134933E-15 ) ) ;
#8171 = DIRECTION ( 'NONE',  ( 0.000000000000000000, 3.491481338843134933E-15, -1.000000000000000000 ) ) ;
#8172 = ORIENTED_EDGE ( 'NONE', *, *, #19, .T. ) ;
#8173 = EDGE_CURVE ( 'NONE', #7608, #11086, #3642, .T. ) ;
#8174 = ORIENTED_EDGE ( 'NONE', *, *, #7807, .F. ) ;
#8175 = CYLINDRICAL_SURFACE ( 'NONE', #542, 0.02460629921259841271 ) ;
#8176 = DIRECTION ( 'NONE',  ( 0.000000000000000000, 3.491481338843134933E-15, -1.000000000000000000 ) ) ;
#8177 = CARTESIAN_POINT ( 'NONE',  ( -0.1099422992076378031, 0.2421259842519382366, 0.2092563738405807117 ) ) ;
#8178 = FACE_OUTER_BOUND ( 'NONE', #784, .T. ) ;
#8179 = LINE ( 'NONE', #235, #2599 ) ;
#8180 = VERTEX_POINT ( 'NONE', #4800 ) ;
#8181 = CARTESIAN_POINT ( 'NONE',  ( 0.1250000000000000000, 0.2556349392492224815, -0.006742098347214430139 ) ) ;
#8182 = AXIS2_PLACEMENT_3D ( 'NONE', #8277, #10176, #38 ) ;
#8183 = ORIENTED_EDGE ( 'NONE', *, *, #9067, .T. ) ;
#8184 = EDGE_CURVE ( 'NONE', #5061, #6094, #9935, .T. ) ;
#8185 = ORIENTED_EDGE ( 'NONE', *, *, #8384, .F. ) ;
#8186 = CARTESIAN_POINT ( 'NONE',  ( 0.1584645669297244097, 0.2165354330708373909, -0.2480314960629921295 ) ) ;
#8187 = EDGE_LOOP ( 'NONE', ( #5671, #8475, #6581, #4307 ) ) ;
#8188 = FACE_OUTER_BOUND ( 'NONE', #6998, .T. ) ;
#8189 = DIRECTION ( 'NONE',  ( 0.000000000000000000, -1.000000000000000000, -3.469446951953614978E-15 ) ) ;
#8190 = AXIS2_PLACEMENT_3D ( 'NONE', #10557, #1305, #6321 ) ;
#8191 = DIRECTION ( 'NONE',  ( -1.000000000000000000, 0.000000000000000000, 0.000000000000000000 ) ) ;
#8192 = ORIENTED_EDGE ( 'NONE', *, *, #1968, .T. ) ;
#8193 = ADVANCED_FACE ( 'NONE', ( #4856 ), #3897, .T. ) ;
#8194 = ADVANCED_FACE ( 'NONE', ( #2944 ), #4691, .F. ) ;
#8195 = DIRECTION ( 'NONE',  ( 1.000000000000000000, 0.000000000000000000, 0.000000000000000000 ) ) ;
#8196 = VERTEX_POINT ( 'NONE', #7280 ) ;
#8197 = VERTEX_POINT ( 'NONE', #1253 ) ;
#8198 = LINE ( 'NONE', #9777, #3798 ) ;
#8199 = ORIENTED_EDGE ( 'NONE', *, *, #9769, .F. ) ;
#8200 = VECTOR ( 'NONE', #4385, 39.37007874015748854 ) ;
#8201 = CARTESIAN_POINT ( 'NONE',  ( 0.01673228346456692717, 0.1909448818897350464, -0.2480314960630413401 ) ) ;
#8202 = EDGE_CURVE ( 'NONE', #2836, #10706, #409, .T. ) ;
#8203 = PLANE ( 'NONE',  #2437 ) ;
#8204 = FACE_OUTER_BOUND ( 'NONE', #924, .T. ) ;
#8205 = DIRECTION ( 'NONE',  ( 0.000000000000000000, -1.000000000000000000, -8.491471414906473958E-12 ) ) ;
#8206 = LINE ( 'NONE', #6663, #4900 ) ;
#8207 = VERTEX_POINT ( 'NONE', #2993 ) ;
#8208 = AXIS2_PLACEMENT_3D ( 'NONE', #3006, #2217, #8150 ) ;
#8209 = DIRECTION ( 'NONE',  ( 0.000000000000000000, -1.000000000000000000, -3.491481338843135327E-15 ) ) ;
#8210 = VERTEX_POINT ( 'NONE', #6426 ) ;
#8211 = VERTEX_POINT ( 'NONE', #8960 ) ;
#8212 = CARTESIAN_POINT ( 'NONE',  ( -0.01476377929286220442, 0.2106299212598137516, -0.2421259842518799221 ) ) ;
#8213 = AXIS2_PLACEMENT_3D ( 'NONE', #7067, #10628, #144 ) ;
#8214 = AXIS2_PLACEMENT_3D ( 'NONE', #8756, #6088, #5630 ) ;
#8215 = DIRECTION ( 'NONE',  ( 0.000000000000000000, -1.000000000000000000, -5.782411586589358822E-15 ) ) ;
#8216 = EDGE_CURVE ( 'NONE', #9517, #10265, #7973, .T. ) ;
#8217 = DIRECTION ( 'NONE',  ( 0.000000000000000000, -0.5464265657704129309, -0.8375070198036269620 ) ) ;
#8218 = EDGE_CURVE ( 'NONE', #5019, #9227, #7039, .T. ) ;
#8219 = FACE_OUTER_BOUND ( 'NONE', #6909, .T. ) ;
#8220 = VERTEX_POINT ( 'NONE', #1235 ) ;
#8221 = LINE ( 'NONE', #10807, #1018 ) ;
#8222 = DIRECTION ( 'NONE',  ( 1.000000000000000000, 0.000000000000000000, 0.000000000000000000 ) ) ;
#8223 = EDGE_CURVE ( 'NONE', #6712, #7284, #4910, .T. ) ;
#8224 = DIRECTION ( 'NONE',  ( 0.000000000000000000, -1.000000000000000000, -3.491481338843134933E-15 ) ) ;
#8225 = EDGE_LOOP ( 'NONE', ( #3277, #325, #71, #6091 ) ) ;
#8226 = VECTOR ( 'NONE', #6982, 39.37007874015748143 ) ;
#8227 = CARTESIAN_POINT ( 'NONE',  ( -0.04822834645669291098, 0.2303149606298921792, -0.05433070866142708510 ) ) ;
#8228 = VERTEX_POINT ( 'NONE', #4507 ) ;
#8229 = DIRECTION ( 'NONE',  ( 2.262277740823000238E-13, -3.491481338843134933E-15, 1.000000000000000000 ) ) ;
#8230 = DIRECTION ( 'NONE',  ( 0.000000000000000000, 1.000000000000000000, 3.491481338843134933E-15 ) ) ;
#8231 = FACE_OUTER_BOUND ( 'NONE', #10922, .T. ) ;
#8232 = VECTOR ( 'NONE', #7199, 39.37007874015748143 ) ;
#8233 = PLANE ( 'NONE',  #7556 ) ;
#8234 = EDGE_CURVE ( 'NONE', #8561, #5619, #10601, .T. ) ;
#8235 = CARTESIAN_POINT ( 'NONE',  ( 0.08661417322834646937, 0.2125984251968212890, -0.07795275590548228495 ) ) ;
#8236 = ORIENTED_EDGE ( 'NONE', *, *, #3910, .T. ) ;
#8237 = DIRECTION ( 'NONE',  ( 0.000000000000000000, 1.000000000000000000, 3.491481338843134933E-15 ) ) ;
#8238 = PLANE ( 'NONE',  #1366 ) ;
#8239 = ORIENTED_EDGE ( 'NONE', *, *, #603, .T. ) ;
#8240 = VERTEX_POINT ( 'NONE', #8741 ) ;
#8241 = VECTOR ( 'NONE', #1490, 39.37007874015748143 ) ;
#8242 = PLANE ( 'NONE',  #7224 ) ;
#8243 = VECTOR ( 'NONE', #2174, 39.37007874015748854 ) ;
#8244 = EDGE_LOOP ( 'NONE', ( #1866, #7675, #5883, #4278 ) ) ;
#8245 = CARTESIAN_POINT ( 'NONE',  ( 0.000000000000000000, 0.2490157480314657557, 0.2480314960630216614 ) ) ;
#8246 = ADVANCED_FACE ( 'NONE', ( #233 ), #5346, .F. ) ;
#8247 = CARTESIAN_POINT ( 'NONE',  ( 0.1299212598425196763, 0.2421259842519393746, -0.07795275590548228495 ) ) ;
#8248 = CIRCLE ( 'NONE', #10216, 0.005905511811023620231 ) ;
#8249 = CARTESIAN_POINT ( 'NONE',  ( 0.05511811023622047168, 0.2125984251968204841, 0.07952755905514763413 ) ) ;
#8250 = EDGE_LOOP ( 'NONE', ( #5272, #5711, #2045, #2734, #849, #6788 ) ) ;
#8251 = VERTEX_POINT ( 'NONE', #2928 ) ;
#8252 = CARTESIAN_POINT ( 'NONE',  ( -0.02263779504094094730, 0.2224409448818610024, -0.2185039370078444843 ) ) ;
#8253 = ORIENTED_EDGE ( 'NONE', *, *, #2087, .T. ) ;
#8254 = LINE ( 'NONE', #4181, #4876 ) ;
#8255 = VERTEX_POINT ( 'NONE', #8065 ) ;
#8256 = VECTOR ( 'NONE', #6687, 39.37007874015748854 ) ;
#8257 = CARTESIAN_POINT ( 'NONE',  ( 0.1564960629922441115, 0.2106299212598137516, -0.2480314960629921295 ) ) ;
#8258 = ADVANCED_FACE ( 'NONE', ( #10483 ), #1856, .T. ) ;
#8259 = EDGE_CURVE ( 'NONE', #668, #358, #9754, .T. ) ;
#8260 = CARTESIAN_POINT ( 'NONE',  ( 0.2850393700787401952, 0.2165354330708362252, 0.1051181102362499925 ) ) ;
#8261 = DIRECTION ( 'NONE',  ( -1.000000000000000000, 0.000000000000000000, 0.000000000000000000 ) ) ;
#8262 = DIRECTION ( 'NONE',  ( -1.000000000000000000, 1.924968286720964814E-24, -2.267026795383000135E-13 ) ) ;
#8263 = DIRECTION ( 'NONE',  ( 0.000000000000000000, 3.491481338843134933E-15, -1.000000000000000000 ) ) ;
#8264 = ORIENTED_EDGE ( 'NONE', *, *, #4928, .F. ) ;
#8265 = CARTESIAN_POINT ( 'NONE',  ( -0.02657480314960630058, 0.2563854519293799483, 0.007016975403139922435 ) ) ;
#8266 = VERTEX_POINT ( 'NONE', #6410 ) ;
#8267 = EDGE_LOOP ( 'NONE', ( #8156, #10719, #4599, #7594 ) ) ;
#8268 = CARTESIAN_POINT ( 'NONE',  ( 0.2594488188976378784, 0.2716535433070562666, 0.2055118110236515971 ) ) ;
#8269 = ADVANCED_FACE ( 'NONE', ( #1130 ), #2027, .T. ) ;
#8270 = VECTOR ( 'NONE', #4467, 39.37007874015748143 ) ;
#8271 = EDGE_CURVE ( 'NONE', #2838, #4576, #1009, .T. ) ;
#8272 = CARTESIAN_POINT ( 'NONE',  ( 0.1032928346915864548, 0.2421259842519382366, 0.2067515796152974705 ) ) ;
#8273 = LINE ( 'NONE', #8107, #2295 ) ;
#8274 = CARTESIAN_POINT ( 'NONE',  ( 0.1132526673546456752, 0.2834645669291035452, 0.2105515555275890016 ) ) ;
#8275 = ORIENTED_EDGE ( 'NONE', *, *, #4354, .T. ) ;
#8276 = DIRECTION ( 'NONE',  ( 0.000000000000000000, 1.000000000000000000, 3.491481338843135327E-15 ) ) ;
#8277 = CARTESIAN_POINT ( 'NONE',  ( 0.03444881913249606131, 0.2165354330708373909, -0.2421259842518799221 ) ) ;
#8278 = FACE_OUTER_BOUND ( 'NONE', #975, .T. ) ;
#8279 = ORIENTED_EDGE ( 'NONE', *, *, #4702, .T. ) ;
#8280 = AXIS2_PLACEMENT_3D ( 'NONE', #7977, #2946, #8195 ) ;
#8281 = DIRECTION ( 'NONE',  ( 1.776356839400000238E-14, -1.000000000000000000, -1.270626026777841899E-12 ) ) ;
#8282 = EDGE_LOOP ( 'NONE', ( #3145, #568, #1169, #2436, #5646, #2196 ) ) ;
#8283 = ADVANCED_FACE ( 'NONE', ( #5465 ), #10927, .F. ) ;
#8284 = ADVANCED_FACE ( 'NONE', ( #9636 ), #7897, .F. ) ;
#8285 = CARTESIAN_POINT ( 'NONE',  ( -0.1879921257499606313, 0.2165354330708373909, -0.2480314960629626253 ) ) ;
#8286 = CARTESIAN_POINT ( 'NONE',  ( -0.1055296899509448882, 0.2421259842519382366, 0.2075299402697145523 ) ) ;
#8287 = AXIS2_PLACEMENT_3D ( 'NONE', #7104, #10868, #10548 ) ;
#8288 = DIRECTION ( 'NONE',  ( 1.000000000000000000, 0.000000000000000000, 0.000000000000000000 ) ) ;
#8289 = CARTESIAN_POINT ( 'NONE',  ( -0.06594488165523622325, 0.2165354330708373909, -0.2185039370078444843 ) ) ;
#8290 = ORIENTED_EDGE ( 'NONE', *, *, #2685, .F. ) ;
#8291 = CARTESIAN_POINT ( 'NONE',  ( -0.05216535409606298801, 0.2224409448818610024, -0.2132217023434819225 ) ) ;
#8292 = PLANE ( 'NONE',  #9287 ) ;
#8293 = LINE ( 'NONE', #4680, #1996 ) ;
#8294 = ORIENTED_EDGE ( 'NONE', *, *, #2396, .T. ) ;
#8295 = ADVANCED_FACE ( 'NONE', ( #7957 ), #8909, .T. ) ;
#8296 = ORIENTED_EDGE ( 'NONE', *, *, #9208, .F. ) ;
#8297 = VECTOR ( 'NONE', #8006, 39.37007874015748143 ) ;
#8298 = EDGE_CURVE ( 'NONE', #10744, #3303, #4618, .T. ) ;
#8299 = AXIS2_PLACEMENT_3D ( 'NONE', #4030, #8542, #6670 ) ;
#8300 = EDGE_CURVE ( 'NONE', #9199, #9441, #4367, .T. ) ;
#8301 = LINE ( 'NONE', #8408, #3263 ) ;
#8302 = ORIENTED_EDGE ( 'NONE', *, *, #1857, .T. ) ;
#8303 = DIRECTION ( 'NONE',  ( 0.000000000000000000, -0.5464265657704129309, -0.8375070198036269620 ) ) ;
#8304 = DIRECTION ( 'NONE',  ( 0.000000000000000000, 1.000000000000000000, 2.125504973284315151E-14 ) ) ;
#8305 = VECTOR ( 'NONE', #5968, 39.37007874015748143 ) ;
#8306 = CIRCLE ( 'NONE', #9740, 0.02362204724409448092 ) ;
#8307 = ORIENTED_EDGE ( 'NONE', *, *, #4356, .F. ) ;
#8308 = DIRECTION ( 'NONE',  ( 1.000000000000000000, 0.000000000000000000, 0.000000000000000000 ) ) ;
#8309 = EDGE_LOOP ( 'NONE', ( #11070, #2988, #5167, #1050 ) ) ;
#8310 = ORIENTED_EDGE ( 'NONE', *, *, #9571, .F. ) ;
#8311 = DIRECTION ( 'NONE',  ( 0.000000000000000000, -3.491481338843134933E-15, 1.000000000000000000 ) ) ;
#8312 = EDGE_LOOP ( 'NONE', ( #2459, #2557, #5751 ) ) ;
#8313 = EDGE_CURVE ( 'NONE', #5241, #2349, #4732, .T. ) ;
#8314 = DIRECTION ( 'NONE',  ( 0.000000000000000000, 0.8375070198036268510, -0.5464265657704128198 ) ) ;
#8315 = ORIENTED_EDGE ( 'NONE', *, *, #2474, .T. ) ;
#8316 = VECTOR ( 'NONE', #1903, 39.37007874015748143 ) ;
#8317 = VECTOR ( 'NONE', #9476, 39.37007874015748143 ) ;
#8318 = DIRECTION ( 'NONE',  ( 0.000000000000000000, 1.000000000000000000, 3.491481338843134933E-15 ) ) ;
#8319 = CARTESIAN_POINT ( 'NONE',  ( 0.03838582677165354451, 0.2351129816986712584, -0.03819606597134834330 ) ) ;
#8320 = AXIS2_PLACEMENT_3D ( 'NONE', #6050, #3637, #9674 ) ;
#8321 = DIRECTION ( 'NONE',  ( 0.000000000000000000, 0.4520890721125805922, -0.8919727971616542295 ) ) ;
#8322 = PLANE ( 'NONE',  #10644 ) ;
#8323 = CYLINDRICAL_SURFACE ( 'NONE', #5251, 0.01181102362204724046 ) ;
#8324 = VERTEX_POINT ( 'NONE', #10929 ) ;
#8325 = CARTESIAN_POINT ( 'NONE',  ( -0.1781496062992126150, 0.2598425196850102648, -0.05433070866142700878 ) ) ;
#8326 = VERTEX_POINT ( 'NONE', #609 ) ;
#8327 = VERTEX_POINT ( 'NONE', #5570 ) ;
#8328 = ADVANCED_FACE ( 'NONE', ( #8231 ), #2188, .T. ) ;
#8329 = DIRECTION ( 'NONE',  ( -1.000000000000000000, 0.000000000000000000, 0.000000000000000000 ) ) ;
#8330 = CIRCLE ( 'NONE', #1841, 0.01181102362204724046 ) ;
#8331 = CARTESIAN_POINT ( 'NONE',  ( 0.1121507768173340136, 0.2421259842519382366, 0.2101158073946635396 ) ) ;
#8332 = CARTESIAN_POINT ( 'NONE',  ( -0.1092519682694882005, 0.2106299212598137516, -0.2132217023429976710 ) ) ;
#8333 = CARTESIAN_POINT ( 'NONE',  ( 0.1196850393700787524, 0.2775590551180810994, -0.1035433070865844490 ) ) ;
#8334 = ORIENTED_EDGE ( 'NONE', *, *, #9561, .F. ) ;
#8335 = DIRECTION ( 'NONE',  ( 0.000000000000000000, 1.000000000000000000, 3.491481338843134933E-15 ) ) ;
#8336 = DIRECTION ( 'NONE',  ( -8.881784197242999694E-14, 5.364642439726160166E-12, 1.000000000000000000 ) ) ;
#8337 = VERTEX_POINT ( 'NONE', #9917 ) ;
#8338 = CARTESIAN_POINT ( 'NONE',  ( -0.02263779504094094730, 0.2106299212598137516, -0.2132217023433559122 ) ) ;
#8339 = AXIS2_PLACEMENT_3D ( 'NONE', #4527, #971, #7975 ) ;
#8340 = VERTEX_POINT ( 'NONE', #4896 ) ;
#8341 = EDGE_CURVE ( 'NONE', #4072, #6856, #9180, .T. ) ;
#8342 = DIRECTION ( 'NONE',  ( 0.000000000000000000, 3.491481338843134933E-15, -1.000000000000000000 ) ) ;
#8343 = VERTEX_POINT ( 'NONE', #10080 ) ;
#8344 = LOCAL_TIME ( 14, 23, 41.00000000000000000, #6731 ) ;
#8345 = CARTESIAN_POINT ( 'NONE',  ( -0.004921259842519684971, 0.2556349392492224815, -0.006742098347214430139 ) ) ;
#8346 = AXIS2_PLACEMENT_3D ( 'NONE', #8508, #6059, #5895 ) ;
#8347 = FACE_OUTER_BOUND ( 'NONE', #1090, .T. ) ;
#8348 = DIRECTION ( 'NONE',  ( 0.000000000000000000, 1.000000000000000000, 3.491481338843135327E-15 ) ) ;
#8349 = DIRECTION ( 'NONE',  ( 0.000000000000000000, 1.000000000000000000, 3.491481338843134933E-15 ) ) ;
#8350 = ORIENTED_EDGE ( 'NONE', *, *, #1470, .T. ) ;
#8351 = CARTESIAN_POINT ( 'NONE',  ( 0.1210629923610630071, 0.2125984251968263961, -0.2125984251968208727 ) ) ;
#8352 = EDGE_CURVE ( 'NONE', #10046, #4982, #1400, .T. ) ;
#8353 = LINE ( 'NONE', #6695, #4969 ) ;
#8354 = CARTESIAN_POINT ( 'NONE',  ( 0.2125984251968504046, 0.2755905511810732289, -0.1082677165354033466 ) ) ;
#8355 = EDGE_LOOP ( 'NONE', ( #5008, #9560, #8390, #1644, #2923, #9841, #7048, #8472, #4626, #10362, #3595, #548 ) ) ;
#8356 = PLANE ( 'NONE',  #3805 ) ;
#8357 = ORIENTED_EDGE ( 'NONE', *, *, #1909, .F. ) ;
#8358 = LINE ( 'NONE', #8412, #7182 ) ;
#8359 = LINE ( 'NONE', #513, #445 ) ;
#8360 = DIRECTION ( 'NONE',  ( 0.000000000000000000, 0.5464265657704129309, 0.8375070198036269620 ) ) ;
#8361 = ADVANCED_FACE ( 'NONE', ( #2302 ), #9971, .F. ) ;
#8362 = ADVANCED_FACE ( 'NONE', ( #8347 ), #2241, .T. ) ;
#8363 = VERTEX_POINT ( 'NONE', #5625 ) ;
#8364 = ORIENTED_EDGE ( 'NONE', *, *, #4914, .T. ) ;
#8365 = DIRECTION ( 'NONE',  ( 0.000000000000000000, -3.491481338843134933E-15, 1.000000000000000000 ) ) ;
#8366 = ORIENTED_EDGE ( 'NONE', *, *, #759, .F. ) ;
#8367 = CARTESIAN_POINT ( 'NONE',  ( 0.1250000000000000000, 0.2362204724409153467, 0.05986524456920295362 ) ) ;
#8368 = VERTEX_POINT ( 'NONE', #3254 ) ;
#8369 = CARTESIAN_POINT ( 'NONE',  ( 0.2870078740155511676, 0.2165354330708362252, 0.07036052313101377742 ) ) ;
#8370 = VECTOR ( 'NONE', #5531, 39.37007874015748143 ) ;
#8371 = EDGE_CURVE ( 'NONE', #8604, #8654, #499, .T. ) ;
#8372 = DIRECTION ( 'NONE',  ( 0.000000000000000000, 0.5464265657704129309, 0.8375070198036269620 ) ) ;
#8373 = CARTESIAN_POINT ( 'NONE',  ( 0.2909448818897638067, 0.2165354330708362252, 0.09921259842522638095 ) ) ;
#8374 = CARTESIAN_POINT ( 'NONE',  ( -0.1879921257499606313, 0.2165354330708373909, -0.2480314960629626253 ) ) ;
#8375 = LINE ( 'NONE', #4926, #1482 ) ;
#8376 = VERTEX_POINT ( 'NONE', #3197 ) ;
#8377 = DIRECTION ( 'NONE',  ( 0.000000000000000000, -0.8375070198036267399, 0.5464265657704130419 ) ) ;
#8378 = EDGE_LOOP ( 'NONE', ( #11084, #427, #2737, #10838 ) ) ;
#8379 = EDGE_LOOP ( 'NONE', ( #7692, #10060, #1937, #5244 ) ) ;
#8380 = FACE_OUTER_BOUND ( 'NONE', #1039, .T. ) ;
#8381 = VECTOR ( 'NONE', #4771, 39.37007874015748143 ) ;
#8382 = CARTESIAN_POINT ( 'NONE',  ( -0.1820866139388976346, 0.2165354330708373909, -0.2421259842518799221 ) ) ;
#8383 = FACE_OUTER_BOUND ( 'NONE', #10637, .T. ) ;
#8384 = EDGE_CURVE ( 'NONE', #5678, #3565, #5361, .T. ) ;
#8385 = CARTESIAN_POINT ( 'NONE',  ( -0.1998031496062991907, 0.2303149606298921792, -0.07795275590552164235 ) ) ;
#8386 = VECTOR ( 'NONE', #9901, 39.37007874015748854 ) ;
#8387 = ORIENTED_EDGE ( 'NONE', *, *, #9943, .F. ) ;
#8388 = CARTESIAN_POINT ( 'NONE',  ( -0.01673228322985826841, 0.2106299212598137516, -0.2421259842518799221 ) ) ;
#8389 = DIRECTION ( 'NONE',  ( 0.000000000000000000, 1.000000000000000000, 3.491481338843134933E-15 ) ) ;
#8390 = ORIENTED_EDGE ( 'NONE', *, *, #3422, .F. ) ;
#8391 = LINE ( 'NONE', #4039, #3802 ) ;
#8392 = ORIENTED_EDGE ( 'NONE', *, *, #7389, .F. ) ;
#8393 = CARTESIAN_POINT ( 'NONE',  ( -0.05216535409606298801, 0.2125984251968326966, -0.2125984251968208727 ) ) ;
#8394 = ORIENTED_EDGE ( 'NONE', *, *, #5108, .F. ) ;
#8395 = VECTOR ( 'NONE', #2051, 39.37007874015748143 ) ;
#8396 = CARTESIAN_POINT ( 'NONE',  ( -0.004921259842519684971, 0.2598425196850102648, -0.05433070866142700878 ) ) ;
#8397 = PLANE ( 'NONE',  #769 ) ;
#8398 = CARTESIAN_POINT ( 'NONE',  ( 0.1505905511814173148, 0.2224409448818610024, -0.2125984251968208727 ) ) ;
#8399 = EDGE_CURVE ( 'NONE', #10102, #10213, #1343, .T. ) ;
#8400 = CARTESIAN_POINT ( 'NONE',  ( 0.2771653543307086576, 0.2165354330708365860, 0.05787401574806102372 ) ) ;
#8401 = ORIENTED_EDGE ( 'NONE', *, *, #7270, .T. ) ;
#8402 = CARTESIAN_POINT ( 'NONE',  ( 0.2653543307086614345, 0.2145669291338279938, 0.2055118110236515971 ) ) ;
#8403 = DIRECTION ( 'NONE',  ( -2.007283228521999893E-12, -1.000000000000000000, 3.044103708238569802E-13 ) ) ;
#8404 = VECTOR ( 'NONE', #845, 39.37007874015748143 ) ;
#8405 = VECTOR ( 'NONE', #2775, 39.37007874015748143 ) ;
#8406 = DIRECTION ( 'NONE',  ( 0.000000000000000000, -1.000000000000000000, -2.891205793294679411E-15 ) ) ;
#8407 = VERTEX_POINT ( 'NONE', #9239 ) ;
#8408 = CARTESIAN_POINT ( 'NONE',  ( -0.1998031496062991907, 0.2362204724409157630, -0.05433070866138771382 ) ) ;
#8409 = ORIENTED_EDGE ( 'NONE', *, *, #7245, .F. ) ;
#8410 = EDGE_CURVE ( 'NONE', #959, #766, #4783, .T. ) ;
#8411 = VECTOR ( 'NONE', #8951, 39.37007874015748143 ) ;
#8412 = CARTESIAN_POINT ( 'NONE',  ( 0.03838582677165354451, 0.2605808468465059535, -0.009969026885245903247 ) ) ;
#8413 = DIRECTION ( 'NONE',  ( 0.000000000000000000, -3.491481338843134933E-15, 1.000000000000000000 ) ) ;
#8414 = FACE_BOUND ( 'NONE', #4510, .T. ) ;
#8415 = VERTEX_POINT ( 'NONE', #10871 ) ;
#8416 = CLOSED_SHELL ( 'NONE', ( #4998, #9419, #4277, #6686, #7526, #6028, #4562, #8258, #1911, #3178, #9282, #9493, #5716, #6598 ) ) ;
#8417 = CYLINDRICAL_SURFACE ( 'NONE', #10081, 0.005905511811082662411 ) ;
#8418 = VERTEX_POINT ( 'NONE', #3937 ) ;
#8419 = PLANE ( 'NONE',  #7034 ) ;
#8420 = ORIENTED_EDGE ( 'NONE', *, *, #8524, .F. ) ;
#8421 = EDGE_CURVE ( 'NONE', #7009, #4915, #3142, .T. ) ;
#8422 = EDGE_CURVE ( 'NONE', #3159, #10315, #663, .T. ) ;
#8423 = VECTOR ( 'NONE', #5545, 39.37007874015748854 ) ;
#8424 = PLANE ( 'NONE',  #7901 ) ;
#8425 = ADVANCED_FACE ( 'NONE', ( #4948 ), #8397, .F. ) ;
#8426 = CARTESIAN_POINT ( 'NONE',  ( 0.1077448397190551160, 0.2125984251968200955, 0.2083734574964862529 ) ) ;
#8427 = FACE_OUTER_BOUND ( 'NONE', #1123, .T. ) ;
#8428 = CARTESIAN_POINT ( 'NONE',  ( -0.02657480314960630058, 0.2362204724409157630, -0.07795275590552164235 ) ) ;
#8429 = VERTEX_POINT ( 'NONE', #716 ) ;
#8430 = CARTESIAN_POINT ( 'NONE',  ( -0.1549896822522047191, 0.2421259842519382366, 0.2314365286929433163 ) ) ;
#8431 = VERTEX_POINT ( 'NONE', #8450 ) ;
#8432 = VERTEX_POINT ( 'NONE', #8617 ) ;
#8433 = CIRCLE ( 'NONE', #9692, 0.005905511811082662411 ) ;
#8434 = EDGE_CURVE ( 'NONE', #7422, #6818, #9289, .T. ) ;
#8435 = CARTESIAN_POINT ( 'NONE',  ( -0.1099422992070472616, 0.2775590551180799337, 0.2092563738401873874 ) ) ;
#8436 = ADVANCED_FACE ( 'NONE', ( #4267 ), #884, .F. ) ;
#8437 = PLANE ( 'NONE',  #6755 ) ;
#8438 = CARTESIAN_POINT ( 'NONE',  ( -0.1781496062992126150, 0.2400588892959547305, -0.04142299450934047722 ) ) ;
#8439 = ORIENTED_EDGE ( 'NONE', *, *, #10078, .F. ) ;
#8440 = CARTESIAN_POINT ( 'NONE',  ( 0.07775590574677165856, 0.2165354330708373909, -0.2185039370078444843 ) ) ;
#8441 = LINE ( 'NONE', #2401, #9075 ) ;
#8442 = EDGE_LOOP ( 'NONE', ( #8487, #8788, #7143, #1935, #3406, #6011, #2571, #6744 ) ) ;
#8443 = CARTESIAN_POINT ( 'NONE',  ( 0.06003937007874016185, 0.2563854519293799483, 0.007016975403139922435 ) ) ;
#8444 = EDGE_LOOP ( 'NONE', ( #10155, #10690, #1904, #9050, #11101, #10340, #4193, #8076, #2705, #5580, #1099, #4486 ) ) ;
#8445 = DIRECTION ( 'NONE',  ( 0.000000000000000000, 1.000000000000000000, 3.491481338843134933E-15 ) ) ;
#8446 = ORIENTED_EDGE ( 'NONE', *, *, #8234, .T. ) ;
#8447 = CIRCLE ( 'NONE', #10062, 0.2908222673543306436 ) ;
#8448 = ADVANCED_FACE ( 'NONE', ( #775 ), #10189, .F. ) ;
#8449 = DIRECTION ( 'NONE',  ( 1.000000000000000000, 0.000000000000000000, -3.841256016932901305E-11 ) ) ;
#8450 = CARTESIAN_POINT ( 'NONE',  ( -0.1958661417192913701, 0.2125984251968208727, -0.2125984251968208727 ) ) ;
#8451 = CARTESIAN_POINT ( 'NONE',  ( -0.2850393700787008378, 0.2106299212598126414, 0.09819937278396655145 ) ) ;
#8452 = DIRECTION ( 'NONE',  ( -1.000000000000000000, 0.000000000000000000, 0.000000000000000000 ) ) ;
#8453 = EDGE_LOOP ( 'NONE', ( #4362, #507, #8046, #5655 ) ) ;
#8454 = DIRECTION ( 'NONE',  ( -2.775557561549000331E-13, 3.491481338843134933E-15, -1.000000000000000000 ) ) ;
#8455 = AXIS2_PLACEMENT_3D ( 'NONE', #3603, #4674, #4620 ) ;
#8456 = LINE ( 'NONE', #1521, #4961 ) ;
#8457 = DIRECTION ( 'NONE',  ( 1.000000000000000000, 0.000000000000000000, 0.000000000000000000 ) ) ;
#8458 = ORIENTED_EDGE ( 'NONE', *, *, #10244, .F. ) ;
#8459 = CARTESIAN_POINT ( 'NONE',  ( -0.1732283464566929387, 0.2125984251968204841, 0.07952755905514763413 ) ) ;
#8460 = EDGE_CURVE ( 'NONE', #2471, #2597, #9509, .T. ) ;
#8461 = ORIENTED_EDGE ( 'NONE', *, *, #6950, .T. ) ;
#8462 = VECTOR ( 'NONE', #9182, 39.37007874015748143 ) ;
#8463 = CARTESIAN_POINT ( 'NONE',  ( 0.07185039393570866184, 0.2165354330708373909, -0.2480314960629626253 ) ) ;
#8464 = CYLINDRICAL_SURFACE ( 'NONE', #5738, 0.005905511811082662411 ) ;
#8465 = DIRECTION ( 'NONE',  ( 1.000000000000000000, -1.622957035318999957E-14, -5.666524202560470245E-29 ) ) ;
#8466 = CARTESIAN_POINT ( 'NONE',  ( -0.1820866139388976346, 0.2125984251968208727, -0.2125984251968208727 ) ) ;
#8467 = AXIS2_PLACEMENT_3D ( 'NONE', #3316, #6752, #6240 ) ;
#8468 = VECTOR ( 'NONE', #8471, 39.37007874015748143 ) ;
#8469 = ORIENTED_EDGE ( 'NONE', *, *, #4403, .T. ) ;
#8470 = ORIENTED_EDGE ( 'NONE', *, *, #6624, .F. ) ;
#8471 = DIRECTION ( 'NONE',  ( -6.902244260422999937E-14, 3.491481338843134933E-15, -1.000000000000000000 ) ) ;
#8472 = ORIENTED_EDGE ( 'NONE', *, *, #5462, .F. ) ;
#8473 = DIRECTION ( 'NONE',  ( 0.000000000000000000, 3.491481338843134933E-15, -1.000000000000000000 ) ) ;
#8474 = EDGE_CURVE ( 'NONE', #2623, #63, #7604, .T. ) ;
#8475 = ORIENTED_EDGE ( 'NONE', *, *, #4523, .T. ) ;
#8476 = ADVANCED_FACE ( 'NONE', ( #1675 ), #1565, .F. ) ;
#8477 = AXIS2_PLACEMENT_3D ( 'NONE', #7381, #1242, #3779 ) ;
#8478 = VECTOR ( 'NONE', #9678, 39.37007874015748143 ) ;
#8479 = CARTESIAN_POINT ( 'NONE',  ( -0.1013779525214173333, 0.2165354330708373909, -0.2421259842518799221 ) ) ;
#8480 = CARTESIAN_POINT ( 'NONE',  ( 0.1121507768179921399, 0.2125984251968200955, 0.2101158073949114247 ) ) ;
#8481 = CYLINDRICAL_SURFACE ( 'NONE', #1035, 0.005905511811082679759 ) ;
#8482 = ADVANCED_FACE ( 'NONE', ( #7656 ), #3361, .F. ) ;
#8483 = CARTESIAN_POINT ( 'NONE',  ( -0.06594488165523622325, 0.2125984251968299488, -0.2125984251968208727 ) ) ;
#8484 = VERTEX_POINT ( 'NONE', #4324 ) ;
#8485 = FACE_OUTER_BOUND ( 'NONE', #9411, .T. ) ;
#8486 = AXIS2_PLACEMENT_3D ( 'NONE', #107, #4500, #8623 ) ;
#8487 = ORIENTED_EDGE ( 'NONE', *, *, #5239, .T. ) ;
#8488 = ORIENTED_EDGE ( 'NONE', *, *, #5657, .F. ) ;
#8489 = VECTOR ( 'NONE', #2046, 39.37007874015748143 ) ;
#8490 = DIRECTION ( 'NONE',  ( 1.000000000000000000, 0.000000000000000000, 0.000000000000000000 ) ) ;
#8491 = AXIS2_PLACEMENT_3D ( 'NONE', #1045, #40, #4487 ) ;
#8492 = VECTOR ( 'NONE', #1077, 39.37007874015748143 ) ;
#8493 = CARTESIAN_POINT ( 'NONE',  ( -0.1614173228346456879, 0.2125984251968204841, 0.07952755905514763413 ) ) ;
#8494 = LINE ( 'NONE', #704, #2975 ) ;
#8495 = EDGE_LOOP ( 'NONE', ( #3579, #10681, #1705, #9389 ) ) ;
#8496 = CARTESIAN_POINT ( 'NONE',  ( 0.1564960629924803115, 0.2165354330708373909, -0.2421259842519389860 ) ) ;
#8497 = EDGE_CURVE ( 'NONE', #4573, #9827, #5216, .T. ) ;
#8498 = ORIENTED_EDGE ( 'NONE', *, *, #3367, .T. ) ;
#8499 = EDGE_CURVE ( 'NONE', #7507, #9339, #2629, .T. ) ;
#8500 = COORDINATED_UNIVERSAL_TIME_OFFSET ( 0, 0, .AHEAD. ) ;
#8501 = LINE ( 'NONE', #4150, #5950 ) ;
#8502 = VERTEX_POINT ( 'NONE', #2466 ) ;
#8503 = ORIENTED_EDGE ( 'NONE', *, *, #7741, .F. ) ;
#8504 = CARTESIAN_POINT ( 'NONE',  ( 0.1998031496067716462, 0.2224409448818610024, -0.2125984251968208727 ) ) ;
#8505 = ORIENTED_EDGE ( 'NONE', *, *, #3090, .F. ) ;
#8506 = VECTOR ( 'NONE', #2333, 39.37007874015748143 ) ;
#8507 = DIRECTION ( 'NONE',  ( 0.000000000000000000, 0.5464265657704129309, 0.8375070198036269620 ) ) ;
#8508 = CARTESIAN_POINT ( 'NONE',  ( 0.03838582677165354451, 0.2309529165521752303, 0.05719542721420283610 ) ) ;
#8509 = LINE ( 'NONE', #2412, #10383 ) ;
#8510 = PLANE ( 'NONE',  #1351 ) ;
#8511 = ORIENTED_EDGE ( 'NONE', *, *, #5108, .T. ) ;
#8512 = VECTOR ( 'NONE', #6741, 39.37007874015748143 ) ;
#8513 = DIRECTION ( 'NONE',  ( -1.000000000000000000, -9.744141481923190621E-27, 2.790833040841000135E-12 ) ) ;
#8514 = CARTESIAN_POINT ( 'NONE',  ( -0.1345525796377165517, 0.2125984251968200955, 0.2201693093382184885 ) ) ;
#8515 = ADVANCED_FACE ( 'NONE', ( #11091 ), #6003, .T. ) ;
#8516 = DIRECTION ( 'NONE',  ( 0.000000000000000000, -1.000000000000000000, -3.491481338843135327E-15 ) ) ;
#8517 = EDGE_LOOP ( 'NONE', ( #7540, #9379, #4726, #5664 ) ) ;
#8518 = LINE ( 'NONE', #1633, #4325 ) ;
#8519 = ORIENTED_EDGE ( 'NONE', *, *, #10083, .F. ) ;
#8520 = AXIS2_PLACEMENT_3D ( 'NONE', #5107, #7769, #9345 ) ;
#8521 = CARTESIAN_POINT ( 'NONE',  ( 0.1549896822519291339, 0.2834645669291035452, 0.2314365286929433163 ) ) ;
#8522 = CARTESIAN_POINT ( 'NONE',  ( -0.1345525796381496220, 0.2775590551180799337, 0.2201693093386125899 ) ) ;
#8523 = CARTESIAN_POINT ( 'NONE',  ( 0.2712598425196850460, 0.2224409448818598367, 0.1051181102362502007 ) ) ;
#8524 = EDGE_CURVE ( 'NONE', #7691, #27, #3477, .T. ) ;
#8525 = AXIS2_PLACEMENT_3D ( 'NONE', #1501, #378, #10859 ) ;
#8526 = VERTEX_POINT ( 'NONE', #1730 ) ;
#8527 = ORIENTED_EDGE ( 'NONE', *, *, #9303, .F. ) ;
#8528 = DIRECTION ( 'NONE',  ( 0.000000000000000000, 1.000000000000000000, 3.491481338843134933E-15 ) ) ;
#8529 = ORIENTED_EDGE ( 'NONE', *, *, #7773, .F. ) ;
#8530 = CARTESIAN_POINT ( 'NONE',  ( -0.07480314960629921850, 0.2421259842519393746, -0.07795275590548228495 ) ) ;
#8531 = VERTEX_POINT ( 'NONE', #5058 ) ;
#8532 = DIRECTION ( 'NONE',  ( 0.000000000000000000, -3.469446951953613794E-15, 1.000000000000000000 ) ) ;
#8533 = EDGE_CURVE ( 'NONE', #6931, #3340, #828, .T. ) ;
#8534 = CARTESIAN_POINT ( 'NONE',  ( 0.08169291338582677919, 0.2616530078181201202, 0.009686792758139901177 ) ) ;
#8535 = EDGE_CURVE ( 'NONE', #3206, #895, #11145, .T. ) ;
#8536 = DIRECTION ( 'NONE',  ( -1.000000000000000000, 2.425885980191810125E-27, -6.948013592980000117E-13 ) ) ;
#8537 = DIRECTION ( 'NONE',  ( -1.000000000000000000, 0.000000000000000000, 0.000000000000000000 ) ) ;
#8538 = ORIENTED_EDGE ( 'NONE', *, *, #4790, .T. ) ;
#8539 = DIRECTION ( 'NONE',  ( 0.000000000000000000, -1.000000000000000000, -3.491481338843134933E-15 ) ) ;
#8540 = VERTEX_POINT ( 'NONE', #6853 ) ;
#8541 = ORIENTED_EDGE ( 'NONE', *, *, #9575, .T. ) ;
#8542 = DIRECTION ( 'NONE',  ( -0.000000000000000000, -0.8919727971616544515, -0.4520890721125807588 ) ) ;
#8543 = EDGE_CURVE ( 'NONE', #4915, #10517, #7825, .T. ) ;
#8544 = PLANE ( 'NONE',  #3707 ) ;
#8545 = CARTESIAN_POINT ( 'NONE',  ( -0.2618110236220472231, 0.2834645669291035452, 0.2055118110236519857 ) ) ;
#8546 = ORIENTED_EDGE ( 'NONE', *, *, #8014, .F. ) ;
#8547 = CARTESIAN_POINT ( 'NONE',  ( -0.2870078740155118657, 0.2106299212598126414, 0.07036052313101377742 ) ) ;
#8548 = FACE_OUTER_BOUND ( 'NONE', #5184, .T. ) ;
#8549 = ORIENTED_EDGE ( 'NONE', *, *, #7969, .T. ) ;
#8550 = PERSON_AND_ORGANIZATION_ROLE ( 'creator' ) ;
#8551 = AXIS2_PLACEMENT_3D ( 'NONE', #2203, #2257, #5638 ) ;
#8552 = CARTESIAN_POINT ( 'NONE',  ( 0.01673228346456692717, 0.2605808468465059535, -0.009969026885245903247 ) ) ;
#8553 = ORIENTED_EDGE ( 'NONE', *, *, #1553, .F. ) ;
#8554 = ORIENTED_EDGE ( 'NONE', *, *, #4332, .F. ) ;
#8555 = PLANE ( 'NONE',  #9190 ) ;
#8556 = ORIENTED_EDGE ( 'NONE', *, *, #5174, .F. ) ;
#8557 = EDGE_CURVE ( 'NONE', #7706, #3975, #5163, .T. ) ;
#8558 = EDGE_CURVE ( 'NONE', #6562, #7691, #5840, .T. ) ;
#8559 = AXIS2_PLACEMENT_3D ( 'NONE', #8677, #5111, #944 ) ;
#8560 = DIRECTION ( 'NONE',  ( 0.000000000000000000, -1.000000000000000000, -3.491481338843134933E-15 ) ) ;
#8561 = VERTEX_POINT ( 'NONE', #7082 ) ;
#8562 = LINE ( 'NONE', #5898, #8737 ) ;
#8563 = ORIENTED_EDGE ( 'NONE', *, *, #8298, .F. ) ;
#8564 = EDGE_CURVE ( 'NONE', #7477, #6596, #8895, .T. ) ;
#8565 = CARTESIAN_POINT ( 'NONE',  ( 0.1132526673545275753, 0.2775590551180799337, 0.2105515555275890016 ) ) ;
#8566 = CARTESIAN_POINT ( 'NONE',  ( -0.1348425196850394081, 0.2563854519293799483, 0.007016975403139922435 ) ) ;
#8567 = CYLINDRICAL_SURFACE ( 'NONE', #10097, 0.02362204724409448786 ) ;
#8568 = AXIS2_PLACEMENT_3D ( 'NONE', #5203, #10172, #5097 ) ;
#8569 = EDGE_LOOP ( 'NONE', ( #6871, #7444, #10714, #7770 ) ) ;
#8570 = DIRECTION ( 'NONE',  ( 0.000000000000000000, 0.8375070198036268510, -0.5464265657704128198 ) ) ;
#8571 = ORIENTED_EDGE ( 'NONE', *, *, #10799, .T. ) ;
#8572 = EDGE_CURVE ( 'NONE', #8950, #10853, #6706, .T. ) ;
#8573 = DIRECTION ( 'NONE',  ( -1.000000000000000000, 0.000000000000000000, 0.000000000000000000 ) ) ;
#8574 = CARTESIAN_POINT ( 'NONE',  ( -0.1879921257499606313, 0.2165354330708373909, -0.2421259842518799221 ) ) ;
#8575 = AXIS2_PLACEMENT_3D ( 'NONE', #4845, #9186, #2364 ) ;
#8576 = LINE ( 'NONE', #7727, #4069 ) ;
#8577 = DIRECTION ( 'NONE',  ( 1.000000000000000000, -2.364930289057000356E-13, -8.257109971907419771E-28 ) ) ;
#8578 = ORIENTED_EDGE ( 'NONE', *, *, #200, .T. ) ;
#8579 = ORIENTED_EDGE ( 'NONE', *, *, #4493, .F. ) ;
#8580 = CARTESIAN_POINT ( 'NONE',  ( -0.1348425196850394081, 0.2362204724409157630, -0.07795275590552164235 ) ) ;
#8581 = ORIENTED_EDGE ( 'NONE', *, *, #7955, .F. ) ;
#8582 = VECTOR ( 'NONE', #4457, 39.37007874015748143 ) ;
#8583 = DIRECTION ( 'NONE',  ( 0.000000000000000000, 3.491481338843134933E-15, -1.000000000000000000 ) ) ;
#8584 = VERTEX_POINT ( 'NONE', #1959 ) ;
#8585 = EDGE_CURVE ( 'NONE', #7689, #4808, #8726, .T. ) ;
#8586 = LINE ( 'NONE', #2718, #10228 ) ;
#8587 = CARTESIAN_POINT ( 'NONE',  ( 0.1564960629924803115, 0.2165354330708373909, -0.2421259842519389860 ) ) ;
#8588 = AXIS2_PLACEMENT_3D ( 'NONE', #4829, #9228, #9112 ) ;
#8589 = CARTESIAN_POINT ( 'NONE',  ( 0.09995424145500000912, 0.2125984251968200955, 0.2055353207634153800 ) ) ;
#8590 = AXIS2_PLACEMENT_3D ( 'NONE', #10646, #5332, #8896 ) ;
#8591 = CARTESIAN_POINT ( 'NONE',  ( 0.06003937007874016185, 0.2362204724409157630, -0.05433070866138771382 ) ) ;
#8592 = CARTESIAN_POINT ( 'NONE',  ( -0.2771653543307086576, 0.2224409448818598367, 0.1051181102362502007 ) ) ;
#8593 = VERTEX_POINT ( 'NONE', #4492 ) ;
#8594 = CARTESIAN_POINT ( 'NONE',  ( -0.1348425196850394081, 0.2362204724409153467, 0.05986524456920295362 ) ) ;
#8595 = ORIENTED_EDGE ( 'NONE', *, *, #9178, .T. ) ;
#8596 = EDGE_LOOP ( 'NONE', ( #628, #1806, #9087, #10727 ) ) ;
#8597 = LINE ( 'NONE', #2729, #9555 ) ;
#8598 = AXIS2_PLACEMENT_3D ( 'NONE', #8496, #5940, #10233 ) ;
#8599 = EDGE_CURVE ( 'NONE', #3988, #8886, #4604, .T. ) ;
#8600 = AXIS2_PLACEMENT_3D ( 'NONE', #381, #4770, #2286 ) ;
#8601 = EDGE_CURVE ( 'NONE', #5171, #7706, #6965, .T. ) ;
#8602 = CARTESIAN_POINT ( 'NONE',  ( 0.05511811023622047168, 0.2421259842519393746, -0.07795275590548228495 ) ) ;
#8603 = CARTESIAN_POINT ( 'NONE',  ( -0.09153543307086613179, 0.2556349392492224815, -0.006742098347214430139 ) ) ;
#8604 = VERTEX_POINT ( 'NONE', #2913 ) ;
#8605 = CARTESIAN_POINT ( 'NONE',  ( 0.08169291338582677919, 0.2605808468465059535, -0.009969026885245903247 ) ) ;
#8606 = LINE ( 'NONE', #6955, #9051 ) ;
#8607 = VECTOR ( 'NONE', #7801, 39.37007874015748143 ) ;
#8608 = ORIENTED_EDGE ( 'NONE', *, *, #16, .F. ) ;
#8609 = DATE_TIME_ROLE ( 'classification_date' ) ;
#8610 = CARTESIAN_POINT ( 'NONE',  ( -0.1345525796377165517, 0.2421259842519382366, 0.2201693093382189048 ) ) ;
#8611 = VERTEX_POINT ( 'NONE', #1165 ) ;
#8612 = ORIENTED_EDGE ( 'NONE', *, *, #9803, .F. ) ;
#8613 = LINE ( 'NONE', #7765, #7023 ) ;
#8614 = EDGE_LOOP ( 'NONE', ( #7535, #630, #5392, #5398 ) ) ;
#8615 = EDGE_CURVE ( 'NONE', #3563, #1239, #9738, .T. ) ;
#8616 = VECTOR ( 'NONE', #8507, 39.37007874015748143 ) ;
#8617 = CARTESIAN_POINT ( 'NONE',  ( -0.2870078740153543251, 0.2106299212598126414, 0.09263160285321850318 ) ) ;
#8618 = DIRECTION ( 'NONE',  ( 0.000000000000000000, 3.491481338843134933E-15, -1.000000000000000000 ) ) ;
#8619 = DIRECTION ( 'NONE',  ( -1.000000000000000000, 7.915261721952159805E-28, -2.267021058911000066E-13 ) ) ;
#8620 = VERTEX_POINT ( 'NONE', #8839 ) ;
#8621 = DIRECTION ( 'NONE',  ( 1.000000000000000000, 0.000000000000000000, 0.000000000000000000 ) ) ;
#8622 = LINE ( 'NONE', #53, #6580 ) ;
#8623 = DIRECTION ( 'NONE',  ( 0.000000000000000000, -5.782411586589358822E-15, 1.000000000000000000 ) ) ;
#8624 = EDGE_CURVE ( 'NONE', #2042, #6164, #5220, .T. ) ;
#8625 = AXIS2_PLACEMENT_3D ( 'NONE', #1096, #4534, #10627 ) ;
#8626 = EDGE_CURVE ( 'NONE', #9503, #8747, #217, .T. ) ;
#8627 = ORIENTED_EDGE ( 'NONE', *, *, #1909, .T. ) ;
#8628 = FACE_OUTER_BOUND ( 'NONE', #8734, .T. ) ;
#8629 = ORIENTED_EDGE ( 'NONE', *, *, #6604, .T. ) ;
#8630 = CARTESIAN_POINT ( 'NONE',  ( 0.2618110236219685083, 0.2775590551180799337, 0.2480314960630220500 ) ) ;
#8631 = VECTOR ( 'NONE', #2255, 39.37007874015748143 ) ;
#8632 = DIRECTION ( 'NONE',  ( 0.000000000000000000, -1.000000000000000000, -3.491481338843134933E-15 ) ) ;
#8633 = DIRECTION ( 'NONE',  ( 0.000000000000000000, -1.000000000000000000, -3.491481338843134933E-15 ) ) ;
#8634 = PRODUCT_RELATED_PRODUCT_CATEGORY ( 'detail', '', ( #9216 ) ) ;
#8635 = DIRECTION ( 'NONE',  ( -1.000000000000000000, -7.915314297519599464E-28, 2.267036117151999978E-13 ) ) ;
#8636 = ADVANCED_FACE ( 'NONE', ( #2012 ), #3644, .T. ) ;
#8637 = ORIENTED_EDGE ( 'NONE', *, *, #8352, .T. ) ;
#8638 = EDGE_CURVE ( 'NONE', #1379, #1772, #2800, .T. ) ;
#8639 = DIRECTION ( 'NONE',  ( 0.000000000000000000, 1.000000000000000000, 3.491481338843135327E-15 ) ) ;
#8640 = VERTEX_POINT ( 'NONE', #6230 ) ;
#8641 = CIRCLE ( 'NONE', #7368, 0.005905511811082679759 ) ;
#8642 = DIRECTION ( 'NONE',  ( 0.000000000000000000, -5.782411586589358822E-15, 1.000000000000000000 ) ) ;
#8643 = ORIENTED_EDGE ( 'NONE', *, *, #9382, .T. ) ;
#8644 = DIRECTION ( 'NONE',  ( 1.000000000000000000, 0.000000000000000000, 0.000000000000000000 ) ) ;
#8645 = CARTESIAN_POINT ( 'NONE',  ( 0.2712598425196850460, 0.2145669291338287432, 0.05787401574806102372 ) ) ;
#8646 = CIRCLE ( 'NONE', #9004, 0.02362204724409448092 ) ;
#8647 = CARTESIAN_POINT ( 'NONE',  ( 0.2055118110236220375, 0.2421259842519382366, 0.2468503937008169891 ) ) ;
#8648 = FACE_OUTER_BOUND ( 'NONE', #5828, .T. ) ;
#8649 = DIRECTION ( 'NONE',  ( -0.000000000000000000, -1.000000000000000000, -3.491481338843134933E-15 ) ) ;
#8650 = EDGE_LOOP ( 'NONE', ( #9559, #1549, #651, #4834 ) ) ;
#8651 = EDGE_CURVE ( 'NONE', #4148, #1387, #4013, .T. ) ;
#8652 = DIRECTION ( 'NONE',  ( 1.000000000000000000, 0.000000000000000000, 0.000000000000000000 ) ) ;
#8653 = VERTEX_POINT ( 'NONE', #8947 ) ;
#8654 = VERTEX_POINT ( 'NONE', #5389 ) ;
#8655 = CARTESIAN_POINT ( 'NONE',  ( -0.1998031496062991907, 0.2400588892959547305, -0.04142299450934047722 ) ) ;
#8656 = AXIS2_PLACEMENT_3D ( 'NONE', #2110, #3804, #10632 ) ;
#8657 = AXIS2_PLACEMENT_3D ( 'NONE', #10694, #1163, #2854 ) ;
#8658 = DIRECTION ( 'NONE',  ( 0.000000000000000000, -3.491481338843134933E-15, 1.000000000000000000 ) ) ;
#8659 = DIRECTION ( 'NONE',  ( 0.000000000000000000, -1.000000000000000000, -9.675021540735310206E-14 ) ) ;
#8660 = ORIENTED_EDGE ( 'NONE', *, *, #3945, .F. ) ;
#8661 = CIRCLE ( 'NONE', #7580, 0.005905511811082662411 ) ;
#8662 = CARTESIAN_POINT ( 'NONE',  ( 0.000000000000000000, 0.2125984251968212890, -0.07795275590548228495 ) ) ;
#8663 = AXIS2_PLACEMENT_3D ( 'NONE', #10390, #9490, #6210 ) ;
#8664 = DIRECTION ( 'NONE',  ( 1.000000000000000000, 0.000000000000000000, 0.000000000000000000 ) ) ;
#8665 = ORIENTED_EDGE ( 'NONE', *, *, #6137, .F. ) ;
#8666 = EDGE_CURVE ( 'NONE', #7710, #10776, #7195, .T. ) ;
#8667 = APPROVAL_STATUS ( 'not_yet_approved' ) ;
#8668 = LINE ( 'NONE', #4259, #6684 ) ;
#8669 = ORIENTED_EDGE ( 'NONE', *, *, #6406, .F. ) ;
#8670 = ORIENTED_EDGE ( 'NONE', *, *, #3812, .F. ) ;
#8671 = DIRECTION ( 'NONE',  ( 0.000000000000000000, 1.000000000000000000, 3.491481338843134933E-15 ) ) ;
#8672 = ORIENTED_EDGE ( 'NONE', *, *, #8173, .T. ) ;
#8673 = AXIS2_PLACEMENT_3D ( 'NONE', #9062, #1335, #8224 ) ;
#8674 = VECTOR ( 'NONE', #10035, 39.37007874015748143 ) ;
#8675 = CARTESIAN_POINT ( 'NONE',  ( -0.04330708661417323468, 0.2421259842519385974, 0.07952755905514784229 ) ) ;
#8676 = ORIENTED_EDGE ( 'NONE', *, *, #6245, .T. ) ;
#8677 = CARTESIAN_POINT ( 'NONE',  ( -0.008858267481783465083, 0.2224409448818610024, -0.2132217023434917480 ) ) ;
#8678 = VERTEX_POINT ( 'NONE', #7996 ) ;
#8679 = DIRECTION ( 'NONE',  ( 0.000000000000000000, 1.000000000000000000, 3.491481338843134933E-15 ) ) ;
#8680 = DIRECTION ( 'NONE',  ( 0.000000000000000000, 0.5464265657704129309, 0.8375070198036269620 ) ) ;
#8681 = ADVANCED_FACE ( 'NONE', ( #8050 ), #328, .F. ) ;
#8682 = ADVANCED_FACE ( 'NONE', ( #2687 ), #2745, .T. ) ;
#8683 = CARTESIAN_POINT ( 'NONE',  ( -0.1820866139388976346, 0.2224409448818610024, -0.2132217023430996172 ) ) ;
#8684 = VERTEX_POINT ( 'NONE', #5331 ) ;
#8685 = CARTESIAN_POINT ( 'NONE',  ( -0.1525590548837795490, 0.2125984251968153771, -0.2066929133857185463 ) ) ;
#8686 = ORIENTED_EDGE ( 'NONE', *, *, #6382, .F. ) ;
#8687 = DIRECTION ( 'NONE',  ( 0.000000000000000000, -3.491481338843134933E-15, 1.000000000000000000 ) ) ;
#8688 = TOROIDAL_SURFACE ( 'NONE', #2922, 0.01870078740157480462, 0.005905511811023621965 ) ;
#8689 = ADVANCED_FACE ( 'NONE', ( #8784 ), #3129, .T. ) ;
#8690 = CARTESIAN_POINT ( 'NONE',  ( 0.1968503937007874127, 0.1909448818897346856, -0.1094488188976082688 ) ) ;
#8691 = ORIENTED_EDGE ( 'NONE', *, *, #7824, .T. ) ;
#8692 = DIRECTION ( 'NONE',  ( 1.000000000000000000, 0.000000000000000000, 0.000000000000000000 ) ) ;
#8693 = EDGE_LOOP ( 'NONE', ( #4230, #6458, #3464, #6038 ) ) ;
#8694 = CARTESIAN_POINT ( 'NONE',  ( 0.01673228346456692717, 0.2440944881889468288, 0.0007874015747934192061 ) ) ;
#8695 = ORIENTED_EDGE ( 'NONE', *, *, #5439, .F. ) ;
#8696 = LINE ( 'NONE', #7847, #8317 ) ;
#8697 = VERTEX_POINT ( 'NONE', #2172 ) ;
#8698 = ADVANCED_FACE ( 'NONE', ( #10914 ), #9224, .T. ) ;
#8699 = DIRECTION ( 'NONE',  ( 0.000000000000000000, 3.491481338843135327E-15, -1.000000000000000000 ) ) ;
#8700 = EDGE_CURVE ( 'NONE', #3126, #684, #11040, .T. ) ;
#8701 = PLANE ( 'NONE',  #7982 ) ;
#8702 = VECTOR ( 'NONE', #4297, 39.37007874015748143 ) ;
#8703 = DIRECTION ( 'NONE',  ( 0.000000000000000000, -2.478176394252581732E-15, 1.000000000000000000 ) ) ;
#8704 = EDGE_CURVE ( 'NONE', #3472, #9788, #1329, .T. ) ;
#8705 = DIRECTION ( 'NONE',  ( -1.000000000000000000, 0.000000000000000000, 0.000000000000000000 ) ) ;
#8706 = DIRECTION ( 'NONE',  ( 1.000000000000000000, 0.000000000000000000, 0.000000000000000000 ) ) ;
#8707 = ORIENTED_EDGE ( 'NONE', *, *, #8557, .T. ) ;
#8708 = DIRECTION ( 'NONE',  ( 0.000000000000000000, 1.000000000000000000, 3.491481338843134933E-15 ) ) ;
#8709 = ORIENTED_EDGE ( 'NONE', *, *, #1402, .T. ) ;
#8710 = VERTEX_POINT ( 'NONE', #4031 ) ;
#8711 = CARTESIAN_POINT ( 'NONE',  ( -0.004921259842519684971, 0.1909448818897350464, -0.2480314960630413401 ) ) ;
#8712 = CARTESIAN_POINT ( 'NONE',  ( -0.02657480314960630058, 0.2362204724409153467, 0.05986524456920295362 ) ) ;
#8713 = ADVANCED_FACE ( 'NONE', ( #4769 ), #482, .T. ) ;
#8714 = LINE ( 'NONE', #9494, #1391 ) ;
#8715 = LINE ( 'NONE', #8885, #3881 ) ;
#8716 = EDGE_LOOP ( 'NONE', ( #9230, #10297, #10521, #3324 ) ) ;
#8717 = CARTESIAN_POINT ( 'NONE',  ( -0.1899606296869685296, 0.2106299212598137516, -0.2480314960629626253 ) ) ;
#8718 = DIRECTION ( 'NONE',  ( 1.000000000000000000, 0.000000000000000000, 0.000000000000000000 ) ) ;
#8719 = ORIENTED_EDGE ( 'NONE', *, *, #3434, .T. ) ;
#8720 = LINE ( 'NONE', #8610, #7407 ) ;
#8721 = ORIENTED_EDGE ( 'NONE', *, *, #1049, .F. ) ;
#8722 = ORIENTED_EDGE ( 'NONE', *, *, #3420, .T. ) ;
#8723 = CARTESIAN_POINT ( 'NONE',  ( 0.1210629923610630071, 0.2125984251968350558, -0.2066929133858484702 ) ) ;
#8724 = ORIENTED_EDGE ( 'NONE', *, *, #5636, .T. ) ;
#8725 = EDGE_CURVE ( 'NONE', #3754, #10594, #4933, .T. ) ;
#8726 = LINE ( 'NONE', #5275, #9956 ) ;
#8727 = CARTESIAN_POINT ( 'NONE',  ( -0.1387795273246062999, 0.2165354330708373909, -0.2185039370078444843 ) ) ;
#8728 = DIRECTION ( 'NONE',  ( -1.000000000000000000, 0.000000000000000000, 0.000000000000000000 ) ) ;
#8729 = VECTOR ( 'NONE', #6522, 39.37007874015748143 ) ;
#8730 = ORIENTED_EDGE ( 'NONE', *, *, #9746, .F. ) ;
#8731 = CARTESIAN_POINT ( 'NONE',  ( -0.004921259842519684971, 0.2351129816986712584, -0.03819606597134834330 ) ) ;
#8732 = DIRECTION ( 'NONE',  ( -1.000000000000000000, 0.000000000000000000, 0.000000000000000000 ) ) ;
#8733 = DIRECTION ( 'NONE',  ( 0.000000000000000000, -1.000000000000000000, -3.491481338843134933E-15 ) ) ;
#8734 = EDGE_LOOP ( 'NONE', ( #1479, #5487, #7786, #6266 ) ) ;
#8735 = CARTESIAN_POINT ( 'NONE',  ( 0.2135826771653543399, 0.2125984251968346672, -0.2125984251968208727 ) ) ;
#8736 = ORIENTED_EDGE ( 'NONE', *, *, #10259, .T. ) ;
#8737 = VECTOR ( 'NONE', #4159, 39.37007874015748143 ) ;
#8738 = EDGE_CURVE ( 'NONE', #1269, #3974, #5772, .T. ) ;
#8739 = CARTESIAN_POINT ( 'NONE',  ( 0.03838582677165354451, 0.2616530078181201202, 0.009686792758139901177 ) ) ;
#8740 = EDGE_CURVE ( 'NONE', #7031, #3582, #3817, .T. ) ;
#8741 = CARTESIAN_POINT ( 'NONE',  ( 0.07775590574677165856, 0.2165354330708373909, -0.2421259842519823124 ) ) ;
#8742 = CARTESIAN_POINT ( 'NONE',  ( 0.2214566929133858220, 0.2125984251968212890, -0.1094488188976082410 ) ) ;
#8743 = ORIENTED_EDGE ( 'NONE', *, *, #4249, .F. ) ;
#8744 = CARTESIAN_POINT ( 'NONE',  ( 0.01673228346456692717, 0.2362204724409157630, -0.05433070866138771382 ) ) ;
#8745 = CIRCLE ( 'NONE', #5499, 0.02362204724409448092 ) ;
#8746 = DIRECTION ( 'NONE',  ( 0.000000000000000000, 1.000000000000000000, 3.491481338843135327E-15 ) ) ;
#8747 = VERTEX_POINT ( 'NONE', #6614 ) ;
#8748 = DIRECTION ( 'NONE',  ( -0.8681403641335470045, 1.732887676818745112E-15, -0.4963187566091700198 ) ) ;
#8749 = ORIENTED_EDGE ( 'NONE', *, *, #1263, .T. ) ;
#8750 = ADVANCED_FACE ( 'NONE', ( #10695 ), #7252, .T. ) ;
#8751 = PLANE ( 'NONE',  #1825 ) ;
#8752 = ORIENTED_EDGE ( 'NONE', *, *, #7981, .T. ) ;
#8753 = VECTOR ( 'NONE', #8814, 39.37007874015748143 ) ;
#8754 = FACE_OUTER_BOUND ( 'NONE', #4176, .T. ) ;
#8755 = FACE_OUTER_BOUND ( 'NONE', #9842, .T. ) ;
#8756 = CARTESIAN_POINT ( 'NONE',  ( -0.2850393700787008378, 0.2165354330708362252, 0.06377952755908464222 ) ) ;
#8757 = CARTESIAN_POINT ( 'NONE',  ( 0.2909448818897638067, 0.2165354330708362252, 0.08149606299215550465 ) ) ;
#8758 = LINE ( 'NONE', #9540, #3094 ) ;
#8759 = ORIENTED_EDGE ( 'NONE', *, *, #879, .T. ) ;
#8760 = VECTOR ( 'NONE', #6309, 39.37007874015748143 ) ;
#8761 = VECTOR ( 'NONE', #10592, 39.37007874015748143 ) ;
#8762 = CARTESIAN_POINT ( 'NONE',  ( -0.02263779504094094730, 0.2106299212598137516, -0.2421259842518799221 ) ) ;
#8763 = ORIENTED_EDGE ( 'NONE', *, *, #3292, .F. ) ;
#8764 = ORIENTED_EDGE ( 'NONE', *, *, #810, .T. ) ;
#8765 = EDGE_CURVE ( 'NONE', #3472, #5635, #5807, .T. ) ;
#8766 = EDGE_CURVE ( 'NONE', #10132, #1575, #6395, .T. ) ;
#8767 = CARTESIAN_POINT ( 'NONE',  ( -0.1732283464566929387, 0.2421259842519393746, -0.07795275590548228495 ) ) ;
#8768 = AXIS2_PLACEMENT_3D ( 'NONE', #438, #6620, #486 ) ;
#8769 = CARTESIAN_POINT ( 'NONE',  ( -0.01673228322985826841, 0.2165354330708373909, -0.2480314960629626253 ) ) ;
#8770 = CARTESIAN_POINT ( 'NONE',  ( -0.2618110236220472231, 0.2834645669291035452, 0.2480314960630220500 ) ) ;
#8771 = CARTESIAN_POINT ( 'NONE',  ( 0.03838582677165354451, 0.2303149606298921792, -0.07795275590552164235 ) ) ;
#8772 = VERTEX_POINT ( 'NONE', #7473 ) ;
#8773 = LINE ( 'NONE', #1040, #130 ) ;
#8774 = CARTESIAN_POINT ( 'NONE',  ( -0.1879921257499606313, 0.2165354330708373909, -0.2421259842518799221 ) ) ;
#8775 = VERTEX_POINT ( 'NONE', #9847 ) ;
#8776 = DIRECTION ( 'NONE',  ( 0.000000000000000000, -1.000000000000000000, -2.891205793294679411E-15 ) ) ;
#8777 = ORIENTED_EDGE ( 'NONE', *, *, #2039, .T. ) ;
#8778 = ORIENTED_EDGE ( 'NONE', *, *, #1402, .F. ) ;
#8779 = VECTOR ( 'NONE', #37, 39.37007874015748143 ) ;
#8780 = EDGE_CURVE ( 'NONE', #2480, #10022, #2285, .T. ) ;
#8781 = DIRECTION ( 'NONE',  ( 0.000000000000000000, -1.454128551578155955E-12, -1.000000000000000000 ) ) ;
#8782 = CIRCLE ( 'NONE', #4811, 0.005905511811023615894 ) ;
#8783 = EDGE_LOOP ( 'NONE', ( #360, #1243, #2297, #10378 ) ) ;
#8784 = FACE_OUTER_BOUND ( 'NONE', #8282, .T. ) ;
#8785 = AXIS2_PLACEMENT_3D ( 'NONE', #1596, #9484, #7687 ) ;
#8786 = CARTESIAN_POINT ( 'NONE',  ( -0.1744460153229527855, 0.2834645669291035452, 0.2442895309764078760 ) ) ;
#8787 = LINE ( 'NONE', #7943, #8920 ) ;
#8788 = ORIENTED_EDGE ( 'NONE', *, *, #9246, .T. ) ;
#8789 = LINE ( 'NONE', #4556, #2995 ) ;
#8790 = LINE ( 'NONE', #4499, #1003 ) ;
#8791 = DIRECTION ( 'NONE',  ( 0.000000000000000000, -1.000000000000000000, -3.491481338843134933E-15 ) ) ;
#8792 = ORIENTED_EDGE ( 'NONE', *, *, #9085, .F. ) ;
#8793 = ADVANCED_FACE ( 'NONE', ( #4880 ), #1376, .F. ) ;
#8794 = ORIENTED_EDGE ( 'NONE', *, *, #1303, .F. ) ;
#8795 = VECTOR ( 'NONE', #5513, 39.37007874015748143 ) ;
#8796 = CARTESIAN_POINT ( 'NONE',  ( -0.2653543307086614345, 0.2145669291338295481, -0.2125984251968208727 ) ) ;
#8797 = CARTESIAN_POINT ( 'NONE',  ( 0.1033464566929133965, 0.2303149606298921792, -0.07795275590552164235 ) ) ;
#8798 = DIRECTION ( 'NONE',  ( 0.000000000000000000, 1.000000000000000000, 3.491481338843134933E-15 ) ) ;
#8799 = CARTESIAN_POINT ( 'NONE',  ( -0.06988188976377952832, 0.2563854519293799483, 0.007016975403139922435 ) ) ;
#8800 = DIRECTION ( 'NONE',  ( 1.000000000000000000, 0.000000000000000000, 0.000000000000000000 ) ) ;
#8801 = ORIENTED_EDGE ( 'NONE', *, *, #2531, .T. ) ;
#8802 = DIRECTION ( 'NONE',  ( -1.293814592499367278E-13, -0.8333333333299215440, 0.5527707983977100392 ) ) ;
#8803 = AXIS2_PLACEMENT_3D ( 'NONE', #4238, #128, #8644 ) ;
#8804 = CYLINDRICAL_SURFACE ( 'NONE', #6477, 0.01181102362204724046 ) ;
#8805 = VERTEX_POINT ( 'NONE', #7304 ) ;
#8806 = EDGE_CURVE ( 'NONE', #1672, #5470, #3291, .T. ) ;
#8807 = PLANE ( 'NONE',  #8824 ) ;
#8808 = ORIENTED_EDGE ( 'NONE', *, *, #10667, .F. ) ;
#8809 = CARTESIAN_POINT ( 'NONE',  ( -0.2909448818897638067, 0.2165354330708362252, 0.09921259842495080972 ) ) ;
#8810 = VERTEX_POINT ( 'NONE', #5660 ) ;
#8811 = VECTOR ( 'NONE', #7671, 39.37007874015748143 ) ;
#8812 = CARTESIAN_POINT ( 'NONE',  ( 0.2594488188976378784, 0.2834645669291035452, 0.2055118110236519857 ) ) ;
#8813 = DIRECTION ( 'NONE',  ( 1.000000000000000000, 0.000000000000000000, 0.000000000000000000 ) ) ;
#8814 = DIRECTION ( 'NONE',  ( -1.000000000000000000, 0.000000000000000000, 0.000000000000000000 ) ) ;
#8815 = CARTESIAN_POINT ( 'NONE',  ( -0.1744460153231496002, 0.2834645669291035452, 0.2442895309764078760 ) ) ;
#8816 = LINE ( 'NONE', #1934, #7783 ) ;
#8817 = AXIS2_PLACEMENT_3D ( 'NONE', #5676, #8288, #556 ) ;
#8818 = ORIENTED_EDGE ( 'NONE', *, *, #231, .T. ) ;
#8819 = EDGE_CURVE ( 'NONE', #8255, #3747, #6087, .T. ) ;
#8820 = CARTESIAN_POINT ( 'NONE',  ( -0.008858267481783465083, 0.2125984251968319472, -0.2125984251968208727 ) ) ;
#8821 = ORIENTED_EDGE ( 'NONE', *, *, #8173, .F. ) ;
#8822 = ORIENTED_EDGE ( 'NONE', *, *, #9359, .F. ) ;
#8823 = PLANE ( 'NONE',  #2356 ) ;
#8824 = AXIS2_PLACEMENT_3D ( 'NONE', #3878, #8018, #7313 ) ;
#8825 = DIRECTION ( 'NONE',  ( 1.000000000000000000, 0.000000000000000000, -7.083454193571963985E-14 ) ) ;
#8826 = ADVANCED_FACE ( 'NONE', ( #8755 ), #968, .T. ) ;
#8827 = CARTESIAN_POINT ( 'NONE',  ( -0.1132526673547244178, 0.2834645669291035452, 0.2105515555275890016 ) ) ;
#8828 = DIRECTION ( 'NONE',  ( 2.268326611793000039E-13, -3.491481338843134933E-15, 1.000000000000000000 ) ) ;
#8829 = VERTEX_POINT ( 'NONE', #2660 ) ;
#8830 = DIRECTION ( 'NONE',  ( 0.000000000000000000, 0.8919727971616544515, 0.4520890721125804257 ) ) ;
#8831 = CARTESIAN_POINT ( 'NONE',  ( 0.01181102362204724393, 0.2421259842519393746, -0.07795275590548228495 ) ) ;
#8832 = VERTEX_POINT ( 'NONE', #8645 ) ;
#8833 = FACE_OUTER_BOUND ( 'NONE', #11088, .T. ) ;
#8834 = VECTOR ( 'NONE', #1005, 39.37007874015748143 ) ;
#8835 = ORIENTED_EDGE ( 'NONE', *, *, #9769, .T. ) ;
#8836 = ORIENTED_EDGE ( 'NONE', *, *, #8121, .T. ) ;
#8837 = VECTOR ( 'NONE', #6054, 39.37007874015748143 ) ;
#8838 = CARTESIAN_POINT ( 'NONE',  ( -0.1131889763779527630, 0.2303149606298921792, -0.07795275590552164235 ) ) ;
#8839 = CARTESIAN_POINT ( 'NONE',  ( 0.2870078740156299379, 0.2106299212598126414, 0.07036052313097442001 ) ) ;
#8840 = AXIS2_PLACEMENT_3D ( 'NONE', #294, #6984, #6251 ) ;
#8841 = EDGE_CURVE ( 'NONE', #1674, #8432, #5980, .T. ) ;
#8842 = AXIS2_PLACEMENT_3D ( 'NONE', #9884, #313, #4533 ) ;
#8843 = DIRECTION ( 'NONE',  ( 0.000000000000000000, 1.000000000000000000, 3.491481338843134933E-15 ) ) ;
#8844 = ADVANCED_FACE ( 'NONE', ( #9652 ), #753, .F. ) ;
#8845 = CARTESIAN_POINT ( 'NONE',  ( -0.1614173228346456879, 0.2125984251968204841, 0.07952755905514763413 ) ) ;
#8846 = ORIENTED_EDGE ( 'NONE', *, *, #9318, .T. ) ;
#8847 = LINE ( 'NONE', #8899, #7500 ) ;
#8848 = FACE_OUTER_BOUND ( 'NONE', #9961, .T. ) ;
#8849 = LINE ( 'NONE', #1850, #3436 ) ;
#8850 = ORIENTED_EDGE ( 'NONE', *, *, #6583, .T. ) ;
#8851 = VERTEX_POINT ( 'NONE', #10274 ) ;
#8852 = VECTOR ( 'NONE', #1810, 39.37007874015748143 ) ;
#8853 = CARTESIAN_POINT ( 'NONE',  ( 0.06397637818759842332, 0.2165354330708373909, -0.2185039370078444843 ) ) ;
#8854 = DIRECTION ( 'NONE',  ( 0.000000000000000000, 1.000000000000000000, 3.491481338843135327E-15 ) ) ;
#8855 = DIRECTION ( 'NONE',  ( 1.254060512841565365E-13, -0.8333333333305200652, 0.5527707983968079830 ) ) ;
#8856 = CARTESIAN_POINT ( 'NONE',  ( -0.09153543307086613179, 0.2563854519293799483, 0.007016975403139922435 ) ) ;
#8857 = EDGE_CURVE ( 'NONE', #10504, #10222, #7798, .T. ) ;
#8858 = LINE ( 'NONE', #9811, #5119 ) ;
#8859 = ORIENTED_EDGE ( 'NONE', *, *, #11023, .T. ) ;
#8860 = VECTOR ( 'NONE', #10002, 39.37007874015748143 ) ;
#8861 = CARTESIAN_POINT ( 'NONE',  ( 0.1968503937007874127, 0.1909448818897346856, -0.1094488188976082688 ) ) ;
#8862 = DIRECTION ( 'NONE',  ( 1.000000000000000000, 0.000000000000000000, 0.000000000000000000 ) ) ;
#8863 = ORIENTED_EDGE ( 'NONE', *, *, #31, .F. ) ;
#8864 = FACE_OUTER_BOUND ( 'NONE', #5628, .T. ) ;
#8865 = ORIENTED_EDGE ( 'NONE', *, *, #1263, .F. ) ;
#8866 = CARTESIAN_POINT ( 'NONE',  ( 0.1033464566929133965, 0.2598425196850102648, -0.05433070866142700878 ) ) ;
#8867 = ORIENTED_EDGE ( 'NONE', *, *, #5364, .T. ) ;
#8868 = CIRCLE ( 'NONE', #10301, 0.01377952755905512312 ) ;
#8869 = CARTESIAN_POINT ( 'NONE',  ( -0.1348425196850394081, 0.2309529165521752303, 0.05719542721420283610 ) ) ;
#8870 = EDGE_CURVE ( 'NONE', #2749, #9534, #6027, .T. ) ;
#8871 = DIRECTION ( 'NONE',  ( 0.000000000000000000, -1.000000000000000000, -3.491481338843135327E-15 ) ) ;
#8872 = CARTESIAN_POINT ( 'NONE',  ( -0.2771653543307086576, 0.2106299212598129744, 0.05787401574806102372 ) ) ;
#8873 = AXIS2_PLACEMENT_3D ( 'NONE', #2094, #9823, #5533 ) ;
#8874 = FACE_OUTER_BOUND ( 'NONE', #8970, .T. ) ;
#8875 = ORIENTED_EDGE ( 'NONE', *, *, #9384, .T. ) ;
#8876 = DIRECTION ( 'NONE',  ( 0.000000000000000000, -1.000000000000000000, -3.491481338843134933E-15 ) ) ;
#8877 = ORIENTED_EDGE ( 'NONE', *, *, #5300, .F. ) ;
#8878 = ORIENTED_EDGE ( 'NONE', *, *, #4418, .T. ) ;
#8879 = DIRECTION ( 'NONE',  ( 0.000000000000000000, 1.000000000000000000, 3.491481338843135327E-15 ) ) ;
#8880 = VECTOR ( 'NONE', #1757, 39.37007874015748143 ) ;
#8881 = LINE ( 'NONE', #5484, #347 ) ;
#8882 = EDGE_CURVE ( 'NONE', #4712, #8207, #7852, .T. ) ;
#8883 = EDGE_CURVE ( 'NONE', #8102, #3892, #774, .T. ) ;
#8884 = PLANE ( 'NONE',  #8213 ) ;
#8885 = CARTESIAN_POINT ( 'NONE',  ( 0.2135826771653543399, 0.2125984251968346672, -0.2125984251968208727 ) ) ;
#8886 = VERTEX_POINT ( 'NONE', #1929 ) ;
#8887 = CYLINDRICAL_SURFACE ( 'NONE', #4086, 0.005905511811082679759 ) ;
#8888 = CARTESIAN_POINT ( 'NONE',  ( 0.1968503937007874127, 0.1968503937007582694, -0.1094488188976082688 ) ) ;
#8889 = EDGE_LOOP ( 'NONE', ( #5010, #10164, #7895, #4669 ) ) ;
#8890 = DIRECTION ( 'NONE',  ( 1.000000000000000000, 0.000000000000000000, 0.000000000000000000 ) ) ;
#8891 = ORIENTED_EDGE ( 'NONE', *, *, #9819, .T. ) ;
#8892 = ORIENTED_EDGE ( 'NONE', *, *, #8986, .F. ) ;
#8893 = FACE_OUTER_BOUND ( 'NONE', #95, .T. ) ;
#8894 = EDGE_CURVE ( 'NONE', #10406, #1752, #954, .T. ) ;
#8895 = LINE ( 'NONE', #7139, #1316 ) ;
#8896 = DIRECTION ( 'NONE',  ( 0.000000000000000000, 1.000000000000000000, 3.491481338843134933E-15 ) ) ;
#8897 = PLANE ( 'NONE',  #5302 ) ;
#8898 = ORIENTED_EDGE ( 'NONE', *, *, #2013, .F. ) ;
#8899 = CARTESIAN_POINT ( 'NONE',  ( 0.1796295472108661306, 0.2421259842519382366, 0.2468503937008169891 ) ) ;
#8900 = CARTESIAN_POINT ( 'NONE',  ( 0.06003937007874016185, 0.2303149606298921792, -0.07795275590552164235 ) ) ;
#8901 = DIRECTION ( 'NONE',  ( 0.000000000000000000, 0.8919727971616542295, 0.4520890721125805922 ) ) ;
#8902 = ORIENTED_EDGE ( 'NONE', *, *, #8666, .F. ) ;
#8903 = ORIENTED_EDGE ( 'NONE', *, *, #4741, .F. ) ;
#8904 = ADVANCED_FACE ( 'NONE', ( #5248 ), #8701, .T. ) ;
#8905 = EDGE_CURVE ( 'NONE', #6487, #7416, #3390, .T. ) ;
#8906 = LINE ( 'NONE', #8796, #2518 ) ;
#8907 = LINE ( 'NONE', #10709, #9508 ) ;
#8908 = ADVANCED_FACE ( 'NONE', ( #9597 ), #6146, .F. ) ;
#8909 = CYLINDRICAL_SURFACE ( 'NONE', #947, 0.02952755905511811330 ) ;
#8910 = PLANE ( 'NONE',  #10785 ) ;
#8911 = ORIENTED_EDGE ( 'NONE', *, *, #7447, .T. ) ;
#8912 = DIRECTION ( 'NONE',  ( 1.000000000000000000, 0.000000000000000000, 0.000000000000000000 ) ) ;
#8913 = EDGE_LOOP ( 'NONE', ( #8643, #274, #3365, #9541 ) ) ;
#8914 = VECTOR ( 'NONE', #10835, 39.37007874015748143 ) ;
#8915 = ORIENTED_EDGE ( 'NONE', *, *, #3585, .T. ) ;
#8916 = ADVANCED_FACE ( 'NONE', ( #20 ), #5134, .F. ) ;
#8917 = PLANE ( 'NONE',  #5419 ) ;
#8918 = ORIENTED_EDGE ( 'NONE', *, *, #4341, .F. ) ;
#8919 = DIRECTION ( 'NONE',  ( 0.000000000000000000, 3.491481338843134933E-15, -1.000000000000000000 ) ) ;
#8920 = VECTOR ( 'NONE', #8052, 39.37007874015748143 ) ;
#8921 = CARTESIAN_POINT ( 'NONE',  ( 0.2653543307086614345, 0.2716535433070562666, 0.2055118110236515971 ) ) ;
#8922 = DIRECTION ( 'NONE',  ( 0.000000000000000000, 1.000000000000000000, 3.491481338843134933E-15 ) ) ;
#8923 = ORIENTED_EDGE ( 'NONE', *, *, #6165, .F. ) ;
#8924 = FACE_OUTER_BOUND ( 'NONE', #3082, .T. ) ;
#8925 = ORIENTED_EDGE ( 'NONE', *, *, #3064, .T. ) ;
#8926 = ORIENTED_EDGE ( 'NONE', *, *, #3838, .F. ) ;
#8927 = EDGE_CURVE ( 'NONE', #3287, #6369, #4088, .T. ) ;
#8928 = CARTESIAN_POINT ( 'NONE',  ( -0.06594488165523622325, 0.2224409448818610024, -0.2125984251968208727 ) ) ;
#8929 = AXIS2_PLACEMENT_3D ( 'NONE', #6101, #10629, #1945 ) ;
#8930 = DIRECTION ( 'NONE',  ( 0.000000000000000000, -0.8375070198036267399, 0.5464265657704130419 ) ) ;
#8931 = FACE_OUTER_BOUND ( 'NONE', #2667, .T. ) ;
#8932 = CIRCLE ( 'NONE', #10366, 0.005905511811082662411 ) ;
#8933 = DIRECTION ( 'NONE',  ( -1.000000000000000000, 0.000000000000000000, 0.000000000000000000 ) ) ;
#8934 = CIRCLE ( 'NONE', #4071, 0.005905511811023620231 ) ;
#8935 = VERTEX_POINT ( 'NONE', #7740 ) ;
#8936 = DIRECTION ( 'NONE',  ( 0.000000000000000000, -1.000000000000000000, -3.491481338843135327E-15 ) ) ;
#8937 = CARTESIAN_POINT ( 'NONE',  ( -0.1348425196850394081, 0.2351129816986712584, -0.03819606597134834330 ) ) ;
#8938 = DIRECTION ( 'NONE',  ( 0.000000000000000000, -5.782411586589358822E-15, 1.000000000000000000 ) ) ;
#8939 = ORIENTED_EDGE ( 'NONE', *, *, #8999, .T. ) ;
#8940 = CARTESIAN_POINT ( 'NONE',  ( -0.1564960629921260116, 0.2400588892959547305, -0.04142299450934047722 ) ) ;
#8941 = ORIENTED_EDGE ( 'NONE', *, *, #3460, .F. ) ;
#8942 = EDGE_LOOP ( 'NONE', ( #4547, #8724, #1781, #2280 ) ) ;
#8943 = EDGE_CURVE ( 'NONE', #10706, #5369, #6880, .T. ) ;
#8944 = DIRECTION ( 'NONE',  ( 0.000000000000000000, -1.000000000000000000, -3.491481338843134933E-15 ) ) ;
#8945 = EDGE_CURVE ( 'NONE', #3347, #7689, #9876, .T. ) ;
#8946 = VECTOR ( 'NONE', #9170, 39.37007874015748143 ) ;
#8947 = CARTESIAN_POINT ( 'NONE',  ( 0.2870078740156299379, 0.2165354330708362252, 0.09263160285333661703 ) ) ;
#8948 = DIRECTION ( 'NONE',  ( 0.000000000000000000, 3.491481338843134933E-15, -1.000000000000000000 ) ) ;
#8949 = FACE_OUTER_BOUND ( 'NONE', #5942, .T. ) ;
#8950 = VERTEX_POINT ( 'NONE', #246 ) ;
#8951 = DIRECTION ( 'NONE',  ( -1.000000000000000000, 7.885859936949140700E-27, -2.258600052997000282E-12 ) ) ;
#8952 = LINE ( 'NONE', #7201, #8761 ) ;
#8953 = VECTOR ( 'NONE', #5722, 39.37007874015748143 ) ;
#8954 = VECTOR ( 'NONE', #102, 39.37007874015748143 ) ;
#8955 = DIRECTION ( 'NONE',  ( 0.000000000000000000, 1.000000000000000000, 3.491481338843135327E-15 ) ) ;
#8956 = ORIENTED_EDGE ( 'NONE', *, *, #1728, .T. ) ;
#8957 = ORIENTED_EDGE ( 'NONE', *, *, #6723, .F. ) ;
#8958 = CARTESIAN_POINT ( 'NONE',  ( -0.2850393700787008378, 0.2165354330708362252, 0.09819937278396655145 ) ) ;
#8959 = CARTESIAN_POINT ( 'NONE',  ( 0.09842519685039370636, 0.2125984251968204841, 0.07952755905514763413 ) ) ;
#8960 = CARTESIAN_POINT ( 'NONE',  ( 0.2653543307086614345, 0.2716535433070562666, 0.2055118110236515971 ) ) ;
#8961 = DIRECTION ( 'NONE',  ( 1.000000000000000000, 0.000000000000000000, 0.000000000000000000 ) ) ;
#8962 = DIRECTION ( 'NONE',  ( 0.000000000000000000, -0.5464265657704129309, -0.8375070198036269620 ) ) ;
#8963 = VERTEX_POINT ( 'NONE', #8137 ) ;
#8964 = LINE ( 'NONE', #9018, #7679 ) ;
#8965 = ADVANCED_FACE ( 'NONE', ( #1145 ), #4634, .F. ) ;
#8966 = ORIENTED_EDGE ( 'NONE', *, *, #2226, .T. ) ;
#8967 = VECTOR ( 'NONE', #4116, 39.37007874015748143 ) ;
#8968 = ORIENTED_EDGE ( 'NONE', *, *, #6942, .F. ) ;
#8969 = CARTESIAN_POINT ( 'NONE',  ( 0.08169291338582677919, 0.2362204724409157630, -0.07795275590552164235 ) ) ;
#8970 = EDGE_LOOP ( 'NONE', ( #4488, #4682, #8290, #3323 ) ) ;
#8971 = VECTOR ( 'NONE', #5569, 39.37007874015748143 ) ;
#8972 = DIRECTION ( 'NONE',  ( 2.701239521200000016E-09, 3.491481338843134933E-15, -1.000000000000000000 ) ) ;
#8973 = CARTESIAN_POINT ( 'NONE',  ( -0.09153543307086613179, 0.2362204724409157630, -0.07795275590552164235 ) ) ;
#8974 = EDGE_CURVE ( 'NONE', #7931, #9395, #2941, .T. ) ;
#8975 = EDGE_CURVE ( 'NONE', #2006, #3950, #5584, .T. ) ;
#8976 = CARTESIAN_POINT ( 'NONE',  ( -0.1564960629921260116, 0.2598425196850102648, -0.05433070866142700878 ) ) ;
#8977 = VERTEX_POINT ( 'NONE', #10673 ) ;
#8978 = DIRECTION ( 'NONE',  ( -1.000000000000000000, -0.000000000000000000, 0.000000000000000000 ) ) ;
#8979 = ORIENTED_EDGE ( 'NONE', *, *, #6557, .F. ) ;
#8980 = EDGE_LOOP ( 'NONE', ( #5328, #10964, #3545, #2115 ) ) ;
#8981 = DIRECTION ( 'NONE',  ( -1.000000000000000000, -0.000000000000000000, 0.000000000000000000 ) ) ;
#8982 = EDGE_LOOP ( 'NONE', ( #6691, #612, #3905, #7299 ) ) ;
#8983 = PLANE ( 'NONE',  #3567 ) ;
#8984 = AXIS2_PLACEMENT_3D ( 'NONE', #8245, #4797, #1414 ) ;
#8985 = DIRECTION ( 'NONE',  ( 0.000000000000000000, 5.782411586531547151E-15, -1.000000000000000000 ) ) ;
#8986 = EDGE_CURVE ( 'NONE', #522, #1772, #620, .T. ) ;
#8987 = DIRECTION ( 'NONE',  ( 0.000000000000000000, -1.000000000000000000, -3.491481338843134933E-15 ) ) ;
#8988 = CARTESIAN_POINT ( 'NONE',  ( -0.1033464564584252038, 0.2106299212598137516, -0.2480314960629626253 ) ) ;
#8989 = CARTESIAN_POINT ( 'NONE',  ( -0.1348425196850394081, 0.2309529165521752303, 0.05719542721420283610 ) ) ;
#8990 = CARTESIAN_POINT ( 'NONE',  ( 0.07775590574677165856, 0.2224409448818610024, -0.2185039370078444843 ) ) ;
#8991 = ORIENTED_EDGE ( 'NONE', *, *, #8626, .F. ) ;
#8992 = CARTESIAN_POINT ( 'NONE',  ( -0.09153543307086613179, 0.2303149606298921792, -0.07795275590552164235 ) ) ;
#8993 = EDGE_LOOP ( 'NONE', ( #4695, #5960, #5339, #7766 ) ) ;
#8994 = ORIENTED_EDGE ( 'NONE', *, *, #9418, .T. ) ;
#8995 = DIRECTION ( 'NONE',  ( 0.000000000000000000, -3.491481338843134933E-15, 1.000000000000000000 ) ) ;
#8996 = AXIS2_PLACEMENT_3D ( 'NONE', #4840, #7376, #2360 ) ;
#8997 = CARTESIAN_POINT ( 'NONE',  ( 0.1032928346915864548, 0.2125984251968200955, 0.2067515796152973595 ) ) ;
#8998 = DIRECTION ( 'NONE',  ( -0.9989699831295302257, 0.000000000000000000, 0.04537590556877191955 ) ) ;
#8999 = EDGE_CURVE ( 'NONE', #1840, #5415, #7170, .T. ) ;
#9000 = CARTESIAN_POINT ( 'NONE',  ( -0.1564960629921260116, 0.2362204724409153467, 0.05986524456920295362 ) ) ;
#9001 = ORIENTED_EDGE ( 'NONE', *, *, #8028, .F. ) ;
#9002 = CIRCLE ( 'NONE', #5756, 0.005905511811023620231 ) ;
#9003 = CARTESIAN_POINT ( 'NONE',  ( -0.008858267481783465083, 0.2224409448818610024, -0.2125984251968208727 ) ) ;
#9004 = AXIS2_PLACEMENT_3D ( 'NONE', #3441, #907, #3383 ) ;
#9005 = FACE_OUTER_BOUND ( 'NONE', #3387, .T. ) ;
#9006 = DIRECTION ( 'NONE',  ( 0.000000000000000000, 0.8919727971616542295, 0.4520890721125805922 ) ) ;
#9007 = ORIENTED_EDGE ( 'NONE', *, *, #11108, .T. ) ;
#9008 = VERTEX_POINT ( 'NONE', #2830 ) ;
#9009 = PLANE ( 'NONE',  #6116 ) ;
#9010 = CIRCLE ( 'NONE', #7756, 0.01181102362204724046 ) ;
#9011 = AXIS2_PLACEMENT_3D ( 'NONE', #8212, #5447, #376 ) ;
#9012 = LINE ( 'NONE', #393, #7711 ) ;
#9013 = CARTESIAN_POINT ( 'NONE',  ( -0.09153543307086613179, 0.1909448818897350464, -0.2480314960630413401 ) ) ;
#9014 = CARTESIAN_POINT ( 'NONE',  ( -0.1781496062992126150, 0.2605808468465059535, -0.009969026885245903247 ) ) ;
#9015 = ADVANCED_FACE ( 'NONE', ( #3896 ), #7226, .F. ) ;
#9016 = EDGE_CURVE ( 'NONE', #8684, #4091, #3672, .T. ) ;
#9017 = VERTEX_POINT ( 'NONE', #7336 ) ;
#9018 = CARTESIAN_POINT ( 'NONE',  ( 0.1033464566929133965, 0.2563854519293799483, 0.007016975403139922435 ) ) ;
#9019 = VECTOR ( 'NONE', #9036, 39.37007874015748143 ) ;
#9020 = ORIENTED_EDGE ( 'NONE', *, *, #451, .T. ) ;
#9021 = ORIENTED_EDGE ( 'NONE', *, *, #6242, .T. ) ;
#9022 = CARTESIAN_POINT ( 'NONE',  ( -0.1820866139388976346, 0.2165354330708373909, -0.2185039370078444843 ) ) ;
#9023 = ORIENTED_EDGE ( 'NONE', *, *, #10734, .T. ) ;
#9024 = EDGE_CURVE ( 'NONE', #4281, #10888, #4689, .T. ) ;
#9025 = AXIS2_PLACEMENT_3D ( 'NONE', #6237, #6974, #9460 ) ;
#9026 = AXIS2_PLACEMENT_3D ( 'NONE', #854, #1753, #8642 ) ;
#9027 = DIRECTION ( 'NONE',  ( 0.000000000000000000, -5.782411586589358822E-15, 1.000000000000000000 ) ) ;
#9028 = CARTESIAN_POINT ( 'NONE',  ( 0.1210629923610630071, 0.2125984251968263961, -0.2125984251968208727 ) ) ;
#9029 = DIRECTION ( 'NONE',  ( 0.000000000000000000, -0.9999999999999983347, -5.545128705636111590E-08 ) ) ;
#9030 = VERTEX_POINT ( 'NONE', #8081 ) ;
#9031 = DIRECTION ( 'NONE',  ( 1.000000000000000000, -3.803747440479999803E-13, -1.328071320610823950E-27 ) ) ;
#9032 = VECTOR ( 'NONE', #9729, 39.37007874015748143 ) ;
#9033 = ORIENTED_EDGE ( 'NONE', *, *, #3813, .T. ) ;
#9034 = ORIENTED_EDGE ( 'NONE', *, *, #4728, .T. ) ;
#9035 = B_SPLINE_CURVE_WITH_KNOTS ( 'NONE', 3,
 ( #4983, #8435, #6722, #4877, #5093 ),
 .UNSPECIFIED., .F., .F.,
 ( 4, 1, 4 ),
 ( 0.000000000000000000, 0.7502065001989000059, 1.000000000000000000 ),
 .UNSPECIFIED. ) ;
#9036 = DIRECTION ( 'NONE',  ( -1.000000000000000000, -2.473820866948219790E-27, 7.085304565218999541E-13 ) ) ;
#9037 = EDGE_LOOP ( 'NONE', ( #4415, #9954, #4622, #893 ) ) ;
#9038 = EDGE_CURVE ( 'NONE', #7454, #9783, #3731, .T. ) ;
#9039 = EDGE_CURVE ( 'NONE', #5635, #9788, #10723, .T. ) ;
#9040 = CARTESIAN_POINT ( 'NONE',  ( -0.06988188976377952832, 0.2598425196850102648, -0.05433070866142700878 ) ) ;
#9041 = EDGE_CURVE ( 'NONE', #1436, #3456, #4524, .T. ) ;
#9042 = VECTOR ( 'NONE', #3122, 39.37007874015748143 ) ;
#9043 = DIRECTION ( 'NONE',  ( 0.000000000000000000, 0.8919727971616542295, 0.4520890721125805922 ) ) ;
#9044 = FACE_OUTER_BOUND ( 'NONE', #5970, .T. ) ;
#9045 = CARTESIAN_POINT ( 'NONE',  ( -0.1131889763779527630, 0.2563854519293799483, 0.007016975403139922435 ) ) ;
#9046 = LINE ( 'NONE', #1321, #7968 ) ;
#9047 = ORIENTED_EDGE ( 'NONE', *, *, #1326, .F. ) ;
#9048 = CARTESIAN_POINT ( 'NONE',  ( -0.2909448818897638067, 0.2106299212598126414, 0.09921259842495080972 ) ) ;
#9049 = ORIENTED_EDGE ( 'NONE', *, *, #1276, .F. ) ;
#9050 = ORIENTED_EDGE ( 'NONE', *, *, #6748, .F. ) ;
#9051 = VECTOR ( 'NONE', #6786, 39.37007874015748143 ) ;
#9052 = DIRECTION ( 'NONE',  ( 0.000000000000000000, 3.491481338843134933E-15, -1.000000000000000000 ) ) ;
#9053 = VECTOR ( 'NONE', #9029, 39.37007874015748854 ) ;
#9054 = EDGE_CURVE ( 'NONE', #575, #8084, #8024, .T. ) ;
#9055 = DIRECTION ( 'NONE',  ( 0.000000000000000000, -1.000000000000000000, -3.491481338843134933E-15 ) ) ;
#9056 = CARTESIAN_POINT ( 'NONE',  ( 0.06003937007874016185, 0.2351129816986712584, -0.03819606597134834330 ) ) ;
#9057 = DIRECTION ( 'NONE',  ( 0.000000000000000000, -0.5464265657704129309, -0.8375070198036269620 ) ) ;
#9058 = ORIENTED_EDGE ( 'NONE', *, *, #747, .T. ) ;
#9059 = AXIS2_PLACEMENT_3D ( 'NONE', #8587, #1023, #7911 ) ;
#9060 = CARTESIAN_POINT ( 'NONE',  ( 0.09995424143488189361, 0.2775590551180799337, 0.2055353207559354189 ) ) ;
#9061 = FACE_OUTER_BOUND ( 'NONE', #2262, .T. ) ;
#9062 = CARTESIAN_POINT ( 'NONE',  ( 0.1780224714963385690, 0.2834645669291035452, 0.2463342029606598593 ) ) ;
#9063 = ORIENTED_EDGE ( 'NONE', *, *, #10005, .F. ) ;
#9064 = LINE ( 'NONE', #10021, #535 ) ;
#9065 = ORIENTED_EDGE ( 'NONE', *, *, #3600, .T. ) ;
#9066 = CARTESIAN_POINT ( 'NONE',  ( -0.1132526673558661712, 0.2125984251968200955, 0.2105515555279822981 ) ) ;
#9067 = EDGE_CURVE ( 'NONE', #3340, #2420, #10346, .T. ) ;
#9068 = DIRECTION ( 'NONE',  ( 0.000000000000000000, -0.5464265657704129309, -0.8375070198036269620 ) ) ;
#9069 = CARTESIAN_POINT ( 'NONE',  ( -0.1132526673550787455, 0.2421259842519382366, 0.2105515555275885575 ) ) ;
#9070 = DIRECTION ( 'NONE',  ( 1.000000000000000000, -4.255457985456755096E-16, 2.269849546872765095E-13 ) ) ;
#9071 = CARTESIAN_POINT ( 'NONE',  ( 0.1072834648018897719, 0.2165354330708373909, -0.2125984251968208727 ) ) ;
#9072 = ORIENTED_EDGE ( 'NONE', *, *, #1100, .F. ) ;
#9073 = DIRECTION ( 'NONE',  ( 1.000000000000000000, 0.000000000000000000, 0.000000000000000000 ) ) ;
#9074 = CARTESIAN_POINT ( 'NONE',  ( -0.2870078740153543251, 0.2165354330708362252, 0.07036052313105314870 ) ) ;
#9075 = VECTOR ( 'NONE', #4938, 39.37007874015748143 ) ;
#9076 = ORIENTED_EDGE ( 'NONE', *, *, #9439, .T. ) ;
#9077 = ORIENTED_EDGE ( 'NONE', *, *, #2647, .F. ) ;
#9078 = DIRECTION ( 'NONE',  ( -1.000000000000000000, 0.000000000000000000, 0.000000000000000000 ) ) ;
#9079 = EDGE_CURVE ( 'NONE', #8211, #5537, #5475, .T. ) ;
#9080 = VERTEX_POINT ( 'NONE', #355 ) ;
#9081 = EDGE_CURVE ( 'NONE', #4339, #8540, #407, .T. ) ;
#9082 = FACE_OUTER_BOUND ( 'NONE', #2755, .T. ) ;
#9083 = CARTESIAN_POINT ( 'NONE',  ( -0.04822834645669291098, 0.2556349392492224815, -0.006742098347214430139 ) ) ;
#9084 = AXIS2_PLACEMENT_3D ( 'NONE', #3833, #2762, #1916 ) ;
#9085 = EDGE_CURVE ( 'NONE', #1966, #1162, #2992, .T. ) ;
#9086 = DIRECTION ( 'NONE',  ( -2.797762022075000137E-13, 3.491481338843134933E-15, -1.000000000000000000 ) ) ;
#9087 = ORIENTED_EDGE ( 'NONE', *, *, #8077, .F. ) ;
#9088 = DIRECTION ( 'NONE',  ( 0.000000000000000000, -1.000000000000000000, -3.491481338843135327E-15 ) ) ;
#9089 = ORIENTED_EDGE ( 'NONE', *, *, #1227, .T. ) ;
#9090 = CARTESIAN_POINT ( 'NONE',  ( -0.09153543307086613179, 0.2440944881889468288, 0.0007874015747934192061 ) ) ;
#9091 = ORIENTED_EDGE ( 'NONE', *, *, #10585, .T. ) ;
#9092 = CIRCLE ( 'NONE', #5663, 0.005905511811023620231 ) ;
#9093 = DIRECTION ( 'NONE',  ( 1.000000000000000000, 0.000000000000000000, 0.000000000000000000 ) ) ;
#9094 = CARTESIAN_POINT ( 'NONE',  ( 0.01673228346456692717, 0.2556349392492224815, -0.006742098347214430139 ) ) ;
#9095 = DIRECTION ( 'NONE',  ( 0.9989699831295302257, 1.584291275264744945E-16, -0.04537590556877164200 ) ) ;
#9096 = EDGE_CURVE ( 'NONE', #2258, #1585, #4008, .T. ) ;
#9097 = CYLINDRICAL_SURFACE ( 'NONE', #9362, 0.005905511811023620231 ) ;
#9098 = DIRECTION ( 'NONE',  ( 0.000000000000000000, 3.491481338843134933E-15, -1.000000000000000000 ) ) ;
#9099 = ORIENTED_EDGE ( 'NONE', *, *, #646, .T. ) ;
#9100 = EDGE_CURVE ( 'NONE', #5692, #10323, #4768, .T. ) ;
#9101 = DIRECTION ( 'NONE',  ( -1.000000000000000000, 0.000000000000000000, 0.000000000000000000 ) ) ;
#9102 = ORIENTED_EDGE ( 'NONE', *, *, #1634, .F. ) ;
#9103 = ORIENTED_EDGE ( 'NONE', *, *, #5094, .T. ) ;
#9104 = PLANE ( 'NONE',  #197 ) ;
#9105 = AXIS2_PLACEMENT_3D ( 'NONE', #5661, #4032, #483 ) ;
#9106 = AXIS2_PLACEMENT_3D ( 'NONE', #3096, #9130, #560 ) ;
#9107 = CARTESIAN_POINT ( 'NONE',  ( 0.1132526673545157098, 0.2421259842519382366, 0.2105515555276067097 ) ) ;
#9108 = CARTESIAN_POINT ( 'NONE',  ( 0.01673228346456692717, 0.2563854519293799483, 0.007016975403139922435 ) ) ;
#9109 = PRODUCT_DEFINITION ( 'UNKNOWN', '', #4737, #4303 ) ;
#9110 = CARTESIAN_POINT ( 'NONE',  ( 0.2909448818897638067, 0.2165354330708362252, 0.08149606299215550465 ) ) ;
#9111 = ORIENTED_EDGE ( 'NONE', *, *, #3435, .T. ) ;
#9112 = DIRECTION ( 'NONE',  ( 1.000000000000000000, 0.000000000000000000, -3.847038428519427116E-11 ) ) ;
#9113 = EDGE_CURVE ( 'NONE', #7284, #8220, #9253, .T. ) ;
#9114 = LINE ( 'NONE', #2179, #5820 ) ;
#9115 = ADVANCED_FACE ( 'NONE', ( #7450 ), #5016, .F. ) ;
#9116 = CARTESIAN_POINT ( 'NONE',  ( 0.2135826771653937250, 0.2165354330708373909, -0.2185039370078444843 ) ) ;
#9117 = ORIENTED_EDGE ( 'NONE', *, *, #2274, .T. ) ;
#9118 = CARTESIAN_POINT ( 'NONE',  ( 0.2909448818897638067, 0.2106299212598126414, 0.09921259842522638095 ) ) ;
#9119 = CIRCLE ( 'NONE', #4252, 0.02460629921259841271 ) ;
#9120 = ORIENTED_EDGE ( 'NONE', *, *, #291, .T. ) ;
#9121 = LINE ( 'NONE', #3087, #10090 ) ;
#9122 = DIRECTION ( 'NONE',  ( -0.9520922816978468761, 1.067732939662159826E-15, -0.3058108682362149500 ) ) ;
#9123 = DIRECTION ( 'NONE',  ( 0.000000000000000000, -0.8375070198036267399, 0.5464265657704130419 ) ) ;
#9124 = VECTOR ( 'NONE', #3534, 39.37007874015748143 ) ;
#9125 = PLANE ( 'NONE',  #2328 ) ;
#9126 = CLOSED_SHELL ( 'NONE', ( #2942, #5786, #2160, #6544, #1112, #3341, #838, #10624, #6875, #8713, #11114, #199, #135, #8361 ) ) ;
#9127 = PLANE ( 'NONE',  #5295 ) ;
#9128 = ORIENTED_EDGE ( 'NONE', *, *, #6617, .F. ) ;
#9129 = DIRECTION ( 'NONE',  ( -1.000000000000000000, 0.000000000000000000, 0.000000000000000000 ) ) ;
#9130 = DIRECTION ( 'NONE',  ( 0.000000000000000000, 3.491481338843134933E-15, -1.000000000000000000 ) ) ;
#9131 = ADVANCED_FACE ( 'NONE', ( #1528 ), #3321, .T. ) ;
#9132 = ORIENTED_EDGE ( 'NONE', *, *, #9727, .T. ) ;
#9133 = EDGE_LOOP ( 'NONE', ( #9797, #2112, #3455, #951, #5889 ) ) ;
#9134 = VECTOR ( 'NONE', #2053, 39.37007874015748143 ) ;
#9135 = FACE_OUTER_BOUND ( 'NONE', #6764, .T. ) ;
#9136 = VECTOR ( 'NONE', #1097, 39.37007874015748143 ) ;
#9137 = ORIENTED_EDGE ( 'NONE', *, *, #1441, .T. ) ;
#9138 = DIRECTION ( 'NONE',  ( 1.000000000000000000, 0.000000000000000000, 0.000000000000000000 ) ) ;
#9139 = DIRECTION ( 'NONE',  ( -1.000000000000000000, 0.000000000000000000, 0.000000000000000000 ) ) ;
#9140 = AXIS2_PLACEMENT_3D ( 'NONE', #1, #2481, #6865 ) ;
#9141 = EDGE_CURVE ( 'NONE', #8829, #3639, #572, .T. ) ;
#9142 = ORIENTED_EDGE ( 'NONE', *, *, #811, .T. ) ;
#9143 = CARTESIAN_POINT ( 'NONE',  ( -0.1181102362204724532, 0.2421259842519393746, -0.07795275590548228495 ) ) ;
#9144 = ORIENTED_EDGE ( 'NONE', *, *, #7221, .F. ) ;
#9145 = ORIENTED_EDGE ( 'NONE', *, *, #7111, .F. ) ;
#9146 = LINE ( 'NONE', #5020, #4139 ) ;
#9147 = EDGE_LOOP ( 'NONE', ( #6592, #6441, #7792, #2059, #3872, #1349 ) ) ;
#9148 = CYLINDRICAL_SURFACE ( 'NONE', #3429, 0.005905511811023620231 ) ;
#9149 = VERTEX_POINT ( 'NONE', #1477 ) ;
#9150 = CIRCLE ( 'NONE', #2668, 0.01968503937007876764 ) ;
#9151 = PLANE ( 'NONE',  #9329 ) ;
#9152 = EDGE_CURVE ( 'NONE', #7774, #5511, #2316, .T. ) ;
#9153 = LINE ( 'NONE', #1430, #10545 ) ;
#9154 = LINE ( 'NONE', #8988, #8241 ) ;
#9155 = CARTESIAN_POINT ( 'NONE',  ( -0.1781496062992126150, 0.2440944881889468288, 0.0007874015747934192061 ) ) ;
#9156 = CARTESIAN_POINT ( 'NONE',  ( -0.2135826771653543399, 0.2165354330708373909, -0.2480314960629626253 ) ) ;
#9157 = AXIS2_PLACEMENT_3D ( 'NONE', #2991, #1022, #6198 ) ;
#9158 = EDGE_LOOP ( 'NONE', ( #6528, #4136, #10795, #9200, #3690 ) ) ;
#9159 = CARTESIAN_POINT ( 'NONE',  ( -0.1998031496062991907, 0.2362204724409153467, 0.05986524456920295362 ) ) ;
#9160 = EDGE_LOOP ( 'NONE', ( #2130, #1809, #226, #8114 ) ) ;
#9161 = VERTEX_POINT ( 'NONE', #2427 ) ;
#9162 = PLANE ( 'NONE',  #10449 ) ;
#9163 = EDGE_CURVE ( 'NONE', #2281, #8197, #7391, .T. ) ;
#9164 = AXIS2_PLACEMENT_3D ( 'NONE', #7169, #5474, #8919 ) ;
#9165 = DIRECTION ( 'NONE',  ( 0.000000000000000000, 1.000000000000000000, 3.491481338843134933E-15 ) ) ;
#9166 = CARTESIAN_POINT ( 'NONE',  ( -0.1131889763779527630, 0.2605808468465059535, -0.009969026885245903247 ) ) ;
#9167 = DIRECTION ( 'NONE',  ( 0.000000000000000000, 3.491481338843134933E-15, -1.000000000000000000 ) ) ;
#9168 = ORIENTED_EDGE ( 'NONE', *, *, #5771, .T. ) ;
#9169 = DIRECTION ( 'NONE',  ( 0.000000000000000000, 3.491481338843135327E-15, -1.000000000000000000 ) ) ;
#9170 = DIRECTION ( 'NONE',  ( 2.262277740838999599E-13, 3.491481338843134933E-15, -1.000000000000000000 ) ) ;
#9171 = ORIENTED_EDGE ( 'NONE', *, *, #7952, .T. ) ;
#9172 = CARTESIAN_POINT ( 'NONE',  ( -0.1820866139388976346, 0.2224409448818610024, -0.2185039370078444843 ) ) ;
#9173 = VERTEX_POINT ( 'NONE', #10944 ) ;
#9174 = VECTOR ( 'NONE', #10444, 39.37007874015748143 ) ;
#9175 = LINE ( 'NONE', #4152, #5757 ) ;
#9176 = EDGE_LOOP ( 'NONE', ( #2821, #361, #4528, #6427 ) ) ;
#9177 = ADVANCED_FACE ( 'NONE', ( #679 ), #4119, .F. ) ;
#9178 = EDGE_CURVE ( 'NONE', #2471, #8431, #3211, .T. ) ;
#9179 = DIRECTION ( 'NONE',  ( 0.000000000000000000, 0.8919727971616542295, 0.4520890721125805922 ) ) ;
#9180 = LINE ( 'NONE', #6519, #7065 ) ;
#9181 = VECTOR ( 'NONE', #5620, 39.37007874015748143 ) ;
#9182 = DIRECTION ( 'NONE',  ( 0.000000000000000000, -3.491481338843134933E-15, 1.000000000000000000 ) ) ;
#9183 = DIRECTION ( 'NONE',  ( -1.000000000000000000, 0.000000000000000000, 0.000000000000000000 ) ) ;
#9184 = ORIENTED_EDGE ( 'NONE', *, *, #8497, .F. ) ;
#9185 = CARTESIAN_POINT ( 'NONE',  ( 0.06003937007874016185, 0.2440944881889468288, 0.0007874015747934192061 ) ) ;
#9186 = DIRECTION ( 'NONE',  ( 0.000000000000000000, 0.8919727971616544515, 0.4520890721125807588 ) ) ;
#9187 = CARTESIAN_POINT ( 'NONE',  ( 0.2850393700787401952, 0.2106299212598129744, 0.05787401574806102372 ) ) ;
#9188 = ORIENTED_EDGE ( 'NONE', *, *, #7773, .T. ) ;
#9189 = CIRCLE ( 'NONE', #9547, 0.02460629921259841271 ) ;
#9190 = AXIS2_PLACEMENT_3D ( 'NONE', #2462, #4263, #4208 ) ;
#9191 = CARTESIAN_POINT ( 'NONE',  ( -0.2135826771653543399, 0.2106299212598137516, -0.2125984251968208727 ) ) ;
#9192 = VERTEX_POINT ( 'NONE', #9083 ) ;
#9193 = EDGE_CURVE ( 'NONE', #2604, #3110, #11055, .T. ) ;
#9194 = DIRECTION ( 'NONE',  ( -0.000000000000000000, -0.8919727971616544515, -0.4520890721125807588 ) ) ;
#9195 = CARTESIAN_POINT ( 'NONE',  ( -0.2135826771653543399, 0.2165354330708373909, -0.2480314960629626253 ) ) ;
#9196 = AXIS2_PLACEMENT_3D ( 'NONE', #9155, #4925, #11109 ) ;
#9197 = LINE ( 'NONE', #734, #2090 ) ;
#9198 = VECTOR ( 'NONE', #10509, 39.37007874015748143 ) ;
#9199 = VERTEX_POINT ( 'NONE', #3106 ) ;
#9200 = ORIENTED_EDGE ( 'NONE', *, *, #3677, .T. ) ;
#9201 = ORIENTED_EDGE ( 'NONE', *, *, #4535, .F. ) ;
#9202 = LINE ( 'NONE', #3275, #5212 ) ;
#9203 = VERTEX_POINT ( 'NONE', #10038 ) ;
#9204 = DIRECTION ( 'NONE',  ( -1.000000000000000000, 0.000000000000000000, -4.547288471648395214E-11 ) ) ;
#9205 = ORIENTED_EDGE ( 'NONE', *, *, #10641, .F. ) ;
#9206 = AXIS2_PLACEMENT_3D ( 'NONE', #1682, #4275, #7719 ) ;
#9207 = CIRCLE ( 'NONE', #563, 0.005905511811082679759 ) ;
#9208 = EDGE_CURVE ( 'NONE', #10016, #1879, #6917, .T. ) ;
#9209 = CARTESIAN_POINT ( 'NONE',  ( 0.04330708661417323468, 0.2421259842519385974, 0.07952755905514784229 ) ) ;
#9210 = LINE ( 'NONE', #3967, #6389 ) ;
#9211 = AXIS2_PLACEMENT_3D ( 'NONE', #4082, #6776, #7521 ) ;
#9212 = CARTESIAN_POINT ( 'NONE',  ( -0.2618110236220472231, 0.2125984251968200955, 0.2468503937008169891 ) ) ;
#9213 = DIRECTION ( 'NONE',  ( -1.000000000000000000, 0.000000000000000000, 0.000000000000000000 ) ) ;
#9214 = FACE_OUTER_BOUND ( 'NONE', #6513, .T. ) ;
#9215 = ORIENTED_EDGE ( 'NONE', *, *, #8133, .F. ) ;
#9216 = PRODUCT ( 'CUI_DEVICES_MSD-11-A', 'CUI_DEVICES_MSD-11-A', '', ( #10401 ) ) ;
#9217 = DIRECTION ( 'NONE',  ( 0.000000000000000000, 1.000000000000000000, 3.491481338843134933E-15 ) ) ;
#9218 = ORIENTED_EDGE ( 'NONE', *, *, #6057, .F. ) ;
#9219 = ORIENTED_EDGE ( 'NONE', *, *, #6286, .T. ) ;
#9220 = CARTESIAN_POINT ( 'NONE',  ( 0.08661417322834646937, 0.2125984251968212890, -0.07795275590548228495 ) ) ;
#9221 = ADVANCED_FACE ( 'NONE', ( #7505 ), #1357, .T. ) ;
#9222 = EDGE_CURVE ( 'NONE', #6760, #6191, #3271, .T. ) ;
#9223 = VECTOR ( 'NONE', #2736, 39.37007874015748143 ) ;
#9224 = PLANE ( 'NONE',  #5455 ) ;
#9225 = CARTESIAN_POINT ( 'NONE',  ( 0.06397637818759842332, 0.2165354330708373909, -0.2185039370078444843 ) ) ;
#9226 = CARTESIAN_POINT ( 'NONE',  ( 0.09995424143488189361, 0.2834645669291035452, 0.2055353207559354189 ) ) ;
#9227 = VERTEX_POINT ( 'NONE', #8247 ) ;
#9228 = DIRECTION ( 'NONE',  ( 0.000000000000000000, 1.000000000000000000, 3.491481338843135327E-15 ) ) ;
#9229 = DIRECTION ( 'NONE',  ( -1.000000000000000000, 0.000000000000000000, 0.000000000000000000 ) ) ;
#9230 = ORIENTED_EDGE ( 'NONE', *, *, #8738, .T. ) ;
#9231 = DIRECTION ( 'NONE',  ( 0.000000000000000000, 1.000000000000000000, 3.491481338843134933E-15 ) ) ;
#9232 = EDGE_CURVE ( 'NONE', #9192, #3528, #8359, .T. ) ;
#9233 = ORIENTED_EDGE ( 'NONE', *, *, #6072, .F. ) ;
#9234 = CARTESIAN_POINT ( 'NONE',  ( -0.1958661417192913701, 0.2125984251968208727, -0.2125984251968208727 ) ) ;
#9235 = ORIENTED_EDGE ( 'NONE', *, *, #4421, .F. ) ;
#9236 = EDGE_CURVE ( 'NONE', #4148, #4057, #1416, .T. ) ;
#9237 = DIRECTION ( 'NONE',  ( 0.000000000000000000, -1.000000000000000000, -3.491481338843135327E-15 ) ) ;
#9238 = VECTOR ( 'NONE', #4551, 39.37007874015748143 ) ;
#9239 = CARTESIAN_POINT ( 'NONE',  ( -0.1744460153224803300, 0.2125984251968200955, 0.2442895309760138023 ) ) ;
#9240 = CARTESIAN_POINT ( 'NONE',  ( -0.1525590548837795490, 0.2224409448818610024, -0.2132217023430929281 ) ) ;
#9241 = PLANE ( 'NONE',  #10527 ) ;
#9242 = ORIENTED_EDGE ( 'NONE', *, *, #9100, .F. ) ;
#9243 = DIRECTION ( 'NONE',  ( 0.000000000000000000, -2.478176394252581732E-15, 1.000000000000000000 ) ) ;
#9244 = DIRECTION ( 'NONE',  ( 0.000000000000000000, -3.491481338843134933E-15, 1.000000000000000000 ) ) ;
#9245 = PLANE ( 'NONE',  #7223 ) ;
#9246 = EDGE_CURVE ( 'NONE', #7272, #7755, #6307, .T. ) ;
#9247 = EDGE_CURVE ( 'NONE', #349, #7402, #8179, .T. ) ;
#9248 = VERTEX_POINT ( 'NONE', #288 ) ;
#9249 = DIRECTION ( 'NONE',  ( 0.000000000000000000, -3.491481338843134933E-15, 1.000000000000000000 ) ) ;
#9250 = ORIENTED_EDGE ( 'NONE', *, *, #9081, .T. ) ;
#9251 = EDGE_CURVE ( 'NONE', #3636, #10853, #2930, .T. ) ;
#9252 = DIRECTION ( 'NONE',  ( -1.000000000000000000, 0.000000000000000000, 0.000000000000000000 ) ) ;
#9253 = LINE ( 'NONE', #3156, #2239 ) ;
#9254 = DIRECTION ( 'NONE',  ( 0.000000000000000000, -1.000000000000000000, -3.491481338843135327E-15 ) ) ;
#9255 = EDGE_CURVE ( 'NONE', #9441, #10101, #8858, .T. ) ;
#9256 = ORIENTED_EDGE ( 'NONE', *, *, #9255, .F. ) ;
#9257 = ORIENTED_EDGE ( 'NONE', *, *, #7426, .T. ) ;
#9258 = EDGE_CURVE ( 'NONE', #7967, #7438, #8068, .T. ) ;
#9259 = LINE ( 'NONE', #7340, #365 ) ;
#9260 = ORIENTED_EDGE ( 'NONE', *, *, #10989, .T. ) ;
#9261 = DIRECTION ( 'NONE',  ( 0.000000000000000000, -1.000000000000000000, -2.891205793294679411E-15 ) ) ;
#9262 = ORIENTED_EDGE ( 'NONE', *, *, #3457, .F. ) ;
#9263 = LINE ( 'NONE', #7573, #4658 ) ;
#9264 = VECTOR ( 'NONE', #8465, 39.37007874015748143 ) ;
#9265 = DIRECTION ( 'NONE',  ( 6.584800931653000441E-12, 3.491481338843134933E-15, -1.000000000000000000 ) ) ;
#9266 = DIRECTION ( 'NONE',  ( 1.000000000000000000, 0.000000000000000000, 0.000000000000000000 ) ) ;
#9267 = CARTESIAN_POINT ( 'NONE',  ( -0.1820866139388976346, 0.2125984251968161542, -0.2066929133857224599 ) ) ;
#9268 = EDGE_LOOP ( 'NONE', ( #8172, #3552, #5427, #442, #3768, #1451, #8777 ) ) ;
#9269 = EDGE_CURVE ( 'NONE', #3192, #3507, #10889, .T. ) ;
#9270 = FACE_OUTER_BOUND ( 'NONE', #3879, .T. ) ;
#9271 = ORIENTED_EDGE ( 'NONE', *, *, #2226, .F. ) ;
#9272 = ORIENTED_EDGE ( 'NONE', *, *, #615, .F. ) ;
#9273 = CARTESIAN_POINT ( 'NONE',  ( -0.2047244094488189226, 0.2421259842519385974, 0.07952755905514784229 ) ) ;
#9274 = VECTOR ( 'NONE', #2470, 39.37007874015748143 ) ;
#9275 = CARTESIAN_POINT ( 'NONE',  ( -0.2283464566929133688, 0.2421259842519393746, -0.1082677165354035409 ) ) ;
#9276 = DIRECTION ( 'NONE',  ( 0.000000000000000000, -3.491481338843134933E-15, 1.000000000000000000 ) ) ;
#9277 = AXIS2_PLACEMENT_3D ( 'NONE', #3515, #2564, #5991 ) ;
#9278 = ORIENTED_EDGE ( 'NONE', *, *, #4131, .T. ) ;
#9279 = CARTESIAN_POINT ( 'NONE',  ( -0.2850393700787008378, 0.2165354330708362252, 0.06479275320034448560 ) ) ;
#9280 = DIRECTION ( 'NONE',  ( -1.000000000000000000, 0.000000000000000000, 0.000000000000000000 ) ) ;
#9281 = ORIENTED_EDGE ( 'NONE', *, *, #2294, .F. ) ;
#9282 = ADVANCED_FACE ( 'NONE', ( #9756 ), #5406, .F. ) ;
#9283 = FACE_OUTER_BOUND ( 'NONE', #1425, .T. ) ;
#9284 = ORIENTED_EDGE ( 'NONE', *, *, #1214, .T. ) ;
#9285 = CARTESIAN_POINT ( 'NONE',  ( 0.1505905511814173148, 0.2224409448818610024, -0.2125984251968208727 ) ) ;
#9286 = ORIENTED_EDGE ( 'NONE', *, *, #2558, .F. ) ;
#9287 = AXIS2_PLACEMENT_3D ( 'NONE', #7380, #10878, #4902 ) ;
#9288 = DIRECTION ( 'NONE',  ( 0.000000000000000000, 0.8919727971616542295, 0.4520890721125805922 ) ) ;
#9289 = LINE ( 'NONE', #5952, #7791 ) ;
#9290 = ORIENTED_EDGE ( 'NONE', *, *, #2396, .F. ) ;
#9291 = CARTESIAN_POINT ( 'NONE',  ( -0.2850393700787008378, 0.2165354330708362252, 0.1051181102362499925 ) ) ;
#9292 = VERTEX_POINT ( 'NONE', #1238 ) ;
#9293 = DIRECTION ( 'NONE',  ( 0.000000000000000000, -1.000000000000000000, -3.491481338843134933E-15 ) ) ;
#9294 = DIRECTION ( 'NONE',  ( 7.697546303959999083E-14, 5.669913453851430675E-13, -1.000000000000000000 ) ) ;
#9295 = CIRCLE ( 'NONE', #2989, 0.02952755905511810289 ) ;
#9296 = ADVANCED_FACE ( 'NONE', ( #9639 ), #4676, .T. ) ;
#9297 = FACE_OUTER_BOUND ( 'NONE', #2852, .T. ) ;
#9298 = VERTEX_POINT ( 'NONE', #6413 ) ;
#9299 = PLANE ( 'NONE',  #390 ) ;
#9300 = ORIENTED_EDGE ( 'NONE', *, *, #2254, .T. ) ;
#9301 = VECTOR ( 'NONE', #10248, 39.37007874015748143 ) ;
#9302 = DIRECTION ( 'NONE',  ( 1.000000000000000000, 0.000000000000000000, 0.000000000000000000 ) ) ;
#9303 = EDGE_CURVE ( 'NONE', #7986, #3639, #7158, .T. ) ;
#9304 = CARTESIAN_POINT ( 'NONE',  ( 0.9444047244094487814, 0.2224409448818610024, -0.2132217023432760039 ) ) ;
#9305 = DIRECTION ( 'NONE',  ( 0.000000000000000000, 3.491481338843134933E-15, -1.000000000000000000 ) ) ;
#9306 = FACE_BOUND ( 'NONE', #10344, .T. ) ;
#9307 = VERTEX_POINT ( 'NONE', #9863 ) ;
#9308 = VECTOR ( 'NONE', #10014, 39.37007874015748143 ) ;
#9309 = EDGE_LOOP ( 'NONE', ( #1545, #3781, #3240, #3335, #1075, #8612, #840 ) ) ;
#9310 = VECTOR ( 'NONE', #1443, 39.37007874015748143 ) ;
#9311 = DIRECTION ( 'NONE',  ( 0.000000000000000000, -3.491481338843134933E-15, 1.000000000000000000 ) ) ;
#9312 = EDGE_LOOP ( 'NONE', ( #10882, #2648, #1793, #9867 ) ) ;
#9313 = CARTESIAN_POINT ( 'NONE',  ( -0.04822834645669291098, 0.2303149606298921792, -0.07795275590552164235 ) ) ;
#9314 = ORIENTED_EDGE ( 'NONE', *, *, #4131, .F. ) ;
#9315 = EDGE_CURVE ( 'NONE', #11033, #5299, #1181, .T. ) ;
#9316 = VECTOR ( 'NONE', #8536, 39.37007874015748143 ) ;
#9317 = FACE_OUTER_BOUND ( 'NONE', #591, .T. ) ;
#9318 = EDGE_CURVE ( 'NONE', #7203, #4762, #1068, .T. ) ;
#9319 = DIRECTION ( 'NONE',  ( 0.000000000000000000, 3.491481338843134933E-15, -1.000000000000000000 ) ) ;
#9320 = LINE ( 'NONE', #8591, #4644 ) ;
#9321 = FACE_OUTER_BOUND ( 'NONE', #8442, .T. ) ;
#9322 = ORIENTED_EDGE ( 'NONE', *, *, #10873, .T. ) ;
#9323 = LINE ( 'NONE', #10962, #8860 ) ;
#9324 = EDGE_LOOP ( 'NONE', ( #7599, #6975, #8792, #7928 ) ) ;
#9325 = ORIENTED_EDGE ( 'NONE', *, *, #701, .F. ) ;
#9326 = CIRCLE ( 'NONE', #2850, 0.01968503937007876764 ) ;
#9327 = CARTESIAN_POINT ( 'NONE',  ( 0.2318897637795275801, 0.2834645669291047665, -0.09763779527556082360 ) ) ;
#9328 = EDGE_CURVE ( 'NONE', #9543, #6619, #1132, .T. ) ;
#9329 = AXIS2_PLACEMENT_3D ( 'NONE', #689, #1594, #1426 ) ;
#9330 = DIRECTION ( 'NONE',  ( 0.000000000000000000, 0.5464265657704129309, 0.8375070198036269620 ) ) ;
#9331 = DIRECTION ( 'NONE',  ( 0.000000000000000000, 1.000000000000000000, 3.491481338843135327E-15 ) ) ;
#9332 = ORIENTED_EDGE ( 'NONE', *, *, #4074, .T. ) ;
#9333 = CARTESIAN_POINT ( 'NONE',  ( 0.2771653543307086576, 0.2224409448818598367, 0.1051181102362502007 ) ) ;
#9334 = DIRECTION ( 'NONE',  ( 0.000000000000000000, -2.891205793294678622E-15, 1.000000000000000000 ) ) ;
#9335 = VERTEX_POINT ( 'NONE', #2873 ) ;
#9336 = CALENDAR_DATE ( 2024, 1, 8 ) ;
#9337 = DIRECTION ( 'NONE',  ( 0.000000000000000000, 3.491481338843134933E-15, -1.000000000000000000 ) ) ;
#9338 = ORIENTED_EDGE ( 'NONE', *, *, #6822, .T. ) ;
#9339 = VERTEX_POINT ( 'NONE', #4841 ) ;
#9340 = CARTESIAN_POINT ( 'NONE',  ( -0.09547244071035433655, 0.2125984251967732441, -0.2066929133855767986 ) ) ;
#9341 = ORIENTED_EDGE ( 'NONE', *, *, #46, .F. ) ;
#9342 = VECTOR ( 'NONE', #7335, 39.37007874015748143 ) ;
#9343 = EDGE_CURVE ( 'NONE', #8180, #57, #4898, .T. ) ;
#9344 = LINE ( 'NONE', #5057, #8616 ) ;
#9345 = DIRECTION ( 'NONE',  ( 1.000000000000000000, 0.000000000000000000, 0.000000000000000000 ) ) ;
#9346 = EDGE_LOOP ( 'NONE', ( #7077, #11035, #3960, #6829, #7823, #6777 ) ) ;
#9347 = CARTESIAN_POINT ( 'NONE',  ( 0.1549896822519291339, 0.2834645669291035452, 0.2314365286929433163 ) ) ;
#9348 = ORIENTED_EDGE ( 'NONE', *, *, #10156, .F. ) ;
#9349 = CARTESIAN_POINT ( 'NONE',  ( 0.08169291338582677919, 0.2351129816986712584, -0.03819606597134834330 ) ) ;
#9350 = VECTOR ( 'NONE', #4567, 39.37007874015748143 ) ;
#9351 = CARTESIAN_POINT ( 'NONE',  ( -0.2135826771653543399, 0.2106299212598137516, -0.2480314960629626253 ) ) ;
#9352 = DIRECTION ( 'NONE',  ( 0.000000000000000000, 0.8375070198036268510, -0.5464265657704128198 ) ) ;
#9353 = ORIENTED_EDGE ( 'NONE', *, *, #2816, .T. ) ;
#9354 = CARTESIAN_POINT ( 'NONE',  ( 0.2135826771653543399, 0.2224409448818610024, -0.2125984251968208727 ) ) ;
#9355 = ORIENTED_EDGE ( 'NONE', *, *, #3216, .F. ) ;
#9356 = VECTOR ( 'NONE', #629, 39.37007874015748143 ) ;
#9357 = EDGE_CURVE ( 'NONE', #10497, #10462, #7828, .T. ) ;
#9358 = DIRECTION ( 'NONE',  ( -1.000000000000000000, 0.000000000000000000, 0.000000000000000000 ) ) ;
#9359 = EDGE_CURVE ( 'NONE', #1269, #279, #4048, .T. ) ;
#9360 = LINE ( 'NONE', #9524, #7725 ) ;
#9361 = LINE ( 'NONE', #6922, #2627 ) ;
#9362 = AXIS2_PLACEMENT_3D ( 'NONE', #791, #1491, #1373 ) ;
#9363 = ORIENTED_EDGE ( 'NONE', *, *, #4799, .T. ) ;
#9364 = ORIENTED_EDGE ( 'NONE', *, *, #7180, .F. ) ;
#9365 = CARTESIAN_POINT ( 'NONE',  ( -0.04330708661417323468, 0.2421259842519393746, -0.07795275590548228495 ) ) ;
#9366 = ORIENTED_EDGE ( 'NONE', *, *, #5644, .F. ) ;
#9367 = EDGE_CURVE ( 'NONE', #5973, #5683, #557, .T. ) ;
#9368 = CARTESIAN_POINT ( 'NONE',  ( -0.2771653543307086576, 0.2165354330708362252, 0.1051181102362499925 ) ) ;
#9369 = EDGE_LOOP ( 'NONE', ( #7844, #4352, #2114, #780 ) ) ;
#9370 = AXIS2_PLACEMENT_3D ( 'NONE', #11153, #5006, #8457 ) ;
#9371 = VECTOR ( 'NONE', #1034, 39.37007874015748143 ) ;
#9372 = CARTESIAN_POINT ( 'NONE',  ( 0.1744460153211417341, 0.2421259842519382366, 0.2442895309752263766 ) ) ;
#9373 = DIRECTION ( 'NONE',  ( 0.000000000000000000, -3.491481338843134933E-15, 1.000000000000000000 ) ) ;
#9374 = DIRECTION ( 'NONE',  ( -1.000000000000000000, 0.000000000000000000, 0.000000000000000000 ) ) ;
#9375 = ORIENTED_EDGE ( 'NONE', *, *, #1541, .F. ) ;
#9376 = DIRECTION ( 'NONE',  ( 0.000000000000000000, 3.491481338843134933E-15, -1.000000000000000000 ) ) ;
#9377 = VECTOR ( 'NONE', #6625, 39.37007874015748143 ) ;
#9378 = ORIENTED_EDGE ( 'NONE', *, *, #6371, .T. ) ;
#9379 = ORIENTED_EDGE ( 'NONE', *, *, #5243, .F. ) ;
#9380 = ADVANCED_FACE ( 'NONE', ( #3996 ), #5677, .F. ) ;
#9381 = AXIS2_PLACEMENT_3D ( 'NONE', #808, #10857, #6779 ) ;
#9382 = EDGE_CURVE ( 'NONE', #5061, #10610, #10985, .T. ) ;
#9383 = DIRECTION ( 'NONE',  ( -1.000000000000000000, -0.000000000000000000, 0.000000000000000000 ) ) ;
#9384 = EDGE_CURVE ( 'NONE', #959, #4832, #8017, .T. ) ;
#9385 = CIRCLE ( 'NONE', #8141, 0.02952755905511810289 ) ;
#9386 = VECTOR ( 'NONE', #3265, 39.37007874015748854 ) ;
#9387 = DIRECTION ( 'NONE',  ( -1.000000000000000000, 0.000000000000000000, 0.000000000000000000 ) ) ;
#9388 = CARTESIAN_POINT ( 'NONE',  ( -0.1564960629921260116, 0.2303149606298921792, -0.07795275590552164235 ) ) ;
#9389 = ORIENTED_EDGE ( 'NONE', *, *, #677, .T. ) ;
#9390 = DIRECTION ( 'NONE',  ( 0.000000000000000000, 3.491481338843134933E-15, -1.000000000000000000 ) ) ;
#9391 = CARTESIAN_POINT ( 'NONE',  ( 0.03838582677165354451, 0.2598425196850102648, -0.05433070866142700878 ) ) ;
#9392 = VERTEX_POINT ( 'NONE', #10874 ) ;
#9393 = LINE ( 'NONE', #5101, #1466 ) ;
#9394 = EDGE_LOOP ( 'NONE', ( #6515, #2362, #6628, #9870, #9719, #10961 ) ) ;
#9395 = VERTEX_POINT ( 'NONE', #2191 ) ;
#9396 = ADVANCED_FACE ( 'NONE', ( #501 ), #9127, .T. ) ;
#9397 = DIRECTION ( 'NONE',  ( 1.000000000000000000, 0.000000000000000000, 0.000000000000000000 ) ) ;
#9398 = ORIENTED_EDGE ( 'NONE', *, *, #2129, .T. ) ;
#9399 = VECTOR ( 'NONE', #9714, 39.37007874015748143 ) ;
#9400 = DIRECTION ( 'NONE',  ( 0.000000000000000000, -3.491481338843134933E-15, 1.000000000000000000 ) ) ;
#9401 = FACE_OUTER_BOUND ( 'NONE', #3264, .T. ) ;
#9402 = DIRECTION ( 'NONE',  ( -0.9113956592655207967, 1.436853605682325841E-15, -0.4115312287931094937 ) ) ;
#9403 = ORIENTED_EDGE ( 'NONE', *, *, #2592, .F. ) ;
#9404 = VECTOR ( 'NONE', #4672, 39.37007874015748143 ) ;
#9405 = DIRECTION ( 'NONE',  ( 0.000000000000000000, -1.000000000000000000, -3.491481338843135327E-15 ) ) ;
#9406 = DIRECTION ( 'NONE',  ( -0.000000000000000000, -1.000000000000000000, -3.491481338843134933E-15 ) ) ;
#9407 = DIRECTION ( 'NONE',  ( -1.000000000000000000, 0.000000000000000000, 0.000000000000000000 ) ) ;
#9408 = EDGE_CURVE ( 'NONE', #10213, #9080, #1461, .T. ) ;
#9409 = EDGE_LOOP ( 'NONE', ( #7591, #2009, #5080, #4258 ) ) ;
#9410 = CARTESIAN_POINT ( 'NONE',  ( 0.2712598425196850460, 0.2145669291338295481, -0.2125984251968208727 ) ) ;
#9411 = EDGE_LOOP ( 'NONE', ( #5640, #8115, #2530, #6784 ) ) ;
#9412 = AXIS2_PLACEMENT_3D ( 'NONE', #10380, #7528, #1815 ) ;
#9413 = LINE ( 'NONE', #8630, #5886 ) ;
#9414 = DIRECTION ( 'NONE',  ( 0.000000000000000000, 1.000000000000000000, 3.491481338843135327E-15 ) ) ;
#9415 = DIRECTION ( 'NONE',  ( 0.000000000000000000, -1.000000000000000000, -3.491481338843134933E-15 ) ) ;
#9416 = FACE_OUTER_BOUND ( 'NONE', #8250, .T. ) ;
#9417 = ORIENTED_EDGE ( 'NONE', *, *, #7753, .T. ) ;
#9418 = EDGE_CURVE ( 'NONE', #8526, #564, #6575, .T. ) ;
#9419 = ADVANCED_FACE ( 'NONE', ( #2361 ), #10027, .T. ) ;
#9420 = CARTESIAN_POINT ( 'NONE',  ( 0.04330708661417323468, 0.2125984251968204841, 0.07952755905514763413 ) ) ;
#9421 = EDGE_LOOP ( 'NONE', ( #3326, #4988, #10478, #351, #7627 ) ) ;
#9422 = LINE ( 'NONE', #6024, #216 ) ;
#9423 = VERTEX_POINT ( 'NONE', #5790 ) ;
#9424 = CARTESIAN_POINT ( 'NONE',  ( 0.06397637818759842332, 0.2165354330708373909, -0.2185039370078444843 ) ) ;
#9425 = CARTESIAN_POINT ( 'NONE',  ( -0.09995424143512335324, 0.2834645669291034897, 0.2055353207560500217 ) ) ;
#9426 = ADVANCED_FACE ( 'NONE', ( #3034 ), #9241, .F. ) ;
#9427 = DIRECTION ( 'NONE',  ( 0.000000000000000000, 3.491481338843134933E-15, -1.000000000000000000 ) ) ;
#9428 = DIRECTION ( 'NONE',  ( -1.000000000000000000, 0.000000000000000000, 0.000000000000000000 ) ) ;
#9429 = CARTESIAN_POINT ( 'NONE',  ( -0.04822834645669291098, 0.2351129816986712584, -0.03819606597134834330 ) ) ;
#9430 = ORIENTED_EDGE ( 'NONE', *, *, #4763, .F. ) ;
#9431 = EDGE_CURVE ( 'NONE', #9543, #4265, #5735, .T. ) ;
#9432 = ADVANCED_FACE ( 'NONE', ( #667 ), #611, .T. ) ;
#9433 = DIRECTION ( 'NONE',  ( 0.000000000000000000, 1.000000000000000000, 3.491481338843134933E-15 ) ) ;
#9434 = ORIENTED_EDGE ( 'NONE', *, *, #2252, .T. ) ;
#9435 = ORIENTED_EDGE ( 'NONE', *, *, #4033, .F. ) ;
#9436 = DIRECTION ( 'NONE',  ( 0.000000000000000000, 3.491481338843135327E-15, -1.000000000000000000 ) ) ;
#9437 = EDGE_CURVE ( 'NONE', #8061, #5399, #5842, .T. ) ;
#9438 = DIRECTION ( 'NONE',  ( -1.000000000000000000, -0.000000000000000000, 0.000000000000000000 ) ) ;
#9439 = EDGE_CURVE ( 'NONE', #63, #2168, #7324, .T. ) ;
#9440 = DIRECTION ( 'NONE',  ( 0.000000000000000000, -3.491481338843134933E-15, 1.000000000000000000 ) ) ;
#9441 = VERTEX_POINT ( 'NONE', #10821 ) ;
#9442 = LINE ( 'NONE', #2453, #8779 ) ;
#9443 =( LENGTH_UNIT ( ) NAMED_UNIT ( * ) SI_UNIT ( $, .METRE. ) );
#9444 = VERTEX_POINT ( 'NONE', #3092 ) ;
#9445 = COORDINATED_UNIVERSAL_TIME_OFFSET ( 0, 0, .AHEAD. ) ;
#9446 = CARTESIAN_POINT ( 'NONE',  ( -0.1345525796377165517, 0.2125984251968200955, 0.2201693093382184885 ) ) ;
#9447 = ORIENTED_EDGE ( 'NONE', *, *, #2238, .T. ) ;
#9448 = ORIENTED_EDGE ( 'NONE', *, *, #1927, .T. ) ;
#9449 = CARTESIAN_POINT ( 'NONE',  ( -0.1348425196850394081, 0.2598425196850102648, -0.05433070866142700878 ) ) ;
#9450 = VERTEX_POINT ( 'NONE', #5060 ) ;
#9451 = AXIS2_PLACEMENT_3D ( 'NONE', #6690, #9973, #10138 ) ;
#9452 = DIRECTION ( 'NONE',  ( 1.000000000000000000, 0.000000000000000000, 0.000000000000000000 ) ) ;
#9453 = EDGE_CURVE ( 'NONE', #6094, #383, #8562, .T. ) ;
#9454 = CARTESIAN_POINT ( 'NONE',  ( 0.1780224714964566968, 0.2421259842519382366, 0.2463342029606594985 ) ) ;
#9455 = EDGE_CURVE ( 'NONE', #7959, #3412, #4328, .T. ) ;
#9456 = DIRECTION ( 'NONE',  ( 0.000000000000000000, 3.491481338843134933E-15, -1.000000000000000000 ) ) ;
#9457 = ORIENTED_EDGE ( 'NONE', *, *, #9208, .T. ) ;
#9458 = PLANE ( 'NONE',  #10747 ) ;
#9459 = DIRECTION ( 'NONE',  ( 0.000000000000000000, 1.000000000000000000, 3.491481338843135327E-15 ) ) ;
#9460 = DIRECTION ( 'NONE',  ( 0.000000000000000000, -3.469446951953614189E-15, 1.000000000000000000 ) ) ;
#9461 = AXIS2_PLACEMENT_3D ( 'NONE', #3119, #6547, #472 ) ;
#9462 = ORIENTED_EDGE ( 'NONE', *, *, #5199, .T. ) ;
#9463 = CARTESIAN_POINT ( 'NONE',  ( 0.09842519685039370636, 0.2125984251968212890, -0.07795275590548228495 ) ) ;
#9464 = VERTEX_POINT ( 'NONE', #10355 ) ;
#9465 = DIRECTION ( 'NONE',  ( 1.000000000000000000, 0.000000000000000000, 0.000000000000000000 ) ) ;
#9466 = VECTOR ( 'NONE', #2342, 39.37007874015748143 ) ;
#9467 = CARTESIAN_POINT ( 'NONE',  ( -0.2653543307086614345, 0.2145669291338279938, 0.2055118110236515971 ) ) ;
#9468 = EDGE_CURVE ( 'NONE', #3754, #7803, #10305, .T. ) ;
#9469 = CIRCLE ( 'NONE', #4614, 0.01181102362204723699 ) ;
#9470 = PLANE ( 'NONE',  #7137 ) ;
#9471 = CARTESIAN_POINT ( 'NONE',  ( 0.04330708661417323468, 0.2421259842519393746, -0.07795275590548228495 ) ) ;
#9472 = EDGE_LOOP ( 'NONE', ( #7081, #8357, #8968, #10074 ) ) ;
#9473 = DIRECTION ( 'NONE',  ( -1.000000000000000000, -0.000000000000000000, 0.000000000000000000 ) ) ;
#9474 = VERTEX_POINT ( 'NONE', #3364 ) ;
#9475 = AXIS2_PLACEMENT_3D ( 'NONE', #3491, #118, #2589 ) ;
#9476 = DIRECTION ( 'NONE',  ( 1.000000000000000000, 0.000000000000000000, 0.000000000000000000 ) ) ;
#9477 = EDGE_LOOP ( 'NONE', ( #5912, #9974, #168, #2501, #9286, #3279 ) ) ;
#9478 = DIRECTION ( 'NONE',  ( -1.000000000000000000, 0.000000000000000000, 0.000000000000000000 ) ) ;
#9479 = EDGE_CURVE ( 'NONE', #4065, #8368, #49, .T. ) ;
#9480 = CARTESIAN_POINT ( 'NONE',  ( 0.1250000000000000000, 0.2598425196850102648, -0.05433070866142700878 ) ) ;
#9481 = CIRCLE ( 'NONE', #1750, 0.005905511811082662411 ) ;
#9482 = FACE_OUTER_BOUND ( 'NONE', #4885, .T. ) ;
#9483 = CLOSED_SHELL ( 'NONE', ( #1361, #6431, #2593, #10133, #1468, #2659, #7020, #8636, #5409, #3691, #1873, #6992, #8698, #7938 ) ) ;
#9484 = DIRECTION ( 'NONE',  ( -1.000000000000000000, 0.000000000000000000, 0.000000000000000000 ) ) ;
#9485 = DIRECTION ( 'NONE',  ( 0.000000000000000000, 1.000000000000000000, 3.491481338843134933E-15 ) ) ;
#9486 = ORIENTED_EDGE ( 'NONE', *, *, #10489, .F. ) ;
#9487 = FACE_OUTER_BOUND ( 'NONE', #10117, .T. ) ;
#9488 = ORIENTED_EDGE ( 'NONE', *, *, #7566, .T. ) ;
#9489 = ORIENTED_EDGE ( 'NONE', *, *, #5300, .T. ) ;
#9490 = DIRECTION ( 'NONE',  ( 0.000000000000000000, -3.491481338843135327E-15, 1.000000000000000000 ) ) ;
#9491 = CIRCLE ( 'NONE', #1566, 0.005905511811082662411 ) ;
#9492 = EDGE_CURVE ( 'NONE', #4736, #7482, #5954, .T. ) ;
#9493 = ADVANCED_FACE ( 'NONE', ( #3421 ), #7714, .T. ) ;
#9494 = CARTESIAN_POINT ( 'NONE',  ( -0.1092519682694882005, 0.2125984251968074945, -0.2125984251968208727 ) ) ;
#9495 = CARTESIAN_POINT ( 'NONE',  ( -0.1181102362204724532, 0.2125984251968204841, 0.07952755905514763413 ) ) ;
#9496 = VERTEX_POINT ( 'NONE', #103 ) ;
#9497 = DIRECTION ( 'NONE',  ( 0.000000000000000000, -3.491481338843134933E-15, 1.000000000000000000 ) ) ;
#9498 = DIRECTION ( 'NONE',  ( 0.000000000000000000, 0.4520890721125805922, -0.8919727971616542295 ) ) ;
#9499 = AXIS2_PLACEMENT_3D ( 'NONE', #3803, #9997, #2273 ) ;
#9500 = ORIENTED_EDGE ( 'NONE', *, *, #7937, .T. ) ;
#9501 = APPLICATION_PROTOCOL_DEFINITION ( 'international standard', 'config_control_design', 1994, #3003 ) ;
#9502 = CARTESIAN_POINT ( 'NONE',  ( -0.1780224714965354393, 0.2421259842519382366, 0.2463342029606594985 ) ) ;
#9503 = VERTEX_POINT ( 'NONE', #6855 ) ;
#9504 = VERTEX_POINT ( 'NONE', #720 ) ;
#9505 = LINE ( 'NONE', #2742, #3608 ) ;
#9506 = VERTEX_POINT ( 'NONE', #6743 ) ;
#9507 = EDGE_CURVE ( 'NONE', #7857, #7400, #2578, .T. ) ;
#9508 = VECTOR ( 'NONE', #9068, 39.37007874015748143 ) ;
#9509 = LINE ( 'NONE', #47, #9591 ) ;
#9510 = VERTEX_POINT ( 'NONE', #2521 ) ;
#9511 = CARTESIAN_POINT ( 'NONE',  ( 0.07775590574677165856, 0.2224409448818610024, -0.2125984251968208727 ) ) ;
#9512 = VERTEX_POINT ( 'NONE', #9347 ) ;
#9513 = FACE_OUTER_BOUND ( 'NONE', #3944, .T. ) ;
#9514 = CARTESIAN_POINT ( 'NONE',  ( -0.1132526673547244178, 0.2834645669291035452, 0.2105515555275890016 ) ) ;
#9515 = CARTESIAN_POINT ( 'NONE',  ( -0.1387795273246062999, 0.2165354330708373909, -0.2421259842517736183 ) ) ;
#9516 = TOROIDAL_SURFACE ( 'NONE', #6805, 0.01870078740157480462, 0.005905511811023621965 ) ;
#9517 = VERTEX_POINT ( 'NONE', #1625 ) ;
#9518 = ADVANCED_FACE ( 'NONE', ( #9568 ), #8510, .F. ) ;
#9519 = EDGE_CURVE ( 'NONE', #11019, #5681, #6005, .T. ) ;
#9520 = CARTESIAN_POINT ( 'NONE',  ( -0.02657480314960630058, 0.2362204724409157630, -0.07795275590552164235 ) ) ;
#9521 = ORIENTED_EDGE ( 'NONE', *, *, #5704, .F. ) ;
#9522 = DIRECTION ( 'NONE',  ( 0.000000000000000000, -5.782411586589358822E-15, 1.000000000000000000 ) ) ;
#9523 = VECTOR ( 'NONE', #1798, 39.37007874015748854 ) ;
#9524 = CARTESIAN_POINT ( 'NONE',  ( 0.1744460153223622301, 0.2834645669291035452, 0.2442895309760142186 ) ) ;
#9525 = ORIENTED_EDGE ( 'NONE', *, *, #1998, .T. ) ;
#9526 = CARTESIAN_POINT ( 'NONE',  ( 0.2653543307086614345, 0.2145669291338279938, 0.2055118110236515971 ) ) ;
#9527 = CARTESIAN_POINT ( 'NONE',  ( 0.2594488188976378784, 0.2716535433070598193, -0.8130755905511516390 ) ) ;
#9528 = EDGE_LOOP ( 'NONE', ( #5811, #3360, #7173, #5477, #6844, #4501, #10454, #7664, #8719, #8072, #7255, #6987 ) ) ;
#9529 = DIRECTION ( 'NONE',  ( 0.000000000000000000, -1.000000000000000000, -3.491481338843134933E-15 ) ) ;
#9530 = ORIENTED_EDGE ( 'NONE', *, *, #4702, .F. ) ;
#9531 = VECTOR ( 'NONE', #9031, 39.37007874015748143 ) ;
#9532 = EDGE_CURVE ( 'NONE', #6562, #153, #3501, .T. ) ;
#9533 = DIRECTION ( 'NONE',  ( 0.000000000000000000, -3.491481338843135327E-15, 1.000000000000000000 ) ) ;
#9534 = VERTEX_POINT ( 'NONE', #2633 ) ;
#9535 = CARTESIAN_POINT ( 'NONE',  ( -0.2594488188976378784, 0.2716535433070578764, -0.2125984251968208727 ) ) ;
#9536 = CARTESIAN_POINT ( 'NONE',  ( -0.1055296899501968616, 0.2834645669291035452, 0.2075299402693212558 ) ) ;
#9537 = VECTOR ( 'NONE', #1074, 39.37007874015748143 ) ;
#9538 = CARTESIAN_POINT ( 'NONE',  ( -0.004921259842519684971, 0.2440944881889468288, 0.0007874015747934192061 ) ) ;
#9539 = LINE ( 'NONE', #4411, #329 ) ;
#9540 = CARTESIAN_POINT ( 'NONE',  ( -0.06988188976377952832, 0.2303149606298921792, -0.07795275590552164235 ) ) ;
#9541 = ORIENTED_EDGE ( 'NONE', *, *, #2765, .T. ) ;
#9542 = LINE ( 'NONE', #192, #711 ) ;
#9543 = VERTEX_POINT ( 'NONE', #7658 ) ;
#9544 = ORIENTED_EDGE ( 'NONE', *, *, #10975, .T. ) ;
#9545 = ADVANCED_FACE ( 'NONE', ( #11093 ), #10412, .T. ) ;
#9546 = DIRECTION ( 'NONE',  ( 0.000000000000000000, -0.4520890721125805922, 0.8919727971616542295 ) ) ;
#9547 = AXIS2_PLACEMENT_3D ( 'NONE', #494, #9913, #3935 ) ;
#9548 = VECTOR ( 'NONE', #4548, 39.37007874015748143 ) ;
#9549 = DIRECTION ( 'NONE',  ( -1.000000000000000000, 0.000000000000000000, 0.000000000000000000 ) ) ;
#9550 = CARTESIAN_POINT ( 'NONE',  ( 0.2683619370964566708, 0.2145669291338283546, 0.1051181102362499925 ) ) ;
#9551 = LINE ( 'NONE', #10512, #8395 ) ;
#9552 = ORIENTED_EDGE ( 'NONE', *, *, #661, .T. ) ;
#9553 = VECTOR ( 'NONE', #474, 39.37007874015748143 ) ;
#9554 = CARTESIAN_POINT ( 'NONE',  ( -0.1781496062992126150, 0.2556349392492224815, -0.006742098347214430139 ) ) ;
#9555 = VECTOR ( 'NONE', #3626, 39.37007874015748143 ) ;
#9556 = LENGTH_MEASURE_WITH_UNIT ( LENGTH_MEASURE( 0.02539999999999999897 ), #9443 );
#9557 = VERTEX_POINT ( 'NONE', #9511 ) ;
#9558 = CARTESIAN_POINT ( 'NONE',  ( -0.1131889763779527630, 0.2440944881889468288, 0.0007874015747934192061 ) ) ;
#9559 = ORIENTED_EDGE ( 'NONE', *, *, #3327, .T. ) ;
#9560 = ORIENTED_EDGE ( 'NONE', *, *, #4276, .F. ) ;
#9561 = EDGE_CURVE ( 'NONE', #7105, #9496, #10245, .T. ) ;
#9562 = DIRECTION ( 'NONE',  ( 0.000000000000000000, 3.491481338843134933E-15, -1.000000000000000000 ) ) ;
#9563 = EDGE_CURVE ( 'NONE', #786, #6349, #3692, .T. ) ;
#9564 = ORIENTED_EDGE ( 'NONE', *, *, #9437, .F. ) ;
#9565 = VECTOR ( 'NONE', #6128, 39.37007874015748854 ) ;
#9566 = CARTESIAN_POINT ( 'NONE',  ( -0.1055296899554724471, 0.2125984251968200955, 0.2075299402712893759 ) ) ;
#9567 = PLANE ( 'NONE',  #8590 ) ;
#9568 = FACE_OUTER_BOUND ( 'NONE', #9309, .T. ) ;
#9569 = ORIENTED_EDGE ( 'NONE', *, *, #3281, .T. ) ;
#9570 = DIRECTION ( 'NONE',  ( 0.000000000000000000, 1.000000000000000000, 3.491481338843134933E-15 ) ) ;
#9571 = EDGE_CURVE ( 'NONE', #10495, #939, #7827, .T. ) ;
#9572 = LINE ( 'NONE', #3482, #10553 ) ;
#9573 = PLANE ( 'NONE',  #9924 ) ;
#9574 = AXIS2_PLACEMENT_3D ( 'NONE', #5444, #8044, #9840 ) ;
#9575 = EDGE_CURVE ( 'NONE', #7774, #57, #9092, .T. ) ;
#9576 = VERTEX_POINT ( 'NONE', #7084 ) ;
#9577 = LINE ( 'NONE', #9463, #6834 ) ;
#9578 = ORIENTED_EDGE ( 'NONE', *, *, #10218, .T. ) ;
#9579 = CYLINDRICAL_SURFACE ( 'NONE', #149, 0.005905511811082675422 ) ;
#9580 = VECTOR ( 'NONE', #6773, 39.37007874015748143 ) ;
#9581 = CARTESIAN_POINT ( 'NONE',  ( -0.1466535430726771672, 0.2106299212598137516, -0.2480314960629626253 ) ) ;
#9582 = EDGE_LOOP ( 'NONE', ( #8409, #8401, #2507, #210 ) ) ;
#9583 = DIRECTION ( 'NONE',  ( 0.000000000000000000, -1.000000000000000000, -3.491481338843134933E-15 ) ) ;
#9584 = EDGE_CURVE ( 'NONE', #7097, #8772, #161, .T. ) ;
#9585 = EDGE_CURVE ( 'NONE', #4855, #3041, #5333, .T. ) ;
#9586 = DIRECTION ( 'NONE',  ( 0.000000000000000000, 1.000000000000000000, 3.491481338843135327E-15 ) ) ;
#9587 = VERTEX_POINT ( 'NONE', #10526 ) ;
#9588 = CIRCLE ( 'NONE', #1867, 0.02362204724409448092 ) ;
#9589 = CARTESIAN_POINT ( 'NONE',  ( 0.2909448818897638067, 0.2106299212598126414, 0.06377952755908464222 ) ) ;
#9590 = EDGE_CURVE ( 'NONE', #5033, #9673, #2123, .T. ) ;
#9591 = VECTOR ( 'NONE', #10353, 39.37007874015748143 ) ;
#9592 = ORIENTED_EDGE ( 'NONE', *, *, #685, .T. ) ;
#9593 = DIRECTION ( 'NONE',  ( 1.000000000000000000, 0.000000000000000000, 0.000000000000000000 ) ) ;
#9594 = VERTEX_POINT ( 'NONE', #1167 ) ;
#9595 = CYLINDRICAL_SURFACE ( 'NONE', #693, 0.02952755905511811330 ) ;
#9596 = LOCAL_TIME ( 14, 23, 41.00000000000000000, #3523 ) ;
#9597 = FACE_OUTER_BOUND ( 'NONE', #7944, .T. ) ;
#9598 = VECTOR ( 'NONE', #3759, 39.37007874015748143 ) ;
#9599 = EDGE_CURVE ( 'NONE', #358, #5430, #7476, .T. ) ;
#9600 = DIRECTION ( 'NONE',  ( -0.8343762442494419007, -1.924488180939440027E-15, 0.5511953220340278792 ) ) ;
#9601 = LINE ( 'NONE', #5305, #10040 ) ;
#9602 = CARTESIAN_POINT ( 'NONE',  ( 0.01673228346456692717, 0.2362204724409157630, -0.05433070866138771382 ) ) ;
#9603 = ORIENTED_EDGE ( 'NONE', *, *, #9855, .F. ) ;
#9604 = DIRECTION ( 'NONE',  ( 0.000000000000000000, -1.000000000000000000, -3.491481338843134933E-15 ) ) ;
#9605 = ORIENTED_EDGE ( 'NONE', *, *, #5571, .T. ) ;
#9606 = EDGE_LOOP ( 'NONE', ( #7339, #824, #5320, #6175, #1312, #6120, #2763, #6846, #6048, #9378, #166, #6482 ) ) ;
#9607 = CARTESIAN_POINT ( 'NONE',  ( -0.06988188976377952832, 0.2362204724409157630, -0.05433070866138771382 ) ) ;
#9608 = DIRECTION ( 'NONE',  ( 1.000000000000000000, 0.000000000000000000, 0.000000000000000000 ) ) ;
#9609 = LINE ( 'NONE', #86, #1726 ) ;
#9610 = EDGE_CURVE ( 'NONE', #3232, #8363, #4441, .T. ) ;
#9611 = CARTESIAN_POINT ( 'NONE',  ( 0.1137795275590551269, 0.2834645669291039338, 0.1444881889764076943 ) ) ;
#9612 = VECTOR ( 'NONE', #9498, 39.37007874015748854 ) ;
#9613 = ORIENTED_EDGE ( 'NONE', *, *, #1530, .T. ) ;
#9614 = CARTESIAN_POINT ( 'NONE',  ( -0.09153543307086613179, 0.2440944881889468288, 0.0007874015747934192061 ) ) ;
#9615 = DIRECTION ( 'NONE',  ( 0.000000000000000000, 3.491481338843134933E-15, -1.000000000000000000 ) ) ;
#9616 = EDGE_LOOP ( 'NONE', ( #182, #1091, #7849, #4655 ) ) ;
#9617 = LINE ( 'NONE', #1890, #7231 ) ;
#9618 = ORIENTED_EDGE ( 'NONE', *, *, #4836, .F. ) ;
#9619 = ORIENTED_EDGE ( 'NONE', *, *, #1665, .F. ) ;
#9620 = DIRECTION ( 'NONE',  ( -0.3436952828426035889, 3.287735861771363112E-15, -0.9390812278774093302 ) ) ;
#9621 = VERTEX_POINT ( 'NONE', #9796 ) ;
#9622 = DIRECTION ( 'NONE',  ( -0.000000000000000000, -0.8919727971616544515, -0.4520890721125807588 ) ) ;
#9623 = DIRECTION ( 'NONE',  ( 0.000000000000000000, -2.891205793294678622E-15, 1.000000000000000000 ) ) ;
#9624 = ADVANCED_FACE ( 'NONE', ( #219 ), #10471, .T. ) ;
#9625 = LINE ( 'NONE', #9685, #6923 ) ;
#9626 = VECTOR ( 'NONE', #2040, 39.37007874015748143 ) ;
#9627 = ORIENTED_EDGE ( 'NONE', *, *, #8894, .T. ) ;
#9628 = DIRECTION ( 'NONE',  ( -1.000000000000000000, 0.000000000000000000, 0.000000000000000000 ) ) ;
#9629 = LINE ( 'NONE', #3703, #5854 ) ;
#9630 = FACE_OUTER_BOUND ( 'NONE', #4956, .T. ) ;
#9631 = ORIENTED_EDGE ( 'NONE', *, *, #4637, .T. ) ;
#9632 = ORIENTED_EDGE ( 'NONE', *, *, #10613, .T. ) ;
#9633 = DIRECTION ( 'NONE',  ( 0.000000000000000000, 1.000000000000000000, 3.491481338843134933E-15 ) ) ;
#9634 = AXIS2_PLACEMENT_3D ( 'NONE', #5453, #1223, #10589 ) ;
#9635 = CARTESIAN_POINT ( 'NONE',  ( 0.03838582677165354451, 0.2309529165521752303, 0.05719542721420283610 ) ) ;
#9636 = FACE_OUTER_BOUND ( 'NONE', #11140, .T. ) ;
#9637 = DIRECTION ( 'NONE',  ( 0.000000000000000000, -3.491481338843135327E-15, 1.000000000000000000 ) ) ;
#9638 = EDGE_CURVE ( 'NONE', #5309, #1151, #2859, .T. ) ;
#9639 = FACE_OUTER_BOUND ( 'NONE', #5559, .T. ) ;
#9640 = ORIENTED_EDGE ( 'NONE', *, *, #2418, .F. ) ;
#9641 = DIRECTION ( 'NONE',  ( 0.000000000000000000, -0.8375070198036267399, 0.5464265657704130419 ) ) ;
#9642 = VECTOR ( 'NONE', #6715, 39.37007874015748143 ) ;
#9643 = ORIENTED_EDGE ( 'NONE', *, *, #6178, .F. ) ;
#9644 = PLANE ( 'NONE',  #8287 ) ;
#9645 = ORIENTED_EDGE ( 'NONE', *, *, #9468, .F. ) ;
#9646 = DIRECTION ( 'NONE',  ( -1.000000000000000000, 0.000000000000000000, 0.000000000000000000 ) ) ;
#9647 = ORIENTED_EDGE ( 'NONE', *, *, #1173, .T. ) ;
#9648 = ADVANCED_FACE ( 'NONE', ( #2016 ), #1899, .F. ) ;
#9649 = CIRCLE ( 'NONE', #1932, 0.005905511811023615894 ) ;
#9650 = VECTOR ( 'NONE', #10440, 39.37007874015748143 ) ;
#9651 = FACE_OUTER_BOUND ( 'NONE', #7976, .T. ) ;
#9652 = FACE_OUTER_BOUND ( 'NONE', #9409, .T. ) ;
#9653 = CARTESIAN_POINT ( 'NONE',  ( -0.1549896822522047191, 0.2421259842519382366, 0.2314365286929433163 ) ) ;
#9654 = FACE_OUTER_BOUND ( 'NONE', #68, .T. ) ;
#9655 = LINE ( 'NONE', #9602, #2551 ) ;
#9656 = ORIENTED_EDGE ( 'NONE', *, *, #4276, .T. ) ;
#9657 = VECTOR ( 'NONE', #10086, 39.37007874015748143 ) ;
#9658 = CARTESIAN_POINT ( 'NONE',  ( -0.2653543307086614345, 0.2716535433070578764, -0.2125984251968208727 ) ) ;
#9659 = VERTEX_POINT ( 'NONE', #9849 ) ;
#9660 = ORIENTED_EDGE ( 'NONE', *, *, #5746, .F. ) ;
#9661 = CARTESIAN_POINT ( 'NONE',  ( 0.01673228346456692717, 0.2598425196850102648, -0.05433070866142700878 ) ) ;
#9662 = ADVANCED_FACE ( 'NONE', ( #7142 ), #8897, .T. ) ;
#9663 = ADVANCED_FACE ( 'NONE', ( #4496 ), #4662, .F. ) ;
#9664 = VECTOR ( 'NONE', #1118, 39.37007874015748143 ) ;
#9665 = DIRECTION ( 'NONE',  ( 0.000000000000000000, 0.8375070198036269620, -0.5464265657704129309 ) ) ;
#9666 = CIRCLE ( 'NONE', #3900, 0.2908222673543306436 ) ;
#9667 = DIRECTION ( 'NONE',  ( 0.000000000000000000, 3.491481338843134933E-15, -1.000000000000000000 ) ) ;
#9668 = CARTESIAN_POINT ( 'NONE',  ( -0.1348425196850394081, 0.2362204724409153467, 0.05986524456920295362 ) ) ;
#9669 = ORIENTED_EDGE ( 'NONE', *, *, #2920, .T. ) ;
#9670 = DIRECTION ( 'NONE',  ( 0.000000000000000000, 0.8919727971616544515, 0.4520890721125804257 ) ) ;
#9671 = LINE ( 'NONE', #1948, #3241 ) ;
#9672 = CARTESIAN_POINT ( 'NONE',  ( 0.01673228346456692717, 0.2598425196850102648, -0.05433070866142700878 ) ) ;
#9673 = VERTEX_POINT ( 'NONE', #2066 ) ;
#9674 = DIRECTION ( 'NONE',  ( 0.000000000000000000, 3.491481338843134933E-15, -1.000000000000000000 ) ) ;
#9675 = ORIENTED_EDGE ( 'NONE', *, *, #9408, .T. ) ;
#9676 = ORIENTED_EDGE ( 'NONE', *, *, #10972, .T. ) ;
#9677 = CIRCLE ( 'NONE', #3189, 0.01968503937007876764 ) ;
#9678 = DIRECTION ( 'NONE',  ( 0.000000000000000000, 1.000000000000000000, 3.491481338843134933E-15 ) ) ;
#9679 = VECTOR ( 'NONE', #7530, 39.37007874015748854 ) ;
#9680 = EDGE_LOOP ( 'NONE', ( #10947, #5621, #6208, #743, #2244, #8956 ) ) ;
#9681 = EDGE_CURVE ( 'NONE', #10003, #10016, #2967, .T. ) ;
#9682 = DIRECTION ( 'NONE',  ( 0.000000000000000000, 1.000000000000000000, 3.491481338843135327E-15 ) ) ;
#9683 = VECTOR ( 'NONE', #10148, 39.37007874015748143 ) ;
#9684 = DIRECTION ( 'NONE',  ( 1.000000000000000000, -3.831071262697000024E-13, -1.337611382148477945E-27 ) ) ;
#9685 = CARTESIAN_POINT ( 'NONE',  ( 0.2712598425196850460, 0.2145669291338283546, 0.1051181102362499925 ) ) ;
#9686 = ORIENTED_EDGE ( 'NONE', *, *, #3867, .F. ) ;
#9687 = FACE_OUTER_BOUND ( 'NONE', #6138, .T. ) ;
#9688 = LINE ( 'NONE', #4665, #5517 ) ;
#9689 = DIRECTION ( 'NONE',  ( -1.000000000000000000, 0.000000000000000000, 0.000000000000000000 ) ) ;
#9690 = VERTEX_POINT ( 'NONE', #4553 ) ;
#9691 = ORIENTED_EDGE ( 'NONE', *, *, #6409, .F. ) ;
#9692 = AXIS2_PLACEMENT_3D ( 'NONE', #7154, #7838, #6183 ) ;
#9693 = PLANE ( 'NONE',  #2885 ) ;
#9694 = EDGE_CURVE ( 'NONE', #2488, #773, #9625, .T. ) ;
#9695 = CARTESIAN_POINT ( 'NONE',  ( 0.03444881913249606131, 0.2125984251968130456, -0.2066929133856988399 ) ) ;
#9696 = CARTESIAN_POINT ( 'NONE',  ( -0.02263779504094094730, 0.2224409448818610024, -0.2132217023434886116 ) ) ;
#9697 = CARTESIAN_POINT ( 'NONE',  ( 0.2771653543307086576, 0.2224409448818630286, -0.8130755905511516390 ) ) ;
#9698 = ORIENTED_EDGE ( 'NONE', *, *, #11100, .T. ) ;
#9699 = LINE ( 'NONE', #7214, #4796 ) ;
#9700 = AXIS2_PLACEMENT_3D ( 'NONE', #9535, #8699, #10614 ) ;
#9701 = DIRECTION ( 'NONE',  ( 0.000000000000000000, 5.782411586589358822E-15, -1.000000000000000000 ) ) ;
#9702 = EDGE_LOOP ( 'NONE', ( #9953, #211, #4180, #4323 ) ) ;
#9703 = DIRECTION ( 'NONE',  ( 0.000000000000000000, 1.000000000000000000, 1.533386026818315256E-14 ) ) ;
#9704 = ORIENTED_EDGE ( 'NONE', *, *, #3537, .T. ) ;
#9705 = FACE_OUTER_BOUND ( 'NONE', #1231, .T. ) ;
#9706 = EDGE_CURVE ( 'NONE', #8210, #7846, #8787, .T. ) ;
#9707 = EDGE_LOOP ( 'NONE', ( #9398, #2509, #1536, #6313 ) ) ;
#9708 = AXIS2_PLACEMENT_3D ( 'NONE', #9709, #5420, #10498 ) ;
#9709 = CARTESIAN_POINT ( 'NONE',  ( 0.03838582677165354451, 0.2605808468465059535, -0.009969026885245903247 ) ) ;
#9710 = DIRECTION ( 'NONE',  ( 0.000000000000000000, -1.000000000000000000, -3.491481338843135327E-15 ) ) ;
#9711 = DIRECTION ( 'NONE',  ( -0.000000000000000000, -1.000000000000000000, -3.491481338843134933E-15 ) ) ;
#9712 = CARTESIAN_POINT ( 'NONE',  ( 0.08169291338582677919, 0.2303149606298921792, -0.07795275590552164235 ) ) ;
#9713 = EDGE_CURVE ( 'NONE', #684, #4209, #332, .T. ) ;
#9714 = DIRECTION ( 'NONE',  ( 0.000000000000000000, -1.000000000000000000, -3.491481338843134933E-15 ) ) ;
#9715 = VECTOR ( 'NONE', #251, 39.37007874015748143 ) ;
#9716 = ORIENTED_EDGE ( 'NONE', *, *, #6382, .T. ) ;
#9717 = DIRECTION ( 'NONE',  ( 0.000000000000000000, -1.000000000000000000, -3.491481338843134933E-15 ) ) ;
#9718 = ORIENTED_EDGE ( 'NONE', *, *, #8974, .T. ) ;
#9719 = ORIENTED_EDGE ( 'NONE', *, *, #7912, .F. ) ;
#9720 = CARTESIAN_POINT ( 'NONE',  ( -0.1732283464566929387, 0.2421259842519385974, 0.07952755905514784229 ) ) ;
#9721 = AXIS2_PLACEMENT_3D ( 'NONE', #1587, #4122, #1421 ) ;
#9722 = DIRECTION ( 'NONE',  ( -1.000000000000000000, 0.000000000000000000, 0.000000000000000000 ) ) ;
#9723 = DIRECTION ( 'NONE',  ( 1.000000000000000000, 0.000000000000000000, 0.000000000000000000 ) ) ;
#9724 = CARTESIAN_POINT ( 'NONE',  ( -0.04822834645669291098, 0.2303149606298921792, -0.07795275590552164235 ) ) ;
#9725 = VERTEX_POINT ( 'NONE', #10699 ) ;
#9726 = PLANE ( 'NONE',  #6060 ) ;
#9727 = EDGE_CURVE ( 'NONE', #1695, #3098, #8108, .T. ) ;
#9728 = DIRECTION ( 'NONE',  ( 0.000000000000000000, 1.000000000000000000, 3.491481338843135327E-15 ) ) ;
#9729 = DIRECTION ( 'NONE',  ( -0.8343762442494419007, -1.924488180939440027E-15, 0.5511953220340278792 ) ) ;
#9730 = ADVANCED_FACE ( 'NONE', ( #8949 ), #3647, .T. ) ;
#9731 = DIRECTION ( 'NONE',  ( 0.000000000000000000, 3.491481338843134933E-15, -1.000000000000000000 ) ) ;
#9732 = AXIS2_PLACEMENT_3D ( 'NONE', #1063, #229, #3656 ) ;
#9733 = ORIENTED_EDGE ( 'NONE', *, *, #4393, .T. ) ;
#9734 = ORIENTED_EDGE ( 'NONE', *, *, #4799, .F. ) ;
#9735 = CIRCLE ( 'NONE', #5218, 0.02952755905511810289 ) ;
#9736 = CARTESIAN_POINT ( 'NONE',  ( 0.1780224714964566968, 0.2421259842519382366, 0.2463342029606594985 ) ) ;
#9737 = ADVANCED_FACE ( 'NONE', ( #6675 ), #7306, .F. ) ;
#9738 = LINE ( 'NONE', #10586, #9778 ) ;
#9739 = CIRCLE ( 'NONE', #3797, 0.01377952755905512312 ) ;
#9740 = AXIS2_PLACEMENT_3D ( 'NONE', #5865, #5024, #1424 ) ;
#9741 = LINE ( 'NONE', #1898, #2284 ) ;
#9742 = CARTESIAN_POINT ( 'NONE',  ( 0.08169291338582677919, 0.2362204724409157630, -0.05433070866142708510 ) ) ;
#9743 = VERTEX_POINT ( 'NONE', #8333 ) ;
#9744 = CARTESIAN_POINT ( 'NONE',  ( -0.1614173228346456879, 0.2125984251968212890, -0.07795275590548228495 ) ) ;
#9745 = LINE ( 'NONE', #222, #4621 ) ;
#9746 = EDGE_CURVE ( 'NONE', #415, #9534, #284, .T. ) ;
#9747 = CARTESIAN_POINT ( 'NONE',  ( -0.1958661417322834775, 0.2224409448818610024, -0.2132217023431027814 ) ) ;
#9748 = VERTEX_POINT ( 'NONE', #2229 ) ;
#9749 = ORIENTED_EDGE ( 'NONE', *, *, #4495, .T. ) ;
#9750 = VECTOR ( 'NONE', #3300, 39.37007874015748143 ) ;
#9751 = CIRCLE ( 'NONE', #4882, 0.01181102362204725781 ) ;
#9752 = FACE_BOUND ( 'NONE', #1823, .T. ) ;
#9753 = CARTESIAN_POINT ( 'NONE',  ( -0.2618110236220472231, 0.2125984251968216499, -0.2125984251968208727 ) ) ;
#9754 = LINE ( 'NONE', #342, #3102 ) ;
#9755 = DIRECTION ( 'NONE',  ( 9.540979117872441544E-14, 1.000000000000000000, 2.891205793294679411E-15 ) ) ;
#9756 = FACE_OUTER_BOUND ( 'NONE', #401, .T. ) ;
#9757 = ORIENTED_EDGE ( 'NONE', *, *, #4341, .T. ) ;
#9758 = CIRCLE ( 'NONE', #3622, 0.005905511811082662411 ) ;
#9759 = FACE_OUTER_BOUND ( 'NONE', #9421, .T. ) ;
#9760 = EDGE_CURVE ( 'NONE', #9450, #4329, #4884, .T. ) ;
#9761 = DIRECTION ( 'NONE',  ( 0.000000000000000000, -3.491481338843134933E-15, 1.000000000000000000 ) ) ;
#9762 = ORIENTED_EDGE ( 'NONE', *, *, #1250, .F. ) ;
#9763 = ORIENTED_EDGE ( 'NONE', *, *, #5550, .T. ) ;
#9764 = CARTESIAN_POINT ( 'NONE',  ( -0.1899606296869685296, 0.2106299212598137516, -0.2480314960629626253 ) ) ;
#9765 = ORIENTED_EDGE ( 'NONE', *, *, #3910, .F. ) ;
#9766 = CIRCLE ( 'NONE', #6503, 0.005905511811023620231 ) ;
#9767 = FACE_OUTER_BOUND ( 'NONE', #6422, .T. ) ;
#9768 = CARTESIAN_POINT ( 'NONE',  ( -0.07480314960629921850, 0.2125984251968212890, -0.07795275590548228495 ) ) ;
#9769 = EDGE_CURVE ( 'NONE', #9395, #8368, #6560, .T. ) ;
#9770 = EDGE_CURVE ( 'NONE', #6736, #8324, #10750, .T. ) ;
#9771 = VECTOR ( 'NONE', #7395, 39.37007874015748143 ) ;
#9772 = CARTESIAN_POINT ( 'NONE',  ( -0.1525590548837795490, 0.2106299212598137516, -0.2132217023431358660 ) ) ;
#9773 = ORIENTED_EDGE ( 'NONE', *, *, #3627, .F. ) ;
#9774 = CARTESIAN_POINT ( 'NONE',  ( -0.2909448818897638067, 0.2106299212598126414, 0.06377952755928149864 ) ) ;
#9775 = VERTEX_POINT ( 'NONE', #597 ) ;
#9776 = EDGE_LOOP ( 'NONE', ( #8670, #4182, #4917, #9375, #7204, #10668 ) ) ;
#9777 = CARTESIAN_POINT ( 'NONE',  ( 0.2712598425196850460, 0.2224409448818602253, 0.05787401574806102372 ) ) ;
#9778 = VECTOR ( 'NONE', #7883, 39.37007874015748143 ) ;
#9779 = CYLINDRICAL_SURFACE ( 'NONE', #5007, 0.005905511811082671085 ) ;
#9780 = LINE ( 'NONE', #4063, #2814 ) ;
#9781 = EDGE_CURVE ( 'NONE', #9496, #4081, #7236, .T. ) ;
#9782 = LINE ( 'NONE', #4424, #8033 ) ;
#9783 = VERTEX_POINT ( 'NONE', #1444 ) ;
#9784 = EDGE_CURVE ( 'NONE', #9816, #3517, #5558, .T. ) ;
#9785 = CARTESIAN_POINT ( 'NONE',  ( -0.1744460153234252131, 0.2775590551180799337, 0.2442895309764078760 ) ) ;
#9786 = CARTESIAN_POINT ( 'NONE',  ( -0.2909448818897638067, 0.2106299212598126414, 0.06479275320006891437 ) ) ;
#9787 = DIRECTION ( 'NONE',  ( 0.000000000000000000, 1.000000000000000000, 3.491481338843134933E-15 ) ) ;
#9788 = VERTEX_POINT ( 'NONE', #1503 ) ;
#9789 = DIRECTION ( 'NONE',  ( 0.000000000000000000, 1.000000000000000000, -1.386170658131569993E-13 ) ) ;
#9790 = ORIENTED_EDGE ( 'NONE', *, *, #8819, .F. ) ;
#9791 = ORIENTED_EDGE ( 'NONE', *, *, #3643, .T. ) ;
#9792 = CARTESIAN_POINT ( 'NONE',  ( -0.1387795273246062999, 0.2165354330708373909, -0.2185039370078444843 ) ) ;
#9793 = ADVANCED_FACE ( 'NONE', ( #10067 ), #6507, .F. ) ;
#9794 = DIRECTION ( 'NONE',  ( 0.000000000000000000, -1.000000000000000000, -3.491481338843135327E-15 ) ) ;
#9795 = DIRECTION ( 'NONE',  ( -2.262277740815999949E-13, 3.491481338843134933E-15, -1.000000000000000000 ) ) ;
#9796 = CARTESIAN_POINT ( 'NONE',  ( -0.1820866139388976346, 0.2165354330708373909, -0.2185039370078444843 ) ) ;
#9797 = ORIENTED_EDGE ( 'NONE', *, *, #1085, .T. ) ;
#9798 = CARTESIAN_POINT ( 'NONE',  ( 0.01673228346456692717, 0.2303149606298921792, -0.07795275590552164235 ) ) ;
#9799 = DIRECTION ( 'NONE',  ( 0.000000000000000000, 3.491481338843134933E-15, -1.000000000000000000 ) ) ;
#9800 = CARTESIAN_POINT ( 'NONE',  ( -0.1860939424883464588, 0.2775590551180799337, 0.2480314960630220500 ) ) ;
#9801 = ORIENTED_EDGE ( 'NONE', *, *, #143, .F. ) ;
#9802 = EDGE_LOOP ( 'NONE', ( #4584, #8822, #8926, #5875 ) ) ;
#9803 = EDGE_CURVE ( 'NONE', #1655, #7402, #988, .T. ) ;
#9804 = CARTESIAN_POINT ( 'NONE',  ( -0.1958661417257874238, 0.2224409448818610024, -0.2125984251968208727 ) ) ;
#9805 = ADVANCED_FACE ( 'NONE', ( #7361 ), #2343, .F. ) ;
#9806 = EDGE_CURVE ( 'NONE', #3507, #238, #436, .T. ) ;
#9807 = VECTOR ( 'NONE', #6704, 39.37007874015748143 ) ;
#9808 = DIRECTION ( 'NONE',  ( 1.000000000000000000, 0.000000000000000000, 0.000000000000000000 ) ) ;
#9809 = CARTESIAN_POINT ( 'NONE',  ( -0.2047244094488189226, 0.2125984251968212890, -0.07795275590548228495 ) ) ;
#9810 = DIRECTION ( 'NONE',  ( 0.000000000000000000, 0.8375070198036268510, -0.5464265657704128198 ) ) ;
#9811 = CARTESIAN_POINT ( 'NONE',  ( -0.004921259842519684971, 0.2362204724409157630, -0.05433070866142708510 ) ) ;
#9812 = EDGE_LOOP ( 'NONE', ( #1969, #7383, #3400, #10549 ) ) ;
#9813 = CARTESIAN_POINT ( 'NONE',  ( -0.09153543307086613179, 0.2605808468465059535, -0.009969026885245903247 ) ) ;
#9814 = ORIENTED_EDGE ( 'NONE', *, *, #10359, .F. ) ;
#9815 = VECTOR ( 'NONE', #9402, 39.37007874015748143 ) ;
#9816 = VERTEX_POINT ( 'NONE', #8385 ) ;
#9817 = CARTESIAN_POINT ( 'NONE',  ( -0.1446850391357086818, 0.2165354330708373909, -0.2421259842518799221 ) ) ;
#9818 = EDGE_LOOP ( 'NONE', ( #2277, #7176, #4994, #5577 ) ) ;
#9819 = EDGE_CURVE ( 'NONE', #10153, #8653, #633, .T. ) ;
#9820 = LINE ( 'NONE', #5530, #5194 ) ;
#9821 = VECTOR ( 'NONE', #2787, 39.37007874015748143 ) ;
#9822 = DIRECTION ( 'NONE',  ( -1.000000000000000000, 0.000000000000000000, 0.000000000000000000 ) ) ;
#9823 = DIRECTION ( 'NONE',  ( -0.1030840927222995973, 3.472880976724311457E-15, -0.9946726445557957375 ) ) ;
#9824 = EDGE_LOOP ( 'NONE', ( #7092, #8146, #7899, #2313 ) ) ;
#9825 = CARTESIAN_POINT ( 'NONE',  ( -0.1466535430726771672, 0.2106299212598137516, -0.2480314960629626253 ) ) ;
#9826 = ORIENTED_EDGE ( 'NONE', *, *, #8700, .F. ) ;
#9827 = VERTEX_POINT ( 'NONE', #3239 ) ;
#9828 = CARTESIAN_POINT ( 'NONE',  ( -0.06988188976377952832, 0.2351129816986712584, -0.03819606597134834330 ) ) ;
#9829 = AXIS2_PLACEMENT_3D ( 'NONE', #5981, #6826, #4078 ) ;
#9830 = EDGE_CURVE ( 'NONE', #387, #3722, #10804, .T. ) ;
#9831 = DIRECTION ( 'NONE',  ( 0.000000000000000000, -0.8333333333323129644, 0.5527707983941050340 ) ) ;
#9832 = DIRECTION ( 'NONE',  ( 0.9989699831295302257, 0.000000000000000000, -0.04537590556877191955 ) ) ;
#9833 = CIRCLE ( 'NONE', #4967, 0.01181102362204725781 ) ;
#9834 = CARTESIAN_POINT ( 'NONE',  ( 0.2870078740152756103, 0.2165354330708362252, 0.07036052313113189127 ) ) ;
#9835 = VECTOR ( 'NONE', #2473, 39.37007874015748143 ) ;
#9836 = FACE_OUTER_BOUND ( 'NONE', #7738, .T. ) ;
#9837 = CARTESIAN_POINT ( 'NONE',  ( 0.1032928346915547579, 0.2834645669291036563, 0.2067515796152106233 ) ) ;
#9838 = DIRECTION ( 'NONE',  ( 0.000000000000000000, -1.000000000000000000, -3.491481338843135327E-15 ) ) ;
#9839 = ORIENTED_EDGE ( 'NONE', *, *, #4461, .F. ) ;
#9840 = DIRECTION ( 'NONE',  ( 0.000000000000000000, 3.491481338843134933E-15, -1.000000000000000000 ) ) ;
#9841 = ORIENTED_EDGE ( 'NONE', *, *, #5771, .F. ) ;
#9842 = EDGE_LOOP ( 'NONE', ( #9993, #7286, #10267, #10369 ) ) ;
#9843 = FACE_OUTER_BOUND ( 'NONE', #10693, .T. ) ;
#9844 = AXIS2_PLACEMENT_3D ( 'NONE', #163, #7888, #7027 ) ;
#9845 = EDGE_CURVE ( 'NONE', #2022, #10991, #10123, .T. ) ;
#9846 = VECTOR ( 'NONE', #4609, 39.37007874015748143 ) ;
#9847 = CARTESIAN_POINT ( 'NONE',  ( -0.004921259842519684971, 0.2563854519293799483, 0.007016975403139922435 ) ) ;
#9848 = CARTESIAN_POINT ( 'NONE',  ( 0.03444881913249606131, 0.2224409448818610024, -0.2125984251968208727 ) ) ;
#9849 = CARTESIAN_POINT ( 'NONE',  ( -0.02657480314960630058, 0.2563854519293799483, 0.007016975403139922435 ) ) ;
#9850 = ORIENTED_EDGE ( 'NONE', *, *, #7317, .T. ) ;
#9851 = CARTESIAN_POINT ( 'NONE',  ( 0.2057086614178346429, 0.2165354330708373909, -0.2421259842519389860 ) ) ;
#9852 = CARTESIAN_POINT ( 'NONE',  ( -0.06988188976377952832, 0.2351129816986712584, -0.03819606597134834330 ) ) ;
#9853 = AXIS2_PLACEMENT_3D ( 'NONE', #9614, #6219, #9670 ) ;
#9854 = DIRECTION ( 'NONE',  ( -1.000000000000000000, 0.000000000000000000, 0.000000000000000000 ) ) ;
#9855 = EDGE_CURVE ( 'NONE', #558, #99, #5613, .T. ) ;
#9856 = ORIENTED_EDGE ( 'NONE', *, *, #1792, .T. ) ;
#9857 = ORIENTED_EDGE ( 'NONE', *, *, #7302, .T. ) ;
#9858 = DIRECTION ( 'NONE',  ( 0.000000000000000000, -1.000000000000000000, -3.491481338843134933E-15 ) ) ;
#9859 = CIRCLE ( 'NONE', #4991, 0.005905511811082662411 ) ;
#9860 = DIRECTION ( 'NONE',  ( -1.000000000000000000, 0.000000000000000000, 0.000000000000000000 ) ) ;
#9861 = DIRECTION ( 'NONE',  ( -0.3058108682333853801, 3.324212434407785147E-15, -0.9520922816987558157 ) ) ;
#9862 = CARTESIAN_POINT ( 'NONE',  ( -0.004921259842519684971, 0.2362204724409157630, -0.07795275590552164235 ) ) ;
#9863 = CARTESIAN_POINT ( 'NONE',  ( -0.1614173228346456879, 0.2421259842519393746, -0.07795275590548228495 ) ) ;
#9864 = ORIENTED_EDGE ( 'NONE', *, *, #6478, .F. ) ;
#9865 = CARTESIAN_POINT ( 'NONE',  ( 0.09842519685039370636, 0.2421259842519385974, 0.07952755905514784229 ) ) ;
#9866 = ADVANCED_FACE ( 'NONE', ( #8219 ), #484, .F. ) ;
#9867 = ORIENTED_EDGE ( 'NONE', *, *, #8725, .F. ) ;
#9868 = VECTOR ( 'NONE', #2759, 39.37007874015748143 ) ;
#9869 = EDGE_CURVE ( 'NONE', #4265, #10403, #2506, .T. ) ;
#9870 = ORIENTED_EDGE ( 'NONE', *, *, #200, .F. ) ;
#9871 = CARTESIAN_POINT ( 'NONE',  ( 0.2712598425196850460, 0.2716535433070562666, 0.2055118110236515971 ) ) ;
#9872 = ORIENTED_EDGE ( 'NONE', *, *, #4879, .T. ) ;
#9873 = ADVANCED_FACE ( 'NONE', ( #6952 ), #1771, .T. ) ;
#9874 = AXIS2_PLACEMENT_3D ( 'NONE', #2215, #4020, #10846 ) ;
#9875 = CARTESIAN_POINT ( 'NONE',  ( -0.09153543307086613179, 0.2351129816986712584, -0.03819606597134834330 ) ) ;
#9876 = LINE ( 'NONE', #8973, #240 ) ;
#9877 = DIRECTION ( 'NONE',  ( 0.000000000000000000, -1.000000000000000000, -3.491481338843134933E-15 ) ) ;
#9878 = VERTEX_POINT ( 'NONE', #3405 ) ;
#9879 = EDGE_CURVE ( 'NONE', #349, #8697, #2429, .T. ) ;
#9880 = CARTESIAN_POINT ( 'NONE',  ( -0.2850393700787008378, 0.2106299212598126414, 0.06377952755908464222 ) ) ;
#9881 = ORIENTED_EDGE ( 'NONE', *, *, #317, .F. ) ;
#9882 = ORIENTED_EDGE ( 'NONE', *, *, #10342, .F. ) ;
#9883 = VECTOR ( 'NONE', #2372, 39.37007874015748854 ) ;
#9884 = CARTESIAN_POINT ( 'NONE',  ( -0.008858267481783465083, 0.2224409448818610024, -0.2185039370078444843 ) ) ;
#9885 = ORIENTED_EDGE ( 'NONE', *, *, #7384, .F. ) ;
#9886 = FACE_OUTER_BOUND ( 'NONE', #7829, .T. ) ;
#9887 = VECTOR ( 'NONE', #7919, 39.37007874015748143 ) ;
#9888 = FACE_OUTER_BOUND ( 'NONE', #8783, .T. ) ;
#9889 = DIRECTION ( 'NONE',  ( 0.000000000000000000, -3.491481338843134933E-15, 1.000000000000000000 ) ) ;
#9890 = CARTESIAN_POINT ( 'NONE',  ( 0.1077448397120866208, 0.2834645669291036563, 0.2083734574937307349 ) ) ;
#9891 = LINE ( 'NONE', #7465, #3824 ) ;
#9892 = VERTEX_POINT ( 'NONE', #8438 ) ;
#9893 = ADVANCED_FACE ( 'NONE', ( #6893 ), #813, .F. ) ;
#9894 = PLANE ( 'NONE',  #3445 ) ;
#9895 = ORIENTED_EDGE ( 'NONE', *, *, #8870, .F. ) ;
#9896 = EDGE_LOOP ( 'NONE', ( #9486, #2250, #11006, #10294, #3382, #6233, #3510, #5138, #8458, #6052, #4135, #1978 ) ) ;
#9897 = PLANE ( 'NONE',  #7 ) ;
#9898 = VECTOR ( 'NONE', #10541, 39.37007874015748854 ) ;
#9899 = DIRECTION ( 'NONE',  ( -1.000000000000000000, 4.915049848600955117E-14, 0.000000000000000000 ) ) ;
#9900 = CARTESIAN_POINT ( 'NONE',  ( -0.004921259842519684971, 0.2309529165521752303, 0.05719542721420283610 ) ) ;
#9901 = DIRECTION ( 'NONE',  ( 0.000000000000000000, 0.4520890721125805922, -0.8919727971616542295 ) ) ;
#9902 = ORIENTED_EDGE ( 'NONE', *, *, #2915, .F. ) ;
#9903 = VECTOR ( 'NONE', #839, 39.37007874015748143 ) ;
#9904 = DIRECTION ( 'NONE',  ( 0.000000000000000000, 1.000000000000000000, 3.491481338843134933E-15 ) ) ;
#9905 = VECTOR ( 'NONE', #3161, 39.37007874015748143 ) ;
#9906 = DIRECTION ( 'NONE',  ( 0.000000000000000000, -1.000000000000000000, -3.491481338843135327E-15 ) ) ;
#9907 = EDGE_CURVE ( 'NONE', #1301, #9298, #11025, .T. ) ;
#9908 = EDGE_CURVE ( 'NONE', #3158, #3370, #3295, .T. ) ;
#9909 = CARTESIAN_POINT ( 'NONE',  ( -0.1131889763779527630, 0.2309529165521752303, 0.05719542721420283610 ) ) ;
#9910 = ORIENTED_EDGE ( 'NONE', *, *, #1868, .F. ) ;
#9911 = CARTESIAN_POINT ( 'NONE',  ( -0.02657480314960630058, 0.2351129816986712584, -0.03819606597134834330 ) ) ;
#9912 = ORIENTED_EDGE ( 'NONE', *, *, #6409, .T. ) ;
#9913 = DIRECTION ( 'NONE',  ( 0.000000000000000000, 1.000000000000000000, 3.491481338843135327E-15 ) ) ;
#9914 = AXIS2_PLACEMENT_3D ( 'NONE', #6365, #4846, #2247 ) ;
#9915 = VECTOR ( 'NONE', #4714, 39.37007874015748143 ) ;
#9916 = CARTESIAN_POINT ( 'NONE',  ( -0.1348425196850394081, 0.2563854519293799483, 0.007016975403139922435 ) ) ;
#9917 = CARTESIAN_POINT ( 'NONE',  ( -0.1732283464566929387, 0.2421259842519385974, 0.07952755905514784229 ) ) ;
#9918 = EDGE_CURVE ( 'NONE', #10517, #2522, #3463, .T. ) ;
#9919 = CARTESIAN_POINT ( 'NONE',  ( 0.2057086614173228301, 0.2165354330708373909, -0.2480314960630216614 ) ) ;
#9920 = DIRECTION ( 'NONE',  ( 0.000000000000000000, 3.491481338843134933E-15, -1.000000000000000000 ) ) ;
#9921 = ORIENTED_EDGE ( 'NONE', *, *, #8066, .T. ) ;
#9922 = LINE ( 'NONE', #450, #3899 ) ;
#9923 = LINE ( 'NONE', #3733, #2267 ) ;
#9924 = AXIS2_PLACEMENT_3D ( 'NONE', #1059, #5170, #223 ) ;
#9925 = EDGE_LOOP ( 'NONE', ( #5948, #3250, #2209, #3245 ) ) ;
#9926 = ORIENTED_EDGE ( 'NONE', *, *, #6546, .F. ) ;
#9927 = CARTESIAN_POINT ( 'NONE',  ( 0.06397637818759842332, 0.2125984251968673355, -0.2066929133859586598 ) ) ;
#9928 = ORIENTED_EDGE ( 'NONE', *, *, #3377, .T. ) ;
#9929 = VECTOR ( 'NONE', #2680, 39.37007874015748143 ) ;
#9930 = EDGE_CURVE ( 'NONE', #9783, #7608, #10339, .T. ) ;
#9931 = VECTOR ( 'NONE', #1924, 39.37007874015748143 ) ;
#9932 = LINE ( 'NONE', #3952, #9342 ) ;
#9933 = ADVANCED_FACE ( 'NONE', ( #10290 ), #4199, .F. ) ;
#9934 = DIRECTION ( 'NONE',  ( 0.000000000000000000, 1.000000000000000000, 5.837680488762429581E-13 ) ) ;
#9935 = LINE ( 'NONE', #8249, #583 ) ;
#9936 = ORIENTED_EDGE ( 'NONE', *, *, #4940, .T. ) ;
#9937 = LINE ( 'NONE', #1362, #718 ) ;
#9938 = VECTOR ( 'NONE', #5137, 39.37007874015748854 ) ;
#9939 = ORIENTED_EDGE ( 'NONE', *, *, #3379, .T. ) ;
#9940 = ORIENTED_EDGE ( 'NONE', *, *, #1276, .T. ) ;
#9941 = DIRECTION ( 'NONE',  ( -1.000000000000000000, 0.000000000000000000, 0.000000000000000000 ) ) ;
#9942 = EDGE_LOOP ( 'NONE', ( #5074, #1150, #1749, #6778 ) ) ;
#9943 = EDGE_CURVE ( 'NONE', #1213, #8502, #8494, .T. ) ;
#9944 = LINE ( 'NONE', #8257, #3757 ) ;
#9945 = ADVANCED_FACE ( 'NONE', ( #1662 ), #5937, .T. ) ;
#9946 = AXIS2_PLACEMENT_3D ( 'NONE', #9696, #4454, #8855 ) ;
#9947 = DIRECTION ( 'NONE',  ( 1.000000000000000000, 0.000000000000000000, 0.000000000000000000 ) ) ;
#9948 = CARTESIAN_POINT ( 'NONE',  ( -0.2653543307086614345, 0.2224409448818602253, 0.05787401574806102372 ) ) ;
#9949 = LINE ( 'NONE', #2332, #4873 ) ;
#9950 = DIRECTION ( 'NONE',  ( 0.000000000000000000, -1.000000000000000000, -5.782411586589358822E-15 ) ) ;
#9951 = ORIENTED_EDGE ( 'NONE', *, *, #10212, .F. ) ;
#9952 = CARTESIAN_POINT ( 'NONE',  ( -0.1549896822522440765, 0.2834645669291035452, 0.2314365286929433163 ) ) ;
#9953 = ORIENTED_EDGE ( 'NONE', *, *, #5034, .T. ) ;
#9954 = ORIENTED_EDGE ( 'NONE', *, *, #10559, .F. ) ;
#9955 = DIRECTION ( 'NONE',  ( 1.000000000000000000, 0.000000000000000000, 0.000000000000000000 ) ) ;
#9956 = VECTOR ( 'NONE', #2857, 39.37007874015748143 ) ;
#9957 = EDGE_CURVE ( 'NONE', #9981, #9775, #5150, .T. ) ;
#9958 = DIRECTION ( 'NONE',  ( 0.000000000000000000, 1.000000000000000000, 3.491481338843135327E-15 ) ) ;
#9959 = PLANE ( 'NONE',  #9105 ) ;
#9960 = DIRECTION ( 'NONE',  ( 0.000000000000000000, -1.000000000000000000, -3.491481338843134933E-15 ) ) ;
#9961 = EDGE_LOOP ( 'NONE', ( #4891, #3013, #7732, #9605 ) ) ;
#9962 = CARTESIAN_POINT ( 'NONE',  ( -0.2135826771653543399, 0.2106299212598137516, -0.2480314960629626253 ) ) ;
#9963 = LINE ( 'NONE', #3078, #6949 ) ;
#9964 = CYLINDRICAL_SURFACE ( 'NONE', #4165, 0.005905511811023620231 ) ;
#9965 = ORIENTED_EDGE ( 'NONE', *, *, #901, .F. ) ;
#9966 = LINE ( 'NONE', #3990, #5394 ) ;
#9967 = VERTEX_POINT ( 'NONE', #1713 ) ;
#9968 = CARTESIAN_POINT ( 'NONE',  ( -0.2283464566929133688, 0.2421259842519393746, -0.1082677165354035409 ) ) ;
#9969 = EDGE_CURVE ( 'NONE', #730, #1733, #5882, .T. ) ;
#9970 = CARTESIAN_POINT ( 'NONE',  ( -0.1998031496062991907, 0.2440944881889468288, 0.0007874015747934192061 ) ) ;
#9971 = PLANE ( 'NONE',  #4006 ) ;
#9972 = CARTESIAN_POINT ( 'NONE',  ( -0.004921259842519684971, 0.2309529165521752303, 0.05719542721420283610 ) ) ;
#9973 = DIRECTION ( 'NONE',  ( -1.000000000000000000, 0.000000000000000000, 0.000000000000000000 ) ) ;
#9974 = ORIENTED_EDGE ( 'NONE', *, *, #7366, .F. ) ;
#9975 = DIRECTION ( 'NONE',  ( -1.000000000000000000, -3.724350345867735138E-27, 1.066696334427999834E-12 ) ) ;
#9976 = DIRECTION ( 'NONE',  ( -1.000000000000000000, 0.000000000000000000, 0.000000000000000000 ) ) ;
#9977 = CARTESIAN_POINT ( 'NONE',  ( 0.03838582677165354451, 0.2362204724409153467, 0.05986524456920295362 ) ) ;
#9978 = EDGE_LOOP ( 'NONE', ( #5988, #7651, #2498, #519 ) ) ;
#9979 = VERTEX_POINT ( 'NONE', #871 ) ;
#9980 = DIRECTION ( 'NONE',  ( 0.000000000000000000, 3.491481338843134933E-15, -1.000000000000000000 ) ) ;
#9981 = VERTEX_POINT ( 'NONE', #5827 ) ;
#9982 = EDGE_CURVE ( 'NONE', #6989, #3636, #6571, .T. ) ;
#9983 = DIRECTION ( 'NONE',  ( 0.000000000000000000, -0.5464265657704129309, -0.8375070198036269620 ) ) ;
#9984 = DIRECTION ( 'NONE',  ( 0.000000000000000000, 3.491481338843134933E-15, -1.000000000000000000 ) ) ;
#9985 = EDGE_LOOP ( 'NONE', ( #5459, #7833, #3309, #10071, #6110 ) ) ;
#9986 = AXIS2_PLACEMENT_3D ( 'NONE', #6645, #6534, #7559 ) ;
#9987 = PLANE ( 'NONE',  #1307 ) ;
#9988 = ORIENTED_EDGE ( 'NONE', *, *, #8434, .F. ) ;
#9989 = LINE ( 'NONE', #10892, #9905 ) ;
#9990 = VERTEX_POINT ( 'NONE', #1607 ) ;
#9991 = EDGE_CURVE ( 'NONE', #8415, #5849, #6043, .T. ) ;
#9992 = DIRECTION ( 'NONE',  ( 0.000000000000000000, 0.4520890721125805922, -0.8919727971616542295 ) ) ;
#9993 = ORIENTED_EDGE ( 'NONE', *, *, #958, .F. ) ;
#9994 = VECTOR ( 'NONE', #3761, 39.37007874015748143 ) ;
#9995 = DIRECTION ( 'NONE',  ( 0.4828006046703866572, 3.057596035776928743E-15, -0.8757303101582752936 ) ) ;
#9996 = PLANE ( 'NONE',  #8208 ) ;
#9997 = DIRECTION ( 'NONE',  ( 0.000000000000000000, -1.000000000000000000, -3.491481338843134933E-15 ) ) ;
#9998 = FACE_OUTER_BOUND ( 'NONE', #8913, .T. ) ;
#9999 = CARTESIAN_POINT ( 'NONE',  ( -0.1899606296869685296, 0.2165354330708373909, -0.2480314960629626253 ) ) ;
#10000 = ORIENTED_EDGE ( 'NONE', *, *, #10677, .F. ) ;
#10001 = VECTOR ( 'NONE', #930, 39.37007874015748143 ) ;
#10002 = DIRECTION ( 'NONE',  ( 1.000000000000000000, 0.000000000000000000, 0.000000000000000000 ) ) ;
#10003 = VERTEX_POINT ( 'NONE', #7813 ) ;
#10004 = ORIENTED_EDGE ( 'NONE', *, *, #4954, .F. ) ;
#10005 = EDGE_CURVE ( 'NONE', #1480, #415, #87, .T. ) ;
#10006 = ADVANCED_FACE ( 'NONE', ( #1884 ), #1156, .F. ) ;
#10007 = DIRECTION ( 'NONE',  ( -1.000000000000000000, 0.000000000000000000, 0.000000000000000000 ) ) ;
#10008 = AXIS2_PLACEMENT_3D ( 'NONE', #7305, #1222, #596 ) ;
#10009 = VECTOR ( 'NONE', #8680, 39.37007874015748143 ) ;
#10010 = CARTESIAN_POINT ( 'NONE',  ( 0.04330708661417323468, 0.2125984251968204841, 0.07952755905514763413 ) ) ;
#10011 = CARTESIAN_POINT ( 'NONE',  ( -0.1781688684257272948, 0.1968503937007582694, -0.1102973840608038048 ) ) ;
#10012 = CARTESIAN_POINT ( 'NONE',  ( 0.1032928346914566975, 0.2834645669291035452, 0.2067515796149905494 ) ) ;
#10013 = ORIENTED_EDGE ( 'NONE', *, *, #2647, .T. ) ;
#10014 = DIRECTION ( 'NONE',  ( -1.000000000000000000, 0.000000000000000000, 0.000000000000000000 ) ) ;
#10015 = LINE ( 'NONE', #4037, #659 ) ;
#10016 = VERTEX_POINT ( 'NONE', #6277 ) ;
#10017 = CARTESIAN_POINT ( 'NONE',  ( 0.000000000000000000, 0.2490157480314665328, 0.05787401574806117638 ) ) ;
#10018 = EDGE_LOOP ( 'NONE', ( #191, #2490, #5887, #9278 ) ) ;
#10019 = VECTOR ( 'NONE', #8360, 39.37007874015748143 ) ;
#10020 = EDGE_CURVE ( 'NONE', #3041, #4416, #6750, .T. ) ;
#10021 = CARTESIAN_POINT ( 'NONE',  ( 0.1780224714964173116, 0.2834645669291035452, 0.2463342029606598593 ) ) ;
#10022 = VERTEX_POINT ( 'NONE', #9724 ) ;
#10023 = CARTESIAN_POINT ( 'NONE',  ( 0.09995424143460630850, 0.2775590551180799337, 0.2055353207559354189 ) ) ;
#10024 = CARTESIAN_POINT ( 'NONE',  ( -0.1299212598425196763, 0.2125984251968204841, 0.07952755905514763413 ) ) ;
#10025 = AXIS2_PLACEMENT_3D ( 'NONE', #4721, #3873, #9904 ) ;
#10026 = FACE_OUTER_BOUND ( 'NONE', #6323, .T. ) ;
#10027 = PLANE ( 'NONE',  #3865 ) ;
#10028 = ORIENTED_EDGE ( 'NONE', *, *, #2728, .F. ) ;
#10029 = LINE ( 'NONE', #2306, #10930 ) ;
#10030 = PLANE ( 'NONE',  #6941 ) ;
#10031 = FACE_OUTER_BOUND ( 'NONE', #9942, .T. ) ;
#10032 = EDGE_CURVE ( 'NONE', #3370, #2208, #10573, .T. ) ;
#10033 = ORIENTED_EDGE ( 'NONE', *, *, #9781, .T. ) ;
#10034 = AXIS2_PLACEMENT_3D ( 'NONE', #1886, #2735, #6954 ) ;
#10035 = DIRECTION ( 'NONE',  ( -1.000000000000000000, 0.000000000000000000, 0.000000000000000000 ) ) ;
#10036 = ORIENTED_EDGE ( 'NONE', *, *, #5858, .T. ) ;
#10037 = CYLINDRICAL_SURFACE ( 'NONE', #6275, 0.005905511811023620231 ) ;
#10038 = CARTESIAN_POINT ( 'NONE',  ( -0.1299212598425196763, 0.2421259842519393746, -0.07795275590548228495 ) ) ;
#10039 = DIRECTION ( 'NONE',  ( 0.000000000000000000, -0.5464265657704129309, -0.8375070198036269620 ) ) ;
#10040 = VECTOR ( 'NONE', #6204, 39.37007874015748143 ) ;
#10041 = EDGE_LOOP ( 'NONE', ( #6874, #5508, #6317, #5749, #2999, #5822, #2890, #1422, #6132, #2434 ) ) ;
#10042 = ORIENTED_EDGE ( 'NONE', *, *, #4197, .T. ) ;
#10043 = ORIENTED_EDGE ( 'NONE', *, *, #6638, .F. ) ;
#10044 = EDGE_CURVE ( 'NONE', #7806, #3988, #1098, .T. ) ;
#10045 = CARTESIAN_POINT ( 'NONE',  ( 0.000000000000000000, 0.2490157480314665328, 0.05787401574806117638 ) ) ;
#10046 = VERTEX_POINT ( 'NONE', #4482 ) ;
#10047 = FACE_OUTER_BOUND ( 'NONE', #8267, .T. ) ;
#10048 = VERTEX_POINT ( 'NONE', #9668 ) ;
#10049 = VECTOR ( 'NONE', #8687, 39.37007874015748143 ) ;
#10050 = DIRECTION ( 'NONE',  ( 0.000000000000000000, 1.000000000000000000, 3.491481338843135327E-15 ) ) ;
#10051 = EDGE_CURVE ( 'NONE', #2554, #8340, #318, .T. ) ;
#10052 = DIRECTION ( 'NONE',  ( -0.8681403641345690758, -1.732887676812499898E-15, 0.4963187566073820056 ) ) ;
#10053 = DIRECTION ( 'NONE',  ( -7.105427357601000597E-14, 1.000000000000000000, 3.491481338843134933E-15 ) ) ;
#10054 = DIRECTION ( 'NONE',  ( 1.000000000000000000, 0.000000000000000000, 0.000000000000000000 ) ) ;
#10055 = CARTESIAN_POINT ( 'NONE',  ( 0.1250000000000000000, 0.2616530078181201202, 0.009686792758139901177 ) ) ;
#10056 = VECTOR ( 'NONE', #1943, 39.37007874015748143 ) ;
#10057 = ORIENTED_EDGE ( 'NONE', *, *, #2828, .F. ) ;
#10058 = DIRECTION ( 'NONE',  ( 0.000000000000000000, 3.491481338843134933E-15, -1.000000000000000000 ) ) ;
#10059 = VERTEX_POINT ( 'NONE', #1830 ) ;
#10060 = ORIENTED_EDGE ( 'NONE', *, *, #2976, .T. ) ;
#10061 = CARTESIAN_POINT ( 'NONE',  ( 0.1033464566929133965, 0.2605808468465059535, -0.009969026885245903247 ) ) ;
#10062 = AXIS2_PLACEMENT_3D ( 'NONE', #6812, #9414, #5015 ) ;
#10063 = CARTESIAN_POINT ( 'NONE',  ( 0.2771653543307086576, 0.2224409448818602253, 0.05787401574806102372 ) ) ;
#10064 = ADVANCED_FACE ( 'NONE', ( #10395, #3631 ), #2846, .T. ) ;
#10065 = DIRECTION ( 'NONE',  ( 0.000000000000000000, 3.491481338843134933E-15, -1.000000000000000000 ) ) ;
#10066 = EDGE_CURVE ( 'NONE', #3347, #7328, #2000, .T. ) ;
#10067 = FACE_OUTER_BOUND ( 'NONE', #4720, .T. ) ;
#10068 = ORIENTED_EDGE ( 'NONE', *, *, #228, .F. ) ;
#10069 = PLANE ( 'NONE',  #5693 ) ;
#10070 = CARTESIAN_POINT ( 'NONE',  ( -0.1780224714963385690, 0.2775590551180799337, 0.2463342029606598593 ) ) ;
#10071 = ORIENTED_EDGE ( 'NONE', *, *, #242, .T. ) ;
#10072 = EDGE_CURVE ( 'NONE', #8832, #5635, #202, .T. ) ;
#10073 = DIRECTION ( 'NONE',  ( -1.000000000000000000, 0.000000000000000000, 0.000000000000000000 ) ) ;
#10074 = ORIENTED_EDGE ( 'NONE', *, *, #8202, .T. ) ;
#10075 = AXIS2_PLACEMENT_3D ( 'NONE', #1974, #3715, #2028 ) ;
#10076 = CARTESIAN_POINT ( 'NONE',  ( 0.1860939424881495885, 0.2834645669291035452, 0.2480314960630220500 ) ) ;
#10077 = ORIENTED_EDGE ( 'NONE', *, *, #5812, .F. ) ;
#10078 = EDGE_CURVE ( 'NONE', #6206, #2258, #2674, .T. ) ;
#10079 = CARTESIAN_POINT ( 'NONE',  ( -0.04822834645669291098, 0.2362204724409153467, 0.05986524456920295362 ) ) ;
#10080 = CARTESIAN_POINT ( 'NONE',  ( -0.2283464566929133688, 0.2421259842519382366, 0.2468503937008169891 ) ) ;
#10081 = AXIS2_PLACEMENT_3D ( 'NONE', #683, #8639, #10374 ) ;
#10082 = DIRECTION ( 'NONE',  ( 0.000000000000000000, -1.000000000000000000, -3.491481338843134933E-15 ) ) ;
#10083 = EDGE_CURVE ( 'NONE', #8102, #672, #9551, .T. ) ;
#10084 = DIRECTION ( 'NONE',  ( 0.000000000000000000, 0.8919727971616544515, 0.4520890721125807588 ) ) ;
#10085 = VERTEX_POINT ( 'NONE', #7927 ) ;
#10086 = DIRECTION ( 'NONE',  ( -1.000000000000000000, 0.000000000000000000, 0.000000000000000000 ) ) ;
#10087 = DIRECTION ( 'NONE',  ( 1.000000000000000000, 0.000000000000000000, 0.000000000000000000 ) ) ;
#10088 = CARTESIAN_POINT ( 'NONE',  ( -0.1345525796379921368, 0.2834645669291035452, 0.2201693093386125899 ) ) ;
#10089 = ORIENTED_EDGE ( 'NONE', *, *, #8223, .T. ) ;
#10090 = VECTOR ( 'NONE', #8229, 39.37007874015748143 ) ;
#10091 = CIRCLE ( 'NONE', #6657, 0.005905511811082662411 ) ;
#10092 = LINE ( 'NONE', #1524, #1467 ) ;
#10093 = ORIENTED_EDGE ( 'NONE', *, *, #4113, .T. ) ;
#10094 = PLANE ( 'NONE',  #8984 ) ;
#10095 = EDGE_CURVE ( 'NONE', #5819, #5913, #8715, .T. ) ;
#10096 = CARTESIAN_POINT ( 'NONE',  ( -0.2909448818897638067, 0.2165354330708362252, 0.06479275320006891437 ) ) ;
#10097 = AXIS2_PLACEMENT_3D ( 'NONE', #3261, #783, #724 ) ;
#10098 = DIRECTION ( 'NONE',  ( 1.000000000000000000, 0.000000000000000000, 0.000000000000000000 ) ) ;
#10099 = VECTOR ( 'NONE', #6095, 39.37007874015748143 ) ;
#10100 = EDGE_LOOP ( 'NONE', ( #337, #36, #8867, #6416 ) ) ;
#10101 = VERTEX_POINT ( 'NONE', #8037 ) ;
#10102 = VERTEX_POINT ( 'NONE', #7985 ) ;
#10103 = DIRECTION ( 'NONE',  ( 0.000000000000000000, 3.491481338843134933E-15, -1.000000000000000000 ) ) ;
#10104 = VERTEX_POINT ( 'NONE', #8771 ) ;
#10105 = LINE ( 'NONE', #742, #6489 ) ;
#10106 = VERTEX_POINT ( 'NONE', #145 ) ;
#10107 = CIRCLE ( 'NONE', #6133, 0.005905511811023620231 ) ;
#10108 = VECTOR ( 'NONE', #10363, 39.37007874015748143 ) ;
#10109 = DIRECTION ( 'NONE',  ( 0.000000000000000000, -1.000000000000000000, -3.491481338843135327E-15 ) ) ;
#10110 = ADVANCED_FACE ( 'NONE', ( #2899 ), #982, .T. ) ;
#10111 = EDGE_CURVE ( 'NONE', #8584, #5018, #6334, .T. ) ;
#10112 = FACE_OUTER_BOUND ( 'NONE', #7443, .T. ) ;
#10113 = CARTESIAN_POINT ( 'NONE',  ( -0.06594488165523622325, 0.2165354330708373909, -0.2185039370078444843 ) ) ;
#10114 = CARTESIAN_POINT ( 'NONE',  ( -0.1092519682694882005, 0.2224409448818610024, -0.2185039370078444843 ) ) ;
#10115 = EDGE_LOOP ( 'NONE', ( #9675, #10077, #3903, #4765 ) ) ;
#10116 = DIRECTION ( 'NONE',  ( 1.000000000000000000, 0.000000000000000000, 0.000000000000000000 ) ) ;
#10117 = EDGE_LOOP ( 'NONE', ( #7861, #8743, #9603, #6196 ) ) ;
#10118 = ORIENTED_EDGE ( 'NONE', *, *, #4715, .F. ) ;
#10119 = LINE ( 'NONE', #757, #3069 ) ;
#10120 = AXIS2_PLACEMENT_3D ( 'NONE', #6883, #9485, #2441 ) ;
#10121 = EDGE_CURVE ( 'NONE', #1672, #3285, #9782, .T. ) ;
#10122 = LINE ( 'NONE', #9275, #2469 ) ;
#10123 = LINE ( 'NONE', #9000, #8386 ) ;
#10124 = ORIENTED_EDGE ( 'NONE', *, *, #471, .T. ) ;
#10125 = CARTESIAN_POINT ( 'NONE',  ( -0.1387795273246062999, 0.2125984251968153771, -0.2066929133857145773 ) ) ;
#10126 = PLANE ( 'NONE',  #4976 ) ;
#10127 = ORIENTED_EDGE ( 'NONE', *, *, #8765, .F. ) ;
#10128 = DIRECTION ( 'NONE',  ( 1.000000000000000000, 0.000000000000000000, 0.000000000000000000 ) ) ;
#10129 = VECTOR ( 'NONE', #10659, 39.37007874015748143 ) ;
#10130 = ORIENTED_EDGE ( 'NONE', *, *, #8003, .F. ) ;
#10131 = CARTESIAN_POINT ( 'NONE',  ( -0.01673228322985826841, 0.2165354330708373909, -0.2421259842518799221 ) ) ;
#10132 = VERTEX_POINT ( 'NONE', #7867 ) ;
#10133 = ADVANCED_FACE ( 'NONE', ( #10453 ), #6160, .T. ) ;
#10134 = DIRECTION ( 'NONE',  ( 0.000000000000000000, 1.000000000000000000, 3.491481338843134933E-15 ) ) ;
#10135 = AXIS2_PLACEMENT_3D ( 'NONE', #7359, #6504, #2341 ) ;
#10136 = DIRECTION ( 'NONE',  ( 0.000000000000000000, -1.000000000000000000, -3.491481338843134933E-15 ) ) ;
#10137 = ORIENTED_EDGE ( 'NONE', *, *, #10051, .F. ) ;
#10138 = DIRECTION ( 'NONE',  ( 0.000000000000000000, -3.469446951953614189E-15, 1.000000000000000000 ) ) ;
#10139 = ORIENTED_EDGE ( 'NONE', *, *, #5719, .T. ) ;
#10140 = LINE ( 'NONE', #8181, #9657 ) ;
#10141 = DIRECTION ( 'NONE',  ( -1.000000000000000000, 0.000000000000000000, 0.000000000000000000 ) ) ;
#10142 = DIRECTION ( 'NONE',  ( -1.000000000000000000, 0.000000000000000000, 0.000000000000000000 ) ) ;
#10143 = ORIENTED_EDGE ( 'NONE', *, *, #9855, .T. ) ;
#10144 = ADVANCED_FACE ( 'NONE', ( #10849 ), #8203, .F. ) ;
#10145 = EDGE_CURVE ( 'NONE', #8593, #7396, #2953, .T. ) ;
#10146 = LINE ( 'NONE', #7498, #2904 ) ;
#10147 = ORIENTED_EDGE ( 'NONE', *, *, #2774, .F. ) ;
#10148 = DIRECTION ( 'NONE',  ( -0.8757303101580363736, 1.685689301590350598E-15, -0.4828006046708201437 ) ) ;
#10149 = CARTESIAN_POINT ( 'NONE',  ( 0.06988188999870079132, 0.2165354330708373909, -0.2480314960629626253 ) ) ;
#10150 = DIRECTION ( 'NONE',  ( 0.000000000000000000, 0.8919727971616544515, 0.4520890721125804257 ) ) ;
#10151 = FACE_BOUND ( 'NONE', #1671, .T. ) ;
#10152 = ORIENTED_EDGE ( 'NONE', *, *, #10032, .T. ) ;
#10153 = VERTEX_POINT ( 'NONE', #9834 ) ;
#10154 = DIRECTION ( 'NONE',  ( 0.000000000000000000, -1.000000000000000000, -7.322081659667839795E-12 ) ) ;
#10155 = ORIENTED_EDGE ( 'NONE', *, *, #10824, .F. ) ;
#10156 = EDGE_CURVE ( 'NONE', #2810, #8363, #8745, .T. ) ;
#10157 = DIRECTION ( 'NONE',  ( 0.000000000000000000, -5.782411586589358822E-15, 1.000000000000000000 ) ) ;
#10158 = ORIENTED_EDGE ( 'NONE', *, *, #1044, .F. ) ;
#10159 = CARTESIAN_POINT ( 'NONE',  ( -0.1780224714964173116, 0.2834645669291035452, 0.2463342029606598593 ) ) ;
#10160 = AXIS2_PLACEMENT_3D ( 'NONE', #7546, #1403, #2243 ) ;
#10161 = CARTESIAN_POINT ( 'NONE',  ( -0.2135826771653543399, 0.2106299212598137516, -0.2480314960629626253 ) ) ;
#10162 = LINE ( 'NONE', #3451, #4279 ) ;
#10163 = CARTESIAN_POINT ( 'NONE',  ( -0.1525590548837795490, 0.2165354330708373909, -0.2185039370078444843 ) ) ;
#10164 = ORIENTED_EDGE ( 'NONE', *, *, #8119, .F. ) ;
#10165 = CARTESIAN_POINT ( 'NONE',  ( 0.09995424143456693722, 0.2421259842519382366, 0.2055353207559350581 ) ) ;
#10166 = ORIENTED_EDGE ( 'NONE', *, *, #7449, .F. ) ;
#10167 = EDGE_LOOP ( 'NONE', ( #1635, #9132, #6355, #4639, #10507, #2866, #5297, #10751, #2744, #7522, #6002, #5529, #8595, #10728, #6648, #3641, #9569, #8749, #4931, #9091, #8109, #3176, #2985, #9525, #308, #9500, #3068, #574, #10472, #7760, #4966, #2804, #6161, #1408, #375, #213, #1133, #6668, #5467, #2234, #3010, #7229, #10534, #8279, #2847, #7779, #5283, #3807, #2542, #605, #4649, #514, #10281, #11008, #3329, #1445, #7315, #10984 ) ) ;
#10168 = EDGE_CURVE ( 'NONE', #2515, #9659, #7842, .T. ) ;
#10169 = CARTESIAN_POINT ( 'NONE',  ( 0.03838582677165354451, 0.2362204724409157630, -0.07795275590552164235 ) ) ;
#10170 = VECTOR ( 'NONE', #1732, 39.37007874015748143 ) ;
#10171 = CARTESIAN_POINT ( 'NONE',  ( 0.08169291338582677919, 0.2362204724409157630, -0.05433070866142708510 ) ) ;
#10172 = DIRECTION ( 'NONE',  ( 1.000000000000000000, 0.000000000000000000, 0.000000000000000000 ) ) ;
#10173 = VECTOR ( 'NONE', #7184, 39.37007874015748143 ) ;
#10174 = EDGE_LOOP ( 'NONE', ( #8296, #7918, #1954 ) ) ;
#10175 = DIRECTION ( 'NONE',  ( 0.8757303101580363736, -1.685689301590350598E-15, 0.4828006046708201437 ) ) ;
#10176 = DIRECTION ( 'NONE',  ( -1.000000000000000000, -0.000000000000000000, 0.000000000000000000 ) ) ;
#10177 = EDGE_LOOP ( 'NONE', ( #3174, #244, #4939, #7644 ) ) ;
#10178 = PERSON_AND_ORGANIZATION_ROLE ( 'design_owner' ) ;
#10179 = DIRECTION ( 'NONE',  ( 0.000000000000000000, -3.491481338843134933E-15, 1.000000000000000000 ) ) ;
#10180 = ORIENTED_EDGE ( 'NONE', *, *, #1337, .T. ) ;
#10181 = ORIENTED_EDGE ( 'NONE', *, *, #5550, .F. ) ;
#10182 = ADVANCED_FACE ( 'NONE', ( #3170 ), #6492, .T. ) ;
#10183 = PLANE ( 'NONE',  #544 ) ;
#10184 = EDGE_CURVE ( 'NONE', #10419, #7908, #6602, .T. ) ;
#10185 = ORIENTED_EDGE ( 'NONE', *, *, #6287, .F. ) ;
#10186 = VECTOR ( 'NONE', #8217, 39.37007874015748143 ) ;
#10187 = AXIS2_PLACEMENT_3D ( 'NONE', #9538, #5250, #8703 ) ;
#10188 = PLANE ( 'NONE',  #2485 ) ;
#10189 = CYLINDRICAL_SURFACE ( 'NONE', #2750, 0.005905511811023620231 ) ;
#10190 = VERTEX_POINT ( 'NONE', #1371 ) ;
#10191 = DIRECTION ( 'NONE',  ( -1.000000000000000000, 0.000000000000000000, 0.000000000000000000 ) ) ;
#10192 = ORIENTED_EDGE ( 'NONE', *, *, #7382, .F. ) ;
#10193 = LINE ( 'NONE', #6121, #5337 ) ;
#10194 = ADVANCED_FACE ( 'NONE', ( #9888 ), #9996, .F. ) ;
#10195 = CARTESIAN_POINT ( 'NONE',  ( -0.2047244094488189226, 0.2125984251968204841, 0.07952755905514763413 ) ) ;
#10196 = VECTOR ( 'NONE', #3095, 39.37007874015748143 ) ;
#10197 = CARTESIAN_POINT ( 'NONE',  ( 0.1250000000000000000, 0.2303149606298921792, -0.05433070866142708510 ) ) ;
#10198 = ORIENTED_EDGE ( 'NONE', *, *, #5857, .T. ) ;
#10199 = PLANE ( 'NONE',  #10806 ) ;
#10200 = ORIENTED_EDGE ( 'NONE', *, *, #1711, .F. ) ;
#10201 = VECTOR ( 'NONE', #11046, 39.37007874015748143 ) ;
#10202 = DIRECTION ( 'NONE',  ( -1.000000000000000000, 0.000000000000000000, 0.000000000000000000 ) ) ;
#10203 = CARTESIAN_POINT ( 'NONE',  ( -0.06988188976377952832, 0.2556349392492224815, -0.006742098347214430139 ) ) ;
#10204 = CARTESIAN_POINT ( 'NONE',  ( -0.2618110236220472231, 0.2755905511810736175, -0.2125984251968208727 ) ) ;
#10205 = EDGE_CURVE ( 'NONE', #9392, #5652, #4923, .T. ) ;
#10206 = EDGE_CURVE ( 'NONE', #3717, #5683, #11078, .T. ) ;
#10207 = ORIENTED_EDGE ( 'NONE', *, *, #7795, .T. ) ;
#10208 = CIRCLE ( 'NONE', #8598, 0.005905511811082679759 ) ;
#10209 = ORIENTED_EDGE ( 'NONE', *, *, #916, .F. ) ;
#10210 = AXIS2_PLACEMENT_3D ( 'NONE', #4253, #7642, #11076 ) ;
#10211 = CARTESIAN_POINT ( 'NONE',  ( 0.1643700787405905361, 0.2224409448818610024, -0.2185039370078444843 ) ) ;
#10212 = EDGE_CURVE ( 'NONE', #1217, #2584, #3857, .T. ) ;
#10213 = VERTEX_POINT ( 'NONE', #10791 ) ;
#10214 = CARTESIAN_POINT ( 'NONE',  ( 0.03444881913249606131, 0.2106299212598137516, -0.2421259842518799221 ) ) ;
#10215 = ORIENTED_EDGE ( 'NONE', *, *, #11125, .F. ) ;
#10216 = AXIS2_PLACEMENT_3D ( 'NONE', #10560, #2834, #11105 ) ;
#10217 = PLANE ( 'NONE',  #2491 ) ;
#10218 = EDGE_CURVE ( 'NONE', #10543, #598, #6436, .T. ) ;
#10219 = DIRECTION ( 'NONE',  ( 0.000000000000000000, -2.891205793294678622E-15, 1.000000000000000000 ) ) ;
#10220 = CARTESIAN_POINT ( 'NONE',  ( -0.05216535409606298801, 0.2125984251968570937, -0.2066929133859941592 ) ) ;
#10221 = DIRECTION ( 'NONE',  ( 1.000000000000000000, 0.000000000000000000, 7.806255641895634449E-14 ) ) ;
#10222 = VERTEX_POINT ( 'NONE', #9094 ) ;
#10223 = DIRECTION ( 'NONE',  ( 0.000000000000000000, -3.491481338843134933E-15, 1.000000000000000000 ) ) ;
#10224 = ORIENTED_EDGE ( 'NONE', *, *, #160, .T. ) ;
#10225 = EDGE_LOOP ( 'NONE', ( #5915, #1190, #24, #920 ) ) ;
#10226 = AXIS2_PLACEMENT_3D ( 'NONE', #7066, #3570, #4422 ) ;
#10227 = CARTESIAN_POINT ( 'NONE',  ( -0.08661417322834646937, 0.2125984251968204841, 0.07952755905514763413 ) ) ;
#10228 = VECTOR ( 'NONE', #4296, 39.37007874015748143 ) ;
#10229 = CARTESIAN_POINT ( 'NONE',  ( -0.1732283464566929387, 0.2125984251968204841, 0.07952755905514763413 ) ) ;
#10230 = EDGE_CURVE ( 'NONE', #96, #7456, #9210, .T. ) ;
#10231 = DIRECTION ( 'NONE',  ( -0.5511953220337268977, 2.913209086371642181E-15, -0.8343762442496407417 ) ) ;
#10232 = ORIENTED_EDGE ( 'NONE', *, *, #10466, .T. ) ;
#10233 = DIRECTION ( 'NONE',  ( -1.000000000000000000, 0.000000000000000000, -4.545553748172435856E-11 ) ) ;
#10234 = PLANE ( 'NONE',  #4184 ) ;
#10235 = ORIENTED_EDGE ( 'NONE', *, *, #7063, .F. ) ;
#10236 = CARTESIAN_POINT ( 'NONE',  ( 0.03838582677165354451, 0.2309529165521752303, 0.05719542721420283610 ) ) ;
#10237 = ORIENTED_EDGE ( 'NONE', *, *, #10958, .F. ) ;
#10238 = ORIENTED_EDGE ( 'NONE', *, *, #9193, .F. ) ;
#10239 = CARTESIAN_POINT ( 'NONE',  ( 0.08169291338582677919, 0.2362204724409153467, 0.05986524456920295362 ) ) ;
#10240 = ORIENTED_EDGE ( 'NONE', *, *, #7091, .F. ) ;
#10241 = AXIS2_PLACEMENT_3D ( 'NONE', #4226, #10426, #4395 ) ;
#10242 = CARTESIAN_POINT ( 'NONE',  ( 0.07775590574677165856, 0.2106299212598137516, -0.2132217023433185532 ) ) ;
#10243 = LINE ( 'NONE', #2520, #2463 ) ;
#10244 = EDGE_CURVE ( 'NONE', #9423, #8228, #4813, .T. ) ;
#10245 = LINE ( 'NONE', #6799, #9815 ) ;
#10246 = EDGE_CURVE ( 'NONE', #8418, #11081, #9153, .T. ) ;
#10247 = EDGE_LOOP ( 'NONE', ( #4591, #7764, #923, #10269 ) ) ;
#10248 = DIRECTION ( 'NONE',  ( 0.000000000000000000, 1.000000000000000000, 3.491481338843134933E-15 ) ) ;
#10249 = AXIS2_PLACEMENT_3D ( 'NONE', #9880, #8085, #7060 ) ;
#10250 = CARTESIAN_POINT ( 'NONE',  ( -0.05216535409606298801, 0.2106299212598137516, -0.2421259842519685179 ) ) ;
#10251 = CARTESIAN_POINT ( 'NONE',  ( -0.004921259842519684971, 0.2362204724409157630, -0.05433070866142708510 ) ) ;
#10252 = ORIENTED_EDGE ( 'NONE', *, *, #1252, .F. ) ;
#10253 = FACE_OUTER_BOUND ( 'NONE', #10890, .T. ) ;
#10254 = VERTEX_POINT ( 'NONE', #8260 ) ;
#10255 = ADVANCED_FACE ( 'NONE', ( #4867 ), #5761, .F. ) ;
#10256 = VECTOR ( 'NONE', #8281, 39.37007874015748143 ) ;
#10257 = DIRECTION ( 'NONE',  ( 0.000000000000000000, -1.000000000000000000, -1.017126198081068162E-11 ) ) ;
#10258 = CARTESIAN_POINT ( 'NONE',  ( 0.05511811023622047168, 0.2421259842519385974, 0.07952755905514784229 ) ) ;
#10259 = EDGE_CURVE ( 'NONE', #2168, #931, #6385, .T. ) ;
#10260 = CARTESIAN_POINT ( 'NONE',  ( -0.2283464566929133688, 0.2755905511810720632, 0.2468503937008173499 ) ) ;
#10261 = CARTESIAN_POINT ( 'NONE',  ( -0.09153543307086613179, 0.2303149606298921792, -0.05433070866142708510 ) ) ;
#10262 = VECTOR ( 'NONE', #6070, 39.37007874015748143 ) ;
#10263 = VECTOR ( 'NONE', #10642, 39.37007874015748143 ) ;
#10264 = VERTEX_POINT ( 'NONE', #4975 ) ;
#10265 = VERTEX_POINT ( 'NONE', #5086 ) ;
#10266 = DIRECTION ( 'NONE',  ( 0.000000000000000000, -5.782411586589358822E-15, 1.000000000000000000 ) ) ;
#10267 = ORIENTED_EDGE ( 'NONE', *, *, #2990, .F. ) ;
#10268 = PLANE ( 'NONE',  #5774 ) ;
#10269 = ORIENTED_EDGE ( 'NONE', *, *, #7389, .T. ) ;
#10270 = EDGE_CURVE ( 'NONE', #10781, #6760, #1758, .T. ) ;
#10271 = EDGE_CURVE ( 'NONE', #2168, #3620, #10956, .T. ) ;
#10272 = AXIS2_PLACEMENT_3D ( 'NONE', #2560, #10447, #7749 ) ;
#10273 = DIRECTION ( 'NONE',  ( 0.000000000000000000, 1.000000000000000000, 3.491481338843135327E-15 ) ) ;
#10274 = CARTESIAN_POINT ( 'NONE',  ( -0.1299212598425196763, 0.2421259842519385974, 0.07952755905514784229 ) ) ;
#10275 = LINE ( 'NONE', #2550, #2799 ) ;
#10276 = CARTESIAN_POINT ( 'NONE',  ( 0.03838582677165354451, 0.2362204724409157630, -0.05433070866138771382 ) ) ;
#10277 = CARTESIAN_POINT ( 'NONE',  ( 0.08169291338582677919, 0.2309529165521752303, 0.05719542721420283610 ) ) ;
#10278 = ORIENTED_EDGE ( 'NONE', *, *, #5034, .F. ) ;
#10279 = CARTESIAN_POINT ( 'NONE',  ( 0.1196850393700787524, 0.2775590551180803778, 0.1444881889764076943 ) ) ;
#10280 = VECTOR ( 'NONE', #6010, 39.37007874015748143 ) ;
#10281 = ORIENTED_EDGE ( 'NONE', *, *, #6383, .T. ) ;
#10282 = ORIENTED_EDGE ( 'NONE', *, *, #6058, .T. ) ;
#10283 = VECTOR ( 'NONE', #5186, 39.37007874015748143 ) ;
#10284 = EDGE_CURVE ( 'NONE', #4106, #7986, #2495, .T. ) ;
#10285 = CARTESIAN_POINT ( 'NONE',  ( -0.1132526673544882040, 0.2775590551180799337, 0.2105515555275890016 ) ) ;
#10286 = ADVANCED_FACE ( 'NONE', ( #5191 ), #1595, .T. ) ;
#10287 = ADVANCED_FACE ( 'NONE', ( #4298 ), #3332, .F. ) ;
#10288 = AXIS2_PLACEMENT_3D ( 'NONE', #3231, #642, #10116 ) ;
#10289 = CARTESIAN_POINT ( 'NONE',  ( 0.1998031496067716462, 0.2165354330708373909, -0.2185039370078444843 ) ) ;
#10290 = FACE_OUTER_BOUND ( 'NONE', #10941, .T. ) ;
#10291 = ORIENTED_EDGE ( 'NONE', *, *, #4074, .F. ) ;
#10292 = CARTESIAN_POINT ( 'NONE',  ( 0.08169291338582677919, 0.2362204724409157630, -0.07795275590552164235 ) ) ;
#10293 = CARTESIAN_POINT ( 'NONE',  ( -0.2653543307086614345, 0.2224409448818598367, 0.1051181102362502007 ) ) ;
#10294 = ORIENTED_EDGE ( 'NONE', *, *, #451, .F. ) ;
#10295 = CALENDAR_DATE ( 2024, 1, 8 ) ;
#10296 = LINE ( 'NONE', #7762, #10476 ) ;
#10297 = ORIENTED_EDGE ( 'NONE', *, *, #10911, .F. ) ;
#10298 = ORIENTED_EDGE ( 'NONE', *, *, #2290, .F. ) ;
#10299 = DIRECTION ( 'NONE',  ( 0.000000000000000000, 0.4520890721125805922, -0.8919727971616542295 ) ) ;
#10300 = ORIENTED_EDGE ( 'NONE', *, *, #3314, .T. ) ;
#10301 = AXIS2_PLACEMENT_3D ( 'NONE', #10959, #1433, #1492 ) ;
#10302 = ADVANCED_FACE ( 'NONE', ( #5816 ), #5027, .T. ) ;
#10303 = CARTESIAN_POINT ( 'NONE',  ( -0.9444047244094487814, 0.2224409448818610024, -0.2185039370078444843 ) ) ;
#10304 = LINE ( 'NONE', #777, #3358 ) ;
#10305 = LINE ( 'NONE', #830, #1177 ) ;
#10306 = ORIENTED_EDGE ( 'NONE', *, *, #4406, .T. ) ;
#10307 = VECTOR ( 'NONE', #1293, 39.37007874015748143 ) ;
#10308 = DIRECTION ( 'NONE',  ( 0.000000000000000000, 0.5464265657704129309, 0.8375070198036269620 ) ) ;
#10309 = DIRECTION ( 'NONE',  ( 0.000000000000000000, -1.000000000000000000, -3.491481338843134933E-15 ) ) ;
#10310 = CARTESIAN_POINT ( 'NONE',  ( 0.1796295472108661306, 0.2125984251968200955, 0.2468503937008169891 ) ) ;
#10311 = ORIENTED_EDGE ( 'NONE', *, *, #1955, .T. ) ;
#10312 = B_SPLINE_CURVE_WITH_KNOTS ( 'NONE', 3,
 ( #5281, #2636, #164, #949, #9514 ),
 .UNSPECIFIED., .F., .F.,
 ( 4, 1, 4 ),
 ( 0.000000000000000000, 0.2497934998010999941, 1.000000000000000000 ),
 .UNSPECIFIED. ) ;
#10313 = LINE ( 'NONE', #9520, #7386 ) ;
#10314 = ADVANCED_FACE ( 'NONE', ( #10112 ), #21, .T. ) ;
#10315 = VERTEX_POINT ( 'NONE', #7575 ) ;
#10316 = VECTOR ( 'NONE', #1080, 39.37007874015748143 ) ;
#10317 = LINE ( 'NONE', #2425, #8967 ) ;
#10318 = CYLINDRICAL_SURFACE ( 'NONE', #3767, 0.01181102362204724046 ) ;
#10319 = DIRECTION ( 'NONE',  ( 1.000000000000000000, 0.000000000000000000, 0.000000000000000000 ) ) ;
#10320 = DIRECTION ( 'NONE',  ( 1.000000000000000000, 0.000000000000000000, 0.000000000000000000 ) ) ;
#10321 = ORIENTED_EDGE ( 'NONE', *, *, #8133, .T. ) ;
#10322 = DIRECTION ( 'NONE',  ( 0.000000000000000000, -1.000000000000000000, -3.491481338843134933E-15 ) ) ;
#10323 = VERTEX_POINT ( 'NONE', #3226 ) ;
#10324 = DIRECTION ( 'NONE',  ( 0.000000000000000000, -1.000000000000000000, -3.491481338843134933E-15 ) ) ;
#10325 = EDGE_CURVE ( 'NONE', #10059, #5683, #7517, .T. ) ;
#10326 = EDGE_LOOP ( 'NONE', ( #8275, #5102, #9219, #10590 ) ) ;
#10327 = FACE_OUTER_BOUND ( 'NONE', #10814, .T. ) ;
#10328 = DIRECTION ( 'NONE',  ( 0.000000000000000000, -1.000000000000000000, -3.491481338843134933E-15 ) ) ;
#10329 = DIRECTION ( 'NONE',  ( 0.000000000000000000, -3.491481338843135327E-15, 1.000000000000000000 ) ) ;
#10330 = LINE ( 'NONE', #6662, #10399 ) ;
#10331 = EDGE_CURVE ( 'NONE', #3177, #9594, #2386, .T. ) ;
#10332 = CARTESIAN_POINT ( 'NONE',  ( -0.1564960629921260116, 0.2605808468465059535, -0.009969026885245903247 ) ) ;
#10333 = ORIENTED_EDGE ( 'NONE', *, *, #6096, .T. ) ;
#10334 = DIRECTION ( 'NONE',  ( 0.000000000000000000, 1.000000000000000000, 3.491481338843134933E-15 ) ) ;
#10335 = ORIENTED_EDGE ( 'NONE', *, *, #9599, .T. ) ;
#10336 = ORIENTED_EDGE ( 'NONE', *, *, #8524, .T. ) ;
#10337 = CARTESIAN_POINT ( 'NONE',  ( -0.2870078740155118657, 0.2165354330708362252, 0.09263160285329724575 ) ) ;
#10338 = CARTESIAN_POINT ( 'NONE',  ( 0.02854330732141338589, 0.2165354330708373909, -0.2480314960629626253 ) ) ;
#10339 = LINE ( 'NONE', #9388, #2616 ) ;
#10340 = ORIENTED_EDGE ( 'NONE', *, *, #5035, .F. ) ;
#10341 = CARTESIAN_POINT ( 'NONE',  ( -0.1780224714965354393, 0.2125984251968200955, 0.2463342029606594985 ) ) ;
#10342 = EDGE_CURVE ( 'NONE', #8531, #2389, #10275, .T. ) ;
#10343 = FACE_OUTER_BOUND ( 'NONE', #430, .T. ) ;
#10344 = EDGE_LOOP ( 'NONE', ( #3215, #4992, #3958, #6900 ) ) ;
#10345 = ADVANCED_FACE ( 'NONE', ( #6770 ), #1702, .T. ) ;
#10346 = CIRCLE ( 'NONE', #5659, 0.005905511811082662411 ) ;
#10347 = LINE ( 'NONE', #7875, #4353 ) ;
#10348 = ORIENTED_EDGE ( 'NONE', *, *, #10696, .T. ) ;
#10349 = EDGE_LOOP ( 'NONE', ( #1109, #10413, #461, #6904 ) ) ;
#10350 = PLANE ( 'NONE',  #1632 ) ;
#10351 = ORIENTED_EDGE ( 'NONE', *, *, #6371, .F. ) ;
#10352 = AXIS2_PLACEMENT_3D ( 'NONE', #3185, #5662, #5776 ) ;
#10353 = DIRECTION ( 'NONE',  ( 0.000000000000000000, -3.491481338843134933E-15, 1.000000000000000000 ) ) ;
#10354 = CARTESIAN_POINT ( 'NONE',  ( 0.1584645669294881820, 0.2165354330708373909, -0.2421259842519389860 ) ) ;
#10355 = CARTESIAN_POINT ( 'NONE',  ( -0.1732283464566929387, 0.2125984251968212890, -0.07795275590548228495 ) ) ;
#10356 = ORIENTED_EDGE ( 'NONE', *, *, #160, .F. ) ;
#10357 = LINE ( 'NONE', #1901, #2096 ) ;
#10358 = DIRECTION ( 'NONE',  ( 0.000000000000000000, 5.782411586531547151E-15, -1.000000000000000000 ) ) ;
#10359 = EDGE_CURVE ( 'NONE', #3098, #9504, #10993, .T. ) ;
#10360 = DIRECTION ( 'NONE',  ( 0.000000000000000000, -1.000000000000000000, -3.491481338843135327E-15 ) ) ;
#10361 = AXIS2_PLACEMENT_3D ( 'NONE', #584, #1265, #7290 ) ;
#10362 = ORIENTED_EDGE ( 'NONE', *, *, #8066, .F. ) ;
#10363 = DIRECTION ( 'NONE',  ( 1.000000000000000000, 2.236638355074420053E-27, -6.405986852032000123E-13 ) ) ;
#10364 = ORIENTED_EDGE ( 'NONE', *, *, #4600, .F. ) ;
#10365 = DIRECTION ( 'NONE',  ( 0.000000000000000000, 0.8919727971616544515, 0.4520890721125804257 ) ) ;
#10366 = AXIS2_PLACEMENT_3D ( 'NONE', #6759, #5073, #5911 ) ;
#10367 = DIRECTION ( 'NONE',  ( 1.000000000000000000, -1.033686126016709947E-28, 2.960594732432999784E-14 ) ) ;
#10368 = VECTOR ( 'NONE', #9600, 39.37007874015748143 ) ;
#10369 = ORIENTED_EDGE ( 'NONE', *, *, #3216, .T. ) ;
#10370 = DIRECTION ( 'NONE',  ( -1.000000000000000000, 2.486038167973294765E-28, -7.120296306086000540E-14 ) ) ;
#10371 = EDGE_CURVE ( 'NONE', #5692, #9587, #6881, .T. ) ;
#10372 = CYLINDRICAL_SURFACE ( 'NONE', #8840, 0.2908222673543306991 ) ;
#10373 = ORIENTED_EDGE ( 'NONE', *, *, #280, .F. ) ;
#10374 = DIRECTION ( 'NONE',  ( 1.000000000000000000, 0.000000000000000000, 0.000000000000000000 ) ) ;
#10375 = VERTEX_POINT ( 'NONE', #4129 ) ;
#10376 = VECTOR ( 'NONE', #3888, 39.37007874015748143 ) ;
#10377 = CARTESIAN_POINT ( 'NONE',  ( 0.2909448818897638067, 0.2165354330708362252, 0.1051181102362499925 ) ) ;
#10378 = ORIENTED_EDGE ( 'NONE', *, *, #6480, .T. ) ;
#10379 = PLANE ( 'NONE',  #3933 ) ;
#10380 = CARTESIAN_POINT ( 'NONE',  ( -0.1033464564584252038, 0.2106299212598137516, -0.2421259842518799221 ) ) ;
#10381 = EDGE_CURVE ( 'NONE', #1033, #8832, #1650, .T. ) ;
#10382 = CYLINDRICAL_SURFACE ( 'NONE', #10187, 0.01377952755905511792 ) ;
#10383 = VECTOR ( 'NONE', #6798, 39.37007874015748143 ) ;
#10384 = DIRECTION ( 'NONE',  ( -1.000000000000000000, 0.000000000000000000, 0.000000000000000000 ) ) ;
#10385 = DIRECTION ( 'NONE',  ( 0.000000000000000000, -3.469446951953614189E-15, 1.000000000000000000 ) ) ;
#10386 = ORIENTED_EDGE ( 'NONE', *, *, #9113, .T. ) ;
#10387 = CARTESIAN_POINT ( 'NONE',  ( -0.1998031496062991907, 0.2351129816986712584, -0.03819606597134834330 ) ) ;
#10388 = ORIENTED_EDGE ( 'NONE', *, *, #428, .F. ) ;
#10389 = ORIENTED_EDGE ( 'NONE', *, *, #9879, .F. ) ;
#10390 = CARTESIAN_POINT ( 'NONE',  ( 0.2771653543307086576, 0.2224409448818630286, -0.8130755905511516390 ) ) ;
#10391 = VECTOR ( 'NONE', #3283, 39.37007874015748143 ) ;
#10392 = ADVANCED_FACE ( 'NONE', ( #9482 ), #11012, .F. ) ;
#10393 = CARTESIAN_POINT ( 'NONE',  ( 0.07185039393570866184, 0.2106299212598137516, -0.2421259842518799221 ) ) ;
#10394 = FACE_OUTER_BOUND ( 'NONE', #4220, .T. ) ;
#10395 = FACE_BOUND ( 'NONE', #795, .T. ) ;
#10396 = ORIENTED_EDGE ( 'NONE', *, *, #2129, .F. ) ;
#10397 = EDGE_CURVE ( 'NONE', #2488, #493, #1146, .T. ) ;
#10398 = CARTESIAN_POINT ( 'NONE',  ( -0.1968503937007874127, 0.1968503937007582694, -0.1094488188976082688 ) ) ;
#10399 = VECTOR ( 'NONE', #9266, 39.37007874015748143 ) ;
#10400 = EDGE_LOOP ( 'NONE', ( #6554, #1834, #6068, #299, #9951, #9137 ) ) ;
#10401 = MECHANICAL_CONTEXT ( 'NONE', #7623, 'mechanical' ) ;
#10402 = CARTESIAN_POINT ( 'NONE',  ( 0.9444047244094487814, 0.2224409448818610024, -0.2132217023428440994 ) ) ;
#10403 = VERTEX_POINT ( 'NONE', #7800 ) ;
#10404 = VERTEX_POINT ( 'NONE', #6147 ) ;
#10405 = FACE_OUTER_BOUND ( 'NONE', #5614, .T. ) ;
#10406 = VERTEX_POINT ( 'NONE', #3503 ) ;
#10407 = EDGE_CURVE ( 'NONE', #8640, #10543, #73, .T. ) ;
#10408 = VECTOR ( 'NONE', #7487, 39.37007874015748143 ) ;
#10409 = EDGE_CURVE ( 'NONE', #4343, #4065, #9923, .T. ) ;
#10410 = DIRECTION ( 'NONE',  ( 0.000000000000000000, -1.000000000000000000, -3.491481338843134933E-15 ) ) ;
#10411 = CARTESIAN_POINT ( 'NONE',  ( 0.1250000000000000000, 0.2598425196850102648, -0.05433070866142700878 ) ) ;
#10412 = CYLINDRICAL_SURFACE ( 'NONE', #7655, 0.01181102362204724046 ) ;
#10413 = ORIENTED_EDGE ( 'NONE', *, *, #4175, .F. ) ;
#10414 = EDGE_CURVE ( 'NONE', #931, #4581, #5362, .T. ) ;
#10415 = DIRECTION ( 'NONE',  ( 0.000000000000000000, -3.491481338843134933E-15, 1.000000000000000000 ) ) ;
#10416 = FACE_OUTER_BOUND ( 'NONE', #3574, .T. ) ;
#10417 = DIRECTION ( 'NONE',  ( 0.000000000000000000, -1.000000000000000000, -7.661695352230901770E-12 ) ) ;
#10418 = AXIS2_PLACEMENT_3D ( 'NONE', #5978, #10273, #3331 ) ;
#10419 = VERTEX_POINT ( 'NONE', #2720 ) ;
#10420 = EDGE_CURVE ( 'NONE', #6154, #9464, #1872, .T. ) ;
#10421 = DIRECTION ( 'NONE',  ( 0.000000000000000000, 0.5464265657704129309, 0.8375070198036269620 ) ) ;
#10422 = ORIENTED_EDGE ( 'NONE', *, *, #4382, .F. ) ;
#10423 = ADVANCED_FACE ( 'NONE', ( #3673 ), #2661, .F. ) ;
#10424 = DIRECTION ( 'NONE',  ( -1.000000000000000000, 2.425885980191810125E-27, -6.948013592980000117E-13 ) ) ;
#10425 = VECTOR ( 'NONE', #3154, 39.37007874015748143 ) ;
#10426 = DIRECTION ( 'NONE',  ( 1.000000000000000000, 0.000000000000000000, 0.000000000000000000 ) ) ;
#10427 = ORIENTED_EDGE ( 'NONE', *, *, #6152, .T. ) ;
#10428 = DIRECTION ( 'NONE',  ( -1.000000000000000000, -0.000000000000000000, 0.000000000000000000 ) ) ;
#10429 = CARTESIAN_POINT ( 'NONE',  ( 0.05511811023622047168, 0.2125984251968212890, -0.07795275590548228495 ) ) ;
#10430 = ORIENTED_EDGE ( 'NONE', *, *, #2117, .T. ) ;
#10431 = DIRECTION ( 'NONE',  ( 1.000000000000000000, 0.000000000000000000, 0.000000000000000000 ) ) ;
#10432 = ORIENTED_EDGE ( 'NONE', *, *, #242, .F. ) ;
#10433 = AXIS2_PLACEMENT_3D ( 'NONE', #5626, #5789, #10082 ) ;
#10434 = DIRECTION ( 'NONE',  ( 0.000000000000000000, 1.000000000000000000, 3.491481338843134933E-15 ) ) ;
#10435 = ORIENTED_EDGE ( 'NONE', *, *, #2841, .T. ) ;
#10436 = ADVANCED_FACE ( 'NONE', ( #1816 ), #10616, .T. ) ;
#10437 = DIRECTION ( 'NONE',  ( 0.000000000000000000, 3.491481338843134933E-15, -1.000000000000000000 ) ) ;
#10438 = AXIS2_PLACEMENT_3D ( 'NONE', #370, #4707, #8152 ) ;
#10439 = CIRCLE ( 'NONE', #4498, 0.005905511811023620231 ) ;
#10440 = DIRECTION ( 'NONE',  ( 0.000000000000000000, -3.491481338843134933E-15, 1.000000000000000000 ) ) ;
#10441 = LINE ( 'NONE', #9712, #141 ) ;
#10442 = DIRECTION ( 'NONE',  ( 1.000000000000000000, 0.000000000000000000, 0.000000000000000000 ) ) ;
#10443 = ORIENTED_EDGE ( 'NONE', *, *, #943, .F. ) ;
#10444 = DIRECTION ( 'NONE',  ( -1.000000000000000000, 0.000000000000000000, 0.000000000000000000 ) ) ;
#10445 = ORIENTED_EDGE ( 'NONE', *, *, #9563, .T. ) ;
#10446 = EDGE_LOOP ( 'NONE', ( #6402, #8142, #10654, #7185 ) ) ;
#10447 = DIRECTION ( 'NONE',  ( 0.000000000000000000, 1.000000000000000000, 3.491481338843135327E-15 ) ) ;
#10448 = CIRCLE ( 'NONE', #5585, 0.005905511811023620231 ) ;
#10449 = AXIS2_PLACEMENT_3D ( 'NONE', #1603, #7640, #593 ) ;
#10450 = ADVANCED_FACE ( 'NONE', ( #2832 ), #4410, .T. ) ;
#10451 = CARTESIAN_POINT ( 'NONE',  ( -0.1348425196850394081, 0.2556349392492224815, -0.006742098347214430139 ) ) ;
#10452 = LINE ( 'NONE', #8770, #6243 ) ;
#10453 = FACE_OUTER_BOUND ( 'NONE', #10446, .T. ) ;
#10454 = ORIENTED_EDGE ( 'NONE', *, *, #428, .T. ) ;
#10455 = AXIS2_PLACEMENT_3D ( 'NONE', #6401, #9854, #10756 ) ;
#10456 = CARTESIAN_POINT ( 'NONE',  ( -0.2135826771653543399, 0.2106299212598137516, -0.2125984251968208727 ) ) ;
#10457 = AXIS2_PLACEMENT_3D ( 'NONE', #4921, #4968, #9261 ) ;
#10458 = DIRECTION ( 'NONE',  ( 1.000000000000000000, 0.000000000000000000, 0.000000000000000000 ) ) ;
#10459 = ORIENTED_EDGE ( 'NONE', *, *, #3505, .T. ) ;
#10460 = DIRECTION ( 'NONE',  ( 1.000000000000000000, 0.000000000000000000, 0.000000000000000000 ) ) ;
#10461 = ORIENTED_EDGE ( 'NONE', *, *, #4523, .F. ) ;
#10462 = VERTEX_POINT ( 'NONE', #7972 ) ;
#10463 = CARTESIAN_POINT ( 'NONE',  ( 0.1722440944881890035, 0.1968503937007582694, -0.1094488188976082410 ) ) ;
#10464 = EDGE_LOOP ( 'NONE', ( #6623, #11079, #3093, #7906 ) ) ;
#10465 = EDGE_CURVE ( 'NONE', #5755, #3676, #8934, .T. ) ;
#10466 = EDGE_CURVE ( 'NONE', #345, #4712, #1025, .T. ) ;
#10467 = AXIS2_PLACEMENT_3D ( 'NONE', #9558, #151, #989 ) ;
#10468 = VECTOR ( 'NONE', #454, 39.37007874015748143 ) ;
#10469 = CARTESIAN_POINT ( 'NONE',  ( -0.004921259842519684971, 0.2362204724409153467, 0.05986524456920295362 ) ) ;
#10470 = DIRECTION ( 'NONE',  ( -0.3333333332760972656, -5.782411586589360400E-15, 0.9428090416022993914 ) ) ;
#10471 = CYLINDRICAL_SURFACE ( 'NONE', #7837, 0.01181102362204724046 ) ;
#10472 = ORIENTED_EDGE ( 'NONE', *, *, #3908, .T. ) ;
#10473 = CARTESIAN_POINT ( 'NONE',  ( -0.1998031496062991907, 0.2598425196850102648, -0.05433070866142700878 ) ) ;
#10474 = CARTESIAN_POINT ( 'NONE',  ( -0.1780224714965354393, 0.2421259842519382366, 0.2463342029606594985 ) ) ;
#10475 = DIRECTION ( 'NONE',  ( -1.000000000000000000, 0.000000000000000000, 8.382039275630269300E-11 ) ) ;
#10476 = VECTOR ( 'NONE', #7705, 39.37007874015748854 ) ;
#10477 = EDGE_CURVE ( 'NONE', #9444, #6664, #7303, .T. ) ;
#10478 = ORIENTED_EDGE ( 'NONE', *, *, #9251, .T. ) ;
#10479 = ORIENTED_EDGE ( 'NONE', *, *, #9781, .F. ) ;
#10480 = CYLINDRICAL_SURFACE ( 'NONE', #7750, 0.005905511811082662411 ) ;
#10481 = CARTESIAN_POINT ( 'NONE',  ( 0.02854330732141338589, 0.2165354330708373909, -0.2421259842518799221 ) ) ;
#10482 = VECTOR ( 'NONE', #1704, 39.37007874015748143 ) ;
#10483 = FACE_OUTER_BOUND ( 'NONE', #10225, .T. ) ;
#10484 = DIRECTION ( 'NONE',  ( 0.000000000000000000, 3.491481338843135327E-15, -1.000000000000000000 ) ) ;
#10485 = DIRECTION ( 'NONE',  ( 0.000000000000000000, 3.491481338843134933E-15, -1.000000000000000000 ) ) ;
#10486 = VERTEX_POINT ( 'NONE', #306 ) ;
#10487 = CARTESIAN_POINT ( 'NONE',  ( 0.1250000000000000000, 0.2563854519293799483, 0.007016975403139922435 ) ) ;
#10488 = CARTESIAN_POINT ( 'NONE',  ( 0.03838582677165354451, 0.2303149606298921792, -0.05433070866142708510 ) ) ;
#10489 = EDGE_CURVE ( 'NONE', #2153, #3825, #10558, .T. ) ;
#10490 = ORIENTED_EDGE ( 'NONE', *, *, #2632, .T. ) ;
#10492 = EDGE_CURVE ( 'NONE', #10003, #3125, #5423, .T. ) ;
#10491 = AXIS2_PLACEMENT_3D ( 'NONE', #10753, #9906, #6453 ) ;
#10493 = DIRECTION ( 'NONE',  ( 3.138230416273999815E-13, -1.000000000000000000, -3.491481338843134933E-15 ) ) ;
#10494 = AXIS2_PLACEMENT_3D ( 'NONE', #9809, #1912, #8798 ) ;
#10495 = VERTEX_POINT ( 'NONE', #7171 ) ;
#10496 = CARTESIAN_POINT ( 'NONE',  ( 0.08169291338582677919, 0.2351129816986712584, -0.03819606597134834330 ) ) ;
#10497 = VERTEX_POINT ( 'NONE', #2887 ) ;
#10498 = DIRECTION ( 'NONE',  ( 0.000000000000000000, -0.5464265657704129309, -0.8375070198036269620 ) ) ;
#10499 = DIRECTION ( 'NONE',  ( 0.000000000000000000, 0.5464265657704129309, 0.8375070198036269620 ) ) ;
#10500 = AXIS2_PLACEMENT_3D ( 'NONE', #996, #9794, #10643 ) ;
#10501 = DIRECTION ( 'NONE',  ( 0.000000000000000000, -3.491481338843134933E-15, 1.000000000000000000 ) ) ;
#10502 = CARTESIAN_POINT ( 'NONE',  ( -0.004921259842519684971, 0.2309529165521752303, 0.05719542721420283610 ) ) ;
#10503 = DIRECTION ( 'NONE',  ( 0.000000000000000000, -3.491481338843134933E-15, 1.000000000000000000 ) ) ;
#10504 = VERTEX_POINT ( 'NONE', #6468 ) ;
#10505 = ADVANCED_FACE ( 'NONE', ( #4358 ), #10382, .F. ) ;
#10506 = LINE ( 'NONE', #6376, #3951 ) ;
#10507 = ORIENTED_EDGE ( 'NONE', *, *, #8624, .T. ) ;
#10508 = VERTEX_POINT ( 'NONE', #969 ) ;
#10509 = DIRECTION ( 'NONE',  ( -5.199159621345999487E-10, -1.000000000000000000, 1.874518930668610188E-10 ) ) ;
#10510 = LINE ( 'NONE', #5542, #7177 ) ;
#10511 = LINE ( 'NONE', #5374, #9136 ) ;
#10512 = CARTESIAN_POINT ( 'NONE',  ( 0.1250000000000000000, 0.2400588892959547305, -0.04142299450934047722 ) ) ;
#10513 = ORIENTED_EDGE ( 'NONE', *, *, #4741, .T. ) ;
#10514 = CARTESIAN_POINT ( 'NONE',  ( 0.1033464566929133965, 0.2563854519293799483, 0.007016975403139922435 ) ) ;
#10515 = CARTESIAN_POINT ( 'NONE',  ( -0.1732283464566929387, 0.2125984251968212890, -0.07795275590548228495 ) ) ;
#10516 = FACE_OUTER_BOUND ( 'NONE', #6284, .T. ) ;
#10517 = VERTEX_POINT ( 'NONE', #7853 ) ;
#10518 = EDGE_CURVE ( 'NONE', #7400, #9783, #131, .T. ) ;
#10519 = CARTESIAN_POINT ( 'NONE',  ( -0.2712598425196850460, 0.2145669291338283546, 0.1051181102362499925 ) ) ;
#10520 = VERTEX_POINT ( 'NONE', #10988 ) ;
#10521 = ORIENTED_EDGE ( 'NONE', *, *, #6506, .F. ) ;
#10522 = DIRECTION ( 'NONE',  ( -7.697546304333999932E-14, -4.471704452809154801E-12, -1.000000000000000000 ) ) ;
#10523 = ORIENTED_EDGE ( 'NONE', *, *, #9599, .F. ) ;
#10524 = DIRECTION ( 'NONE',  ( 0.000000000000000000, 0.4520890721125805922, -0.8919727971616542295 ) ) ;
#10525 = CARTESIAN_POINT ( 'NONE',  ( -0.1092519682694882005, 0.2125984251968074945, -0.2125984251968208727 ) ) ;
#10526 = CARTESIAN_POINT ( 'NONE',  ( 0.06003937007874016185, 0.2616530078181201202, 0.009686792758139901177 ) ) ;
#10527 = AXIS2_PLACEMENT_3D ( 'NONE', #9071, #1517, #1345 ) ;
#10528 = VERTEX_POINT ( 'NONE', #614 ) ;
#10529 = DIRECTION ( 'NONE',  ( 0.000000000000000000, -1.000000000000000000, -3.469446951953614978E-15 ) ) ;
#10530 = CARTESIAN_POINT ( 'NONE',  ( -0.1013779525214173333, 0.2106299212598137516, -0.2480314960629626253 ) ) ;
#10531 = EDGE_CURVE ( 'NONE', #8326, #9307, #6578, .T. ) ;
#10532 = EDGE_CURVE ( 'NONE', #793, #5782, #8456, .T. ) ;
#10533 = DIRECTION ( 'NONE',  ( 0.000000000000000000, 5.782411586531547151E-15, -1.000000000000000000 ) ) ;
#10534 = ORIENTED_EDGE ( 'NONE', *, *, #8870, .T. ) ;
#10535 = EDGE_LOOP ( 'NONE', ( #11049, #2640, #4681, #9627 ) ) ;
#10536 = CARTESIAN_POINT ( 'NONE',  ( -0.1131889763779527630, 0.2563854519293799483, 0.007016975403139922435 ) ) ;
#10537 = AXIS2_PLACEMENT_3D ( 'NONE', #3308, #11147, #1786 ) ;
#10538 = FACE_OUTER_BOUND ( 'NONE', #8596, .T. ) ;
#10539 = CARTESIAN_POINT ( 'NONE',  ( -0.1132526673546949830, 0.2125984251968200955, 0.2105515555276761819 ) ) ;
#10540 = EDGE_CURVE ( 'NONE', #8031, #6956, #10825, .T. ) ;
#10541 = DIRECTION ( 'NONE',  ( 0.000000000000000000, -0.4520890721125805922, 0.8919727971616542295 ) ) ;
#10542 = CARTESIAN_POINT ( 'NONE',  ( 0.01673228346456692717, 0.2605808468465059535, -0.009969026885245903247 ) ) ;
#10543 = VERTEX_POINT ( 'NONE', #10935 ) ;
#10544 = DIRECTION ( 'NONE',  ( -1.000000000000000000, 0.000000000000000000, 0.000000000000000000 ) ) ;
#10545 = VECTOR ( 'NONE', #10687, 39.37007874015748143 ) ;
#10546 = CARTESIAN_POINT ( 'NONE',  ( 0.1250000000000000000, 0.2605808468465059535, -0.009969026885245903247 ) ) ;
#10547 = VERTEX_POINT ( 'NONE', #9074 ) ;
#10548 = DIRECTION ( 'NONE',  ( 1.000000000000000000, 0.000000000000000000, 0.000000000000000000 ) ) ;
#10549 = ORIENTED_EDGE ( 'NONE', *, *, #2888, .T. ) ;
#10550 = LINE ( 'NONE', #3669, #8492 ) ;
#10551 = ORIENTED_EDGE ( 'NONE', *, *, #4058, .F. ) ;
#10552 = VECTOR ( 'NONE', #5095, 39.37007874015748143 ) ;
#10553 = VECTOR ( 'NONE', #1628, 39.37007874015748143 ) ;
#10554 = EDGE_CURVE ( 'NONE', #7284, #793, #1464, .T. ) ;
#10555 = CARTESIAN_POINT ( 'NONE',  ( -0.04822834645669291098, 0.2400588892959547305, -0.04142299450934047722 ) ) ;
#10556 = ADVANCED_FACE ( 'NONE', ( #5846 ), #8238, .F. ) ;
#10557 = CARTESIAN_POINT ( 'NONE',  ( -0.9444047244094487814, 0.2224409448818610024, -0.2185039370078444843 ) ) ;
#10558 = LINE ( 'NONE', #6263, #5319 ) ;
#10559 = EDGE_CURVE ( 'NONE', #4065, #177, #8353, .T. ) ;
#10560 = CARTESIAN_POINT ( 'NONE',  ( 0.2850393700787401952, 0.2106299212598126414, 0.09921259842522638095 ) ) ;
#10561 = CARTESIAN_POINT ( 'NONE',  ( -0.1732283464566929387, 0.2125984251968212890, -0.07795275590548228495 ) ) ;
#10562 = ORIENTED_EDGE ( 'NONE', *, *, #5636, .F. ) ;
#10563 = AXIS2_PLACEMENT_3D ( 'NONE', #7269, #10664, #2031 ) ;
#10564 = PLANE ( 'NONE',  #3402 ) ;
#10565 = ORIENTED_EDGE ( 'NONE', *, *, #8927, .T. ) ;
#10566 = ORIENTED_EDGE ( 'NONE', *, *, #2048, .F. ) ;
#10567 = LINE ( 'NONE', #4696, #1813 ) ;
#10568 = VECTOR ( 'NONE', #10415, 39.37007874015748143 ) ;
#10569 = FACE_OUTER_BOUND ( 'NONE', #5215, .T. ) ;
#10570 = ADVANCED_FACE ( 'NONE', ( #670 ), #2416, .T. ) ;
#10571 = AXIS2_PLACEMENT_3D ( 'NONE', #829, #6004, #4269 ) ;
#10572 = DIRECTION ( 'NONE',  ( 0.3333333333142091126, -5.782411586589360400E-15, 0.9428090415888248366 ) ) ;
#10573 = LINE ( 'NONE', #3573, #9821 ) ;
#10574 = ORIENTED_EDGE ( 'NONE', *, *, #8371, .T. ) ;
#10575 = DIRECTION ( 'NONE',  ( 1.000000000000000000, 4.771985276068999720E-13, 1.666129754062909633E-27 ) ) ;
#10576 = LINE ( 'NONE', #2955, #904 ) ;
#10577 = CARTESIAN_POINT ( 'NONE',  ( -0.1181102362204724532, 0.2125984251968204841, 0.07952755905514763413 ) ) ;
#10578 = EDGE_LOOP ( 'NONE', ( #9552, #2500 ) ) ;
#10579 = PLANE ( 'NONE',  #9574 ) ;
#10580 = ORIENTED_EDGE ( 'NONE', *, *, #569, .T. ) ;
#10581 = ORIENTED_EDGE ( 'NONE', *, *, #61, .T. ) ;
#10582 = VECTOR ( 'NONE', #10175, 39.37007874015748143 ) ;
#10583 = DIRECTION ( 'NONE',  ( 0.000000000000000000, 1.000000000000000000, 3.491481338843135327E-15 ) ) ;
#10584 = AXIS2_PLACEMENT_3D ( 'NONE', #4423, #1944, #8658 ) ;
#10585 = EDGE_CURVE ( 'NONE', #1658, #2512, #7611, .T. ) ;
#10586 = CARTESIAN_POINT ( 'NONE',  ( -0.1345525796381496220, 0.2775590551180799337, 0.2201693093386125899 ) ) ;
#10587 = VECTOR ( 'NONE', #2602, 39.37007874015748143 ) ;
#10588 = DIRECTION ( 'NONE',  ( 0.000000000000000000, -1.000000000000000000, -3.491481338843134933E-15 ) ) ;
#10589 = DIRECTION ( 'NONE',  ( 1.000000000000000000, 0.000000000000000000, 0.000000000000000000 ) ) ;
#10590 = ORIENTED_EDGE ( 'NONE', *, *, #1227, .F. ) ;
#10591 = CARTESIAN_POINT ( 'NONE',  ( -0.1879921257499606313, 0.2106299212598137516, -0.2480314960629626253 ) ) ;
#10592 = DIRECTION ( 'NONE',  ( 1.000000000000000000, 0.000000000000000000, 0.000000000000000000 ) ) ;
#10593 = PLANE ( 'NONE',  #2535 ) ;
#10594 = VERTEX_POINT ( 'NONE', #3202 ) ;
#10595 = VERTEX_POINT ( 'NONE', #4108 ) ;
#10596 = VECTOR ( 'NONE', #6304, 39.37007874015748143 ) ;
#10597 = LINE ( 'NONE', #6301, #1271 ) ;
#10598 = ADVANCED_FACE ( 'NONE', ( #2307 ), #10030, .T. ) ;
#10599 = LINE ( 'NONE', #9635, #10771 ) ;
#10600 = EDGE_CURVE ( 'NONE', #177, #10953, #1348, .T. ) ;
#10601 = LINE ( 'NONE', #286, #10847 ) ;
#10602 = CARTESIAN_POINT ( 'NONE',  ( 0.03444881913249606131, 0.2165354330708373909, -0.2185039370078444843 ) ) ;
#10603 = ORIENTED_EDGE ( 'NONE', *, *, #701, .T. ) ;
#10604 = FACE_OUTER_BOUND ( 'NONE', #9160, .T. ) ;
#10605 = CIRCLE ( 'NONE', #2314, 0.02952755905511810289 ) ;
#10606 = CARTESIAN_POINT ( 'NONE',  ( -0.2653543307086614345, 0.2145669291338295481, -0.2125984251968208727 ) ) ;
#10607 = EDGE_LOOP ( 'NONE', ( #5900, #6269, #8439, #6553 ) ) ;
#10608 = ORIENTED_EDGE ( 'NONE', *, *, #6018, .T. ) ;
#10609 = LINE ( 'NONE', #3841, #10468 ) ;
#10610 = VERTEX_POINT ( 'NONE', #6526 ) ;
#10611 = CIRCLE ( 'NONE', #702, 0.01870078740157479422 ) ;
#10612 = EDGE_CURVE ( 'NONE', #2221, #3655, #2246, .T. ) ;
#10613 = EDGE_CURVE ( 'NONE', #5413, #3695, #5679, .T. ) ;
#10614 = DIRECTION ( 'NONE',  ( -1.000000000000000000, 0.000000000000000000, 0.000000000000000000 ) ) ;
#10615 = DIRECTION ( 'NONE',  ( -1.000000000000000000, 0.000000000000000000, 0.000000000000000000 ) ) ;
#10616 = PLANE ( 'NONE',  #4244 ) ;
#10617 = CARTESIAN_POINT ( 'NONE',  ( -0.02263779504094094730, 0.2125984251968330851, -0.2125984251968208727 ) ) ;
#10618 = VECTOR ( 'NONE', #10820, 39.37007874015748143 ) ;
#10619 = ORIENTED_EDGE ( 'NONE', *, *, #10184, .F. ) ;
#10620 = CARTESIAN_POINT ( 'NONE',  ( -0.2283464566929133688, 0.2755905511810732289, -0.1082677165354033466 ) ) ;
#10621 = ORIENTED_EDGE ( 'NONE', *, *, #6913, .T. ) ;
#10622 = ORIENTED_EDGE ( 'NONE', *, *, #11038, .F. ) ;
#10623 = EDGE_CURVE ( 'NONE', #3791, #1891, #4162, .T. ) ;
#10624 = ADVANCED_FACE ( 'NONE', ( #4788 ), #504, .T. ) ;
#10625 = DIRECTION ( 'NONE',  ( 0.000000000000000000, 1.000000000000000000, 3.491481338843134933E-15 ) ) ;
#10626 = AXIS2_PLACEMENT_3D ( 'NONE', #10045, #3111, #7399 ) ;
#10627 = DIRECTION ( 'NONE',  ( 0.000000000000000000, -1.000000000000000000, -3.491481338843134933E-15 ) ) ;
#10628 = DIRECTION ( 'NONE',  ( 1.000000000000000000, 0.000000000000000000, 0.000000000000000000 ) ) ;
#10629 = DIRECTION ( 'NONE',  ( 0.000000000000000000, 1.000000000000000000, 3.491481338843134933E-15 ) ) ;
#10630 = ORIENTED_EDGE ( 'NONE', *, *, #3585, .F. ) ;
#10631 = CARTESIAN_POINT ( 'NONE',  ( -0.02657480314960630058, 0.2351129816986712584, -0.03819606597134834330 ) ) ;
#10632 = DIRECTION ( 'NONE',  ( 1.000000000000000000, 0.000000000000000000, 0.000000000000000000 ) ) ;
#10633 = CARTESIAN_POINT ( 'NONE',  ( -0.2135826771653543399, 0.2106299212598137516, -0.2480314960629626253 ) ) ;
#10634 = VERTEX_POINT ( 'NONE', #3943 ) ;
#10635 = DIRECTION ( 'NONE',  ( -1.000000000000000000, 0.000000000000000000, 0.000000000000000000 ) ) ;
#10636 = AXIS2_PLACEMENT_3D ( 'NONE', #1340, #5672, #4781 ) ;
#10637 = EDGE_LOOP ( 'NONE', ( #2827, #7248, #8087, #6710 ) ) ;
#10638 = VERTEX_POINT ( 'NONE', #5794 ) ;
#10639 = ADVANCED_FACE ( 'NONE', ( #4953 ), #8292, .T. ) ;
#10640 = VECTOR ( 'NONE', #6682, 39.37007874015748143 ) ;
#10641 = EDGE_CURVE ( 'NONE', #5116, #6956, #3337, .T. ) ;
#10642 = DIRECTION ( 'NONE',  ( 0.000000000000000000, -1.000000000000000000, -1.533386026818315256E-14 ) ) ;
#10643 = DIRECTION ( 'NONE',  ( 1.000000000000000000, 0.000000000000000000, 0.000000000000000000 ) ) ;
#10644 = AXIS2_PLACEMENT_3D ( 'NONE', #586, #2590, #10054 ) ;
#10645 = AXIS2_PLACEMENT_3D ( 'NONE', #6379, #6486, #255 ) ;
#10646 = CARTESIAN_POINT ( 'NONE',  ( -0.09153543307086613179, 0.2362204724409157630, -0.07795275590552164235 ) ) ;
#10647 = DIRECTION ( 'NONE',  ( 0.000000000000000000, -0.5464265657704129309, -0.8375070198036269620 ) ) ;
#10648 = ORIENTED_EDGE ( 'NONE', *, *, #424, .F. ) ;
#10649 = LINE ( 'NONE', #2805, #8411 ) ;
#10650 = DIRECTION ( 'NONE',  ( -0.000000000000000000, -0.8919727971616544515, -0.4520890721125807588 ) ) ;
#10651 = LINE ( 'NONE', #9800, #9750 ) ;
#10652 = ORIENTED_EDGE ( 'NONE', *, *, #2504, .F. ) ;
#10653 = ADVANCED_FACE ( 'NONE', ( #1736 ), #7889, .F. ) ;
#10654 = ORIENTED_EDGE ( 'NONE', *, *, #6229, .F. ) ;
#10655 = VECTOR ( 'NONE', #7310, 39.37007874015748143 ) ;
#10656 = AXIS2_PLACEMENT_3D ( 'NONE', #8866, #2088, #8020 ) ;
#10657 = DIRECTION ( 'NONE',  ( 1.000000000000000000, 0.000000000000000000, 0.000000000000000000 ) ) ;
#10658 = LINE ( 'NONE', #8739, #6077 ) ;
#10659 = DIRECTION ( 'NONE',  ( 0.000000000000000000, -1.000000000000000000, -3.491481338843134933E-15 ) ) ;
#10660 = CARTESIAN_POINT ( 'NONE',  ( 0.2594488188976378784, 0.2716535433070562666, 0.2055118110236515971 ) ) ;
#10661 = DIRECTION ( 'NONE',  ( -1.000000000000000000, 0.000000000000000000, 0.000000000000000000 ) ) ;
#10662 = VERTEX_POINT ( 'NONE', #8514 ) ;
#10663 = VECTOR ( 'NONE', #7932, 39.37007874015748143 ) ;
#10664 = DIRECTION ( 'NONE',  ( 0.000000000000000000, 1.000000000000000000, 3.491481338843135327E-15 ) ) ;
#10665 = DIRECTION ( 'NONE',  ( 0.000000000000000000, 3.491481338843134933E-15, -1.000000000000000000 ) ) ;
#10666 = ORIENTED_EDGE ( 'NONE', *, *, #2404, .T. ) ;
#10667 = EDGE_CURVE ( 'NONE', #8407, #8611, #9572, .T. ) ;
#10668 = ORIENTED_EDGE ( 'NONE', *, *, #7167, .T. ) ;
#10669 = DIRECTION ( 'NONE',  ( 1.000000000000000000, 0.000000000000000000, 0.000000000000000000 ) ) ;
#10670 = EDGE_LOOP ( 'NONE', ( #5047, #1136, #5469, #10224, #4489, #6761, #4200 ) ) ;
#10671 = VECTOR ( 'NONE', #7871, 39.37007874015748143 ) ;
#10672 = DIRECTION ( 'NONE',  ( -1.000000000000000000, 0.000000000000000000, 0.000000000000000000 ) ) ;
#10673 = CARTESIAN_POINT ( 'NONE',  ( 0.04330708661417323468, 0.2125984251968212890, -0.07795275590548228495 ) ) ;
#10674 = AXIS2_PLACEMENT_3D ( 'NONE', #5476, #2722, #5365 ) ;
#10675 = DIRECTION ( 'NONE',  ( 0.000000000000000000, 1.000000000000000000, 3.491481338843134933E-15 ) ) ;
#10676 = EDGE_LOOP ( 'NONE', ( #7484, #10937, #887, #7295 ) ) ;
#10677 = EDGE_CURVE ( 'NONE', #8418, #1188, #10312, .T. ) ;
#10678 = EDGE_CURVE ( 'NONE', #348, #1453, #2581, .T. ) ;
#10679 = DIRECTION ( 'NONE',  ( 0.000000000000000000, -1.000000000000000000, -3.491481338843134933E-15 ) ) ;
#10680 = ORIENTED_EDGE ( 'NONE', *, *, #3730, .F. ) ;
#10681 = ORIENTED_EDGE ( 'NONE', *, *, #5996, .F. ) ;
#10682 = DIRECTION ( 'NONE',  ( -3.973710249737999690E-11, 1.000000000000000000, 1.546963836304884743E-11 ) ) ;
#10683 = AXIS2_PLACEMENT_3D ( 'NONE', #9480, #6934, #2549 ) ;
#10684 = CARTESIAN_POINT ( 'NONE',  ( -0.1781496062992126150, 0.2605808468465059535, -0.009969026885245903247 ) ) ;
#10685 = EDGE_CURVE ( 'NONE', #4750, #8805, #1727, .T. ) ;
#10686 = DIRECTION ( 'NONE',  ( 1.000000000000000000, 0.000000000000000000, 0.000000000000000000 ) ) ;
#10687 = DIRECTION ( 'NONE',  ( -2.309263891219999962E-13, -1.000000000000000000, 7.940517116649689852E-14 ) ) ;
#10688 = CYLINDRICAL_SURFACE ( 'NONE', #6419, 0.01968503937007873988 ) ;
#10689 = DIRECTION ( 'NONE',  ( -1.000000000000000000, 0.000000000000000000, 0.000000000000000000 ) ) ;
#10690 = ORIENTED_EDGE ( 'NONE', *, *, #7461, .F. ) ;
#10691 = PLANE ( 'NONE',  #4716 ) ;
#10692 = ORIENTED_EDGE ( 'NONE', *, *, #1095, .T. ) ;
#10693 = EDGE_LOOP ( 'NONE', ( #2796, #10743, #8660, #44 ) ) ;
#10694 = CARTESIAN_POINT ( 'NONE',  ( -0.9444047244094487814, 0.2224409448818610024, -0.2185039370078444843 ) ) ;
#10695 = FACE_OUTER_BOUND ( 'NONE', #8069, .T. ) ;
#10696 = EDGE_CURVE ( 'NONE', #3456, #3132, #6008, .T. ) ;
#10697 = CARTESIAN_POINT ( 'NONE',  ( 0.1860939424881495885, 0.2834645669291035452, 0.2480314960630220500 ) ) ;
#10698 = EDGE_CURVE ( 'NONE', #3159, #8851, #6911, .T. ) ;
#10699 = CARTESIAN_POINT ( 'NONE',  ( -0.1820866139388976346, 0.2125984251968161542, -0.2066929133857224599 ) ) ;
#10700 = ORIENTED_EDGE ( 'NONE', *, *, #3384, .F. ) ;
#10701 = FACE_OUTER_BOUND ( 'NONE', #8225, .T. ) ;
#10702 = DIRECTION ( 'NONE',  ( -1.000000000000000000, 0.000000000000000000, 0.000000000000000000 ) ) ;
#10703 = EDGE_CURVE ( 'NONE', #388, #3412, #301, .T. ) ;
#10704 = CARTESIAN_POINT ( 'NONE',  ( -0.1348425196850394081, 0.2556349392492224815, -0.006742098347214430139 ) ) ;
#10705 = ORIENTED_EDGE ( 'NONE', *, *, #9152, .F. ) ;
#10706 = VERTEX_POINT ( 'NONE', #8566 ) ;
#10707 = FACE_BOUND ( 'NONE', #1315, .T. ) ;
#10708 = VECTOR ( 'NONE', #3716, 39.37007874015748143 ) ;
#10709 = CARTESIAN_POINT ( 'NONE',  ( 0.1033464566929133965, 0.2605808468465059535, -0.009969026885245903247 ) ) ;
#10710 = DIRECTION ( 'NONE',  ( -1.000000000000000000, 0.000000000000000000, 0.000000000000000000 ) ) ;
#10711 = CARTESIAN_POINT ( 'NONE',  ( -0.004921259842519684971, 0.2362204724409157630, -0.07795275590552164235 ) ) ;
#10712 = EDGE_CURVE ( 'NONE', #5130, #10547, #3708, .T. ) ;
#10713 = DIRECTION ( 'NONE',  ( 0.000000000000000000, 3.491481338843134933E-15, -1.000000000000000000 ) ) ;
#10714 = ORIENTED_EDGE ( 'NONE', *, *, #8082, .T. ) ;
#10715 = DIRECTION ( 'NONE',  ( 1.000000000000000000, 0.000000000000000000, 0.000000000000000000 ) ) ;
#10716 = ORIENTED_EDGE ( 'NONE', *, *, #8857, .T. ) ;
#10717 = ORIENTED_EDGE ( 'NONE', *, *, #9054, .F. ) ;
#10718 = CARTESIAN_POINT ( 'NONE',  ( 0.1299212598425196763, 0.2125984251968204841, 0.07952755905514763413 ) ) ;
#10719 = ORIENTED_EDGE ( 'NONE', *, *, #565, .F. ) ;
#10720 = DIRECTION ( 'NONE',  ( 0.000000000000000000, 1.000000000000000000, 3.491481338843135327E-15 ) ) ;
#10721 = EDGE_CURVE ( 'NONE', #1558, #9192, #1001, .T. ) ;
#10722 = VECTOR ( 'NONE', #5318, 39.37007874015748143 ) ;
#10723 = LINE ( 'NONE', #3047, #800 ) ;
#10724 = DIRECTION ( 'NONE',  ( 0.000000000000000000, 0.8375070198036268510, -0.5464265657704128198 ) ) ;
#10725 = ORIENTED_EDGE ( 'NONE', *, *, #6692, .F. ) ;
#10726 = DIRECTION ( 'NONE',  ( 0.000000000000000000, 0.8375070198036268510, -0.5464265657704128198 ) ) ;
#10727 = ORIENTED_EDGE ( 'NONE', *, *, #4076, .T. ) ;
#10728 = ORIENTED_EDGE ( 'NONE', *, *, #4687, .T. ) ;
#10729 = DIRECTION ( 'NONE',  ( 1.000000000000000000, 0.000000000000000000, 0.000000000000000000 ) ) ;
#10730 = AXIS2_PLACEMENT_3D ( 'NONE', #5957, #9406, #1680 ) ;
#10731 = ORIENTED_EDGE ( 'NONE', *, *, #9024, .F. ) ;
#10732 = DIRECTION ( 'NONE',  ( -1.000000000000000000, -0.000000000000000000, 0.000000000000000000 ) ) ;
#10733 = EDGE_CURVE ( 'NONE', #4114, #10741, #8622, .T. ) ;
#10734 = EDGE_CURVE ( 'NONE', #2369, #3303, #7028, .T. ) ;
#10735 = VECTOR ( 'NONE', #8633, 39.37007874015748143 ) ;
#10736 = DIRECTION ( 'NONE',  ( 1.000000000000000000, 0.000000000000000000, 0.000000000000000000 ) ) ;
#10737 = VECTOR ( 'NONE', #3874, 39.37007874015748143 ) ;
#10738 = CARTESIAN_POINT ( 'NONE',  ( 0.1968503937007874127, 0.1968503937007582694, -0.1094488188976082688 ) ) ;
#10739 = CARTESIAN_POINT ( 'NONE',  ( 0.09995424143498729541, 0.2775590551180798782, 0.2055353207559564022 ) ) ;
#10740 = CARTESIAN_POINT ( 'NONE',  ( 0.000000000000000000, 0.2490157480314657557, 0.2480314960630216614 ) ) ;
#10741 = VERTEX_POINT ( 'NONE', #891 ) ;
#10742 = CARTESIAN_POINT ( 'NONE',  ( 0.1250000000000000000, 0.2362204724409157630, -0.07795275590552164235 ) ) ;
#10743 = ORIENTED_EDGE ( 'NONE', *, *, #7589, .F. ) ;
#10744 = VERTEX_POINT ( 'NONE', #5225 ) ;
#10745 = DIRECTION ( 'NONE',  ( 0.000000000000000000, 3.491481338843135327E-15, -1.000000000000000000 ) ) ;
#10746 = EDGE_CURVE ( 'NONE', #598, #5415, #4388, .T. ) ;
#10747 = AXIS2_PLACEMENT_3D ( 'NONE', #3366, #7775, #8621 ) ;
#10748 = CARTESIAN_POINT ( 'NONE',  ( -0.1446850391357086818, 0.2106299212598137516, -0.2421259842518799221 ) ) ;
#10749 = CARTESIAN_POINT ( 'NONE',  ( -0.03149606299212598381, 0.2125984251968204841, 0.07952755905514763413 ) ) ;
#10750 = LINE ( 'NONE', #10916, #3149 ) ;
#10751 = ORIENTED_EDGE ( 'NONE', *, *, #7574, .T. ) ;
#10752 = DIRECTION ( 'NONE',  ( 0.000000000000000000, 5.782411586531547151E-15, -1.000000000000000000 ) ) ;
#10753 = CARTESIAN_POINT ( 'NONE',  ( 0.2259842519685039686, 0.2834645669291039338, 0.1385826771653842493 ) ) ;
#10754 = TOROIDAL_SURFACE ( 'NONE', #10938, 0.01870078740157480462, 0.005905511811023621965 ) ;
#10755 = VECTOR ( 'NONE', #3130, 39.37007874015748143 ) ;
#10756 = DIRECTION ( 'NONE',  ( 0.000000000000000000, -2.478176394252581732E-15, 1.000000000000000000 ) ) ;
#10757 = ORIENTED_EDGE ( 'NONE', *, *, #2696, .F. ) ;
#10758 = CARTESIAN_POINT ( 'NONE',  ( 0.1819790184727953231, 0.2834645669291035452, 0.2476050409764078974 ) ) ;
#10759 = ORIENTED_EDGE ( 'NONE', *, *, #10270, .F. ) ;
#10760 = EDGE_CURVE ( 'NONE', #2838, #10190, #9469, .T. ) ;
#10761 = ADVANCED_FACE ( 'NONE', ( #10416 ), #2693, .T. ) ;
#10762 = LINE ( 'NONE', #7316, #5401 ) ;
#10763 = AXIS2_PLACEMENT_3D ( 'NONE', #10502, #970, #918 ) ;
#10764 = LINE ( 'NONE', #10079, #8078 ) ;
#10765 = DIRECTION ( 'NONE',  ( 7.697546303942998815E-14, -1.314284519215841942E-12, 1.000000000000000000 ) ) ;
#10766 = CARTESIAN_POINT ( 'NONE',  ( 0.2135826771655905676, 0.2165354330708373909, -0.2421259842545452901 ) ) ;
#10767 = CARTESIAN_POINT ( 'NONE',  ( 0.08169291338582677919, 0.2303149606298921792, -0.07795275590552164235 ) ) ;
#10768 = ORIENTED_EDGE ( 'NONE', *, *, #4021, .T. ) ;
#10769 = CARTESIAN_POINT ( 'NONE',  ( 0.02657480338441732190, 0.2106299212598137516, -0.2480314960629626253 ) ) ;
#10770 = ORIENTED_EDGE ( 'NONE', *, *, #9492, .T. ) ;
#10771 = VECTOR ( 'NONE', #2869, 39.37007874015748854 ) ;
#10772 = CC_DESIGN_PERSON_AND_ORGANIZATION_ASSIGNMENT ( #2568, #8550, ( #4737 ) ) ;
#10773 = ORIENTED_EDGE ( 'NONE', *, *, #5583, .F. ) ;
#10774 = ADVANCED_FACE ( 'NONE', ( #4218 ), #7661, .T. ) ;
#10775 = LINE ( 'NONE', #618, #10828 ) ;
#10776 = VERTEX_POINT ( 'NONE', #11151 ) ;
#10777 = VECTOR ( 'NONE', #6991, 39.37007874015748143 ) ;
#10778 = LINE ( 'NONE', #6533, #353 ) ;
#10779 = CARTESIAN_POINT ( 'NONE',  ( -0.1348425196850394081, 0.2303149606298921792, -0.07795275590552164235 ) ) ;
#10780 = CARTESIAN_POINT ( 'NONE',  ( -0.2712598425196850460, 0.2145669291338287432, 0.05787401574806102372 ) ) ;
#10781 = VERTEX_POINT ( 'NONE', #2970 ) ;
#10782 = DIRECTION ( 'NONE',  ( -1.000000000000000000, 0.000000000000000000, 0.000000000000000000 ) ) ;
#10783 = ORIENTED_EDGE ( 'NONE', *, *, #7785, .F. ) ;
#10784 = EDGE_LOOP ( 'NONE', ( #4607, #8469, #8915, #10298, #10770, #10856, #9262, #9314, #4121, #10200, #4233, #8062, #3442, #697, #2818, #2642, #4194, #1012, #2268, #1394, #1907, #2780, #4026, #9488 ) ) ;
#10785 = AXIS2_PLACEMENT_3D ( 'NONE', #2761, #2872, #3832 ) ;
#10786 = EDGE_CURVE ( 'NONE', #282, #5156, #5395, .T. ) ;
#10787 = CARTESIAN_POINT ( 'NONE',  ( 0.1250000000000000000, 0.2362204724409153467, 0.05986524456920295362 ) ) ;
#10788 = ORIENTED_EDGE ( 'NONE', *, *, #5824, .F. ) ;
#10789 = CARTESIAN_POINT ( 'NONE',  ( 0.1505905511814173148, 0.2125984251968350558, -0.2066929133858445011 ) ) ;
#10790 = VECTOR ( 'NONE', #6830, 39.37007874015748143 ) ;
#10791 = CARTESIAN_POINT ( 'NONE',  ( 0.08169291338582677919, 0.2309529165521752303, 0.05719542721420283610 ) ) ;
#10792 = CARTESIAN_POINT ( 'NONE',  ( -0.1564960629921260116, 0.2362204724409153467, 0.05986524456920295362 ) ) ;
#10793 = FACE_OUTER_BOUND ( 'NONE', #5963, .T. ) ;
#10794 = CARTESIAN_POINT ( 'NONE',  ( -0.2618110236220472231, 0.2755905511810720632, 0.2468503937008173499 ) ) ;
#10795 = ORIENTED_EDGE ( 'NONE', *, *, #8927, .F. ) ;
#10796 = CARTESIAN_POINT ( 'NONE',  ( -0.1958661417105905800, 0.2165354330708373909, -0.2185039370078444843 ) ) ;
#10797 = EDGE_LOOP ( 'NONE', ( #3679, #10093, #5808, #3820, #6508, #8294, #3963, #5491, #1708, #4801, #4568, #5340 ) ) ;
#10798 = ORIENTED_EDGE ( 'NONE', *, *, #8223, .F. ) ;
#10799 = EDGE_CURVE ( 'NONE', #5913, #4573, #9629, .T. ) ;
#10800 = DIRECTION ( 'NONE',  ( 0.000000000000000000, 3.491481338843134933E-15, -1.000000000000000000 ) ) ;
#10801 = AXIS2_PLACEMENT_3D ( 'NONE', #492, #4779, #178 ) ;
#10802 = CARTESIAN_POINT ( 'NONE',  ( 0.2259842519685039686, 0.2834645669291047665, -0.1035433070865844490 ) ) ;
#10803 = DIRECTION ( 'NONE',  ( 0.000000000000000000, -1.000000000000000000, -3.491481338843134933E-15 ) ) ;
#10804 = LINE ( 'NONE', #3870, #4946 ) ;
#10805 = ORIENTED_EDGE ( 'NONE', *, *, #3584, .F. ) ;
#10806 = AXIS2_PLACEMENT_3D ( 'NONE', #5230, #2529, #6012 ) ;
#10807 = CARTESIAN_POINT ( 'NONE',  ( 0.1072834648018897719, 0.2165354330708373909, -0.2185039370078444843 ) ) ;
#10808 = AXIS2_PLACEMENT_3D ( 'NONE', #3756, #9955, #8995 ) ;
#10809 = CARTESIAN_POINT ( 'NONE',  ( -0.1564960629921260116, 0.2616530078181201202, 0.009686792758139901177 ) ) ;
#10810 = CARTESIAN_POINT ( 'NONE',  ( -0.1998031496062991907, 0.2362204724409157630, -0.05433070866138771382 ) ) ;
#10811 = ORIENTED_EDGE ( 'NONE', *, *, #10698, .T. ) ;
#10812 = EDGE_CURVE ( 'NONE', #7009, #2526, #8790, .T. ) ;
#10813 = CARTESIAN_POINT ( 'NONE',  ( -0.008858267481783465083, 0.2165354330708373909, -0.2185039370078444843 ) ) ;
#10814 = EDGE_LOOP ( 'NONE', ( #4153, #10986, #4906, #6025 ) ) ;
#10815 = CARTESIAN_POINT ( 'NONE',  ( -0.2850393700787008378, 0.2106299212598126414, 0.1051181102362499925 ) ) ;
#10816 = VECTOR ( 'NONE', #4512, 39.37007874015748143 ) ;
#10817 = VECTOR ( 'NONE', #10682, 39.37007874015748143 ) ;
#10818 = DIRECTION ( 'NONE',  ( 0.000000000000000000, -3.491481338843134933E-15, 1.000000000000000000 ) ) ;
#10819 = CARTESIAN_POINT ( 'NONE',  ( -0.004921259842519684971, 0.2598425196850102648, -0.05433070866142700878 ) ) ;
#10820 = DIRECTION ( 'NONE',  ( -0.9113956592653914557, -1.436853605683326314E-15, 0.4115312287933961533 ) ) ;
#10821 = CARTESIAN_POINT ( 'NONE',  ( -0.004921259842519684971, 0.2362204724409157630, -0.05433070866138771382 ) ) ;
#10822 = EDGE_LOOP ( 'NONE', ( #5976, #10333, #9363, #7370 ) ) ;
#10823 = DIRECTION ( 'NONE',  ( 0.000000000000000000, -1.000000000000000000, -3.491481338843134933E-15 ) ) ;
#10824 = EDGE_CURVE ( 'NONE', #10508, #2480, #8112, .T. ) ;
#10825 = LINE ( 'NONE', #5005, #109 ) ;
#10826 = LINE ( 'NONE', #3097, #5043 ) ;
#10827 = AXIS2_PLACEMENT_3D ( 'NONE', #2582, #4334, #7832 ) ;
#10828 = VECTOR ( 'NONE', #5009, 39.37007874015748143 ) ;
#10829 = ORIENTED_EDGE ( 'NONE', *, *, #9343, .F. ) ;
#10830 = ORIENTED_EDGE ( 'NONE', *, *, #6124, .T. ) ;
#10831 = DIRECTION ( 'NONE',  ( -1.416690838714390778E-13, -0.8333333333301209400, 0.5527707983974093908 ) ) ;
#10832 = ORIENTED_EDGE ( 'NONE', *, *, #10873, .F. ) ;
#10833 = AXIS2_PLACEMENT_3D ( 'NONE', #9672, #5380, #2956 ) ;
#10834 = LINE ( 'NONE', #622, #2324 ) ;
#10835 = DIRECTION ( 'NONE',  ( -1.000000000000000000, 0.000000000000000000, 0.000000000000000000 ) ) ;
#10836 = ADVANCED_FACE ( 'NONE', ( #9005 ), #3651, .T. ) ;
#10837 = EDGE_CURVE ( 'NONE', #6169, #3274, #8952, .T. ) ;
#10838 = ORIENTED_EDGE ( 'NONE', *, *, #3584, .T. ) ;
#10839 = CARTESIAN_POINT ( 'NONE',  ( 0.1250000000000000000, 0.2303149606298921792, -0.07795275590552164235 ) ) ;
#10840 = VERTEX_POINT ( 'NONE', #10530 ) ;
#10841 = LINE ( 'NONE', #6539, #6295 ) ;
#10842 = VECTOR ( 'NONE', #7058, 39.37007874015748143 ) ;
#10843 = EDGE_LOOP ( 'NONE', ( #2452, #13, #3526, #4215 ) ) ;
#10844 = DIRECTION ( 'NONE',  ( 1.000000000000000000, 0.000000000000000000, 0.000000000000000000 ) ) ;
#10845 = ORIENTED_EDGE ( 'NONE', *, *, #5237, .F. ) ;
#10846 = DIRECTION ( 'NONE',  ( 1.000000000000000000, 0.000000000000000000, 0.000000000000000000 ) ) ;
#10847 = VECTOR ( 'NONE', #5514, 39.37007874015748143 ) ;
#10848 = EDGE_CURVE ( 'NONE', #3190, #7507, #1057, .T. ) ;
#10849 = FACE_OUTER_BOUND ( 'NONE', #7537, .T. ) ;
#10850 = LINE ( 'NONE', #10902, #4268 ) ;
#10851 = PLANE ( 'NONE',  #2157 ) ;
#10852 = FACE_OUTER_BOUND ( 'NONE', #9346, .T. ) ;
#10853 = VERTEX_POINT ( 'NONE', #7309 ) ;
#10854 = FACE_OUTER_BOUND ( 'NONE', #771, .T. ) ;
#10855 = VERTEX_POINT ( 'NONE', #9852 ) ;
#10856 = ORIENTED_EDGE ( 'NONE', *, *, #8016, .F. ) ;
#10857 = DIRECTION ( 'NONE',  ( -1.000000000000000000, -0.000000000000000000, 0.000000000000000000 ) ) ;
#10858 = AXIS2_PLACEMENT_3D ( 'NONE', #6172, #9622, #1897 ) ;
#10859 = DIRECTION ( 'NONE',  ( 0.000000000000000000, -0.5464265657704129309, -0.8375070198036269620 ) ) ;
#10860 = CARTESIAN_POINT ( 'NONE',  ( -0.05216535409606298801, 0.2165354330708373909, -0.2421259842519823124 ) ) ;
#10861 = ADVANCED_FACE ( 'NONE', ( #6352 ), #439, .T. ) ;
#10862 = DIRECTION ( 'NONE',  ( -1.000000000000000000, -7.915291765133059614E-28, 2.267029663619999814E-13 ) ) ;
#10863 = ORIENTED_EDGE ( 'NONE', *, *, #1185, .T. ) ;
#10864 = FACE_OUTER_BOUND ( 'NONE', #9472, .T. ) ;
#10865 = CARTESIAN_POINT ( 'NONE',  ( -0.2712598425196850460, 0.2224409448818602253, 0.05787401574806102372 ) ) ;
#10866 = FACE_OUTER_BOUND ( 'NONE', #7051, .T. ) ;
#10867 = ORIENTED_EDGE ( 'NONE', *, *, #8144, .F. ) ;
#10868 = DIRECTION ( 'NONE',  ( 0.000000000000000000, -0.4520890721125807588, 0.8919727971616544515 ) ) ;
#10869 = ORIENTED_EDGE ( 'NONE', *, *, #10532, .F. ) ;
#10870 = LINE ( 'NONE', #3141, #506 ) ;
#10871 = CARTESIAN_POINT ( 'NONE',  ( 0.2076771653550787688, 0.2165354330708373909, -0.2480314960629921295 ) ) ;
#10872 = DIRECTION ( 'NONE',  ( 0.000000000000000000, -5.782411586589358822E-15, 1.000000000000000000 ) ) ;
#10873 = EDGE_CURVE ( 'NONE', #7076, #8805, #9745, .T. ) ;
#10874 = CARTESIAN_POINT ( 'NONE',  ( 0.2712598425196850460, 0.2716535433070578764, -0.2125984251968208727 ) ) ;
#10875 = EDGE_CURVE ( 'NONE', #1657, #2749, #2070, .T. ) ;
#10876 = ORIENTED_EDGE ( 'NONE', *, *, #5812, .T. ) ;
#10877 = DIRECTION ( 'NONE',  ( 0.000000000000000000, -1.000000000000000000, 2.473715676742927563E-11 ) ) ;
#10878 = DIRECTION ( 'NONE',  ( 0.000000000000000000, -0.4520890721125807588, 0.8919727971616544515 ) ) ;
#10879 = ORIENTED_EDGE ( 'NONE', *, *, #8216, .T. ) ;
#10880 = ORIENTED_EDGE ( 'NONE', *, *, #7589, .T. ) ;
#10881 = DIRECTION ( 'NONE',  ( 1.000000000000000000, -8.901360699959431073E-16, 2.557421041479145284E-13 ) ) ;
#10882 = ORIENTED_EDGE ( 'NONE', *, *, #9468, .T. ) ;
#10883 = EDGE_CURVE ( 'NONE', #2221, #6154, #7088, .T. ) ;
#10884 = CARTESIAN_POINT ( 'NONE',  ( -0.1732283464566929387, 0.2125984251968204841, 0.07952755905514763413 ) ) ;
#10885 = DIRECTION ( 'NONE',  ( -1.000000000000000000, 0.000000000000000000, 0.000000000000000000 ) ) ;
#10886 = ADVANCED_FACE ( 'NONE', ( #6177 ), #2019, .T. ) ;
#10887 = FACE_BOUND ( 'NONE', #3842, .T. ) ;
#10888 = VERTEX_POINT ( 'NONE', #5457 ) ;
#10889 = CIRCLE ( 'NONE', #9084, 0.01968503937007876764 ) ;
#10890 = EDGE_LOOP ( 'NONE', ( #3793, #8546, #2008, #8865, #8420, #1764, #847 ) ) ;
#10891 = ORIENTED_EDGE ( 'NONE', *, *, #2977, .T. ) ;
#10892 = CARTESIAN_POINT ( 'NONE',  ( 0.07775590574677165856, 0.2125984251968673355, -0.2066929133859665702 ) ) ;
#10893 = ORIENTED_EDGE ( 'NONE', *, *, #5482, .T. ) ;
#10894 = CARTESIAN_POINT ( 'NONE',  ( 0.09842519685039370636, 0.2125984251968212890, -0.07795275590548228495 ) ) ;
#10895 = ORIENTED_EDGE ( 'NONE', *, *, #6535, .F. ) ;
#10896 = EDGE_CURVE ( 'NONE', #773, #4964, #7682, .T. ) ;
#10897 = EDGE_CURVE ( 'NONE', #10543, #8407, #1902, .T. ) ;
#10898 = AXIS2_PLACEMENT_3D ( 'NONE', #7421, #2287, #9960 ) ;
#10899 = DIRECTION ( 'NONE',  ( 0.000000000000000000, -1.000000000000000000, -3.491481338843134933E-15 ) ) ;
#10900 = EDGE_CURVE ( 'NONE', #3636, #6989, #9119, .T. ) ;
#10901 = DIRECTION ( 'NONE',  ( 0.000000000000000000, 3.491481338843134933E-15, -1.000000000000000000 ) ) ;
#10902 = CARTESIAN_POINT ( 'NONE',  ( 0.2850393700787401952, 0.2106299212598126414, 0.1051181102362499925 ) ) ;
#10903 = LINE ( 'NONE', #1432, #9553 ) ;
#10904 = LINE ( 'NONE', #2220, #5792 ) ;
#10905 = VERTEX_POINT ( 'NONE', #5505 ) ;
#10906 = VECTOR ( 'NONE', #2615, 39.37007874015748143 ) ;
#10907 = DIRECTION ( 'NONE',  ( -8.962737959213506687E-13, 5.782411586589358822E-15, -1.000000000000000000 ) ) ;
#10908 = ORIENTED_EDGE ( 'NONE', *, *, #5342, .F. ) ;
#10909 = VERTEX_POINT ( 'NONE', #8900 ) ;
#10910 = CARTESIAN_POINT ( 'NONE',  ( -0.04822834645669291098, 0.2605808468465059535, -0.009969026885245903247 ) ) ;
#10911 = EDGE_CURVE ( 'NONE', #6391, #3974, #9688, .T. ) ;
#10912 = AXIS2_PLACEMENT_3D ( 'NONE', #8861, #5468, #8912 ) ;
#10913 = AXIS2_PLACEMENT_3D ( 'NONE', #9351, #5063, #782 ) ;
#10914 = FACE_OUTER_BOUND ( 'NONE', #11030, .T. ) ;
#10915 = CARTESIAN_POINT ( 'NONE',  ( -0.1722440944881890035, 0.1968503937007582694, -0.1094488188976082688 ) ) ;
#10916 = CARTESIAN_POINT ( 'NONE',  ( 0.1345525796372441241, 0.2421259842519382366, 0.2201693093382189048 ) ) ;
#10917 = ORIENTED_EDGE ( 'NONE', *, *, #7270, .F. ) ;
#10918 = CARTESIAN_POINT ( 'NONE',  ( -0.04822834645669291098, 0.2351129816986712584, -0.03819606597134834330 ) ) ;
#10919 = DIRECTION ( 'NONE',  ( 0.000000000000000000, -1.000000000000000000, -3.491481338843134933E-15 ) ) ;
#10920 = ORIENTED_EDGE ( 'NONE', *, *, #2516, .T. ) ;
#10921 = DIRECTION ( 'NONE',  ( -1.000000000000000000, 0.000000000000000000, 0.000000000000000000 ) ) ;
#10922 = EDGE_LOOP ( 'NONE', ( #9128, #5210, #7164 ) ) ;
#10923 = AXIS2_PLACEMENT_3D ( 'NONE', #237, #10715, #2083 ) ;
#10924 = LINE ( 'NONE', #5728, #10640 ) ;
#10925 = VERTEX_POINT ( 'NONE', #385 ) ;
#10926 = ADVANCED_FACE ( 'NONE', ( #8848 ), #1119, .T. ) ;
#10927 = B_SPLINE_SURFACE_WITH_KNOTS ( 'NONE', 3, 1, ( 
 ( #394, #3831 ),
 ( #3712, #7155 ),
 ( #2870, #7265 ),
 ( #6184, #6358 ),
 ( #10539, #6305 ) ),
 .UNSPECIFIED., .F., .F., .F.,
 ( 4, 1, 4 ),
 ( 2, 2 ),
 ( 0.05462557808899363293, 0.2771298310884999783, 0.9453783587155198953 ),
 ( 0.000000000000000000, 1.000000000000000000 ),
 .UNSPECIFIED. ) ;
#10928 = CYLINDRICAL_SURFACE ( 'NONE', #6434, 0.02952755905511811330 ) ;
#10929 = CARTESIAN_POINT ( 'NONE',  ( 0.1132526673549606455, 0.2421259842519382366, 0.2105515555275885575 ) ) ;
#10930 = VECTOR ( 'NONE', #669, 39.37007874015748143 ) ;
#10931 = DIRECTION ( 'NONE',  ( 0.000000000000000000, -1.000000000000000000, -3.491481338843135327E-15 ) ) ;
#10932 = CLOSED_SHELL ( 'NONE', ( #9221, #4909, #3118, #7995, #4699, #10861, #712, #3728, #392, #2911, #10423, #3304, #5146, #2212 ) ) ;
#10933 = CARTESIAN_POINT ( 'NONE',  ( -0.1181102362204724532, 0.2125984251968212890, -0.07795275590548228495 ) ) ;
#10934 = ORIENTED_EDGE ( 'NONE', *, *, #6137, .T. ) ;
#10935 = CARTESIAN_POINT ( 'NONE',  ( -0.1744460153224803300, 0.2421259842519382366, 0.2442895309760142186 ) ) ;
#10936 = DIRECTION ( 'NONE',  ( 0.000000000000000000, -1.000000000000000000, -5.782411586589358822E-15 ) ) ;
#10937 = ORIENTED_EDGE ( 'NONE', *, *, #3486, .F. ) ;
#10938 = AXIS2_PLACEMENT_3D ( 'NONE', #10398, #8936, #89 ) ;
#10939 = CARTESIAN_POINT ( 'NONE',  ( 0.9444047244094487814, 0.2224409448818610024, -0.2132217023432760039 ) ) ;
#10940 = EDGE_CURVE ( 'NONE', #5755, #7676, #7364, .T. ) ;
#10941 = EDGE_LOOP ( 'NONE', ( #7568, #1069, #6953, #6354, #10291, #5905, #2085 ) ) ;
#10942 = EDGE_CURVE ( 'NONE', #10953, #4546, #707, .T. ) ;
#10943 = CARTESIAN_POINT ( 'NONE',  ( -0.09153543307086613179, 0.2605808468465059535, -0.009969026885245903247 ) ) ;
#10944 = CARTESIAN_POINT ( 'NONE',  ( 0.1819790184727953231, 0.2775590551180799337, 0.2476050409764078974 ) ) ;
#10945 = CARTESIAN_POINT ( 'NONE',  ( 0.1744460153230708577, 0.2834645669291035452, 0.2442895309764078760 ) ) ;
#10946 = ORIENTED_EDGE ( 'NONE', *, *, #2075, .F. ) ;
#10947 = ORIENTED_EDGE ( 'NONE', *, *, #6617, .T. ) ;
#10948 = ORIENTED_EDGE ( 'NONE', *, *, #10585, .F. ) ;
#10949 = LINE ( 'NONE', #5861, #10983 ) ;
#10950 = VERTEX_POINT ( 'NONE', #4830 ) ;
#10951 = CYLINDRICAL_SURFACE ( 'NONE', #7951, 0.005905511811023620231 ) ;
#10952 = EDGE_CURVE ( 'NONE', #6151, #345, #3986, .T. ) ;
#10953 = VERTEX_POINT ( 'NONE', #6564 ) ;
#10954 = VECTOR ( 'NONE', #8230, 39.37007874015748143 ) ;
#10955 = DIRECTION ( 'NONE',  ( 1.303253801173000005E-11, -1.000000000000000000, -4.527280232344839379E-12 ) ) ;
#10956 = LINE ( 'NONE', #9372, #3330 ) ;
#10957 = DIRECTION ( 'NONE',  ( -1.000000000000000000, 0.000000000000000000, 0.000000000000000000 ) ) ;
#10958 = EDGE_CURVE ( 'NONE', #6075, #7967, #10015, .T. ) ;
#10959 = CARTESIAN_POINT ( 'NONE',  ( -0.04822834645669291098, 0.2440944881889468288, 0.0007874015747934192061 ) ) ;
#10960 = VECTOR ( 'NONE', #366, 39.37007874015748143 ) ;
#10961 = ORIENTED_EDGE ( 'NONE', *, *, #3115, .T. ) ;
#10962 = CARTESIAN_POINT ( 'NONE',  ( -0.1181102362204724532, 0.2125984251968212890, -0.07795275590548228495 ) ) ;
#10963 = ORIENTED_EDGE ( 'NONE', *, *, #2443, .F. ) ;
#10964 = ORIENTED_EDGE ( 'NONE', *, *, #1127, .T. ) ;
#10965 = PLANE ( 'NONE',  #1457 ) ;
#10966 = CIRCLE ( 'NONE', #2145, 0.01377952755905512312 ) ;
#10967 = CARTESIAN_POINT ( 'NONE',  ( 0.2057086614175983874, 0.2106299212598137516, -0.2480314960629921295 ) ) ;
#10968 = FACE_OUTER_BOUND ( 'NONE', #2351, .T. ) ;
#10969 = DIRECTION ( 'NONE',  ( -0.3333333333734004866, 2.891205793294677833E-15, -0.9428090415678974656 ) ) ;
#10970 = ORIENTED_EDGE ( 'NONE', *, *, #9918, .T. ) ;
#10971 = DIRECTION ( 'NONE',  ( 0.000000000000000000, -3.491481338843134933E-15, 1.000000000000000000 ) ) ;
#10972 = EDGE_CURVE ( 'NONE', #6487, #1396, #1199, .T. ) ;
#10973 = CARTESIAN_POINT ( 'NONE',  ( -0.02263779504094094730, 0.2165354330708373909, -0.2185039370078444843 ) ) ;
#10974 = ORIENTED_EDGE ( 'NONE', *, *, #2308, .T. ) ;
#10975 = EDGE_CURVE ( 'NONE', #6487, #6944, #4775, .T. ) ;
#10976 = CARTESIAN_POINT ( 'NONE',  ( 0.2712598425196850460, 0.2834645669291050996, -0.2125984251968204841 ) ) ;
#10977 = ORIENTED_EDGE ( 'NONE', *, *, #267, .T. ) ;
#10978 = VECTOR ( 'NONE', #9433, 39.37007874015748143 ) ;
#10979 = FACE_OUTER_BOUND ( 'NONE', #1496, .T. ) ;
#10980 = ORIENTED_EDGE ( 'NONE', *, *, #10407, .F. ) ;
#10981 = CARTESIAN_POINT ( 'NONE',  ( -0.09153543307086613179, 0.2303149606298921792, -0.07795275590552164235 ) ) ;
#10982 = DIRECTION ( 'NONE',  ( 0.000000000000000000, -0.4520890721125805922, 0.8919727971616542295 ) ) ;
#10983 = VECTOR ( 'NONE', #10154, 39.37007874015748143 ) ;
#10984 = ORIENTED_EDGE ( 'NONE', *, *, #10414, .T. ) ;
#10985 = LINE ( 'NONE', #7437, #2783 ) ;
#10986 = ORIENTED_EDGE ( 'NONE', *, *, #1579, .F. ) ;
#10987 = CARTESIAN_POINT ( 'NONE',  ( -0.1968503937007874127, 0.1968503937007582694, -0.1094488188976082688 ) ) ;
#10988 = CARTESIAN_POINT ( 'NONE',  ( 0.1584645669299999948, 0.2106299212598137516, -0.2480314960630216614 ) ) ;
#10989 = EDGE_CURVE ( 'NONE', #4832, #533, #5723, .T. ) ;
#10990 = DIRECTION ( 'NONE',  ( -1.000000000000000000, 0.000000000000000000, 0.000000000000000000 ) ) ;
#10991 = VERTEX_POINT ( 'NONE', #10809 ) ;
#10992 = CIRCLE ( 'NONE', #186, 0.01968503937007876764 ) ;
#10993 = B_SPLINE_CURVE_WITH_KNOTS ( 'NONE', 3,
 ( #5135, #8480, #8426, #690, #8589 ),
 .UNSPECIFIED., .F., .F.,
 ( 4, 1, 4 ),
 ( 0.000000000000000000, 0.2500922080467999908, 1.000000000000000000 ),
 .UNSPECIFIED. ) ;
#10994 = AXIS2_PLACEMENT_3D ( 'NONE', #7935, #1780, #212 ) ;
#10995 = DIRECTION ( 'NONE',  ( -1.000000000000000000, 8.164841955416050842E-28, -2.338503678820000326E-13 ) ) ;
#10996 = ORIENTED_EDGE ( 'NONE', *, *, #2573, .T. ) ;
#10997 = LINE ( 'NONE', #2645, #4653 ) ;
#10998 = DIRECTION ( 'NONE',  ( 1.000000000000000000, 0.000000000000000000, 0.000000000000000000 ) ) ;
#10999 = CARTESIAN_POINT ( 'NONE',  ( 0.2618110236220472231, 0.2125984251968200955, 0.2468503937008169891 ) ) ;
#11000 = VECTOR ( 'NONE', #6747, 39.37007874015748143 ) ;
#11001 = LINE ( 'NONE', #5292, #8582 ) ;
#11002 = AXIS2_PLACEMENT_3D ( 'NONE', #5481, #8981, #7285 ) ;
#11003 = EDGE_CURVE ( 'NONE', #9008, #1657, #9963, .T. ) ;
#11004 = ORIENTED_EDGE ( 'NONE', *, *, #10612, .F. ) ;
#11005 = LINE ( 'NONE', #2263, #8468 ) ;
#11006 = ORIENTED_EDGE ( 'NONE', *, *, #3391, .F. ) ;
#11007 = DIRECTION ( 'NONE',  ( 0.000000000000000000, 1.000000000000000000, 0.000000000000000000 ) ) ;
#11008 = ORIENTED_EDGE ( 'NONE', *, *, #4565, .T. ) ;
#11009 = AXIS2_PLACEMENT_3D ( 'NONE', #9090, #7401, #8314 ) ;
#11010 = FACE_OUTER_BOUND ( 'NONE', #10784, .T. ) ;
#11011 = EDGE_CURVE ( 'NONE', #4209, #8810, #1334, .T. ) ;
#11012 = CYLINDRICAL_SURFACE ( 'NONE', #6217, 0.02362204724409448786 ) ;
#11013 = ADVANCED_FACE ( 'NONE', ( #1557 ), #10126, .T. ) ;
#11014 = AXIS2_PLACEMENT_3D ( 'NONE', #7636, #9101, #1377 ) ;
#11015 = CARTESIAN_POINT ( 'NONE',  ( 0.2618110236220472231, 0.2755905511810736175, -0.2125984251968208727 ) ) ;
#11016 = PLANE ( 'NONE',  #10120 ) ;
#11017 = ORIENTED_EDGE ( 'NONE', *, *, #3920, .F. ) ;
#11018 = LINE ( 'NONE', #10165, #4894 ) ;
#11019 = VERTEX_POINT ( 'NONE', #10973 ) ;
#11020 = VERTEX_POINT ( 'NONE', #6510 ) ;
#11021 = DIRECTION ( 'NONE',  ( 0.000000000000000000, 3.491481338843134933E-15, -1.000000000000000000 ) ) ;
#11022 = VECTOR ( 'NONE', #6828, 39.37007874015748143 ) ;
#11023 = EDGE_CURVE ( 'NONE', #3233, #3890, #9588, .T. ) ;
#11024 = DIRECTION ( 'NONE',  ( 1.000000000000000000, 0.000000000000000000, 0.000000000000000000 ) ) ;
#11025 = LINE ( 'NONE', #9495, #814 ) ;
#11026 = MANIFOLD_SOLID_BREP ( 'Imported6', #8416 ) ;
#11027 = ORIENTED_EDGE ( 'NONE', *, *, #7574, .F. ) ;
#11028 = FACE_OUTER_BOUND ( 'NONE', #6565, .T. ) ;
#11029 = LINE ( 'NONE', #933, #1513 ) ;
#11030 = EDGE_LOOP ( 'NONE', ( #4084, #11057, #4828, #7132 ) ) ;
#11031 = LINE ( 'NONE', #1508, #5235 ) ;
#11032 = VECTOR ( 'NONE', #2517, 39.37007874015748854 ) ;
#11033 = VERTEX_POINT ( 'NONE', #6622 ) ;
#11034 = CARTESIAN_POINT ( 'NONE',  ( -0.09153543307086613179, 0.2563854519293799483, 0.007016975403139922435 ) ) ;
#11035 = ORIENTED_EDGE ( 'NONE', *, *, #5463, .F. ) ;
#11036 = EDGE_CURVE ( 'NONE', #2480, #7706, #5779, .T. ) ;
#11038 = EDGE_CURVE ( 'NONE', #9423, #10504, #8441, .T. ) ;
#11037 = APPROVAL_PERSON_ORGANIZATION ( #5997, #6282, #819 ) ;
#11039 = CARTESIAN_POINT ( 'NONE',  ( 0.1072834648018897719, 0.2125984251968350558, -0.2066929133858445011 ) ) ;
#11040 = CIRCLE ( 'NONE', #7256, 0.005905511811023620231 ) ;
#11041 = CARTESIAN_POINT ( 'NONE',  ( 0.1796295472108661306, 0.2421259842519382366, 0.2468503937008169891 ) ) ;
#11042 = CARTESIAN_POINT ( 'NONE',  ( -4.108699382472441222E-14, 0.2125984251968192906, 0.4786410526771945340 ) ) ;
#11043 = DIRECTION ( 'NONE',  ( 0.000000000000000000, -5.782411586589358822E-15, 1.000000000000000000 ) ) ;
#11044 = EDGE_LOOP ( 'NONE', ( #5525, #5727, #8039, #807, #3954 ) ) ;
#11045 = ADVANCED_FACE ( 'NONE', ( #4990 ), #487, .T. ) ;
#11046 = DIRECTION ( 'NONE',  ( -1.000000000000000000, 0.000000000000000000, 0.000000000000000000 ) ) ;
#11047 = DIRECTION ( 'NONE',  ( -1.000000000000000000, 0.000000000000000000, 0.000000000000000000 ) ) ;
#11048 = DIRECTION ( 'NONE',  ( 1.000000000000000000, 0.000000000000000000, 0.000000000000000000 ) ) ;
#11049 = ORIENTED_EDGE ( 'NONE', *, *, #4647, .F. ) ;
#11050 = PLANE ( 'NONE',  #8467 ) ;
#11051 = EDGE_LOOP ( 'NONE', ( #6044, #7355, #10783, #10089 ) ) ;
#11052 = EDGE_CURVE ( 'NONE', #8584, #8935, #4729, .T. ) ;
#11053 = LINE ( 'NONE', #3432, #1398 ) ;
#11054 = LINE ( 'NONE', #10258, #8811 ) ;
#11055 = LINE ( 'NONE', #10999, #7648 ) ;
#11056 = DIRECTION ( 'NONE',  ( 0.000000000000000000, -3.491481338843134933E-15, 1.000000000000000000 ) ) ;
#11057 = ORIENTED_EDGE ( 'NONE', *, *, #10518, .F. ) ;
#11058 = ORIENTED_EDGE ( 'NONE', *, *, #377, .T. ) ;
#11059 = LINE ( 'NONE', #3325, #8111 ) ;
#11060 = EDGE_LOOP ( 'NONE', ( #2023, #5549, #852, #3784 ) ) ;
#11061 = DIRECTION ( 'NONE',  ( 0.000000000000000000, 3.491481338843135327E-15, -1.000000000000000000 ) ) ;
#11062 = ORIENTED_EDGE ( 'NONE', *, *, #4535, .T. ) ;
#11063 = EDGE_CURVE ( 'NONE', #2068, #4893, #9114, .T. ) ;
#11064 = VECTOR ( 'NONE', #2147, 39.37007874015748143 ) ;
#11065 = CARTESIAN_POINT ( 'NONE',  ( -0.04822834645669291098, 0.2598425196850102648, -0.05433070866142700878 ) ) ;
#11066 = DIRECTION ( 'NONE',  ( -1.000000000000000000, 0.000000000000000000, 0.000000000000000000 ) ) ;
#11067 = DIRECTION ( 'NONE',  ( 0.000000000000000000, 3.491481338843135327E-15, -1.000000000000000000 ) ) ;
#11068 = ORIENTED_EDGE ( 'NONE', *, *, #6950, .F. ) ;
#11069 = DIRECTION ( 'NONE',  ( 0.000000000000000000, -3.491481338843134933E-15, 1.000000000000000000 ) ) ;
#11070 = ORIENTED_EDGE ( 'NONE', *, *, #10083, .T. ) ;
#11071 = ORIENTED_EDGE ( 'NONE', *, *, #8384, .T. ) ;
#11072 = PLANE ( 'NONE',  #7393 ) ;
#11073 = VECTOR ( 'NONE', #5002, 39.37007874015748143 ) ;
#11074 = ADVANCED_FACE ( 'NONE', ( #9061 ), #1389, .F. ) ;
#11075 = EDGE_CURVE ( 'NONE', #7456, #123, #5885, .T. ) ;
#11076 = DIRECTION ( 'NONE',  ( 0.000000000000000000, 0.8919727971616544515, 0.4520890721125804257 ) ) ;
#11077 = CARTESIAN_POINT ( 'NONE',  ( 0.2076771653550787688, 0.2165354330708373909, -0.2480314960629921295 ) ) ;
#11078 = CIRCLE ( 'NONE', #3697, 0.01181102362204724046 ) ;
#11079 = ORIENTED_EDGE ( 'NONE', *, *, #10230, .F. ) ;
#11080 = CARTESIAN_POINT ( 'NONE',  ( 0.1345525796372441241, 0.2125984251968200955, 0.2201693093382184885 ) ) ;
#11081 = VERTEX_POINT ( 'NONE', #3466 ) ;
#11082 = PERSON_AND_ORGANIZATION ( #883, #3837 ) ;
#11083 = CARTESIAN_POINT ( 'NONE',  ( 0.1072834648018897719, 0.2106299212598137516, -0.2421259842519980499 ) ) ;
#11084 = ORIENTED_EDGE ( 'NONE', *, *, #6203, .F. ) ;
#11085 = EDGE_CURVE ( 'NONE', #5267, #2153, #1306, .T. ) ;
#11086 = VERTEX_POINT ( 'NONE', #6104 ) ;
#11087 = DIRECTION ( 'NONE',  ( 0.000000000000000000, 3.491481338843134933E-15, -1.000000000000000000 ) ) ;
#11088 = EDGE_LOOP ( 'NONE', ( #2900, #7747, #10832, #9936 ) ) ;
#11089 = VECTOR ( 'NONE', #7183, 39.37007874015748143 ) ;
#11090 = VECTOR ( 'NONE', #4001, 39.37007874015748143 ) ;
#11091 = FACE_OUTER_BOUND ( 'NONE', #10464, .T. ) ;
#11092 = DIRECTION ( 'NONE',  ( -0.3333333332738018240, 5.782411586589364344E-15, -0.9428090416031108534 ) ) ;
#11093 = FACE_OUTER_BOUND ( 'NONE', #8074, .T. ) ;
#11094 = VERTEX_POINT ( 'NONE', #1718 ) ;
#11095 = CARTESIAN_POINT ( 'NONE',  ( -0.1181102362204724532, 0.2125984251968204841, 0.07952755905514763413 ) ) ;
#11096 = DIRECTION ( 'NONE',  ( -2.265302176302999896E-13, -3.491481338843134933E-15, 1.000000000000000000 ) ) ;
#11097 = AXIS2_PLACEMENT_3D ( 'NONE', #624, #6646, #10098 ) ;
#11098 = LINE ( 'NONE', #10251, #733 ) ;
#11099 = ADVANCED_FACE ( 'NONE', ( #8548 ), #3408, .T. ) ;
#11100 = EDGE_CURVE ( 'NONE', #822, #2634, #5046, .T. ) ;
#11101 = ORIENTED_EDGE ( 'NONE', *, *, #4625, .F. ) ;
#11102 = DIRECTION ( 'NONE',  ( 0.000000000000000000, -1.000000000000000000, -3.491481338843134933E-15 ) ) ;
#11103 = ORIENTED_EDGE ( 'NONE', *, *, #8082, .F. ) ;
#11104 = CIRCLE ( 'NONE', #8768, 0.02952755905511810289 ) ;
#11105 = DIRECTION ( 'NONE',  ( 2.717733445696998623E-13, -5.782411586589358822E-15, 1.000000000000000000 ) ) ;
#11106 = DIRECTION ( 'NONE',  ( -1.000000000000000000, 8.908572408782960766E-28, -2.551516546766000115E-13 ) ) ;
#11107 = CARTESIAN_POINT ( 'NONE',  ( -0.04822834645669291098, 0.1909448818897350464, -0.2480314960630413401 ) ) ;
#11108 = EDGE_CURVE ( 'NONE', #895, #2022, #6896, .T. ) ;
#11109 = DIRECTION ( 'NONE',  ( 0.000000000000000000, 0.8375070198036268510, -0.5464265657704128198 ) ) ;
#11110 = EDGE_CURVE ( 'NONE', #656, #8484, #6843, .T. ) ;
#11111 = ORIENTED_EDGE ( 'NONE', *, *, #1570, .T. ) ;
#11112 = AXIS2_PLACEMENT_3D ( 'NONE', #7463, #4814, #6603 ) ;
#11113 = VERTEX_POINT ( 'NONE', #4314 ) ;
#11114 = ADVANCED_FACE ( 'NONE', ( #10343 ), #90, .F. ) ;
#11115 = AXIS2_PLACEMENT_3D ( 'NONE', #5990, #6042, #3684 ) ;
#11116 = VERTEX_POINT ( 'NONE', #2454 ) ;
#11117 = FACE_OUTER_BOUND ( 'NONE', #6367, .T. ) ;
#11118 = ORIENTED_EDGE ( 'NONE', *, *, #9563, .F. ) ;
#11119 = AXIS2_PLACEMENT_3D ( 'NONE', #8815, #6264, #4526 ) ;
#11120 = DIRECTION ( 'NONE',  ( 0.000000000000000000, 3.491481338843134933E-15, -1.000000000000000000 ) ) ;
#11121 = CARTESIAN_POINT ( 'NONE',  ( 0.03838582677165354451, 0.2440944881889468288, 0.0007874015747934192061 ) ) ;
#11122 = LINE ( 'NONE', #2440, #9316 ) ;
#11123 = DIRECTION ( 'NONE',  ( 0.000000000000000000, -1.000000000000000000, -3.491481338843134933E-15 ) ) ;
#11124 = ORIENTED_EDGE ( 'NONE', *, *, #5695, .T. ) ;
#11125 = EDGE_CURVE ( 'NONE', #3582, #7755, #8606, .T. ) ;
#11126 = PLANE ( 'NONE',  #11150 ) ;
#11127 = ORIENTED_EDGE ( 'NONE', *, *, #7111, .T. ) ;
#11128 = ORIENTED_EDGE ( 'NONE', *, *, #978, .F. ) ;
#11129 = VECTOR ( 'NONE', #6740, 39.37007874015748143 ) ;
#11130 = FACE_OUTER_BOUND ( 'NONE', #10100, .T. ) ;
#11131 = CIRCLE ( 'NONE', #6271, 0.005905511811082662411 ) ;
#11132 = CARTESIAN_POINT ( 'NONE',  ( -0.004921259842519684971, 0.2303149606298921792, -0.07795275590552164235 ) ) ;
#11133 = DIRECTION ( 'NONE',  ( -1.000000000000000000, 0.000000000000000000, 0.000000000000000000 ) ) ;
#11134 = ORIENTED_EDGE ( 'NONE', *, *, #11011, .F. ) ;
#11135 = PLANE ( 'NONE',  #1024 ) ;
#11136 = VERTEX_POINT ( 'NONE', #7593 ) ;
#11137 = ADVANCED_FACE ( 'NONE', ( #4257 ), #10234, .F. ) ;
#11138 = CALENDAR_DATE ( 2024, 1, 8 ) ;
#11139 = LINE ( 'NONE', #9446, #5785 ) ;
#11140 = EDGE_LOOP ( 'NONE', ( #3509, #6681, #9047, #6929 ) ) ;
#11141 = ORIENTED_EDGE ( 'NONE', *, *, #8806, .T. ) ;
#11142 = DIRECTION ( 'NONE',  ( 0.000000000000000000, 1.000000000000000000, 3.491481338843134933E-15 ) ) ;
#11143 = VERTEX_POINT ( 'NONE', #5266 ) ;
#11144 = VECTOR ( 'NONE', #4960, 39.37007874015748143 ) ;
#11145 = LINE ( 'NONE', #3417, #1500 ) ;
#11146 = ORIENTED_EDGE ( 'NONE', *, *, #4011, .F. ) ;
#11147 = DIRECTION ( 'NONE',  ( 0.000000000000000000, 1.000000000000000000, 3.491481338843134933E-15 ) ) ;
#11148 = ORIENTED_EDGE ( 'NONE', *, *, #8704, .T. ) ;
#11149 = DIRECTION ( 'NONE',  ( -1.000000000000000000, 0.000000000000000000, 0.000000000000000000 ) ) ;
#11150 = AXIS2_PLACEMENT_3D ( 'NONE', #7746, #6885, #8539 ) ;
#11151 = CARTESIAN_POINT ( 'NONE',  ( -0.02657480314960630058, 0.2400588892959547305, -0.04142299450934047722 ) ) ;
#11152 = EDGE_CURVE ( 'NONE', #10022, #4456, #11029, .T. ) ;
#11153 = CARTESIAN_POINT ( 'NONE',  ( 0.08169291338582677919, 0.2351129816986712584, -0.03819606597134834330 ) ) ;
#11154 = ORIENTED_EDGE ( 'NONE', *, *, #6647, .T. ) ;
#11155 = CARTESIAN_POINT ( 'NONE',  ( 0.02657480338441732190, 0.2165354330708373909, -0.2480314960629626253 ) ) ;
#11156 = VERTEX_POINT ( 'NONE', #2677 ) ;
ENDSEC;
END-ISO-10303-21;
