ISO-10303-21;
HEADER;
FILE_DESCRIPTION (( 'STEP AP203' ),
    '1' );
FILE_NAME ('11091, SBH11-_BPC-D05-ST-_ _.STEP',
    '2015-09-01T07:22:13',
    ( 'LUANN HERRING' ),
    ( 'SULLINS' ),
    'SwSTEP 2.0',
    'SolidWorks 2015',
    '' );
FILE_SCHEMA (( 'CONFIG_CONTROL_DESIGN' ));
ENDSEC;

DATA;
#1 = CARTESIAN_POINT ( 'NONE',  ( 404.1405678623203200, 96.15167827131051600, -9.449999999999960200 ) ) ;
#2 = EDGE_LOOP ( 'NONE', ( #4803, #4174, #7885, #5706 ) ) ;
#3 = PERSON_AND_ORGANIZATION ( #2263, #7839 ) ;
#4 = ORIENTED_EDGE ( 'NONE', *, *, #5485, .T. ) ;
#5 = AXIS2_PLACEMENT_3D ( 'NONE', #6136, #3026, #7367 ) ;
#6 = DIRECTION ( 'NONE',  ( 0.0000000000000000000, 3.673819061467132300E-016, -1.000000000000000000 ) ) ;
#7 = APPROVAL_STATUS ( 'not_yet_approved' ) ;
#8 = ORIENTED_EDGE ( 'NONE', *, *, #7743, .T. ) ;
#9 = LINE ( 'NONE', #6013, #4018 ) ;
#10 = DIRECTION ( 'NONE',  ( -0.0000000000000000000, 1.000000000000000000, 3.673819061467132300E-016 ) ) ;
#11 = ADVANCED_FACE ( 'NONE', ( #3839 ), #2638, .T. ) ;
#12 = CARTESIAN_POINT ( 'NONE',  ( 398.1905678623202800, 103.8416782713105000, -11.84999999999993700 ) ) ;
#13 = EDGE_CURVE ( 'NONE', #2177, #1576, #3917, .T. ) ;
#14 = FACE_OUTER_BOUND ( 'NONE', #2880, .T. ) ;
#15 = ADVANCED_FACE ( 'NONE', ( #7577 ), #1922, .T. ) ;
#16 = VERTEX_POINT ( 'NONE', #1916 ) ;
#17 = DIRECTION ( 'NONE',  ( -1.000000000000000000, -3.672988097042484200E-048, 2.999321443644274900E-032 ) ) ;
#18 = CARTESIAN_POINT ( 'NONE',  ( 406.1905678623203400, 96.49167827131054800, -12.14999999999996100 ) ) ;
#19 = DIRECTION ( 'NONE',  ( 1.232595164407831200E-032, 1.836909530733565600E-016, -1.000000000000000000 ) ) ;
#20 = DATE_AND_TIME ( #5196, #2590 ) ;
#21 = LINE ( 'NONE', #6241, #343 ) ;
#22 = ORIENTED_EDGE ( 'NONE', *, *, #7795, .F. ) ;
#23 = CARTESIAN_POINT ( 'NONE',  ( 404.0705678623203300, 100.8816782713105100, -3.549999999999957600 ) ) ;
#24 = EDGE_CURVE ( 'NONE', #5444, #2029, #7883, .T. ) ;
#25 = VECTOR ( 'NONE', #7852, 1000.000000000000000 ) ;
#26 = DIRECTION ( 'NONE',  ( 0.0000000000000000000, -1.000000000000000000, -3.673819061467132300E-016 ) ) ;
#27 = VECTOR ( 'NONE', #2946, 1000.000000000000100 ) ;
#28 = DIRECTION ( 'NONE',  ( -0.6882472016117315800, 0.6882472016116359900, 0.2294157338705705400 ) ) ;
#29 = ORIENTED_EDGE ( 'NONE', *, *, #7509, .T. ) ;
#30 = DIRECTION ( 'NONE',  ( 0.0000000000000000000, -1.000000000000000000, 0.0000000000000000000 ) ) ;
#31 = VECTOR ( 'NONE', #2810, 1000.000000000000000 ) ;
#32 = ADVANCED_FACE ( 'NONE', ( #6996 ), #5397, .F. ) ;
#33 = VERTEX_POINT ( 'NONE', #888 ) ;
#34 = FACE_OUTER_BOUND ( 'NONE', #683, .T. ) ;
#35 = EDGE_CURVE ( 'NONE', #1396, #196, #3504, .T. ) ;
#36 = DIRECTION ( 'NONE',  ( 1.224606353822376800E-016, -1.000000000000000000, -3.673819061467132300E-016 ) ) ;
#37 = PERSON_AND_ORGANIZATION_ROLE ( 'creator' ) ;
#38 = EDGE_CURVE ( 'NONE', #4680, #3922, #6138, .T. ) ;
#39 = VERTEX_POINT ( 'NONE', #5436 ) ;
#40 = CARTESIAN_POINT ( 'NONE',  ( 401.6305678623202800, 100.3416782713105100, -14.84999999999996400 ) ) ;
#41 = CARTESIAN_POINT ( 'NONE',  ( 415.1640678623202200, 97.74167827131049100, -9.449999999999960200 ) ) ;
#42 = FACE_OUTER_BOUND ( 'NONE', #3011, .T. ) ;
#43 = AXIS2_PLACEMENT_3D ( 'NONE', #5388, #7492, #7485 ) ;
#44 = FACE_OUTER_BOUND ( 'NONE', #2212, .T. ) ;
#45 = LINE ( 'NONE', #2487, #6849 ) ;
#46 = DIRECTION ( 'NONE',  ( 0.9486832980505192100, -1.549018126077090500E-016, 0.3162277660168217900 ) ) ;
#47 = ORIENTED_EDGE ( 'NONE', *, *, #4164, .F. ) ;
#48 = DIRECTION ( 'NONE',  ( 1.000000000000000000, 3.672988097042484200E-048, -2.999321443644274900E-032 ) ) ;
#49 = ADVANCED_FACE ( 'NONE', ( #510 ), #5476, .T. ) ;
#50 = CARTESIAN_POINT ( 'NONE',  ( 406.0705678623203300, 100.3416782713104900, -9.449999999999958400 ) ) ;
#51 = CARTESIAN_POINT ( 'NONE',  ( 408.3105678623203400, 100.0416782713105200, -11.84999999999993400 ) ) ;
#52 = EDGE_CURVE ( 'NONE', #3637, #378, #279, .T. ) ;
#53 = EDGE_CURVE ( 'NONE', #6137, #5044, #7322, .T. ) ;
#54 = CARTESIAN_POINT ( 'NONE',  ( 401.1505678623202600, 100.4416782713105100, -3.549999999999957600 ) ) ;
#55 = DIRECTION ( 'NONE',  ( -2.999321443644274900E-032, 1.224606353822377300E-016, -1.000000000000000000 ) ) ;
#56 = VECTOR ( 'NONE', #5493, 1000.000000000000100 ) ;
#57 = CARTESIAN_POINT ( 'NONE',  ( 406.7105678623203700, 100.9816782713105100, -9.449999999999958400 ) ) ;
#58 = FACE_OUTER_BOUND ( 'NONE', #731, .T. ) ;
#59 = AXIS2_PLACEMENT_3D ( 'NONE', #227, #252, #280 ) ;
#60 = CARTESIAN_POINT ( 'NONE',  ( 406.0705678623203300, 97.80167827131050700, -3.649999999999955900 ) ) ;
#61 = CARTESIAN_POINT ( 'NONE',  ( 411.7905678623203000, 98.44167827131049400, -14.84999999999995900 ) ) ;
#62 = ADVANCED_FACE ( 'NONE', ( #3072 ), #2338, .T. ) ;
#63 = VECTOR ( 'NONE', #5194, 1000.000000000000000 ) ;
#64 = VERTEX_POINT ( 'NONE', #5536 ) ;
#65 = EDGE_CURVE ( 'NONE', #5300, #5221, #5152, .T. ) ;
#66 = DIRECTION ( 'NONE',  ( 0.3162277660168217900, 0.0000000000000000000, -0.9486832980505192100 ) ) ;
#67 = CARTESIAN_POINT ( 'NONE',  ( 416.4905678623202900, 99.40167827131050200, -11.84999999999993700 ) ) ;
#68 = DIRECTION ( 'NONE',  ( 0.0000000000000000000, 1.224606353822377300E-016, -1.000000000000000000 ) ) ;
#69 = ORIENTED_EDGE ( 'NONE', *, *, #3323, .T. ) ;
#70 = VECTOR ( 'NONE', #6399, 1000.000000000000000 ) ;
#71 = FACE_OUTER_BOUND ( 'NONE', #5340, .T. ) ;
#72 = EDGE_CURVE ( 'NONE', #559, #1426, #864, .T. ) ;
#73 = CARTESIAN_POINT ( 'NONE',  ( 409.2505678623203400, 97.90167827131051600, -15.14999999999995600 ) ) ;
#74 = ADVANCED_FACE ( 'NONE', ( #7188 ), #2335, .T. ) ;
#75 = ORIENTED_EDGE ( 'NONE', *, *, #6969, .F. ) ;
#76 = ORIENTED_EDGE ( 'NONE', *, *, #3110, .F. ) ;
#77 = EDGE_LOOP ( 'NONE', ( #4323, #4934, #5438, #6549 ) ) ;
#78 = FACE_OUTER_BOUND ( 'NONE', #7626, .T. ) ;
#79 = VECTOR ( 'NONE', #6479, 1000.000000000000000 ) ;
#80 = DIRECTION ( 'NONE',  ( 0.0000000000000000000, 1.000000000000000000, 1.224606353822377300E-016 ) ) ;
#81 = CARTESIAN_POINT ( 'NONE',  ( 406.8905678623203200, 101.2916782713105000, -12.02573593128784800 ) ) ;
#82 = EDGE_LOOP ( 'NONE', ( #813, #1194, #3096, #2644 ) ) ;
#83 = DIRECTION ( 'NONE',  ( 1.499660721822137400E-032, 1.836494048521242100E-048, 1.000000000000000000 ) ) ;
#84 = ORIENTED_EDGE ( 'NONE', *, *, #3312, .T. ) ;
#85 = VERTEX_POINT ( 'NONE', #5647 ) ;
#86 = ORIENTED_EDGE ( 'NONE', *, *, #4060, .F. ) ;
#87 = CARTESIAN_POINT ( 'NONE',  ( 406.0705678623203300, 97.80167827131050700, -3.849999999999955200 ) ) ;
#88 = EDGE_CURVE ( 'NONE', #3969, #2274, #3042, .T. ) ;
#89 = CARTESIAN_POINT ( 'NONE',  ( 412.0905678623202600, 99.40167827131050200, -11.84999999999993700 ) ) ;
#90 = ORIENTED_EDGE ( 'NONE', *, *, #1492, .F. ) ;
#91 = ORIENTED_EDGE ( 'NONE', *, *, #4504, .F. ) ;
#92 = DIRECTION ( 'NONE',  ( -1.000000000000000000, -1.102145718440136600E-016, 3.673819061467173300E-017 ) ) ;
#93 = ORIENTED_EDGE ( 'NONE', *, *, #3809, .F. ) ;
#94 = ORIENTED_EDGE ( 'NONE', *, *, #3571, .F. ) ;
#95 = LINE ( 'NONE', #4136, #2990 ) ;
#96 = CARTESIAN_POINT ( 'NONE',  ( 407.0105678623203900, 98.74167827131049100, -11.84999999999996400 ) ) ;
#97 = EDGE_CURVE ( 'NONE', #4371, #821, #7586, .T. ) ;
#98 = ADVANCED_FACE ( 'NONE', ( #3388 ), #5580, .T. ) ;
#99 = ORIENTED_EDGE ( 'NONE', *, *, #5471, .F. ) ;
#100 = VERTEX_POINT ( 'NONE', #7866 ) ;
#101 = EDGE_CURVE ( 'NONE', #843, #3969, #6021, .T. ) ;
#102 = LINE ( 'NONE', #5966, #6057 ) ;
#103 = PLANE ( 'NONE',  #2317 ) ;
#104 = CARTESIAN_POINT ( 'NONE',  ( 403.5805678623203200, 100.8216782713105000, -3.699999999999946000 ) ) ;
#105 = LINE ( 'NONE', #3666, #5936 ) ;
#106 = CARTESIAN_POINT ( 'NONE',  ( 401.6305678623202800, 100.9816782713105100, -3.849999999999953500 ) ) ;
#107 = AXIS2_PLACEMENT_3D ( 'NONE', #3024, #3711, #3764 ) ;
#108 = CARTESIAN_POINT ( 'NONE',  ( 406.1205678623202900, 100.8216782713105000, -3.699999999999946000 ) ) ;
#109 = VERTEX_POINT ( 'NONE', #1682 ) ;
#110 = VECTOR ( 'NONE', #7012, 1000.000000000000000 ) ;
#111 = EDGE_CURVE ( 'NONE', #3967, #3154, #5707, .T. ) ;
#112 = LINE ( 'NONE', #6974, #2893 ) ;
#113 = EDGE_LOOP ( 'NONE', ( #900, #1102, #1379 ) ) ;
#114 = DIRECTION ( 'NONE',  ( -1.000000000000000000, -1.499660721822137700E-032, -1.836494048521242700E-048 ) ) ;
#115 = EDGE_CURVE ( 'NONE', #2366, #411, #5352, .T. ) ;
#116 = PLANE ( 'NONE',  #3836 ) ;
#117 = CIRCLE ( 'NONE', #5782, 0.2500000000000279800 ) ;
#118 = ADVANCED_FACE ( 'NONE', ( #1985 ), #4952, .T. ) ;
#119 = APPROVAL ( #5634, 'UNSPECIFIED' ) ;
#120 = LINE ( 'NONE', #1208, #2641 ) ;
#121 = DIRECTION ( 'NONE',  ( 0.3015113445777348200, -0.3015113445777767300, 0.9045340337332961100 ) ) ;
#122 = CARTESIAN_POINT ( 'NONE',  ( 411.6905678623203400, 97.90167827131050200, -3.549999999999955000 ) ) ;
#123 = ORIENTED_EDGE ( 'NONE', *, *, #928, .T. ) ;
#124 = DIRECTION ( 'NONE',  ( -0.0000000000000000000, -1.000000000000000000, -3.673819061467132300E-016 ) ) ;
#125 = EDGE_CURVE ( 'NONE', #821, #4251, #3978, .T. ) ;
#126 = VECTOR ( 'NONE', #2697, 1000.000000000000000 ) ;
#127 = ORIENTED_EDGE ( 'NONE', *, *, #4430, .T. ) ;
#128 = DIRECTION ( 'NONE',  ( -2.999321443644274900E-032, 1.224606353822377300E-016, -1.000000000000000000 ) ) ;
#129 = PLANE ( 'NONE',  #2392 ) ;
#130 = LINE ( 'NONE', #2047, #5001 ) ;
#131 = ORIENTED_EDGE ( 'NONE', *, *, #3660, .F. ) ;
#132 = DATE_AND_TIME ( #7029, #3142 ) ;
#133 = CARTESIAN_POINT ( 'NONE',  ( 454.5670678623203600, 103.1416782713105100, -3.049999999999955000 ) ) ;
#134 = LINE ( 'NONE', #5000, #4709 ) ;
#135 = VERTEX_POINT ( 'NONE', #1831 ) ;
#136 = CARTESIAN_POINT ( 'NONE',  ( 408.3105678623203400, 97.50167827131048200, -11.84999999999995700 ) ) ;
#137 = LINE ( 'NONE', #780, #7168 ) ;
#138 = CARTESIAN_POINT ( 'NONE',  ( 411.7905678623203000, 98.44167827131050800, -3.849999999999947700 ) ) ;
#139 = VECTOR ( 'NONE', #6096, 1000.000000000000000 ) ;
#140 = ORIENTED_EDGE ( 'NONE', *, *, #5121, .T. ) ;
#141 = DIRECTION ( 'NONE',  ( 1.000000000000000000, -1.224606353822376800E-016, -2.999321443644274300E-032 ) ) ;
#142 = PERSON_AND_ORGANIZATION ( #2263, #7839 ) ;
#143 = ADVANCED_FACE ( 'NONE', ( #4040 ), #1729, .T. ) ;
#144 = EDGE_LOOP ( 'NONE', ( #5501, #5291, #4510, #7916 ) ) ;
#145 = EDGE_CURVE ( 'NONE', #7093, #3285, #2614, .T. ) ;
#146 = EDGE_CURVE ( 'NONE', #16, #6982, #1126, .T. ) ;
#147 = CARTESIAN_POINT ( 'NONE',  ( 396.2905678623203000, 101.0416782713104700, -11.84999999999993700 ) ) ;
#148 = ADVANCED_FACE ( 'NONE', ( #6192 ), #6876, .T. ) ;
#149 = ORIENTED_EDGE ( 'NONE', *, *, #4126, .F. ) ;
#150 = DIRECTION ( 'NONE',  ( -0.3015113445777864400, -0.3015113445777864400, 0.9045340337332756800 ) ) ;
#151 = ORIENTED_EDGE ( 'NONE', *, *, #601, .F. ) ;
#152 = DIRECTION ( 'NONE',  ( -0.0000000000000000000, -1.000000000000000000, -1.224606353822377300E-016 ) ) ;
#153 = CARTESIAN_POINT ( 'NONE',  ( 406.6409485527518100, 103.8416782713104700, -11.84999999999993600 ) ) ;
#154 = CARTESIAN_POINT ( 'NONE',  ( 411.1505678623203200, 100.9816782713105100, -3.849999999999955200 ) ) ;
#155 = ADVANCED_FACE ( 'NONE', ( #7846 ), #7515, .T. ) ;
#156 = DIRECTION ( 'NONE',  ( 1.000000000000000000, -0.0000000000000000000, 0.0000000000000000000 ) ) ;
#157 = ORIENTED_EDGE ( 'NONE', *, *, #5350, .F. ) ;
#158 = EDGE_CURVE ( 'NONE', #6582, #6728, #612, .T. ) ;
#159 = LINE ( 'NONE', #4402, #1484 ) ;
#160 = EDGE_CURVE ( 'NONE', #604, #6031, #6697, .T. ) ;
#161 = FACE_OUTER_BOUND ( 'NONE', #6233, .T. ) ;
#162 = AXIS2_PLACEMENT_3D ( 'NONE', #7149, #4536, #5255 ) ;
#163 = ORIENTED_EDGE ( 'NONE', *, *, #4319, .T. ) ;
#164 = CARTESIAN_POINT ( 'NONE',  ( 408.7105678623203700, 100.4416782713105100, -15.14999999999990400 ) ) ;
#165 = VECTOR ( 'NONE', #1877, 1000.000000000000100 ) ;
#166 = EDGE_CURVE ( 'NONE', #85, #6289, #3766, .T. ) ;
#167 = EDGE_CURVE ( 'NONE', #1010, #2351, #2110, .T. ) ;
#168 = VERTEX_POINT ( 'NONE', #5696 ) ;
#169 = CARTESIAN_POINT ( 'NONE',  ( 406.8605678623202900, 99.86667827131049100, -11.79999999999995500 ) ) ;
#170 = VERTEX_POINT ( 'NONE', #5722 ) ;
#171 = LINE ( 'NONE', #5815, #6240 ) ;
#172 = CARTESIAN_POINT ( 'NONE',  ( 407.0105678623203900, 98.74167827131049100, -11.84999999999995300 ) ) ;
#173 = VECTOR ( 'NONE', #4942, 1000.000000000000000 ) ;
#174 = DIRECTION ( 'NONE',  ( 0.3015113445777309300, -0.3015113445777727900, 0.9045340337332987700 ) ) ;
#175 = EDGE_LOOP ( 'NONE', ( #899, #5112, #4848, #1753 ) ) ;
#176 = ADVANCED_FACE ( 'NONE', ( #2116 ), #5733, .T. ) ;
#177 = ADVANCED_FACE ( 'NONE', ( #1504 ), #5790, .T. ) ;
#178 = ORIENTED_EDGE ( 'NONE', *, *, #3153, .T. ) ;
#179 = ORIENTED_EDGE ( 'NONE', *, *, #4385, .T. ) ;
#180 = EDGE_CURVE ( 'NONE', #2007, #6393, #3944, .T. ) ;
#181 = DIRECTION ( 'NONE',  ( -1.469527624586849100E-016, -1.000000000000000000, -4.898425415289219500E-017 ) ) ;
#182 = DIRECTION ( 'NONE',  ( 1.000000000000000000, 0.0000000000000000000, 1.850371707708551900E-013 ) ) ;
#183 = ORIENTED_EDGE ( 'NONE', *, *, #4101, .F. ) ;
#184 = FACE_OUTER_BOUND ( 'NONE', #4177, .T. ) ;
#185 = ORIENTED_EDGE ( 'NONE', *, *, #158, .F. ) ;
#186 = ORIENTED_EDGE ( 'NONE', *, *, #6925, .F. ) ;
#187 = ORIENTED_EDGE ( 'NONE', *, *, #5799, .T. ) ;
#188 = VECTOR ( 'NONE', #3442, 1000.000000000000000 ) ;
#189 = PLANE ( 'NONE',  #7231 ) ;
#190 = EDGE_CURVE ( 'NONE', #3154, #7191, #3003, .T. ) ;
#191 = EDGE_LOOP ( 'NONE', ( #2367, #2751, #1337, #2285 ) ) ;
#192 = ORIENTED_EDGE ( 'NONE', *, *, #5739, .F. ) ;
#193 = ORIENTED_EDGE ( 'NONE', *, *, #6866, .F. ) ;
#194 = EDGE_CURVE ( 'NONE', #1451, #170, #171, .T. ) ;
#195 = LINE ( 'NONE', #6731, #1666 ) ;
#196 = VERTEX_POINT ( 'NONE', #5929 ) ;
#197 = ORIENTED_EDGE ( 'NONE', *, *, #1575, .F. ) ;
#198 = ADVANCED_FACE ( 'NONE', ( #1580 ), #5972, .T. ) ;
#199 = VECTOR ( 'NONE', #4561, 1000.000000000000000 ) ;
#200 = DIRECTION ( 'NONE',  ( 1.224606353822377300E-016, -1.000000000000000000, -1.224606353822377300E-016 ) ) ;
#201 = ORIENTED_EDGE ( 'NONE', *, *, #160, .T. ) ;
#202 = DIRECTION ( 'NONE',  ( 7.347638122934556200E-017, -1.000000000000000000, 2.449212707644713000E-017 ) ) ;
#203 = DIRECTION ( 'NONE',  ( 0.3015113445777221100, 0.3015113445778057600, 0.9045340337332905500 ) ) ;
#204 = VECTOR ( 'NONE', #2567, 1000.000000000000000 ) ;
#205 = ORIENTED_EDGE ( 'NONE', *, *, #4441, .T. ) ;
#206 = EDGE_CURVE ( 'NONE', #6228, #2384, #5716, .T. ) ;
#207 = EDGE_CURVE ( 'NONE', #839, #6371, #4444, .T. ) ;
#208 = DIRECTION ( 'NONE',  ( -1.232595164407831200E-032, -1.836909530733565600E-016, 1.000000000000000000 ) ) ;
#209 = DIRECTION ( 'NONE',  ( -0.0000000000000000000, -1.000000000000000000, -1.224606353822377300E-016 ) ) ;
#210 = ORIENTED_EDGE ( 'NONE', *, *, #3381, .T. ) ;
#211 = LINE ( 'NONE', #3895, #4597 ) ;
#212 = CARTESIAN_POINT ( 'NONE',  ( 411.2505678623202800, 98.12167827131050000, -3.549999999999954500 ) ) ;
#213 = AXIS2_PLACEMENT_3D ( 'NONE', #7255, #2563, #4326 ) ;
#214 = ADVANCED_FACE ( 'NONE', ( #1412 ), #6061, .T. ) ;
#215 = EDGE_LOOP ( 'NONE', ( #3023, #3466, #1198, #7472, #416, #1606, #2467, #7273 ) ) ;
#216 = AXIS2_PLACEMENT_3D ( 'NONE', #5066, #3220, #3055 ) ;
#217 = DIRECTION ( 'NONE',  ( -1.000000000000000000, -1.102145718440136600E-016, 3.673819061467173300E-017 ) ) ;
#218 = DIRECTION ( 'NONE',  ( -0.9486832980504924500, -7.745090630384469000E-017, -0.3162277660169020000 ) ) ;
#219 = EDGE_CURVE ( 'NONE', #2225, #411, #886, .T. ) ;
#220 = DIRECTION ( 'NONE',  ( 1.224606353822377300E-016, -1.000000000000000000, -1.224606353822377300E-016 ) ) ;
#221 = EDGE_CURVE ( 'NONE', #3239, #839, #7752, .T. ) ;
#222 = CARTESIAN_POINT ( 'NONE',  ( 401.5305678623202500, 100.5016782713105100, -3.549999999999954500 ) ) ;
#223 = VECTOR ( 'NONE', #2183, 1000.000000000000100 ) ;
#224 = DIRECTION ( 'NONE',  ( -0.9486832980505172100, 0.0000000000000000000, -0.3162277660168276200 ) ) ;
#225 = ADVANCED_FACE ( 'NONE', ( #5532 ), #6148, .T. ) ;
#226 = CARTESIAN_POINT ( 'NONE',  ( 411.7905678623203000, 100.9816782713105100, -4.649999999999955900 ) ) ;
#227 = CARTESIAN_POINT ( 'NONE',  ( 406.5905678623203100, 96.49167827131054800, -11.84999999999986100 ) ) ;
#228 = CARTESIAN_POINT ( 'NONE',  ( 406.0705678623203300, 98.44167827131047900, -3.649999999999955900 ) ) ;
#229 = AXIS2_PLACEMENT_3D ( 'NONE', #3875, #3899, #3495 ) ;
#230 = DIRECTION ( 'NONE',  ( 0.6882472016116857300, -0.6882472016116857300, -0.2294157338705592700 ) ) ;
#231 = EDGE_CURVE ( 'NONE', #6284, #6944, #3932, .T. ) ;
#232 = LINE ( 'NONE', #4832, #7756 ) ;
#233 = FACE_OUTER_BOUND ( 'NONE', #4810, .T. ) ;
#234 = LINE ( 'NONE', #1154, #1079 ) ;
#235 = DIRECTION ( 'NONE',  ( 0.0000000000000000000, -1.000000000000000000, -1.836909530733566100E-016 ) ) ;
#236 = ORIENTED_EDGE ( 'NONE', *, *, #6098, .F. ) ;
#237 = DIRECTION ( 'NONE',  ( 0.0000000000000000000, -0.3162277660168422700, 0.9486832980505124400 ) ) ;
#238 = ADVANCED_FACE ( 'NONE', ( #1983 ), #6211, .T. ) ;
#239 = ADVANCED_FACE ( 'NONE', ( #3574 ), #6252, .T. ) ;
#240 = CARTESIAN_POINT ( 'NONE',  ( 410.8505678623202500, 98.74167827131047700, -11.84999999999995700 ) ) ;
#241 = EDGE_CURVE ( 'NONE', #5533, #7247, #7430, .T. ) ;
#242 = VERTEX_POINT ( 'NONE', #6283 ) ;
#243 = CARTESIAN_POINT ( 'NONE',  ( 408.7705678623203200, 97.85167827131051900, -3.699999999999946000 ) ) ;
#244 = DIRECTION ( 'NONE',  ( 2.465190328815661900E-032, 0.0000000000000000000, -1.000000000000000000 ) ) ;
#245 = DIRECTION ( 'NONE',  ( -1.161763594557826500E-016, 0.9486832980505124400, 0.3162277660168422700 ) ) ;
#246 = DIRECTION ( 'NONE',  ( -1.499660721822137400E-032, -1.836494048521242100E-048, -1.000000000000000000 ) ) ;
#247 = DIRECTION ( 'NONE',  ( 0.0000000000000000000, 1.000000000000000000, 3.673819061467132300E-016 ) ) ;
#248 = ORIENTED_EDGE ( 'NONE', *, *, #4844, .T. ) ;
#249 = ADVANCED_FACE ( 'NONE', ( #503 ), #6452, .T. ) ;
#250 = EDGE_LOOP ( 'NONE', ( #1304, #4520, #4456, #4272 ) ) ;
#251 = EDGE_CURVE ( 'NONE', #6031, #1099, #3649, .T. ) ;
#252 = DIRECTION ( 'NONE',  ( -3.250006781191431400E-028, 1.000000000000000000, 1.734723475997268600E-015 ) ) ;
#253 = CARTESIAN_POINT ( 'NONE',  ( 404.4705678623203100, 97.50167827131048200, -11.84999999999994800 ) ) ;
#254 = ORIENTED_EDGE ( 'NONE', *, *, #5559, .F. ) ;
#255 = VECTOR ( 'NONE', #827, 999.9999999999998900 ) ;
#256 = CARTESIAN_POINT ( 'NONE',  ( 401.6305678623202800, 100.3416782713105100, -9.449999999999958400 ) ) ;
#257 = DIRECTION ( 'NONE',  ( -1.000000000000000000, -4.498982165466410700E-032, -1.652844643669117400E-047 ) ) ;
#258 = CARTESIAN_POINT ( 'NONE',  ( 406.7663037936084700, 96.49167827131054800, -12.14999999999985100 ) ) ;
#259 = EDGE_CURVE ( 'NONE', #3447, #3174, #7948, .T. ) ;
#260 = VECTOR ( 'NONE', #4761, 1000.000000000000000 ) ;
#261 = EDGE_LOOP ( 'NONE', ( #4199, #7224, #2534, #1166, #996 ) ) ;
#262 = ORIENTED_EDGE ( 'NONE', *, *, #625, .F. ) ;
#263 = EDGE_CURVE ( 'NONE', #2225, #6088, #3924, .T. ) ;
#264 = DIRECTION ( 'NONE',  ( 0.0000000000000000000, 1.224606353822377300E-016, -1.000000000000000000 ) ) ;
#265 = VECTOR ( 'NONE', #333, 1000.000000000000000 ) ;
#266 = AXIS2_PLACEMENT_3D ( 'NONE', #1772, #1833, #1841 ) ;
#267 = CARTESIAN_POINT ( 'NONE',  ( 408.6105678623203500, 100.9816782713105100, -3.849999999999949900 ) ) ;
#268 = CC_DESIGN_PERSON_AND_ORGANIZATION_ASSIGNMENT ( #6740, #7440, ( #7860 ) ) ;
#269 = CARTESIAN_POINT ( 'NONE',  ( 414.3405678623202600, 103.7916782713104700, -11.84999999999993600 ) ) ;
#270 = EDGE_LOOP ( 'NONE', ( #262, #494, #2359, #7834 ) ) ;
#271 = CARTESIAN_POINT ( 'NONE',  ( 406.0148319310321800, 97.24315013388681500, -12.14999999999999100 ) ) ;
#272 = ORIENTED_EDGE ( 'NONE', *, *, #6326, .F. ) ;
#273 = ORIENTED_EDGE ( 'NONE', *, *, #1364, .F. ) ;
#274 = FACE_OUTER_BOUND ( 'NONE', #2904, .T. ) ;
#275 = CARTESIAN_POINT ( 'NONE',  ( 401.5305678623202500, 100.4416782713105400, -15.14999999999995200 ) ) ;
#276 = EDGE_CURVE ( 'NONE', #6944, #728, #775, .T. ) ;
#277 = DIRECTION ( 'NONE',  ( 7.347638122934556200E-017, -1.000000000000000000, 2.449212707644713000E-017 ) ) ;
#278 = ORIENTED_EDGE ( 'NONE', *, *, #3242, .T. ) ;
#279 = CIRCLE ( 'NONE', #1759, 0.3000000000000779800 ) ;
#280 = DIRECTION ( 'NONE',  ( 1.000000000000000000, 0.0000000000000000000, 1.850371707708455700E-013 ) ) ;
#281 = ORIENTED_EDGE ( 'NONE', *, *, #7256, .F. ) ;
#282 = EDGE_LOOP ( 'NONE', ( #3822, #6794, #7912, #6267 ) ) ;
#283 = EDGE_LOOP ( 'NONE', ( #3211, #3547, #6536, #4170 ) ) ;
#284 = EDGE_LOOP ( 'NONE', ( #5287, #4169, #4168, #7015 ) ) ;
#285 = VERTEX_POINT ( 'NONE', #6873 ) ;
#286 = ORIENTED_EDGE ( 'NONE', *, *, #3621, .F. ) ;
#287 = CARTESIAN_POINT ( 'NONE',  ( 398.4405678623202800, 103.7916782713104700, -3.649999999999948400 ) ) ;
#288 = ORIENTED_EDGE ( 'NONE', *, *, #498, .T. ) ;
#289 = VERTEX_POINT ( 'NONE', #7330 ) ;
#290 = CARTESIAN_POINT ( 'NONE',  ( 406.1401871718889000, 103.8416782713104700, -11.84999999999993600 ) ) ;
#291 = CARTESIAN_POINT ( 'NONE',  ( 409.2505678623203400, 98.44167827131049400, -15.14999999999995600 ) ) ;
#292 = EDGE_CURVE ( 'NONE', #728, #2713, #3870, .T. ) ;
#293 = CARTESIAN_POINT ( 'NONE',  ( 406.7105678623203700, 98.44167827131050800, -14.84999999999996400 ) ) ;
#294 = LINE ( 'NONE', #4465, #5691 ) ;
#295 = PLANE ( 'NONE',  #6712 ) ;
#296 = PLANE ( 'NONE',  #504 ) ;
#297 = CARTESIAN_POINT ( 'NONE',  ( 409.1505678623203700, 100.4416782713105100, -15.14999999999992200 ) ) ;
#298 = ORIENTED_EDGE ( 'NONE', *, *, #6485, .T. ) ;
#299 = VERTEX_POINT ( 'NONE', #7301 ) ;
#300 = VECTOR ( 'NONE', #4664, 1000.000000000000000 ) ;
#301 = DIRECTION ( 'NONE',  ( 1.224606353822377300E-016, 1.000000000000000000, 0.0000000000000000000 ) ) ;
#302 = DIRECTION ( 'NONE',  ( 1.836909530733565900E-016, -1.000000000000000000, -1.836909530733592000E-016 ) ) ;
#303 = CARTESIAN_POINT ( 'NONE',  ( 454.5670678623203600, 94.99167827131051900, -11.84999999999993700 ) ) ;
#304 = CARTESIAN_POINT ( 'NONE',  ( 404.0705678623203300, 98.12167827131051500, -15.14999999999992900 ) ) ;
#306 = EDGE_CURVE ( 'NONE', #629, #2708, #3103, .T. ) ;
#305 = DIRECTION ( 'NONE',  ( -0.9486832980505171000, 0.0000000000000000000, -0.3162277660168280000 ) ) ;
#307 = EDGE_CURVE ( 'NONE', #6696, #168, #570, .T. ) ;
#308 = ORIENTED_EDGE ( 'NONE', *, *, #5837, .T. ) ;
#309 = ORIENTED_EDGE ( 'NONE', *, *, #7774, .T. ) ;
#310 = CARTESIAN_POINT ( 'NONE',  ( 409.2505678623202800, 98.44167827131050800, -3.849999999999951700 ) ) ;
#311 = CARTESIAN_POINT ( 'NONE',  ( 397.3905678623203200, 101.0416782713104700, -11.84999999999993700 ) ) ;
#312 = VERTEX_POINT ( 'NONE', #7118 ) ;
#313 = ADVANCED_FACE ( 'NONE', ( #655 ), #7053, .F. ) ;
#314 = DIRECTION ( 'NONE',  ( -0.3015113445780370200, -0.3015113445777440900, -0.9045340337332062900 ) ) ;
#315 = LINE ( 'NONE', #7779, #3897 ) ;
#316 = FACE_OUTER_BOUND ( 'NONE', #4034, .T. ) ;
#317 = ORIENTED_EDGE ( 'NONE', *, *, #3954, .F. ) ;
#318 = EDGE_CURVE ( 'NONE', #3285, #424, #5889, .T. ) ;
#319 = PLANE ( 'NONE',  #5780 ) ;
#320 = PLANE ( 'NONE',  #4172 ) ;
#321 = CARTESIAN_POINT ( 'NONE',  ( 401.6305678623202800, 98.44167827131050800, -3.649999999999955900 ) ) ;
#322 = DIRECTION ( 'NONE',  ( 0.0000000000000000000, 1.000000000000000000, 1.224606353822377300E-016 ) ) ;
#323 = ORIENTED_EDGE ( 'NONE', *, *, #3634, .F. ) ;
#324 = VECTOR ( 'NONE', #4730, 1000.000000000000100 ) ;
#325 = CARTESIAN_POINT ( 'NONE',  ( 406.0705678623203300, 100.3416782713104900, -3.849999999999953500 ) ) ;
#326 = CARTESIAN_POINT ( 'NONE',  ( 425.4405678623202800, 97.50167827131048200, -11.84999999999993700 ) ) ;
#327 = ORIENTED_EDGE ( 'NONE', *, *, #7272, .F. ) ;
#328 = EDGE_CURVE ( 'NONE', #4849, #2254, #704, .T. ) ;
#329 = LINE ( 'NONE', #7890, #25 ) ;
#330 = CARTESIAN_POINT ( 'NONE',  ( 411.2505678623202800, 100.4416782713104900, -3.549999999999946500 ) ) ;
#331 = DIRECTION ( 'NONE',  ( -1.499660721822137400E-032, 1.836494048521242100E-048, 1.000000000000000000 ) ) ;
#332 = EDGE_CURVE ( 'NONE', #5448, #6988, #823, .T. ) ;
#333 = DIRECTION ( 'NONE',  ( 1.224606353822377300E-016, -1.000000000000000000, 0.0000000000000000000 ) ) ;
#334 = PERSON_AND_ORGANIZATION ( #2263, #7839 ) ;
#335 = CARTESIAN_POINT ( 'NONE',  ( 404.1705678623203000, 100.9816782713105000, -14.84999999999996100 ) ) ;
#336 = VECTOR ( 'NONE', #3994, 1000.000000000000000 ) ;
#337 = ORIENTED_EDGE ( 'NONE', *, *, #938, .F. ) ;
#338 = CARTESIAN_POINT ( 'NONE',  ( 407.0105678623203900, 100.0416782713105200, -11.84999999999996100 ) ) ;
#339 = VECTOR ( 'NONE', #5243, 1000.000000000000000 ) ;
#340 = ORIENTED_EDGE ( 'NONE', *, *, #3358, .F. ) ;
#341 = PLANE ( 'NONE',  #7658 ) ;
#342 = DIRECTION ( 'NONE',  ( -1.469527624586870100E-016, 1.000000000000000000, 4.898425415290669000E-017 ) ) ;
#343 = VECTOR ( 'NONE', #5804, 1000.000000000000000 ) ;
#344 = ORIENTED_EDGE ( 'NONE', *, *, #846, .F. ) ;
#345 = CARTESIAN_POINT ( 'NONE',  ( 400.9905678623202900, 100.3416782713105100, -4.649999999999955900 ) ) ;
#346 = EDGE_CURVE ( 'NONE', #6123, #6344, #7906, .T. ) ;
#347 = FACE_OUTER_BOUND ( 'NONE', #3200, .T. ) ;
#348 = EDGE_LOOP ( 'NONE', ( #5676, #6921, #2854, #6688 ) ) ;
#349 = CARTESIAN_POINT ( 'NONE',  ( 411.2005678623202700, 98.28167827131049700, -3.699999999999946000 ) ) ;
#350 = CARTESIAN_POINT ( 'NONE',  ( 414.3405678623202600, 103.7916782713104700, -11.84999999999993700 ) ) ;
#351 = DIRECTION ( 'NONE',  ( -1.224606353822377300E-016, -1.000000000000000000, -0.0000000000000000000 ) ) ;
#352 = CARTESIAN_POINT ( 'NONE',  ( 411.1505678623203200, 98.44167827131050800, -3.849999999999955200 ) ) ;
#353 = ORIENTED_EDGE ( 'NONE', *, *, #5208, .T. ) ;
#354 = DIRECTION ( 'NONE',  ( 1.224606353822377300E-016, -1.000000000000000000, -1.224606353822377300E-016 ) ) ;
#355 = VECTOR ( 'NONE', #7640, 1000.000000000000000 ) ;
#356 = VERTEX_POINT ( 'NONE', #4781 ) ;
#357 = EDGE_CURVE ( 'NONE', #1426, #5948, #5542, .T. ) ;
#358 = CARTESIAN_POINT ( 'NONE',  ( 408.3105678623203400, 97.50167827131048200, -11.84999999999993700 ) ) ;
#359 = DIRECTION ( 'NONE',  ( 1.000000000000000000, -1.224606353822377300E-016, 1.499660721822137400E-032 ) ) ;
#360 = ORIENTED_EDGE ( 'NONE', *, *, #3828, .F. ) ;
#361 = CARTESIAN_POINT ( 'NONE',  ( 403.5305678623203100, 97.80167827131050700, -3.649999999999955900 ) ) ;
#362 = PLANE ( 'NONE',  #2343 ) ;
#363 = CARTESIAN_POINT ( 'NONE',  ( 406.1905678623202800, 96.49167827131054800, -12.14999999999995800 ) ) ;
#364 = FACE_OUTER_BOUND ( 'NONE', #7365, .T. ) ;
#365 = LINE ( 'NONE', #3177, #2807 ) ;
#366 = LINE ( 'NONE', #7467, #4166 ) ;
#367 = DIRECTION ( 'NONE',  ( -1.000000000000000000, -1.102145718440136900E-016, 3.673819061467165900E-017 ) ) ;
#368 = EDGE_CURVE ( 'NONE', #7544, #7452, #5768, .T. ) ;
#369 = LINE ( 'NONE', #60, #4907 ) ;
#370 = ADVANCED_FACE ( 'NONE', ( #978 ), #3914, .T. ) ;
#371 = PLANE ( 'NONE',  #1780 ) ;
#372 = LINE ( 'NONE', #1592, #7317 ) ;
#373 = EDGE_CURVE ( 'NONE', #3061, #2046, #1066, .T. ) ;
#374 = DIRECTION ( 'NONE',  ( 0.0000000000000000000, 1.224606353822377300E-016, -1.000000000000000000 ) ) ;
#375 = CARTESIAN_POINT ( 'NONE',  ( 406.7105678623203700, 100.9816782713105100, -11.74999999999995900 ) ) ;
#376 = FACE_OUTER_BOUND ( 'NONE', #907, .T. ) ;
#377 = ORIENTED_EDGE ( 'NONE', *, *, #430, .F. ) ;
#378 = VERTEX_POINT ( 'NONE', #5960 ) ;
#379 = ORIENTED_EDGE ( 'NONE', *, *, #6522, .T. ) ;
#380 = LINE ( 'NONE', #2712, #2798 ) ;
#381 = DIRECTION ( 'NONE',  ( -1.000000000000000000, -1.224606353822377300E-016, -9.655296069935245900E-033 ) ) ;
#382 = CARTESIAN_POINT ( 'NONE',  ( 401.0905678623202600, 98.44167827131050800, -15.14999999999995900 ) ) ;
#384 = ADVANCED_FACE ( 'NONE', ( #4875 ), #2344, .T. ) ;
#383 = CARTESIAN_POINT ( 'NONE',  ( 409.2505678623202800, 100.9816782713105000, -14.84999999999996100 ) ) ;
#385 = CARTESIAN_POINT ( 'NONE',  ( 401.0905678623203100, 100.4416782713105400, -15.14999999999995600 ) ) ;
#386 = EDGE_CURVE ( 'NONE', #4387, #1010, #1253, .T. ) ;
#387 = EDGE_CURVE ( 'NONE', #7281, #5714, #1093, .T. ) ;
#388 = FACE_OUTER_BOUND ( 'NONE', #1674, .T. ) ;
#389 = VERTEX_POINT ( 'NONE', #983 ) ;
#390 = EDGE_LOOP ( 'NONE', ( #6649, #3316, #1902, #3678 ) ) ;
#391 = ORIENTED_EDGE ( 'NONE', *, *, #7218, .F. ) ;
#392 = LINE ( 'NONE', #861, #5900 ) ;
#393 = DIRECTION ( 'NONE',  ( -1.224606353822377500E-016, -1.000000000000000000, -2.465190328815661900E-032 ) ) ;
#394 = AXIS2_PLACEMENT_3D ( 'NONE', #4253, #4743, #4799 ) ;
#395 = ADVANCED_FACE ( 'NONE', ( #4075 ), #7115, .T. ) ;
#396 = DIRECTION ( 'NONE',  ( -1.000000000000000000, -4.498982165466410700E-032, -1.652844643669117400E-047 ) ) ;
#397 = DIRECTION ( 'NONE',  ( -0.3162277660169020000, 0.0000000000000000000, -0.9486832980504924500 ) ) ;
#398 = CARTESIAN_POINT ( 'NONE',  ( 408.6105678623203500, 98.44167827131049400, -9.449999999999960200 ) ) ;
#399 = CARTESIAN_POINT ( 'NONE',  ( 409.2505678623202800, 98.44167827131050800, -14.84999999999996400 ) ) ;
#400 = ORIENTED_EDGE ( 'NONE', *, *, #6001, .T. ) ;
#401 = EDGE_LOOP ( 'NONE', ( #3844, #4606, #4422, #4947 ) ) ;
#402 = ORIENTED_EDGE ( 'NONE', *, *, #6158, .F. ) ;
#403 = ORIENTED_EDGE ( 'NONE', *, *, #5753, .T. ) ;
#404 = VECTOR ( 'NONE', #6653, 1000.000000000000000 ) ;
#405 = PLANE ( 'NONE',  #7718 ) ;
#406 = EDGE_CURVE ( 'NONE', #3148, #6198, #1022, .T. ) ;
#407 = ORIENTED_EDGE ( 'NONE', *, *, #3749, .F. ) ;
#408 = EDGE_LOOP ( 'NONE', ( #3490, #1490, #1970, #7287 ) ) ;
#409 = VECTOR ( 'NONE', #5326, 1000.000000000000000 ) ;
#410 = CARTESIAN_POINT ( 'NONE',  ( 408.7105678623203200, 100.8816782713105100, -3.549999999999965600 ) ) ;
#411 = VERTEX_POINT ( 'NONE', #1252 ) ;
#412 = CARTESIAN_POINT ( 'NONE',  ( 406.6409485527517500, 103.8416782713104700, -12.43309518948451900 ) ) ;
#413 = ADVANCED_FACE ( 'NONE', ( #7083 ), #1409, .T. ) ;
#414 = DIRECTION ( 'NONE',  ( 1.000000000000000000, 1.224606353822376800E-016, 2.999321443644274300E-032 ) ) ;
#415 = DIRECTION ( 'NONE',  ( 1.224606353822377300E-016, -1.000000000000000000, 0.0000000000000000000 ) ) ;
#416 = ORIENTED_EDGE ( 'NONE', *, *, #5153, .T. ) ;
#417 = EDGE_CURVE ( 'NONE', #5174, #6393, #1112, .T. ) ;
#418 = LINE ( 'NONE', #7456, #2764 ) ;
#419 = CARTESIAN_POINT ( 'NONE',  ( 408.6405678623202700, 96.84167827131044200, -14.66543934295757100 ) ) ;
#420 = LINE ( 'NONE', #4889, #1129 ) ;
#421 = CARTESIAN_POINT ( 'NONE',  ( 404.0705678623203300, 98.34167827131051400, -15.14999999999993100 ) ) ;
#422 = ORIENTED_EDGE ( 'NONE', *, *, #3163, .F. ) ;
#423 = EDGE_LOOP ( 'NONE', ( #7630, #3194, #402, #5623 ) ) ;
#424 = VERTEX_POINT ( 'NONE', #256 ) ;
#425 = FACE_OUTER_BOUND ( 'NONE', #658, .T. ) ;
#426 = DIRECTION ( 'NONE',  ( -1.000000000000000000, -1.224606353822377300E-016, 1.499660721822137400E-032 ) ) ;
#427 = DIRECTION ( 'NONE',  ( 0.3015113445777679000, 0.3015113445777679000, 0.9045340337332881100 ) ) ;
#428 = LINE ( 'NONE', #3401, #1619 ) ;
#429 = FACE_OUTER_BOUND ( 'NONE', #1384, .T. ) ;
#430 = EDGE_CURVE ( 'NONE', #7004, #2604, #1189, .T. ) ;
#431 = ADVANCED_FACE ( 'NONE', ( #184 ), #4570, .T. ) ;
#432 = DIRECTION ( 'NONE',  ( -0.6882472016117359100, -0.6882472016116404400, 0.2294157338705442000 ) ) ;
#433 = ORIENTED_EDGE ( 'NONE', *, *, #4616, .F. ) ;
#434 = CARTESIAN_POINT ( 'NONE',  ( 408.9305678623202300, 100.3916782713105100, -14.99999999999995000 ) ) ;
#435 = ORIENTED_EDGE ( 'NONE', *, *, #1421, .T. ) ;
#436 = CARTESIAN_POINT ( 'NONE',  ( 397.3905678623203200, 97.74167827131049100, -11.84999999999993700 ) ) ;
#437 = DIRECTION ( 'NONE',  ( -0.0000000000000000000, -2.449212707644755000E-016, 1.000000000000000000 ) ) ;
#438 = ORIENTED_EDGE ( 'NONE', *, *, #5658, .T. ) ;
#439 = EDGE_CURVE ( 'NONE', #7284, #2225, #4271, .T. ) ;
#440 = FACE_OUTER_BOUND ( 'NONE', #4986, .T. ) ;
#441 = EDGE_CURVE ( 'NONE', #100, #629, #2911, .T. ) ;
#442 = LINE ( 'NONE', #311, #3080 ) ;
#443 = VERTEX_POINT ( 'NONE', #961 ) ;
#444 = DIRECTION ( 'NONE',  ( -3.872545315192724500E-017, 0.3162277660168353900, -0.9486832980505147700 ) ) ;
#445 = CARTESIAN_POINT ( 'NONE',  ( 400.6905678623203400, 100.0416782713104700, -11.84999999999994600 ) ) ;
#446 = LINE ( 'NONE', #1471, #6082 ) ;
#447 = AXIS2_PLACEMENT_3D ( 'NONE', #3808, #208, #454 ) ;
#448 = CARTESIAN_POINT ( 'NONE',  ( 406.7105678623203700, 100.9816782713105100, -15.14999999999995600 ) ) ;
#449 = LINE ( 'NONE', #7194, #3315 ) ;
#450 =( GEOMETRIC_REPRESENTATION_CONTEXT ( 3 ) GLOBAL_UNCERTAINTY_ASSIGNED_CONTEXT ( ( #6851 ) ) GLOBAL_UNIT_ASSIGNED_CONTEXT ( ( #6169, #2462, #6776 ) ) REPRESENTATION_CONTEXT ( 'NONE', 'WORKASPACE' ) );
#451 = LINE ( 'NONE', #4840, #7388 ) ;
#452 = EDGE_LOOP ( 'NONE', ( #738, #1531, #3480, #6281 ) ) ;
#453 = DIRECTION ( 'NONE',  ( 1.000000000000000000, -1.224606353822377500E-016, 0.0000000000000000000 ) ) ;
#454 = DIRECTION ( 'NONE',  ( 0.0000000000000000000, -1.000000000000000000, 0.0000000000000000000 ) ) ;
#455 = EDGE_CURVE ( 'NONE', #170, #6582, #4113, .T. ) ;
#456 = DIRECTION ( 'NONE',  ( -1.838806884535311800E-013, 0.0000000000000000000, 1.000000000000000000 ) ) ;
#457 = FACE_OUTER_BOUND ( 'NONE', #2896, .T. ) ;
#458 = DIRECTION ( 'NONE',  ( 1.000000000000000000, 1.064154322375103700E-047, -2.896588820980573400E-032 ) ) ;
#459 = LINE ( 'NONE', #7953, #2554 ) ;
#460 = ORIENTED_EDGE ( 'NONE', *, *, #4749, .F. ) ;
#461 = CARTESIAN_POINT ( 'NONE',  ( 406.3905678623203200, 102.2916782713104900, -11.84999999999984300 ) ) ;
#462 = EDGE_CURVE ( 'NONE', #3079, #6982, #3988, .T. ) ;
#463 = VERTEX_POINT ( 'NONE', #1293 ) ;
#464 = FACE_OUTER_BOUND ( 'NONE', #5052, .T. ) ;
#465 = VERTEX_POINT ( 'NONE', #1374 ) ;
#466 = CARTESIAN_POINT ( 'NONE',  ( 409.5505678623202900, 100.0416782713105200, -11.84999999999994800 ) ) ;
#467 = CARTESIAN_POINT ( 'NONE',  ( 406.8905678623203200, 102.2916782713104900, -12.02573593128784400 ) ) ;
#468 = VECTOR ( 'NONE', #367, 1000.000000000000000 ) ;
#469 = ORIENTED_EDGE ( 'NONE', *, *, #7876, .F. ) ;
#470 = EDGE_CURVE ( 'NONE', #6088, #5444, #1268, .T. ) ;
#471 = LINE ( 'NONE', #3152, #5811 ) ;
#472 = EDGE_CURVE ( 'NONE', #4254, #4464, #1846, .T. ) ;
#473 = DIRECTION ( 'NONE',  ( 1.000000000000000000, -0.0000000000000000000, 0.0000000000000000000 ) ) ;
#474 = PLANE ( 'NONE',  #2532 ) ;
#475 = CARTESIAN_POINT ( 'NONE',  ( 408.6405678623202700, 96.84167827131044200, -14.66543934295757100 ) ) ;
#476 = VERTEX_POINT ( 'NONE', #1434 ) ;
#477 = CARTESIAN_POINT ( 'NONE',  ( 411.7905678623203000, 97.80167827131050700, -11.74999999999996400 ) ) ;
#478 = AXIS2_PLACEMENT_3D ( 'NONE', #7585, #7568, #3568 ) ;
#479 = ORIENTED_EDGE ( 'NONE', *, *, #5551, .F. ) ;
#480 = LINE ( 'NONE', #1956, #2348 ) ;
#481 = VECTOR ( 'NONE', #4529, 1000.000000000000000 ) ;
#482 = EDGE_CURVE ( 'NONE', #3489, #7703, #1966, .T. ) ;
#483 = ORIENTED_EDGE ( 'NONE', *, *, #5474, .F. ) ;
#484 = EDGE_CURVE ( 'NONE', #1803, #1786, #5600, .T. ) ;
#485 = LINE ( 'NONE', #6369, #2174 ) ;
#486 = DIRECTION ( 'NONE',  ( -1.734723475976709300E-015, 9.629649721935494300E-029, 1.000000000000000000 ) ) ;
#487 = DIRECTION ( 'NONE',  ( 1.000000000000000000, -0.0000000000000000000, 0.0000000000000000000 ) ) ;
#488 = ADVANCED_FACE ( 'NONE', ( #4084 ), #2457, .T. ) ;
#489 = ORIENTED_EDGE ( 'NONE', *, *, #3408, .F. ) ;
#490 = VECTOR ( 'NONE', #4908, 1000.000000000000100 ) ;
#491 = AXIS2_PLACEMENT_3D ( 'NONE', #4632, #3418, #5604 ) ;
#492 = VERTEX_POINT ( 'NONE', #1465 ) ;
#493 = ORIENTED_EDGE ( 'NONE', *, *, #5153, .F. ) ;
#494 = ORIENTED_EDGE ( 'NONE', *, *, #6925, .T. ) ;
#495 = LINE ( 'NONE', #3599, #7259 ) ;
#496 = EDGE_CURVE ( 'NONE', #7144, #2604, #2862, .T. ) ;
#497 = CARTESIAN_POINT ( 'NONE',  ( 403.5305678623203100, 98.44167827131049400, -3.649999999999955900 ) ) ;
#498 = EDGE_CURVE ( 'NONE', #109, #5232, #7496, .T. ) ;
#499 = ORIENTED_EDGE ( 'NONE', *, *, #5838, .F. ) ;
#500 = ORIENTED_EDGE ( 'NONE', *, *, #6969, .T. ) ;
#501 = ORIENTED_EDGE ( 'NONE', *, *, #7315, .T. ) ;
#502 = EDGE_LOOP ( 'NONE', ( #1446, #3681, #1361, #4742 ) ) ;
#503 = FACE_OUTER_BOUND ( 'NONE', #4329, .T. ) ;
#504 = AXIS2_PLACEMENT_3D ( 'NONE', #345, #354, #374 ) ;
#505 = CARTESIAN_POINT ( 'NONE',  ( 411.7905678623203000, 98.44167827131049400, -3.649999999999955900 ) ) ;
#506 = DIRECTION ( 'NONE',  ( -0.0000000000000000000, -0.0000000000000000000, 1.000000000000000000 ) ) ;
#507 = ORIENTED_EDGE ( 'NONE', *, *, #5882, .T. ) ;
#508 = ADVANCED_FACE ( 'NONE', ( #1172 ), #2080, .T. ) ;
#509 = ORIENTED_EDGE ( 'NONE', *, *, #1146, .T. ) ;
#510 = FACE_OUTER_BOUND ( 'NONE', #2824, .T. ) ;
#511 = VECTOR ( 'NONE', #6924, 1000.000000000000100 ) ;
#512 = PLANE ( 'NONE',  #3029 ) ;
#513 = EDGE_CURVE ( 'NONE', #4633, #6792, #3558, .T. ) ;
#514 = VECTOR ( 'NONE', #2833, 1000.000000000000000 ) ;
#515 = DIRECTION ( 'NONE',  ( 0.0000000000000000000, 1.000000000000000000, 1.224606353822377300E-016 ) ) ;
#516 = ORIENTED_EDGE ( 'NONE', *, *, #7426, .F. ) ;
#517 = PLANE ( 'NONE',  #1355 ) ;
#518 = ORIENTED_EDGE ( 'NONE', *, *, #4488, .F. ) ;
#519 = COORDINATED_UNIVERSAL_TIME_OFFSET ( 8, 0, .BEHIND. ) ;
#520 = VECTOR ( 'NONE', #427, 1000.000000000000000 ) ;
#521 = ORIENTED_EDGE ( 'NONE', *, *, #4114, .T. ) ;
#522 = DIRECTION ( 'NONE',  ( 0.0000000000000000000, 0.0000000000000000000, -1.000000000000000000 ) ) ;
#523 = CARTESIAN_POINT ( 'NONE',  ( 409.2505678623202800, 97.80167827131050700, -11.74999999999995000 ) ) ;
#524 = DIRECTION ( 'NONE',  ( 1.000000000000000000, -1.224606353822377300E-016, 1.499660721822137400E-032 ) ) ;
#525 = EDGE_CURVE ( 'NONE', #4089, #4669, #6068, .T. ) ;
#526 = DIRECTION ( 'NONE',  ( -2.999321443644274900E-032, 1.224606353822377300E-016, -1.000000000000000000 ) ) ;
#527 = CARTESIAN_POINT ( 'NONE',  ( 404.1705678623203000, 100.3416782713105000, -4.649999999999955900 ) ) ;
#528 = LINE ( 'NONE', #4731, #3040 ) ;
#529 = ORIENTED_EDGE ( 'NONE', *, *, #38, .T. ) ;
#530 = CARTESIAN_POINT ( 'NONE',  ( 411.1505678623203200, 100.9816782713105000, -11.74999999999995600 ) ) ;
#531 = ADVANCED_FACE ( 'NONE', ( #4150 ), #2579, .T. ) ;
#532 = ORIENTED_EDGE ( 'NONE', *, *, #7097, .F. ) ;
#533 = CARTESIAN_POINT ( 'NONE',  ( 411.2505678623202800, 100.4416782713105200, -15.14999999999995100 ) ) ;
#534 = PLANE ( 'NONE',  #4070 ) ;
#535 = DIRECTION ( 'NONE',  ( 0.0000000000000000000, 1.000000000000000000, 1.224606353822377300E-016 ) ) ;
#536 = VECTOR ( 'NONE', #7158, 1000.000000000000000 ) ;
#537 = DIRECTION ( 'NONE',  ( 0.0000000000000000000, 1.000000000000000000, 1.224606353822377300E-016 ) ) ;
#538 = EDGE_CURVE ( 'NONE', #5044, #356, #3855, .T. ) ;
#539 = LINE ( 'NONE', #1973, #4732 ) ;
#540 = EDGE_LOOP ( 'NONE', ( #2064, #7198, #7725, #6423 ) ) ;
#541 = EDGE_CURVE ( 'NONE', #3087, #299, #6300, .T. ) ;
#542 = CARTESIAN_POINT ( 'NONE',  ( 411.1505678623203200, 97.80167827131050700, -9.449999999999960200 ) ) ;
#543 = FACE_OUTER_BOUND ( 'NONE', #7928, .T. ) ;
#544 = VECTOR ( 'NONE', #7843, 1000.000000000000100 ) ;
#545 = AXIS2_PLACEMENT_3D ( 'NONE', #461, #456, #1312 ) ;
#546 = AXIS2_PLACEMENT_3D ( 'NONE', #6133, #6159, #6161 ) ;
#547 = CARTESIAN_POINT ( 'NONE',  ( 403.6305678623203300, 100.6616782713105100, -3.549999999999954500 ) ) ;
#548 = VECTOR ( 'NONE', #5495, 1000.000000000000000 ) ;
#549 = CARTESIAN_POINT ( 'NONE',  ( 396.3140678623203100, 103.7916782713104700, -11.84999999999993600 ) ) ;
#550 = EDGE_CURVE ( 'NONE', #1196, #6755, #4156, .T. ) ;
#551 = ADVANCED_FACE ( 'NONE', ( #4214 ), #3976, .T. ) ;
#552 = VECTOR ( 'NONE', #7550, 1000.000000000000000 ) ;
#553 = ORIENTED_EDGE ( 'NONE', *, *, #3936, .F. ) ;
#554 = EDGE_CURVE ( 'NONE', #1177, #1873, #4477, .T. ) ;
#555 = LINE ( 'NONE', #6450, #5841 ) ;
#556 = CARTESIAN_POINT ( 'NONE',  ( 406.7105678623203700, 98.44167827131049400, -11.74999999999994500 ) ) ;
#557 = DIRECTION ( 'NONE',  ( -1.000000000000000000, -1.064154322375103700E-047, 2.896588820980573400E-032 ) ) ;
#558 = CARTESIAN_POINT ( 'NONE',  ( 400.8405678623203100, 100.1866782713104800, -11.79999999999995500 ) ) ;
#559 = VERTEX_POINT ( 'NONE', #7790 ) ;
#560 = AXIS2_PLACEMENT_3D ( 'NONE', #7826, #4515, #5283 ) ;
#561 = DIRECTION ( 'NONE',  ( 1.224606353822377300E-016, -1.000000000000000000, 0.0000000000000000000 ) ) ;
#562 = CC_DESIGN_APPROVAL ( #119, ( #6934 ) ) ;
#563 = ORIENTED_EDGE ( 'NONE', *, *, #6145, .F. ) ;
#564 = ORIENTED_EDGE ( 'NONE', *, *, #5353, .T. ) ;
#565 = EDGE_CURVE ( 'NONE', #6707, #7004, #4496, .T. ) ;
#566 = DIRECTION ( 'NONE',  ( -0.0000000000000000000, 1.734723475977359100E-015, 1.000000000000000000 ) ) ;
#567 = CARTESIAN_POINT ( 'NONE',  ( 404.1705678623203000, 96.15167827131051600, -9.449999999999960200 ) ) ;
#568 = ORIENTED_EDGE ( 'NONE', *, *, #5764, .T. ) ;
#569 = DIRECTION ( 'NONE',  ( -9.655296069935245900E-033, -1.182393691527893000E-048, 1.000000000000000000 ) ) ;
#570 = CIRCLE ( 'NONE', #2431, 0.5000000000000559600 ) ;
#571 = CARTESIAN_POINT ( 'NONE',  ( 406.0705678623203300, 97.80167827131050700, -9.449999999999960200 ) ) ;
#572 = ADVANCED_FACE ( 'NONE', ( #5374 ), #718, .T. ) ;
#573 = PLANE ( 'NONE',  #2198 ) ;
#574 = EDGE_CURVE ( 'NONE', #1665, #5994, #4406, .T. ) ;
#575 = LINE ( 'NONE', #2516, #2153 ) ;
#576 = ORIENTED_EDGE ( 'NONE', *, *, #2601, .F. ) ;
#577 = FACE_OUTER_BOUND ( 'NONE', #1100, .T. ) ;
#578 = CARTESIAN_POINT ( 'NONE',  ( 406.7105678623203700, 98.44167827131047900, -9.449999999999960200 ) ) ;
#579 = DIRECTION ( 'NONE',  ( 1.000000000000000000, -1.670477943807223800E-043, 1.734723475976709300E-015 ) ) ;
#580 = CARTESIAN_POINT ( 'NONE',  ( 401.0905678623203100, 97.90167827131054400, -15.14999999999995800 ) ) ;
#581 = CARTESIAN_POINT ( 'NONE',  ( 409.2505678623203400, 100.9816782713105100, -4.649999999999955900 ) ) ;
#582 = CARTESIAN_POINT ( 'NONE',  ( 403.5305678623203100, 100.3416782713105000, -4.649999999999955900 ) ) ;
#583 = EDGE_LOOP ( 'NONE', ( #4918, #1715, #957, #4072 ) ) ;
#584 = EDGE_CURVE ( 'NONE', #33, #6755, #6347, .T. ) ;
#585 = ORIENTED_EDGE ( 'NONE', *, *, #5270, .F. ) ;
#586 = ORIENTED_EDGE ( 'NONE', *, *, #513, .T. ) ;
#587 = EDGE_CURVE ( 'NONE', #242, #1855, #7769, .T. ) ;
#588 = LINE ( 'NONE', #7685, #6044 ) ;
#589 = FACE_BOUND ( 'NONE', #2916, .T. ) ;
#590 = DIRECTION ( 'NONE',  ( -1.499660721822137700E-032, 1.000000000000000000, 1.224606353822377500E-016 ) ) ;
#591 = ADVANCED_FACE ( 'NONE', ( #5911 ), #1962, .T. ) ;
#592 = DIRECTION ( 'NONE',  ( 0.6882472016116857300, 0.6882472016116857300, 0.2294157338705592700 ) ) ;
#593 = DIRECTION ( 'NONE',  ( 0.0000000000000000000, 0.0000000000000000000, -1.000000000000000000 ) ) ;
#594 = FACE_OUTER_BOUND ( 'NONE', #4577, .T. ) ;
#595 = ORIENTED_EDGE ( 'NONE', *, *, #3358, .T. ) ;
#596 = VECTOR ( 'NONE', #3685, 1000.000000000000100 ) ;
#597 = DIRECTION ( 'NONE',  ( -0.9486832980505192100, -1.549018126077090500E-016, 0.3162277660168217900 ) ) ;
#598 = EDGE_CURVE ( 'NONE', #3578, #6123, #4532, .T. ) ;
#599 = ORIENTED_EDGE ( 'NONE', *, *, #7876, .T. ) ;
#600 = ORIENTED_EDGE ( 'NONE', *, *, #3196, .T. ) ;
#601 = EDGE_CURVE ( 'NONE', #109, #4233, #4539, .T. ) ;
#602 = DIRECTION ( 'NONE',  ( 0.0000000000000000000, -1.224606353822377500E-016, 1.000000000000000000 ) ) ;
#603 = ORIENTED_EDGE ( 'NONE', *, *, #3206, .T. ) ;
#604 = VERTEX_POINT ( 'NONE', #5898 ) ;
#605 = EDGE_LOOP ( 'NONE', ( #2611, #1159, #5607, #2998 ) ) ;
#606 = LINE ( 'NONE', #4861, #879 ) ;
#607 = AXIS2_PLACEMENT_3D ( 'NONE', #2152, #2777, #7106 ) ;
#608 = DIRECTION ( 'NONE',  ( 1.931059213987049200E-032, 2.449212707644754500E-016, -1.000000000000000000 ) ) ;
#609 = DIRECTION ( 'NONE',  ( -1.161763594557826500E-016, 0.9486832980505124400, 0.3162277660168422700 ) ) ;
#610 = DIRECTION ( 'NONE',  ( 1.000000000000000000, 0.0000000000000000000, 0.0000000000000000000 ) ) ;
#611 = ORIENTED_EDGE ( 'NONE', *, *, #5723, .T. ) ;
#612 = LINE ( 'NONE', #533, #6489 ) ;
#613 = FACE_OUTER_BOUND ( 'NONE', #1525, .T. ) ;
#614 = PLANE ( 'NONE',  #2979 ) ;
#615 = EDGE_CURVE ( 'NONE', #6371, #2436, #4239, .T. ) ;
#616 = ADVANCED_FACE ( 'NONE', ( #5973 ), #2448, .T. ) ;
#617 = ORIENTED_EDGE ( 'NONE', *, *, #7120, .T. ) ;
#618 = FACE_OUTER_BOUND ( 'NONE', #583, .T. ) ;
#619 = DIRECTION ( 'NONE',  ( 0.0000000000000000000, 0.0000000000000000000, 1.000000000000000000 ) ) ;
#620 = CARTESIAN_POINT ( 'NONE',  ( 406.1705678623203000, 98.28167827131049700, -3.549999999999947400 ) ) ;
#621 = DIRECTION ( 'NONE',  ( 1.224606353822377300E-016, -1.000000000000000000, 0.0000000000000000000 ) ) ;
#622 = ORIENTED_EDGE ( 'NONE', *, *, #3945, .T. ) ;
#623 = DIRECTION ( 'NONE',  ( 0.3162277660168217900, 0.0000000000000000000, 0.9486832980505192100 ) ) ;
#624 = EDGE_LOOP ( 'NONE', ( #6048, #2668, #4666, #7094 ) ) ;
#625 = EDGE_CURVE ( 'NONE', #6024, #2375, #6859, .T. ) ;
#626 = VECTOR ( 'NONE', #1024, 1000.000000000000000 ) ;
#627 = CARTESIAN_POINT ( 'NONE',  ( 406.0705678623203300, 100.3416782713105000, -9.449999999999958400 ) ) ;
#628 = FACE_OUTER_BOUND ( 'NONE', #5765, .T. ) ;
#629 = VERTEX_POINT ( 'NONE', #739 ) ;
#630 = CARTESIAN_POINT ( 'NONE',  ( 411.1505678623203200, 98.44167827131049400, -3.849999999999952100 ) ) ;
#631 = CARTESIAN_POINT ( 'NONE',  ( 411.2505678623202800, 98.44167827131049400, -15.14999999999996100 ) ) ;
#632 = ORIENTED_EDGE ( 'NONE', *, *, #498, .F. ) ;
#633 = LINE ( 'NONE', #7257, #831 ) ;
#634 = ADVANCED_FACE ( 'NONE', ( #429 ), #5400, .T. ) ;
#635 = LINE ( 'NONE', #2940, #514 ) ;
#636 = EDGE_CURVE ( 'NONE', #6895, #1486, #4229, .T. ) ;
#637 = CARTESIAN_POINT ( 'NONE',  ( 404.1705678623203000, 97.80167827131050700, -3.649999999999955900 ) ) ;
#638 = ORIENTED_EDGE ( 'NONE', *, *, #7884, .T. ) ;
#639 = APPROVAL_STATUS ( 'not_yet_approved' ) ;
#640 = EDGE_CURVE ( 'NONE', #815, #7776, #4223, .T. ) ;
#641 = DIRECTION ( 'NONE',  ( 7.347638122933105400E-017, -1.000000000000000000, 2.449212707644919700E-017 ) ) ;
#642 = EDGE_LOOP ( 'NONE', ( #714, #501, #6506, #2933 ) ) ;
#643 = CARTESIAN_POINT ( 'NONE',  ( 408.6105678623203500, 98.44167827131049400, -3.649999999999955900 ) ) ;
#644 = FACE_OUTER_BOUND ( 'NONE', #7342, .T. ) ;
#645 = LINE ( 'NONE', #1591, #1590 ) ;
#646 = ORIENTED_EDGE ( 'NONE', *, *, #3715, .F. ) ;
#647 = CARTESIAN_POINT ( 'NONE',  ( 409.0905678623203700, 100.9316782713105000, -3.699999999999946000 ) ) ;
#648 = CARTESIAN_POINT ( 'NONE',  ( 403.6305678623203300, 98.12167827131050000, -3.549999999999954500 ) ) ;
#649 = CARTESIAN_POINT ( 'NONE',  ( 397.6170678623203100, 97.74167827131049100, -11.84999999999993700 ) ) ;
#650 = LINE ( 'NONE', #7549, #1438 ) ;
#651 = VECTOR ( 'NONE', #7717, 1000.000000000000000 ) ;
#652 = EDGE_CURVE ( 'NONE', #1576, #6228, #5200, .T. ) ;
#653 = DIRECTION ( 'NONE',  ( -1.469527624586849100E-016, -1.000000000000000000, -4.898425415289219500E-017 ) ) ;
#654 = VECTOR ( 'NONE', #458, 1000.000000000000000 ) ;
#655 = FACE_OUTER_BOUND ( 'NONE', #1946, .T. ) ;
#656 = LINE ( 'NONE', #4794, #4316 ) ;
#657 = ADVANCED_FACE ( 'NONE', ( #5572 ), #2086, .T. ) ;
#658 = EDGE_LOOP ( 'NONE', ( #6621, #6706, #6419, #7880 ) ) ;
#659 = DIRECTION ( 'NONE',  ( -1.931059213987049200E-032, 2.449212707644754500E-016, -1.000000000000000000 ) ) ;
#660 = CARTESIAN_POINT ( 'NONE',  ( 406.5905678623204300, 101.8916782713104300, -12.14999999999986500 ) ) ;
#661 = DIRECTION ( 'NONE',  ( 1.000000000000000000, -3.909510433884295200E-063, 1.064154322375103600E-047 ) ) ;
#662 = LINE ( 'NONE', #5997, #6462 ) ;
#663 = EDGE_LOOP ( 'NONE', ( #6395, #185, #1658, #1730 ) ) ;
#664 = EDGE_CURVE ( 'NONE', #5810, #3079, #5116, .T. ) ;
#665 = EDGE_CURVE ( 'NONE', #5636, #4377, #2923, .T. ) ;
#666 = ORIENTED_EDGE ( 'NONE', *, *, #4266, .F. ) ;
#667 = PLANE ( 'NONE',  #979 ) ;
#668 = APPLICATION_PROTOCOL_DEFINITION ( 'international standard', 'config_control_design', 1994, #1875 ) ;
#669 = AXIS2_PLACEMENT_3D ( 'NONE', #4862, #1811, #7505 ) ;
#670 = DIRECTION ( 'NONE',  ( 1.224606353822377300E-016, -1.000000000000000000, -1.224606353822377300E-016 ) ) ;
#671 = VERTEX_POINT ( 'NONE', #4718 ) ;
#672 = CARTESIAN_POINT ( 'NONE',  ( 397.3905678623203200, 102.6416782713104800, -3.049999999999955400 ) ) ;
#673 = FACE_OUTER_BOUND ( 'NONE', #6505, .T. ) ;
#674 = CARTESIAN_POINT ( 'NONE',  ( 404.1405678623203200, 96.14167827131049600, -14.66543934295757100 ) ) ;
#675 = CARTESIAN_POINT ( 'NONE',  ( 397.6170678623203100, 97.74167827131049100, -11.84999999999993700 ) ) ;
#676 = DIRECTION ( 'NONE',  ( 0.0000000000000000000, -0.3162277660168422700, 0.9486832980505124400 ) ) ;
#677 = EDGE_CURVE ( 'NONE', #5994, #424, #366, .T. ) ;
#678 = FACE_OUTER_BOUND ( 'NONE', #3882, .T. ) ;
#679 = DIRECTION ( 'NONE',  ( 0.0000000000000000000, 1.224606353822377300E-016, -1.000000000000000000 ) ) ;
#680 = ADVANCED_FACE ( 'NONE', ( #4673 ), #6861, .T. ) ;
#681 = ORIENTED_EDGE ( 'NONE', *, *, #6263, .F. ) ;
#682 = CARTESIAN_POINT ( 'NONE',  ( 403.5305678623203100, 98.44167827131050800, -9.449999999999960200 ) ) ;
#683 = EDGE_LOOP ( 'NONE', ( #3966, #2271, #1965, #2187 ) ) ;
#684 = EDGE_LOOP ( 'NONE', ( #5816, #298, #6332, #7085 ) ) ;
#685 = VECTOR ( 'NONE', #5612, 1000.000000000000000 ) ;
#686 = CARTESIAN_POINT ( 'NONE',  ( 453.4170678623203200, 96.14167827131049600, -9.449999999999960200 ) ) ;
#687 = FACE_OUTER_BOUND ( 'NONE', #6115, .T. ) ;
#688 = CARTESIAN_POINT ( 'NONE',  ( 396.2905678623203000, 99.40167827131050200, -11.84999999999993700 ) ) ;
#689 = VECTOR ( 'NONE', #941, 1000.000000000000000 ) ;
#690 = EDGE_CURVE ( 'NONE', #1121, #5456, #4815, .T. ) ;
#691 = ADVANCED_FACE ( 'NONE', ( #5251 ), #3806, .T. ) ;
#692 = ORIENTED_EDGE ( 'NONE', *, *, #3552, .F. ) ;
#693 = CARTESIAN_POINT ( 'NONE',  ( 400.6905678623203400, 100.0416782713104700, -11.84999999999995000 ) ) ;
#694 = VERTEX_POINT ( 'NONE', #2762 ) ;
#695 = EDGE_LOOP ( 'NONE', ( #3385, #210, #281, #4694 ) ) ;
#696 = CARTESIAN_POINT ( 'NONE',  ( 404.1705678623203000, 100.9816782713105100, -3.849999999999955200 ) ) ;
#697 = SECURITY_CLASSIFICATION_LEVEL ( 'unclassified' ) ;
#698 = VECTOR ( 'NONE', #6143, 1000.000000000000000 ) ;
#699 = CARTESIAN_POINT ( 'NONE',  ( 406.7105678623203700, 100.3416782713104900, -11.74999999999995900 ) ) ;
#700 = ORIENTED_EDGE ( 'NONE', *, *, #251, .T. ) ;
#701 = VERTEX_POINT ( 'NONE', #4309 ) ;
#702 = EDGE_CURVE ( 'NONE', #7522, #5844, #5301, .T. ) ;
#703 = ORIENTED_EDGE ( 'NONE', *, *, #3452, .T. ) ;
#704 = LINE ( 'NONE', #7010, #6963 ) ;
#705 = VECTOR ( 'NONE', #1373, 1000.000000000000000 ) ;
#706 = CARTESIAN_POINT ( 'NONE',  ( 409.2505678623202800, 97.80167827131050700, -14.84999999999995300 ) ) ;
#707 = CARTESIAN_POINT ( 'NONE',  ( 425.4405678623202800, 101.2816782713104800, -11.84999999999993700 ) ) ;
#708 = CARTESIAN_POINT ( 'NONE',  ( 401.6305678623202800, 98.34167827131051400, -15.14999999999995600 ) ) ;
#709 = ORIENTED_EDGE ( 'NONE', *, *, #4224, .F. ) ;
#710 = ORIENTED_EDGE ( 'NONE', *, *, #3250, .T. ) ;
#711 = AXIS2_PLACEMENT_3D ( 'NONE', #4775, #4734, #4796 ) ;
#712 = CARTESIAN_POINT ( 'NONE',  ( 406.6105678623203500, 98.28167827131049700, -3.549999999999916300 ) ) ;
#713 = ORIENTED_EDGE ( 'NONE', *, *, #6665, .T. ) ;
#714 = ORIENTED_EDGE ( 'NONE', *, *, #4449, .F. ) ;
#715 = VECTOR ( 'NONE', #3680, 1000.000000000000100 ) ;
#716 = CARTESIAN_POINT ( 'NONE',  ( 411.6905678623203400, 100.4416782713105100, -3.549999999999953200 ) ) ;
#717 = EDGE_CURVE ( 'NONE', #821, #2662, #656, .T. ) ;
#718 = PLANE ( 'NONE',  #2749 ) ;
#719 = EDGE_CURVE ( 'NONE', #411, #7645, #2682, .T. ) ;
#720 = CARTESIAN_POINT ( 'NONE',  ( 403.6905678623202800, 100.4416782713104900, -3.549999999999954100 ) ) ;
#721 = DIRECTION ( 'NONE',  ( 1.499660721822137400E-032, -1.836494048521242100E-048, -1.000000000000000000 ) ) ;
#722 = DIRECTION ( 'NONE',  ( 1.224606353822377300E-016, -1.000000000000000000, 0.0000000000000000000 ) ) ;
#723 = ORIENTED_EDGE ( 'NONE', *, *, #525, .T. ) ;
#724 = ORIENTED_EDGE ( 'NONE', *, *, #3167, .F. ) ;
#725 = CARTESIAN_POINT ( 'NONE',  ( 411.1505678623203200, 98.44167827131050800, -14.84999999999996400 ) ) ;
#726 = AXIS2_PLACEMENT_3D ( 'NONE', #2113, #2125, #2142 ) ;
#727 = ADVANCED_FACE ( 'NONE', ( #2877 ), #5360, .T. ) ;
#728 = VERTEX_POINT ( 'NONE', #4811 ) ;
#729 = CC_DESIGN_DATE_AND_TIME_ASSIGNMENT ( #2645, #3721, ( #7860 ) ) ;
#730 = DIRECTION ( 'NONE',  ( -1.734723475976709300E-015, 9.629649721935494300E-029, 1.000000000000000000 ) ) ;
#731 = EDGE_LOOP ( 'NONE', ( #5166, #5252, #4964, #4980 ) ) ;
#732 = ORIENTED_EDGE ( 'NONE', *, *, #6904, .T. ) ;
#733 = VECTOR ( 'NONE', #3082, 1000.000000000000000 ) ;
#734 = DIRECTION ( 'NONE',  ( -1.000000000000000000, -1.102145718440136600E-016, 3.673819061467173300E-017 ) ) ;
#735 = EDGE_CURVE ( 'NONE', #4464, #5636, #7683, .T. ) ;
#736 = VECTOR ( 'NONE', #7321, 1000.000000000000100 ) ;
#737 = CARTESIAN_POINT ( 'NONE',  ( 408.6605678623203600, 98.28167827131049700, -3.699999999999946000 ) ) ;
#738 = ORIENTED_EDGE ( 'NONE', *, *, #231, .F. ) ;
#739 = CARTESIAN_POINT ( 'NONE',  ( 414.7905678622919900, 96.49167827131050500, -12.14999999999994900 ) ) ;
#740 = CARTESIAN_POINT ( 'NONE',  ( 406.0705678623203300, 100.3416782713104900, -3.849999999999949000 ) ) ;
#741 = ADVANCED_FACE ( 'NONE', ( #7518 ), #997, .T. ) ;
#742 = DIRECTION ( 'NONE',  ( 0.3162277660168217900, 0.0000000000000000000, 0.9486832980505192100 ) ) ;
#743 = DIRECTION ( 'NONE',  ( 0.0000000000000000000, 1.000000000000000000, 2.449212707644754500E-016 ) ) ;
#744 = LINE ( 'NONE', #3757, #2920 ) ;
#745 = ORIENTED_EDGE ( 'NONE', *, *, #6260, .F. ) ;
#746 = CARTESIAN_POINT ( 'NONE',  ( 400.9905678623202900, 97.80167827131055000, -14.84999999999995300 ) ) ;
#747 = EDGE_CURVE ( 'NONE', #6714, #5044, #7697, .T. ) ;
#748 = PLANE ( 'NONE',  #4380 ) ;
#749 = EDGE_LOOP ( 'NONE', ( #6938, #5407, #4091, #5099 ) ) ;
#750 = VECTOR ( 'NONE', #5428, 1000.000000000000000 ) ;
#751 = CARTESIAN_POINT ( 'NONE',  ( 404.1705678623203000, 100.3416782713105000, -4.649999999999955900 ) ) ;
#752 = CARTESIAN_POINT ( 'NONE',  ( 403.5305678623203100, 98.44167827131049400, -9.449999999999960200 ) ) ;
#753 = LINE ( 'NONE', #7666, #355 ) ;
#754 = DIRECTION ( 'NONE',  ( 0.0000000000000000000, 0.0000000000000000000, -1.000000000000000000 ) ) ;
#755 = ADVANCED_FACE ( 'NONE', ( #5609 ), #7962, .F. ) ;
#756 = ORIENTED_EDGE ( 'NONE', *, *, #221, .T. ) ;
#757 = FACE_OUTER_BOUND ( 'NONE', #2935, .T. ) ;
#758 = FACE_OUTER_BOUND ( 'NONE', #191, .T. ) ;
#759 = ORIENTED_EDGE ( 'NONE', *, *, #470, .F. ) ;
#760 = VECTOR ( 'NONE', #2646, 1000.000000000000000 ) ;
#761 = EDGE_CURVE ( 'NONE', #2436, #1905, #5669, .T. ) ;
#762 = CARTESIAN_POINT ( 'NONE',  ( 396.2905678623203000, 94.99167827131049100, -11.84999999999993700 ) ) ;
#763 = EDGE_CURVE ( 'NONE', #1864, #3239, #5302, .T. ) ;
#764 = CIRCLE ( 'NONE', #5959, 0.4999999999999449300 ) ;
#765 = ORIENTED_EDGE ( 'NONE', *, *, #3775, .F. ) ;
#766 = CARTESIAN_POINT ( 'NONE',  ( 409.1505678623203200, 100.4416782713105100, -3.549999999999988300 ) ) ;
#767 = CARTESIAN_POINT ( 'NONE',  ( 406.1905678623202800, 96.89167827131072400, -12.14999999999995800 ) ) ;
#768 = VERTEX_POINT ( 'NONE', #6827 ) ;
#769 = CARTESIAN_POINT ( 'NONE',  ( 401.6305678623202800, 98.44167827131050800, -3.849999999999945000 ) ) ;
#770 = CARTESIAN_POINT ( 'NONE',  ( 397.6170678623203100, 97.74167827131049100, -11.84999999999993700 ) ) ;
#771 = ADVANCED_FACE ( 'NONE', ( #4631 ), #6813, .T. ) ;
#772 = DIRECTION ( 'NONE',  ( -0.3162277660169020000, 0.0000000000000000000, -0.9486832980504924500 ) ) ;
#773 = EDGE_CURVE ( 'NONE', #6331, #4165, #4042, .T. ) ;
#774 = EDGE_CURVE ( 'NONE', #2332, #5729, #7530, .T. ) ;
#775 = LINE ( 'NONE', #6302, #4656 ) ;
#776 = CARTESIAN_POINT ( 'NONE',  ( 406.6409485527518100, 103.8416782713104700, -3.649999999999967500 ) ) ;
#777 = AXIS2_PLACEMENT_3D ( 'NONE', #104, #6149, #6561 ) ;
#778 = AXIS2_PLACEMENT_3D ( 'NONE', #2912, #2836, #2806 ) ;
#779 = DIRECTION ( 'NONE',  ( 0.3015113445777631300, -0.3015113445778469000, -0.9045340337332632400 ) ) ;
#780 = CARTESIAN_POINT ( 'NONE',  ( 403.5305678623203100, 100.9816782713105100, -3.849999999999956600 ) ) ;
#781 = ADVANCED_FACE ( 'NONE', ( #5102 ), #3877, .T. ) ;
#782 = EDGE_CURVE ( 'NONE', #7611, #1700, #2952, .T. ) ;
#783 = ORIENTED_EDGE ( 'NONE', *, *, #1559, .F. ) ;
#784 = EDGE_CURVE ( 'NONE', #1617, #2332, #3057, .T. ) ;
#785 = CARTESIAN_POINT ( 'NONE',  ( 406.5905678623203700, 96.49167827131054800, -12.14999999999988300 ) ) ;
#786 = CARTESIAN_POINT ( 'NONE',  ( 425.4405678623202800, 100.0416782713104700, -11.84999999999993700 ) ) ;
#787 = DIRECTION ( 'NONE',  ( 0.3162277660168276200, 3.872545315192756500E-016, -0.9486832980505173200 ) ) ;
#788 = CARTESIAN_POINT ( 'NONE',  ( 411.1505678623203200, 100.9816782713105100, -9.449999999999958400 ) ) ;
#789 = CARTESIAN_POINT ( 'NONE',  ( 400.9905678623202900, 100.3416782713105300, -14.84999999999995700 ) ) ;
#790 = VECTOR ( 'NONE', #1363, 1000.000000000000000 ) ;
#791 = VECTOR ( 'NONE', #6927, 1000.000000000000000 ) ;
#792 = LINE ( 'NONE', #4424, #5906 ) ;
#793 = ADVANCED_FACE ( 'NONE', ( #2234 ), #2043, .T. ) ;
#794 = FACE_OUTER_BOUND ( 'NONE', #1519, .T. ) ;
#795 = CARTESIAN_POINT ( 'NONE',  ( 406.6105678623203500, 97.90167827131051600, -3.549999999999912800 ) ) ;
#796 = DIRECTION ( 'NONE',  ( 1.000000000000000000, 1.064154322375103700E-047, -2.896588820980573400E-032 ) ) ;
#797 = DIRECTION ( 'NONE',  ( -0.0000000000000000000, 1.734723475977359100E-015, 1.000000000000000000 ) ) ;
#798 = EDGE_CURVE ( 'NONE', #3334, #5810, #2213, .T. ) ;
#799 = ORIENTED_EDGE ( 'NONE', *, *, #7695, .F. ) ;
#800 = ORIENTED_EDGE ( 'NONE', *, *, #4111, .F. ) ;
#801 = CARTESIAN_POINT ( 'NONE',  ( 408.6405678623202700, 96.14167827131049600, -3.550000000000002500 ) ) ;
#802 = ADVANCED_FACE ( 'NONE', ( #2898 ), #2240, .F. ) ;
#803 = CARTESIAN_POINT ( 'NONE',  ( 425.4405678623202800, 95.09167827131094000, -7.599999999999936600 ) ) ;
#804 = CARTESIAN_POINT ( 'NONE',  ( 406.5905678623204800, 96.89167827131059600, -12.14999999999988700 ) ) ;
#805 = CARTESIAN_POINT ( 'NONE',  ( 408.6105678623203500, 97.80167827131052100, -14.84999999999995300 ) ) ;
#806 = CARTESIAN_POINT ( 'NONE',  ( 401.4705678623203100, 98.39167827131051100, -3.699999999999946000 ) ) ;
#807 = DIRECTION ( 'NONE',  ( 1.000000000000000000, 0.0000000000000000000, 0.0000000000000000000 ) ) ;
#808 = ORIENTED_EDGE ( 'NONE', *, *, #2281, .F. ) ;
#809 = VERTEX_POINT ( 'NONE', #1378 ) ;
#810 = EDGE_CURVE ( 'NONE', #3191, #2609, #2984, .T. ) ;
#811 = ADVANCED_FACE ( 'NONE', ( #1843, #1242, #3138, #2140, #6757, #7361, #7067, #4416, #5100, #6476, #1680 ), #7785, .T. ) ;
#812 = CARTESIAN_POINT ( 'NONE',  ( 401.9305678623203400, 99.40167827131050200, -11.84999999999993700 ) ) ;
#813 = ORIENTED_EDGE ( 'NONE', *, *, #4941, .T. ) ;
#814 = ORIENTED_EDGE ( 'NONE', *, *, #3828, .T. ) ;
#815 = VERTEX_POINT ( 'NONE', #6397 ) ;
#816 = DIRECTION ( 'NONE',  ( -0.9486832980505172100, 0.0000000000000000000, -0.3162277660168275600 ) ) ;
#817 = VERTEX_POINT ( 'NONE', #4613 ) ;
#818 = EDGE_LOOP ( 'NONE', ( #6889, #5550, #1402, #1205 ) ) ;
#819 = DIRECTION ( 'NONE',  ( 0.3015113445777503100, -0.3015113445777084500, -0.9045340337333136500 ) ) ;
#820 = PLANE ( 'NONE',  #3803 ) ;
#821 = VERTEX_POINT ( 'NONE', #1204 ) ;
#822 = ORIENTED_EDGE ( 'NONE', *, *, #7774, .F. ) ;
#823 = LINE ( 'NONE', #6998, #856 ) ;
#824 = EDGE_CURVE ( 'NONE', #1177, #3334, #5899, .T. ) ;
#825 = DIRECTION ( 'NONE',  ( 0.3015113445777295500, 0.3015113445778132600, 0.9045340337332855600 ) ) ;
#826 = DIRECTION ( 'NONE',  ( 0.0000000000000000000, 0.0000000000000000000, 1.000000000000000000 ) ) ;
#827 = DIRECTION ( 'NONE',  ( 0.3015113445778849200, 0.3015113445777593500, -0.9045340337332519200 ) ) ;
#828 = AXIS2_PLACEMENT_3D ( 'NONE', #5084, #473, #2547 ) ;
#829 = AXIS2_PLACEMENT_3D ( 'NONE', #6824, #6747, #6743 ) ;
#830 = ORIENTED_EDGE ( 'NONE', *, *, #664, .T. ) ;
#831 = VECTOR ( 'NONE', #7249, 1000.000000000000000 ) ;
#832 = CARTESIAN_POINT ( 'NONE',  ( 409.2505678623202800, 100.9816782713105100, -4.649999999999955900 ) ) ;
#833 = VERTEX_POINT ( 'NONE', #5499 ) ;
#834 = DIRECTION ( 'NONE',  ( 1.000000000000000000, -1.224646799147353200E-016, 4.857313332014840000E-029 ) ) ;
#835 = ADVANCED_FACE ( 'NONE', ( #2157 ), #1018, .T. ) ;
#836 = CARTESIAN_POINT ( 'NONE',  ( 406.0148319310322300, 96.49167827131054800, -12.14999999999999300 ) ) ;
#837 = ADVANCED_FACE ( 'NONE', ( #7350 ), #7459, .T. ) ;
#838 = VERTEX_POINT ( 'NONE', #5342 ) ;
#839 = VERTEX_POINT ( 'NONE', #3614 ) ;
#840 = FACE_OUTER_BOUND ( 'NONE', #4564, .T. ) ;
#841 = PRODUCT ( '11091, SBH11-_BPC-D05-ST-_ _', '11091, SBH11-_BPC-D05-ST-_ _', '', ( #4997 ) ) ;
#842 = DIRECTION ( 'NONE',  ( 0.3162277660168217900, 0.0000000000000000000, -0.9486832980505192100 ) ) ;
#843 = VERTEX_POINT ( 'NONE', #5149 ) ;
#844 = DIRECTION ( 'NONE',  ( -1.000000000000000000, -1.224606353822377300E-016, -1.499660721822137400E-032 ) ) ;
#845 = CARTESIAN_POINT ( 'NONE',  ( 405.7705678623203200, 101.2816782713104800, -11.84999999999994800 ) ) ;
#846 = EDGE_CURVE ( 'NONE', #5725, #4646, #2977, .T. ) ;
#847 = VECTOR ( 'NONE', #6195, 1000.000000000000000 ) ;
#848 = LINE ( 'NONE', #2557, #204 ) ;
#849 = VERTEX_POINT ( 'NONE', #7082 ) ;
#850 = DIRECTION ( 'NONE',  ( 0.9486832980505192100, 7.745090630385779300E-017, 0.3162277660168217900 ) ) ;
#851 = DIRECTION ( 'NONE',  ( 7.347638122933105400E-017, -1.000000000000000000, 2.449212707644919700E-017 ) ) ;
#852 = ADVANCED_FACE ( 'NONE', ( #6845 ), #3546, .T. ) ;
#853 = DIRECTION ( 'NONE',  ( 0.3162277660168217900, 0.0000000000000000000, 0.9486832980505192100 ) ) ;
#854 = LINE ( 'NONE', #4283, #2670 ) ;
#855 = LINE ( 'NONE', #2108, #6200 ) ;
#856 = VECTOR ( 'NONE', #6977, 1000.000000000000000 ) ;
#857 = VECTOR ( 'NONE', #7730, 1000.000000000000000 ) ;
#858 = PLANE ( 'NONE',  #2832 ) ;
#859 = COORDINATED_UNIVERSAL_TIME_OFFSET ( 8, 0, .BEHIND. ) ;
#860 = DIRECTION ( 'NONE',  ( -1.224606353822377300E-016, 1.000000000000000000, -0.0000000000000000000 ) ) ;
#861 = CARTESIAN_POINT ( 'NONE',  ( 404.4705678623203100, 101.2816782713104800, -11.84999999999995900 ) ) ;
#862 = FACE_OUTER_BOUND ( 'NONE', #7623, .T. ) ;
#863 = CARTESIAN_POINT ( 'NONE',  ( 401.5305678623202500, 100.4416782713105400, -15.14999999999995800 ) ) ;
#864 = LINE ( 'NONE', #4699, #3356 ) ;
#865 = ADVANCED_FACE ( 'NONE', ( #7339 ), #6023, .T. ) ;
#866 = DIRECTION ( 'NONE',  ( 7.347638122933105400E-017, -1.000000000000000000, 2.449212707644919700E-017 ) ) ;
#867 = CARTESIAN_POINT ( 'NONE',  ( 401.6305678623202800, 100.8816782713105200, -15.14999999999995600 ) ) ;
#868 = EDGE_CURVE ( 'NONE', #7544, #5844, #2118, .T. ) ;
#869 = DIRECTION ( 'NONE',  ( -0.6882472016117184800, -0.6882472016116546500, 0.2294157338705542200 ) ) ;
#870 = VECTOR ( 'NONE', #1105, 1000.000000000000000 ) ;
#871 = ORIENTED_EDGE ( 'NONE', *, *, #4197, .T. ) ;
#872 = CARTESIAN_POINT ( 'NONE',  ( 409.2505678623203400, 98.39167827131051100, -14.99999999999995000 ) ) ;
#873 =( BOUNDED_SURFACE ( )  B_SPLINE_SURFACE ( 3, 3, ( 
 ( #6862, #5915, #6329, #3496 ),
 ( #6892, #3566, #6907, #6915 ),
 ( #3587, #6936, #3626, #3616 ),
 ( #3539, #6945, #6959, #3597 ) ),
 .UNSPECIFIED., .F., .F., .F. ) 
 B_SPLINE_SURFACE_WITH_KNOTS ( ( 4, 4 ),
 ( 4, 4 ),
 ( 0.0000000000000000000, 1.000000000000000000 ),
 ( 0.0000000000000000000, 1.000000000000000000 ),
 .UNSPECIFIED. ) 
 GEOMETRIC_REPRESENTATION_ITEM ( )  RATIONAL_B_SPLINE_SURFACE ( (
 ( 1.000000000000000000, 0.3333333333333102800, 0.3333333333333102800, 1.000000000000000000),
 ( 0.8047378541242780100, 0.2682459513747407800, 0.2682459513747407800, 0.8047378541242780100),
 ( 0.8047378541242780100, 0.2682459513747407800, 0.2682459513747407800, 0.8047378541242780100),
 ( 1.000000000000000000, 0.3333333333333102800, 0.3333333333333102800, 1.000000000000000000) ) ) 
 REPRESENTATION_ITEM ( '' )  SURFACE ( )  );
#874 = ADVANCED_FACE ( 'NONE', ( #5913 ), #4432, .F. ) ;
#875 = AXIS2_PLACEMENT_3D ( 'NONE', #3641, #3658, #3665 ) ;
#876 = CARTESIAN_POINT ( 'NONE',  ( 411.7905678623203000, 97.80167827131050700, -3.849999999999952600 ) ) ;
#877 = CARTESIAN_POINT ( 'NONE',  ( 406.1401871718889000, 103.7916782713104700, -11.84999999999993700 ) ) ;
#878 = EDGE_LOOP ( 'NONE', ( #6380, #4946, #7076, #1111 ) ) ;
#879 = VECTOR ( 'NONE', #4880, 1000.000000000000000 ) ;
#880 = DIRECTION ( 'NONE',  ( 0.3015113445778806500, 0.3015113445777550800, -0.9045340337332546900 ) ) ;
#881 = CARTESIAN_POINT ( 'NONE',  ( 410.6755678623202900, 97.65167827131048700, -11.79999999999995500 ) ) ;
#882 = ADVANCED_FACE ( 'NONE', ( #5905 ), #7091, .F. ) ;
#883 = PLANE ( 'NONE',  #5480 ) ;
#884 = VECTOR ( 'NONE', #1472, 1000.000000000000000 ) ;
#885 = AXIS2_PLACEMENT_3D ( 'NONE', #4220, #6761, #6854 ) ;
#886 = LINE ( 'NONE', #6092, #2180 ) ;
#887 = AXIS2_PLACEMENT_3D ( 'NONE', #4269, #1834, #4916 ) ;
#888 = CARTESIAN_POINT ( 'NONE',  ( 403.5305678623203100, 100.9816782713105000, -14.84999999999996100 ) ) ;
#889 = LINE ( 'NONE', #3762, #1893 ) ;
#890 = ADVANCED_FACE ( 'NONE', ( #7763 ), #3644, .T. ) ;
#891 = ADVANCED_FACE ( 'NONE', ( #6768 ), #4348, .F. ) ;
#892 = VECTOR ( 'NONE', #1281, 1000.000000000000000 ) ;
#893 = ORIENTED_EDGE ( 'NONE', *, *, #4235, .T. ) ;
#894 = DIRECTION ( 'NONE',  ( 0.0000000000000000000, -1.224606353822377500E-016, 1.000000000000000000 ) ) ;
#895 = ORIENTED_EDGE ( 'NONE', *, *, #6361, .F. ) ;
#896 = DIRECTION ( 'NONE',  ( 1.000000000000000000, -1.224606353822377300E-016, 1.499660721822137400E-032 ) ) ;
#897 = DIRECTION ( 'NONE',  ( -1.161763594557826000E-016, 0.9486832980505127700, -0.3162277660168412700 ) ) ;
#898 = PLANE ( 'NONE',  #7043 ) ;
#899 = ORIENTED_EDGE ( 'NONE', *, *, #717, .T. ) ;
#900 = ORIENTED_EDGE ( 'NONE', *, *, #306, .F. ) ;
#901 = EDGE_LOOP ( 'NONE', ( #4968, #433, #2909, #2421 ) ) ;
#902 = LINE ( 'NONE', #3827, #1598 ) ;
#903 = ADVANCED_FACE ( 'NONE', ( #2038 ), #295, .T. ) ;
#904 = DIRECTION ( 'NONE',  ( 0.0000000000000000000, 0.3162277660168412200, 0.9486832980505126600 ) ) ;
#905 = EDGE_LOOP ( 'NONE', ( #1401, #4913, #6647, #4218 ) ) ;
#906 = VERTEX_POINT ( 'NONE', #7607 ) ;
#907 = EDGE_LOOP ( 'NONE', ( #3701, #3569, #7282, #2924 ) ) ;
#908 = ORIENTED_EDGE ( 'NONE', *, *, #1521, .T. ) ;
#909 = VECTOR ( 'NONE', #6966, 1000.000000000000000 ) ;
#910 = VECTOR ( 'NONE', #2437, 999.9999999999998900 ) ;
#911 = DIRECTION ( 'NONE',  ( 1.000000000000000000, 0.0000000000000000000, 1.850371707708455700E-013 ) ) ;
#912 = CARTESIAN_POINT ( 'NONE',  ( 411.7905678623203000, 100.9816782713105100, -3.849999999999951700 ) ) ;
#913 = PLANE ( 'NONE',  #3328 ) ;
#914 = EDGE_CURVE ( 'NONE', #2332, #3061, #5484, .T. ) ;
#915 = EDGE_LOOP ( 'NONE', ( #6366, #6458, #6632, #7356 ) ) ;
#916 = ORIENTED_EDGE ( 'NONE', *, *, #4209, .T. ) ;
#917 = ORIENTED_EDGE ( 'NONE', *, *, #565, .F. ) ;
#918 = AXIS2_PLACEMENT_3D ( 'NONE', #3824, #5304, #7670 ) ;
#919 = VERTEX_POINT ( 'NONE', #445 ) ;
#920 = ORIENTED_EDGE ( 'NONE', *, *, #6822, .F. ) ;
#921 = CARTESIAN_POINT ( 'NONE',  ( 401.3105678623202800, 100.3916782713105200, -14.99999999999995000 ) ) ;
#922 = DIRECTION ( 'NONE',  ( 1.224606353822377300E-016, 1.000000000000000000, 0.0000000000000000000 ) ) ;
#923 = ORIENTED_EDGE ( 'NONE', *, *, #6668, .F. ) ;
#924 = ORIENTED_EDGE ( 'NONE', *, *, #3167, .T. ) ;
#925 = LINE ( 'NONE', #6182, #3905 ) ;
#926 = PLANE ( 'NONE',  #4659 ) ;
#927 = ORIENTED_EDGE ( 'NONE', *, *, #3259, .T. ) ;
#928 = EDGE_CURVE ( 'NONE', #2430, #3307, #7058, .T. ) ;
#929 = ORIENTED_EDGE ( 'NONE', *, *, #241, .F. ) ;
#930 = DIRECTION ( 'NONE',  ( 0.0000000000000000000, 0.0000000000000000000, -1.000000000000000000 ) ) ;
#931 = DIRECTION ( 'NONE',  ( -2.999321443644274900E-032, 1.224606353822377300E-016, -1.000000000000000000 ) ) ;
#932 = ORIENTED_EDGE ( 'NONE', *, *, #3289, .F. ) ;
#933 = CARTESIAN_POINT ( 'NONE',  ( 411.1505678623203200, 100.9816782713105100, -4.649999999999955900 ) ) ;
#934 = VECTOR ( 'NONE', #6391, 1000.000000000000000 ) ;
#935 = DIRECTION ( 'NONE',  ( -1.499660721822137700E-032, 1.000000000000000000, 1.224606353822377500E-016 ) ) ;
#936 = ORIENTED_EDGE ( 'NONE', *, *, #4198, .F. ) ;
#937 = DIRECTION ( 'NONE',  ( 0.0000000000000000000, 1.000000000000000000, 0.0000000000000000000 ) ) ;
#938 = EDGE_CURVE ( 'NONE', #2708, #299, #4912, .T. ) ;
#939 = CIRCLE ( 'NONE', #981, 0.2500000000000002200 ) ;
#940 = DIRECTION ( 'NONE',  ( 0.0000000000000000000, -0.3162277660168422700, 0.9486832980505124400 ) ) ;
#941 = DIRECTION ( 'NONE',  ( 0.0000000000000000000, -1.224606353822377500E-016, 1.000000000000000000 ) ) ;
#942 = LINE ( 'NONE', #2748, #7750 ) ;
#943 = CARTESIAN_POINT ( 'NONE',  ( 411.1505678623203200, 100.9816782713105100, -4.649999999999955900 ) ) ;
#944 = ORIENTED_EDGE ( 'NONE', *, *, #4804, .T. ) ;
#945 = ORIENTED_EDGE ( 'NONE', *, *, #525, .F. ) ;
#946 = CARTESIAN_POINT ( 'NONE',  ( 404.1705678623203000, 100.9816782713105100, -4.649999999999955900 ) ) ;
#947 = LINE ( 'NONE', #2262, #6451 ) ;
#948 = DIRECTION ( 'NONE',  ( 0.0000000000000000000, 1.224606353822377300E-016, -1.000000000000000000 ) ) ;
#949 = VECTOR ( 'NONE', #7647, 1000.000000000000000 ) ;
#950 = DIRECTION ( 'NONE',  ( 1.161763594557826500E-016, -0.9486832980505126600, -0.3162277660168414400 ) ) ;
#951 = VECTOR ( 'NONE', #4178, 1000.000000000000000 ) ;
#952 = CARTESIAN_POINT ( 'NONE',  ( 411.7905678623203000, 100.9816782713105100, -4.649999999999955900 ) ) ;
#953 = FACE_OUTER_BOUND ( 'NONE', #6338, .T. ) ;
#954 = DIRECTION ( 'NONE',  ( 1.000000000000000000, -1.224606353822377300E-016, 1.499660721822137400E-032 ) ) ;
#955 = VECTOR ( 'NONE', #7732, 1000.000000000000000 ) ;
#956 = CARTESIAN_POINT ( 'NONE',  ( 414.5905678623202600, 102.2916782713104900, -11.84999999999993600 ) ) ;
#957 = ORIENTED_EDGE ( 'NONE', *, *, #6351, .F. ) ;
#958 = CARTESIAN_POINT ( 'NONE',  ( 400.9905678623202900, 98.44167827131050800, -14.84999999999996400 ) ) ;
#959 = CARTESIAN_POINT ( 'NONE',  ( 406.0705678623203300, 100.9816782713105100, -4.649999999999955900 ) ) ;
#960 = DIRECTION ( 'NONE',  ( 1.224606353822377300E-016, 1.000000000000000000, 0.0000000000000000000 ) ) ;
#961 = CARTESIAN_POINT ( 'NONE',  ( 411.6905678623203400, 98.34167827131049900, -3.549999999999954100 ) ) ;
#962 = CARTESIAN_POINT ( 'NONE',  ( 401.6305678623202800, 100.9816782713105100, -4.649999999999955900 ) ) ;
#963 = VECTOR ( 'NONE', #866, 1000.000000000000000 ) ;
#964 = PERSON_AND_ORGANIZATION ( #2263, #7839 ) ;
#965 = DIRECTION ( 'NONE',  ( 0.3015113445777342100, 0.3015113445777760100, -0.9045340337332965500 ) ) ;
#966 = LINE ( 'NONE', #4262, #1943 ) ;
#967 = ADVANCED_FACE ( 'NONE', ( #1348 ), #6447, .T. ) ;
#968 = ORIENTED_EDGE ( 'NONE', *, *, #5723, .F. ) ;
#969 = PLANE ( 'NONE',  #6320 ) ;
#970 = DIRECTION ( 'NONE',  ( 0.9486832980504924500, 1.549018126077156100E-016, -0.3162277660169020000 ) ) ;
#971 = DIRECTION ( 'NONE',  ( 0.0000000000000000000, -0.3162277660168422700, 0.9486832980505124400 ) ) ;
#972 = DIRECTION ( 'NONE',  ( -1.000000000000000000, -1.499660721822137700E-032, -1.836494048521242700E-048 ) ) ;
#973 = ORIENTED_EDGE ( 'NONE', *, *, #4488, .T. ) ;
#974 = CARTESIAN_POINT ( 'NONE',  ( 404.4705678623203100, 98.74167827131049100, -11.84999999999995300 ) ) ;
#975 = ORIENTED_EDGE ( 'NONE', *, *, #1722, .F. ) ;
#976 = ORIENTED_EDGE ( 'NONE', *, *, #7699, .F. ) ;
#977 = CARTESIAN_POINT ( 'NONE',  ( 411.6905678623203400, 98.44167827131049400, -15.14999999999995600 ) ) ;
#978 = FACE_OUTER_BOUND ( 'NONE', #175, .T. ) ;
#979 = AXIS2_PLACEMENT_3D ( 'NONE', #2015, #2469, #1942 ) ;
#980 = LINE ( 'NONE', #3006, #7470 ) ;
#981 = AXIS2_PLACEMENT_3D ( 'NONE', #7331, #7326, #7319 ) ;
#982 = ORIENTED_EDGE ( 'NONE', *, *, #6076, .F. ) ;
#983 = CARTESIAN_POINT ( 'NONE',  ( 406.0705678623203300, 100.9816782713105000, -14.84999999999996100 ) ) ;
#984 = CARTESIAN_POINT ( 'NONE',  ( 409.2505678623202800, 97.80167827131050700, -14.84999999999996400 ) ) ;
#985 = EDGE_CURVE ( 'NONE', #3084, #3291, #2321, .T. ) ;
#986 = FACE_OUTER_BOUND ( 'NONE', #3482, .T. ) ;
#987 = DIRECTION ( 'NONE',  ( -0.0000000000000000000, -1.000000000000000000, -1.224606353822377300E-016 ) ) ;
#988 = VERTEX_POINT ( 'NONE', #7036 ) ;
#989 = LINE ( 'NONE', #3838, #715 ) ;
#990 = CARTESIAN_POINT ( 'NONE',  ( 406.0705678623203300, 97.80167827131050700, -3.649999999999955900 ) ) ;
#991 = CARTESIAN_POINT ( 'NONE',  ( 401.3105678623202800, 100.6616782713105200, -3.549999999999954500 ) ) ;
#992 = VECTOR ( 'NONE', #2383, 1000.000000000000000 ) ;
#993 = CARTESIAN_POINT ( 'NONE',  ( 406.5905678623203100, 102.2916782713104900, -11.84999999999982600 ) ) ;
#994 = CARTESIAN_POINT ( 'NONE',  ( 403.5305678623203100, 97.80167827131050700, -14.84999999999995300 ) ) ;
#995 = CC_DESIGN_SECURITY_CLASSIFICATION ( #6934, ( #4863 ) ) ;
#996 = ORIENTED_EDGE ( 'NONE', *, *, #441, .T. ) ;
#997 = PLANE ( 'NONE',  #2871 ) ;
#998 = ORIENTED_EDGE ( 'NONE', *, *, #3563, .T. ) ;
#999 = ORIENTED_EDGE ( 'NONE', *, *, #7071, .F. ) ;
#1000 = LINE ( 'NONE', #3684, #5331 ) ;
#1001 = VECTOR ( 'NONE', #4314, 1000.000000000000000 ) ;
#1002 = PLANE ( 'NONE',  #3849 ) ;
#1003 = ORIENTED_EDGE ( 'NONE', *, *, #292, .T. ) ;
#1004 = ORIENTED_EDGE ( 'NONE', *, *, #4342, .F. ) ;
#1005 = LINE ( 'NONE', #2434, #6920 ) ;
#1006 = PLANE ( 'NONE',  #5492 ) ;
#1007 = ADVANCED_FACE ( 'NONE', ( #3326 ), #1945, .T. ) ;
#1008 = DIRECTION ( 'NONE',  ( -1.499660721822137700E-032, 1.000000000000000000, 1.224606353822377500E-016 ) ) ;
#1009 = ORIENTED_EDGE ( 'NONE', *, *, #4211, .F. ) ;
#1010 = VERTEX_POINT ( 'NONE', #5207 ) ;
#1011 = ORIENTED_EDGE ( 'NONE', *, *, #6765, .F. ) ;
#1012 = DIRECTION ( 'NONE',  ( -0.3162277660168276700, 3.872545315192757500E-016, -0.9486832980505173200 ) ) ;
#1013 = VERTEX_POINT ( 'NONE', #7651 ) ;
#1014 = ORIENTED_EDGE ( 'NONE', *, *, #6581, .T. ) ;
#1015 = DIRECTION ( 'NONE',  ( 1.000000000000000000, 0.0000000000000000000, 3.469446951953226100E-015 ) ) ;
#1016 = CARTESIAN_POINT ( 'NONE',  ( 405.7705678623203200, 97.50167827131048200, -11.84999999999995200 ) ) ;
#1017 = CARTESIAN_POINT ( 'NONE',  ( 407.0105678623203900, 101.2816782713104800, -11.84999999999995900 ) ) ;
#1018 = PLANE ( 'NONE',  #3629 ) ;
#1019 = ADVANCED_FACE ( 'NONE', ( #7661 ), #2373, .T. ) ;
#1020 = ORIENTED_EDGE ( 'NONE', *, *, #2281, .T. ) ;
#1021 = ORIENTED_EDGE ( 'NONE', *, *, #4037, .F. ) ;
#1022 = LINE ( 'NONE', #5622, #4046 ) ;
#1023 = EDGE_LOOP ( 'NONE', ( #5635, #6429, #3773, #5351 ) ) ;
#1024 = DIRECTION ( 'NONE',  ( -1.000000000000000000, -1.224606353822377300E-016, -1.499660721822137400E-032 ) ) ;
#1025 = CARTESIAN_POINT ( 'NONE',  ( 411.1505678623203200, 98.44167827131050800, -9.449999999999960200 ) ) ;
#1026 = LINE ( 'NONE', #5693, #1182 ) ;
#1027 = CARTESIAN_POINT ( 'NONE',  ( 408.6405678623202700, 94.99167827131051900, -11.84999999999993700 ) ) ;
#1028 = DIRECTION ( 'NONE',  ( 0.0000000000000000000, -1.224606353822377500E-016, 1.000000000000000000 ) ) ;
#1029 = EDGE_CURVE ( 'NONE', #2994, #1617, #3131, .T. ) ;
#1030 = EDGE_LOOP ( 'NONE', ( #3520, #5593, #6039, #1615, #3419, #3527, #2454, #6398 ) ) ;
#1031 = ORIENTED_EDGE ( 'NONE', *, *, #5218, .F. ) ;
#1032 = VECTOR ( 'NONE', #7529, 1000.000000000000000 ) ;
#1033 = CARTESIAN_POINT ( 'NONE',  ( 411.7905678623203600, 98.39167827131051100, -14.99999999999995000 ) ) ;
#1034 = VECTOR ( 'NONE', #1288, 1000.000000000000000 ) ;
#1035 = ORIENTED_EDGE ( 'NONE', *, *, #4102, .T. ) ;
#1036 = DIRECTION ( 'NONE',  ( 1.224606353822377300E-016, -1.000000000000000000, -1.224606353822377300E-016 ) ) ;
#1037 = ORIENTED_EDGE ( 'NONE', *, *, #4856, .F. ) ;
#1038 = CARTESIAN_POINT ( 'NONE',  ( 411.7905678623203000, 98.44167827131050800, -14.84999999999996400 ) ) ;
#1039 = EDGE_LOOP ( 'NONE', ( #4194, #3199, #4663, #5703 ) ) ;
#1040 = LINE ( 'NONE', #4588, #5182 ) ;
#1041 = ADVANCED_FACE ( 'NONE', ( #3919 ), #6497, .T. ) ;
#1042 = EDGE_CURVE ( 'NONE', #2069, #5903, #7507, .T. ) ;
#1043 = EDGE_LOOP ( 'NONE', ( #2340, #3605, #1564, #4720 ) ) ;
#1044 = DIRECTION ( 'NONE',  ( -0.3015113445777788400, 0.3015113445778624400, -0.9045340337332528100 ) ) ;
#1045 = DIRECTION ( 'NONE',  ( 0.0000000000000000000, -1.224606353822377500E-016, 1.000000000000000000 ) ) ;
#1046 = CARTESIAN_POINT ( 'NONE',  ( 403.6305678623203300, 97.90167827131051600, -15.14999999999994700 ) ) ;
#1047 = AXIS2_PLACEMENT_3D ( 'NONE', #3947, #7487, #7694 ) ;
#1048 = VECTOR ( 'NONE', #1954, 1000.000000000000000 ) ;
#1049 = LINE ( 'NONE', #4998, #1074 ) ;
#1050 = ORIENTED_EDGE ( 'NONE', *, *, #6040, .T. ) ;
#1051 = CARTESIAN_POINT ( 'NONE',  ( 406.1205678623202900, 100.9816782713105100, -14.99999999999995000 ) ) ;
#1052 = CARTESIAN_POINT ( 'NONE',  ( 415.3905678623203200, 103.8016782713104900, -3.550000000000003800 ) ) ;
#1053 = CARTESIAN_POINT ( 'NONE',  ( 398.4405678623202800, 103.8416782713105000, -11.84999999999993700 ) ) ;
#1054 = LINE ( 'NONE', #7019, #110 ) ;
#1055 = VECTOR ( 'NONE', #7423, 1000.000000000000000 ) ;
#1056 = ORIENTED_EDGE ( 'NONE', *, *, #6510, .F. ) ;
#1057 = FACE_OUTER_BOUND ( 'NONE', #3962, .T. ) ;
#1058 = FACE_OUTER_BOUND ( 'NONE', #4502, .T. ) ;
#1059 = CARTESIAN_POINT ( 'NONE',  ( 401.6305678623202800, 100.9816782713105100, -14.84999999999996400 ) ) ;
#1060 = VERTEX_POINT ( 'NONE', #2707 ) ;
#1061 = DIRECTION ( 'NONE',  ( -1.000000000000000000, -1.499660721822137700E-032, -1.836494048521242700E-048 ) ) ;
#1062 = EDGE_CURVE ( 'NONE', #7191, #2593, #7148, .T. ) ;
#1063 = DIRECTION ( 'NONE',  ( -1.224606353822377300E-016, 1.000000000000000000, -0.0000000000000000000 ) ) ;
#1064 = CARTESIAN_POINT ( 'NONE',  ( 403.5305678623203100, 97.80167827131050700, -3.649999999999955900 ) ) ;
#1065 = FACE_OUTER_BOUND ( 'NONE', #2714, .T. ) ;
#1066 = LINE ( 'NONE', #1454, #4031 ) ;
#1067 = ADVANCED_FACE ( 'NONE', ( #3941 ), #2648, .T. ) ;
#1068 = CARTESIAN_POINT ( 'NONE',  ( 406.7105678623203700, 100.3416782713105000, -4.649999999999955900 ) ) ;
#1069 = PLANE ( 'NONE',  #6530 ) ;
#1070 = ORIENTED_EDGE ( 'NONE', *, *, #6387, .T. ) ;
#1071 = CARTESIAN_POINT ( 'NONE',  ( 406.6105678623202400, 98.44167827131049400, -15.14999999999995600 ) ) ;
#1072 = CARTESIAN_POINT ( 'NONE',  ( 416.4905678623202900, 101.0416782713104700, -5.449999999999960200 ) ) ;
#1073 = CARTESIAN_POINT ( 'NONE',  ( 411.1505678623203200, 98.44167827131049400, -3.649999999999955900 ) ) ;
#1074 = VECTOR ( 'NONE', #4890, 1000.000000000000000 ) ;
#1075 = DIRECTION ( 'NONE',  ( -1.161763594557826000E-016, 0.9486832980505127700, -0.3162277660168412700 ) ) ;
#1076 = LINE ( 'NONE', #7599, #3354 ) ;
#1077 = ORIENTED_EDGE ( 'NONE', *, *, #7195, .T. ) ;
#1078 = DIRECTION ( 'NONE',  ( 0.0000000000000000000, 0.3162277660168413800, -0.9486832980505125500 ) ) ;
#1079 = VECTOR ( 'NONE', #5953, 1000.000000000000100 ) ;
#1080 = DIRECTION ( 'NONE',  ( -0.3015113445777369800, -0.3015113445777788400, -0.9045340337332946600 ) ) ;
#1081 = CARTESIAN_POINT ( 'NONE',  ( 454.5670678623203600, 94.99167827131051900, -4.049999999999974100 ) ) ;
#1082 = VECTOR ( 'NONE', #4528, 1000.000000000000000 ) ;
#1083 = AXIS2_PLACEMENT_3D ( 'NONE', #7902, #5318, #1805 ) ;
#1084 = ORIENTED_EDGE ( 'NONE', *, *, #4741, .T. ) ;
#1085 = EDGE_LOOP ( 'NONE', ( #7543, #7501, #7620, #7789 ) ) ;
#1086 = AXIS2_PLACEMENT_3D ( 'NONE', #3791, #5012, #2452 ) ;
#1087 = FACE_OUTER_BOUND ( 'NONE', #4457, .T. ) ;
#1088 = CARTESIAN_POINT ( 'NONE',  ( 400.9905678623202900, 100.3416782713105100, -9.449999999999958400 ) ) ;
#1089 = CARTESIAN_POINT ( 'NONE',  ( 400.9905678623202900, 100.3416782713105100, -4.649999999999955900 ) ) ;
#1090 = DIRECTION ( 'NONE',  ( 0.9486832980505192100, -1.549018126077090500E-016, 0.3162277660168217900 ) ) ;
#1091 = EDGE_CURVE ( 'NONE', #2662, #1786, #7755, .T. ) ;
#1092 = ORIENTED_EDGE ( 'NONE', *, *, #3729, .T. ) ;
#1093 = LINE ( 'NONE', #5597, #1143 ) ;
#1094 = VECTOR ( 'NONE', #4513, 1000.000000000000000 ) ;
#1095 = CARTESIAN_POINT ( 'NONE',  ( 406.7105678623203700, 98.44167827131049400, -3.649999999999955900 ) ) ;
#1096 = CARTESIAN_POINT ( 'NONE',  ( 406.7105678623203700, 97.80167827131050700, -11.74999999999995700 ) ) ;
#1097 = DIRECTION ( 'NONE',  ( 0.0000000000000000000, -1.000000000000000000, 0.0000000000000000000 ) ) ;
#1098 = ORIENTED_EDGE ( 'NONE', *, *, #3153, .F. ) ;
#1099 = VERTEX_POINT ( 'NONE', #6575 ) ;
#1100 = EDGE_LOOP ( 'NONE', ( #924, #6805, #7187, #6896 ) ) ;
#1101 = EDGE_LOOP ( 'NONE', ( #197, #6466, #3968, #7204, #6788, #6930 ) ) ;
#1102 = ORIENTED_EDGE ( 'NONE', *, *, #441, .F. ) ;
#1103 = ORIENTED_EDGE ( 'NONE', *, *, #3155, .T. ) ;
#1104 = ADVANCED_FACE ( 'NONE', ( #42 ), #5332, .T. ) ;
#1105 = DIRECTION ( 'NONE',  ( 1.000000000000000000, 1.499660721822137700E-032, 1.836494048521242700E-048 ) ) ;
#1106 = EDGE_CURVE ( 'NONE', #1617, #7375, #7602, .T. ) ;
#1107 = ORIENTED_EDGE ( 'NONE', *, *, #1309, .F. ) ;
#1108 = ORIENTED_EDGE ( 'NONE', *, *, #761, .T. ) ;
#1109 = EDGE_LOOP ( 'NONE', ( #7407, #3577, #5037, #1882 ) ) ;
#1110 = CARTESIAN_POINT ( 'NONE',  ( 411.1505678623203200, 100.3416782713105000, -4.649999999999955900 ) ) ;
#1111 = ORIENTED_EDGE ( 'NONE', *, *, #6852, .T. ) ;
#1112 = CIRCLE ( 'NONE', #2561, 0.4999999999998061600 ) ;
#1113 = DIRECTION ( 'NONE',  ( 7.347638122933105400E-017, 1.000000000000000000, -2.449212707644919700E-017 ) ) ;
#1114 = VERTEX_POINT ( 'NONE', #6545 ) ;
#1115 = CARTESIAN_POINT ( 'NONE',  ( 414.3405678623202600, 103.7916782713104700, -3.649999999999948400 ) ) ;
#1116 = CARTESIAN_POINT ( 'NONE',  ( 401.3105678623202800, 97.90167827131054400, -15.14999999999995900 ) ) ;
#1117 = ORIENTED_EDGE ( 'NONE', *, *, #4179, .F. ) ;
#1118 = LINE ( 'NONE', #3523, #1227 ) ;
#1119 = LINE ( 'NONE', #4668, #3058 ) ;
#1120 = DIRECTION ( 'NONE',  ( 1.000000000000000000, 1.224606353822376800E-016, 4.498982165466411200E-032 ) ) ;
#1121 = VERTEX_POINT ( 'NONE', #6529 ) ;
#1122 = ADVANCED_FACE ( 'NONE', ( #6940 ), #6570, .T. ) ;
#1123 = ORIENTED_EDGE ( 'NONE', *, *, #386, .T. ) ;
#1124 = CALENDAR_DATE ( 2015, 1, 9 ) ;
#1125 = DIRECTION ( 'NONE',  ( -0.3162277660169020000, 0.0000000000000000000, 0.9486832980504924500 ) ) ;
#1126 = LINE ( 'NONE', #1629, #7486 ) ;
#1127 = EDGE_CURVE ( 'NONE', #4155, #1665, #7500, .T. ) ;
#1128 = DIRECTION ( 'NONE',  ( 0.0000000000000000000, 0.3162277660168412200, 0.9486832980505126600 ) ) ;
#1129 = VECTOR ( 'NONE', #4894, 1000.000000000000000 ) ;
#1130 = ORIENTED_EDGE ( 'NONE', *, *, #484, .F. ) ;
#1131 = CARTESIAN_POINT ( 'NONE',  ( 409.2505678623202800, 96.15167827131051600, -9.449999999999960200 ) ) ;
#1132 = CARTESIAN_POINT ( 'NONE',  ( 414.8405678623203100, 103.7916782713104700, -11.84999999999993600 ) ) ;
#1133 = VECTOR ( 'NONE', #1578, 1000.000000000000000 ) ;
#1134 = VECTOR ( 'NONE', #2953, 1000.000000000000000 ) ;
#1135 = VERTEX_POINT ( 'NONE', #5165 ) ;
#1136 = CARTESIAN_POINT ( 'NONE',  ( 411.1505678623203200, 97.80167827131050700, -11.74999999999995900 ) ) ;
#1137 = FACE_OUTER_BOUND ( 'NONE', #695, .T. ) ;
#1138 = AXIS2_PLACEMENT_3D ( 'NONE', #1874, #1937, #1963 ) ;
#1139 = DIRECTION ( 'NONE',  ( -0.0000000000000000000, -1.224606353822377300E-016, 1.000000000000000000 ) ) ;
#1140 = VECTOR ( 'NONE', #6901, 1000.000000000000000 ) ;
#1141 = APPROVAL ( #7, 'UNSPECIFIED' ) ;
#1142 = CARTESIAN_POINT ( 'NONE',  ( 414.5905678623203100, 96.49167827131050500, -11.84999999999994100 ) ) ;
#1143 = VECTOR ( 'NONE', #114, 1000.000000000000000 ) ;
#1144 = CARTESIAN_POINT ( 'NONE',  ( 406.3905678623203800, 96.49167827131054800, -12.14999999999992800 ) ) ;
#1145 = PLANE ( 'NONE',  #6675 ) ;
#1146 = EDGE_CURVE ( 'NONE', #1397, #1247, #3433, .T. ) ;
#1147 = CARTESIAN_POINT ( 'NONE',  ( 406.0705678623203300, 100.3416782713105000, -4.649999999999955900 ) ) ;
#1148 = CARTESIAN_POINT ( 'NONE',  ( 396.3140678623203100, 103.7916782713104700, -3.649999999999948400 ) ) ;
#1149 = LINE ( 'NONE', #6355, #6177 ) ;
#1150 = COORDINATED_UNIVERSAL_TIME_OFFSET ( 8, 0, .BEHIND. ) ;
#1151 = DIRECTION ( 'NONE',  ( -0.0000000000000000000, -1.000000000000000000, -3.673819061467132300E-016 ) ) ;
#1152 = ORIENTED_EDGE ( 'NONE', *, *, #4905, .T. ) ;
#1153 = CARTESIAN_POINT ( 'NONE',  ( 403.6905678623202800, 97.90167827131050200, -3.549999999999962100 ) ) ;
#1154 = CARTESIAN_POINT ( 'NONE',  ( 401.6305678623202800, 98.44167827131050800, -3.849999999999945500 ) ) ;
#1155 = DIRECTION ( 'NONE',  ( -0.0000000000000000000, 3.673819061467132300E-016, -1.000000000000000000 ) ) ;
#1156 = ADVANCED_FACE ( 'NONE', ( #3051 ), #7575, .T. ) ;
#1157 = ORIENTED_EDGE ( 'NONE', *, *, #7159, .F. ) ;
#1158 = FACE_OUTER_BOUND ( 'NONE', #4586, .T. ) ;
#1159 = ORIENTED_EDGE ( 'NONE', *, *, #221, .F. ) ;
#1160 = CARTESIAN_POINT ( 'NONE',  ( 400.6905678623203400, 99.40167827131050200, -11.84999999999993700 ) ) ;
#1161 = CARTESIAN_POINT ( 'NONE',  ( 409.2505678623202800, 98.44167827131049400, -3.649999999999955900 ) ) ;
#1162 = ORIENTED_EDGE ( 'NONE', *, *, #6301, .T. ) ;
#1163 = PLANE ( 'NONE',  #6334 ) ;
#1164 = EDGE_CURVE ( 'NONE', #6702, #1917, #6553, .T. ) ;
#1165 = EDGE_CURVE ( 'NONE', #7281, #5666, #6090, .T. ) ;
#1166 = ORIENTED_EDGE ( 'NONE', *, *, #4692, .F. ) ;
#1167 = AXIS2_PLACEMENT_3D ( 'NONE', #4389, #3601, #1791 ) ;
#1168 = DIRECTION ( 'NONE',  ( 0.9486832980505192100, 7.745090630385779300E-017, 0.3162277660168217900 ) ) ;
#1169 = FACE_OUTER_BOUND ( 'NONE', #7829, .T. ) ;
#1170 = DIRECTION ( 'NONE',  ( 1.224606353822377300E-016, -1.000000000000000000, -1.224606353822377300E-016 ) ) ;
#1171 = ADVANCED_FACE ( 'NONE', ( #757 ), #7504, .T. ) ;
#1172 = FACE_OUTER_BOUND ( 'NONE', #3258, .T. ) ;
#1173 = LINE ( 'NONE', #2067, #2899 ) ;
#1174 = LINE ( 'NONE', #1913, #7413 ) ;
#1175 = LINE ( 'NONE', #2581, #6239 ) ;
#1176 = CARTESIAN_POINT ( 'NONE',  ( 396.8905678623202700, 103.8016782713104900, -3.049999999999954500 ) ) ;
#1177 = VERTEX_POINT ( 'NONE', #6587 ) ;
#1178 = ADVANCED_FACE ( 'NONE', ( #7524 ), #7453, .T. ) ;
#1179 = ORIENTED_EDGE ( 'NONE', *, *, #3820, .T. ) ;
#1180 = ORIENTED_EDGE ( 'NONE', *, *, #5896, .T. ) ;
#1181 = EDGE_CURVE ( 'NONE', #7181, #4285, #1675, .T. ) ;
#1182 = VECTOR ( 'NONE', #7631, 1000.000000000000000 ) ;
#1183 = DIRECTION ( 'NONE',  ( 0.0000000000000000000, 1.224606353822377300E-016, -1.000000000000000000 ) ) ;
#1184 = CARTESIAN_POINT ( 'NONE',  ( 411.7905678623203600, 100.4416782713105100, -15.14999999999995600 ) ) ;
#1185 = ORIENTED_EDGE ( 'NONE', *, *, #5327, .T. ) ;
#1186 = AXIS2_PLACEMENT_3D ( 'NONE', #993, #937, #911 ) ;
#1187 = ORIENTED_EDGE ( 'NONE', *, *, #7335, .F. ) ;
#1188 = ORIENTED_EDGE ( 'NONE', *, *, #1517, .F. ) ;
#1189 = LINE ( 'NONE', #352, #56 ) ;
#1190 = DIRECTION ( 'NONE',  ( -3.872545315192789200E-017, -0.3162277660168406600, -0.9486832980505129900 ) ) ;
#1191 = DIRECTION ( 'NONE',  ( 0.0000000000000000000, 1.224606353822377300E-016, -1.000000000000000000 ) ) ;
#1192 = CARTESIAN_POINT ( 'NONE',  ( 411.1505678623203200, 97.80167827131050700, -3.649999999999955900 ) ) ;
#1193 = EDGE_CURVE ( 'NONE', #1331, #3977, #2779, .T. ) ;
#1194 = ORIENTED_EDGE ( 'NONE', *, *, #6053, .T. ) ;
#1195 = ORIENTED_EDGE ( 'NONE', *, *, #6522, .F. ) ;
#1196 = VERTEX_POINT ( 'NONE', #7508 ) ;
#1197 = ADVANCED_FACE ( 'NONE', ( #1137 ), #2884, .T. ) ;
#1198 = ORIENTED_EDGE ( 'NONE', *, *, #7814, .T. ) ;
#1199 = VERTEX_POINT ( 'NONE', #7360 ) ;
#1200 = AXIS2_PLACEMENT_3D ( 'NONE', #1444, #1485, #1500 ) ;
#1201 = LINE ( 'NONE', #4038, #3106 ) ;
#1202 = CARTESIAN_POINT ( 'NONE',  ( 404.1205678623202900, 100.5016782713105000, -3.699999999999946000 ) ) ;
#1203 = CARTESIAN_POINT ( 'NONE',  ( 408.7105678623203200, 98.12167827131050000, -3.549999999999954500 ) ) ;
#1204 = CARTESIAN_POINT ( 'NONE',  ( 406.0705678623203300, 98.44167827131049400, -14.84999999999996800 ) ) ;
#1205 = ORIENTED_EDGE ( 'NONE', *, *, #6016, .F. ) ;
#1206 = ORIENTED_EDGE ( 'NONE', *, *, #6766, .F. ) ;
#1207 = VECTOR ( 'NONE', #7244, 1000.000000000000000 ) ;
#1208 = CARTESIAN_POINT ( 'NONE',  ( 409.2505678623202800, 98.44167827131049400, -3.849999999999949900 ) ) ;
#1209 = EDGE_CURVE ( 'NONE', #6792, #7207, #6604, .T. ) ;
#1210 = FACE_OUTER_BOUND ( 'NONE', #7922, .T. ) ;
#1211 = DIRECTION ( 'NONE',  ( 0.0000000000000000000, 1.000000000000000000, 1.224606353822377300E-016 ) ) ;
#1212 = DIRECTION ( 'NONE',  ( -1.000000000000000000, -1.224606353822377300E-016, 1.499660721822137400E-032 ) ) ;
#1213 = ORIENTED_EDGE ( 'NONE', *, *, #4824, .F. ) ;
#1214 = ORIENTED_EDGE ( 'NONE', *, *, #6406, .T. ) ;
#1215 = VECTOR ( 'NONE', #5956, 1000.000000000000000 ) ;
#1216 = ADVANCED_FACE ( 'NONE', ( #4027 ), #2264, .F. ) ;
#1217 = VECTOR ( 'NONE', #4337, 1000.000000000000100 ) ;
#1218 = VERTEX_POINT ( 'NONE', #7425 ) ;
#1219 = DIRECTION ( 'NONE',  ( -4.814824860969618200E-029, 3.469446951954140800E-015, 1.000000000000000000 ) ) ;
#1220 = DIRECTION ( 'NONE',  ( 0.3162277660168217900, 0.0000000000000000000, -0.9486832980505192100 ) ) ;
#1221 = CARTESIAN_POINT ( 'NONE',  ( -0.4063905678623203100, 0.01184999999999993700, 0.09499167827131052600 ) ) ;
#1222 = ORIENTED_EDGE ( 'NONE', *, *, #6984, .T. ) ;
#1223 = FACE_OUTER_BOUND ( 'NONE', #3814, .T. ) ;
#1224 = DIRECTION ( 'NONE',  ( 0.0000000000000000000, 1.000000000000000000, 3.673819061467132300E-016 ) ) ;
#1225 = TOROIDAL_SURFACE ( 'NONE', #2741, 0.1999999999998669500, 0.2999999999999418100 ) ;
#1226 = DIRECTION ( 'NONE',  ( -4.814824860969618200E-029, 3.469446951954140800E-015, 1.000000000000000000 ) ) ;
#1227 = VECTOR ( 'NONE', #3410, 1000.000000000000100 ) ;
#1228 = CARTESIAN_POINT ( 'NONE',  ( 408.6405678623202700, 96.15167827131051600, -9.449999999999960200 ) ) ;
#1229 = CARTESIAN_POINT ( 'NONE',  ( 454.5670678623203600, 95.64167827131045400, -3.049999999999957600 ) ) ;
#1230 = FACE_OUTER_BOUND ( 'NONE', #5932, .T. ) ;
#1231 = ORIENTED_EDGE ( 'NONE', *, *, #7537, .T. ) ;
#1232 = CARTESIAN_POINT ( 'NONE',  ( 406.3905678623202700, 97.90167827131051600, -3.549999999999954500 ) ) ;
#1233 = DIRECTION ( 'NONE',  ( 0.0000000000000000000, 0.0000000000000000000, 1.000000000000000000 ) ) ;
#1234 = ORIENTED_EDGE ( 'NONE', *, *, #3692, .T. ) ;
#1235 = LINE ( 'NONE', #6722, #6540 ) ;
#1236 = CARTESIAN_POINT ( 'NONE',  ( 404.1705678623203000, 100.3416782713105100, -11.74999999999994100 ) ) ;
#1237 = LINE ( 'NONE', #6079, #7751 ) ;
#1238 = CARTESIAN_POINT ( 'NONE',  ( 414.5905678623203100, 96.49167827131050500, -12.14999999999994900 ) ) ;
#1239 = ADVANCED_FACE ( 'NONE', ( #2586 ), #3253, .T. ) ;
#1240 = ORIENTED_EDGE ( 'NONE', *, *, #3884, .F. ) ;
#1241 = CARTESIAN_POINT ( 'NONE',  ( 408.3105678623203400, 99.40167827131050200, -11.84999999999993700 ) ) ;
#1242 = FACE_BOUND ( 'NONE', #4227, .T. ) ;
#1243 = EDGE_LOOP ( 'NONE', ( #4772, #2178, #6438, #483 ) ) ;
#1244 = DIRECTION ( 'NONE',  ( 0.0000000000000000000, -1.000000000000000000, 0.0000000000000000000 ) ) ;
#1245 = CARTESIAN_POINT ( 'NONE',  ( 404.1705678623203000, 98.44167827131049400, -14.84999999999996200 ) ) ;
#1246 = DIRECTION ( 'NONE',  ( 1.000000000000000000, 0.0000000000000000000, 0.0000000000000000000 ) ) ;
#1247 = VERTEX_POINT ( 'NONE', #4878 ) ;
#1248 = VECTOR ( 'NONE', #4756, 1000.000000000000000 ) ;
#1249 = AXIS2_PLACEMENT_3D ( 'NONE', #5414, #5728, #5757 ) ;
#1250 = DIRECTION ( 'NONE',  ( 0.6882472016117019400, -0.6882472016116703000, -0.2294157338705567200 ) ) ;
#1251 = PLANE ( 'NONE',  #7153 ) ;
#1252 = CARTESIAN_POINT ( 'NONE',  ( 401.9305678623203400, 97.50167827131048200, -11.84999999999995700 ) ) ;
#1253 = LINE ( 'NONE', #795, #2519 ) ;
#1254 = CARTESIAN_POINT ( 'NONE',  ( 409.2505678623203400, 98.34167827131051400, -15.14999999999994900 ) ) ;
#1255 = CARTESIAN_POINT ( 'NONE',  ( 411.6905678623203400, 100.8816782713105100, -3.549999999999953600 ) ) ;
#1256 = ADVANCED_FACE ( 'NONE', ( #5874 ), #103, .T. ) ;
#1257 = DIRECTION ( 'NONE',  ( -1.000000000000000000, -4.498982165466410700E-032, -1.652844643669117400E-047 ) ) ;
#1258 = ADVANCED_FACE ( 'NONE', ( #3233 ), #4339, .T. ) ;
#1259 = CARTESIAN_POINT ( 'NONE',  ( 411.1505678623203200, 97.80167827131050700, -3.649999999999955900 ) ) ;
#1260 = DIRECTION ( 'NONE',  ( 3.872545315192724500E-017, 0.3162277660168353900, -0.9486832980505147700 ) ) ;
#1261 = ORIENTED_EDGE ( 'NONE', *, *, #6105, .T. ) ;
#1262 = VECTOR ( 'NONE', #2914, 1000.000000000000000 ) ;
#1263 = FACE_OUTER_BOUND ( 'NONE', #3700, .T. ) ;
#1264 = CARTESIAN_POINT ( 'NONE',  ( 409.2505678623202800, 97.80167827131050700, -9.449999999999960200 ) ) ;
#1265 = CARTESIAN_POINT ( 'NONE',  ( 400.9905678623202900, 100.9816782713105100, -4.649999999999955900 ) ) ;
#1266 = VERTEX_POINT ( 'NONE', #578 ) ;
#1267 = LINE ( 'NONE', #2689, #2974 ) ;
#1268 = LINE ( 'NONE', #1269, #4205 ) ;
#1269 = CARTESIAN_POINT ( 'NONE',  ( 400.9905678623202900, 98.44167827131050800, -11.74999999999994800 ) ) ;
#1270 = LINE ( 'NONE', #7096, #870 ) ;
#1271 = CARTESIAN_POINT ( 'NONE',  ( 411.7905678623203000, 100.9816782713105100, -11.74999999999996400 ) ) ;
#1272 = PERSON_AND_ORGANIZATION_ROLE ( 'creator' ) ;
#1273 = CARTESIAN_POINT ( 'NONE',  ( 411.2005678623202700, 100.9816782713105100, -14.99999999999995000 ) ) ;
#1274 = CARTESIAN_POINT ( 'NONE',  ( 400.9905678623202900, 100.3416782713105100, -4.649999999999955900 ) ) ;
#1275 = LINE ( 'NONE', #5230, #260 ) ;
#1276 = VECTOR ( 'NONE', #7878, 1000.000000000000000 ) ;
#1277 = DIRECTION ( 'NONE',  ( 0.0000000000000000000, -1.000000000000000000, -2.449212707644754500E-016 ) ) ;
#1278 = LINE ( 'NONE', #3551, #4935 ) ;
#1279 = ADVANCED_FACE ( 'NONE', ( #687 ), #2752, .T. ) ;
#1280 = DIRECTION ( 'NONE',  ( 1.224606353822377300E-016, -1.000000000000000000, 0.0000000000000000000 ) ) ;
#1281 = DIRECTION ( 'NONE',  ( 1.000000000000000000, 3.672988097042484200E-048, -2.999321443644274900E-032 ) ) ;
#1282 = DIRECTION ( 'NONE',  ( -0.0000000000000000000, -1.000000000000000000, -3.673819061467132300E-016 ) ) ;
#1283 = DIRECTION ( 'NONE',  ( 0.0000000000000000000, -1.224606353822377500E-016, 1.000000000000000000 ) ) ;
#1284 = FACE_OUTER_BOUND ( 'NONE', #2870, .T. ) ;
#1285 = ORIENTED_EDGE ( 'NONE', *, *, #6052, .T. ) ;
#1286 = ORIENTED_EDGE ( 'NONE', *, *, #3205, .T. ) ;
#1287 = ORIENTED_EDGE ( 'NONE', *, *, #4026, .F. ) ;
#1288 = DIRECTION ( 'NONE',  ( -1.000000000000000000, -3.672988097042484200E-048, 2.999321443644274900E-032 ) ) ;
#1289 = DIRECTION ( 'NONE',  ( 0.0000000000000000000, 0.9486832980505146600, 0.3162277660168353300 ) ) ;
#1290 = EDGE_CURVE ( 'NONE', #1060, #6137, #4812, .T. ) ;
#1291 = ORIENTED_EDGE ( 'NONE', *, *, #4369, .T. ) ;
#1292 = ORIENTED_EDGE ( 'NONE', *, *, #4546, .F. ) ;
#1293 = CARTESIAN_POINT ( 'NONE',  ( 408.6105678623203500, 100.3416782713104900, -9.449999999999958400 ) ) ;
#1294 = ORIENTED_EDGE ( 'NONE', *, *, #5118, .F. ) ;
#1295 = EDGE_LOOP ( 'NONE', ( #4704, #3391, #5631, #2757 ) ) ;
#1296 = CARTESIAN_POINT ( 'NONE',  ( 401.3105678623202800, 97.85167827131054700, -14.99999999999995000 ) ) ;
#1297 = LINE ( 'NONE', #326, #654 ) ;
#1298 = ADVANCED_FACE ( 'NONE', ( #5223 ), #1069, .T. ) ;
#1299 = CARTESIAN_POINT ( 'NONE',  ( 406.6105678623202400, 100.6616782713105100, -3.549999999999954500 ) ) ;
#1300 = CARTESIAN_POINT ( 'NONE',  ( 400.6905678623203400, 99.40167827131050200, -11.84999999999993700 ) ) ;
#1301 = PERSON_AND_ORGANIZATION_ROLE ( 'design_owner' ) ;
#1302 = ORIENTED_EDGE ( 'NONE', *, *, #3444, .F. ) ;
#1303 = ORIENTED_EDGE ( 'NONE', *, *, #3609, .T. ) ;
#1304 = ORIENTED_EDGE ( 'NONE', *, *, #7734, .F. ) ;
#1305 = ORIENTED_EDGE ( 'NONE', *, *, #6720, .T. ) ;
#1306 = VECTOR ( 'NONE', #437, 1000.000000000000000 ) ;
#1307 = DIRECTION ( 'NONE',  ( 3.018887740049135000E-048, -1.000000000000000000, 7.442132860549297500E-080 ) ) ;
#1308 = DIRECTION ( 'NONE',  ( 1.161763594557826500E-016, -0.9486832980505126600, -0.3162277660168414400 ) ) ;
#1309 = EDGE_CURVE ( 'NONE', #3291, #7305, #3816, .T. ) ;
#1310 = VERTEX_POINT ( 'NONE', #7942 ) ;
#1311 = ORIENTED_EDGE ( 'NONE', *, *, #4331, .T. ) ;
#1312 = DIRECTION ( 'NONE',  ( 1.000000000000000000, 0.0000000000000000000, 1.838806884535209800E-013 ) ) ;
#1313 = DIRECTION ( 'NONE',  ( 0.6882472016117188200, -0.6882472016116550900, -0.2294157338705517500 ) ) ;
#1314 = DIRECTION ( 'NONE',  ( 0.0000000000000000000, 0.3162277660168413800, -0.9486832980505125500 ) ) ;
#1315 = FACE_OUTER_BOUND ( 'NONE', #3467, .T. ) ;
#1316 = CARTESIAN_POINT ( 'NONE',  ( 404.1205678623202900, 98.12167827131051500, -14.99999999999995000 ) ) ;
#1317 = EDGE_LOOP ( 'NONE', ( #1050, #5431, #5473, #5939 ) ) ;
#1318 = ORIENTED_EDGE ( 'NONE', *, *, #357, .F. ) ;
#1319 = EDGE_LOOP ( 'NONE', ( #1808, #1573, #3037, #86 ) ) ;
#1320 = FACE_OUTER_BOUND ( 'NONE', #3741, .T. ) ;
#1321 = CARTESIAN_POINT ( 'NONE',  ( 403.5305678623203100, 97.80167827131050700, -3.849999999999948600 ) ) ;
#1322 = LINE ( 'NONE', #3732, #1781 ) ;
#1323 = ORIENTED_EDGE ( 'NONE', *, *, #3216, .T. ) ;
#1324 = CARTESIAN_POINT ( 'NONE',  ( 409.5505678623202900, 99.40167827131050200, -11.84999999999993700 ) ) ;
#1325 = DIRECTION ( 'NONE',  ( -1.000000000000000000, 1.158373461891642700E-063, -4.729574766111570900E-048 ) ) ;
#1326 = ADVANCED_FACE ( 'NONE', ( #5801 ), #3607, .T. ) ;
#1327 = CARTESIAN_POINT ( 'NONE',  ( 412.0905678623202600, 100.0416782713104700, -11.84999999999994600 ) ) ;
#1328 = DIRECTION ( 'NONE',  ( 0.0000000000000000000, 1.000000000000000000, 1.224606353822377300E-016 ) ) ;
#1329 = FACE_OUTER_BOUND ( 'NONE', #3325, .T. ) ;
#1330 = LINE ( 'NONE', #2061, #7845 ) ;
#1331 = VERTEX_POINT ( 'NONE', #1395 ) ;
#1332 = CARTESIAN_POINT ( 'NONE',  ( 411.7905678623203000, 100.9816782713105100, -4.649999999999955900 ) ) ;
#1333 = DATE_TIME_ROLE ( 'classification_date' ) ;
#1334 = AXIS2_PLACEMENT_3D ( 'NONE', #7341, #4280, #7253 ) ;
#1335 = AXIS2_PLACEMENT_3D ( 'NONE', #1229, #2267, #2278 ) ;
#1336 = FACE_OUTER_BOUND ( 'NONE', #3975, .T. ) ;
#1337 = ORIENTED_EDGE ( 'NONE', *, *, #5170, .T. ) ;
#1338 = LINE ( 'NONE', #549, #3536 ) ;
#1339 = CARTESIAN_POINT ( 'NONE',  ( 409.2505678623203400, 100.8816782713105100, -15.14999999999993800 ) ) ;
#1340 = CARTESIAN_POINT ( 'NONE',  ( 404.0705678623203300, 100.8816782713105100, -15.14999999999993500 ) ) ;
#1341 = ADVANCED_FACE ( 'NONE', ( #1057 ), #3672, .T. ) ;
#1342 = DIRECTION ( 'NONE',  ( -1.000000000000000000, -3.672988097042484200E-048, 2.999321443644274900E-032 ) ) ;
#1343 = LINE ( 'NONE', #7346, #1822 ) ;
#1344 = VECTOR ( 'NONE', #5710, 1000.000000000000000 ) ;
#1345 = CARTESIAN_POINT ( 'NONE',  ( 396.2905678623203000, 94.99167827131050500, -3.049999999999963000 ) ) ;
#1346 = ORIENTED_EDGE ( 'NONE', *, *, #5569, .F. ) ;
#1347 = PLANE ( 'NONE',  #5225 ) ;
#1348 = FACE_OUTER_BOUND ( 'NONE', #4295, .T. ) ;
#1349 = DIRECTION ( 'NONE',  ( 1.000000000000000000, 1.499660721822137700E-032, 1.836494048521242700E-048 ) ) ;
#1350 = VECTOR ( 'NONE', #5637, 1000.000000000000000 ) ;
#1351 = DIRECTION ( 'NONE',  ( -0.3162277660169020000, 0.0000000000000000000, -0.9486832980504924500 ) ) ;
#1352 = PLANE ( 'NONE',  #7900 ) ;
#1353 = ORIENTED_EDGE ( 'NONE', *, *, #4252, .F. ) ;
#1354 = ORIENTED_EDGE ( 'NONE', *, *, #4317, .T. ) ;
#1355 = AXIS2_PLACEMENT_3D ( 'NONE', #448, #526, #535 ) ;
#1356 = DIRECTION ( 'NONE',  ( 0.3015113445777622400, 0.3015113445777622400, 0.9045340337332918900 ) ) ;
#1357 = ORIENTED_EDGE ( 'NONE', *, *, #4060, .T. ) ;
#1358 = DIRECTION ( 'NONE',  ( -1.000000000000000000, -1.064154322375103700E-047, 2.896588820980573400E-032 ) ) ;
#1359 = VECTOR ( 'NONE', #2965, 1000.000000000000000 ) ;
#1360 = DIRECTION ( 'NONE',  ( -0.9486832980505192100, -1.549018126077090500E-016, 0.3162277660168217900 ) ) ;
#1361 = ORIENTED_EDGE ( 'NONE', *, *, #7383, .T. ) ;
#1362 = ADVANCED_FACE ( 'NONE', ( #2128 ), #4094, .T. ) ;
#1363 = DIRECTION ( 'NONE',  ( -0.0000000000000000000, -1.000000000000000000, -3.673819061467132300E-016 ) ) ;
#1364 = EDGE_CURVE ( 'NONE', #1905, #839, #5865, .T. ) ;
#1365 = VECTOR ( 'NONE', #7675, 1000.000000000000000 ) ;
#1366 = CARTESIAN_POINT ( 'NONE',  ( 397.9405678623202800, 103.7916782713104700, -3.649999999999948800 ) ) ;
#1367 = DIRECTION ( 'NONE',  ( 0.9486832980504924500, -7.745090630384469000E-017, -0.3162277660169020000 ) ) ;
#1368 = ORIENTED_EDGE ( 'NONE', *, *, #4179, .T. ) ;
#1369 = CARTESIAN_POINT ( 'NONE',  ( 406.3901871718888400, 103.8416782713104700, -3.649999999999967500 ) ) ;
#1370 = DIRECTION ( 'NONE',  ( -0.9486832980504924500, -7.745090630384469000E-017, -0.3162277660169020000 ) ) ;
#1371 = ORIENTED_EDGE ( 'NONE', *, *, #2451, .T. ) ;
#1372 = VECTOR ( 'NONE', #2402, 1000.000000000000000 ) ;
#1373 = DIRECTION ( 'NONE',  ( 1.000000000000000000, 3.672988097042484200E-048, -2.999321443644274900E-032 ) ) ;
#1374 = CARTESIAN_POINT ( 'NONE',  ( 406.0705678623203300, 100.3416782713105100, -14.84999999999996100 ) ) ;
#1375 = DIRECTION ( 'NONE',  ( 0.0000000000000000000, -0.3162277660168422700, 0.9486832980505124400 ) ) ;
#1376 = VECTOR ( 'NONE', #3275, 1000.000000000000000 ) ;
#1377 = ADVANCED_FACE ( 'NONE', ( #6388 ), #3465, .T. ) ;
#1378 = CARTESIAN_POINT ( 'NONE',  ( 408.7105678623203200, 100.4416782713105100, -15.14999999999992800 ) ) ;
#1379 = ORIENTED_EDGE ( 'NONE', *, *, #3396, .F. ) ;
#1380 = VERTEX_POINT ( 'NONE', #5169 ) ;
#1381 = CARTESIAN_POINT ( 'NONE',  ( 411.1505678623203200, 98.44167827131049400, -9.449999999999960200 ) ) ;
#1382 = DIRECTION ( 'NONE',  ( -3.962200009009077100E-049, -1.836909530733566100E-016, 1.000000000000000000 ) ) ;
#1383 = DIRECTION ( 'NONE',  ( 0.3162277660168217900, 0.0000000000000000000, 0.9486832980505192100 ) ) ;
#1384 = EDGE_LOOP ( 'NONE', ( #3541, #2687, #3691, #7817 ) ) ;
#1385 = EDGE_CURVE ( 'NONE', #7702, #7181, #1960, .T. ) ;
#1386 = LINE ( 'NONE', #1332, #7864 ) ;
#1387 = ORIENTED_EDGE ( 'NONE', *, *, #5709, .T. ) ;
#1388 = ORIENTED_EDGE ( 'NONE', *, *, #318, .T. ) ;
#1389 = EDGE_CURVE ( 'NONE', #5108, #1177, #5978, .T. ) ;
#1390 = LINE ( 'NONE', #2989, #1134 ) ;
#1391 = ADVANCED_FACE ( 'NONE', ( #5574 ), #2027, .T. ) ;
#1392 = CARTESIAN_POINT ( 'NONE',  ( 406.8905678623204900, 97.49167827131063300, -11.84999999999980200 ) ) ;
#1393 = CARTESIAN_POINT ( 'NONE',  ( 400.9905678623202900, 97.80167827131052100, -3.849999999999949500 ) ) ;
#1394 = DIRECTION ( 'NONE',  ( 0.0000000000000000000, -1.000000000000000000, -1.836909530733566100E-016 ) ) ;
#1395 = CARTESIAN_POINT ( 'NONE',  ( 397.6905678623202800, 102.2916782713104600, -11.84999999999993600 ) ) ;
#1396 = VERTEX_POINT ( 'NONE', #57 ) ;
#1397 = VERTEX_POINT ( 'NONE', #399 ) ;
#1398 = VECTOR ( 'NONE', #6439, 1000.000000000000000 ) ;
#1399 = AXIS2_PLACEMENT_3D ( 'NONE', #6277, #6279, #6296 ) ;
#1400 = DIRECTION ( 'NONE',  ( -1.224606353822377300E-016, -1.000000000000000000, -0.0000000000000000000 ) ) ;
#1401 = ORIENTED_EDGE ( 'NONE', *, *, #3692, .F. ) ;
#1402 = ORIENTED_EDGE ( 'NONE', *, *, #3859, .F. ) ;
#1403 = ORIENTED_EDGE ( 'NONE', *, *, #7517, .T. ) ;
#1404 = LINE ( 'NONE', #2612, #2874 ) ;
#1405 = PLANE ( 'NONE',  #4647 ) ;
#1406 = EDGE_CURVE ( 'NONE', #3001, #5051, #2222, .T. ) ;
#1407 = EDGE_CURVE ( 'NONE', #6091, #2384, #4526, .T. ) ;
#1408 = CARTESIAN_POINT ( 'NONE',  ( 408.9305678623202300, 98.34167827131049900, -3.549999999999954500 ) ) ;
#1409 = PLANE ( 'NONE',  #2574 ) ;
#1410 = ORIENTED_EDGE ( 'NONE', *, *, #6291, .T. ) ;
#1411 = ADVANCED_FACE ( 'NONE', ( #1840 ), #7707, .F. ) ;
#1412 = FACE_OUTER_BOUND ( 'NONE', #1463, .T. ) ;
#1413 = DATE_AND_TIME ( #5671, #7848 ) ;
#1414 = AXIS2_PLACEMENT_3D ( 'NONE', #1259, #6550, #4847 ) ;
#1415 = VECTOR ( 'NONE', #5214, 999.9999999999998900 ) ;
#1416 = PRODUCT_RELATED_PRODUCT_CATEGORY ( 'detail', '', ( #841 ) ) ;
#1417 = DIRECTION ( 'NONE',  ( -1.224606353822377300E-016, 1.000000000000000000, -0.0000000000000000000 ) ) ;
#1418 = CARTESIAN_POINT ( 'NONE',  ( 400.0605678623203400, 94.99167827131049100, -4.049999999999967800 ) ) ;
#1419 = EDGE_LOOP ( 'NONE', ( #3582, #5734 ) ) ;
#1420 = ADVANCED_FACE ( 'NONE', ( #5770 ), #189, .T. ) ;
#1421 = EDGE_CURVE ( 'NONE', #3922, #6589, #7847, .T. ) ;
#1422 = LINE ( 'NONE', #6204, #4505 ) ;
#1423 = EDGE_LOOP ( 'NONE', ( #1285, #4945, #3829, #945 ) ) ;
#1424 = DIRECTION ( 'NONE',  ( 1.000000000000000000, 1.499660721822137700E-032, 1.836494048521242700E-048 ) ) ;
#1425 = DIRECTION ( 'NONE',  ( 0.9486832980504924500, -7.745090630384469000E-017, -0.3162277660169020000 ) ) ;
#1426 = VERTEX_POINT ( 'NONE', #240 ) ;
#1427 = ADVANCED_FACE ( 'NONE', ( #2879 ), #2423, .T. ) ;
#1428 = CARTESIAN_POINT ( 'NONE',  ( 406.8905678623203800, 96.49167827131054800, -11.84999999999980600 ) ) ;
#1429 = LINE ( 'NONE', #571, #5010 ) ;
#1430 = VERTEX_POINT ( 'NONE', #385 ) ;
#1431 = CARTESIAN_POINT ( 'NONE',  ( 401.1505678623202600, 100.3916782713105100, -3.699999999999946000 ) ) ;
#1432 = EDGE_CURVE ( 'NONE', #4843, #4044, #1338, .T. ) ;
#1433 = PERSON_AND_ORGANIZATION ( #2263, #7839 ) ;
#1434 = CARTESIAN_POINT ( 'NONE',  ( 397.3905678623203200, 102.6416782713104800, -3.549999999999999400 ) ) ;
#1435 = VECTOR ( 'NONE', #4728, 1000.000000000000000 ) ;
#1436 = ORIENTED_EDGE ( 'NONE', *, *, #4993, .T. ) ;
#1437 = EDGE_LOOP ( 'NONE', ( #6798, #586, #6337, #7797 ) ) ;
#1438 = VECTOR ( 'NONE', #7538, 1000.000000000000000 ) ;
#1439 = CARTESIAN_POINT ( 'NONE',  ( 405.7705678623203200, 99.40167827131050200, -11.84999999999993700 ) ) ;
#1440 = PLANE ( 'NONE',  #1083 ) ;
#1441 = EDGE_CURVE ( 'NONE', #1708, #2994, #6651, .T. ) ;
#1442 = VECTOR ( 'NONE', #3454, 1000.000000000000000 ) ;
#1443 = ORIENTED_EDGE ( 'NONE', *, *, #5035, .T. ) ;
#1444 = CARTESIAN_POINT ( 'NONE',  ( 405.9205678623203000, 98.59667827131048100, -11.79999999999995500 ) ) ;
#1445 = VECTOR ( 'NONE', #5486, 1000.000000000000000 ) ;
#1446 = ORIENTED_EDGE ( 'NONE', *, *, #2386, .F. ) ;
#1447 = VECTOR ( 'NONE', #5545, 1000.000000000000000 ) ;
#1448 = ADVANCED_FACE ( 'NONE', ( #543 ), #4923, .T. ) ;
#1449 = LINE ( 'NONE', #2873, #7523 ) ;
#1450 = DIRECTION ( 'NONE',  ( -0.0000000000000000000, -1.000000000000000000, -3.673819061467132300E-016 ) ) ;
#1451 = VERTEX_POINT ( 'NONE', #5014 ) ;
#1452 = CARTESIAN_POINT ( 'NONE',  ( 401.4705678623203100, 100.9316782713105200, -3.699999999999946000 ) ) ;
#1453 = CARTESIAN_POINT ( 'NONE',  ( 404.0705678623203300, 97.90167827131050200, -3.549999999999959400 ) ) ;
#1454 = CARTESIAN_POINT ( 'NONE',  ( 397.9405678623202800, 103.8416782713105000, -11.84999999999993700 ) ) ;
#1455 = EDGE_CURVE ( 'NONE', #4233, #5083, #3470, .T. ) ;
#1456 = EDGE_CURVE ( 'NONE', #443, #2978, #446, .T. ) ;
#1457 = FACE_OUTER_BOUND ( 'NONE', #5329, .T. ) ;
#1458 = ADVANCED_FACE ( 'NONE', ( #3044 ), #3549, .T. ) ;
#1459 = VERTEX_POINT ( 'NONE', #4654 ) ;
#1460 = AXIS2_PLACEMENT_3D ( 'NONE', #959, #5266, #1599 ) ;
#1461 = PLANE ( 'NONE',  #1200 ) ;
#1462 = ADVANCED_FACE ( 'NONE', ( #5040 ), #3304, .F. ) ;
#1463 = EDGE_LOOP ( 'NONE', ( #7565, #1796, #1021, #6212 ) ) ;
#1464 = EDGE_CURVE ( 'NONE', #6686, #6702, #3066, .T. ) ;
#1465 = CARTESIAN_POINT ( 'NONE',  ( 408.6405678623202700, 94.99167827131049100, -3.049999999999956700 ) ) ;
#1466 = CARTESIAN_POINT ( 'NONE',  ( 415.8905678623203800, 103.1416782713105100, -3.049999999999955000 ) ) ;
#1467 = CARTESIAN_POINT ( 'NONE',  ( 414.5905678623202600, 102.0916782713106100, -11.85000000000012600 ) ) ;
#1468 = DIRECTION ( 'NONE',  ( -1.000000000000000000, -0.0000000000000000000, 0.0000000000000000000 ) ) ;
#1469 = LINE ( 'NONE', #1245, #2247 ) ;
#1470 = VERTEX_POINT ( 'NONE', #3702 ) ;
#1471 = CARTESIAN_POINT ( 'NONE',  ( 411.6905678623203400, 98.28167827131049700, -3.549999999999954100 ) ) ;
#1472 = DIRECTION ( 'NONE',  ( 1.224606353822377300E-016, 1.000000000000000000, 0.0000000000000000000 ) ) ;
#1474 = ADVANCED_FACE ( 'NONE', ( #4217 ), #2583, .T. ) ;
#1473 = PLANE ( 'NONE',  #5323 ) ;
#1475 = EDGE_CURVE ( 'NONE', #1905, #559, #3336, .T. ) ;
#1476 = DIRECTION ( 'NONE',  ( 0.0000000000000000000, 0.0000000000000000000, 1.000000000000000000 ) ) ;
#1477 = CARTESIAN_POINT ( 'NONE',  ( 401.5805678623202700, 97.96167827131053200, -3.699999999999946000 ) ) ;
#1478 = ADVANCED_FACE ( 'NONE', ( #1548 ), #4446, .T. ) ;
#1479 = ORIENTED_EDGE ( 'NONE', *, *, #3585, .F. ) ;
#1480 = EDGE_LOOP ( 'NONE', ( #3638, #3610, #5077, #4893 ) ) ;
#1481 = LINE ( 'NONE', #1848, #3698 ) ;
#1482 = PLANE ( 'NONE',  #4713 ) ;
#1483 = CARTESIAN_POINT ( 'NONE',  ( 406.7105678623203700, 100.3416782713105000, -14.84999999999996100 ) ) ;
#1484 = VECTOR ( 'NONE', #4435, 1000.000000000000000 ) ;
#1485 = DIRECTION ( 'NONE',  ( 0.3162277660168280000, 3.872545315192758000E-016, -0.9486832980505171000 ) ) ;
#1486 = VERTEX_POINT ( 'NONE', #4676 ) ;
#1488 = EDGE_CURVE ( 'NONE', #2994, #5033, #7354, .T. ) ;
#1487 = CARTESIAN_POINT ( 'NONE',  ( 397.3905678623203200, 102.6416782713104800, -9.449999999999958400 ) ) ;
#1489 = ADVANCED_FACE ( 'NONE', ( #6835 ), #3403, .T. ) ;
#1490 = ORIENTED_EDGE ( 'NONE', *, *, #6668, .T. ) ;
#1491 = ORIENTED_EDGE ( 'NONE', *, *, #7488, .F. ) ;
#1492 = EDGE_CURVE ( 'NONE', #6030, #4975, #6372, .T. ) ;
#1493 = LINE ( 'NONE', #7399, #1055 ) ;
#1494 = CARTESIAN_POINT ( 'NONE',  ( 406.7105678623203700, 100.9816782713105100, -9.449999999999958400 ) ) ;
#1495 = ORIENTED_EDGE ( 'NONE', *, *, #6913, .F. ) ;
#1496 = EDGE_LOOP ( 'NONE', ( #5250, #4765, #183, #4959 ) ) ;
#1497 = ORIENTED_EDGE ( 'NONE', *, *, #263, .F. ) ;
#1498 = ORIENTED_EDGE ( 'NONE', *, *, #7745, .T. ) ;
#1499 = ORIENTED_EDGE ( 'NONE', *, *, #4026, .T. ) ;
#1500 = DIRECTION ( 'NONE',  ( -0.9486832980505171000, 0.0000000000000000000, -0.3162277660168280000 ) ) ;
#1501 = EDGE_CURVE ( 'NONE', #6019, #1623, #7580, .T. ) ;
#1502 = ORIENTED_EDGE ( 'NONE', *, *, #3521, .F. ) ;
#1503 = ORIENTED_EDGE ( 'NONE', *, *, #7000, .T. ) ;
#1504 = FACE_OUTER_BOUND ( 'NONE', #3111, .T. ) ;
#1505 = EDGE_CURVE ( 'NONE', #2046, #5729, #2498, .T. ) ;
#1506 = ORIENTED_EDGE ( 'NONE', *, *, #4556, .T. ) ;
#1507 = DIRECTION ( 'NONE',  ( 2.465190328815661900E-032, 0.0000000000000000000, -1.000000000000000000 ) ) ;
#1508 = ORIENTED_EDGE ( 'NONE', *, *, #5523, .F. ) ;
#1509 = PLANE ( 'NONE',  #2034 ) ;
#1510 = ADVANCED_FACE ( 'NONE', ( #2127 ), #2855, .T. ) ;
#1511 = VECTOR ( 'NONE', #1045, 1000.000000000000000 ) ;
#1512 = AXIS2_PLACEMENT_3D ( 'NONE', #6120, #2480, #2474 ) ;
#1513 = CARTESIAN_POINT ( 'NONE',  ( 411.2005678623202700, 98.44167827131049400, -14.99999999999995000 ) ) ;
#1514 = ORIENTED_EDGE ( 'NONE', *, *, #4591, .F. ) ;
#1515 = ORIENTED_EDGE ( 'NONE', *, *, #3998, .T. ) ;
#1516 = CARTESIAN_POINT ( 'NONE',  ( 406.1705678623203000, 97.90167827131051600, -15.14999999999994400 ) ) ;
#1517 = EDGE_CURVE ( 'NONE', #1013, #5108, #6022, .T. ) ;
#1518 = VECTOR ( 'NONE', #1621, 1000.000000000000000 ) ;
#1519 = EDGE_LOOP ( 'NONE', ( #5137, #6422, #507, #2196 ) ) ;
#1520 = DIRECTION ( 'NONE',  ( -1.000000000000000000, -1.499660721822137700E-032, -1.836494048521242700E-048 ) ) ;
#1521 = EDGE_CURVE ( 'NONE', #6019, #2436, #6206, .T. ) ;
#1522 = DIRECTION ( 'NONE',  ( 0.6882472016117315800, -0.6882472016116359900, 0.2294157338705705400 ) ) ;
#1523 = CARTESIAN_POINT ( 'NONE',  ( 405.8905678623201500, 96.49167827131054800, -12.02573593128807500 ) ) ;
#1524 = ORIENTED_EDGE ( 'NONE', *, *, #4856, .T. ) ;
#1525 = EDGE_LOOP ( 'NONE', ( #3760, #4105, #4972, #6780 ) ) ;
#1526 = AXIS2_PLACEMENT_3D ( 'NONE', #806, #5778, #1375 ) ;
#1527 = LINE ( 'NONE', #6989, #1032 ) ;
#1528 = PLANE ( 'NONE',  #3015 ) ;
#1529 = ORIENTED_EDGE ( 'NONE', *, *, #3226, .T. ) ;
#1530 = CARTESIAN_POINT ( 'NONE',  ( 411.2505678623202800, 97.90167827131051600, -15.14999999999996800 ) ) ;
#1531 = ORIENTED_EDGE ( 'NONE', *, *, #5523, .T. ) ;
#1532 = CARTESIAN_POINT ( 'NONE',  ( 406.0705678623203300, 98.44167827131049400, -9.449999999999960200 ) ) ;
#1533 = EDGE_CURVE ( 'NONE', #4044, #6686, #7513, .T. ) ;
#1534 = LINE ( 'NONE', #2555, #7300 ) ;
#1535 = LINE ( 'NONE', #4159, #5047 ) ;
#1536 = ADVANCED_FACE ( 'NONE', ( #6749 ), #2699, .T. ) ;
#1537 = ORIENTED_EDGE ( 'NONE', *, *, #1533, .F. ) ;
#1538 = CARTESIAN_POINT ( 'NONE',  ( 408.6105678623203500, 98.44167827131050800, -11.74999999999994500 ) ) ;
#1539 = DIRECTION ( 'NONE',  ( 7.347638122934556200E-017, -1.000000000000000000, 2.449212707644713000E-017 ) ) ;
#1540 = DIRECTION ( 'NONE',  ( 1.224606353822377300E-016, -1.000000000000000000, 0.0000000000000000000 ) ) ;
#1541 = DIRECTION ( 'NONE',  ( 0.0000000000000000000, 0.9486832980505127700, -0.3162277660168406100 ) ) ;
#1542 = ORIENTED_EDGE ( 'NONE', *, *, #6170, .T. ) ;
#1543 = FACE_OUTER_BOUND ( 'NONE', #605, .T. ) ;
#1544 = LINE ( 'NONE', #4059, #199 ) ;
#1545 = ORIENTED_EDGE ( 'NONE', *, *, #3738, .F. ) ;
#1546 = DIRECTION ( 'NONE',  ( 0.0000000000000000000, -1.000000000000000000, 3.469446951954285100E-015 ) ) ;
#1547 = EDGE_CURVE ( 'NONE', #5729, #1218, #6948, .T. ) ;
#1548 = FACE_OUTER_BOUND ( 'NONE', #1085, .T. ) ;
#1549 = LINE ( 'NONE', #7157, #536 ) ;
#1550 = CARTESIAN_POINT ( 'NONE',  ( 405.8905678623202100, 96.49167827131056200, -11.84999999999999300 ) ) ;
#1551 = CARTESIAN_POINT ( 'NONE',  ( 406.6605678623203600, 100.9816782713105100, -14.99999999999995000 ) ) ;
#1552 = LINE ( 'NONE', #1064, #2106 ) ;
#1553 = DIRECTION ( 'NONE',  ( -0.0000000000000000000, 1.734723475977359100E-015, 1.000000000000000000 ) ) ;
#1554 = VECTOR ( 'NONE', #880, 1000.000000000000100 ) ;
#1555 = ORIENTED_EDGE ( 'NONE', *, *, #7695, .T. ) ;
#1556 = FACE_OUTER_BOUND ( 'NONE', #2368, .T. ) ;
#1557 = CARTESIAN_POINT ( 'NONE',  ( 409.2505678623202800, 100.3416782713104900, -9.449999999999958400 ) ) ;
#1558 = PLANE ( 'NONE',  #1738 ) ;
#1559 = EDGE_CURVE ( 'NONE', #2951, #7702, #6748, .T. ) ;
#1560 = LINE ( 'NONE', #1989, #3912 ) ;
#1561 = EDGE_CURVE ( 'NONE', #6686, #7450, #6666, .T. ) ;
#1562 = DIRECTION ( 'NONE',  ( 0.9486832980504924500, -7.745090630384469000E-017, -0.3162277660169020000 ) ) ;
#1563 = LINE ( 'NONE', #3485, #6929 ) ;
#1564 = ORIENTED_EDGE ( 'NONE', *, *, #3688, .T. ) ;
#1565 = DIRECTION ( 'NONE',  ( -0.3162277660169020000, 0.0000000000000000000, -0.9486832980504924500 ) ) ;
#1566 = ORIENTED_EDGE ( 'NONE', *, *, #167, .F. ) ;
#1567 = AXIS2_PLACEMENT_3D ( 'NONE', #4932, #4966, #4991 ) ;
#1568 = CARTESIAN_POINT ( 'NONE',  ( 396.3140678623203100, 103.7916782713104700, -11.84999999999993700 ) ) ;
#1569 = CARTESIAN_POINT ( 'NONE',  ( 400.0405678623203600, 94.99167827131049100, -9.799999999999954500 ) ) ;
#1571 = ADVANCED_FACE ( 'NONE', ( #5494 ), #3745, .T. ) ;
#1570 = DIRECTION ( 'NONE',  ( 0.0000000000000000000, 0.0000000000000000000, 1.000000000000000000 ) ) ;
#1572 = CARTESIAN_POINT ( 'NONE',  ( 403.3805678623202800, 98.59667827131048100, -11.79999999999995500 ) ) ;
#1573 = ORIENTED_EDGE ( 'NONE', *, *, #5425, .F. ) ;
#1574 = EDGE_CURVE ( 'NONE', #4155, #7093, #5391, .T. ) ;
#1575 = EDGE_CURVE ( 'NONE', #2274, #4975, #7432, .T. ) ;
#1576 = VERTEX_POINT ( 'NONE', #912 ) ;
#1577 = DIRECTION ( 'NONE',  ( -2.999321443644274900E-032, 1.224606353822377300E-016, -1.000000000000000000 ) ) ;
#1578 = DIRECTION ( 'NONE',  ( 0.0000000000000000000, 1.000000000000000000, 3.673819061467132300E-016 ) ) ;
#1579 = CARTESIAN_POINT ( 'NONE',  ( 405.7705678623203200, 100.0416782713105200, -11.84999999999994500 ) ) ;
#1580 = FACE_OUTER_BOUND ( 'NONE', #423, .T. ) ;
#1581 = DIRECTION ( 'NONE',  ( -1.224606353822377300E-016, -1.000000000000000000, -0.0000000000000000000 ) ) ;
#1582 = CC_DESIGN_APPROVAL ( #1141, ( #7860 ) ) ;
#1583 = DIRECTION ( 'NONE',  ( 1.000000000000000000, 1.224606353822356300E-017, -3.673819061467103700E-017 ) ) ;
#1584 = DIRECTION ( 'NONE',  ( 3.872545315192768200E-017, 0.3162277660168385500, -0.9486832980505136600 ) ) ;
#1585 = EDGE_CURVE ( 'NONE', #6227, #7686, #4910, .T. ) ;
#1586 = DIRECTION ( 'NONE',  ( -1.000000000000000000, -1.224606353822377300E-016, 1.499660721822137400E-032 ) ) ;
#1587 = EDGE_LOOP ( 'NONE', ( #4828, #7133, #254, #3443 ) ) ;
#1588 = DIRECTION ( 'NONE',  ( 3.018887740049135000E-048, 1.000000000000000000, -7.442132860549297500E-080 ) ) ;
#1589 = VECTOR ( 'NONE', #557, 1000.000000000000000 ) ;
#1590 = VECTOR ( 'NONE', #1583, 1000.000000000000000 ) ;
#1591 = CARTESIAN_POINT ( 'NONE',  ( 413.2155678623203100, 97.80167827131053600, -11.74999999999994300 ) ) ;
#1592 = CARTESIAN_POINT ( 'NONE',  ( 415.3905678623203200, 97.74167827131049100, -11.84999999999993700 ) ) ;
#1593 = VECTOR ( 'NONE', #2667, 1000.000000000000000 ) ;
#1594 = EDGE_LOOP ( 'NONE', ( #5800, #6442, #799, #703 ) ) ;
#1595 = VERTEX_POINT ( 'NONE', #51 ) ;
#1596 = EDGE_LOOP ( 'NONE', ( #1999, #1706, #93, #1003 ) ) ;
#1597 = DIRECTION ( 'NONE',  ( 0.0000000000000000000, -1.224606353822377500E-016, 1.000000000000000000 ) ) ;
#1598 = VECTOR ( 'NONE', #3846, 1000.000000000000000 ) ;
#1599 = DIRECTION ( 'NONE',  ( 1.224606353822377300E-016, -1.000000000000000000, 0.0000000000000000000 ) ) ;
#1600 = DIRECTION ( 'NONE',  ( 1.232595164407831200E-032, -1.836909530733565600E-016, 1.000000000000000000 ) ) ;
#1601 = CARTESIAN_POINT ( 'NONE',  ( 403.6905678623202800, 100.3916782713105000, -3.699999999999946000 ) ) ;
#1602 = CARTESIAN_POINT ( 'NONE',  ( 414.5905678623203100, 103.8416782713105000, -7.749999999999943200 ) ) ;
#1603 = EDGE_LOOP ( 'NONE', ( #151, #5160, #3284, #4360 ) ) ;
#1604 = LINE ( 'NONE', #867, #892 ) ;
#1605 = CARTESIAN_POINT ( 'NONE',  ( 396.2905678623203000, 94.99167827131049100, -11.84999999999993700 ) ) ;
#1606 = ORIENTED_EDGE ( 'NONE', *, *, #6186, .F. ) ;
#1607 = ORIENTED_EDGE ( 'NONE', *, *, #5315, .T. ) ;
#1608 = LINE ( 'NONE', #2426, #910 ) ;
#1609 = CARTESIAN_POINT ( 'NONE',  ( 404.1705678623203000, 98.34167827131051400, -15.14999999999995600 ) ) ;
#1610 = DIRECTION ( 'NONE',  ( 0.0000000000000000000, 0.3162277660168412200, 0.9486832980505126600 ) ) ;
#1611 = PLANE ( 'NONE',  #7482 ) ;
#1612 = CARTESIAN_POINT ( 'NONE',  ( 396.8905678623202700, 95.64167827131045400, -3.049999999999960700 ) ) ;
#1613 = EDGE_CURVE ( 'NONE', #5362, #5775, #4619, .T. ) ;
#1614 = ORIENTED_EDGE ( 'NONE', *, *, #3542, .F. ) ;
#1615 = ORIENTED_EDGE ( 'NONE', *, *, #5434, .T. ) ;
#1616 = ORIENTED_EDGE ( 'NONE', *, *, #6904, .F. ) ;
#1617 = VERTEX_POINT ( 'NONE', #287 ) ;
#1618 = ADVANCED_FACE ( 'NONE', ( #5013 ), #667, .T. ) ;
#1619 = VECTOR ( 'NONE', #1358, 1000.000000000000000 ) ;
#1620 = AXIS2_PLACEMENT_3D ( 'NONE', #7766, #7680, #7655 ) ;
#1621 = DIRECTION ( 'NONE',  ( 1.224606353822377300E-016, -1.000000000000000000, 0.0000000000000000000 ) ) ;
#1622 = ORIENTED_EDGE ( 'NONE', *, *, #430, .T. ) ;
#1623 = VERTEX_POINT ( 'NONE', #477 ) ;
#1624 = DIRECTION ( 'NONE',  ( 0.0000000000000000000, -1.000000000000000000, 0.0000000000000000000 ) ) ;
#1625 = CARTESIAN_POINT ( 'NONE',  ( 409.2505678623203400, 100.9816782713105100, -9.449999999999958400 ) ) ;
#1626 = LINE ( 'NONE', #1532, #7124 ) ;
#1627 = AXIS2_PLACEMENT_3D ( 'NONE', #2428, #3107, #5432 ) ;
#1628 = ORIENTED_EDGE ( 'NONE', *, *, #190, .F. ) ;
#1629 = CARTESIAN_POINT ( 'NONE',  ( 411.1505678623203200, 100.9816782713105100, -11.74999999999994700 ) ) ;
#1630 = DIRECTION ( 'NONE',  ( -1.931059213987049200E-032, 2.449212707644754500E-016, -1.000000000000000000 ) ) ;
#1631 = DIRECTION ( 'NONE',  ( 1.000000000000000000, -0.0000000000000000000, 0.0000000000000000000 ) ) ;
#1632 = ORIENTED_EDGE ( 'NONE', *, *, #3997, .F. ) ;
#1633 = DIRECTION ( 'NONE',  ( 0.0000000000000000000, 2.449212707644755000E-016, -1.000000000000000000 ) ) ;
#1634 = LINE ( 'NONE', #7394, #934 ) ;
#1635 = DIRECTION ( 'NONE',  ( 0.0000000000000000000, -1.000000000000000000, -3.673819061467132300E-016 ) ) ;
#1636 = AXIS2_PLACEMENT_3D ( 'NONE', #6652, #7835, #4996 ) ;
#1637 = VECTOR ( 'NONE', #2355, 1000.000000000000000 ) ;
#1638 = CARTESIAN_POINT ( 'NONE',  ( 408.9305678623202300, 97.85167827131053300, -14.99999999999995000 ) ) ;
#1639 = ORIENTED_EDGE ( 'NONE', *, *, #541, .T. ) ;
#1640 = AXIS2_PLACEMENT_3D ( 'NONE', #2319, #2105, #2077 ) ;
#1641 = CARTESIAN_POINT ( 'NONE',  ( 403.2305678623203000, 101.2816782713104800, -11.84999999999994800 ) ) ;
#1642 = DIRECTION ( 'NONE',  ( 0.0000000000000000000, 1.000000000000000000, 1.224606353822377300E-016 ) ) ;
#1643 = CLOSED_SHELL ( 'NONE', ( #865, #2293, #7469, #4351, #4531, #1258, #1995, #3769, #5107, #1697, #5197, #6365, #11, #1391, #6219, #488, #2286, #1156, #6163, #1362, #3159, #6566, #3445, #6126, #2439, #1571, #238, #395, #1377, #7017, #2052, #7775, #6020, #2076, #2298, #5128, #4705, #3007, #5576, #5695, #4562, #837, #1458, #1178, #5466, #1171, #5738, #7770, #143, #384, #2546, #7903, #7934, #177, #1618, #1474, #1197, #6918, #5761, #431, #62, #2246, #3045, #2706, #148, #2679, #2111, #1007, #1104, #2095, #118, #6287, #5159, #6725, #551, #313, #802, #7961, #2508, #6838, #755, #1216, #680, #7023, #811, #7574, #3459, #1411, #3689, #5357, #1934, #4265, #4854, #5595, #4744, #891, #6446, #176, #508, #3120, #2969, #3937, #1462, #6067, #7737, #4275, #852, #7001, #2742, #1869, #5348, #6569, #5613, #1536, #657, #7597, #3648, #7621, #572, #7044, #2129, #1019, #3612, #7219, #5095, #3938, #3016, #890, #781, #5539, #370, #7506, #2588, #1279, #239, #5502, #4404, #3203, #4073, #2096, #3708, #6340, #727, #7436, #5309, #4984, #7868, #6619, #3898, #741, #1122, #1857, #4999, #2692, #1298, #74, #3502, #7364, #5019, #4748, #3850, #5055, #1789, #634, #5794, #3281, #1341, #6238, #3320, #4933, #3244, #793, #835, #1448, #1256, #6957, #4904, #2878, #1420, #2030, #3811, #6196, #7402, #5220, #2957, #249, #7451, #6401, #3100, #1041, #1489, #4125, #6762, #1975, #1847, #6445, #7223, #5136, #4896, #3076, #5779, #1067, #5819, #1898, #413, #1427, #3622, #2629, #3511, #7372, #225, #2523, #1326, #7606, #616, #4135, #3913, #1802, #7556, #6418, #4308, #214, #98, #771, #6555, #6879, #4517, #6605, #3733, #6965, #3555, #4525, #2012, #7332, #155, #2472, #967, #591, #1948, #3821, #7579, #5968, #6327, #4443, #6008, #1239, #5955, #2068, #7228, #874, #7539, #691, #198, #32, #3261, #903, #1828, #882, #49, #1655, #1510, #2729, #1478, #6119, #2398, #6660, #2655, #2868, #5702, #531, #6993, #5183, #6797, #15, #1842, #4232, #4487, #5818, #2060, #2618, #1915, #4548, #3321, #5660 ) ) ;
#1644 = DIRECTION ( 'NONE',  ( 1.000000000000000000, 3.672988097042484200E-048, -2.999321443644274900E-032 ) ) ;
#1645 = LINE ( 'NONE', #1783, #6905 ) ;
#1646 = CARTESIAN_POINT ( 'NONE',  ( 425.4405678623202800, 100.0416782713105200, -11.84999999999993700 ) ) ;
#1647 = EDGE_CURVE ( 'NONE', #2270, #4633, #3457, .T. ) ;
#1648 = PLANE ( 'NONE',  #6203 ) ;
#1649 = DIRECTION ( 'NONE',  ( -1.161763594557826000E-016, 0.9486832980505127700, -0.3162277660168412700 ) ) ;
#1650 = ORIENTED_EDGE ( 'NONE', *, *, #3820, .F. ) ;
#1651 = DIRECTION ( 'NONE',  ( -0.9486832980504924500, -7.745090630384469000E-017, -0.3162277660169020000 ) ) ;
#1652 = LINE ( 'NONE', #4131, #6345 ) ;
#1653 = DIRECTION ( 'NONE',  ( 1.000000000000000000, 3.672988097042484200E-048, -2.999321443644274900E-032 ) ) ;
#1654 = FACE_BOUND ( 'NONE', #7907, .T. ) ;
#1655 = ADVANCED_FACE ( 'NONE', ( #3716 ), #4885, .T. ) ;
#1656 = ORIENTED_EDGE ( 'NONE', *, *, #5317, .F. ) ;
#1657 = CARTESIAN_POINT ( 'NONE',  ( 406.1705678623203000, 100.4416782713105100, -3.549999999999946100 ) ) ;
#1658 = ORIENTED_EDGE ( 'NONE', *, *, #455, .F. ) ;
#1659 = VECTOR ( 'NONE', #6436, 1000.000000000000000 ) ;
#1660 = CARTESIAN_POINT ( 'NONE',  ( 401.6305678623202800, 100.3416782713105100, -3.849999999999952100 ) ) ;
#1661 = ORIENTED_EDGE ( 'NONE', *, *, #1127, .F. ) ;
#1662 = DIRECTION ( 'NONE',  ( 0.0000000000000000000, 1.000000000000000000, 2.449212707644754500E-016 ) ) ;
#1663 = DIRECTION ( 'NONE',  ( -0.0000000000000000000, -1.000000000000000000, -0.0000000000000000000 ) ) ;
#1664 = LINE ( 'NONE', #2598, #3807 ) ;
#1665 = VERTEX_POINT ( 'NONE', #106 ) ;
#1666 = VECTOR ( 'NONE', #6756, 1000.000000000000100 ) ;
#1667 = AXIS2_PLACEMENT_3D ( 'NONE', #6417, #3008, #3041 ) ;
#1668 = VECTOR ( 'NONE', #2617, 1000.000000000000000 ) ;
#1669 = ORIENTED_EDGE ( 'NONE', *, *, #6729, .T. ) ;
#1670 = DIRECTION ( 'NONE',  ( 1.000000000000000000, 1.224606353822377300E-016, 1.499660721822137400E-032 ) ) ;
#1671 = DIRECTION ( 'NONE',  ( 1.000000000000000000, 1.064154322375103700E-047, -2.896588820980573400E-032 ) ) ;
#1672 = CARTESIAN_POINT ( 'NONE',  ( 404.1705678623203000, 98.44167827131050800, -3.649999999999955900 ) ) ;
#1673 = CIRCLE ( 'NONE', #6777, 0.5000000000000559600 ) ;
#1674 = EDGE_LOOP ( 'NONE', ( #5189, #2903, #4325, #5791 ) ) ;
#1675 = LINE ( 'NONE', #7377, #6012 ) ;
#1676 = EDGE_CURVE ( 'NONE', #919, #815, #2961, .T. ) ;
#1677 = CARTESIAN_POINT ( 'NONE',  ( 407.0105678623203900, 101.2816782713104800, -11.84999999999996400 ) ) ;
#1678 = ORIENTED_EDGE ( 'NONE', *, *, #677, .F. ) ;
#1679 = AXIS2_PLACEMENT_3D ( 'NONE', #3728, #6734, #1328 ) ;
#1680 = FACE_BOUND ( 'NONE', #5371, .T. ) ;
#1681 = AXIS2_PLACEMENT_3D ( 'NONE', #7830, #7802, #7801 ) ;
#1682 = CARTESIAN_POINT ( 'NONE',  ( 411.2505678623202800, 100.4416782713105100, -3.549999999999951400 ) ) ;
#1683 = CARTESIAN_POINT ( 'NONE',  ( 401.6305678623202800, 100.9816782713105100, -3.849999999999949500 ) ) ;
#1684 = CARTESIAN_POINT ( 'NONE',  ( 404.1705678623203000, 100.9816782713105100, -14.84999999999995900 ) ) ;
#1685 = DIRECTION ( 'NONE',  ( -0.0000000000000000000, -0.0000000000000000000, 1.000000000000000000 ) ) ;
#1686 = DIRECTION ( 'NONE',  ( 0.0000000000000000000, 1.224606353822377300E-016, -1.000000000000000000 ) ) ;
#1687 = EDGE_CURVE ( 'NONE', #2442, #1451, #2770, .T. ) ;
#1688 = LINE ( 'NONE', #1271, #3742 ) ;
#1689 = CARTESIAN_POINT ( 'NONE',  ( 397.6170678623203100, 101.0416782713104700, -11.84999999999993700 ) ) ;
#1690 = CARTESIAN_POINT ( 'NONE',  ( 411.1505678623203200, 100.3416782713105000, -14.84999999999995900 ) ) ;
#1691 = LINE ( 'NONE', #375, #2750 ) ;
#1692 = DIRECTION ( 'NONE',  ( -0.3015113445777369800, -0.3015113445777788400, 0.9045340337332946600 ) ) ;
#1693 = CARTESIAN_POINT ( 'NONE',  ( 425.4405678623202800, 99.40167827131050200, -11.84999999999993700 ) ) ;
#1694 = ORIENTED_EDGE ( 'NONE', *, *, #4439, .F. ) ;
#1695 = ORIENTED_EDGE ( 'NONE', *, *, #3542, .T. ) ;
#1696 = LINE ( 'NONE', #2876, #27 ) ;
#1697 = ADVANCED_FACE ( 'NONE', ( #2058 ), #1528, .T. ) ;
#1698 = AXIS2_PLACEMENT_3D ( 'NONE', #3140, #5402, #5406 ) ;
#1699 = FACE_OUTER_BOUND ( 'NONE', #6257, .T. ) ;
#1700 = VERTEX_POINT ( 'NONE', #1557 ) ;
#1701 = VECTOR ( 'NONE', #322, 1000.000000000000000 ) ;
#1702 = LINE ( 'NONE', #4979, #4358 ) ;
#1703 = DIRECTION ( 'NONE',  ( -2.465190328815661900E-032, -0.0000000000000000000, 1.000000000000000000 ) ) ;
#1704 = DIRECTION ( 'NONE',  ( 0.6882472016117193700, -0.6882472016116557600, -0.2294157338705479500 ) ) ;
#1705 = CARTESIAN_POINT ( 'NONE',  ( 396.2905678623203000, 99.40167827131050200, -11.84999999999993700 ) ) ;
#1706 = ORIENTED_EDGE ( 'NONE', *, *, #3497, .F. ) ;
#1707 = EDGE_LOOP ( 'NONE', ( #5192, #3902, #7889, #1443 ) ) ;
#1708 = VERTEX_POINT ( 'NONE', #877 ) ;
#1709 = CARTESIAN_POINT ( 'NONE',  ( 406.3901871718888400, 103.8416782713104700, -12.43309518948451900 ) ) ;
#1710 = ORIENTED_EDGE ( 'NONE', *, *, #24, .F. ) ;
#1711 = DIRECTION ( 'NONE',  ( 0.0000000000000000000, 1.224606353822377300E-016, -1.000000000000000000 ) ) ;
#1712 = DIRECTION ( 'NONE',  ( -0.0000000000000000000, -0.0000000000000000000, 1.000000000000000000 ) ) ;
#1713 = VERTEX_POINT ( 'NONE', #1487 ) ;
#1714 = EDGE_LOOP ( 'NONE', ( #1231, #713, #6839, #6853 ) ) ;
#1715 = ORIENTED_EDGE ( 'NONE', *, *, #598, .T. ) ;
#1716 = ORIENTED_EDGE ( 'NONE', *, *, #6610, .F. ) ;
#1717 = CARTESIAN_POINT ( 'NONE',  ( 397.6170678623203100, 99.40167827131050200, -11.84999999999993700 ) ) ;
#1718 = DIRECTION ( 'NONE',  ( 0.0000000000000000000, -0.3162277660168422700, 0.9486832980505124400 ) ) ;
#1719 = CARTESIAN_POINT ( 'NONE',  ( 411.4705678623202500, 98.34167827131049900, -3.549999999999954500 ) ) ;
#1720 = PLANE ( 'NONE',  #3231 ) ;
#1721 = DIRECTION ( 'NONE',  ( 3.872545315192789200E-017, -0.3162277660168406600, -0.9486832980505129900 ) ) ;
#1722 = EDGE_CURVE ( 'NONE', #3873, #4774, #2814, .T. ) ;
#1723 = ORIENTED_EDGE ( 'NONE', *, *, #6358, .T. ) ;
#1724 = DIRECTION ( 'NONE',  ( -0.3162277660169020000, 0.0000000000000000000, 0.9486832980504924500 ) ) ;
#1725 = LINE ( 'NONE', #3413, #3350 ) ;
#1726 = EDGE_LOOP ( 'NONE', ( #323, #4144, #3878, #5868 ) ) ;
#1727 = AXIS2_PLACEMENT_3D ( 'NONE', #3674, #3713, #3724 ) ;
#1728 = CARTESIAN_POINT ( 'NONE',  ( 414.5905678623202600, 101.7916782713106700, -11.84999999999993600 ) ) ;
#1729 = PLANE ( 'NONE',  #2041 ) ;
#1730 = ORIENTED_EDGE ( 'NONE', *, *, #194, .F. ) ;
#1731 = ORIENTED_EDGE ( 'NONE', *, *, #1575, .T. ) ;
#1732 = LINE ( 'NONE', #5275, #6917 ) ;
#1733 = EDGE_CURVE ( 'NONE', #2379, #1807, #2147, .T. ) ;
#1734 = DIRECTION ( 'NONE',  ( 0.0000000000000000000, 1.000000000000000000, 2.449212707644754500E-016 ) ) ;
#1735 = CARTESIAN_POINT ( 'NONE',  ( 406.6105678623202900, 100.8816782713105100, -3.549999999999935000 ) ) ;
#1736 = ORIENTED_EDGE ( 'NONE', *, *, #5057, .T. ) ;
#1737 =( BOUNDED_CURVE ( )  B_SPLINE_CURVE ( 3, ( #5694, #5769, #5814, #5830 ),
 .UNSPECIFIED., .F., .T. ) 
 B_SPLINE_CURVE_WITH_KNOTS ( ( 4, 4 ),
 ( 0.0000000000000000000, 1.000000000000000000 ),
 .UNSPECIFIED. ) 
 CURVE ( )  GEOMETRIC_REPRESENTATION_ITEM ( )  RATIONAL_B_SPLINE_CURVE ( ( 1.000000000000000000, 0.3333333333333564600, 0.3333333333333564600, 1.000000000000000000 ) ) 
 REPRESENTATION_ITEM ( '' )  );
#1738 = AXIS2_PLACEMENT_3D ( 'NONE', #1202, #1168, #1220 ) ;
#1739 = LINE ( 'NONE', #7938, #5754 ) ;
#1740 = CC_DESIGN_PERSON_AND_ORGANIZATION_ASSIGNMENT ( #964, #1301, ( #841 ) ) ;
#1741 = LINE ( 'NONE', #3415, #7569 ) ;
#1742 = EDGE_LOOP ( 'NONE', ( #6293, #7009, #5445, #403 ) ) ;
#1743 = ORIENTED_EDGE ( 'NONE', *, *, #160, .F. ) ;
#1744 = CARTESIAN_POINT ( 'NONE',  ( 406.7105678623203700, 100.9816782713105100, -4.649999999999955900 ) ) ;
#1745 = CARTESIAN_POINT ( 'NONE',  ( 409.1505678623204300, 100.4416782713105100, -3.549999999999964700 ) ) ;
#1746 = DIRECTION ( 'NONE',  ( 1.161763594557826500E-016, -0.9486832980505126600, -0.3162277660168414400 ) ) ;
#1747 = FACE_OUTER_BOUND ( 'NONE', #7291, .T. ) ;
#1748 = DIRECTION ( 'NONE',  ( 0.0000000000000000000, -1.000000000000000000, -3.673819061467132300E-016 ) ) ;
#1749 = LINE ( 'NONE', #7167, #2155 ) ;
#1750 = VERTEX_POINT ( 'NONE', #2255 ) ;
#1751 = VECTOR ( 'NONE', #3786, 1000.000000000000000 ) ;
#1752 = LINE ( 'NONE', #1609, #5096 ) ;
#1753 = ORIENTED_EDGE ( 'NONE', *, *, #125, .F. ) ;
#1754 = DATE_AND_TIME ( #6147, #3799 ) ;
#1755 = DIRECTION ( 'NONE',  ( 0.0000000000000000000, 0.3162277660168413800, -0.9486832980505125500 ) ) ;
#1756 = FACE_OUTER_BOUND ( 'NONE', #1423, .T. ) ;
#1757 = ORIENTED_EDGE ( 'NONE', *, *, #7457, .T. ) ;
#1758 = DIRECTION ( 'NONE',  ( 0.3015113445777493100, -0.3015113445777493100, -0.9045340337333004400 ) ) ;
#1759 = AXIS2_PLACEMENT_3D ( 'NONE', #5547, #5591, #5614 ) ;
#1760 = FACE_OUTER_BOUND ( 'NONE', #2866, .T. ) ;
#1761 = ORIENTED_EDGE ( 'NONE', *, *, #482, .T. ) ;
#1762 = FACE_OUTER_BOUND ( 'NONE', #5809, .T. ) ;
#1763 = DIRECTION ( 'NONE',  ( -1.499660721822137700E-032, 1.000000000000000000, 1.224606353822377500E-016 ) ) ;
#1764 = CARTESIAN_POINT ( 'NONE',  ( 404.4705678623203100, 101.2816782713104800, -11.84999999999994800 ) ) ;
#1765 = LINE ( 'NONE', #5413, #3656 ) ;
#1766 = DIRECTION ( 'NONE',  ( 0.0000000000000000000, -0.3162277660168418800, -0.9486832980505124400 ) ) ;
#1767 = VECTOR ( 'NONE', #6935, 1000.000000000000000 ) ;
#1768 = CARTESIAN_POINT ( 'NONE',  ( 398.1905678623203400, 96.49167827131050500, -11.84999999999993900 ) ) ;
#1769 = VERTEX_POINT ( 'NONE', #4203 ) ;
#1770 = EDGE_CURVE ( 'NONE', #4085, #2754, #137, .T. ) ;
#1771 = VECTOR ( 'NONE', #6952, 1000.000000000000000 ) ;
#1772 = CARTESIAN_POINT ( 'NONE',  ( 400.9905678623202900, 97.80167827131052100, -3.649999999999955900 ) ) ;
#1773 = CARTESIAN_POINT ( 'NONE',  ( 400.9905678623202900, 100.9816782713105100, -14.84999999999997100 ) ) ;
#1774 = DIRECTION ( 'NONE',  ( -4.814824860969618200E-029, 3.469446951954140800E-015, 1.000000000000000000 ) ) ;
#1775 = ORIENTED_EDGE ( 'NONE', *, *, #13, .T. ) ;
#1776 = AXIS2_PLACEMENT_3D ( 'NONE', #5426, #5482, #5503 ) ;
#1777 = CARTESIAN_POINT ( 'NONE',  ( 406.5905678623203700, 102.2916782713105000, -12.14999999999987200 ) ) ;
#1778 = FACE_OUTER_BOUND ( 'NONE', #5859, .T. ) ;
#1779 = EDGE_LOOP ( 'NONE', ( #2723, #7559, #7722, #1294 ) ) ;
#1780 = AXIS2_PLACEMENT_3D ( 'NONE', #558, #787, #816 ) ;
#1781 = VECTOR ( 'NONE', #3748, 1000.000000000000000 ) ;
#1782 = PLANE ( 'NONE',  #266 ) ;
#1783 = CARTESIAN_POINT ( 'NONE',  ( 403.8505678623203000, 100.8816782713105100, -3.549999999999954500 ) ) ;
#1784 = CARTESIAN_POINT ( 'NONE',  ( 429.1670678623203200, 96.14167827131049600, -3.550000000000003400 ) ) ;
#1785 = ORIENTED_EDGE ( 'NONE', *, *, #3945, .F. ) ;
#1786 = VERTEX_POINT ( 'NONE', #3298 ) ;
#1787 = EDGE_LOOP ( 'NONE', ( #4689, #4393, #4563, #4589 ) ) ;
#1788 = FACE_OUTER_BOUND ( 'NONE', #3982, .T. ) ;
#1789 = ADVANCED_FACE ( 'NONE', ( #1556 ), #116, .T. ) ;
#1790 = PLANE ( 'NONE',  #4087 ) ;
#1791 = DIRECTION ( 'NONE',  ( 6.954761532542467200E-057, -1.000000000000000000, 3.469446951954140800E-015 ) ) ;
#1792 = ORIENTED_EDGE ( 'NONE', *, *, #5908, .F. ) ;
#1793 = ORIENTED_EDGE ( 'NONE', *, *, #6201, .T. ) ;
#1794 = ORIENTED_EDGE ( 'NONE', *, *, #4967, .F. ) ;
#1795 = LINE ( 'NONE', #7088, #5419 ) ;
#1796 = ORIENTED_EDGE ( 'NONE', *, *, #5951, .F. ) ;
#1797 = ORIENTED_EDGE ( 'NONE', *, *, #5236, .T. ) ;
#1798 = ORIENTED_EDGE ( 'NONE', *, *, #2232, .F. ) ;
#1799 = ORIENTED_EDGE ( 'NONE', *, *, #7363, .T. ) ;
#1800 = DIRECTION ( 'NONE',  ( -2.896588820980573400E-032, 3.673819061467132300E-016, -1.000000000000000000 ) ) ;
#1801 = LINE ( 'NONE', #1381, #1518 ) ;
#1802 = ADVANCED_FACE ( 'NONE', ( #2244 ), #2446, .T. ) ;
#1803 = VERTEX_POINT ( 'NONE', #2435 ) ;
#1804 = CARTESIAN_POINT ( 'NONE',  ( 397.9405678623202800, 103.7916782713104700, -11.84999999999993700 ) ) ;
#1805 = DIRECTION ( 'NONE',  ( 0.3162277660168217900, 0.0000000000000000000, 0.9486832980505192100 ) ) ;
#1806 = DIRECTION ( 'NONE',  ( -0.0000000000000000000, -1.000000000000000000, -0.0000000000000000000 ) ) ;
#1807 = VERTEX_POINT ( 'NONE', #1046 ) ;
#1808 = ORIENTED_EDGE ( 'NONE', *, *, #6396, .T. ) ;
#1809 = EDGE_CURVE ( 'NONE', #289, #170, #2023, .T. ) ;
#1810 = APPROVAL_DATE_TIME ( #132, #4173 ) ;
#1811 = DIRECTION ( 'NONE',  ( 0.9486832980505192100, -1.549018126077090500E-016, 0.3162277660168217900 ) ) ;
#1812 = ORIENTED_EDGE ( 'NONE', *, *, #406, .T. ) ;
#1813 = LINE ( 'NONE', #2006, #3222 ) ;
#1814 = DIRECTION ( 'NONE',  ( -0.9486832980505172100, 0.0000000000000000000, 0.3162277660168276200 ) ) ;
#1815 = CARTESIAN_POINT ( 'NONE',  ( 408.7105678623203700, 100.9816782713105100, -15.14999999999990800 ) ) ;
#1816 = PLANE ( 'NONE',  #4961 ) ;
#1817 = LINE ( 'NONE', #5963, #2028 ) ;
#1818 = DIRECTION ( 'NONE',  ( 0.3162277660168276700, 3.098036252154229900E-016, -0.9486832980505173200 ) ) ;
#1819 = EDGE_LOOP ( 'NONE', ( #3000, #205, #2071, #2288 ) ) ;
#1820 = CARTESIAN_POINT ( 'NONE',  ( 411.2505678623202800, 97.90167827131050200, -3.549999999999953600 ) ) ;
#1821 = ORIENTED_EDGE ( 'NONE', *, *, #7132, .T. ) ;
#1822 = VECTOR ( 'NONE', #6727, 1000.000000000000000 ) ;
#1823 = LINE ( 'NONE', #2008, #4954 ) ;
#1824 = ORIENTED_EDGE ( 'NONE', *, *, #7405, .F. ) ;
#1825 = DIRECTION ( 'NONE',  ( 1.000000000000000000, 3.672988097042484200E-048, -2.999321443644274900E-032 ) ) ;
#1826 = AXIS2_PLACEMENT_3D ( 'NONE', #6409, #6410, #6386 ) ;
#1827 = CARTESIAN_POINT ( 'NONE',  ( 405.8905678623203200, 97.49167827131076100, -11.84999999999999100 ) ) ;
#1828 = ADVANCED_FACE ( 'NONE', ( #7673 ), #3412, .T. ) ;
#1829 = DIRECTION ( 'NONE',  ( 0.0000000000000000000, 1.000000000000000000, 3.673819061467132300E-016 ) ) ;
#1830 = LINE ( 'NONE', #766, #4065 ) ;
#1831 = CARTESIAN_POINT ( 'NONE',  ( 403.2305678623203000, 97.50167827131048200, -11.84999999999994800 ) ) ;
#1832 = ORIENTED_EDGE ( 'NONE', *, *, #3809, .T. ) ;
#1833 = DIRECTION ( 'NONE',  ( 1.224606353822377300E-016, -1.000000000000000000, -1.224606353822377300E-016 ) ) ;
#1834 = DIRECTION ( 'NONE',  ( 0.7071067811865424700, -2.597782371215825100E-016, 0.7071067811865526800 ) ) ;
#1835 = DIRECTION ( 'NONE',  ( -0.6882472016116870700, 0.6882472016116870700, 0.2294157338705517200 ) ) ;
#1836 = DIRECTION ( 'NONE',  ( -0.9486832980505172100, 0.0000000000000000000, -0.3162277660168276200 ) ) ;
#1837 = AXIS2_PLACEMENT_3D ( 'NONE', #4453, #4764, #4587 ) ;
#1838 = LINE ( 'NONE', #304, #2378 ) ;
#1839 = ORIENTED_EDGE ( 'NONE', *, *, #5209, .F. ) ;
#1840 = FACE_OUTER_BOUND ( 'NONE', #4868, .T. ) ;
#1841 = DIRECTION ( 'NONE',  ( 0.0000000000000000000, 1.224606353822377300E-016, -1.000000000000000000 ) ) ;
#1842 = ADVANCED_FACE ( 'NONE', ( #1760 ), #3440, .T. ) ;
#1843 = FACE_OUTER_BOUND ( 'NONE', #4514, .T. ) ;
#1844 = ORIENTED_EDGE ( 'NONE', *, *, #3181, .T. ) ;
#1845 = LINE ( 'NONE', #6454, #1659 ) ;
#1846 = LINE ( 'NONE', #1439, #5139 ) ;
#1847 = ADVANCED_FACE ( 'NONE', ( #7240 ), #3868, .T. ) ;
#1848 = CARTESIAN_POINT ( 'NONE',  ( 401.5305678623202500, 98.12167827131052900, -15.14999999999994400 ) ) ;
#1849 = AXIS2_PLACEMENT_3D ( 'NONE', #2330, #2024, #2193 ) ;
#1850 = ORIENTED_EDGE ( 'NONE', *, *, #2477, .T. ) ;
#1851 = LINE ( 'NONE', #2195, #6316 ) ;
#1852 = DIRECTION ( 'NONE',  ( 0.3015113445776999600, -0.3015113445777837200, -0.9045340337333053200 ) ) ;
#1853 = DIRECTION ( 'NONE',  ( 7.347638122933105400E-017, -1.000000000000000000, 2.449212707644919700E-017 ) ) ;
#1854 = DIRECTION ( 'NONE',  ( -1.469527624586870100E-016, 1.000000000000000000, 4.898425415290669000E-017 ) ) ;
#1855 = VERTEX_POINT ( 'NONE', #3460 ) ;
#1856 = CARTESIAN_POINT ( 'NONE',  ( 411.6905678623203400, 97.90167827131050200, -3.549999999999954100 ) ) ;
#1857 = ADVANCED_FACE ( 'NONE', ( #347 ), #4687, .T. ) ;
#1858 = CARTESIAN_POINT ( 'NONE',  ( 411.7905678623203000, 100.3416782713104900, -4.649999999999955900 ) ) ;
#1859 = DIRECTION ( 'NONE',  ( 1.000000000000000000, -6.123031769111950400E-017, -6.123031769111887500E-017 ) ) ;
#1860 = DIRECTION ( 'NONE',  ( 1.224606353822377300E-016, -1.000000000000000000, 0.0000000000000000000 ) ) ;
#1861 = AXIS2_PLACEMENT_3D ( 'NONE', #6595, #6645, #6547 ) ;
#1862 = ORIENTED_EDGE ( 'NONE', *, *, #101, .T. ) ;
#1863 = VECTOR ( 'NONE', #3856, 1000.000000000000100 ) ;
#1864 = VERTEX_POINT ( 'NONE', #5036 ) ;
#1865 = ORIENTED_EDGE ( 'NONE', *, *, #4501, .T. ) ;
#1866 = PLANE ( 'NONE',  #4922 ) ;
#1867 = CARTESIAN_POINT ( 'NONE',  ( 401.3105678623203400, 94.99167827131049100, -6.549999999999977600 ) ) ;
#1868 = AXIS2_PLACEMENT_3D ( 'NONE', #2787, #2744, #2499 ) ;
#1869 = ADVANCED_FACE ( 'NONE', ( #364 ), #5004, .T. ) ;
#1870 = ORIENTED_EDGE ( 'NONE', *, *, #1585, .T. ) ;
#1871 = DIRECTION ( 'NONE',  ( 1.000000000000000000, 1.224606353822377300E-016, 1.499660721822137400E-032 ) ) ;
#1872 = ORIENTED_EDGE ( 'NONE', *, *, #7024, .F. ) ;
#1873 = VERTEX_POINT ( 'NONE', #4366 ) ;
#1874 = CARTESIAN_POINT ( 'NONE',  ( 408.6605678623203600, 100.9816782713105100, -14.99999999999995000 ) ) ;
#1875 = APPLICATION_CONTEXT ( 'configuration controlled 3d designs of mechanical parts and assemblies' ) ;
#1876 = LINE ( 'NONE', #3528, #3600 ) ;
#1877 = DIRECTION ( 'NONE',  ( 0.3015113445777380400, -0.3015113445777798900, -0.9045340337332938900 ) ) ;
#1878 = CARTESIAN_POINT ( 'NONE',  ( 404.1405678623203200, 94.99167827131051900, -9.799999999999954500 ) ) ;
#1879 = EDGE_LOOP ( 'NONE', ( #2991, #1870, #2888, #1292 ) ) ;
#1880 = VERTEX_POINT ( 'NONE', #2623 ) ;
#1881 = ORIENTED_EDGE ( 'NONE', *, *, #3322, .T. ) ;
#1882 = ORIENTED_EDGE ( 'NONE', *, *, #4882, .F. ) ;
#1883 = LINE ( 'NONE', #7123, #2148 ) ;
#1884 = DIRECTION ( 'NONE',  ( 0.6882472016117012800, -0.6882472016116696300, 0.2294157338705605000 ) ) ;
#1885 = PLANE ( 'NONE',  #1138 ) ;
#1886 = CARTESIAN_POINT ( 'NONE',  ( 406.7105678623203700, 100.9816782713105000, -14.84999999999996100 ) ) ;
#1887 = CARTESIAN_POINT ( 'NONE',  ( 398.4405678623202800, 103.7916782713104700, -3.649999999999948800 ) ) ;
#1888 = ORIENTED_EDGE ( 'NONE', *, *, #4235, .F. ) ;
#1889 = ORIENTED_EDGE ( 'NONE', *, *, #3787, .T. ) ;
#1890 = LOCAL_TIME ( 0, 22, 13.00000000000000000, #2307 ) ;
#1891 = VERTEX_POINT ( 'NONE', #3740 ) ;
#1892 = AXIS2_PLACEMENT_3D ( 'NONE', #5650, #1763, #1597 ) ;
#1893 = VECTOR ( 'NONE', #3778, 1000.000000000000000 ) ;
#1894 = CARTESIAN_POINT ( 'NONE',  ( 411.1505678623203200, 100.3416782713105100, -4.649999999999955900 ) ) ;
#1895 = CARTESIAN_POINT ( 'NONE',  ( 411.1505678623203200, 100.3416782713105000, -4.649999999999955900 ) ) ;
#1896 = CARTESIAN_POINT ( 'NONE',  ( 401.5305678623202500, 98.34167827131051400, -15.14999999999993800 ) ) ;
#1897 = ORIENTED_EDGE ( 'NONE', *, *, #1193, .F. ) ;
#1898 = ADVANCED_FACE ( 'NONE', ( #6860 ), #5228, .T. ) ;
#1899 = DIRECTION ( 'NONE',  ( 1.224606353822377300E-016, -1.000000000000000000, -1.224606353822377300E-016 ) ) ;
#1900 = VERTEX_POINT ( 'NONE', #335 ) ;
#1901 = LINE ( 'NONE', #752, #2065 ) ;
#1902 = ORIENTED_EDGE ( 'NONE', *, *, #357, .T. ) ;
#1903 = CARTESIAN_POINT ( 'NONE',  ( 404.1705678623203000, 98.44167827131049400, -15.14999999999995600 ) ) ;
#1904 = APPROVAL_STATUS ( 'not_yet_approved' ) ;
#1905 = VERTEX_POINT ( 'NONE', #725 ) ;
#1906 = ORIENTED_EDGE ( 'NONE', *, *, #3798, .F. ) ;
#1907 = VECTOR ( 'NONE', #6690, 1000.000000000000200 ) ;
#1908 = DIRECTION ( 'NONE',  ( 0.0000000000000000000, 1.224606353822377300E-016, -1.000000000000000000 ) ) ;
#1909 = DIRECTION ( 'NONE',  ( 0.0000000000000000000, 1.224606353822377300E-016, -1.000000000000000000 ) ) ;
#1910 = VERTEX_POINT ( 'NONE', #4039 ) ;
#1911 = ORIENTED_EDGE ( 'NONE', *, *, #6053, .F. ) ;
#1912 = DIRECTION ( 'NONE',  ( -0.0000000000000000000, -1.000000000000000000, -3.673819061467132300E-016 ) ) ;
#1913 = CARTESIAN_POINT ( 'NONE',  ( 406.7105678623203700, 100.3416782713104900, -3.849999999999956600 ) ) ;
#1914 = LINE ( 'NONE', #5566, #4793 ) ;
#1915 = ADVANCED_FACE ( 'NONE', ( #7127 ), #3848, .T. ) ;
#1916 = CARTESIAN_POINT ( 'NONE',  ( 411.1505678623203200, 100.3416782713105100, -11.74999999999995600 ) ) ;
#1917 = VERTEX_POINT ( 'NONE', #3768 ) ;
#1918 = DIRECTION ( 'NONE',  ( 1.000000000000000000, 1.102145718440137400E-016, 3.673819061467169600E-017 ) ) ;
#1919 = AXIS2_PLACEMENT_3D ( 'NONE', #6736, #7297, #5687 ) ;
#1920 = LINE ( 'NONE', #3540, #5394 ) ;
#1921 = CARTESIAN_POINT ( 'NONE',  ( 407.0105678623203900, 97.50167827131048200, -11.84999999999998400 ) ) ;
#1922 = PLANE ( 'NONE',  #1667 ) ;
#1923 = ORIENTED_EDGE ( 'NONE', *, *, #206, .F. ) ;
#1924 = CARTESIAN_POINT ( 'NONE',  ( 411.1505678623203200, 100.3416782713104900, -3.849999999999948100 ) ) ;
#1925 = ORIENTED_EDGE ( 'NONE', *, *, #3788, .F. ) ;
#1926 = EDGE_CURVE ( 'NONE', #6229, #6152, #1664, .T. ) ;
#1927 = FACE_OUTER_BOUND ( 'NONE', #1714, .T. ) ;
#1928 = DIRECTION ( 'NONE',  ( -1.161763594557826500E-016, 0.9486832980505124400, 0.3162277660168422700 ) ) ;
#1929 = DIRECTION ( 'NONE',  ( 1.000000000000000000, 1.224606353822377300E-016, 1.499660721822137400E-032 ) ) ;
#1930 = APPLICATION_PROTOCOL_DEFINITION ( 'international standard', 'config_control_design', 1994, #5602 ) ;
#1931 = PLANE ( 'NONE',  #2580 ) ;
#1932 = ORIENTED_EDGE ( 'NONE', *, *, #7714, .T. ) ;
#1933 = VECTOR ( 'NONE', #2908, 1000.000000000000000 ) ;
#1934 = ADVANCED_FACE ( 'NONE', ( #3627 ), #3714, .F. ) ;
#1935 = DIRECTION ( 'NONE',  ( -1.224606353822377300E-016, -1.000000000000000000, -0.0000000000000000000 ) ) ;
#1936 = ORIENTED_EDGE ( 'NONE', *, *, #5392, .F. ) ;
#1937 = DIRECTION ( 'NONE',  ( -0.9486832980504924500, -7.745090630384469000E-017, -0.3162277660169020000 ) ) ;
#1938 = DIRECTION ( 'NONE',  ( -0.9486832980504924500, -7.745090630384469000E-017, -0.3162277660169020000 ) ) ;
#1939 = DIRECTION ( 'NONE',  ( 0.6882472016117164900, -0.6882472016116527600, 0.2294157338705655500 ) ) ;
#1940 = CARTESIAN_POINT ( 'NONE',  ( 409.2005678623202700, 100.8216782713105000, -3.699999999999946000 ) ) ;
#1941 = ORIENTED_EDGE ( 'NONE', *, *, #7667, .F. ) ;
#1942 = DIRECTION ( 'NONE',  ( -0.9486832980505172100, 0.0000000000000000000, -0.3162277660168275600 ) ) ;
#1943 = VECTOR ( 'NONE', #4273, 1000.000000000000000 ) ;
#1944 = CARTESIAN_POINT ( 'NONE',  ( 403.5305678623203100, 98.44167827131050800, -3.849999999999950800 ) ) ;
#1945 = PLANE ( 'NONE',  #4055 ) ;
#1946 = EDGE_LOOP ( 'NONE', ( #7374, #3424, #6038, #493, #7573, #7618 ) ) ;
#1947 = CIRCLE ( 'NONE', #6825, 0.1999999999999224600 ) ;
#1948 = ADVANCED_FACE ( 'NONE', ( #2031 ), #2651, .F. ) ;
#1949 = ORIENTED_EDGE ( 'NONE', *, *, #7363, .F. ) ;
#1950 = FACE_OUTER_BOUND ( 'NONE', #270, .T. ) ;
#1951 = CIRCLE ( 'NONE', #6258, 0.2500000000000002200 ) ;
#1952 = CARTESIAN_POINT ( 'NONE',  ( 403.5305678623203100, 100.3416782713105000, -14.84999999999995900 ) ) ;
#1953 = APPROVAL_ROLE ( '' ) ;
#1954 = DIRECTION ( 'NONE',  ( -0.3015113445776114700, 0.3015113445777788400, 0.9045340337333365200 ) ) ;
#1955 = PLANE ( 'NONE',  #7309 ) ;
#1956 = CARTESIAN_POINT ( 'NONE',  ( 416.4905678623202900, 97.74167827131049100, -5.449999999999960200 ) ) ;
#1957 = ORIENTED_EDGE ( 'NONE', *, *, #3775, .T. ) ;
#1958 = EDGE_LOOP ( 'NONE', ( #6223, #7057, #1070, #1850 ) ) ;
#1959 = AXIS2_PLACEMENT_3D ( 'NONE', #2320, #5463, #772 ) ;
#1960 = LINE ( 'NONE', #5086, #6868 ) ;
#1961 = LINE ( 'NONE', #933, #689 ) ;
#1962 = PLANE ( 'NONE',  #2766 ) ;
#1963 = DIRECTION ( 'NONE',  ( -0.3162277660169020000, 0.0000000000000000000, 0.9486832980504924500 ) ) ;
#1964 = CARTESIAN_POINT ( 'NONE',  ( 405.7705678623203200, 100.0416782713105200, -11.84999999999994500 ) ) ;
#1965 = ORIENTED_EDGE ( 'NONE', *, *, #4449, .T. ) ;
#1966 = LINE ( 'NONE', #1299, #1771 ) ;
#1967 = AXIS2_PLACEMENT_3D ( 'NONE', #5026, #5031, #5038 ) ;
#1968 = DIRECTION ( 'NONE',  ( 1.499660721822137400E-032, 1.836494048521242100E-048, 1.000000000000000000 ) ) ;
#1969 = EDGE_CURVE ( 'NONE', #285, #7859, #5202, .T. ) ;
#1970 = ORIENTED_EDGE ( 'NONE', *, *, #5118, .T. ) ;
#1971 = EDGE_LOOP ( 'NONE', ( #2464, #7329, #1656, #5756 ) ) ;
#1972 = DIRECTION ( 'NONE',  ( -0.3015113445777460300, 0.3015113445778296900, -0.9045340337332746800 ) ) ;
#1973 = CARTESIAN_POINT ( 'NONE',  ( 397.6170678623203100, 101.0416782713104700, -9.449999999999958400 ) ) ;
#1974 = DIRECTION ( 'NONE',  ( -1.224606353822377300E-016, 1.000000000000000000, -0.0000000000000000000 ) ) ;
#1975 = ADVANCED_FACE ( 'NONE', ( #71 ), #3109, .T. ) ;
#1976 = EDGE_LOOP ( 'NONE', ( #5817, #7689, #5457, #6175 ) ) ;
#1977 = ORIENTED_EDGE ( 'NONE', *, *, #5218, .T. ) ;
#1978 = CARTESIAN_POINT ( 'NONE',  ( 416.4905678623202900, 94.99167827131049100, -3.049999999999956300 ) ) ;
#1979 = FACE_OUTER_BOUND ( 'NONE', #3777, .T. ) ;
#1980 = CC_DESIGN_SECURITY_CLASSIFICATION ( #7860, ( #5847 ) ) ;
#1981 = DIRECTION ( 'NONE',  ( -0.3162277660169020000, 0.0000000000000000000, -0.9486832980504924500 ) ) ;
#1982 = ORIENTED_EDGE ( 'NONE', *, *, #4833, .F. ) ;
#1983 = FACE_OUTER_BOUND ( 'NONE', #2, .T. ) ;
#1984 = ORIENTED_EDGE ( 'NONE', *, *, #3936, .T. ) ;
#1985 = FACE_OUTER_BOUND ( 'NONE', #2657, .T. ) ;
#1986 = FACE_OUTER_BOUND ( 'NONE', #2409, .T. ) ;
#1987 = CARTESIAN_POINT ( 'NONE',  ( 404.0705678623203300, 98.34167827131049900, -3.549999999999957600 ) ) ;
#1988 = DIRECTION ( 'NONE',  ( -1.000000000000000000, -3.672988097042484200E-048, 2.999321443644274900E-032 ) ) ;
#1989 = CARTESIAN_POINT ( 'NONE',  ( 408.6105678623203500, 100.9816782713105100, -3.849999999999955200 ) ) ;
#1990 = ORIENTED_EDGE ( 'NONE', *, *, #6510, .T. ) ;
#1991 = ORIENTED_EDGE ( 'NONE', *, *, #3903, .F. ) ;
#1992 = APPROVAL_PERSON_ORGANIZATION ( #5079, #119, #1953 ) ;
#1993 = CARTESIAN_POINT ( 'NONE',  ( 406.8905678623204400, 96.49167827131054800, -12.02573593128788900 ) ) ;
#1994 = DIRECTION ( 'NONE',  ( -1.000000000000000000, 4.729574766111572100E-048, -1.931059213987049200E-032 ) ) ;
#1995 = ADVANCED_FACE ( 'NONE', ( #6655 ), #319, .T. ) ;
#1996 = DIRECTION ( 'NONE',  ( 0.3015113445777327100, -0.3015113445777745100, 0.9045340337332975500 ) ) ;
#1997 = DIRECTION ( 'NONE',  ( -0.3015113445777313200, -0.3015113445777731800, -0.9045340337332985500 ) ) ;
#1998 = VERTEX_POINT ( 'NONE', #2124 ) ;
#1999 = ORIENTED_EDGE ( 'NONE', *, *, #3408, .T. ) ;
#2000 = LINE ( 'NONE', #3925, #2468 ) ;
#2001 = DIRECTION ( 'NONE',  ( -1.469527624586870100E-016, 1.000000000000000000, 4.898425415290669000E-017 ) ) ;
#2002 = VECTOR ( 'NONE', #6027, 1000.000000000000000 ) ;
#2003 = DIRECTION ( 'NONE',  ( -0.0000000000000000000, -1.000000000000000000, -0.0000000000000000000 ) ) ;
#2004 = EDGE_CURVE ( 'NONE', #4285, #2951, #7947, .T. ) ;
#2005 = DIRECTION ( 'NONE',  ( -1.000000000000000000, 1.224606353822376800E-016, 2.999321443644274300E-032 ) ) ;
#2006 = CARTESIAN_POINT ( 'NONE',  ( 403.5305678623203100, 97.80167827131050700, -3.649999999999955900 ) ) ;
#2007 = VERTEX_POINT ( 'NONE', #3703 ) ;
#2008 = CARTESIAN_POINT ( 'NONE',  ( 414.3405678623202600, 99.40167827131050200, -11.84999999999993700 ) ) ;
#2009 = LINE ( 'NONE', #1717, #1133 ) ;
#2010 = AXIS2_PLACEMENT_3D ( 'NONE', #6695, #6637, #6630 ) ;
#2011 = VECTOR ( 'NONE', #3043, 1000.000000000000000 ) ;
#2012 = ADVANCED_FACE ( 'NONE', ( #4015 ), #4281, .F. ) ;
#2013 = ORIENTED_EDGE ( 'NONE', *, *, #7475, .T. ) ;
#2014 = CARTESIAN_POINT ( 'NONE',  ( 415.1640678623202200, 97.74167827131049100, -9.449999999999960200 ) ) ;
#2015 = CARTESIAN_POINT ( 'NONE',  ( 408.4605678623202600, 100.1866782713104800, -11.79999999999995500 ) ) ;
#2016 = LINE ( 'NONE', #6949, #5773 ) ;
#2017 = AXIS2_PLACEMENT_3D ( 'NONE', #1709, #7681, #807 ) ;
#2018 = PERSON_AND_ORGANIZATION ( #2263, #7839 ) ;
#2019 = EDGE_CURVE ( 'NONE', #4165, #7703, #1174, .T. ) ;
#2020 = ORIENTED_EDGE ( 'NONE', *, *, #5129, .T. ) ;
#2021 = PRODUCT_DEFINITION_SHAPE ( 'NONE', 'NONE',  #2788 ) ;
#2022 = DIRECTION ( 'NONE',  ( -1.000000000000000000, -1.102145718440136600E-016, 3.673819061467173300E-017 ) ) ;
#2023 = LINE ( 'NONE', #6864, #1751 ) ;
#2024 = DIRECTION ( 'NONE',  ( -3.872545315192717100E-017, -0.3162277660168343900, -0.9486832980505149900 ) ) ;
#2025 = CARTESIAN_POINT ( 'NONE',  ( 405.8905678623202700, 102.2916782713104900, -11.84999999999993600 ) ) ;
#2026 = VECTOR ( 'NONE', #5089, 1000.000000000000000 ) ;
#2027 = PLANE ( 'NONE',  #6657 ) ;
#2028 = VECTOR ( 'NONE', #3603, 1000.000000000000000 ) ;
#2029 = VERTEX_POINT ( 'NONE', #2928 ) ;
#2030 = ADVANCED_FACE ( 'NONE', ( #953 ), #5561, .T. ) ;
#2031 = FACE_OUTER_BOUND ( 'NONE', #818, .T. ) ;
#2032 = CARTESIAN_POINT ( 'NONE',  ( 406.5505678623203500, 98.39167827131049600, -3.699999999999946000 ) ) ;
#2033 = DIRECTION ( 'NONE',  ( 0.0000000000000000000, 1.224606353822377300E-016, -1.000000000000000000 ) ) ;
#2034 = AXIS2_PLACEMENT_3D ( 'NONE', #1551, #1562, #1565 ) ;
#2035 = CARTESIAN_POINT ( 'NONE',  ( 408.7105678623203200, 97.90167827131051600, -15.14999999999993300 ) ) ;
#2036 = ORIENTED_EDGE ( 'NONE', *, *, #5884, .T. ) ;
#2037 = DIRECTION ( 'NONE',  ( 0.0000000000000000000, 1.000000000000000000, 3.673819061467132300E-016 ) ) ;
#2038 = FACE_OUTER_BOUND ( 'NONE', #7628, .T. ) ;
#2039 = DIRECTION ( 'NONE',  ( -1.931059213987049200E-032, 2.449212707644754500E-016, -1.000000000000000000 ) ) ;
#2040 = CARTESIAN_POINT ( 'NONE',  ( 401.6305678623202800, 98.44167827131050800, -15.14999999999995600 ) ) ;
#2041 = AXIS2_PLACEMENT_3D ( 'NONE', #1572, #7870, #305 ) ;
#2042 = CARTESIAN_POINT ( 'NONE',  ( 406.3905678623202700, 100.4416782713105100, -3.549999999999954500 ) ) ;
#2043 = PLANE ( 'NONE',  #2947 ) ;
#2044 = ORIENTED_EDGE ( 'NONE', *, *, #4050, .T. ) ;
#2045 = LINE ( 'NONE', #5652, #79 ) ;
#2046 = VERTEX_POINT ( 'NONE', #2733 ) ;
#2047 = CARTESIAN_POINT ( 'NONE',  ( 409.2505678623202800, 100.9816782713105100, -3.849999999999949900 ) ) ;
#2048 = DIRECTION ( 'NONE',  ( -1.224606353822377300E-016, 1.000000000000000000, -0.0000000000000000000 ) ) ;
#2049 = ORIENTED_EDGE ( 'NONE', *, *, #3434, .T. ) ;
#2050 = VECTOR ( 'NONE', #5928, 1000.000000000000000 ) ;
#2051 = DIRECTION ( 'NONE',  ( 1.224606353822377300E-016, 1.000000000000000000, 0.0000000000000000000 ) ) ;
#2052 = ADVANCED_FACE ( 'NONE', ( #457 ), #7894, .T. ) ;
#2053 = VECTOR ( 'NONE', #1996, 1000.000000000000000 ) ;
#2054 = ORIENTED_EDGE ( 'NONE', *, *, #4052, .T. ) ;
#2055 = EDGE_LOOP ( 'NONE', ( #7112, #3880, #7177, #3854, #4655, #4750, #6987, #6449, #5822, #1555, #2910, #2745, #3595, #5938, #5238, #5412 ) ) ;
#2056 = ORIENTED_EDGE ( 'NONE', *, *, #7783, .T. ) ;
#2057 = VECTOR ( 'NONE', #246, 1000.000000000000000 ) ;
#2058 = FACE_OUTER_BOUND ( 'NONE', #5151, .T. ) ;
#2059 = LINE ( 'NONE', #3655, #4860 ) ;
#2060 = ADVANCED_FACE ( 'NONE', ( #7343 ), #1440, .T. ) ;
#2061 = CARTESIAN_POINT ( 'NONE',  ( 408.7105678623203700, 97.90167827131051600, -15.14999999999991000 ) ) ;
#2062 = AXIS2_PLACEMENT_3D ( 'NONE', #6763, #6709, #7557 ) ;
#2063 = EDGE_LOOP ( 'NONE', ( #1542, #3161, #2237, #123 ) ) ;
#2064 = ORIENTED_EDGE ( 'NONE', *, *, #1389, .T. ) ;
#2065 = VECTOR ( 'NONE', #722, 1000.000000000000000 ) ;
#2066 = PLANE ( 'NONE',  #7891 ) ;
#2067 = CARTESIAN_POINT ( 'NONE',  ( 409.2505678623203400, 98.44167827131049400, -3.849999999999951700 ) ) ;
#2068 = ADVANCED_FACE ( 'NONE', ( #5875 ), #5537, .T. ) ;
#2069 = VERTEX_POINT ( 'NONE', #5663 ) ;
#2070 = ORIENTED_EDGE ( 'NONE', *, *, #5923, .T. ) ;
#2071 = ORIENTED_EDGE ( 'NONE', *, *, #7537, .F. ) ;
#2072 = PLANE ( 'NONE',  #5529 ) ;
#2073 = ORIENTED_EDGE ( 'NONE', *, *, #5991, .T. ) ;
#2074 = ORIENTED_EDGE ( 'NONE', *, *, #5305, .T. ) ;
#2075 = FACE_OUTER_BOUND ( 'NONE', #2637, .T. ) ;
#2076 = ADVANCED_FACE ( 'NONE', ( #2793 ), #6193, .T. ) ;
#2077 = DIRECTION ( 'NONE',  ( 0.0000000000000000000, -1.224606353822377500E-016, 1.000000000000000000 ) ) ;
#2078 = DIRECTION ( 'NONE',  ( 1.000000000000000000, 3.672988097042484200E-048, -2.999321443644274900E-032 ) ) ;
#2079 = DIRECTION ( 'NONE',  ( 0.0000000000000000000, -3.673819061467132300E-016, 1.000000000000000000 ) ) ;
#2080 = PLANE ( 'NONE',  #2669 ) ;
#2081 = VERTEX_POINT ( 'NONE', #523 ) ;
#2082 = VECTOR ( 'NONE', #6389, 1000.000000000000000 ) ;
#2083 = VECTOR ( 'NONE', #7564, 1000.000000000000100 ) ;
#2084 = AXIS2_PLACEMENT_3D ( 'NONE', #6100, #6124, #6290 ) ;
#2085 = LINE ( 'NONE', #1466, #2853 ) ;
#2086 = PLANE ( 'NONE',  #2852 ) ;
#2087 = CARTESIAN_POINT ( 'NONE',  ( 396.2905678623203000, 101.0416782713104700, -11.84999999999993700 ) ) ;
#2088 = VERTEX_POINT ( 'NONE', #7941 ) ;
#2089 = ORIENTED_EDGE ( 'NONE', *, *, #3830, .F. ) ;
#2090 = VECTOR ( 'NONE', #7143, 1000.000000000000000 ) ;
#2091 = DIRECTION ( 'NONE',  ( -0.3015113445777745100, -0.3015113445778582200, 0.9045340337332556900 ) ) ;
#2092 = DIRECTION ( 'NONE',  ( 1.000000000000000000, 2.999321443644274300E-032, 7.345976194084968500E-048 ) ) ;
#2093 = FACE_BOUND ( 'NONE', #540, .T. ) ;
#2094 = VERTEX_POINT ( 'NONE', #2765 ) ;
#2095 = ADVANCED_FACE ( 'NONE', ( #7692 ), #7325, .T. ) ;
#2096 = ADVANCED_FACE ( 'NONE', ( #4938 ), #7936, .T. ) ;
#2097 = CARTESIAN_POINT ( 'NONE',  ( 414.8405678623203100, 103.7916782713104700, -3.649999999999948800 ) ) ;
#2098 = DIRECTION ( 'NONE',  ( -1.224606353822377300E-016, -1.000000000000000000, -0.0000000000000000000 ) ) ;
#2099 = VERTEX_POINT ( 'NONE', #6084 ) ;
#2100 = DIRECTION ( 'NONE',  ( 1.000000000000000000, 1.499660721822137700E-032, 1.836494048521242700E-048 ) ) ;
#2101 = TOROIDAL_SURFACE ( 'NONE', #1967, 0.1999999999998669500, 0.3000000000000632200 ) ;
#2102 = VERTEX_POINT ( 'NONE', #7054 ) ;
#2103 = EDGE_CURVE ( 'NONE', #312, #1998, #7939, .T. ) ;
#2104 = CARTESIAN_POINT ( 'NONE',  ( 400.9905678623202900, 100.3416782713105100, -3.849999999999949000 ) ) ;
#2105 = DIRECTION ( 'NONE',  ( -1.499660721822137700E-032, 1.000000000000000000, 1.224606353822377500E-016 ) ) ;
#2106 = VECTOR ( 'NONE', #1711, 1000.000000000000000 ) ;
#2107 = DIRECTION ( 'NONE',  ( -0.3015113445777383200, -0.3015113445777383200, -0.9045340337333077600 ) ) ;
#2108 = CARTESIAN_POINT ( 'NONE',  ( 396.2905678623203000, 103.7916782713104700, -11.84999999999993700 ) ) ;
#2109 = VECTOR ( 'NONE', #1997, 999.9999999999998900 ) ;
#2110 = LINE ( 'NONE', #5657, #3761 ) ;
#2111 = ADVANCED_FACE ( 'NONE', ( #5005 ), #5750, .T. ) ;
#2112 = VERTEX_POINT ( 'NONE', #6032 ) ;
#2113 = CARTESIAN_POINT ( 'NONE',  ( 398.1905678623203400, 96.49167827131050500, -12.14999999999991200 ) ) ;
#2114 = AXIS2_PLACEMENT_3D ( 'NONE', #7548, #1928, #1718 ) ;
#2115 = LINE ( 'NONE', #5015, #2958 ) ;
#2116 = FACE_OUTER_BOUND ( 'NONE', #4362, .T. ) ;
#2117 = CARTESIAN_POINT ( 'NONE',  ( 408.6605678623203600, 100.8216782713105000, -3.699999999999946000 ) ) ;
#2118 = LINE ( 'NONE', #3088, #4638 ) ;
#2119 = CARTESIAN_POINT ( 'NONE',  ( 408.3105678623203400, 100.0416782713105200, -11.84999999999994500 ) ) ;
#2120 = LINE ( 'NONE', #2673, #760 ) ;
#2121 = FACE_OUTER_BOUND ( 'NONE', #3667, .T. ) ;
#2122 = CARTESIAN_POINT ( 'NONE',  ( 396.2905678623203000, 97.74167827131049100, -5.449999999999960200 ) ) ;
#2123 = ORIENTED_EDGE ( 'NONE', *, *, #4951, .F. ) ;
#2124 = CARTESIAN_POINT ( 'NONE',  ( 415.8905678623203800, 95.64167827131045400, -3.049999999999956300 ) ) ;
#2125 = DIRECTION ( 'NONE',  ( -1.734723475976709300E-015, 9.629649721935494300E-029, 1.000000000000000000 ) ) ;
#2126 = DIRECTION ( 'NONE',  ( -1.000000000000000000, 3.909510433884295200E-063, -1.064154322375103600E-047 ) ) ;
#2127 = FACE_OUTER_BOUND ( 'NONE', #7616, .T. ) ;
#2128 = FACE_OUTER_BOUND ( 'NONE', #6524, .T. ) ;
#2129 = ADVANCED_FACE ( 'NONE', ( #5399 ), #6188, .T. ) ;
#2130 = EDGE_CURVE ( 'NONE', #2568, #4524, #1149, .T. ) ;
#2131 = CARTESIAN_POINT ( 'NONE',  ( 409.2505678623203400, 98.44167827131049400, -3.649999999999955900 ) ) ;
#2132 = ORIENTED_EDGE ( 'NONE', *, *, #1488, .T. ) ;
#2133 = DIRECTION ( 'NONE',  ( -1.224606353822377300E-016, -1.000000000000000000, -0.0000000000000000000 ) ) ;
#2134 = DIRECTION ( 'NONE',  ( 0.6882472016116517600, 0.6882472016117153800, 0.2294157338705717900 ) ) ;
#2135 = CARTESIAN_POINT ( 'NONE',  ( 414.5905678623203100, 95.99167827131059000, -11.84999999999993900 ) ) ;
#2136 = AXIS2_PLACEMENT_3D ( 'NONE', #1221, #4940, #1246 ) ;
#2137 = ORIENTED_EDGE ( 'NONE', *, *, #417, .F. ) ;
#2138 = VERTEX_POINT ( 'NONE', #6214 ) ;
#2139 = EDGE_CURVE ( 'NONE', #5948, #2943, #2311, .T. ) ;
#2140 = FACE_BOUND ( 'NONE', #3973, .T. ) ;
#2141 = LINE ( 'NONE', #2273, #1372 ) ;
#2142 = DIRECTION ( 'NONE',  ( 1.000000000000000000, 0.0000000000000000000, 0.0000000000000000000 ) ) ;
#2143 = DIRECTION ( 'NONE',  ( -2.999321443644274300E-032, 1.000000000000000000, 2.449212707644755000E-016 ) ) ;
#2144 = EDGE_LOOP ( 'NONE', ( #131, #5173, #5598, #976 ) ) ;
#2145 = CARTESIAN_POINT ( 'NONE',  ( 406.6105678623202900, 100.8816782713105100, -15.14999999999996800 ) ) ;
#2146 = VERTEX_POINT ( 'NONE', #6390 ) ;
#2147 = LINE ( 'NONE', #7823, #963 ) ;
#2148 = VECTOR ( 'NONE', #7323, 1000.000000000000000 ) ;
#2149 = DIRECTION ( 'NONE',  ( 1.224606353822377300E-016, -1.000000000000000000, 0.0000000000000000000 ) ) ;
#2150 = DIRECTION ( 'NONE',  ( 0.0000000000000000000, 0.3162277660168412200, 0.9486832980505126600 ) ) ;
#2151 = DIRECTION ( 'NONE',  ( 0.0000000000000000000, 3.673819061467132300E-016, -1.000000000000000000 ) ) ;
#2152 = CARTESIAN_POINT ( 'NONE',  ( 403.6905678623202800, 97.85167827131051900, -3.699999999999946000 ) ) ;
#2153 = VECTOR ( 'NONE', #7710, 1000.000000000000000 ) ;
#2154 = EDGE_LOOP ( 'NONE', ( #2418, #4855, #2694, #3750 ) ) ;
#2155 = VECTOR ( 'NONE', #5114, 1000.000000000000000 ) ;
#2156 = CARTESIAN_POINT ( 'NONE',  ( 400.9905678623202900, 98.44167827131050800, -3.649999999999955900 ) ) ;
#2157 = FACE_OUTER_BOUND ( 'NONE', #2063, .T. ) ;
#2158 = LINE ( 'NONE', #164, #5522 ) ;
#2159 = DIRECTION ( 'NONE',  ( -0.3015113445777474800, -0.3015113445778311300, 0.9045340337332737900 ) ) ;
#2160 = DIRECTION ( 'NONE',  ( -0.3162277660169020000, 0.0000000000000000000, 0.9486832980504924500 ) ) ;
#2161 = CARTESIAN_POINT ( 'NONE',  ( 398.1905678623202200, 102.2916782713104600, -12.14999999999990400 ) ) ;
#2162 = FACE_OUTER_BOUND ( 'NONE', #502, .T. ) ;
#2163 = CARTESIAN_POINT ( 'NONE',  ( 408.6105678623203500, 100.9816782713105100, -4.649999999999955900 ) ) ;
#2164 = ORIENTED_EDGE ( 'NONE', *, *, #2589, .T. ) ;
#2165 = DIRECTION ( 'NONE',  ( 0.9486832980504924500, 1.549018126077156100E-016, -0.3162277660169020000 ) ) ;
#2166 = ORIENTED_EDGE ( 'NONE', *, *, #774, .F. ) ;
#2167 = DIRECTION ( 'NONE',  ( -1.499660721822137700E-032, 1.000000000000000000, 1.224606353822377500E-016 ) ) ;
#2168 = DIRECTION ( 'NONE',  ( 1.000000000000000000, 0.0000000000000000000, 0.0000000000000000000 ) ) ;
#2169 = ORIENTED_EDGE ( 'NONE', *, *, #6156, .F. ) ;
#2170 = ORIENTED_EDGE ( 'NONE', *, *, #7060, .F. ) ;
#2171 = DIRECTION ( 'NONE',  ( 0.0000000000000000000, -2.449212707644755000E-016, 1.000000000000000000 ) ) ;
#2172 = ORIENTED_EDGE ( 'NONE', *, *, #1613, .T. ) ;
#2173 = ORIENTED_EDGE ( 'NONE', *, *, #2004, .F. ) ;
#2174 = VECTOR ( 'NONE', #5902, 1000.000000000000100 ) ;
#2175 = CARTESIAN_POINT ( 'NONE',  ( 406.1705678623203000, 97.90167827131051600, -3.549999999999943900 ) ) ;
#2176 = AXIS2_PLACEMENT_3D ( 'NONE', #5740, #5749, #5759 ) ;
#2177 = VERTEX_POINT ( 'NONE', #6304 ) ;
#2178 = ORIENTED_EDGE ( 'NONE', *, *, #115, .F. ) ;
#2179 = ORIENTED_EDGE ( 'NONE', *, *, #5411, .T. ) ;
#2180 = VECTOR ( 'NONE', #6103, 1000.000000000000000 ) ;
#2181 = CARTESIAN_POINT ( 'NONE',  ( 406.7105678623203700, 98.44167827131049400, -3.849999999999948600 ) ) ;
#2182 = PLANE ( 'NONE',  #607 ) ;
#2183 = DIRECTION ( 'NONE',  ( 0.6882472016117019400, 0.6882472016116703000, 0.2294157338705567200 ) ) ;
#2184 = LINE ( 'NONE', #3463, #4553 ) ;
#2185 = DIRECTION ( 'NONE',  ( 1.224606353822377300E-016, -1.000000000000000000, 0.0000000000000000000 ) ) ;
#2186 = ORIENTED_EDGE ( 'NONE', *, *, #6521, .F. ) ;
#2187 = ORIENTED_EDGE ( 'NONE', *, *, #5460, .F. ) ;
#2188 = ORIENTED_EDGE ( 'NONE', *, *, #3432, .F. ) ;
#2189 = CIRCLE ( 'NONE', #5518, 0.2500000000000002200 ) ;
#2190 = CARTESIAN_POINT ( 'NONE',  ( 406.5905678623203700, 102.2916782713105000, -12.14999999999987200 ) ) ;
#2191 = AXIS2_PLACEMENT_3D ( 'NONE', #5885, #5888, #7968 ) ;
#2192 = LINE ( 'NONE', #4805, #4869 ) ;
#2193 = DIRECTION ( 'NONE',  ( 0.0000000000000000000, 0.9486832980505149900, -0.3162277660168343900 ) ) ;
#2194 = EDGE_CURVE ( 'NONE', #7207, #6792, #2312, .T. ) ;
#2195 = CARTESIAN_POINT ( 'NONE',  ( 406.7105678623203700, 98.44167827131049400, -3.849999999999952100 ) ) ;
#2196 = ORIENTED_EDGE ( 'NONE', *, *, #3312, .F. ) ;
#2197 = ORIENTED_EDGE ( 'NONE', *, *, #194, .T. ) ;
#2198 = AXIS2_PLACEMENT_3D ( 'NONE', #581, #590, #602 ) ;
#2199 = DIRECTION ( 'NONE',  ( -0.0000000000000000000, -0.0000000000000000000, 1.000000000000000000 ) ) ;
#2200 = FACE_OUTER_BOUND ( 'NONE', #1295, .T. ) ;
#2201 = ORIENTED_EDGE ( 'NONE', *, *, #4846, .T. ) ;
#2202 = CARTESIAN_POINT ( 'NONE',  ( 411.1505678623203200, 98.44167827131050800, -3.849999999999950800 ) ) ;
#2203 = CARTESIAN_POINT ( 'NONE',  ( 401.6305678623202800, 97.80167827131052100, -14.84999999999995300 ) ) ;
#2204 = AXIS2_PLACEMENT_3D ( 'NONE', #5718, #1584, #5807 ) ;
#2205 = LINE ( 'NONE', #2907, #5672 ) ;
#2206 = EDGE_LOOP ( 'NONE', ( #127, #6609, #1240, #3737 ) ) ;
#2207 = CARTESIAN_POINT ( 'NONE',  ( 406.7105678623203700, 98.44167827131049400, -3.649999999999955900 ) ) ;
#2208 = PLANE ( 'NONE',  #5744 ) ;
#2209 = DIRECTION ( 'NONE',  ( 0.0000000000000000000, 1.000000000000000000, 0.0000000000000000000 ) ) ;
#2210 = DIRECTION ( 'NONE',  ( 0.0000000000000000000, -1.224606353822377500E-016, 1.000000000000000000 ) ) ;
#2211 = LINE ( 'NONE', #1820, #2109 ) ;
#2212 = EDGE_LOOP ( 'NONE', ( #1503, #308, #186, #3089 ) ) ;
#2213 = LINE ( 'NONE', #226, #2412 ) ;
#2214 = PLANE ( 'NONE',  #1640 ) ;
#2215 = FACE_OUTER_BOUND ( 'NONE', #4622, .T. ) ;
#2216 = VERTEX_POINT ( 'NONE', #6484 ) ;
#2217 = DIRECTION ( 'NONE',  ( 0.0000000000000000000, 0.0000000000000000000, 1.000000000000000000 ) ) ;
#2218 = CARTESIAN_POINT ( 'NONE',  ( 409.2505678623202800, 98.44167827131050800, -9.449999999999960200 ) ) ;
#2219 = LINE ( 'NONE', #7595, #6634 ) ;
#2220 = DIRECTION ( 'NONE',  ( -0.0000000000000000000, 1.224606353822377500E-016, -1.000000000000000000 ) ) ;
#2221 = VECTOR ( 'NONE', #621, 1000.000000000000000 ) ;
#2222 = LINE ( 'NONE', #2363, #5325 ) ;
#2223 = CARTESIAN_POINT ( 'NONE',  ( 408.7105678623203200, 100.8816782713105100, -15.14999999999992800 ) ) ;
#2224 = DIRECTION ( 'NONE',  ( 0.3015113445777607400, -0.3015113445777607400, -0.9045340337332927700 ) ) ;
#2225 = VERTEX_POINT ( 'NONE', #6383 ) ;
#2226 = DIRECTION ( 'NONE',  ( -1.000000000000000000, -1.224606353822377300E-016, 1.499660721822137400E-032 ) ) ;
#2227 = AXIS2_PLACEMENT_3D ( 'NONE', #1073, #426, #2149 ) ;
#2228 = AXIS2_PLACEMENT_3D ( 'NONE', #6514, #6528, #6492 ) ;
#2229 = DIRECTION ( 'NONE',  ( 1.224606353822377300E-016, -1.000000000000000000, 0.0000000000000000000 ) ) ;
#2230 = DIRECTION ( 'NONE',  ( 1.161763594557826000E-016, -0.9486832980505125500, 0.3162277660168419400 ) ) ;
#2231 = ORIENTED_EDGE ( 'NONE', *, *, #7180, .T. ) ;
#2232 = EDGE_CURVE ( 'NONE', #4698, #6790, #2988, .T. ) ;
#2233 = CARTESIAN_POINT ( 'NONE',  ( 403.5305678623203100, 100.9816782713105000, -14.84999999999996600 ) ) ;
#2234 = FACE_OUTER_BOUND ( 'NONE', #2955, .T. ) ;
#2235 = CIRCLE ( 'NONE', #7235, 0.1999999999663382200 ) ;
#2236 = PLANE ( 'NONE',  #6381 ) ;
#2237 = ORIENTED_EDGE ( 'NONE', *, *, #5379, .T. ) ;
#2238 = DIRECTION ( 'NONE',  ( -1.469527624586849100E-016, -1.000000000000000000, -4.898425415289219500E-017 ) ) ;
#2239 = AXIS2_PLACEMENT_3D ( 'NONE', #990, #5364, #264 ) ;
#2240 = PLANE ( 'NONE',  #1335 ) ;
#2241 = EDGE_LOOP ( 'NONE', ( #1839, #157, #2509, #422 ) ) ;
#2242 = DIRECTION ( 'NONE',  ( 0.6882472016117315800, -0.6882472016116359900, 0.2294157338705705400 ) ) ;
#2243 = DIRECTION ( 'NONE',  ( -1.469527624586849100E-016, 1.000000000000000000, 4.898425415289219500E-017 ) ) ;
#2244 = FACE_OUTER_BOUND ( 'NONE', #1976, .T. ) ;
#2245 = PLANE ( 'NONE',  #1414 ) ;
#2246 = ADVANCED_FACE ( 'NONE', ( #4305 ), #6642, .T. ) ;
#2247 = VECTOR ( 'NONE', #1520, 1000.000000000000000 ) ;
#2248 = ORIENTED_EDGE ( 'NONE', *, *, #1164, .T. ) ;
#2249 = CARTESIAN_POINT ( 'NONE',  ( 400.6905678623203400, 101.2816782713104800, -11.84999999999994800 ) ) ;
#2250 = CARTESIAN_POINT ( 'NONE',  ( 425.4405678623202800, 98.74167827131047700, -11.84999999999993700 ) ) ;
#2251 = VECTOR ( 'NONE', #203, 1000.000000000000200 ) ;
#2252 = CARTESIAN_POINT ( 'NONE',  ( 398.3905678623203800, 96.49167827131050500, -12.14999999999991200 ) ) ;
#2253 = ORIENTED_EDGE ( 'NONE', *, *, #6610, .T. ) ;
#2254 = VERTEX_POINT ( 'NONE', #6783 ) ;
#2255 = CARTESIAN_POINT ( 'NONE',  ( 408.6105678623203500, 98.44167827131050800, -9.449999999999960200 ) ) ;
#2256 = CARTESIAN_POINT ( 'NONE',  ( 401.3105678623203400, 95.09167827131095400, -6.549999999999954500 ) ) ;
#2257 = CARTESIAN_POINT ( 'NONE',  ( 403.0555678623203400, 101.1316782713104800, -11.79999999999995500 ) ) ;
#2258 = PLANE ( 'NONE',  #6577 ) ;
#2259 = ORIENTED_EDGE ( 'NONE', *, *, #7302, .F. ) ;
#2260 = ORIENTED_EDGE ( 'NONE', *, *, #3396, .T. ) ;
#2261 = LINE ( 'NONE', #2522, #2352 ) ;
#2262 = CARTESIAN_POINT ( 'NONE',  ( 408.6105678623203500, 98.44167827131049400, -11.74999999999994500 ) ) ;
#2263 = PERSON ( 'UNSPECIFIED', 'UNSPECIFIED', 'UNSPECIFIED', ('UNSPECIFIED'), ('UNSPECIFIED'), ('UNSPECIFIED') ) ;
#2264 = PLANE ( 'NONE',  #3522 ) ;
#2265 = CARTESIAN_POINT ( 'NONE',  ( 408.6105678623203500, 97.80167827131050700, -9.449999999999960200 ) ) ;
#2266 = DIRECTION ( 'NONE',  ( -1.000000000000000000, -1.499660721822137700E-032, -1.836494048521242700E-048 ) ) ;
#2267 = DIRECTION ( 'NONE',  ( 8.659274570719348000E-017, -0.7071067811865472400, -0.7071067811865479100 ) ) ;
#2268 = ORIENTED_EDGE ( 'NONE', *, *, #180, .T. ) ;
#2269 = ORIENTED_EDGE ( 'NONE', *, *, #5940, .T. ) ;
#2270 = VERTEX_POINT ( 'NONE', #6434 ) ;
#2271 = ORIENTED_EDGE ( 'NONE', *, *, #3911, .T. ) ;
#2272 = ORIENTED_EDGE ( 'NONE', *, *, #7344, .T. ) ;
#2273 = CARTESIAN_POINT ( 'NONE',  ( 406.1401871718889000, 99.40167827131050200, -11.84999999999993700 ) ) ;
#2274 = VERTEX_POINT ( 'NONE', #6752 ) ;
#2275 = ORIENTED_EDGE ( 'NONE', *, *, #166, .F. ) ;
#2276 = CALENDAR_DATE ( 2015, 1, 9 ) ;
#2277 = DIRECTION ( 'NONE',  ( 1.499660721822137400E-032, 1.836494048521242100E-048, 1.000000000000000000 ) ) ;
#2278 = DIRECTION ( 'NONE',  ( 0.0000000000000000000, 0.7071067811865479100, -0.7071067811865472400 ) ) ;
#2279 = CARTESIAN_POINT ( 'NONE',  ( 406.0705678623203300, 100.3416782713104900, -4.649999999999955900 ) ) ;
#2280 = LINE ( 'NONE', #4584, #698 ) ;
#2281 = EDGE_CURVE ( 'NONE', #6019, #559, #5298, .T. ) ;
#2282 = DIRECTION ( 'NONE',  ( 1.000000000000000000, 3.018887740049135000E-048, 2.465190328815661900E-032 ) ) ;
#2283 = CARTESIAN_POINT ( 'NONE',  ( 404.0705678623203300, 97.96167827131051800, -3.549999999999957200 ) ) ;
#2284 = DIRECTION ( 'NONE',  ( -1.000000000000000000, -1.499660721822137700E-032, -1.836494048521242700E-048 ) ) ;
#2285 = ORIENTED_EDGE ( 'NONE', *, *, #4157, .T. ) ;
#2286 = ADVANCED_FACE ( 'NONE', ( #5987 ), #6836, .T. ) ;
#2287 = VECTOR ( 'NONE', #1703, 1000.000000000000000 ) ;
#2288 = ORIENTED_EDGE ( 'NONE', *, *, #2232, .T. ) ;
#2289 = AXIS2_PLACEMENT_3D ( 'NONE', #291, #2800, #7135 ) ;
#2290 = DIRECTION ( 'NONE',  ( 0.3015113445775869900, -0.3015113445777961600, 0.9045340337333389600 ) ) ;
#2291 = ORIENTED_EDGE ( 'NONE', *, *, #3263, .T. ) ;
#2292 = VECTOR ( 'NONE', #2730, 1000.000000000000000 ) ;
#2293 = ADVANCED_FACE ( 'NONE', ( #3073 ), #873, .T. ) ;
#2294 = CARTESIAN_POINT ( 'NONE',  ( 453.4170678623203200, 96.15167827131051600, -9.449999999999960200 ) ) ;
#2295 = DIRECTION ( 'NONE',  ( 1.000000000000000000, 1.499660721822137700E-032, 1.836494048521242700E-048 ) ) ;
#2296 = CARTESIAN_POINT ( 'NONE',  ( 406.0705678623203300, 98.44167827131049400, -3.849999999999959700 ) ) ;
#2297 = FACE_BOUND ( 'NONE', #1419, .T. ) ;
#2298 = ADVANCED_FACE ( 'NONE', ( #1263 ), #5338, .T. ) ;
#2299 = DIRECTION ( 'NONE',  ( 0.3015113445778586600, 0.3015113445776913500, 0.9045340337332832300 ) ) ;
#2300 = ORIENTED_EDGE ( 'NONE', *, *, #7352, .T. ) ;
#2301 = DIRECTION ( 'NONE',  ( -1.000000000000000000, -1.224606353822377300E-016, 1.499660721822137400E-032 ) ) ;
#2302 = ORIENTED_EDGE ( 'NONE', *, *, #4627, .T. ) ;
#2303 = LINE ( 'NONE', #4956, #2501 ) ;
#2304 = EDGE_LOOP ( 'NONE', ( #2653, #272, #3662, #1214 ) ) ;
#2305 = CARTESIAN_POINT ( 'NONE',  ( 425.4405678623202800, 97.50167827131048200, -11.84999999999993700 ) ) ;
#2306 = CARTESIAN_POINT ( 'NONE',  ( 400.9905678623202900, 100.9816782713105100, -4.649999999999955900 ) ) ;
#2307 = COORDINATED_UNIVERSAL_TIME_OFFSET ( 8, 0, .BEHIND. ) ;
#2308 = ORIENTED_EDGE ( 'NONE', *, *, #6260, .T. ) ;
#2309 = CARTESIAN_POINT ( 'NONE',  ( 403.6305678623203300, 100.8816782713105100, -3.549999999999957200 ) ) ;
#2310 = DIRECTION ( 'NONE',  ( 0.0000000000000000000, 1.000000000000000000, 1.224606353822377300E-016 ) ) ;
#2311 = LINE ( 'NONE', #6341, #2672 ) ;
#2312 =( BOUNDED_CURVE ( )  B_SPLINE_CURVE ( 3, ( #6472, #6440, #6491, #6498 ),
 .UNSPECIFIED., .F., .T. ) 
 B_SPLINE_CURVE_WITH_KNOTS ( ( 4, 4 ),
 ( 0.0000000000000000000, 1.000000000000000000 ),
 .UNSPECIFIED. ) 
 CURVE ( )  GEOMETRIC_REPRESENTATION_ITEM ( )  RATIONAL_B_SPLINE_CURVE ( ( 1.000000000000000000, 0.3333333333333333700, 0.3333333333333333700, 1.000000000000000000 ) ) 
 REPRESENTATION_ITEM ( '' )  );
#2313 = DIRECTION ( 'NONE',  ( -1.224606353822377300E-016, 1.000000000000000000, -0.0000000000000000000 ) ) ;
#2314 = LINE ( 'NONE', #7128, #4287 ) ;
#2315 = LINE ( 'NONE', #7007, #3329 ) ;
#2316 = LINE ( 'NONE', #4163, #4365 ) ;
#2317 = AXIS2_PLACEMENT_3D ( 'NONE', #6135, #7754, #1686 ) ;
#2318 = VERTEX_POINT ( 'NONE', #4230 ) ;
#2319 = CARTESIAN_POINT ( 'NONE',  ( 411.7905678623203600, 100.9816782713105100, -4.649999999999955900 ) ) ;
#2320 = CARTESIAN_POINT ( 'NONE',  ( 411.7405678623203500, 100.9816782713105100, -14.99999999999995000 ) ) ;
#2321 = LINE ( 'NONE', #7949, #2411 ) ;
#2322 = CARTESIAN_POINT ( 'NONE',  ( 409.2505678623203400, 100.9816782713105100, -3.849999999999951700 ) ) ;
#2323 = CARTESIAN_POINT ( 'NONE',  ( 406.6105678623202900, 100.8816782713105100, -15.15000000000000200 ) ) ;
#2324 = DIRECTION ( 'NONE',  ( 1.224606353822377300E-016, -1.000000000000000000, 0.0000000000000000000 ) ) ;
#2325 = ORIENTED_EDGE ( 'NONE', *, *, #3155, .F. ) ;
#2326 = EDGE_CURVE ( 'NONE', #1430, #3873, #4825, .T. ) ;
#2327 = PLANE ( 'NONE',  #491 ) ;
#2328 = AXIS2_PLACEMENT_3D ( 'NONE', #5926, #5986, #5990 ) ;
#2329 = CARTESIAN_POINT ( 'NONE',  ( 397.3905678623203200, 97.74167827131049100, -9.449999999999958400 ) ) ;
#2330 = CARTESIAN_POINT ( 'NONE',  ( 399.2455678623202300, 98.59167827131045700, -11.79999999999995500 ) ) ;
#2331 = DIRECTION ( 'NONE',  ( 1.000000000000000000, 1.499660721822137700E-032, 1.836494048521242700E-048 ) ) ;
#2332 = VERTEX_POINT ( 'NONE', #4642 ) ;
#2333 = AXIS2_PLACEMENT_3D ( 'NONE', #3772, #730, #579 ) ;
#2334 = VERTEX_POINT ( 'NONE', #3956 ) ;
#2335 = PLANE ( 'NONE',  #1892 ) ;
#2336 = PLANE ( 'NONE',  #5177 ) ;
#2337 = CARTESIAN_POINT ( 'NONE',  ( 400.9905678623203500, 100.3416782713105100, -14.84999999999996400 ) ) ;
#2338 = PLANE ( 'NONE',  #1849 ) ;
#2339 = VECTOR ( 'NONE', #415, 1000.000000000000000 ) ;
#2340 = ORIENTED_EDGE ( 'NONE', *, *, #484, .T. ) ;
#2341 = VECTOR ( 'NONE', #1988, 1000.000000000000000 ) ;
#2342 = CARTESIAN_POINT ( 'NONE',  ( 397.3905678623203200, 96.14167827131048200, -9.449999999999960200 ) ) ;
#2343 = AXIS2_PLACEMENT_3D ( 'NONE', #2306, #6961, #6356 ) ;
#2344 = PLANE ( 'NONE',  #2526 ) ;
#2345 = CARTESIAN_POINT ( 'NONE',  ( 397.9905678623202900, 96.49167827131050500, -12.14999999999991200 ) ) ;
#2346 = EDGE_LOOP ( 'NONE', ( #4745, #5639, #5211, #2740 ) ) ;
#2347 = LINE ( 'NONE', #436, #1306 ) ;
#2348 = VECTOR ( 'NONE', #1994, 1000.000000000000000 ) ;
#2349 = AXIS2_PLACEMENT_3D ( 'NONE', #6007, #6064, #6069 ) ;
#2350 = ORIENTED_EDGE ( 'NONE', *, *, #4594, .T. ) ;
#2351 = VERTEX_POINT ( 'NONE', #4724 ) ;
#2352 = VECTOR ( 'NONE', #2695, 1000.000000000000000 ) ;
#2353 = DIRECTION ( 'NONE',  ( 1.000000000000000000, -0.0000000000000000000, 0.0000000000000000000 ) ) ;
#2354 = CARTESIAN_POINT ( 'NONE',  ( 411.7905678623203000, 96.15167827131051600, -9.449999999999960200 ) ) ;
#2355 = DIRECTION ( 'NONE',  ( -1.000000000000000000, -1.224606353822377300E-016, -1.499660721822137400E-032 ) ) ;
#2356 = ORIENTED_EDGE ( 'NONE', *, *, #7854, .T. ) ;
#2357 = VERTEX_POINT ( 'NONE', #4700 ) ;
#2358 = EDGE_LOOP ( 'NONE', ( #6093, #4690, #4364, #6059 ) ) ;
#2359 = ORIENTED_EDGE ( 'NONE', *, *, #7021, .T. ) ;
#2360 = CARTESIAN_POINT ( 'NONE',  ( 404.1705678623203000, 98.44167827131049400, -11.74999999999995000 ) ) ;
#2361 = DIRECTION ( 'NONE',  ( -0.3015113445776028700, 0.3015113445777702400, 0.9045340337333421800 ) ) ;
#2362 = VECTOR ( 'NONE', #2277, 1000.000000000000000 ) ;
#2363 = CARTESIAN_POINT ( 'NONE',  ( 396.3140678623203100, 103.7916782713104700, -11.84999999999993700 ) ) ;
#2364 = CARTESIAN_POINT ( 'NONE',  ( 406.1705678623203000, 100.8816782713105100, -3.549999999999948300 ) ) ;
#2365 = EDGE_LOOP ( 'NONE', ( #3879, #700, #3002, #7733 ) ) ;
#2366 = VERTEX_POINT ( 'NONE', #4738 ) ;
#2367 = ORIENTED_EDGE ( 'NONE', *, *, #4357, .F. ) ;
#2368 = EDGE_LOOP ( 'NONE', ( #2170, #5954, #6333, #6842 ) ) ;
#2369 = ORIENTED_EDGE ( 'NONE', *, *, #5497, .T. ) ;
#2370 = DIRECTION ( 'NONE',  ( 0.0000000000000000000, -1.000000000000000000, -3.673819061467132300E-016 ) ) ;
#2371 = CARTESIAN_POINT ( 'NONE',  ( 414.5905678623203100, 96.49167827131050500, -12.14999999999994900 ) ) ;
#2372 = CARTESIAN_POINT ( 'NONE',  ( 453.4170678623203200, 102.6416782713104700, -3.049999999999954500 ) ) ;
#2373 = PLANE ( 'NONE',  #3780 ) ;
#2374 = AXIS2_PLACEMENT_3D ( 'NONE', #6151, #6166, #6176 ) ;
#2375 = VERTEX_POINT ( 'NONE', #4782 ) ;
#2376 = ORIENTED_EDGE ( 'NONE', *, *, #1181, .F. ) ;
#2377 = DIRECTION ( 'NONE',  ( -1.161763594557826000E-016, 0.9486832980505127700, -0.3162277660168412700 ) ) ;
#2378 = VECTOR ( 'NONE', #342, 1000.000000000000000 ) ;
#2379 = VERTEX_POINT ( 'NONE', #4795 ) ;
#2380 = AXIS2_PLACEMENT_3D ( 'NONE', #5449, #5459, #5465 ) ;
#2381 = DIRECTION ( 'NONE',  ( -4.498982165466410700E-032, 1.000000000000000000, 3.673819061467132300E-016 ) ) ;
#2382 = ORIENTED_EDGE ( 'NONE', *, *, #6732, .F. ) ;
#2383 = DIRECTION ( 'NONE',  ( -0.0000000000000000000, -1.000000000000000000, -2.449212707644754500E-016 ) ) ;
#2384 = VERTEX_POINT ( 'NONE', #4816 ) ;
#2385 = APPROVAL_DATE_TIME ( #2949, #3173 ) ;
#2386 = EDGE_CURVE ( 'NONE', #1459, #2366, #7778, .T. ) ;
#2387 = LINE ( 'NONE', #228, #2057 ) ;
#2388 = ORIENTED_EDGE ( 'NONE', *, *, #1432, .F. ) ;
#2389 = AXIS2_PLACEMENT_3D ( 'NONE', #6179, #6224, #6232 ) ;
#2390 = DIRECTION ( 'NONE',  ( 1.000000000000000000, 1.102145718440137400E-016, 3.673819061467169600E-017 ) ) ;
#2391 = ORIENTED_EDGE ( 'NONE', *, *, #4052, .F. ) ;
#2392 = AXIS2_PLACEMENT_3D ( 'NONE', #1452, #245, #971 ) ;
#2393 = DATE_AND_TIME ( #1124, #1890 ) ;
#2394 = DIRECTION ( 'NONE',  ( 0.0000000000000000000, -3.673819061467132300E-016, 1.000000000000000000 ) ) ;
#2395 = PRODUCT_RELATED_PRODUCT_CATEGORY ( 'detail', '', ( #7619 ) ) ;
#2396 = ORIENTED_EDGE ( 'NONE', *, *, #5076, .T. ) ;
#2397 = CARTESIAN_POINT ( 'NONE',  ( 406.7105678623203700, 98.44167827131049400, -3.649999999999955900 ) ) ;
#2398 = ADVANCED_FACE ( 'NONE', ( #3949 ), #4970, .T. ) ;
#2399 = DIRECTION ( 'NONE',  ( 0.3162277660168217900, 0.0000000000000000000, -0.9486832980505192100 ) ) ;
#2400 = LINE ( 'NONE', #4033, #4151 ) ;
#2401 = EDGE_LOOP ( 'NONE', ( #2356, #1117, #7818, #3277 ) ) ;
#2402 = DIRECTION ( 'NONE',  ( 0.0000000000000000000, 1.000000000000000000, 3.673819061467132300E-016 ) ) ;
#2403 = VECTOR ( 'NONE', #2134, 1000.000000000000100 ) ;
#2404 = LINE ( 'NONE', #3371, #3604 ) ;
#2405 = FACE_OUTER_BOUND ( 'NONE', #4277, .T. ) ;
#2406 = CARTESIAN_POINT ( 'NONE',  ( 406.3905678623203200, 104.0916779814599200, -12.43309518948451900 ) ) ;
#2407 = VECTOR ( 'NONE', #2485, 1000.000000000000000 ) ;
#2408 = DIRECTION ( 'NONE',  ( 0.0000000000000000000, -1.224606353822377500E-016, 1.000000000000000000 ) ) ;
#2409 = EDGE_LOOP ( 'NONE', ( #7747, #2268, #2137, #4723 ) ) ;
#2410 = CARTESIAN_POINT ( 'NONE',  ( 400.9905678623202900, 100.3416782713105100, -3.849999999999949900 ) ) ;
#2411 = VECTOR ( 'NONE', #4777, 1000.000000000000100 ) ;
#2412 = VECTOR ( 'NONE', #2220, 1000.000000000000000 ) ;
#2413 = ORIENTED_EDGE ( 'NONE', *, *, #5789, .T. ) ;
#2414 = LINE ( 'NONE', #6830, #2772 ) ;
#2415 = CARTESIAN_POINT ( 'NONE',  ( 406.3905678623203800, 102.2916782713104900, -12.14999999999992600 ) ) ;
#2416 = DIRECTION ( 'NONE',  ( 1.000000000000000000, 3.672988097042484200E-048, -2.999321443644274900E-032 ) ) ;
#2417 = CARTESIAN_POINT ( 'NONE',  ( 401.6305678623202800, 97.80167827131052100, -3.849999999999947200 ) ) ;
#2418 = ORIENTED_EDGE ( 'NONE', *, *, #702, .F. ) ;
#2419 = CARTESIAN_POINT ( 'NONE',  ( 415.3905678623203200, 102.6416782713104800, -3.550000000000002000 ) ) ;
#2420 = EDGE_CURVE ( 'NONE', #701, #2094, #2517, .T. ) ;
#2421 = ORIENTED_EDGE ( 'NONE', *, *, #985, .F. ) ;
#2422 = AXIS2_PLACEMENT_3D ( 'NONE', #6160, #6262, #6350 ) ;
#2423 = PLANE ( 'NONE',  #6408 ) ;
#2424 = ORIENTED_EDGE ( 'NONE', *, *, #5824, .T. ) ;
#2425 = DIRECTION ( 'NONE',  ( -4.814824860969618200E-029, 3.469446951954140800E-015, 1.000000000000000000 ) ) ;
#2426 = CARTESIAN_POINT ( 'NONE',  ( 408.6405678623202700, 95.64167827131045400, -3.049999999999956300 ) ) ;
#2427 = DIRECTION ( 'NONE',  ( -0.0000000000000000000, -0.0000000000000000000, 1.000000000000000000 ) ) ;
#2428 = CARTESIAN_POINT ( 'NONE',  ( 406.3901871718888400, 103.8416782713104700, -3.649999999999967900 ) ) ;
#2429 = VECTOR ( 'NONE', #721, 1000.000000000000000 ) ;
#2430 = VERTEX_POINT ( 'NONE', #5029 ) ;
#2431 = AXIS2_PLACEMENT_3D ( 'NONE', #7068, #7066, #7062 ) ;
#2432 = LINE ( 'NONE', #1176, #3751 ) ;
#2433 = AXIS2_PLACEMENT_3D ( 'NONE', #6266, #6456, #6428 ) ;
#2434 = CARTESIAN_POINT ( 'NONE',  ( 403.5305678623203100, 100.3416782713105000, -4.649999999999955900 ) ) ;
#2435 = CARTESIAN_POINT ( 'NONE',  ( 406.6105678623202900, 97.90167827131051600, -15.14999999999996100 ) ) ;
#2436 = VERTEX_POINT ( 'NONE', #3825 ) ;
#2437 = DIRECTION ( 'NONE',  ( 0.0000000000000000000, 0.7071067811865440200, -0.7071067811865511300 ) ) ;
#2438 = AXIS2_PLACEMENT_3D ( 'NONE', #3548, #1425, #397 ) ;
#2439 = ADVANCED_FACE ( 'NONE', ( #594 ), #3461, .T. ) ;
#2440 = ORIENTED_EDGE ( 'NONE', *, *, #4198, .T. ) ;
#2441 = AXIS2_PLACEMENT_3D ( 'NONE', #4485, #797, #5110 ) ;
#2442 = VERTEX_POINT ( 'NONE', #5334 ) ;
#2443 = ORIENTED_EDGE ( 'NONE', *, *, #6468, .F. ) ;
#2444 = VECTOR ( 'NONE', #314, 1000.000000000000100 ) ;
#2445 = VECTOR ( 'NONE', #26, 1000.000000000000000 ) ;
#2446 = PLANE ( 'NONE',  #4696 ) ;
#2447 = DIRECTION ( 'NONE',  ( 1.000000000000000000, -1.224606353822377300E-016, 1.499660721822137400E-032 ) ) ;
#2448 = PLANE ( 'NONE',  #2780 ) ;
#2449 = LINE ( 'NONE', #3965, #1082 ) ;
#2450 = ORIENTED_EDGE ( 'NONE', *, *, #6186, .T. ) ;
#2451 = EDGE_CURVE ( 'NONE', #1010, #7471, #1275, .T. ) ;
#2452 = DIRECTION ( 'NONE',  ( 1.000000000000000000, 0.0000000000000000000, 0.0000000000000000000 ) ) ;
#2453 = ORIENTED_EDGE ( 'NONE', *, *, #6558, .T. ) ;
#2454 = ORIENTED_EDGE ( 'NONE', *, *, #4790, .F. ) ;
#2455 = PLANE ( 'NONE',  #7397 ) ;
#2456 = ORIENTED_EDGE ( 'NONE', *, *, #4681, .F. ) ;
#2457 = PLANE ( 'NONE',  #2635 ) ;
#2458 = ORIENTED_EDGE ( 'NONE', *, *, #3841, .T. ) ;
#2459 = VECTOR ( 'NONE', #2972, 1000.000000000000000 ) ;
#2460 = DIRECTION ( 'NONE',  ( -0.3015113445777507500, -0.3015113445777507500, -0.9045340337332994400 ) ) ;
#2461 = DIRECTION ( 'NONE',  ( 0.0000000000000000000, -1.000000000000000000, 0.0000000000000000000 ) ) ;
#2462 =( NAMED_UNIT ( * ) PLANE_ANGLE_UNIT ( ) SI_UNIT ( $, .RADIAN. ) );
#2463 = ORIENTED_EDGE ( 'NONE', *, *, #7554, .F. ) ;
#2464 = ORIENTED_EDGE ( 'NONE', *, *, #5046, .T. ) ;
#2465 = FACE_OUTER_BOUND ( 'NONE', #4109, .T. ) ;
#2466 = EDGE_LOOP ( 'NONE', ( #1911, #4117, #4237, #4028 ) ) ;
#2467 = ORIENTED_EDGE ( 'NONE', *, *, #6226, .T. ) ;
#2468 = VECTOR ( 'NONE', #209, 1000.000000000000000 ) ;
#2469 = DIRECTION ( 'NONE',  ( 0.3162277660168276200, 3.098036252154232300E-016, -0.9486832980505173200 ) ) ;
#2470 = CARTESIAN_POINT ( 'NONE',  ( 415.3905678623203200, 97.74167827131049100, -5.449999999999960200 ) ) ;
#2471 = CARTESIAN_POINT ( 'NONE',  ( 402.5605678623203400, 95.02067827131064300, -4.049999999999954500 ) ) ;
#2472 = ADVANCED_FACE ( 'NONE', ( #1169 ), #4674, .T. ) ;
#2473 = LINE ( 'NONE', #3725, #7409 ) ;
#2474 = DIRECTION ( 'NONE',  ( 0.0000000000000000000, 0.3162277660168413800, -0.9486832980505125500 ) ) ;
#2475 = DIRECTION ( 'NONE',  ( 1.000000000000000000, -0.0000000000000000000, 0.0000000000000000000 ) ) ;
#2476 = ORIENTED_EDGE ( 'NONE', *, *, #346, .T. ) ;
#2477 = EDGE_CURVE ( 'NONE', #7832, #559, #7443, .T. ) ;
#2478 = EDGE_LOOP ( 'NONE', ( #2424, #7570, #2738, #3147 ) ) ;
#2479 = VECTOR ( 'NONE', #7027, 1000.000000000000000 ) ;
#2480 = DIRECTION ( 'NONE',  ( 1.161763594557826500E-016, -0.9486832980505126600, -0.3162277660168414400 ) ) ;
#2481 = AXIS2_PLACEMENT_3D ( 'NONE', #737, #1360, #1383 ) ;
#2482 = LINE ( 'NONE', #5581, #949 ) ;
#2483 = EDGE_LOOP ( 'NONE', ( #3225, #7935, #4807, #1761 ) ) ;
#2484 = AXIS2_PLACEMENT_3D ( 'NONE', #7773, #7648, #7641 ) ;
#2485 = DIRECTION ( 'NONE',  ( 0.0000000000000000000, -1.224606353822377500E-016, 1.000000000000000000 ) ) ;
#2486 = CARTESIAN_POINT ( 'NONE',  ( 408.6105678623203500, 100.9816782713105100, -14.84999999999995900 ) ) ;
#2487 = CARTESIAN_POINT ( 'NONE',  ( 408.7105678623203700, 98.44167827131049400, -15.14999999999991300 ) ) ;
#2488 = AXIS2_PLACEMENT_3D ( 'NONE', #7087, #7046, #7040 ) ;
#2489 = APPROVAL_PERSON_ORGANIZATION ( #3012, #4173, #4971 ) ;
#2490 = CARTESIAN_POINT ( 'NONE',  ( 403.2305678623203000, 98.74167827131049100, -11.84999999999994800 ) ) ;
#2491 = ORIENTED_EDGE ( 'NONE', *, *, #7509, .F. ) ;
#2492 = CARTESIAN_POINT ( 'NONE',  ( 397.4640678623202900, 96.14167827131049600, -3.049999999999954500 ) ) ;
#2493 = DIRECTION ( 'NONE',  ( 0.8944271909999158600, 2.190642442259995600E-016, -0.4472135954999580400 ) ) ;
#2494 = ORIENTED_EDGE ( 'NONE', *, *, #4762, .T. ) ;
#2495 = DIRECTION ( 'NONE',  ( -0.4472135954999579800, 0.0000000000000000000, -0.8944271909999157400 ) ) ;
#2496 = LINE ( 'NONE', #1228, #1447 ) ;
#2497 = EDGE_LOOP ( 'NONE', ( #5715, #3500, #7092, #407 ) ) ;
#2498 = LINE ( 'NONE', #1804, #1933 ) ;
#2499 = DIRECTION ( 'NONE',  ( 0.0000000000000000000, -1.224606353822377500E-016, 1.000000000000000000 ) ) ;
#2500 = EDGE_CURVE ( 'NONE', #2951, #1060, #2797, .T. ) ;
#2501 = VECTOR ( 'NONE', #4437, 1000.000000000000000 ) ;
#2502 = CARTESIAN_POINT ( 'NONE',  ( 396.2905678623203000, 97.74167827131049100, -5.449999999999960200 ) ) ;
#2503 = VECTOR ( 'NONE', #5521, 1000.000000000000000 ) ;
#2504 = CARTESIAN_POINT ( 'NONE',  ( 401.3105678623202800, 98.12167827131051500, -3.549999999999954500 ) ) ;
#2505 = CARTESIAN_POINT ( 'NONE',  ( 401.6305678623202800, 98.44167827131050800, -14.84999999999996400 ) ) ;
#2506 = VECTOR ( 'NONE', #4609, 1000.000000000000000 ) ;
#2507 = VERTEX_POINT ( 'NONE', #7026 ) ;
#2508 = ADVANCED_FACE ( 'NONE', ( #1699 ), #5504, .F. ) ;
#2509 = ORIENTED_EDGE ( 'NONE', *, *, #2103, .T. ) ;
#2510 = DIRECTION ( 'NONE',  ( 0.0000000000000000000, 0.3162277660168412200, 0.9486832980505126600 ) ) ;
#2511 = PERSON_AND_ORGANIZATION_ROLE ( 'creator' ) ;
#2512 = CARTESIAN_POINT ( 'NONE',  ( 409.2505678623202800, 98.44167827131050800, -3.849999999999947700 ) ) ;
#2513 = EDGE_LOOP ( 'NONE', ( #6511, #6041, #6122, #5653 ) ) ;
#2514 = DIRECTION ( 'NONE',  ( 7.347638122933105400E-017, -1.000000000000000000, 2.449212707644919700E-017 ) ) ;
#2515 = AXIS2_PLACEMENT_3D ( 'NONE', #4914, #1938, #2160 ) ;
#2516 = CARTESIAN_POINT ( 'NONE',  ( 411.7905678623203600, 98.34167827131049900, -15.14999999999995900 ) ) ;
#2517 = LINE ( 'NONE', #7268, #3553 ) ;
#2518 = CARTESIAN_POINT ( 'NONE',  ( 408.6105678623203500, 98.44167827131049400, -3.649999999999955900 ) ) ;
#2519 = VECTOR ( 'NONE', #1852, 1000.000000000000100 ) ;
#2520 = VECTOR ( 'NONE', #2151, 1000.000000000000000 ) ;
#2521 = AXIS2_PLACEMENT_3D ( 'NONE', #3867, #3876, #3888 ) ;
#2522 = CARTESIAN_POINT ( 'NONE',  ( 415.1640678623202200, 101.0416782713104700, -9.449999999999960200 ) ) ;
#2523 = ADVANCED_FACE ( 'NONE', ( #4834 ), #5054, .T. ) ;
#2524 = LINE ( 'NONE', #3832, #1863 ) ;
#2525 = ORIENTED_EDGE ( 'NONE', *, *, #7479, .T. ) ;
#2526 = AXIS2_PLACEMENT_3D ( 'NONE', #7351, #3906, #5588 ) ;
#2527 = LINE ( 'NONE', #7105, #2621 ) ;
#2528 = DIRECTION ( 'NONE',  ( -1.000000000000000000, -1.499660721822137700E-032, -1.836494048521242700E-048 ) ) ;
#2529 = DIRECTION ( 'NONE',  ( 0.0000000000000000000, -1.224606353822377500E-016, 1.000000000000000000 ) ) ;
#2530 = DIRECTION ( 'NONE',  ( 1.499660721822137400E-032, 1.836494048521242100E-048, 1.000000000000000000 ) ) ;
#2531 = FACE_OUTER_BOUND ( 'NONE', #1596, .T. ) ;
#2532 = AXIS2_PLACEMENT_3D ( 'NONE', #647, #609, #676 ) ;
#2533 = AXIS2_PLACEMENT_3D ( 'NONE', #4887, #4297, #610 ) ;
#2534 = ORIENTED_EDGE ( 'NONE', *, *, #541, .F. ) ;
#2535 = DIRECTION ( 'NONE',  ( 0.3162277660168217900, 0.0000000000000000000, -0.9486832980505192100 ) ) ;
#2536 = ORIENTED_EDGE ( 'NONE', *, *, #5425, .T. ) ;
#2537 = APPROVAL_ROLE ( '' ) ;
#2538 = DIRECTION ( 'NONE',  ( -0.3015113445777680100, -0.3015113445778099300, 0.9045340337332740100 ) ) ;
#2539 = CARTESIAN_POINT ( 'NONE',  ( 406.6105678623202900, 97.90167827131051600, -3.549999999999940300 ) ) ;
#2540 = ORIENTED_EDGE ( 'NONE', *, *, #6633, .T. ) ;
#2541 = ORIENTED_EDGE ( 'NONE', *, *, #417, .T. ) ;
#2542 = ORIENTED_EDGE ( 'NONE', *, *, #6251, .T. ) ;
#2543 = ORIENTED_EDGE ( 'NONE', *, *, #5753, .F. ) ;
#2544 = FACE_BOUND ( 'NONE', #4259, .T. ) ;
#2545 = DIRECTION ( 'NONE',  ( 0.0000000000000000000, 3.673819061467132300E-016, -1.000000000000000000 ) ) ;
#2546 = ADVANCED_FACE ( 'NONE', ( #678 ), #7764, .T. ) ;
#2547 = DIRECTION ( 'NONE',  ( 0.0000000000000000000, 0.0000000000000000000, -1.000000000000000000 ) ) ;
#2548 = ORIENTED_EDGE ( 'NONE', *, *, #4489, .F. ) ;
#2549 = ORIENTED_EDGE ( 'NONE', *, *, #7383, .F. ) ;
#2550 = CARTESIAN_POINT ( 'NONE',  ( 398.1905678623202200, 102.2916782713104600, -11.84999999999993600 ) ) ;
#2551 = EDGE_LOOP ( 'NONE', ( #3027, #3290, #4400, #6607 ) ) ;
#2552 = ORIENTED_EDGE ( 'NONE', *, *, #717, .F. ) ;
#2553 = AXIS2_PLACEMENT_3D ( 'NONE', #5611, #5732, #5755 ) ;
#2554 = VECTOR ( 'NONE', #4196, 1000.000000000000000 ) ;
#2555 = CARTESIAN_POINT ( 'NONE',  ( 401.5305678623202500, 100.6616782713105400, -15.14999999999994400 ) ) ;
#2556 = CARTESIAN_POINT ( 'NONE',  ( 401.6305678623202800, 100.9816782713105100, -9.449999999999958400 ) ) ;
#2557 = CARTESIAN_POINT ( 'NONE',  ( 403.2305678623203000, 99.40167827131050200, -11.84999999999993700 ) ) ;
#2558 = ORIENTED_EDGE ( 'NONE', *, *, #7315, .F. ) ;
#2559 = VECTOR ( 'NONE', #5383, 1000.000000000000100 ) ;
#2560 = ORIENTED_EDGE ( 'NONE', *, *, #5043, .T. ) ;
#2561 = AXIS2_PLACEMENT_3D ( 'NONE', #956, #1553, #1097 ) ;
#2562 = DIRECTION ( 'NONE',  ( -0.9486832980504924500, -7.745090630384469000E-017, -0.3162277660169020000 ) ) ;
#2563 = DIRECTION ( 'NONE',  ( 3.872545315192789200E-017, -0.3162277660168406600, -0.9486832980505129900 ) ) ;
#2564 = ORIENTED_EDGE ( 'NONE', *, *, #985, .T. ) ;
#2565 = ORIENTED_EDGE ( 'NONE', *, *, #3530, .T. ) ;
#2566 = FACE_OUTER_BOUND ( 'NONE', #5062, .T. ) ;
#2567 = DIRECTION ( 'NONE',  ( -0.0000000000000000000, -1.000000000000000000, -3.673819061467132300E-016 ) ) ;
#2568 = VERTEX_POINT ( 'NONE', #4401 ) ;
#2569 = AXIS2_PLACEMENT_3D ( 'NONE', #2294, #4842, #1635 ) ;
#2570 = CARTESIAN_POINT ( 'NONE',  ( 406.7105678623203700, 98.39167827131051100, -14.99999999999995000 ) ) ;
#2571 = DIRECTION ( 'NONE',  ( -0.3162277660169020000, 0.0000000000000000000, 0.9486832980504924500 ) ) ;
#2572 = LINE ( 'NONE', #5621, #7473 ) ;
#2573 = DIRECTION ( 'NONE',  ( -3.872545315192717100E-017, -0.3162277660168343900, -0.9486832980505149900 ) ) ;
#2574 = AXIS2_PLACEMENT_3D ( 'NONE', #5787, #1370, #1125 ) ;
#2575 = FACE_OUTER_BOUND ( 'NONE', #3137, .T. ) ;
#2576 = AXIS2_PLACEMENT_3D ( 'NONE', #1238, #1219, #1244 ) ;
#2577 = DIRECTION ( 'NONE',  ( 0.0000000000000000000, 0.0000000000000000000, 1.000000000000000000 ) ) ;
#2578 = VECTOR ( 'NONE', #7784, 1000.000000000000000 ) ;
#2579 = PLANE ( 'NONE',  #2691 ) ;
#2580 = AXIS2_PLACEMENT_3D ( 'NONE', #2087, #2143, #2171 ) ;
#2581 = CARTESIAN_POINT ( 'NONE',  ( 406.6105678623202900, 100.9816782713105100, -15.15000000000000000 ) ) ;
#2582 = VECTOR ( 'NONE', #2199, 1000.000000000000000 ) ;
#2583 = PLANE ( 'NONE',  #7825 ) ;
#2584 = ORIENTED_EDGE ( 'NONE', *, *, #7448, .T. ) ;
#2585 = DIRECTION ( 'NONE',  ( 0.0000000000000000000, -1.000000000000000000, -3.673819061467132300E-016 ) ) ;
#2586 = FACE_OUTER_BOUND ( 'NONE', #82, .T. ) ;
#2587 = EDGE_CURVE ( 'NONE', #849, #1199, #575, .T. ) ;
#2588 = ADVANCED_FACE ( 'NONE', ( #1284 ), #2066, .T. ) ;
#2589 = EDGE_CURVE ( 'NONE', #2029, #39, #7796, .T. ) ;
#2590 = LOCAL_TIME ( 0, 22, 13.00000000000000000, #7849 ) ;
#2591 = DIRECTION ( 'NONE',  ( 0.0000000000000000000, 0.9486832980505149900, -0.3162277660168343900 ) ) ;
#2592 = FACE_OUTER_BOUND ( 'NONE', #2154, .T. ) ;
#2593 = VERTEX_POINT ( 'NONE', #7842 ) ;
#2594 = CARTESIAN_POINT ( 'NONE',  ( 404.1705678623203000, 96.15167827131051600, -9.449999999999960200 ) ) ;
#2595 = CARTESIAN_POINT ( 'NONE',  ( 404.4705678623203100, 99.40167827131050200, -11.84999999999993700 ) ) ;
#2596 = VECTOR ( 'NONE', #6670, 1000.000000000000100 ) ;
#2597 = ORIENTED_EDGE ( 'NONE', *, *, #5603, .T. ) ;
#2598 = CARTESIAN_POINT ( 'NONE',  ( 401.5305678623202500, 97.96167827131053200, -3.549999999999954500 ) ) ;
#2599 = ORIENTED_EDGE ( 'NONE', *, *, #3335, .T. ) ;
#2600 = CARTESIAN_POINT ( 'NONE',  ( 411.1505678623203200, 100.9816782713105000, -14.84999999999996400 ) ) ;
#2601 = EDGE_CURVE ( 'NONE', #4285, #6137, #4054, .T. ) ;
#2602 = DIRECTION ( 'NONE',  ( 0.0000000000000000000, 1.000000000000000000, 3.673819061467132300E-016 ) ) ;
#2603 = DIRECTION ( 'NONE',  ( 1.000000000000000000, 0.0000000000000000000, 0.0000000000000000000 ) ) ;
#2604 = VERTEX_POINT ( 'NONE', #2973 ) ;
#2605 = CARTESIAN_POINT ( 'NONE',  ( 412.0905678623202600, 100.0416782713104700, -11.84999999999994800 ) ) ;
#2606 = VECTOR ( 'NONE', #6870, 1000.000000000000000 ) ;
#2607 = CARTESIAN_POINT ( 'NONE',  ( 414.8405678623203100, 103.7916782713104700, -3.649999999999948800 ) ) ;
#2608 = DIRECTION ( 'NONE',  ( -0.0000000000000000000, -1.000000000000000000, -3.673819061467132300E-016 ) ) ;
#2609 = VERTEX_POINT ( 'NONE', #267 ) ;
#2610 = CARTESIAN_POINT ( 'NONE',  ( 406.7105678623203700, 100.3416782713104900, -9.449999999999958400 ) ) ;
#2611 = ORIENTED_EDGE ( 'NONE', *, *, #207, .F. ) ;
#2612 = CARTESIAN_POINT ( 'NONE',  ( 409.1505678623203200, 100.8216782713105000, -3.549999999999990500 ) ) ;
#2613 = LINE ( 'NONE', #1393, #3958 ) ;
#2614 = LINE ( 'NONE', #7960, #5082 ) ;
#2615 = DIRECTION ( 'NONE',  ( 7.347638122934556200E-017, -1.000000000000000000, 2.449212707644713000E-017 ) ) ;
#2616 = CARTESIAN_POINT ( 'NONE',  ( 409.1505678623204300, 97.90167827131050200, -3.549999999999965600 ) ) ;
#2617 = DIRECTION ( 'NONE',  ( 9.655296069935245900E-033, -1.182393691527893000E-048, 1.000000000000000000 ) ) ;
#2618 = ADVANCED_FACE ( 'NONE', ( #7787 ), #5927, .T. ) ;
#2619 = ORIENTED_EDGE ( 'NONE', *, *, #6590, .F. ) ;
#2620 = EDGE_LOOP ( 'NONE', ( #337, #2260, #5123, #2636 ) ) ;
#2621 = VECTOR ( 'NONE', #7047, 999.9999999999998900 ) ;
#2622 = CARTESIAN_POINT ( 'NONE',  ( 408.7705678623203200, 100.4416782713104900, -3.549999999999957200 ) ) ;
#2623 = CARTESIAN_POINT ( 'NONE',  ( 409.5505678623202900, 101.2816782713104800, -11.84999999999994800 ) ) ;
#2624 = CARTESIAN_POINT ( 'NONE',  ( 416.4905678623202900, 97.74167827131049100, -11.84999999999993700 ) ) ;
#2625 = DIRECTION ( 'NONE',  ( -1.000000000000000000, -1.499660721822137700E-032, -1.836494048521242700E-048 ) ) ;
#2626 = ORIENTED_EDGE ( 'NONE', *, *, #4639, .F. ) ;
#2627 = EDGE_LOOP ( 'NONE', ( #7155, #5853, #1794, #3252 ) ) ;
#2628 = LINE ( 'NONE', #5190, #4995 ) ;
#2629 = ADVANCED_FACE ( 'NONE', ( #5423 ), #6698, .T. ) ;
#2630 = ORIENTED_EDGE ( 'NONE', *, *, #5764, .F. ) ;
#2631 = ORIENTED_EDGE ( 'NONE', *, *, #3497, .T. ) ;
#2632 = EDGE_LOOP ( 'NONE', ( #1529, #6958, #7160, #1932 ) ) ;
#2633 = DIRECTION ( 'NONE',  ( 0.0000000000000000000, -1.224606353822377500E-016, 1.000000000000000000 ) ) ;
#2634 = DIRECTION ( 'NONE',  ( -0.0000000000000000000, 1.000000000000000000, 1.836909530733566100E-016 ) ) ;
#2635 = AXIS2_PLACEMENT_3D ( 'NONE', #2097, #3249, #235 ) ;
#2636 = ORIENTED_EDGE ( 'NONE', *, *, #6960, .F. ) ;
#2637 = EDGE_LOOP ( 'NONE', ( #2664, #2543, #2308, #2812 ) ) ;
#2638 = PLANE ( 'NONE',  #1627 ) ;
#2639 = CARTESIAN_POINT ( 'NONE',  ( 408.6405678623202700, 94.99167827131050500, -9.799999999999954500 ) ) ;
#2640 = DIRECTION ( 'NONE',  ( 0.0000000000000000000, 1.000000000000000000, 1.224606353822377300E-016 ) ) ;
#2641 = VECTOR ( 'NONE', #1400, 1000.000000000000000 ) ;
#2642 = DIRECTION ( 'NONE',  ( 1.224606353822377300E-016, -1.000000000000000000, 0.0000000000000000000 ) ) ;
#2643 = DIRECTION ( 'NONE',  ( 1.000000000000000000, 1.224606353822383000E-017, -3.673819061467140600E-017 ) ) ;
#2644 = ORIENTED_EDGE ( 'NONE', *, *, #6538, .F. ) ;
#2645 = DATE_AND_TIME ( #5354, #5393 ) ;
#2646 = DIRECTION ( 'NONE',  ( -0.0000000000000000000, -0.0000000000000000000, 1.000000000000000000 ) ) ;
#2647 = ORIENTED_EDGE ( 'NONE', *, *, #387, .T. ) ;
#2648 = PLANE ( 'NONE',  #2010 ) ;
#2649 = DIRECTION ( 'NONE',  ( 0.0000000000000000000, 0.9486832980505149900, -0.3162277660168343900 ) ) ;
#2650 = CARTESIAN_POINT ( 'NONE',  ( 405.7705678623203200, 99.40167827131050200, -11.84999999999993700 ) ) ;
#2651 = PLANE ( 'NONE',  #4118 ) ;
#2652 = VERTEX_POINT ( 'NONE', #5375 ) ;
#2653 = ORIENTED_EDGE ( 'NONE', *, *, #6236, .F. ) ;
#2654 = FACE_OUTER_BOUND ( 'NONE', #6880, .T. ) ;
#2655 = ADVANCED_FACE ( 'NONE', ( #388 ), #6680, .T. ) ;
#2656 = DIRECTION ( 'NONE',  ( -1.161763594557826000E-016, 0.9486832980505127700, -0.3162277660168412700 ) ) ;
#2657 = EDGE_LOOP ( 'NONE', ( #1206, #7176, #7422, #5341 ) ) ;
#2658 = CARTESIAN_POINT ( 'NONE',  ( 401.3105678623202800, 100.8816782713105200, -3.549999999999954500 ) ) ;
#2659 = AXIS2_PLACEMENT_3D ( 'NONE', #5296, #5231, #4497 ) ;
#2660 = DIRECTION ( 'NONE',  ( -0.3015113445777330400, 0.3015113445777749000, -0.9045340337332973300 ) ) ;
#2661 = CARTESIAN_POINT ( 'NONE',  ( 400.9905678623203500, 98.44167827131050800, -11.74999999999995200 ) ) ;
#2662 = VERTEX_POINT ( 'NONE', #5045 ) ;
#2663 = CYLINDRICAL_SURFACE ( 'NONE', #2228, 0.2500000000000279800 ) ;
#2664 = ORIENTED_EDGE ( 'NONE', *, *, #7734, .T. ) ;
#2665 = AXIS2_PLACEMENT_3D ( 'NONE', #2760, #2789, #2795 ) ;
#2666 = DIRECTION ( 'NONE',  ( -1.000000000000000000, -4.498982165466410700E-032, -1.652844643669117400E-047 ) ) ;
#2667 = DIRECTION ( 'NONE',  ( 7.347638122933105400E-017, -1.000000000000000000, 2.449212707644919700E-017 ) ) ;
#2668 = ORIENTED_EDGE ( 'NONE', *, *, #4752, .F. ) ;
#2669 = AXIS2_PLACEMENT_3D ( 'NONE', #3238, #3245, #3248 ) ;
#2670 = VECTOR ( 'NONE', #4343, 1000.000000000000200 ) ;
#2671 = VERTEX_POINT ( 'NONE', #5988 ) ;
#2672 = VECTOR ( 'NONE', #6415, 1000.000000000000000 ) ;
#2673 = CARTESIAN_POINT ( 'NONE',  ( 401.6305678623202800, 98.44167827131050800, -3.649999999999955900 ) ) ;
#2674 = AXIS2_PLACEMENT_3D ( 'NONE', #5895, #5813, #3450 ) ;
#2675 = CIRCLE ( 'NONE', #7805, 0.2500000000000279800 ) ;
#2676 = DIRECTION ( 'NONE',  ( 0.0000000000000000000, 0.0000000000000000000, -1.000000000000000000 ) ) ;
#2677 = CARTESIAN_POINT ( 'NONE',  ( 404.1705678623203000, 98.44167827131050800, -14.84999999999996600 ) ) ;
#2678 = LINE ( 'NONE', #7151, #6552 ) ;
#2679 = ADVANCED_FACE ( 'NONE', ( #376 ), #7821, .T. ) ;
#2680 = LINE ( 'NONE', #5061, #5608 ) ;
#2681 = VECTOR ( 'NONE', #4181, 1000.000000000000000 ) ;
#2682 = LINE ( 'NONE', #4420, #7855 ) ;
#2683 = VECTOR ( 'NONE', #6745, 1000.000000000000000 ) ;
#2684 = AXIS2_PLACEMENT_3D ( 'NONE', #2858, #1774, #3928 ) ;
#2685 = CARTESIAN_POINT ( 'NONE',  ( 397.6170678623203100, 97.74167827131049100, -11.84999999999993700 ) ) ;
#2686 = PLANE ( 'NONE',  #4017 ) ;
#2687 = ORIENTED_EDGE ( 'NONE', *, *, #2420, .T. ) ;
#2688 = CARTESIAN_POINT ( 'NONE',  ( 406.0148319310322900, 102.2916782713104900, -12.14999999999993800 ) ) ;
#2689 = CARTESIAN_POINT ( 'NONE',  ( 409.2505678623202800, 97.80167827131049300, -3.649999999999955900 ) ) ;
#2690 = DIRECTION ( 'NONE',  ( 0.0000000000000000000, -1.224606353822377500E-016, 1.000000000000000000 ) ) ;
#2691 = AXIS2_PLACEMENT_3D ( 'NONE', #6919, #2656, #2693 ) ;
#2692 = ADVANCED_FACE ( 'NONE', ( #5227 ), #534, .T. ) ;
#2693 = DIRECTION ( 'NONE',  ( 0.0000000000000000000, 0.3162277660168412200, 0.9486832980505126600 ) ) ;
#2694 = ORIENTED_EDGE ( 'NONE', *, *, #5075, .T. ) ;
#2695 = DIRECTION ( 'NONE',  ( 3.018887740049135000E-048, 1.000000000000000000, -7.442132860549297500E-080 ) ) ;
#2696 = ORIENTED_EDGE ( 'NONE', *, *, #538, .T. ) ;
#2697 = DIRECTION ( 'NONE',  ( -1.000000000000000000, -1.499660721822137700E-032, -1.836494048521242700E-048 ) ) ;
#2698 = CARTESIAN_POINT ( 'NONE',  ( 398.4405678623202800, 103.8416782713105000, -3.649999999999949300 ) ) ;
#2699 = PLANE ( 'NONE',  #7340 ) ;
#2700 = ORIENTED_EDGE ( 'NONE', *, *, #6105, .F. ) ;
#2701 = CARTESIAN_POINT ( 'NONE',  ( 404.1405678623203200, 96.84167827131044200, -9.799999999999954500 ) ) ;
#2702 = DIRECTION ( 'NONE',  ( 0.0000000000000000000, 1.000000000000000000, 3.673819061467132300E-016 ) ) ;
#2703 = LINE ( 'NONE', #5158, #4405 ) ;
#2704 = AXIS2_PLACEMENT_3D ( 'NONE', #1601, #2230, #4064 ) ;
#2705 = VECTOR ( 'NONE', #7134, 1000.000000000000100 ) ;
#2706 = ADVANCED_FACE ( 'NONE', ( #986 ), #5796, .T. ) ;
#2707 = CARTESIAN_POINT ( 'NONE',  ( 406.0705678623203300, 98.44167827131047900, -11.74999999999994800 ) ) ;
#2708 = VERTEX_POINT ( 'NONE', #4088 ) ;
#2709 = LINE ( 'NONE', #4006, #6964 ) ;
#2710 = VECTOR ( 'NONE', #4099, 1000.000000000000000 ) ;
#2711 = CARTESIAN_POINT ( 'NONE',  ( 409.2505678623203400, 100.4416782713105100, -15.14999999999995600 ) ) ;
#2712 = CARTESIAN_POINT ( 'NONE',  ( 409.2505678623202800, 96.15167827131051600, -9.449999999999960200 ) ) ;
#2713 = VERTEX_POINT ( 'NONE', #5946 ) ;
#2714 = EDGE_LOOP ( 'NONE', ( #1678, #564, #309, #1388 ) ) ;
#2715 = EDGE_LOOP ( 'NONE', ( #3771, #6131, #5909, #7314 ) ) ;
#2716 = LINE ( 'NONE', #1705, #70 ) ;
#2717 = DIRECTION ( 'NONE',  ( -0.0000000000000000000, 1.224606353822377500E-016, -1.000000000000000000 ) ) ;
#2718 = DIRECTION ( 'NONE',  ( -0.3162277660168278400, 3.098036252154233300E-016, -0.9486832980505172100 ) ) ;
#2719 = CARTESIAN_POINT ( 'NONE',  ( 404.1705678623203000, 98.44167827131049400, -3.649999999999955900 ) ) ;
#2720 = DIRECTION ( 'NONE',  ( -1.000000000000000000, -3.672988097042484200E-048, 2.999321443644274900E-032 ) ) ;
#2721 = CARTESIAN_POINT ( 'NONE',  ( 406.6409485527518100, 103.7916782713104700, -11.84999999999993700 ) ) ;
#2722 = AXIS2_PLACEMENT_3D ( 'NONE', #6572, #7731, #7749 ) ;
#2723 = ORIENTED_EDGE ( 'NONE', *, *, #5057, .F. ) ;
#2724 = ORIENTED_EDGE ( 'NONE', *, *, #4063, .F. ) ;
#2725 = AXIS2_PLACEMENT_3D ( 'NONE', #4077, #3736, #3759 ) ;
#2726 = ORIENTED_EDGE ( 'NONE', *, *, #4504, .T. ) ;
#2727 = VERTEX_POINT ( 'NONE', #3524 ) ;
#2728 = VECTOR ( 'NONE', #3032, 1000.000000000000000 ) ;
#2729 = ADVANCED_FACE ( 'NONE', ( #4450 ), #7079, .F. ) ;
#2730 = DIRECTION ( 'NONE',  ( -0.6882472016115660500, 0.6882472016118208500, 0.2294157338705127600 ) ) ;
#2731 = AXIS2_PLACEMENT_3D ( 'NONE', #7811, #608, #743 ) ;
#2732 = CARTESIAN_POINT ( 'NONE',  ( 404.1705678623203000, 100.3416782713105000, -4.649999999999955900 ) ) ;
#2733 = CARTESIAN_POINT ( 'NONE',  ( 397.9405678623202800, 103.8416782713105000, -11.84999999999993700 ) ) ;
#2734 = CARTESIAN_POINT ( 'NONE',  ( 400.6905678623203400, 101.2816782713104800, -11.84999999999995300 ) ) ;
#2735 = CARTESIAN_POINT ( 'NONE',  ( 411.7905678623203000, 98.44167827131049400, -3.649999999999955900 ) ) ;
#2736 = ORIENTED_EDGE ( 'NONE', *, *, #5350, .T. ) ;
#2737 = ORIENTED_EDGE ( 'NONE', *, *, #5046, .F. ) ;
#2738 = ORIENTED_EDGE ( 'NONE', *, *, #784, .F. ) ;
#2739 = ORIENTED_EDGE ( 'NONE', *, *, #4319, .F. ) ;
#2740 = ORIENTED_EDGE ( 'NONE', *, *, #4211, .T. ) ;
#2741 = AXIS2_PLACEMENT_3D ( 'NONE', #2803, #566, #3144 ) ;
#2742 = ADVANCED_FACE ( 'NONE', ( #4839 ), #4029, .F. ) ;
#2743 = LINE ( 'NONE', #2790, #5924 ) ;
#2744 = DIRECTION ( 'NONE',  ( -1.499660721822137700E-032, 1.000000000000000000, 1.224606353822377500E-016 ) ) ;
#2745 = ORIENTED_EDGE ( 'NONE', *, *, #1533, .T. ) ;
#2746 = CIRCLE ( 'NONE', #2441, 0.1999999999663382200 ) ;
#2747 = CARTESIAN_POINT ( 'NONE',  ( 401.6305678623202800, 100.3416782713105100, -11.74999999999995400 ) ) ;
#2748 = CARTESIAN_POINT ( 'NONE',  ( 401.9305678623203400, 98.74167827131047700, -11.84999999999995700 ) ) ;
#2749 = AXIS2_PLACEMENT_3D ( 'NONE', #751, #487, #593 ) ;
#2750 = VECTOR ( 'NONE', #351, 1000.000000000000000 ) ;
#2751 = ORIENTED_EDGE ( 'NONE', *, *, #6328, .T. ) ;
#2752 = PLANE ( 'NONE',  #918 ) ;
#2753 = DIRECTION ( 'NONE',  ( 0.9486832980504924500, -7.745090630384469000E-017, -0.3162277660169020000 ) ) ;
#2754 = VERTEX_POINT ( 'NONE', #2309 ) ;
#2755 = DIRECTION ( 'NONE',  ( 0.0000000000000000000, -1.000000000000000000, -3.673819061467132300E-016 ) ) ;
#2756 = FACE_OUTER_BOUND ( 'NONE', #6583, .T. ) ;
#2757 = ORIENTED_EDGE ( 'NONE', *, *, #5236, .F. ) ;
#2758 = VECTOR ( 'NONE', #7481, 1000.000000000000000 ) ;
#2759 = DIRECTION ( 'NONE',  ( 0.0000000000000000000, -3.673819061467132300E-016, 1.000000000000000000 ) ) ;
#2760 = CARTESIAN_POINT ( 'NONE',  ( 403.3805678623202800, 99.86667827131049100, -11.79999999999995500 ) ) ;
#2761 = VECTOR ( 'NONE', #965, 999.9999999999998900 ) ;
#2762 = CARTESIAN_POINT ( 'NONE',  ( 416.4905678623202900, 101.0416782713104700, -11.84999999999993700 ) ) ;
#2763 = VERTEX_POINT ( 'NONE', #2639 ) ;
#2764 = VECTOR ( 'NONE', #7781, 1000.000000000000000 ) ;
#2765 = CARTESIAN_POINT ( 'NONE',  ( 406.1705678623203000, 98.34167827131049900, -3.549999999999952300 ) ) ;
#2766 = AXIS2_PLACEMENT_3D ( 'NONE', #5420, #46, #66 ) ;
#2767 = LINE ( 'NONE', #4140, #3650 ) ;
#2768 = ORIENTED_EDGE ( 'NONE', *, *, #7014, .F. ) ;
#2769 = PLANE ( 'NONE',  #2665 ) ;
#2770 = LINE ( 'NONE', #1858, #2429 ) ;
#2771 = VECTOR ( 'NONE', #2266, 1000.000000000000000 ) ;
#2772 = VECTOR ( 'NONE', #6837, 1000.000000000000000 ) ;
#2773 = AXIS2_PLACEMENT_3D ( 'NONE', #5261, #5262, #5268 ) ;
#2774 = LINE ( 'NONE', #67, #6303 ) ;
#2775 = ORIENTED_EDGE ( 'NONE', *, *, #5209, .T. ) ;
#2776 = CARTESIAN_POINT ( 'NONE',  ( 408.6105678623203500, 97.80167827131050700, -11.74999999999994700 ) ) ;
#2777 = DIRECTION ( 'NONE',  ( 1.161763594557826000E-016, -0.9486832980505125500, 0.3162277660168419400 ) ) ;
#2778 = DIRECTION ( 'NONE',  ( 0.0000000000000000000, 1.224606353822377300E-016, -1.000000000000000000 ) ) ;
#2779 = CIRCLE ( 'NONE', #7746, 0.4999999999999449300 ) ;
#2780 = AXIS2_PLACEMENT_3D ( 'NONE', #3831, #1367, #1351 ) ;
#2781 = VECTOR ( 'NONE', #6620, 1000.000000000000000 ) ;
#2782 = LINE ( 'NONE', #6534, #7908 ) ;
#2783 = LINE ( 'NONE', #4538, #2506 ) ;
#2784 = VERTEX_POINT ( 'NONE', #2610 ) ;
#2785 = CARTESIAN_POINT ( 'NONE',  ( 425.4405678623202800, 100.0416782713104700, -11.84999999999993700 ) ) ;
#2786 = VECTOR ( 'NONE', #244, 1000.000000000000000 ) ;
#2787 = CARTESIAN_POINT ( 'NONE',  ( 409.2505678623203400, 100.9816782713105100, -4.649999999999955900 ) ) ;
#2788 = PRODUCT_DEFINITION ( 'UNKNOWN', '', #4863, #3009 ) ;
#2789 = DIRECTION ( 'NONE',  ( 0.3162277660168276700, 3.872545315192757500E-016, -0.9486832980505173200 ) ) ;
#2790 = CARTESIAN_POINT ( 'NONE',  ( 403.5305678623203100, 98.44167827131047900, -14.84999999999997100 ) ) ;
#2791 = ORIENTED_EDGE ( 'NONE', *, *, #5170, .F. ) ;
#2792 = AXIS2_PLACEMENT_3D ( 'NONE', #2032, #3661, #940 ) ;
#2793 = FACE_OUTER_BOUND ( 'NONE', #4988, .T. ) ;
#2794 = DIRECTION ( 'NONE',  ( -0.6882472016117012800, 0.6882472016116696300, 0.2294157338705605000 ) ) ;
#2795 = DIRECTION ( 'NONE',  ( -0.9486832980505172100, 0.0000000000000000000, -0.3162277660168276200 ) ) ;
#2796 = CARTESIAN_POINT ( 'NONE',  ( 408.6105678623203500, 100.3416782713105000, -4.649999999999955900 ) ) ;
#2797 = LINE ( 'NONE', #5265, #3851 ) ;
#2798 = VECTOR ( 'NONE', #2755, 1000.000000000000000 ) ;
#2799 = CARTESIAN_POINT ( 'NONE',  ( 409.5505678623202900, 97.50167827131048200, -11.84999999999994800 ) ) ;
#2800 = DIRECTION ( 'NONE',  ( -2.999321443644274900E-032, 1.224606353822377300E-016, -1.000000000000000000 ) ) ;
#2801 = DIRECTION ( 'NONE',  ( -0.9486832980505192100, -1.549018126077090500E-016, 0.3162277660168217900 ) ) ;
#2802 = CARTESIAN_POINT ( 'NONE',  ( 401.6305678623202800, 100.3416782713105100, -11.74999999999996300 ) ) ;
#2803 = CARTESIAN_POINT ( 'NONE',  ( 414.5905678623202600, 102.2916782713104900, -11.85000000000012600 ) ) ;
#2804 = EDGE_LOOP ( 'NONE', ( #5920, #595, #529, #1545, #7042, #6500, #3615, #4558 ) ) ;
#2805 = CARTESIAN_POINT ( 'NONE',  ( 403.2305678623203000, 99.40167827131050200, -11.84999999999993700 ) ) ;
#2806 = DIRECTION ( 'NONE',  ( 0.0000000000000000000, 1.000000000000000000, 1.224606353822377300E-016 ) ) ;
#2807 = VECTOR ( 'NONE', #1313, 1000.000000000000100 ) ;
#2808 = DIRECTION ( 'NONE',  ( -0.4472135954999507100, 0.0000000000000000000, 0.8944271909999194100 ) ) ;
#2809 = ORIENTED_EDGE ( 'NONE', *, *, #5027, .F. ) ;
#2810 = DIRECTION ( 'NONE',  ( 1.000000000000000000, 1.064154322375103700E-047, -2.896588820980573400E-032 ) ) ;
#2811 = ORIENTED_EDGE ( 'NONE', *, *, #3381, .F. ) ;
#2812 = ORIENTED_EDGE ( 'NONE', *, *, #6856, .F. ) ;
#2813 = LINE ( 'NONE', #87, #2251 ) ;
#2814 = LINE ( 'NONE', #863, #2053 ) ;
#2815 = VECTOR ( 'NONE', #174, 1000.000000000000000 ) ;
#2816 = DIRECTION ( 'NONE',  ( -1.000000000000000000, -1.064154322375103700E-047, 2.896588820980573400E-032 ) ) ;
#2817 = DIRECTION ( 'NONE',  ( -1.224606353822377300E-016, 1.000000000000000000, -0.0000000000000000000 ) ) ;
#2818 = VECTOR ( 'NONE', #3645, 1000.000000000000000 ) ;
#2819 = ORIENTED_EDGE ( 'NONE', *, *, #5762, .F. ) ;
#2820 = ORIENTED_EDGE ( 'NONE', *, *, #3729, .F. ) ;
#2821 = FACE_OUTER_BOUND ( 'NONE', #7963, .T. ) ;
#2822 = DIRECTION ( 'NONE',  ( -0.6882472016118199600, -0.6882472016115652700, 0.2294157338705177500 ) ) ;
#2823 = AXIS2_PLACEMENT_3D ( 'NONE', #3817, #3847, #4228 ) ;
#2824 = EDGE_LOOP ( 'NONE', ( #1632, #1622, #6789, #5447 ) ) ;
#2825 = ORIENTED_EDGE ( 'NONE', *, *, #1407, .T. ) ;
#2826 = ORIENTED_EDGE ( 'NONE', *, *, #1687, .F. ) ;
#2827 = VERTEX_POINT ( 'NONE', #3894 ) ;
#2828 = CARTESIAN_POINT ( 'NONE',  ( 414.3405678623202600, 103.8416782713105000, -11.84999999999993700 ) ) ;
#2829 = DIRECTION ( 'NONE',  ( 7.347638122933105400E-017, -1.000000000000000000, 2.449212707644919700E-017 ) ) ;
#2830 = LINE ( 'NONE', #1081, #5115 ) ;
#2831 = DIRECTION ( 'NONE',  ( 0.0000000000000000000, 0.0000000000000000000, -1.000000000000000000 ) ) ;
#2832 = AXIS2_PLACEMENT_3D ( 'NONE', #832, #359, #301 ) ;
#2833 = DIRECTION ( 'NONE',  ( -1.000000000000000000, -1.064154322375103700E-047, 2.896588820980573400E-032 ) ) ;
#2834 = ORIENTED_EDGE ( 'NONE', *, *, #1501, .F. ) ;
#2835 = LINE ( 'NONE', #1089, #1207 ) ;
#2836 = DIRECTION ( 'NONE',  ( -2.999321443644274900E-032, 1.224606353822377300E-016, -1.000000000000000000 ) ) ;
#2837 = AXIS2_PLACEMENT_3D ( 'NONE', #2122, #2039, #1734 ) ;
#2838 = FACE_OUTER_BOUND ( 'NONE', #5239, .T. ) ;
#2839 = DIRECTION ( 'NONE',  ( 0.0000000000000000000, 1.000000000000000000, 1.224606353822377300E-016 ) ) ;
#2840 = CARTESIAN_POINT ( 'NONE',  ( 403.5305678623203100, 98.44167827131049400, -3.849999999999952100 ) ) ;
#2841 = DIRECTION ( 'NONE',  ( -2.999321443644274900E-032, 1.224606353822377300E-016, -1.000000000000000000 ) ) ;
#2842 = ORIENTED_EDGE ( 'NONE', *, *, #5327, .F. ) ;
#2843 = AXIS2_PLACEMENT_3D ( 'NONE', #1602, #1600, #1624 ) ;
#2844 = DIRECTION ( 'NONE',  ( 0.3015113445777726800, -0.3015113445776889700, -0.9045340337333127600 ) ) ;
#2845 = VECTOR ( 'NONE', #1044, 1000.000000000000200 ) ;
#2846 = VECTOR ( 'NONE', #7930, 1000.000000000000000 ) ;
#2847 = DIRECTION ( 'NONE',  ( -0.0000000000000000000, 1.224606353822377500E-016, -1.000000000000000000 ) ) ;
#2848 = CARTESIAN_POINT ( 'NONE',  ( 406.0705678623203300, 97.80167827131052100, -14.84999999999995200 ) ) ;
#2849 = EDGE_LOOP ( 'NONE', ( #340, #5452, #1187, #4475, #2941, #5839, #5361 ) ) ;
#2850 = PLANE ( 'NONE',  #3545 ) ;
#2851 = EDGE_LOOP ( 'NONE', ( #3653, #6244, #4090, #5516 ) ) ;
#2852 = AXIS2_PLACEMENT_3D ( 'NONE', #6683, #6650, #7480 ) ;
#2853 = VECTOR ( 'NONE', #4066, 1000.000000000000100 ) ;
#2854 = ORIENTED_EDGE ( 'NONE', *, *, #6822, .T. ) ;
#2855 = PLANE ( 'NONE',  #6141 ) ;
#2856 = DIRECTION ( 'NONE',  ( 1.224606353822377300E-016, -1.000000000000000000, -1.224606353822377300E-016 ) ) ;
#2857 = DIRECTION ( 'NONE',  ( 0.4472135954999579800, -0.0000000000000000000, -0.8944271909999157400 ) ) ;
#2858 = CARTESIAN_POINT ( 'NONE',  ( 414.5905678623203100, 96.49167827131050500, -11.84999999999994100 ) ) ;
#2859 = ORIENTED_EDGE ( 'NONE', *, *, #6291, .F. ) ;
#2860 = LINE ( 'NONE', #4607, #3122 ) ;
#2861 = AXIS2_PLACEMENT_3D ( 'NONE', #3834, #5632, #1610 ) ;
#2862 = LINE ( 'NONE', #212, #1701 ) ;
#2863 = DIRECTION ( 'NONE',  ( -0.3015113445777680100, -0.3015113445778099300, 0.9045340337332740100 ) ) ;
#2864 = CARTESIAN_POINT ( 'NONE',  ( 403.6305678623203300, 100.9816782713105100, -15.14999999999993600 ) ) ;
#2865 = VECTOR ( 'NONE', #5957, 1000.000000000000000 ) ;
#2866 = EDGE_LOOP ( 'NONE', ( #3101, #3506, #6933, #1628 ) ) ;
#2867 = VECTOR ( 'NONE', #1257, 1000.000000000000000 ) ;
#2868 = ADVANCED_FACE ( 'NONE', ( #4662 ), #3996, .T. ) ;
#2869 = LINE ( 'NONE', #6437, #1140 ) ;
#2870 = EDGE_LOOP ( 'NONE', ( #6682, #3572, #3337, #2696 ) ) ;
#2871 = AXIS2_PLACEMENT_3D ( 'NONE', #505, #7165, #7078 ) ;
#2872 = VECTOR ( 'NONE', #2857, 1000.000000000000100 ) ;
#2873 = CARTESIAN_POINT ( 'NONE',  ( 396.2905678623203000, 101.0416782713104700, -11.84999999999993700 ) ) ;
#2874 = VECTOR ( 'NONE', #181, 1000.000000000000000 ) ;
#2875 = EDGE_LOOP ( 'NONE', ( #4826, #2164, #2964, #4888 ) ) ;
#2876 = CARTESIAN_POINT ( 'NONE',  ( 401.5305678623202500, 100.4416782713105100, -3.549999999999955900 ) ) ;
#2877 = FACE_OUTER_BOUND ( 'NONE', #2632, .T. ) ;
#2878 = ADVANCED_FACE ( 'NONE', ( #3646 ), #4939, .T. ) ;
#2879 = FACE_OUTER_BOUND ( 'NONE', #1587, .T. ) ;
#2880 = EDGE_LOOP ( 'NONE', ( #3676, #5070, #666, #5981 ) ) ;
#2881 = CARTESIAN_POINT ( 'NONE',  ( 409.2505678623202800, 100.3416782713104900, -4.649999999999955900 ) ) ;
#2882 = DIRECTION ( 'NONE',  ( 1.000000000000000000, 3.672988097042484200E-048, -2.999321443644274900E-032 ) ) ;
#2883 = CARTESIAN_POINT ( 'NONE',  ( 411.7905678623203600, 100.9816782713105100, -4.649999999999955900 ) ) ;
#2884 = PLANE ( 'NONE',  #1334 ) ;
#2885 = ORIENTED_EDGE ( 'NONE', *, *, #5450, .T. ) ;
#2886 = AXIS2_PLACEMENT_3D ( 'NONE', #5820, #5848, #5860 ) ;
#2887 = CARTESIAN_POINT ( 'NONE',  ( 403.5305678623203100, 100.9816782713105000, -11.74999999999995000 ) ) ;
#2888 = ORIENTED_EDGE ( 'NONE', *, *, #4167, .F. ) ;
#2889 = AXIS2_PLACEMENT_3D ( 'NONE', #3618, #7262, #4201 ) ;
#2890 = VERTEX_POINT ( 'NONE', #5483 ) ;
#2891 = CARTESIAN_POINT ( 'NONE',  ( 409.5505678623202900, 99.40167827131050200, -11.84999999999993700 ) ) ;
#2892 = AXIS2_PLACEMENT_3D ( 'NONE', #4122, #381, #4466 ) ;
#2893 = VECTOR ( 'NONE', #7084, 1000.000000000000000 ) ;
#2894 = ORIENTED_EDGE ( 'NONE', *, *, #4139, .F. ) ;
#2895 = CARTESIAN_POINT ( 'NONE',  ( 401.0905678623203100, 97.90167827131051600, -3.549999999999951000 ) ) ;
#2896 = EDGE_LOOP ( 'NONE', ( #7371, #3950, #2186, #1302 ) ) ;
#2897 = PLANE ( 'NONE',  #3374 ) ;
#2898 = FACE_OUTER_BOUND ( 'NONE', #4714, .T. ) ;
#2899 = VECTOR ( 'NONE', #2100, 1000.000000000000000 ) ;
#2900 = CARTESIAN_POINT ( 'NONE',  ( 425.4405678623202800, 98.74167827131049100, -11.84999999999993700 ) ) ;
#2901 = PRODUCT_DEFINITION_SHAPE ( 'NONE', 'NONE',  #3744 ) ;
#2902 = LINE ( 'NONE', #7243, #5237 ) ;
#2903 = ORIENTED_EDGE ( 'NONE', *, *, #5513, .F. ) ;
#2904 = EDGE_LOOP ( 'NONE', ( #3815, #3579, #3049, #5984 ) ) ;
#2905 = TOROIDAL_SURFACE ( 'NONE', #6217, 0.1999999999999779700, 0.3000000000000693200 ) ;
#2906 = FACE_OUTER_BOUND ( 'NONE', #7251, .T. ) ;
#2907 = CARTESIAN_POINT ( 'NONE',  ( 406.0705678623203300, 98.59667827131048100, -11.74999999999994300 ) ) ;
#2908 = DIRECTION ( 'NONE',  ( 1.224606353822377300E-016, -1.000000000000000000, 0.0000000000000000000 ) ) ;
#2909 = ORIENTED_EDGE ( 'NONE', *, *, #5506, .F. ) ;
#2910 = ORIENTED_EDGE ( 'NONE', *, *, #1432, .T. ) ;
#2911 = CIRCLE ( 'NONE', #2576, 0.1999999999999085800 ) ;
#2912 = CARTESIAN_POINT ( 'NONE',  ( 409.2505678623203400, 100.9816782713105100, -15.14999999999995600 ) ) ;
#2913 = DIRECTION ( 'NONE',  ( -1.000000000000000000, 1.224606353822350800E-017, 3.673819061467098100E-017 ) ) ;
#2914 = DIRECTION ( 'NONE',  ( -1.000000000000000000, -1.064154322375103700E-047, 2.896588820980573400E-032 ) ) ;
#2915 = ORIENTED_EDGE ( 'NONE', *, *, #7146, .F. ) ;
#2916 = EDGE_LOOP ( 'NONE', ( #7672, #7357 ) ) ;
#2917 = ORIENTED_EDGE ( 'NONE', *, *, #6482, .T. ) ;
#2918 = ORIENTED_EDGE ( 'NONE', *, *, #6729, .F. ) ;
#2919 = VERTEX_POINT ( 'NONE', #7536 ) ;
#2920 = VECTOR ( 'NONE', #3904, 1000.000000000000000 ) ;
#2921 = CARTESIAN_POINT ( 'NONE',  ( 411.7905678623203600, 98.44167827131049400, -3.849999999999951700 ) ) ;
#2922 = VERTEX_POINT ( 'NONE', #7514 ) ;
#2923 = LINE ( 'NONE', #6735, #5508 ) ;
#2924 = ORIENTED_EDGE ( 'NONE', *, *, #824, .F. ) ;
#2925 = VECTOR ( 'NONE', #1835, 999.9999999999998900 ) ;
#2926 = AXIS2_PLACEMENT_3D ( 'NONE', #1265, #1212, #1280 ) ;
#2927 = AXIS2_PLACEMENT_3D ( 'NONE', #1110, #6811, #6782 ) ;
#2928 = CARTESIAN_POINT ( 'NONE',  ( 400.9905678623202900, 98.44167827131050800, -14.84999999999996800 ) ) ;
#2929 = DIRECTION ( 'NONE',  ( -0.3162277660168276700, 3.098036252154229900E-016, -0.9486832980505173200 ) ) ;
#2930 = EDGE_LOOP ( 'NONE', ( #1180, #1832, #1661, #3633 ) ) ;
#2931 = CARTESIAN_POINT ( 'NONE',  ( 406.7663037936084200, 97.24315013388671500, -12.14999999999984900 ) ) ;
#2932 = CARTESIAN_POINT ( 'NONE',  ( 406.7105678623203700, 100.9816782713105100, -4.649999999999955900 ) ) ;
#2933 = ORIENTED_EDGE ( 'NONE', *, *, #6573, .T. ) ;
#2934 = ORIENTED_EDGE ( 'NONE', *, *, #6701, .T. ) ;
#2935 = EDGE_LOOP ( 'NONE', ( #646, #5832, #745, #4480 ) ) ;
#2936 = LINE ( 'NONE', #4623, #5363 ) ;
#2937 = DIRECTION ( 'NONE',  ( -1.000000000000000000, -1.064154322375103700E-047, 2.896588820980573400E-032 ) ) ;
#2938 = VECTOR ( 'NONE', #3105, 1000.000000000000000 ) ;
#2939 = ORIENTED_EDGE ( 'NONE', *, *, #3575, .T. ) ;
#2940 = CARTESIAN_POINT ( 'NONE',  ( 425.4405678623202800, 101.2816782713104800, -11.84999999999993700 ) ) ;
#2941 = ORIENTED_EDGE ( 'NONE', *, *, #1969, .F. ) ;
#2942 = PERSON_AND_ORGANIZATION ( #2263, #7839 ) ;
#2943 = VERTEX_POINT ( 'NONE', #5741 ) ;
#2944 = DIRECTION ( 'NONE',  ( -1.000000000000000000, -1.499660721822137700E-032, -1.836494048521242700E-048 ) ) ;
#2945 = CARTESIAN_POINT ( 'NONE',  ( 404.1705678623203000, 100.9816782713105100, -4.649999999999955900 ) ) ;
#2946 = DIRECTION ( 'NONE',  ( 0.3015113445777433100, -0.3015113445777433100, -0.9045340337333044300 ) ) ;
#2947 = AXIS2_PLACEMENT_3D ( 'NONE', #2945, #935, #894 ) ;
#2948 = ORIENTED_EDGE ( 'NONE', *, *, #1290, .T. ) ;
#2949 = DATE_AND_TIME ( #7212, #4097 ) ;
#2950 = VECTOR ( 'NONE', #2778, 1000.000000000000000 ) ;
#2951 = VERTEX_POINT ( 'NONE', #5510 ) ;
#2952 = LINE ( 'NONE', #1131, #3726 ) ;
#2953 = DIRECTION ( 'NONE',  ( 1.224606353822377300E-016, 1.000000000000000000, 0.0000000000000000000 ) ) ;
#2954 = VECTOR ( 'NONE', #3588, 1000.000000000000000 ) ;
#2955 = EDGE_LOOP ( 'NONE', ( #4629, #4289, #2647, #4245 ) ) ;
#2956 = FACE_OUTER_BOUND ( 'NONE', #7477, .T. ) ;
#2957 = ADVANCED_FACE ( 'NONE', ( #6017 ), #5311, .T. ) ;
#2958 = VECTOR ( 'NONE', #5071, 1000.000000000000000 ) ;
#2959 = ORIENTED_EDGE ( 'NONE', *, *, #6972, .T. ) ;
#2960 = CARTESIAN_POINT ( 'NONE',  ( 404.1705678623203000, 100.9816782713105100, -3.849999999999953900 ) ) ;
#2961 = LINE ( 'NONE', #693, #2403 ) ;
#2962 = VECTOR ( 'NONE', #2720, 1000.000000000000000 ) ;
#2963 = ORIENTED_EDGE ( 'NONE', *, *, #782, .T. ) ;
#2964 = ORIENTED_EDGE ( 'NONE', *, *, #5594, .F. ) ;
#2965 = DIRECTION ( 'NONE',  ( -1.000000000000000000, -1.224606353822376800E-016, -4.498982165466411200E-032 ) ) ;
#2966 = CARTESIAN_POINT ( 'NONE',  ( 404.0705678623203300, 97.90167827131051600, -15.14999999999994500 ) ) ;
#2967 = ORIENTED_EDGE ( 'NONE', *, *, #5485, .F. ) ;
#2968 = AXIS2_PLACEMENT_3D ( 'NONE', #4870, #3802, #4982 ) ;
#2969 = ADVANCED_FACE ( 'NONE', ( #7701 ), #5358, .T. ) ;
#2970 = FACE_BOUND ( 'NONE', #6330, .T. ) ;
#2971 = AXIS2_PLACEMENT_3D ( 'NONE', #6190, #6243, #6719 ) ;
#2972 = DIRECTION ( 'NONE',  ( -1.499660721822137400E-032, -1.836494048521242100E-048, -1.000000000000000000 ) ) ;
#2973 = CARTESIAN_POINT ( 'NONE',  ( 411.2505678623202800, 98.34167827131049900, -3.549999999999953200 ) ) ;
#2974 = VECTOR ( 'NONE', #5150, 1000.000000000000000 ) ;
#2975 = PLANE ( 'NONE',  #3474 ) ;
#2976 = ORIENTED_EDGE ( 'NONE', *, *, #2326, .F. ) ;
#2977 = LINE ( 'NONE', #6614, #139 ) ;
#2978 = VERTEX_POINT ( 'NONE', #122 ) ;
#2979 = AXIS2_PLACEMENT_3D ( 'NONE', #582, #670, #679 ) ;
#2980 = DIRECTION ( 'NONE',  ( 1.000000000000000000, 1.499660721822137700E-032, 1.836494048521242700E-048 ) ) ;
#2981 = DIRECTION ( 'NONE',  ( 1.000000000000000000, -1.224606353822377300E-016, 1.499660721822137400E-032 ) ) ;
#2982 = VERTEX_POINT ( 'NONE', #5708 ) ;
#2983 = LINE ( 'NONE', #631, #3793 ) ;
#2984 = LINE ( 'NONE', #7446, #339 ) ;
#2985 = ORIENTED_EDGE ( 'NONE', *, *, #3954, .T. ) ;
#2986 = EDGE_LOOP ( 'NONE', ( #7542, #6834, #3983, #7545 ) ) ;
#2987 = DIRECTION ( 'NONE',  ( 1.224606353822377300E-016, 1.000000000000000000, 0.0000000000000000000 ) ) ;
#2988 = LINE ( 'NONE', #6518, #5212 ) ;
#2989 = CARTESIAN_POINT ( 'NONE',  ( 406.7105678623203700, 98.44167827131049400, -14.84999999999995300 ) ) ;
#2990 = VECTOR ( 'NONE', #7260, 1000.000000000000000 ) ;
#2991 = ORIENTED_EDGE ( 'NONE', *, *, #5382, .F. ) ;
#2992 = ORIENTED_EDGE ( 'NONE', *, *, #6869, .F. ) ;
#2993 = ORIENTED_EDGE ( 'NONE', *, *, #7479, .F. ) ;
#2994 = VERTEX_POINT ( 'NONE', #7468 ) ;
#2995 = CARTESIAN_POINT ( 'NONE',  ( 404.0705678623203300, 100.8816782713105100, -15.14999999999994700 ) ) ;
#2996 = CARTESIAN_POINT ( 'NONE',  ( 401.0905678623203100, 100.6616782713105200, -3.549999999999954500 ) ) ;
#2997 = CARTESIAN_POINT ( 'NONE',  ( 411.7905678623203000, 98.44167827131049400, -3.849999999999949900 ) ) ;
#2998 = ORIENTED_EDGE ( 'NONE', *, *, #3679, .F. ) ;
#2999 = EDGE_LOOP ( 'NONE', ( #5511, #7897, #6308, #7624, #3602 ) ) ;
#3000 = ORIENTED_EDGE ( 'NONE', *, *, #4224, .T. ) ;
#3001 = VERTEX_POINT ( 'NONE', #5719 ) ;
#3002 = ORIENTED_EDGE ( 'NONE', *, *, #4373, .F. ) ;
#3003 = LINE ( 'NONE', #5845, #6181 ) ;
#3004 = VECTOR ( 'NONE', #2098, 1000.000000000000000 ) ;
#3005 = DIRECTION ( 'NONE',  ( 1.000000000000000000, 1.499660721822137700E-032, 1.836494048521242700E-048 ) ) ;
#3006 = CARTESIAN_POINT ( 'NONE',  ( 402.5605678623203400, 95.02067827131064300, -4.049999999999954500 ) ) ;
#3007 = ADVANCED_FACE ( 'NONE', ( #5416 ), #5292, .T. ) ;
#3008 = DIRECTION ( 'NONE',  ( 1.161763594557826500E-016, -0.9486832980505126600, -0.3162277660168414400 ) ) ;
#3009 = DESIGN_CONTEXT ( 'detailed design', #5602, 'design' ) ;
#3010 = ORIENTED_EDGE ( 'NONE', *, *, #7150, .T. ) ;
#3011 = EDGE_LOOP ( 'NONE', ( #5962, #2584, #140, #4614 ) ) ;
#3012 = PERSON_AND_ORGANIZATION ( #2263, #7839 ) ;
#3013 = CARTESIAN_POINT ( 'NONE',  ( 398.6905678623201700, 102.2916782713104600, -11.84999999999993600 ) ) ;
#3014 = LINE ( 'NONE', #1856, #165 ) ;
#3015 = AXIS2_PLACEMENT_3D ( 'NONE', #1887, #2282, #1507 ) ;
#3016 = ADVANCED_FACE ( 'NONE', ( #2162 ), #5861, .T. ) ;
#3017 = DIRECTION ( 'NONE',  ( 1.959370166115803200E-016, -1.000000000000000000, -9.796850830579018300E-017 ) ) ;
#3018 = CARTESIAN_POINT ( 'NONE',  ( 396.2905678623203000, 103.8016782713104900, -3.049999999999954500 ) ) ;
#3019 = ORIENTED_EDGE ( 'NONE', *, *, #3598, .T. ) ;
#3020 = EDGE_LOOP ( 'NONE', ( #5891, #6705, #4318, #4626 ) ) ;
#3021 = LINE ( 'NONE', #7578, #5104 ) ;
#3022 = VECTOR ( 'NONE', #6104, 1000.000000000000000 ) ;
#3023 = ORIENTED_EDGE ( 'NONE', *, *, #6199, .T. ) ;
#3024 = CARTESIAN_POINT ( 'NONE',  ( 400.8405678623203100, 98.91667827131048800, -11.79999999999995500 ) ) ;
#3025 = CARTESIAN_POINT ( 'NONE',  ( 410.9955678623202900, 98.44167827131050800, -11.74999999999996100 ) ) ;
#3026 = DIRECTION ( 'NONE',  ( -0.3162277660168276700, 3.872545315192757500E-016, -0.9486832980505173200 ) ) ;
#3027 = ORIENTED_EDGE ( 'NONE', *, *, #3623, .F. ) ;
#3028 = ORIENTED_EDGE ( 'NONE', *, *, #4789, .F. ) ;
#3029 = AXIS2_PLACEMENT_3D ( 'NONE', #108, #597, #623 ) ;
#3030 = VECTOR ( 'NONE', #4701, 1000.000000000000000 ) ;
#3031 = PLANE ( 'NONE',  #4313 ) ;
#3032 = DIRECTION ( 'NONE',  ( 0.0000000000000000000, 1.000000000000000000, 1.224606353822377300E-016 ) ) ;
#3033 = LINE ( 'NONE', #672, #5034 ) ;
#3034 = ORIENTED_EDGE ( 'NONE', *, *, #4779, .T. ) ;
#3035 = CARTESIAN_POINT ( 'NONE',  ( 400.9905678623202900, 98.44167827131049400, -3.649999999999955900 ) ) ;
#3036 = VECTOR ( 'NONE', #851, 1000.000000000000000 ) ;
#3037 = ORIENTED_EDGE ( 'NONE', *, *, #6028, .F. ) ;
#3038 = CARTESIAN_POINT ( 'NONE',  ( 411.7905678623203000, 97.80167827131050700, -14.84999999999996600 ) ) ;
#3039 = DIRECTION ( 'NONE',  ( -0.0000000000000000000, -1.000000000000000000, -3.673819061467132300E-016 ) ) ;
#3040 = VECTOR ( 'NONE', #4806, 1000.000000000000000 ) ;
#3041 = DIRECTION ( 'NONE',  ( 0.0000000000000000000, 0.3162277660168413800, -0.9486832980505125500 ) ) ;
#3042 = LINE ( 'NONE', #7920, #1276 ) ;
#3043 = DIRECTION ( 'NONE',  ( -1.224606353822377300E-016, -1.000000000000000000, -0.0000000000000000000 ) ) ;
#3044 = FACE_OUTER_BOUND ( 'NONE', #7642, .T. ) ;
#3045 = ADVANCED_FACE ( 'NONE', ( #7521 ), #6585, .T. ) ;
#3046 = LINE ( 'NONE', #321, #4813 ) ;
#3047 = VECTOR ( 'NONE', #1918, 1000.000000000000000 ) ;
#3048 = CARTESIAN_POINT ( 'NONE',  ( 425.4405678623202800, 101.2816782713104800, -11.84999999999993700 ) ) ;
#3049 = ORIENTED_EDGE ( 'NONE', *, *, #7745, .F. ) ;
#3050 = CARTESIAN_POINT ( 'NONE',  ( 397.3905678623203200, 96.15167827131051600, -9.449999999999960200 ) ) ;
#3051 = FACE_OUTER_BOUND ( 'NONE', #1030, .T. ) ;
#3052 = ORIENTED_EDGE ( 'NONE', *, *, #5567, .T. ) ;
#3053 = CARTESIAN_POINT ( 'NONE',  ( 404.1405678623203200, 94.99167827131051900, -11.84999999999993700 ) ) ;
#3054 = ORIENTED_EDGE ( 'NONE', *, *, #5142, .F. ) ;
#3055 = DIRECTION ( 'NONE',  ( 0.0000000000000000000, 1.000000000000000000, 1.224606353822377300E-016 ) ) ;
#3056 = ORIENTED_EDGE ( 'NONE', *, *, #4534, .F. ) ;
#3057 = LINE ( 'NONE', #1148, #2867 ) ;
#3058 = VECTOR ( 'NONE', #4686, 1000.000000000000000 ) ;
#3059 = CARTESIAN_POINT ( 'NONE',  ( 401.6305678623202800, 100.3416782713105100, -4.649999999999955900 ) ) ;
#3060 = CARTESIAN_POINT ( 'NONE',  ( 396.3140678623203100, 103.7916782713104700, -11.84999999999993700 ) ) ;
#3061 = VERTEX_POINT ( 'NONE', #5854 ) ;
#3062 = CARTESIAN_POINT ( 'NONE',  ( 415.1640678623202200, 101.0416782713104700, -11.84999999999993700 ) ) ;
#3063 = FACE_OUTER_BOUND ( 'NONE', #624, .T. ) ;
#3064 = ORIENTED_EDGE ( 'NONE', *, *, #4079, .T. ) ;
#3065 = AXIS2_PLACEMENT_3D ( 'NONE', #3399, #1631, #5916 ) ;
#3066 = LINE ( 'NONE', #4624, #7853 ) ;
#3067 = DIRECTION ( 'NONE',  ( 1.000000000000000000, 6.123031769111877700E-017, 6.123031769111883800E-017 ) ) ;
#3068 = APPLICATION_PROTOCOL_DEFINITION ( 'international standard', 'config_control_design', 1994, #6801 ) ;
#3069 = CARTESIAN_POINT ( 'NONE',  ( 404.0705678623203300, 97.90167827131051600, -15.14999999999993600 ) ) ;
#3070 = EDGE_LOOP ( 'NONE', ( #6995, #1506, #4345, #4458 ) ) ;
#3071 = ORIENTED_EDGE ( 'NONE', *, *, #158, .T. ) ;
#3072 = FACE_OUTER_BOUND ( 'NONE', #4960, .T. ) ;
#3073 = FACE_OUTER_BOUND ( 'NONE', #7838, .T. ) ;
#3074 = DIRECTION ( 'NONE',  ( -0.0000000000000000000, -1.000000000000000000, -3.673819061467132300E-016 ) ) ;
#3075 = DIRECTION ( 'NONE',  ( 1.000000000000000000, -0.0000000000000000000, 0.0000000000000000000 ) ) ;
#3076 = ADVANCED_FACE ( 'NONE', ( #5616 ), #2336, .T. ) ;
#3077 = DIRECTION ( 'NONE',  ( -0.6882472016117529000, 0.6882472016116255600, -0.2294157338705378700 ) ) ;
#3078 = ORIENTED_EDGE ( 'NONE', *, *, #6928, .F. ) ;
#3079 = VERTEX_POINT ( 'NONE', #2600 ) ;
#3080 = VECTOR ( 'NONE', #4397, 1000.000000000000000 ) ;
#3081 = DIRECTION ( 'NONE',  ( -1.000000000000000000, -1.102145718440136600E-016, 3.673819061467173300E-017 ) ) ;
#3082 = DIRECTION ( 'NONE',  ( -0.0000000000000000000, -0.0000000000000000000, -1.000000000000000000 ) ) ;
#3083 = VERTEX_POINT ( 'NONE', #7563 ) ;
#3084 = VERTEX_POINT ( 'NONE', #6453 ) ;
#3085 = EDGE_LOOP ( 'NONE', ( #6608, #585, #7075, #2169 ) ) ;
#3086 = DIRECTION ( 'NONE',  ( 0.0000000000000000000, 0.0000000000000000000, -1.000000000000000000 ) ) ;
#3087 = VERTEX_POINT ( 'NONE', #2135 ) ;
#3088 = CARTESIAN_POINT ( 'NONE',  ( 411.7905678623203000, 96.15167827131051600, -9.449999999999960200 ) ) ;
#3089 = ORIENTED_EDGE ( 'NONE', *, *, #7475, .F. ) ;
#3090 = VECTOR ( 'NONE', #1974, 1000.000000000000000 ) ;
#3091 = DIRECTION ( 'NONE',  ( -1.000000000000000000, -1.064154322375103700E-047, 2.896588820980573400E-032 ) ) ;
#3092 = VECTOR ( 'NONE', #2538, 999.9999999999998900 ) ;
#3093 = VERTEX_POINT ( 'NONE', #4886 ) ;
#3094 = DIRECTION ( 'NONE',  ( -0.0000000000000000000, -3.673819061467132300E-016, 1.000000000000000000 ) ) ;
#3095 = SECURITY_CLASSIFICATION_LEVEL ( 'unclassified' ) ;
#3096 = ORIENTED_EDGE ( 'NONE', *, *, #4197, .F. ) ;
#3097 = ORIENTED_EDGE ( 'NONE', *, *, #328, .F. ) ;
#3098 = ORIENTED_EDGE ( 'NONE', *, *, #4546, .T. ) ;
#3099 = CARTESIAN_POINT ( 'NONE',  ( 425.4405678623202800, 101.2816782713104800, -11.84999999999993700 ) ) ;
#3100 = ADVANCED_FACE ( 'NONE', ( #5030 ), #7173, .T. ) ;
#3101 = ORIENTED_EDGE ( 'NONE', *, *, #111, .F. ) ;
#3102 = CARTESIAN_POINT ( 'NONE',  ( 411.7905678623203600, 100.9816782713105100, -3.849999999999951700 ) ) ;
#3103 = B_SPLINE_CURVE_WITH_KNOTS ( 'NONE', 3,
 ( #6403, #7278, #7276, #7270, #7175, #7267, #7258, #7246, #7242, #7238, #7225, #7215, #7209, #7201, #7056, #7190, #7691, #7172 ),
 .UNSPECIFIED., .F., .F.,
 ( 4, 2, 2, 2, 2, 2, 2, 2, 4 ),
 ( 0.0000000000000000000, 0.2499999999990124600, 0.2812499999988952700, 0.3124999999987780900, 0.3749999999987888000, 0.4374999999987994600, 0.4999999999988101700, 0.7499999999994051400, 1.000000000000000000 ),
 .UNSPECIFIED. ) ;
#3104 = CARTESIAN_POINT ( 'NONE',  ( 454.5670678623203600, 96.14167827131048200, -3.549999999999991400 ) ) ;
#3105 = DIRECTION ( 'NONE',  ( 1.224606353822377300E-016, 1.000000000000000000, 0.0000000000000000000 ) ) ;
#3106 = VECTOR ( 'NONE', #4041, 1000.000000000000000 ) ;
#3107 = DIRECTION ( 'NONE',  ( 0.0000000000000000000, 0.0000000000000000000, 1.000000000000000000 ) ) ;
#3108 = ORIENTED_EDGE ( 'NONE', *, *, #574, .F. ) ;
#3109 = PLANE ( 'NONE',  #4957 ) ;
#3110 = EDGE_CURVE ( 'NONE', #4464, #3731, #2902, .T. ) ;
#3111 = EDGE_LOOP ( 'NONE', ( #4823, #7803, #5443, #2074 ) ) ;
#3112 = LINE ( 'NONE', #1321, #626 ) ;
#3113 = DIRECTION ( 'NONE',  ( 1.499660721822137400E-032, 1.836494048521242100E-048, 1.000000000000000000 ) ) ;
#3114 = LINE ( 'NONE', #5111, #3469 ) ;
#3115 = ORIENTED_EDGE ( 'NONE', *, *, #6665, .F. ) ;
#3116 = DIRECTION ( 'NONE',  ( 0.3015113445777369800, -0.3015113445777788400, 0.9045340337332946600 ) ) ;
#3117 = DIRECTION ( 'NONE',  ( 9.655296069935245900E-033, 1.182393691527893000E-048, -1.000000000000000000 ) ) ;
#3118 = VERTEX_POINT ( 'NONE', #4729 ) ;
#3119 = EDGE_CURVE ( 'NONE', #378, #6271, #5892, .T. ) ;
#3120 = ADVANCED_FACE ( 'NONE', ( #1778 ), #7576, .T. ) ;
#3121 = EDGE_CURVE ( 'NONE', #6343, #6029, #1604, .T. ) ;
#3122 = VECTOR ( 'NONE', #4645, 1000.000000000000000 ) ;
#3123 = VECTOR ( 'NONE', #1860, 1000.000000000000000 ) ;
#3124 = DATE_TIME_ROLE ( 'creation_date' ) ;
#3125 = CARTESIAN_POINT ( 'NONE',  ( 406.7105678623203700, 98.44167827131049400, -9.449999999999960200 ) ) ;
#3126 = PLANE ( 'NONE',  #5163 ) ;
#3127 = CIRCLE ( 'NONE', #1826, 0.2000000000000334800 ) ;
#3128 = LINE ( 'NONE', #2518, #2407 ) ;
#3129 = ORIENTED_EDGE ( 'NONE', *, *, #52, .F. ) ;
#3130 = CARTESIAN_POINT ( 'NONE',  ( 401.6305678623202800, 97.80167827131052100, -3.649999999999955900 ) ) ;
#3131 = LINE ( 'NONE', #7590, #6475 ) ;
#3132 = DIRECTION ( 'NONE',  ( 0.3015113445777598500, 0.3015113445778016500, 0.9045340337332794500 ) ) ;
#3133 = EDGE_CURVE ( 'NONE', #2671, #3154, #2613, .T. ) ;
#3134 = LINE ( 'NONE', #7653, #5206 ) ;
#3135 = EDGE_LOOP ( 'NONE', ( #7239, #391, #1130, #2272 ) ) ;
#3136 = LINE ( 'NONE', #3951, #336 ) ;
#3137 = EDGE_LOOP ( 'NONE', ( #3628, #1098 ) ) ;
#3138 = FACE_BOUND ( 'NONE', #3581, .T. ) ;
#3139 = ORIENTED_EDGE ( 'NONE', *, *, #3900, .T. ) ;
#3140 = CARTESIAN_POINT ( 'NONE',  ( 408.9305678623202300, 100.6616782713105100, -3.549999999999954500 ) ) ;
#3141 = DIRECTION ( 'NONE',  ( 1.000000000000000000, 1.499660721822137700E-032, 1.836494048521242700E-048 ) ) ;
#3142 = LOCAL_TIME ( 0, 22, 13.00000000000000000, #7555 ) ;
#3143 = CARTESIAN_POINT ( 'NONE',  ( 408.6105678623203500, 100.9816782713105100, -4.649999999999955900 ) ) ;
#3144 = DIRECTION ( 'NONE',  ( 0.0000000000000000000, -1.000000000000000000, 1.734723475977359100E-015 ) ) ;
#3145 = EDGE_CURVE ( 'NONE', #838, #7965, #3842, .T. ) ;
#3146 = VECTOR ( 'NONE', #569, 1000.000000000000000 ) ;
#3147 = ORIENTED_EDGE ( 'NONE', *, *, #1106, .T. ) ;
#3148 = VERTEX_POINT ( 'NONE', #696 ) ;
#3149 = DIRECTION ( 'NONE',  ( 1.000000000000000000, -0.0000000000000000000, 0.0000000000000000000 ) ) ;
#3150 = CARTESIAN_POINT ( 'NONE',  ( 411.7905678623203000, 100.9816782713105000, -11.74999999999996400 ) ) ;
#3151 = VERTEX_POINT ( 'NONE', #2265 ) ;
#3152 = CARTESIAN_POINT ( 'NONE',  ( 415.1640678623202200, 97.74167827131049100, -11.84999999999993700 ) ) ;
#3153 = EDGE_CURVE ( 'NONE', #6051, #6598, #1947, .T. ) ;
#3154 = VERTEX_POINT ( 'NONE', #3915 ) ;
#3155 = EDGE_CURVE ( 'NONE', #5644, #5872, #5808, .T. ) ;
#3156 = DIRECTION ( 'NONE',  ( 0.0000000000000000000, 1.000000000000000000, 3.673819061467132300E-016 ) ) ;
#3157 = LINE ( 'NONE', #786, #7265 ) ;
#3158 = CARTESIAN_POINT ( 'NONE',  ( 406.6409485527518100, 99.40167827131050200, -11.84999999999993700 ) ) ;
#3159 = ADVANCED_FACE ( 'NONE', ( #3063 ), #4148, .T. ) ;
#3160 = ORIENTED_EDGE ( 'NONE', *, *, #3444, .T. ) ;
#3161 = ORIENTED_EDGE ( 'NONE', *, *, #3911, .F. ) ;
#3162 = DIRECTION ( 'NONE',  ( 1.000000000000000000, 1.224606353822377300E-016, 1.499660721822137400E-032 ) ) ;
#3163 = EDGE_CURVE ( 'NONE', #5775, #1998, #2524, .T. ) ;
#3164 = VECTOR ( 'NONE', #825, 1000.000000000000200 ) ;
#3165 = CARTESIAN_POINT ( 'NONE',  ( 406.8905678623203200, 97.49167827131064700, -12.02573593128788700 ) ) ;
#3166 = ORIENTED_EDGE ( 'NONE', *, *, #3322, .F. ) ;
#3167 = EDGE_CURVE ( 'NONE', #6091, #1576, #1386, .T. ) ;
#3168 = CARTESIAN_POINT ( 'NONE',  ( 406.0705678623203300, 97.80167827131050700, -11.74999999999994300 ) ) ;
#3169 = CARTESIAN_POINT ( 'NONE',  ( 406.8905678623203800, 102.2916782713104900, -11.84999999999977400 ) ) ;
#3170 = CARTESIAN_POINT ( 'NONE',  ( 406.3905678623202700, 98.12167827131050000, -3.549999999999954500 ) ) ;
#3171 = DIRECTION ( 'NONE',  ( -0.0000000000000000000, -1.000000000000000000, -3.673819061467132300E-016 ) ) ;
#3172 = AXIS2_PLACEMENT_3D ( 'NONE', #7447, #2447, #5835 ) ;
#3173 = APPROVAL ( #6242, 'UNSPECIFIED' ) ;
#3174 = VERTEX_POINT ( 'NONE', #3865 ) ;
#3175 = VERTEX_POINT ( 'NONE', #4133 ) ;
#3176 = ORIENTED_EDGE ( 'NONE', *, *, #4853, .F. ) ;
#3177 = CARTESIAN_POINT ( 'NONE',  ( 401.6305678623202800, 100.3416782713105100, -11.74999999999993200 ) ) ;
#3178 = LINE ( 'NONE', #1027, #2520 ) ;
#3179 = VECTOR ( 'NONE', #2005, 1000.000000000000000 ) ;
#3180 = CARTESIAN_POINT ( 'NONE',  ( 401.5305678623202500, 97.90167827131054400, -15.14999999999995400 ) ) ;
#3181 = EDGE_CURVE ( 'NONE', #5589, #4865, #2449, .T. ) ;
#3182 = EDGE_LOOP ( 'NONE', ( #2724, #6121, #2834, #1949 ) ) ;
#3183 = ORIENTED_EDGE ( 'NONE', *, *, #3957, .F. ) ;
#3184 = ORIENTED_EDGE ( 'NONE', *, *, #5677, .F. ) ;
#3185 = ORIENTED_EDGE ( 'NONE', *, *, #3621, .T. ) ;
#3186 = LINE ( 'NONE', #1, #4398 ) ;
#3187 = DIRECTION ( 'NONE',  ( 1.000000000000000000, 0.0000000000000000000, 0.0000000000000000000 ) ) ;
#3188 = CARTESIAN_POINT ( 'NONE',  ( 403.3755678623203400, 97.65167827131048700, -11.79999999999995500 ) ) ;
#3189 = CARTESIAN_POINT ( 'NONE',  ( 409.1505678623203200, 98.28167827131049700, -3.549999999999990500 ) ) ;
#3190 = ORIENTED_EDGE ( 'NONE', *, *, #5274, .F. ) ;
#3191 = VERTEX_POINT ( 'NONE', #4095 ) ;
#3192 = VECTOR ( 'NONE', #4069, 1000.000000000000000 ) ;
#3193 = CARTESIAN_POINT ( 'NONE',  ( 404.1705678623203000, 100.3416782713105000, -11.74999999999995600 ) ) ;
#3194 = ORIENTED_EDGE ( 'NONE', *, *, #6076, .T. ) ;
#3195 = ORIENTED_EDGE ( 'NONE', *, *, #1505, .T. ) ;
#3196 = EDGE_CURVE ( 'NONE', #2081, #3268, #1267, .T. ) ;
#3197 = PLANE ( 'NONE',  #778 ) ;
#3198 = DIRECTION ( 'NONE',  ( -3.872545315192724500E-017, 0.3162277660168353900, -0.9486832980505147700 ) ) ;
#3199 = ORIENTED_EDGE ( 'NONE', *, *, #7130, .T. ) ;
#3200 = EDGE_LOOP ( 'NONE', ( #6828, #2525, #3668, #163 ) ) ;
#3201 = EDGE_LOOP ( 'NONE', ( #6402, #1514, #5655, #438 ) ) ;
#3202 = VECTOR ( 'NONE', #6503, 1000.000000000000000 ) ;
#3203 = ADVANCED_FACE ( 'NONE', ( #161 ), #5204, .T. ) ;
#3204 = VECTOR ( 'NONE', #4291, 1000.000000000000000 ) ;
#3205 = EDGE_CURVE ( 'NONE', #5636, #4958, #1076, .T. ) ;
#3206 = EDGE_CURVE ( 'NONE', #5456, #5644, #365, .T. ) ;
#3207 = ORIENTED_EDGE ( 'NONE', *, *, #3379, .F. ) ;
#3208 = ORIENTED_EDGE ( 'NONE', *, *, #4903, .F. ) ;
#3209 = DIRECTION ( 'NONE',  ( 0.0000000000000000000, 0.9486832980505146600, 0.3162277660168353300 ) ) ;
#3210 = LINE ( 'NONE', #3038, #7909 ) ;
#3211 = ORIENTED_EDGE ( 'NONE', *, *, #6773, .F. ) ;
#3212 = AXIS2_PLACEMENT_3D ( 'NONE', #4020, #2165, #7292 ) ;
#3213 = ORIENTED_EDGE ( 'NONE', *, *, #3575, .F. ) ;
#3214 = CARTESIAN_POINT ( 'NONE',  ( 409.2505678623202800, 100.9816782713105000, -14.84999999999996400 ) ) ;
#3215 = FACE_OUTER_BOUND ( 'NONE', #4333, .T. ) ;
#3216 = EDGE_CURVE ( 'NONE', #5462, #919, #3860, .T. ) ;
#3217 = LINE ( 'NONE', #2014, #3179 ) ;
#3218 = ORIENTED_EDGE ( 'NONE', *, *, #4369, .F. ) ;
#3219 = EDGE_CURVE ( 'NONE', #6331, #1396, #4344, .T. ) ;
#3220 = DIRECTION ( 'NONE',  ( -2.999321443644274900E-032, 1.224606353822377300E-016, -1.000000000000000000 ) ) ;
#3221 = AXIS2_PLACEMENT_3D ( 'NONE', #5427, #6168, #3664 ) ;
#3222 = VECTOR ( 'NONE', #2033, 1000.000000000000000 ) ;
#3223 = CARTESIAN_POINT ( 'NONE',  ( 411.7905678623203600, 98.44167827131049400, -15.14999999999995600 ) ) ;
#3224 = ORIENTED_EDGE ( 'NONE', *, *, #3251, .F. ) ;
#3225 = ORIENTED_EDGE ( 'NONE', *, *, #2019, .F. ) ;
#3226 = EDGE_CURVE ( 'NONE', #6154, #3175, #6674, .T. ) ;
#3227 = VECTOR ( 'NONE', #6259, 1000.000000000000000 ) ;
#3228 = CARTESIAN_POINT ( 'NONE',  ( 415.8905678623203800, 103.8016782713104900, -3.049999999999954500 ) ) ;
#3229 = VECTOR ( 'NONE', #1929, 1000.000000000000000 ) ;
#3230 = ORIENTED_EDGE ( 'NONE', *, *, #6765, .T. ) ;
#3231 = AXIS2_PLACEMENT_3D ( 'NONE', #1638, #1746, #1755 ) ;
#3232 = CARTESIAN_POINT ( 'NONE',  ( 408.7105678623203200, 100.4416782713105100, -3.549999999999959400 ) ) ;
#3233 = FACE_OUTER_BOUND ( 'NONE', #261, .T. ) ;
#3234 = DIRECTION ( 'NONE',  ( -0.6882472016116864000, -0.6882472016116864000, -0.2294157338705555000 ) ) ;
#3235 = VECTOR ( 'NONE', #5879, 1000.000000000000200 ) ;
#3236 = VERTEX_POINT ( 'NONE', #1538 ) ;
#3237 = VECTOR ( 'NONE', #1806, 1000.000000000000000 ) ;
#3238 = CARTESIAN_POINT ( 'NONE',  ( 403.5305678623203100, 100.3416782713105000, -4.649999999999955900 ) ) ;
#3239 = VERTEX_POINT ( 'NONE', #1530 ) ;
#3240 = CARTESIAN_POINT ( 'NONE',  ( 416.4905678623202900, 99.40167827131050200, -11.84999999999993700 ) ) ;
#3241 = CARTESIAN_POINT ( 'NONE',  ( 406.7105678623203700, 97.80167827131050700, -9.449999999999960200 ) ) ;
#3242 = EDGE_CURVE ( 'NONE', #2784, #1396, #4153, .T. ) ;
#3243 = CARTESIAN_POINT ( 'NONE',  ( 400.9905678623203500, 97.80167827131052100, -3.649999999999955900 ) ) ;
#3244 = ADVANCED_FACE ( 'NONE', ( #3462 ), #1558, .T. ) ;
#3245 = DIRECTION ( 'NONE',  ( 1.224606353822377300E-016, -1.000000000000000000, -1.224606353822377300E-016 ) ) ;
#3246 = LINE ( 'NONE', #2624, #1668 ) ;
#3247 = ORIENTED_EDGE ( 'NONE', *, *, #4079, .F. ) ;
#3248 = DIRECTION ( 'NONE',  ( 0.0000000000000000000, 1.224606353822377300E-016, -1.000000000000000000 ) ) ;
#3250 = EDGE_CURVE ( 'NONE', #5437, #7782, #1469, .T. ) ;
#3249 = DIRECTION ( 'NONE',  ( 3.962200009009077100E-049, -1.836909530733566100E-016, 1.000000000000000000 ) ) ;
#3251 = EDGE_CURVE ( 'NONE', #4261, #5726, #4336, .T. ) ;
#3252 = ORIENTED_EDGE ( 'NONE', *, *, #7130, .F. ) ;
#3253 = PLANE ( 'NONE',  #2704 ) ;
#3254 = CARTESIAN_POINT ( 'NONE',  ( 409.2505678623202800, 98.44167827131049400, -3.649999999999955900 ) ) ;
#3255 = CARTESIAN_POINT ( 'NONE',  ( 400.9905678623202900, 98.44167827131049400, -14.84999999999997100 ) ) ;
#3256 = PLANE ( 'NONE',  #5996 ) ;
#3257 = LINE ( 'NONE', #3441, #7609 ) ;
#3258 = EDGE_LOOP ( 'NONE', ( #7946, #723, #360, #3573 ) ) ;
#3259 = EDGE_CURVE ( 'NONE', #3334, #2442, #1688, .T. ) ;
#3260 = LINE ( 'NONE', #3909, #992 ) ;
#3261 = ADVANCED_FACE ( 'NONE', ( #6494 ), #474, .T. ) ;
#3262 = VECTOR ( 'NONE', #4183, 1000.000000000000000 ) ;
#3263 = EDGE_CURVE ( 'NONE', #919, #5644, #3157, .T. ) ;
#3264 = DIRECTION ( 'NONE',  ( 1.000000000000000000, 4.729574766111572100E-048, -1.931059213987049200E-032 ) ) ;
#3265 = AXIS2_PLACEMENT_3D ( 'NONE', #5049, #7671, #1277 ) ;
#3266 = VERTEX_POINT ( 'NONE', #762 ) ;
#3267 = ORIENTED_EDGE ( 'NONE', *, *, #5951, .T. ) ;
#3268 = VERTEX_POINT ( 'NONE', #706 ) ;
#3269 = AXIS2_PLACEMENT_3D ( 'NONE', #7654, #7589, #7867 ) ;
#3270 = CIRCLE ( 'NONE', #7532, 0.2999999999999409300 ) ;
#3271 = DIRECTION ( 'NONE',  ( 0.3162277660168217900, 0.0000000000000000000, -0.9486832980505192100 ) ) ;
#3272 = CARTESIAN_POINT ( 'NONE',  ( 397.6170678623203100, 97.74167827131049100, -9.449999999999958400 ) ) ;
#3273 = EDGE_CURVE ( 'NONE', #4849, #4670, #4944, .T. ) ;
#3274 = EDGE_CURVE ( 'NONE', #6600, #1803, #5067, .T. ) ;
#3275 = DIRECTION ( 'NONE',  ( 0.0000000000000000000, 1.224606353822377300E-016, -1.000000000000000000 ) ) ;
#3276 = ORIENTED_EDGE ( 'NONE', *, *, #5594, .T. ) ;
#3277 = ORIENTED_EDGE ( 'NONE', *, *, #1770, .T. ) ;
#3278 = VECTOR ( 'NONE', #4521, 1000.000000000000000 ) ;
#3279 = LINE ( 'NONE', #2181, #3004 ) ;
#3280 = AXIS2_PLACEMENT_3D ( 'NONE', #1768, #486, #6663 ) ;
#3281 = ADVANCED_FACE ( 'NONE', ( #3390 ), #913, .T. ) ;
#3282 = VERTEX_POINT ( 'NONE', #769 ) ;
#3283 = CARTESIAN_POINT ( 'NONE',  ( 413.2155678623203100, 100.3416782713105100, -11.74999999999993200 ) ) ;
#3284 = ORIENTED_EDGE ( 'NONE', *, *, #7197, .F. ) ;
#3285 = VERTEX_POINT ( 'NONE', #1088 ) ;
#3286 = EDGE_LOOP ( 'NONE', ( #2541, #2959 ) ) ;
#3287 = ORIENTED_EDGE ( 'NONE', *, *, #5690, .F. ) ;
#3288 = CARTESIAN_POINT ( 'NONE',  ( 397.6905678623202800, 102.2916782713104900, -12.14999999999994900 ) ) ;
#3289 = EDGE_CURVE ( 'NONE', #6125, #5258, #3257, .T. ) ;
#3290 = ORIENTED_EDGE ( 'NONE', *, *, #4967, .T. ) ;
#3291 = VERTEX_POINT ( 'NONE', #3364 ) ;
#3292 = ORIENTED_EDGE ( 'NONE', *, *, #4789, .T. ) ;
#3293 = ORIENTED_EDGE ( 'NONE', *, *, #5506, .T. ) ;
#3294 = CARTESIAN_POINT ( 'NONE',  ( 401.0905678623203100, 97.90167827131051600, -3.549999999999954500 ) ) ;
#3295 = ORIENTED_EDGE ( 'NONE', *, *, #5908, .T. ) ;
#3296 = DIRECTION ( 'NONE',  ( 0.3162277660168217900, 0.0000000000000000000, 0.9486832980505192100 ) ) ;
#3297 = CARTESIAN_POINT ( 'NONE',  ( 404.1705678623203000, 100.8816782713105100, -15.14999999999995600 ) ) ;
#3298 = CARTESIAN_POINT ( 'NONE',  ( 406.1705678623203000, 97.90167827131051600, -15.14999999999995100 ) ) ;
#3299 = DIRECTION ( 'NONE',  ( 1.000000000000000000, 1.499660721822137700E-032, 1.836494048521242700E-048 ) ) ;
#3300 = ORIENTED_EDGE ( 'NONE', *, *, #439, .F. ) ;
#3301 = ORIENTED_EDGE ( 'NONE', *, *, #167, .T. ) ;
#3302 = DIRECTION ( 'NONE',  ( 0.3162277660168217900, 0.0000000000000000000, -0.9486832980505192100 ) ) ;
#3303 = ORIENTED_EDGE ( 'NONE', *, *, #5704, .T. ) ;
#3304 = PLANE ( 'NONE',  #5032 ) ;
#3305 = DIRECTION ( 'NONE',  ( -0.9486832980505192100, -1.549018126077090500E-016, 0.3162277660168217900 ) ) ;
#3306 = DIRECTION ( 'NONE',  ( -1.931059213987049200E-032, 2.449212707644754500E-016, -1.000000000000000000 ) ) ;
#3307 = VERTEX_POINT ( 'NONE', #2616 ) ;
#3308 = LINE ( 'NONE', #1116, #7233 ) ;
#3309 = CIRCLE ( 'NONE', #726, 0.2000000000000334800 ) ;
#3310 = DIRECTION ( 'NONE',  ( 1.224606353822377300E-016, -1.000000000000000000, 0.0000000000000000000 ) ) ;
#3311 = ORIENTED_EDGE ( 'NONE', *, *, #3997, .T. ) ;
#3312 = EDGE_CURVE ( 'NONE', #815, #5456, #6678, .T. ) ;
#3313 = DIRECTION ( 'NONE',  ( 1.000000000000000000, 1.224606353822377300E-016, 1.499660721822137400E-032 ) ) ;
#3314 = ORIENTED_EDGE ( 'NONE', *, *, #665, .T. ) ;
#3315 = VECTOR ( 'NONE', #7210, 1000.000000000000000 ) ;
#3316 = ORIENTED_EDGE ( 'NONE', *, *, #7071, .T. ) ;
#3317 = AXIS2_PLACEMENT_3D ( 'NONE', #3943, #3999, #4001 ) ;
#3318 = PLANE ( 'NONE',  #6978 ) ;
#3319 = CARTESIAN_POINT ( 'NONE',  ( 403.5305678623203100, 98.44167827131049400, -3.649999999999955900 ) ) ;
#3320 = ADVANCED_FACE ( 'NONE', ( #1950 ), #320, .T. ) ;
#3321 = ADVANCED_FACE ( 'NONE', ( #6858 ), #7378, .T. ) ;
#3322 = EDGE_CURVE ( 'NONE', #1998, #1769, #7944, .T. ) ;
#3323 = EDGE_CURVE ( 'NONE', #6029, #1891, #1741, .T. ) ;
#3324 = VECTOR ( 'NONE', #819, 1000.000000000000100 ) ;
#3325 = EDGE_LOOP ( 'NONE', ( #1436, #1775, #724, #3891 ) ) ;
#3326 = FACE_OUTER_BOUND ( 'NONE', #5638, .T. ) ;
#3327 = DIRECTION ( 'NONE',  ( 0.9486832980505192100, 7.745090630385779300E-017, 0.3162277660168217900 ) ) ;
#3328 = AXIS2_PLACEMENT_3D ( 'NONE', #1095, #896, #922 ) ;
#3329 = VECTOR ( 'NONE', #3113, 1000.000000000000000 ) ;
#3330 = CC_DESIGN_PERSON_AND_ORGANIZATION_ASSIGNMENT ( #2942, #3693, ( #7619 ) ) ;
#3331 = DIRECTION ( 'NONE',  ( -0.9486832980504924500, -7.745090630384469000E-017, -0.3162277660169020000 ) ) ;
#3332 = LINE ( 'NONE', #5925, #4611 ) ;
#3333 = FACE_BOUND ( 'NONE', #5064, .T. ) ;
#3334 = VERTEX_POINT ( 'NONE', #3150 ) ;
#3335 = EDGE_CURVE ( 'NONE', #3670, #3093, #7041, .T. ) ;
#3336 = LINE ( 'NONE', #4830, #3734 ) ;
#3337 = ORIENTED_EDGE ( 'NONE', *, *, #747, .T. ) ;
#3338 = CARTESIAN_POINT ( 'NONE',  ( 400.0605678623203400, 95.09167827131095400, -4.049999999999954500 ) ) ;
#3339 = DIRECTION ( 'NONE',  ( 0.0000000000000000000, 1.224606353822377300E-016, -1.000000000000000000 ) ) ;
#3340 = VECTOR ( 'NONE', #6384, 1000.000000000000000 ) ;
#3341 = CARTESIAN_POINT ( 'NONE',  ( 403.0555678623203400, 98.59167827131048500, -11.79999999999995500 ) ) ;
#3342 = FACE_BOUND ( 'NONE', #4354, .T. ) ;
#3343 = ORIENTED_EDGE ( 'NONE', *, *, #2103, .F. ) ;
#3344 = DIRECTION ( 'NONE',  ( 0.0000000000000000000, 1.000000000000000000, 2.449212707644754500E-016 ) ) ;
#3345 = CARTESIAN_POINT ( 'NONE',  ( 416.4905678623202900, 97.74167827131049100, -11.84999999999993700 ) ) ;
#3346 = DIRECTION ( 'NONE',  ( -1.000000000000000000, -1.499660721822137700E-032, -1.836494048521242700E-048 ) ) ;
#3347 = EDGE_CURVE ( 'NONE', #5935, #285, #7213, .T. ) ;
#3348 = CARTESIAN_POINT ( 'NONE',  ( 396.2905678623203000, 101.0416782713104700, -5.449999999999959300 ) ) ;
#3349 = ORIENTED_EDGE ( 'NONE', *, *, #5305, .F. ) ;
#3350 = VECTOR ( 'NONE', #3394, 1000.000000000000000 ) ;
#3351 = CARTESIAN_POINT ( 'NONE',  ( 404.1705678623203000, 98.44167827131050800, -3.849999999999947200 ) ) ;
#3352 = ORIENTED_EDGE ( 'NONE', *, *, #4544, .T. ) ;
#3353 = CARTESIAN_POINT ( 'NONE',  ( 401.5805678623202700, 100.5016782713105100, -3.699999999999946000 ) ) ;
#3354 = VECTOR ( 'NONE', #7604, 1000.000000000000000 ) ;
#3355 = DIRECTION ( 'NONE',  ( -1.499660721822137700E-032, 1.000000000000000000, 1.224606353822377500E-016 ) ) ;
#3356 = VECTOR ( 'NONE', #3077, 1000.000000000000100 ) ;
#3357 = DIRECTION ( 'NONE',  ( 1.000000000000000000, 1.224606353822383000E-017, -3.673819061467140600E-017 ) ) ;
#3358 = EDGE_CURVE ( 'NONE', #6988, #4680, #6975, .T. ) ;
#3359 = VECTOR ( 'NONE', #6070, 1000.000000000000000 ) ;
#3360 = EDGE_CURVE ( 'NONE', #4085, #3148, #7612, .T. ) ;
#3361 = ORIENTED_EDGE ( 'NONE', *, *, #4568, .T. ) ;
#3362 = CARTESIAN_POINT ( 'NONE',  ( 406.3905678623203200, 102.2916782713104900, -11.84999999999984300 ) ) ;
#3363 = EDGE_LOOP ( 'NONE', ( #1195, #5995, #6627, #1305 ) ) ;
#3364 = CARTESIAN_POINT ( 'NONE',  ( 402.5605678623203400, 95.09167827131095400, -4.049999999999954500 ) ) ;
#3365 = EDGE_CURVE ( 'NONE', #5872, #5462, #6781, .T. ) ;
#3366 = EDGE_LOOP ( 'NONE', ( #4792, #5072, #3472, #4083 ) ) ;
#3367 = EDGE_LOOP ( 'NONE', ( #4370, #5526, #7874, #7926 ) ) ;
#3368 = ORIENTED_EDGE ( 'NONE', *, *, #6538, .T. ) ;
#3369 = EDGE_CURVE ( 'NONE', #2099, #3236, #6738, .T. ) ;
#3370 = LINE ( 'NONE', #7285, #7111 ) ;
#3371 = CARTESIAN_POINT ( 'NONE',  ( 396.3140678623203100, 103.7916782713104700, -3.649999999999948400 ) ) ;
#3372 = PLANE ( 'NONE',  #6815 ) ;
#3373 = ORIENTED_EDGE ( 'NONE', *, *, #6692, .F. ) ;
#3374 = AXIS2_PLACEMENT_3D ( 'NONE', #3254, #4193, #4328 ) ;
#3375 = DIRECTION ( 'NONE',  ( -1.838806884535311800E-013, 0.0000000000000000000, 1.000000000000000000 ) ) ;
#3376 = VERTEX_POINT ( 'NONE', #2776 ) ;
#3377 = ORIENTED_EDGE ( 'NONE', *, *, #6843, .F. ) ;
#3378 = VECTOR ( 'NONE', #4213, 1000.000000000000000 ) ;
#3379 = EDGE_CURVE ( 'NONE', #6669, #5253, #6309, .T. ) ;
#3380 = DIRECTION ( 'NONE',  ( 1.000000000000000000, 0.0000000000000000000, 1.873501354054741900E-013 ) ) ;
#3381 = EDGE_CURVE ( 'NONE', #1486, #2081, #6359, .T. ) ;
#3382 = CARTESIAN_POINT ( 'NONE',  ( 404.1405678623203200, 96.84167827131044200, -14.66543934295757100 ) ) ;
#3383 = DIRECTION ( 'NONE',  ( 0.0000000000000000000, 1.000000000000000000, 0.0000000000000000000 ) ) ;
#3384 = EDGE_LOOP ( 'NONE', ( #2564, #4338, #6222 ) ) ;
#3385 = ORIENTED_EDGE ( 'NONE', *, *, #5103, .F. ) ;
#3386 = ORIENTED_EDGE ( 'NONE', *, *, #6754, .T. ) ;
#3387 = ORIENTED_EDGE ( 'NONE', *, *, #5551, .T. ) ;
#3388 = FACE_OUTER_BOUND ( 'NONE', #4879, .T. ) ;
#3389 = DIRECTION ( 'NONE',  ( 1.000000000000000000, 0.0000000000000000000, 1.838806884535209800E-013 ) ) ;
#3390 = FACE_OUTER_BOUND ( 'NONE', #7744, .T. ) ;
#3391 = ORIENTED_EDGE ( 'NONE', *, *, #5586, .F. ) ;
#3392 = EDGE_LOOP ( 'NONE', ( #4008, #4053, #3892, #3207 ) ) ;
#3393 = APPROVAL_DATE_TIME ( #20, #5279 ) ;
#3394 = DIRECTION ( 'NONE',  ( 1.000000000000000000, 1.224606353822377300E-016, 1.499660721822137400E-032 ) ) ;
#3395 = DIRECTION ( 'NONE',  ( 0.0000000000000000000, 1.000000000000000000, 0.0000000000000000000 ) ) ;
#3396 = EDGE_CURVE ( 'NONE', #2708, #100, #6556, .T. ) ;
#3397 = DIRECTION ( 'NONE',  ( 3.307399891624127200E-032, 1.000000000000000000, 1.653699945812063900E-032 ) ) ;
#3398 = ORIENTED_EDGE ( 'NONE', *, *, #386, .F. ) ;
#3399 = CARTESIAN_POINT ( 'NONE',  ( 404.1705678623203000, 97.80167827131050700, -3.649999999999955900 ) ) ;
#3400 = ORIENTED_EDGE ( 'NONE', *, *, #3787, .F. ) ;
#3401 = CARTESIAN_POINT ( 'NONE',  ( 454.5670678623203600, 94.99167827131049100, -3.049999999999957600 ) ) ;
#3402 = VECTOR ( 'NONE', #4078, 1000.000000000000000 ) ;
#3403 = PLANE ( 'NONE',  #6299 ) ;
#3404 = VECTOR ( 'NONE', #3557, 1000.000000000000000 ) ;
#3405 = DIRECTION ( 'NONE',  ( 0.0000000000000000000, -0.0000000000000000000, 1.000000000000000000 ) ) ;
#3406 = VERTEX_POINT ( 'NONE', #2995 ) ;
#3407 = DIRECTION ( 'NONE',  ( 0.0000000000000000000, -1.224606353822377500E-016, 1.000000000000000000 ) ) ;
#3408 = EDGE_CURVE ( 'NONE', #2713, #6771, #5952, .T. ) ;
#3409 = VERTEX_POINT ( 'NONE', #2470 ) ;
#3410 = DIRECTION ( 'NONE',  ( -0.6882472016116189000, -0.6882472016117462400, 0.2294157338705780600 ) ) ;
#3411 = LINE ( 'NONE', #4927, #1215 ) ;
#3412 = PLANE ( 'NONE',  #5515 ) ;
#3413 = CARTESIAN_POINT ( 'NONE',  ( 403.5305678623203100, 97.80167827131050700, -9.449999999999960200 ) ) ;
#3414 = DIRECTION ( 'NONE',  ( -1.850371707708551900E-013, -7.347638122934718100E-016, 1.000000000000000000 ) ) ;
#3415 = CARTESIAN_POINT ( 'NONE',  ( 401.5305678623202500, 100.8816782713105200, -15.14999999999993800 ) ) ;
#3416 = EDGE_CURVE ( 'NONE', #6598, #6051, #6034, .T. ) ;
#3417 = LINE ( 'NONE', #984, #2845 ) ;
#3418 = DIRECTION ( 'NONE',  ( -1.000000000000000000, 0.0000000000000000000, 0.0000000000000000000 ) ) ;
#3419 = ORIENTED_EDGE ( 'NONE', *, *, #5737, .T. ) ;
#3420 = EDGE_CURVE ( 'NONE', #7686, #4581, #6117, .T. ) ;
#3421 = CARTESIAN_POINT ( 'NONE',  ( 401.6305678623202800, 98.44167827131050800, -11.74999999999995400 ) ) ;
#3422 = CARTESIAN_POINT ( 'NONE',  ( 401.9305678623203400, 100.0416782713104700, -11.84999999999995300 ) ) ;
#3423 = FACE_OUTER_BOUND ( 'NONE', #4019, .T. ) ;
#3424 = ORIENTED_EDGE ( 'NONE', *, *, #4625, .T. ) ;
#3425 = LINE ( 'NONE', #3297, #2479 ) ;
#3426 = AXIS2_PLACEMENT_3D ( 'NONE', #7368, #7311, #7295 ) ;
#3427 = FACE_OUTER_BOUND ( 'NONE', #7760, .T. ) ;
#3428 = ORIENTED_EDGE ( 'NONE', *, *, #4114, .F. ) ;
#3429 = CARTESIAN_POINT ( 'NONE',  ( 397.6170678623203100, 97.74167827131049100, -5.449999999999960200 ) ) ;
#3430 = CARTESIAN_POINT ( 'NONE',  ( 406.0705678623203300, 97.80167827131050700, -3.649999999999955900 ) ) ;
#3431 = VECTOR ( 'NONE', #1155, 1000.000000000000000 ) ;
#3432 = EDGE_CURVE ( 'NONE', #6137, #4371, #6108, .T. ) ;
#3433 = LINE ( 'NONE', #7615, #7499 ) ;
#3434 = EDGE_CURVE ( 'NONE', #5258, #4636, #5795, .T. ) ;
#3435 = LINE ( 'NONE', #5746, #7110 ) ;
#3436 = FACE_OUTER_BOUND ( 'NONE', #7625, .T. ) ;
#3437 = CARTESIAN_POINT ( 'NONE',  ( 411.1505678623203200, 100.3416782713105000, -9.449999999999958400 ) ) ;
#3438 = ORIENTED_EDGE ( 'NONE', *, *, #4147, .T. ) ;
#3439 = PLANE ( 'NONE',  #7892 ) ;
#3440 = PLANE ( 'NONE',  #6367 ) ;
#3441 = CARTESIAN_POINT ( 'NONE',  ( 403.8505678623203000, 98.34167827131049900, -3.549999999999954500 ) ) ;
#3442 = DIRECTION ( 'NONE',  ( 1.499660721822137400E-032, 1.836494048521242100E-048, 1.000000000000000000 ) ) ;
#3443 = ORIENTED_EDGE ( 'NONE', *, *, #4853, .T. ) ;
#3444 = EDGE_CURVE ( 'NONE', #5462, #2138, #5310, .T. ) ;
#3445 = ADVANCED_FACE ( 'NONE', ( #4802, #4917 ), #1145, .T. ) ;
#3446 = CARTESIAN_POINT ( 'NONE',  ( 404.1705678623203000, 100.3416782713104900, -9.449999999999958400 ) ) ;
#3447 = VERTEX_POINT ( 'NONE', #18 ) ;
#3448 = VERTEX_POINT ( 'NONE', #290 ) ;
#3449 = DIRECTION ( 'NONE',  ( -4.498982165466410700E-032, 1.000000000000000000, 3.673819061467132300E-016 ) ) ;
#3450 = DIRECTION ( 'NONE',  ( -0.9486832980505171000, 0.0000000000000000000, 0.3162277660168280000 ) ) ;
#3451 = CARTESIAN_POINT ( 'NONE',  ( 415.3905678623203200, 97.74167827131049100, -9.449999999999960200 ) ) ;
#3452 = EDGE_CURVE ( 'NONE', #7100, #6106, #4523, .T. ) ;
#3453 = CARTESIAN_POINT ( 'NONE',  ( 406.0705678623203300, 100.3416782713105100, -11.74999999999994800 ) ) ;
#3454 = DIRECTION ( 'NONE',  ( -9.655296069935245900E-033, -1.182393691527893000E-048, 1.000000000000000000 ) ) ;
#3455 = ORIENTED_EDGE ( 'NONE', *, *, #1585, .F. ) ;
#3456 = LINE ( 'NONE', #3351, #5065 ) ;
#3457 = CIRCLE ( 'NONE', #545, 0.5000000000000559600 ) ;
#3458 = LINE ( 'NONE', #6066, #1511 ) ;
#3459 = ADVANCED_FACE ( 'NONE', ( #4350 ), #1611, .F. ) ;
#3460 = CARTESIAN_POINT ( 'NONE',  ( 404.1705678623203000, 97.80167827131050700, -14.84999999999995900 ) ) ;
#3461 = PLANE ( 'NONE',  #3792 ) ;
#3462 = FACE_OUTER_BOUND ( 'NONE', #7299, .T. ) ;
#3463 = CARTESIAN_POINT ( 'NONE',  ( 406.6105678623202400, 100.4416782713105200, -15.14999999999996700 ) ) ;
#3464 = ORIENTED_EDGE ( 'NONE', *, *, #6189, .T. ) ;
#3465 = PLANE ( 'NONE',  #1837 ) ;
#3466 = ORIENTED_EDGE ( 'NONE', *, *, #7352, .F. ) ;
#3467 = EDGE_LOOP ( 'NONE', ( #3671, #5864, #3373, #5624 ) ) ;
#3468 = EDGE_CURVE ( 'NONE', #1595, #3578, #4697, .T. ) ;
#3469 = VECTOR ( 'NONE', #5101, 1000.000000000000000 ) ;
#3470 = LINE ( 'NONE', #4969, #7871 ) ;
#3471 = CIRCLE ( 'NONE', #6884, 0.2500000000000002200 ) ;
#3472 = ORIENTED_EDGE ( 'NONE', *, *, #7229, .T. ) ;
#3473 = EDGE_LOOP ( 'NONE', ( #3139, #1213, #1566, #3398 ) ) ;
#3474 = AXIS2_PLACEMENT_3D ( 'NONE', #2932, #2981, #2987 ) ;
#3475 = LINE ( 'NONE', #4667, #1435 ) ;
#3476 = ORIENTED_EDGE ( 'NONE', *, *, #6773, .T. ) ;
#3477 = ORIENTED_EDGE ( 'NONE', *, *, #3903, .T. ) ;
#3478 = ORIENTED_EDGE ( 'NONE', *, *, #1926, .T. ) ;
#3479 = EDGE_CURVE ( 'NONE', #2604, #443, #4057, .T. ) ;
#3480 = ORIENTED_EDGE ( 'NONE', *, *, #292, .F. ) ;
#3481 = EDGE_LOOP ( 'NONE', ( #5781, #5930, #5969, #6322 ) ) ;
#3482 = EDGE_LOOP ( 'NONE', ( #1318, #5945, #5724, #5127 ) ) ;
#3483 = DIRECTION ( 'NONE',  ( 0.3015113445777309300, -0.3015113445777727900, 0.9045340337332987700 ) ) ;
#3484 = DIRECTION ( 'NONE',  ( 0.0000000000000000000, -1.224606353822377500E-016, 1.000000000000000000 ) ) ;
#3485 = CARTESIAN_POINT ( 'NONE',  ( 410.8505678623202500, 97.50167827131048200, -11.84999999999995700 ) ) ;
#3486 = VECTOR ( 'NONE', #6588, 1000.000000000000000 ) ;
#3487 = AXIS2_PLACEMENT_3D ( 'NONE', #5278, #7226, #4915 ) ;
#3488 = PLANE ( 'NONE',  #7603 ) ;
#3489 = VERTEX_POINT ( 'NONE', #1735 ) ;
#3490 = ORIENTED_EDGE ( 'NONE', *, *, #5285, .F. ) ;
#3491 = EDGE_LOOP ( 'NONE', ( #7266, #4056, #2188, #7956 ) ) ;
#3492 = LINE ( 'NONE', #6373, #409 ) ;
#3493 = CARTESIAN_POINT ( 'NONE',  ( 404.0705678623203300, 100.4416782713105100, -15.14999999999994900 ) ) ;
#3494 = LINE ( 'NONE', #4234, #1001 ) ;
#3495 = DIRECTION ( 'NONE',  ( 0.0000000000000000000, -0.3162277660168422700, 0.9486832980505124400 ) ) ;
#3496 = CARTESIAN_POINT ( 'NONE',  ( 406.8905678623204400, 96.49167827131054800, -11.84999999999980600 ) ) ;
#3497 = EDGE_CURVE ( 'NONE', #1665, #6771, #3890, .T. ) ;
#3498 = DIRECTION ( 'NONE',  ( 0.6882472016116857300, 0.6882472016116857300, 0.2294157338705592700 ) ) ;
#3499 = ORIENTED_EDGE ( 'NONE', *, *, #4533, .F. ) ;
#3500 = ORIENTED_EDGE ( 'NONE', *, *, #7415, .F. ) ;
#3501 = FACE_OUTER_BOUND ( 'NONE', #3363, .T. ) ;
#3502 = ADVANCED_FACE ( 'NONE', ( #3690 ), #1782, .T. ) ;
#3503 = VECTOR ( 'NONE', #2944, 1000.000000000000000 ) ;
#3504 = LINE ( 'NONE', #5377, #3712 ) ;
#3505 = CARTESIAN_POINT ( 'NONE',  ( 411.2005678623202700, 100.8216782713105000, -3.699999999999946000 ) ) ;
#3506 = ORIENTED_EDGE ( 'NONE', *, *, #6099, .T. ) ;
#3507 = DIRECTION ( 'NONE',  ( 0.3015113445777331500, -0.3015113445778169200, -0.9045340337332832300 ) ) ;
#3508 = ORIENTED_EDGE ( 'NONE', *, *, #7000, .F. ) ;
#3509 = EDGE_CURVE ( 'NONE', #3175, #809, #3901, .T. ) ;
#3510 = VECTOR ( 'NONE', #2284, 1000.000000000000000 ) ;
#3511 = ADVANCED_FACE ( 'NONE', ( #3436 ), #1885, .T. ) ;
#3512 = VERTEX_POINT ( 'NONE', #1745 ) ;
#3513 = DIRECTION ( 'NONE',  ( -1.224606353822377300E-016, -1.000000000000000000, -0.0000000000000000000 ) ) ;
#3514 = CARTESIAN_POINT ( 'NONE',  ( 406.8905678623204400, 103.2916782713105900, -11.84999999999977200 ) ) ;
#3515 = DIRECTION ( 'NONE',  ( 1.224606353822339000E-016, -1.000000000000000000, -3.673819061467145100E-016 ) ) ;
#3516 = CARTESIAN_POINT ( 'NONE',  ( 398.4405678623202800, 103.7916782713104700, -11.84999999999993700 ) ) ;
#3517 = VECTOR ( 'NONE', #5805, 1000.000000000000000 ) ;
#3518 = DIRECTION ( 'NONE',  ( -0.9486832980505192100, -1.549018126077090500E-016, 0.3162277660168217900 ) ) ;
#3519 = FACE_BOUND ( 'NONE', #4100, .T. ) ;
#3520 = ORIENTED_EDGE ( 'NONE', *, *, #846, .T. ) ;
#3521 = EDGE_CURVE ( 'NONE', #6755, #4089, #4051, .T. ) ;
#3522 = AXIS2_PLACEMENT_3D ( 'NONE', #675, #6414, #6353 ) ;
#3523 = CARTESIAN_POINT ( 'NONE',  ( 412.0905678623202600, 98.74167827131047700, -11.84999999999995700 ) ) ;
#3524 = CARTESIAN_POINT ( 'NONE',  ( 403.6305678623203300, 100.4416782713105100, -15.14999999999994900 ) ) ;
#3525 = DIRECTION ( 'NONE',  ( 0.3162277660168217900, 0.0000000000000000000, 0.9486832980505192100 ) ) ;
#3526 = VECTOR ( 'NONE', #3866, 1000.000000000000200 ) ;
#3527 = ORIENTED_EDGE ( 'NONE', *, *, #6065, .T. ) ;
#3528 = CARTESIAN_POINT ( 'NONE',  ( 396.8905678623202700, 95.64167827131045400, -3.049999999999964300 ) ) ;
#3529 = EDGE_CURVE ( 'NONE', #5314, #3637, #3309, .T. ) ;
#3530 = EDGE_CURVE ( 'NONE', #7704, #4778, #3217, .T. ) ;
#3531 = CARTESIAN_POINT ( 'NONE',  ( 411.6905678623203400, 100.4416782713105100, -3.549999999999951900 ) ) ;
#3532 = LINE ( 'NONE', #5919, #5836 ) ;
#3533 = CARTESIAN_POINT ( 'NONE',  ( 406.5905678623203700, 102.2916782713104900, -12.14999999999986500 ) ) ;
#3534 = ORIENTED_EDGE ( 'NONE', *, *, #5294, .F. ) ;
#3535 = AXIS2_PLACEMENT_3D ( 'NONE', #5401, #7558, #5974 ) ;
#3536 = VECTOR ( 'NONE', #4463, 1000.000000000000000 ) ;
#3537 = AXIS2_PLACEMENT_3D ( 'NONE', #2504, #55, #80 ) ;
#3538 = CARTESIAN_POINT ( 'NONE',  ( 401.0405678623203000, 98.28167827131051100, -3.699999999999946000 ) ) ;
#3539 = CARTESIAN_POINT ( 'NONE',  ( 406.1905678623203400, 96.49167827131056200, -12.14999999999995600 ) ) ;
#3540 = CARTESIAN_POINT ( 'NONE',  ( 408.6105678623203500, 100.3416782713105000, -14.84999999999995900 ) ) ;
#3541 = ORIENTED_EDGE ( 'NONE', *, *, #4264, .F. ) ;
#3542 = EDGE_CURVE ( 'NONE', #1310, #1010, #3279, .T. ) ;
#3543 = DIRECTION ( 'NONE',  ( 0.0000000000000000000, 1.000000000000000000, 3.673819061467132300E-016 ) ) ;
#3544 = EDGE_CURVE ( 'NONE', #3268, #4516, #3417, .T. ) ;
#3545 = AXIS2_PLACEMENT_3D ( 'NONE', #2117, #2801, #742 ) ;
#3546 = PLANE ( 'NONE',  #6153 ) ;
#3547 = ORIENTED_EDGE ( 'NONE', *, *, #7497, .F. ) ;
#3548 = CARTESIAN_POINT ( 'NONE',  ( 406.6605678623203600, 98.44167827131049400, -14.99999999999995000 ) ) ;
#3549 = PLANE ( 'NONE',  #5857 ) ;
#3550 = ORIENTED_EDGE ( 'NONE', *, *, #5923, .F. ) ;
#3551 = CARTESIAN_POINT ( 'NONE',  ( 401.1505678623202600, 97.90167827131051600, -3.549999999999956300 ) ) ;
#3552 = EDGE_CURVE ( 'NONE', #492, #2763, #3178, .T. ) ;
#3553 = VECTOR ( 'NONE', #3483, 1000.000000000000000 ) ;
#3554 = ORIENTED_EDGE ( 'NONE', *, *, #5667, .T. ) ;
#3555 = ADVANCED_FACE ( 'NONE', ( #2531 ), #129, .T. ) ;
#3556 = LINE ( 'NONE', #3158, #4753 ) ;
#3557 = DIRECTION ( 'NONE',  ( 1.000000000000000000, -2.999321443644274300E-032, -7.345976194084968500E-048 ) ) ;
#3558 = CIRCLE ( 'NONE', #2659, 0.3000000000000224700 ) ;
#3559 = CARTESIAN_POINT ( 'NONE',  ( 400.9905678623203500, 100.3416782713105100, -4.649999999999955900 ) ) ;
#3560 = LINE ( 'NONE', #5530, #5914 ) ;
#3561 = DIRECTION ( 'NONE',  ( -3.872545315192724500E-017, 0.3162277660168353900, -0.9486832980505147700 ) ) ;
#3562 = CARTESIAN_POINT ( 'NONE',  ( 415.3905678623203200, 101.0416782713104700, -11.84999999999993700 ) ) ;
#3563 = EDGE_CURVE ( 'NONE', #1769, #5362, #2085, .T. ) ;
#3564 = ORIENTED_EDGE ( 'NONE', *, *, #111, .T. ) ;
#3565 = VECTOR ( 'NONE', #5409, 1000.000000000000000 ) ;
#3566 = CARTESIAN_POINT ( 'NONE',  ( 405.8905678623201000, 95.49167827131019200, -12.02573593128812800 ) ) ;
#3567 = CARTESIAN_POINT ( 'NONE',  ( 416.4905678623202900, 101.0416782713104700, -5.449999999999959300 ) ) ;
#3568 = DIRECTION ( 'NONE',  ( 1.224606353822377300E-016, 1.000000000000000000, 0.0000000000000000000 ) ) ;
#3569 = ORIENTED_EDGE ( 'NONE', *, *, #7395, .T. ) ;
#3570 = VERTEX_POINT ( 'NONE', #310 ) ;
#3571 = EDGE_CURVE ( 'NONE', #7452, #3735, #1801, .T. ) ;
#3572 = ORIENTED_EDGE ( 'NONE', *, *, #6593, .T. ) ;
#3573 = ORIENTED_EDGE ( 'NONE', *, *, #550, .T. ) ;
#3574 = FACE_OUTER_BOUND ( 'NONE', #6078, .T. ) ;
#3575 = EDGE_CURVE ( 'NONE', #3663, #3268, #1883, .T. ) ;
#3576 = FACE_OUTER_BOUND ( 'NONE', #452, .T. ) ;
#3577 = ORIENTED_EDGE ( 'NONE', *, *, #5460, .T. ) ;
#3578 = VERTEX_POINT ( 'NONE', #7391 ) ;
#3579 = ORIENTED_EDGE ( 'NONE', *, *, #4474, .T. ) ;
#3580 = CARTESIAN_POINT ( 'NONE',  ( 411.2505678623202800, 98.34167827131049900, -15.14999999999997500 ) ) ;
#3581 = EDGE_LOOP ( 'NONE', ( #6319, #3019, #7095, #6687 ) ) ;
#3582 = ORIENTED_EDGE ( 'NONE', *, *, #3642, .T. ) ;
#3583 = VECTOR ( 'NONE', #6205, 1000.000000000000100 ) ;
#3584 = DIRECTION ( 'NONE',  ( -0.3015113445777212700, 0.3015113445777631300, 0.9045340337333051000 ) ) ;
#3585 = EDGE_CURVE ( 'NONE', #5714, #4085, #1493, .T. ) ;
#3586 = EDGE_CURVE ( 'NONE', #389, #465, #2482, .T. ) ;
#3587 = CARTESIAN_POINT ( 'NONE',  ( 406.0148319310322300, 96.49167827131059000, -12.15000000000005400 ) ) ;
#3588 = DIRECTION ( 'NONE',  ( -0.0000000000000000000, 1.224606353822377500E-016, -1.000000000000000000 ) ) ;
#3589 = VERTEX_POINT ( 'NONE', #1418 ) ;
#3590 = ORIENTED_EDGE ( 'NONE', *, *, #3251, .T. ) ;
#3591 = LINE ( 'NONE', #6636, #4409 ) ;
#3592 = AXIS2_PLACEMENT_3D ( 'NONE', #5433, #7652, #3380 ) ;
#3593 = CARTESIAN_POINT ( 'NONE',  ( 414.5905678623202600, 102.2916782713104900, -12.15000000000006800 ) ) ;
#3594 = CC_DESIGN_APPROVAL ( #3173, ( #2788 ) ) ;
#3595 = ORIENTED_EDGE ( 'NONE', *, *, #1464, .T. ) ;
#3596 = VECTOR ( 'NONE', #6672, 1000.000000000000000 ) ;
#3597 = CARTESIAN_POINT ( 'NONE',  ( 406.5905678623203100, 96.49167827131054800, -12.14999999999988300 ) ) ;
#3598 = EDGE_CURVE ( 'NONE', #4155, #424, #1026, .T. ) ;
#3599 = CARTESIAN_POINT ( 'NONE',  ( 409.2505678623202800, 100.3416782713104900, -14.84999999999996600 ) ) ;
#3600 = VECTOR ( 'NONE', #3651, 1000.000000000000100 ) ;
#3601 = DIRECTION ( 'NONE',  ( -4.814824860969618200E-029, 3.469446951954140800E-015, 1.000000000000000000 ) ) ;
#3602 = ORIENTED_EDGE ( 'NONE', *, *, #6784, .T. ) ;
#3603 = DIRECTION ( 'NONE',  ( 1.000000000000000000, 3.672988097042484200E-048, -2.999321443644274900E-032 ) ) ;
#3604 = VECTOR ( 'NONE', #257, 1000.000000000000000 ) ;
#3605 = ORIENTED_EDGE ( 'NONE', *, *, #1091, .F. ) ;
#3606 = DIRECTION ( 'NONE',  ( -0.0000000000000000000, 1.734723475977359100E-015, 1.000000000000000000 ) ) ;
#3607 = PLANE ( 'NONE',  #5125 ) ;
#3608 = DIRECTION ( 'NONE',  ( 0.0000000000000000000, -1.000000000000000000, 0.0000000000000000000 ) ) ;
#3609 = EDGE_CURVE ( 'NONE', #5232, #4582, #753, .T. ) ;
#3610 = ORIENTED_EDGE ( 'NONE', *, *, #4804, .F. ) ;
#3611 = VECTOR ( 'NONE', #7931, 1000.000000000000000 ) ;
#3612 = ADVANCED_FACE ( 'NONE', ( #577 ), #5385, .T. ) ;
#3613 = LINE ( 'NONE', #6772, #3801 ) ;
#3614 = CARTESIAN_POINT ( 'NONE',  ( 411.1505678623203200, 97.80167827131052100, -14.84999999999995700 ) ) ;
#3615 = ORIENTED_EDGE ( 'NONE', *, *, #4681, .T. ) ;
#3616 = CARTESIAN_POINT ( 'NONE',  ( 406.7663037936084700, 96.49167827131053300, -12.14999999999991500 ) ) ;
#3617 = CARTESIAN_POINT ( 'NONE',  ( 400.9905678623202900, 97.80167827131052100, -9.449999999999960200 ) ) ;
#3618 = CARTESIAN_POINT ( 'NONE',  ( 401.0405678623203000, 100.8216782713105200, -3.699999999999946000 ) ) ;
#3619 = TOROIDAL_SURFACE ( 'NONE', #4498, 0.1999999999998669500, 0.3000000000000632200 ) ;
#3620 = CARTESIAN_POINT ( 'NONE',  ( 404.1705678623203000, 97.80167827131050700, -11.74999999999995200 ) ) ;
#3621 = EDGE_CURVE ( 'NONE', #312, #492, #21, .T. ) ;
#3622 = ADVANCED_FACE ( 'NONE', ( #464 ), #2686, .T. ) ;
#3623 = EDGE_CURVE ( 'NONE', #7776, #4774, #4204, .T. ) ;
#3624 = LINE ( 'NONE', #2595, #7183 ) ;
#3625 = VECTOR ( 'NONE', #1704, 1000.000000000000100 ) ;
#3626 = CARTESIAN_POINT ( 'NONE',  ( 406.7663037936084700, 95.74020640873430900, -12.14999999999991500 ) ) ;
#3627 = FACE_OUTER_BOUND ( 'NONE', #3707, .T. ) ;
#3628 = ORIENTED_EDGE ( 'NONE', *, *, #3416, .F. ) ;
#3629 = AXIS2_PLACEMENT_3D ( 'NONE', #5453, #5626, #2535 ) ;
#3630 = VECTOR ( 'NONE', #6375, 1000.000000000000000 ) ;
#3631 = PLANE ( 'NONE',  #560 ) ;
#3632 = LINE ( 'NONE', #2711, #2962 ) ;
#3633 = ORIENTED_EDGE ( 'NONE', *, *, #1574, .T. ) ;
#3634 = EDGE_CURVE ( 'NONE', #6339, #5300, #1795, .T. ) ;
#3635 = EDGE_CURVE ( 'NONE', #5872, #1121, #2527, .T. ) ;
#3636 = CARTESIAN_POINT ( 'NONE',  ( 403.5305678623203100, 100.9816782713105100, -14.84999999999995900 ) ) ;
#3637 = VERTEX_POINT ( 'NONE', #2345 ) ;
#3638 = ORIENTED_EDGE ( 'NONE', *, *, #7783, .F. ) ;
#3639 = PLANE ( 'NONE',  #875 ) ;
#3640 = ORIENTED_EDGE ( 'NONE', *, *, #5789, .F. ) ;
#3641 = CARTESIAN_POINT ( 'NONE',  ( 403.3755678623203400, 100.1916782713104800, -11.79999999999995500 ) ) ;
#3642 = EDGE_CURVE ( 'NONE', #168, #6696, #5373, .T. ) ;
#3643 = ORIENTED_EDGE ( 'NONE', *, *, #3660, .T. ) ;
#3644 = PLANE ( 'NONE',  #7646 ) ;
#3645 = DIRECTION ( 'NONE',  ( 0.0000000000000000000, 1.000000000000000000, 3.673819061467132300E-016 ) ) ;
#3646 = FACE_OUTER_BOUND ( 'NONE', #7636, .T. ) ;
#3647 = CARTESIAN_POINT ( 'NONE',  ( 404.1705678623203000, 100.3416782713105100, -11.74999999999995000 ) ) ;
#3648 = ADVANCED_FACE ( 'NONE', ( #1457 ), #6628, .T. ) ;
#3649 = LINE ( 'NONE', #6382, #2082 ) ;
#3650 = VECTOR ( 'NONE', #2530, 1000.000000000000000 ) ;
#3651 = DIRECTION ( 'NONE',  ( 0.5773502691896460500, 0.5773502691896141800, -0.5773502691896170700 ) ) ;
#3652 = EDGE_CURVE ( 'NONE', #7281, #3148, #4440, .T. ) ;
#3653 = ORIENTED_EDGE ( 'NONE', *, *, #5075, .F. ) ;
#3654 = ORIENTED_EDGE ( 'NONE', *, *, #1969, .T. ) ;
#3655 = CARTESIAN_POINT ( 'NONE',  ( 406.7105678623203700, 98.34167827131051400, -15.14999999999995600 ) ) ;
#3656 = VECTOR ( 'NONE', #7359, 1000.000000000000000 ) ;
#3657 = DIRECTION ( 'NONE',  ( 1.224606353822377300E-016, 1.000000000000000000, 0.0000000000000000000 ) ) ;
#3658 = DIRECTION ( 'NONE',  ( -3.872545315192768200E-017, 0.3162277660168385500, -0.9486832980505136600 ) ) ;
#3659 = ORIENTED_EDGE ( 'NONE', *, *, #1165, .T. ) ;
#3660 = EDGE_CURVE ( 'NONE', #3589, #7305, #2400, .T. ) ;
#3661 = DIRECTION ( 'NONE',  ( -1.161763594557826500E-016, 0.9486832980505124400, 0.3162277660168422700 ) ) ;
#3662 = ORIENTED_EDGE ( 'NONE', *, *, #6396, .F. ) ;
#3663 = VERTEX_POINT ( 'NONE', #805 ) ;
#3664 = DIRECTION ( 'NONE',  ( -0.9486832980505172100, 0.0000000000000000000, 0.3162277660168275600 ) ) ;
#3665 = DIRECTION ( 'NONE',  ( 0.0000000000000000000, 0.9486832980505136600, 0.3162277660168385500 ) ) ;
#3666 = CARTESIAN_POINT ( 'NONE',  ( 453.4170678623203200, 98.44167827131049400, -9.449999999999960200 ) ) ;
#3667 = EDGE_LOOP ( 'NONE', ( #4256, #5390, #6888, #927 ) ) ;
#3668 = ORIENTED_EDGE ( 'NONE', *, *, #664, .F. ) ;
#3669 = ORIENTED_EDGE ( 'NONE', *, *, #6644, .T. ) ;
#3670 = VERTEX_POINT ( 'NONE', #3345 ) ;
#3671 = ORIENTED_EDGE ( 'NONE', *, *, #6819, .F. ) ;
#3672 = PLANE ( 'NONE',  #3699 ) ;
#3673 = DIRECTION ( 'NONE',  ( -0.9486832980505171000, 0.0000000000000000000, -0.3162277660168280000 ) ) ;
#3674 = CARTESIAN_POINT ( 'NONE',  ( 404.1705678623203000, 100.9316782713105000, -14.99999999999995000 ) ) ;
#3675 = EDGE_CURVE ( 'NONE', #838, #2069, #5519, .T. ) ;
#3676 = ORIENTED_EDGE ( 'NONE', *, *, #3529, .T. ) ;
#3677 = ORIENTED_EDGE ( 'NONE', *, *, #4706, .T. ) ;
#3678 = ORIENTED_EDGE ( 'NONE', *, *, #2139, .T. ) ;
#3679 = EDGE_CURVE ( 'NONE', #6371, #1864, #3210, .T. ) ;
#3680 = DIRECTION ( 'NONE',  ( 0.6882472016117019400, 0.6882472016116703000, 0.2294157338705567200 ) ) ;
#3681 = ORIENTED_EDGE ( 'NONE', *, *, #5307, .T. ) ;
#3682 = VECTOR ( 'NONE', #3039, 1000.000000000000000 ) ;
#3683 = CARTESIAN_POINT ( 'NONE',  ( 406.3905678623202700, 100.4416782713105200, -15.14999999999995900 ) ) ;
#3684 = CARTESIAN_POINT ( 'NONE',  ( 425.4405678623202800, 101.2816782713104800, -11.84999999999993700 ) ) ;
#3685 = DIRECTION ( 'NONE',  ( -0.3015113445775862200, -0.3015113445777954900, -0.9045340337333394000 ) ) ;
#3686 = DIRECTION ( 'NONE',  ( 1.000000000000000000, -1.670477943807223800E-043, 1.734723475976709300E-015 ) ) ;
#3687 = ORIENTED_EDGE ( 'NONE', *, *, #1456, .F. ) ;
#3688 = EDGE_CURVE ( 'NONE', #2662, #6600, #2059, .T. ) ;
#3689 = ADVANCED_FACE ( 'NONE', ( #7445 ), #4312, .F. ) ;
#3690 = FACE_OUTER_BOUND ( 'NONE', #401, .T. ) ;
#3691 = ORIENTED_EDGE ( 'NONE', *, *, #6016, .T. ) ;
#3692 = EDGE_CURVE ( 'NONE', #39, #1459, #5481, .T. ) ;
#3693 = PERSON_AND_ORGANIZATION_ROLE ( 'design_owner' ) ;
#3694 = ORIENTED_EDGE ( 'NONE', *, *, #3133, .F. ) ;
#3695 = AXIS2_PLACEMENT_3D ( 'NONE', #6298, #7424, #4702 ) ;
#3696 = LINE ( 'NONE', #1153, #6465 ) ;
#3697 = CARTESIAN_POINT ( 'NONE',  ( 408.3105678623203400, 98.74167827131049100, -11.84999999999993700 ) ) ;
#3698 = VECTOR ( 'NONE', #1854, 1000.000000000000000 ) ;
#3699 = AXIS2_PLACEMENT_3D ( 'NONE', #4897, #4551, #4549 ) ;
#3700 = EDGE_LOOP ( 'NONE', ( #7799, #7125, #5498, #5245 ) ) ;
#3701 = ORIENTED_EDGE ( 'NONE', *, *, #1389, .F. ) ;
#3702 = CARTESIAN_POINT ( 'NONE',  ( 406.3905678623203200, 104.0916779814599200, -11.84999999999993600 ) ) ;
#3703 = CARTESIAN_POINT ( 'NONE',  ( 414.5905678623202600, 102.4916782712768300, -12.15000000000006800 ) ) ;
#3704 = EDGE_CURVE ( 'NONE', #6850, #1595, #1765, .T. ) ;
#3705 = DIRECTION ( 'NONE',  ( 1.224606353822377300E-016, -1.000000000000000000, 0.0000000000000000000 ) ) ;
#3706 = COORDINATED_UNIVERSAL_TIME_OFFSET ( 8, 0, .BEHIND. ) ;
#3707 = EDGE_LOOP ( 'NONE', ( #3293, #5964, #3643, #1107 ) ) ;
#3708 = ADVANCED_FACE ( 'NONE', ( #274 ), #3907, .T. ) ;
#3709 = LINE ( 'NONE', #7018, #7466 ) ;
#3710 = PLANE ( 'NONE',  #1727 ) ;
#3711 = DIRECTION ( 'NONE',  ( 0.3162277660168278400, 3.872545315192760000E-016, -0.9486832980505172100 ) ) ;
#3712 = VECTOR ( 'NONE', #5039, 1000.000000000000000 ) ;
#3713 = DIRECTION ( 'NONE',  ( -1.161763594557826000E-016, 0.9486832980505127700, -0.3162277660168412700 ) ) ;
#3714 = PLANE ( 'NONE',  #3265 ) ;
#3715 = EDGE_CURVE ( 'NONE', #7792, #6809, #635, .T. ) ;
#3716 = FACE_OUTER_BOUND ( 'NONE', #2851, .T. ) ;
#3717 = FACE_OUTER_BOUND ( 'NONE', #3871, .T. ) ;
#3718 = LINE ( 'NONE', #3858, #5965 ) ;
#3719 = CARTESIAN_POINT ( 'NONE',  ( 406.8905678623204400, 101.2916782713103900, -11.84999999999977400 ) ) ;
#3720 = CARTESIAN_POINT ( 'NONE',  ( 405.8905678623202700, 103.2916782713105900, -12.02573593128805000 ) ) ;
#3721 = DATE_TIME_ROLE ( 'classification_date' ) ;
#3722 = VECTOR ( 'NONE', #1692, 1000.000000000000000 ) ;
#3723 = ORIENTED_EDGE ( 'NONE', *, *, #7795, .T. ) ;
#3724 = DIRECTION ( 'NONE',  ( 0.0000000000000000000, 0.3162277660168412200, 0.9486832980505126600 ) ) ;
#3725 = CARTESIAN_POINT ( 'NONE',  ( 409.2505678623202800, 98.44167827131049400, -14.84999999999995500 ) ) ;
#3726 = VECTOR ( 'NONE', #1748, 1000.000000000000000 ) ;
#3727 = EDGE_LOOP ( 'NONE', ( #4926, #6602, #149, #1287 ) ) ;
#3728 = CARTESIAN_POINT ( 'NONE',  ( 404.1705678623203000, 100.9816782713105100, -15.14999999999995600 ) ) ;
#3729 = EDGE_CURVE ( 'NONE', #1769, #2112, #7049, .T. ) ;
#3730 = FACE_BOUND ( 'NONE', #6220, .T. ) ;
#3731 = VERTEX_POINT ( 'NONE', #338 ) ;
#3732 = CARTESIAN_POINT ( 'NONE',  ( 404.1405678623203200, 96.84167827131044200, -3.049999999999966100 ) ) ;
#3733 = ADVANCED_FACE ( 'NONE', ( #7911 ), #405, .T. ) ;
#3734 = VECTOR ( 'NONE', #4925, 1000.000000000000000 ) ;
#3735 = VERTEX_POINT ( 'NONE', #542 ) ;
#3736 = DIRECTION ( 'NONE',  ( -0.7071067811865424700, -2.597782371215825100E-016, 0.7071067811865526800 ) ) ;
#3737 = ORIENTED_EDGE ( 'NONE', *, *, #2589, .F. ) ;
#3738 = EDGE_CURVE ( 'NONE', #3266, #3922, #6603, .T. ) ;
#3739 = CARTESIAN_POINT ( 'NONE',  ( 397.3905678623203200, 97.74167827131049100, -5.449999999999960200 ) ) ;
#3740 = CARTESIAN_POINT ( 'NONE',  ( 401.6305678623202800, 100.9816782713105100, -14.84999999999996400 ) ) ;
#3741 = EDGE_LOOP ( 'NONE', ( #4575, #3477, #1515, #2269 ) ) ;
#3742 = VECTOR ( 'NONE', #1581, 1000.000000000000000 ) ;
#3743 = ORIENTED_EDGE ( 'NONE', *, *, #166, .T. ) ;
#3744 = PRODUCT_DEFINITION ( 'UNKNOWN', '', #5847, #4462 ) ;
#3745 = PLANE ( 'NONE',  #107 ) ;
#3746 = APPROVAL_ROLE ( '' ) ;
#3747 = CARTESIAN_POINT ( 'NONE',  ( 403.5305678623203100, 100.9816782713105100, -9.449999999999958400 ) ) ;
#3748 = DIRECTION ( 'NONE',  ( 0.0000000000000000000, 1.000000000000000000, -0.0000000000000000000 ) ) ;
#3749 = EDGE_CURVE ( 'NONE', #4865, #7726, #1817, .T. ) ;
#3750 = ORIENTED_EDGE ( 'NONE', *, *, #4522, .T. ) ;
#3751 = VECTOR ( 'NONE', #1151, 1000.000000000000000 ) ;
#3752 = DIRECTION ( 'NONE',  ( -0.0000000000000000000, 1.000000000000000000, 0.0000000000000000000 ) ) ;
#3753 = CARTESIAN_POINT ( 'NONE',  ( 406.8905678623204400, 103.2916782713106200, -12.02573593128786600 ) ) ;
#3754 = ORIENTED_EDGE ( 'NONE', *, *, #3544, .F. ) ;
#3755 = ORIENTED_EDGE ( 'NONE', *, *, #6590, .T. ) ;
#3756 = ORIENTED_EDGE ( 'NONE', *, *, #6311, .T. ) ;
#3757 = CARTESIAN_POINT ( 'NONE',  ( 401.3105678623203400, 95.02067827131064300, -6.549999999999963400 ) ) ;
#3758 = EDGE_CURVE ( 'NONE', #4965, #4582, #95, .T. ) ;
#3759 = DIRECTION ( 'NONE',  ( 0.7071067811865526800, 0.0000000000000000000, 0.7071067811865424700 ) ) ;
#3760 = ORIENTED_EDGE ( 'NONE', *, *, #6387, .F. ) ;
#3761 = VECTOR ( 'NONE', #5686, 1000.000000000000000 ) ;
#3762 = CARTESIAN_POINT ( 'NONE',  ( 415.3905678623203200, 97.74167827131049100, -5.449999999999960200 ) ) ;
#3763 = VERTEX_POINT ( 'NONE', #297 ) ;
#3764 = DIRECTION ( 'NONE',  ( -0.9486832980505171000, 0.0000000000000000000, -0.3162277660168277800 ) ) ;
#3765 = ORIENTED_EDGE ( 'NONE', *, *, #3219, .F. ) ;
#3766 = LINE ( 'NONE', #2486, #6542 ) ;
#3767 = VECTOR ( 'NONE', #3981, 1000.000000000000000 ) ;
#3768 = CARTESIAN_POINT ( 'NONE',  ( 406.1401871718889000, 103.8416782713104700, -3.649999999999967500 ) ) ;
#3769 = ADVANCED_FACE ( 'NONE', ( #1087 ), #3631, .T. ) ;
#3770 = EDGE_CURVE ( 'NONE', #476, #2112, #1749, .T. ) ;
#3771 = ORIENTED_EDGE ( 'NONE', *, *, #332, .T. ) ;
#3772 = CARTESIAN_POINT ( 'NONE',  ( 398.1905678623203400, 96.49167827131050500, -11.84999999999984200 ) ) ;
#3773 = ORIENTED_EDGE ( 'NONE', *, *, #702, .T. ) ;
#3774 = ORIENTED_EDGE ( 'NONE', *, *, #7132, .F. ) ;
#3775 = EDGE_CURVE ( 'NONE', #465, #768, #4786, .T. ) ;
#3776 = ORIENTED_EDGE ( 'NONE', *, *, #3452, .F. ) ;
#3777 = EDGE_LOOP ( 'NONE', ( #1607, #4, #7841, #7807 ) ) ;
#3778 = DIRECTION ( 'NONE',  ( 0.0000000000000000000, 1.000000000000000000, 2.449212707644754500E-016 ) ) ;
#3779 = CARTESIAN_POINT ( 'NONE',  ( 416.4905678623202900, 103.7916782713104700, -3.049999999999955000 ) ) ;
#3780 = AXIS2_PLACEMENT_3D ( 'NONE', #4641, #7416, #7540 ) ;
#3781 = EDGE_LOOP ( 'NONE', ( #1977, #4138, #1757, #6903 ) ) ;
#3782 = EDGE_LOOP ( 'NONE', ( #7816, #3301, #3028, #3677 ) ) ;
#3783 = FACE_OUTER_BOUND ( 'NONE', #2513, .T. ) ;
#3784 = DIRECTION ( 'NONE',  ( -1.000000000000000000, -1.064154322375103700E-047, 2.896588820980573400E-032 ) ) ;
#3785 = CIRCLE ( 'NONE', #3280, 0.5000000000000559600 ) ;
#3786 = DIRECTION ( 'NONE',  ( -0.0000000000000000000, -1.000000000000000000, -1.224606353822377300E-016 ) ) ;
#3787 = EDGE_CURVE ( 'NONE', #6405, #5258, #3456, .T. ) ;
#3788 = EDGE_CURVE ( 'NONE', #7298, #4669, #6432, .T. ) ;
#3789 = EDGE_LOOP ( 'NONE', ( #479, #3352, #2073, #6613 ) ) ;
#3790 = LINE ( 'NONE', #6464, #3202 ) ;
#3791 = CARTESIAN_POINT ( 'NONE',  ( 406.3901871718888400, 103.8416782713104700, -11.84999999999993600 ) ) ;
#3792 = AXIS2_PLACEMENT_3D ( 'NONE', #5233, #3561, #5098 ) ;
#3793 = VECTOR ( 'NONE', #641, 1000.000000000000000 ) ;
#3794 = ORIENTED_EDGE ( 'NONE', *, *, #7060, .T. ) ;
#3795 = DIRECTION ( 'NONE',  ( 0.0000000000000000000, -0.3162277660168418800, -0.9486832980505124400 ) ) ;
#3796 = CARTESIAN_POINT ( 'NONE',  ( 408.7105678623203200, 98.34167827131051400, -15.14999999999994400 ) ) ;
#3797 = ORIENTED_EDGE ( 'NONE', *, *, #3347, .F. ) ;
#3798 = EDGE_CURVE ( 'NONE', #1380, #4581, #4554, .T. ) ;
#3799 = LOCAL_TIME ( 0, 22, 13.00000000000000000, #859 ) ;
#3800 = EDGE_CURVE ( 'NONE', #5587, #85, #6315, .T. ) ;
#3801 = VECTOR ( 'NONE', #5656, 1000.000000000000000 ) ;
#3802 = DIRECTION ( 'NONE',  ( -1.161763594557826000E-016, 0.9486832980505127700, -0.3162277660168412700 ) ) ;
#3803 = AXIS2_PLACEMENT_3D ( 'NONE', #872, #897, #904 ) ;
#3804 = CARTESIAN_POINT ( 'NONE',  ( 397.9405678623202800, 103.7916782713104700, -11.84999999999993700 ) ) ;
#3805 = ORIENTED_EDGE ( 'NONE', *, *, #7024, .T. ) ;
#3806 = PLANE ( 'NONE',  #2823 ) ;
#3807 = VECTOR ( 'NONE', #2615, 1000.000000000000000 ) ;
#3808 = CARTESIAN_POINT ( 'NONE',  ( 398.1905678623202800, 103.8416782713105000, -7.749999999999943200 ) ) ;
#3809 = EDGE_CURVE ( 'NONE', #728, #1665, #1270, .T. ) ;
#3810 = CARTESIAN_POINT ( 'NONE',  ( 408.6105678623203500, 100.9816782713105100, -9.449999999999958400 ) ) ;
#3811 = ADVANCED_FACE ( 'NONE', ( #2592 ), #2245, .T. ) ;
#3812 = CARTESIAN_POINT ( 'NONE',  ( 405.8905678623202100, 97.49167827131086000, -12.02573593128807500 ) ) ;
#3813 = LINE ( 'NONE', #4067, #3030 ) ;
#3814 = EDGE_LOOP ( 'NONE', ( #2885, #6157, #7865, #6874 ) ) ;
#3815 = ORIENTED_EDGE ( 'NONE', *, *, #6305, .T. ) ;
#3816 = LINE ( 'NONE', #3338, #6269 ) ;
#3817 = CARTESIAN_POINT ( 'NONE',  ( 408.6105678623203500, 98.44167827131049400, -3.649999999999955900 ) ) ;
#3818 = PLANE ( 'NONE',  #7820 ) ;
#3819 = FACE_OUTER_BOUND ( 'NONE', #3384, .T. ) ;
#3820 = EDGE_CURVE ( 'NONE', #85, #906, #4322, .T. ) ;
#3821 = ADVANCED_FACE ( 'NONE', ( #5717 ), #5469, .T. ) ;
#3822 = ORIENTED_EDGE ( 'NONE', *, *, #3957, .T. ) ;
#3823 = VERTEX_POINT ( 'NONE', #4565 ) ;
#3824 = CARTESIAN_POINT ( 'NONE',  ( 406.3905678623202700, 100.3916782713105100, -14.99999999999995000 ) ) ;
#3825 = CARTESIAN_POINT ( 'NONE',  ( 411.7905678623203000, 98.44167827131050800, -14.84999999999996600 ) ) ;
#3826 = VERTEX_POINT ( 'NONE', #23 ) ;
#3827 = CARTESIAN_POINT ( 'NONE',  ( 416.4905678623202900, 95.00167827131051000, -5.449999999999960200 ) ) ;
#3828 = EDGE_CURVE ( 'NONE', #1196, #4669, #1535, .T. ) ;
#3829 = ORIENTED_EDGE ( 'NONE', *, *, #3788, .T. ) ;
#3830 = EDGE_CURVE ( 'NONE', #817, #6284, #5119, .T. ) ;
#3831 = CARTESIAN_POINT ( 'NONE',  ( 409.2005678623202700, 98.44167827131049400, -14.99999999999995000 ) ) ;
#3832 = CARTESIAN_POINT ( 'NONE',  ( 415.3905678623203200, 96.14167827131048200, -3.550000000000006000 ) ) ;
#3833 = PLANE ( 'NONE',  #2521 ) ;
#3834 = CARTESIAN_POINT ( 'NONE',  ( 409.2505678623203400, 100.9316782713105000, -14.99999999999995000 ) ) ;
#3835 = EDGE_LOOP ( 'NONE', ( #3508, #5244, #932, #1694 ) ) ;
#3836 = AXIS2_PLACEMENT_3D ( 'NONE', #1744, #3355, #2529 ) ;
#3837 = FACE_OUTER_BOUND ( 'NONE', #901, .T. ) ;
#3838 = CARTESIAN_POINT ( 'NONE',  ( 403.2305678623203000, 100.0416782713105200, -11.84999999999994500 ) ) ;
#3839 = FACE_OUTER_BOUND ( 'NONE', #2999, .T. ) ;
#3840 = DIRECTION ( 'NONE',  ( -1.224606353822377300E-016, 1.000000000000000000, -0.0000000000000000000 ) ) ;
#3841 = EDGE_CURVE ( 'NONE', #135, #4841, #1297, .T. ) ;
#3842 = LINE ( 'NONE', #382, #1593 ) ;
#3843 = CARTESIAN_POINT ( 'NONE',  ( 406.3905678623202700, 97.85167827131053300, -14.99999999999995000 ) ) ;
#3844 = ORIENTED_EDGE ( 'NONE', *, *, #4301, .F. ) ;
#3845 = FACE_OUTER_BOUND ( 'NONE', #7678, .T. ) ;
#3846 = DIRECTION ( 'NONE',  ( 1.224606353822377300E-016, 1.000000000000000000, 0.0000000000000000000 ) ) ;
#3847 = DIRECTION ( 'NONE',  ( -1.000000000000000000, -1.224606353822377300E-016, 1.499660721822137400E-032 ) ) ;
#3848 = PLANE ( 'NONE',  #2481 ) ;
#3849 = AXIS2_PLACEMENT_3D ( 'NONE', #1033, #1075, #1128 ) ;
#3850 = ADVANCED_FACE ( 'NONE', ( #5184 ), #512, .T. ) ;
#3851 = VECTOR ( 'NONE', #5187, 1000.000000000000200 ) ;
#3852 = ORIENTED_EDGE ( 'NONE', *, *, #259, .T. ) ;
#3853 = DIRECTION ( 'NONE',  ( 0.3162277660168217900, 0.0000000000000000000, 0.9486832980505192100 ) ) ;
#3854 = ORIENTED_EDGE ( 'NONE', *, *, #5294, .T. ) ;
#3855 = LINE ( 'NONE', #5321, #3278 ) ;
#3856 = DIRECTION ( 'NONE',  ( 0.5773502691896392800, -0.5773502691896071900, 0.5773502691896307300 ) ) ;
#3857 = VECTOR ( 'NONE', #653, 1000.000000000000000 ) ;
#3858 = CARTESIAN_POINT ( 'NONE',  ( 408.6105678623203500, 98.44167827131050800, -3.849999999999955200 ) ) ;
#3859 = EDGE_CURVE ( 'NONE', #5921, #4387, #6658, .T. ) ;
#3860 = LINE ( 'NONE', #1300, #790 ) ;
#3861 = ORIENTED_EDGE ( 'NONE', *, *, #4637, .T. ) ;
#3862 = ORIENTED_EDGE ( 'NONE', *, *, #6681, .F. ) ;
#3863 = EDGE_LOOP ( 'NONE', ( #7660, #1162, #7261, #6890 ) ) ;
#3864 = DIRECTION ( 'NONE',  ( 0.0000000000000000000, -1.224606353822377500E-016, 1.000000000000000000 ) ) ;
#3865 = CARTESIAN_POINT ( 'NONE',  ( 406.5905678623203700, 96.49167827131054800, -12.14999999999988700 ) ) ;
#3866 = DIRECTION ( 'NONE',  ( 0.3015113445777430300, -0.3015113445777848900, -0.9045340337332905500 ) ) ;
#3867 = CARTESIAN_POINT ( 'NONE',  ( 404.3205678623203300, 100.1866782713104800, -11.79999999999995500 ) ) ;
#3868 = PLANE ( 'NONE',  #7186 ) ;
#3869 = ORIENTED_EDGE ( 'NONE', *, *, #6301, .F. ) ;
#3870 = LINE ( 'NONE', #6520, #736 ) ;
#3871 = EDGE_LOOP ( 'NONE', ( #4476, #5181, #7373, #2626, #7806, #3218 ) ) ;
#3872 = VERTEX_POINT ( 'NONE', #801 ) ;
#3873 = VERTEX_POINT ( 'NONE', #275 ) ;
#3874 = FACE_BOUND ( 'NONE', #878, .T. ) ;
#3875 = CARTESIAN_POINT ( 'NONE',  ( 411.6305678623203300, 100.9316782713105000, -3.699999999999946000 ) ) ;
#3876 = DIRECTION ( 'NONE',  ( -0.3162277660168276200, 3.098036252154232300E-016, -0.9486832980505173200 ) ) ;
#3877 = PLANE ( 'NONE',  #2926 ) ;
#3878 = ORIENTED_EDGE ( 'NONE', *, *, #7333, .F. ) ;
#3879 = ORIENTED_EDGE ( 'NONE', *, *, #6493, .F. ) ;
#3880 = ORIENTED_EDGE ( 'NONE', *, *, #774, .T. ) ;
#3881 = VECTOR ( 'NONE', #2361, 1000.000000000000100 ) ;
#3882 = EDGE_LOOP ( 'NONE', ( #6897, #460, #6431, #1906 ) ) ;
#3883 = DIRECTION ( 'NONE',  ( -5.229458395263154200E-032, 0.7071067811865524600, -0.7071067811865426900 ) ) ;
#3884 = EDGE_CURVE ( 'NONE', #39, #7965, #4058, .T. ) ;
#3885 = ORIENTED_EDGE ( 'NONE', *, *, #97, .T. ) ;
#3886 = ORIENTED_EDGE ( 'NONE', *, *, #3110, .T. ) ;
#3887 = APPROVAL_PERSON_ORGANIZATION ( #334, #5279, #3746 ) ;
#3888 = DIRECTION ( 'NONE',  ( -0.9486832980505172100, 0.0000000000000000000, 0.3162277660168275600 ) ) ;
#3889 = PLANE ( 'NONE',  #3317 ) ;
#3890 = LINE ( 'NONE', #1683, #3722 ) ;
#3891 = ORIENTED_EDGE ( 'NONE', *, *, #7562, .T. ) ;
#3892 = ORIENTED_EDGE ( 'NONE', *, *, #6558, .F. ) ;
#3893 = CARTESIAN_POINT ( 'NONE',  ( 415.0905678623203100, 96.49167827131050500, -12.14999999999994900 ) ) ;
#3894 = CARTESIAN_POINT ( 'NONE',  ( 408.6405678623202700, 96.84167827131044200, -9.449999999999960200 ) ) ;
#3895 = CARTESIAN_POINT ( 'NONE',  ( 406.7105678623203700, 98.44167827131049400, -3.649999999999955900 ) ) ;
#3896 = ORIENTED_EDGE ( 'NONE', *, *, #3468, .T. ) ;
#3897 = VECTOR ( 'NONE', #5975, 1000.000000000000000 ) ;
#3898 = ADVANCED_FACE ( 'NONE', ( #6413 ), #1002, .T. ) ;
#3899 = DIRECTION ( 'NONE',  ( -1.161763594557826500E-016, 0.9486832980505124400, 0.3162277660168422700 ) ) ;
#3900 = EDGE_CURVE ( 'NONE', #4387, #5306, #6455, .T. ) ;
#3901 = LINE ( 'NONE', #1815, #4719 ) ;
#3902 = ORIENTED_EDGE ( 'NONE', *, *, #5690, .T. ) ;
#3903 = EDGE_CURVE ( 'NONE', #2112, #5148, #2432, .T. ) ;
#3904 = DIRECTION ( 'NONE',  ( -3.307399891624127200E-032, -1.000000000000000000, -1.653699945812063900E-032 ) ) ;
#3905 = VECTOR ( 'NONE', #2427, 1000.000000000000000 ) ;
#3906 = DIRECTION ( 'NONE',  ( 3.872545315192717100E-017, -0.3162277660168343900, -0.9486832980505149900 ) ) ;
#3907 = PLANE ( 'NONE',  #6931 ) ;
#3908 = AXIS2_PLACEMENT_3D ( 'NONE', #2883, #7217, #3484 ) ;
#3909 = CARTESIAN_POINT ( 'NONE',  ( 408.6405678623202700, 94.99167827131049100, -9.799999999999954500 ) ) ;
#3910 = ORIENTED_EDGE ( 'NONE', *, *, #3420, .F. ) ;
#3911 = EDGE_CURVE ( 'NONE', #3570, #671, #120, .T. ) ;
#3912 = VECTOR ( 'NONE', #2290, 1000.000000000000100 ) ;
#3913 = ADVANCED_FACE ( 'NONE', ( #6937 ), #1482, .T. ) ;
#3914 = PLANE ( 'NONE',  #2515 ) ;
#3915 = CARTESIAN_POINT ( 'NONE',  ( 400.9905678623202900, 97.80167827131052100, -3.849999999999941900 ) ) ;
#3916 = LINE ( 'NONE', #3099, #6883 ) ;
#3917 = LINE ( 'NONE', #3102, #5179 ) ;
#3918 = CARTESIAN_POINT ( 'NONE',  ( 403.5305678623203100, 100.9816782713105000, -4.649999999999955900 ) ) ;
#3919 = FACE_OUTER_BOUND ( 'NONE', #7283, .T. ) ;
#3920 = CARTESIAN_POINT ( 'NONE',  ( 411.1505678623203200, 97.80167827131050700, -3.849999999999949900 ) ) ;
#3921 = LINE ( 'NONE', #6268, #3340 ) ;
#3922 = VERTEX_POINT ( 'NONE', #1345 ) ;
#3923 = LINE ( 'NONE', #6307, #4429 ) ;
#3924 = LINE ( 'NONE', #6392, #1398 ) ;
#3925 = CARTESIAN_POINT ( 'NONE',  ( 409.1505678623204300, 98.44167827131049400, -15.14999999999995600 ) ) ;
#3926 = EDGE_CURVE ( 'NONE', #6809, #5491, #7022, .T. ) ;
#3927 = DIRECTION ( 'NONE',  ( -1.000000000000000000, -1.224606353822377300E-016, -1.499660721822137400E-032 ) ) ;
#3928 = DIRECTION ( 'NONE',  ( 0.0000000000000000000, -1.000000000000000000, 3.469446951954285100E-015 ) ) ;
#3929 = ORIENTED_EDGE ( 'NONE', *, *, #6173, .T. ) ;
#3930 = CARTESIAN_POINT ( 'NONE',  ( 425.4405678623202800, 100.0416782713105200, -11.84999999999993700 ) ) ;
#3931 = LINE ( 'NONE', #5080, #4013 ) ;
#3932 = LINE ( 'NONE', #6197, #3583 ) ;
#3933 = DIRECTION ( 'NONE',  ( 0.3015113445780313000, -0.3015113445777384300, 0.9045340337332100600 ) ) ;
#3934 = DIRECTION ( 'NONE',  ( 1.161763594557826000E-016, -0.9486832980505125500, 0.3162277660168419400 ) ) ;
#3935 = DIRECTION ( 'NONE',  ( 0.0000000000000000000, 1.000000000000000000, 1.224606353822377300E-016 ) ) ;
#3936 = EDGE_CURVE ( 'NONE', #7144, #6707, #2211, .T. ) ;
#3937 = ADVANCED_FACE ( 'NONE', ( #6833 ), #2072, .T. ) ;
#3938 = ADVANCED_FACE ( 'NONE', ( #7904 ), #2236, .T. ) ;
#3939 = ORIENTED_EDGE ( 'NONE', *, *, #3738, .T. ) ;
#3940 = CARTESIAN_POINT ( 'NONE',  ( 411.7905678623203600, 100.9316782713105000, -14.99999999999995000 ) ) ;
#3941 = FACE_OUTER_BOUND ( 'NONE', #7629, .T. ) ;
#3942 = VECTOR ( 'NONE', #7794, 1000.000000000000000 ) ;
#3943 = CARTESIAN_POINT ( 'NONE',  ( 408.4605678623202600, 98.91667827131051600, -11.79999999999995500 ) ) ;
#3944 = CIRCLE ( 'NONE', #2191, 0.2999999999999392000 ) ;
#3945 = EDGE_CURVE ( 'NONE', #3977, #1331, #764, .T. ) ;
#3946 = EDGE_CURVE ( 'NONE', #1708, #3448, #2141, .T. ) ;
#3947 = CARTESIAN_POINT ( 'NONE',  ( 401.0405678623203000, 98.44167827131050800, -14.99999999999995000 ) ) ;
#3948 = DIRECTION ( 'NONE',  ( -1.161763594557826500E-016, 0.9486832980505124400, 0.3162277660168422700 ) ) ;
#3949 = FACE_OUTER_BOUND ( 'NONE', #3481, .T. ) ;
#3950 = ORIENTED_EDGE ( 'NONE', *, *, #3635, .T. ) ;
#3951 = CARTESIAN_POINT ( 'NONE',  ( 411.7905678623203600, 100.8816782713105100, -15.14999999999994400 ) ) ;
#3952 = VECTOR ( 'NONE', #1653, 1000.000000000000000 ) ;
#3953 = DIRECTION ( 'NONE',  ( -1.000000000000000000, -1.224606353822376800E-016, -2.999321443644274300E-032 ) ) ;
#3954 = EDGE_CURVE ( 'NONE', #4778, #2216, #2261, .T. ) ;
#3955 = DIRECTION ( 'NONE',  ( 1.000000000000000000, 0.0000000000000000000, 0.0000000000000000000 ) ) ;
#3956 = CARTESIAN_POINT ( 'NONE',  ( 414.5905678623202600, 102.0916782713441500, -12.15000000000006800 ) ) ;
#3957 = EDGE_CURVE ( 'NONE', #7782, #2379, #2743, .T. ) ;
#3958 = VECTOR ( 'NONE', #844, 1000.000000000000000 ) ;
#3959 = DIRECTION ( 'NONE',  ( -1.499660721822137400E-032, -1.836494048521242100E-048, -1.000000000000000000 ) ) ;
#3960 = EDGE_LOOP ( 'NONE', ( #4175, #2811, #5931, #732 ) ) ;
#3961 = ORIENTED_EDGE ( 'NONE', *, *, #5328, .F. ) ;
#3962 = EDGE_LOOP ( 'NONE', ( #2013, #3115, #1889, #2049 ) ) ;
#3963 = LINE ( 'NONE', #3050, #3486 ) ;
#3964 = AXIS2_PLACEMENT_3D ( 'NONE', #5829, #5977, #6778 ) ;
#3965 = CARTESIAN_POINT ( 'NONE',  ( 408.7105678623203200, 100.6616782713105100, -3.549999999999954500 ) ) ;
#3966 = ORIENTED_EDGE ( 'NONE', *, *, #6866, .T. ) ;
#3967 = VERTEX_POINT ( 'NONE', #2895 ) ;
#3968 = ORIENTED_EDGE ( 'NONE', *, *, #7663, .F. ) ;
#3969 = VERTEX_POINT ( 'NONE', #2502 ) ;
#3970 = LINE ( 'NONE', #475, #7072 ) ;
#3971 = CARTESIAN_POINT ( 'NONE',  ( 406.6409485527518100, 103.7916782713104700, -3.649999999999967500 ) ) ;
#3972 = EDGE_CURVE ( 'NONE', #6809, #988, #5346, .T. ) ;
#3973 = EDGE_LOOP ( 'NONE', ( #1495, #3669, #4359, #4928 ) ) ;
#3974 = ORIENTED_EDGE ( 'NONE', *, *, #3758, .F. ) ;
#3975 = EDGE_LOOP ( 'NONE', ( #1650, #3743, #7715, #7516 ) ) ;
#3976 = PLANE ( 'NONE',  #2731 ) ;
#3977 = VERTEX_POINT ( 'NONE', #3013 ) ;
#3978 = LINE ( 'NONE', #6460, #3123 ) ;
#3979 = CARTESIAN_POINT ( 'NONE',  ( 405.8905678623203200, 103.2916782713104700, -11.84999999999995500 ) ) ;
#3980 = CARTESIAN_POINT ( 'NONE',  ( 404.1405678623203200, 96.84167827131044200, -14.66543934295757100 ) ) ;
#3981 = DIRECTION ( 'NONE',  ( 1.000000000000000000, -3.909510433884295200E-063, 1.064154322375103600E-047 ) ) ;
#3982 = EDGE_LOOP ( 'NONE', ( #783, #6312, #7099, #5625 ) ) ;
#3983 = ORIENTED_EDGE ( 'NONE', *, *, #5256, .T. ) ;
#3984 = EDGE_CURVE ( 'NONE', #4633, #2270, #1673, .T. ) ;
#3985 = LINE ( 'NONE', #7442, #7915 ) ;
#3986 = CARTESIAN_POINT ( 'NONE',  ( 406.6105678623202400, 97.90167827131051600, -15.14999999999995200 ) ) ;
#3987 = FACE_OUTER_BOUND ( 'NONE', #7957, .T. ) ;
#3988 = LINE ( 'NONE', #943, #4355 ) ;
#3989 = DIRECTION ( 'NONE',  ( 1.224606353822376800E-016, -1.000000000000000000, -3.673819061467132300E-016 ) ) ;
#3990 = CARTESIAN_POINT ( 'NONE',  ( 410.9955678623202900, 98.59167827131048500, -11.79999999999995500 ) ) ;
#3991 = ORIENTED_EDGE ( 'NONE', *, *, #7264, .T. ) ;
#3992 = ORIENTED_EDGE ( 'NONE', *, *, #4489, .T. ) ;
#3993 = FACE_OUTER_BOUND ( 'NONE', #6056, .T. ) ;
#3994 = DIRECTION ( 'NONE',  ( -1.000000000000000000, -1.102145718440136900E-016, 3.673819061467165900E-017 ) ) ;
#3995 = VECTOR ( 'NONE', #6054, 1000.000000000000000 ) ;
#3996 = PLANE ( 'NONE',  #7387 ) ;
#3997 = EDGE_CURVE ( 'NONE', #7004, #7869, #5106, .T. ) ;
#3998 = EDGE_CURVE ( 'NONE', #5148, #5935, #1876, .T. ) ;
#3999 = DIRECTION ( 'NONE',  ( 0.3162277660168278400, 3.098036252154233300E-016, -0.9486832980505172100 ) ) ;
#4000 = ORIENTED_EDGE ( 'NONE', *, *, #3416, .T. ) ;
#4001 = DIRECTION ( 'NONE',  ( -0.9486832980505171000, 0.0000000000000000000, -0.3162277660168277800 ) ) ;
#4002 = LINE ( 'NONE', #2796, #2950 ) ;
#4003 = ORIENTED_EDGE ( 'NONE', *, *, #5317, .T. ) ;
#4004 = AXIS2_PLACEMENT_3D ( 'NONE', #5500, #5507, #5509 ) ;
#4005 = CARTESIAN_POINT ( 'NONE',  ( 411.0005678623202800, 98.59667827131048100, -11.79999999999995500 ) ) ;
#4006 = CARTESIAN_POINT ( 'NONE',  ( 411.1505678623203200, 100.9816782713105100, -3.849999999999948100 ) ) ;
#4007 = CARTESIAN_POINT ( 'NONE',  ( 406.5905678623204300, 101.8916782713104100, -12.14999999999986500 ) ) ;
#4008 = ORIENTED_EDGE ( 'NONE', *, *, #5837, .F. ) ;
#4009 = EDGE_CURVE ( 'NONE', #6152, #3967, #1278, .T. ) ;
#4010 = LINE ( 'NONE', #5176, #2026 ) ;
#4011 = CARTESIAN_POINT ( 'NONE',  ( 453.4170678623203200, 96.14167827131048200, -9.449999999999960200 ) ) ;
#4012 = EDGE_CURVE ( 'NONE', #3084, #5215, #744, .T. ) ;
#4013 = VECTOR ( 'NONE', #5122, 1000.000000000000000 ) ;
#4014 = ORIENTED_EDGE ( 'NONE', *, *, #6351, .T. ) ;
#4015 = FACE_OUTER_BOUND ( 'NONE', #3085, .T. ) ;
#4016 = DIRECTION ( 'NONE',  ( -0.0000000000000000000, -0.0000000000000000000, -1.000000000000000000 ) ) ;
#4017 = AXIS2_PLACEMENT_3D ( 'NONE', #1903, #5633, #3935 ) ;
#4018 = VECTOR ( 'NONE', #6568, 1000.000000000000000 ) ;
#4019 = EDGE_LOOP ( 'NONE', ( #5823, #1824, #1077, #916 ) ) ;
#4020 = CARTESIAN_POINT ( 'NONE',  ( 401.5805678623202700, 100.6616782713105400, -14.99999999999995000 ) ) ;
#4021 = CC_DESIGN_PERSON_AND_ORGANIZATION_ASSIGNMENT ( #142, #6855, ( #2788 ) ) ;
#4022 = CARTESIAN_POINT ( 'NONE',  ( 411.1505678623203200, 98.44167827131049400, -3.649999999999955900 ) ) ;
#4023 = CIRCLE ( 'NONE', #1086, 0.2500000000000279800 ) ;
#4024 = FACE_BOUND ( 'NONE', #5446, .T. ) ;
#4025 = ORIENTED_EDGE ( 'NONE', *, *, #4522, .F. ) ;
#4026 = EDGE_CURVE ( 'NONE', #988, #1196, #989, .T. ) ;
#4027 = FACE_OUTER_BOUND ( 'NONE', #1101, .T. ) ;
#4028 = ORIENTED_EDGE ( 'NONE', *, *, #6358, .F. ) ;
#4029 = PLANE ( 'NONE',  #6567 ) ;
#4030 = VECTOR ( 'NONE', #3116, 1000.000000000000000 ) ;
#4031 = VECTOR ( 'NONE', #3117, 1000.000000000000000 ) ;
#4032 = CARTESIAN_POINT ( 'NONE',  ( 415.3905678623203200, 96.14167827131048200, -3.550000000000004700 ) ) ;
#4033 = CARTESIAN_POINT ( 'NONE',  ( 400.0605678623203400, 95.02067827131064300, -4.049999999999985600 ) ) ;
#4034 = EDGE_LOOP ( 'NONE', ( #4710, #4418, #6750, #1616 ) ) ;
#4035 = DIRECTION ( 'NONE',  ( -1.000000000000000000, -4.498982165466410700E-032, -1.652844643669117400E-047 ) ) ;
#4036 = DIRECTION ( 'NONE',  ( 0.0000000000000000000, 1.224606353822377300E-016, -1.000000000000000000 ) ) ;
#4037 = EDGE_CURVE ( 'NONE', #289, #6471, #3136, .T. ) ;
#4038 = CARTESIAN_POINT ( 'NONE',  ( 408.6105678623203500, 100.9816782713105100, -11.74999999999994500 ) ) ;
#4039 = CARTESIAN_POINT ( 'NONE',  ( 404.1405678623203200, 96.84167827131044200, -9.449999999999960200 ) ) ;
#4040 = FACE_OUTER_BOUND ( 'NONE', #1879, .T. ) ;
#4041 = DIRECTION ( 'NONE',  ( -1.224606353822377300E-016, 1.000000000000000000, -0.0000000000000000000 ) ) ;
#4042 = LINE ( 'NONE', #6770, #4207 ) ;
#4043 = CARTESIAN_POINT ( 'NONE',  ( 406.6409485527518100, 103.7916782713104700, -11.84999999999993600 ) ) ;
#4044 = VERTEX_POINT ( 'NONE', #4043 ) ;
#4045 = VECTOR ( 'NONE', #3357, 1000.000000000000000 ) ;
#4046 = VECTOR ( 'NONE', #5774, 1000.000000000000000 ) ;
#4047 = CARTESIAN_POINT ( 'NONE',  ( 411.4705678623202500, 100.6616782713105100, -3.549999999999954500 ) ) ;
#4048 = CARTESIAN_POINT ( 'NONE',  ( 406.7105678623203700, 98.44167827131050800, -14.84999999999996600 ) ) ;
#4050 = EDGE_CURVE ( 'NONE', #988, #64, #4340, .T. ) ;
#4049 = DIRECTION ( 'NONE',  ( 1.000000000000000000, 1.064154322375103700E-047, -2.896588820980573400E-032 ) ) ;
#4051 = LINE ( 'NONE', #1952, #3229 ) ;
#4052 = EDGE_CURVE ( 'NONE', #6051, #1331, #7706, .T. ) ;
#4053 = ORIENTED_EDGE ( 'NONE', *, *, #4439, .T. ) ;
#4054 = LINE ( 'NONE', #172, #2705 ) ;
#4055 = AXIS2_PLACEMENT_3D ( 'NONE', #4334, #1818, #224 ) ;
#4056 = ORIENTED_EDGE ( 'NONE', *, *, #5513, .T. ) ;
#4057 = LINE ( 'NONE', #1719, #3952 ) ;
#4058 = LINE ( 'NONE', #746, #1554 ) ;
#4059 = CARTESIAN_POINT ( 'NONE',  ( 404.1705678623203000, 100.3416782713104900, -4.649999999999955900 ) ) ;
#4060 = EDGE_CURVE ( 'NONE', #6716, #5051, #3494, .T. ) ;
#4061 = EDGE_LOOP ( 'NONE', ( #7791, #2859 ) ) ;
#4062 = VERTEX_POINT ( 'NONE', #4206 ) ;
#4063 = EDGE_CURVE ( 'NONE', #2943, #2890, #6087, .T. ) ;
#4064 = DIRECTION ( 'NONE',  ( 0.0000000000000000000, -0.3162277660168418800, -0.9486832980505124400 ) ) ;
#4065 = VECTOR ( 'NONE', #779, 999.9999999999998900 ) ;
#4066 = DIRECTION ( 'NONE',  ( -0.5773502691896433800, -0.5773502691896111900, -0.5773502691896227300 ) ) ;
#4067 = CARTESIAN_POINT ( 'NONE',  ( 409.2505678623202800, 100.9816782713105100, -14.84999999999995900 ) ) ;
#4068 = CARTESIAN_POINT ( 'NONE',  ( 415.0905678623203100, 102.2916782713104900, -12.14999999999994900 ) ) ;
#4069 = DIRECTION ( 'NONE',  ( -1.000000000000000000, -1.064154322375103700E-047, 2.896588820980573400E-032 ) ) ;
#4070 = AXIS2_PLACEMENT_3D ( 'NONE', #7862, #5846, #4152 ) ;
#4071 = AXIS2_PLACEMENT_3D ( 'NONE', #2040, #6364, #2640 ) ;
#4072 = ORIENTED_EDGE ( 'NONE', *, *, #4544, .F. ) ;
#4073 = ADVANCED_FACE ( 'NONE', ( #6563 ), #4628, .T. ) ;
#4074 = ORIENTED_EDGE ( 'NONE', *, *, #2420, .F. ) ;
#4075 = FACE_OUTER_BOUND ( 'NONE', #1243, .T. ) ;
#4076 = VECTOR ( 'NONE', #1685, 1000.000000000000000 ) ;
#4077 = CARTESIAN_POINT ( 'NONE',  ( 415.8905678623203800, 103.8016782713104900, -3.049999999999954500 ) ) ;
#4078 = DIRECTION ( 'NONE',  ( -1.000000000000000000, -1.499660721822137700E-032, -1.836494048521242700E-048 ) ) ;
#4079 = EDGE_CURVE ( 'NONE', #1397, #4261, #6208, .T. ) ;
#4080 = CARTESIAN_POINT ( 'NONE',  ( 405.8905678623203800, 102.2916782713104900, -12.02573593128802500 ) ) ;
#4081 = CARTESIAN_POINT ( 'NONE',  ( 406.7105678623203700, 100.9816782713105100, -3.849999999999949900 ) ) ;
#4082 = EDGE_LOOP ( 'NONE', ( #5424, #7881 ) ) ;
#4083 = ORIENTED_EDGE ( 'NONE', *, *, #782, .F. ) ;
#4084 = FACE_OUTER_BOUND ( 'NONE', #7063, .T. ) ;
#4085 = VERTEX_POINT ( 'NONE', #4955 ) ;
#4086 = ORIENTED_EDGE ( 'NONE', *, *, #1042, .T. ) ;
#4087 = AXIS2_PLACEMENT_3D ( 'NONE', #1693, #1800, #1829 ) ;
#4088 = CARTESIAN_POINT ( 'NONE',  ( 414.5905678702263200, 96.69167827130701200, -12.14999999999995200 ) ) ;
#4089 = VERTEX_POINT ( 'NONE', #4987 ) ;
#4090 = ORIENTED_EDGE ( 'NONE', *, *, #4388, .F. ) ;
#4091 = ORIENTED_EDGE ( 'NONE', *, *, #4252, .T. ) ;
#4092 = PLANE ( 'NONE',  #4394 ) ;
#4093 = VERTEX_POINT ( 'NONE', #4660 ) ;
#4094 = PLANE ( 'NONE',  #2892 ) ;
#4095 = CARTESIAN_POINT ( 'NONE',  ( 408.6105678623203500, 100.3416782713104900, -3.849999999999948100 ) ) ;
#4096 = ORIENTED_EDGE ( 'NONE', *, *, #3704, .T. ) ;
#4097 = LOCAL_TIME ( 0, 22, 13.00000000000000000, #1150 ) ;
#4098 = DIRECTION ( 'NONE',  ( -2.999321443644274900E-032, 1.224606353822377300E-016, -1.000000000000000000 ) ) ;
#4099 = DIRECTION ( 'NONE',  ( 1.000000000000000000, 1.499660721822137700E-032, 1.836494048521242700E-048 ) ) ;
#4100 = EDGE_LOOP ( 'NONE', ( #4191, #4260 ) ) ;
#4101 = EDGE_CURVE ( 'NONE', #4165, #4849, #5028, .T. ) ;
#4102 = EDGE_CURVE ( 'NONE', #6228, #5232, #2680, .T. ) ;
#4103 = VERTEX_POINT ( 'NONE', #5172 ) ;
#4104 = CARTESIAN_POINT ( 'NONE',  ( 406.7105678623203700, 100.9816782713105100, -14.84999999999995900 ) ) ;
#4105 = ORIENTED_EDGE ( 'NONE', *, *, #207, .T. ) ;
#4106 = VECTOR ( 'NONE', #592, 999.9999999999998900 ) ;
#4107 = LINE ( 'NONE', #4081, #2710 ) ;
#4108 = VECTOR ( 'NONE', #2107, 1000.000000000000000 ) ;
#4109 = EDGE_LOOP ( 'NONE', ( #600, #3303, #469, #7958 ) ) ;
#4110 = LINE ( 'NONE', #7547, #2559 ) ;
#4111 = EDGE_CURVE ( 'NONE', #3731, #5164, #7793, .T. ) ;
#4112 = VECTOR ( 'NONE', #1671, 1000.000000000000000 ) ;
#4113 = LINE ( 'NONE', #1184, #5558 ) ;
#4114 = EDGE_CURVE ( 'NONE', #5148, #3083, #5041, .T. ) ;
#4115 = PLANE ( 'NONE',  #4162 ) ;
#4116 = PLANE ( 'NONE',  #3695 ) ;
#4117 = ORIENTED_EDGE ( 'NONE', *, *, #4903, .T. ) ;
#4118 = AXIS2_PLACEMENT_3D ( 'NONE', #3170, #4442, #4468 ) ;
#4119 = LINE ( 'NONE', #1625, #2771 ) ;
#4120 = AXIS2_PLACEMENT_3D ( 'NONE', #7822, #7914, #7601 ) ;
#4121 = LINE ( 'NONE', #5157, #1415 ) ;
#4122 = CARTESIAN_POINT ( 'NONE',  ( 396.2905678623203000, 95.00167827131051000, -11.84999999999993700 ) ) ;
#4123 = EDGE_LOOP ( 'NONE', ( #4671, #638, #7069, #936 ) ) ;
#4124 = CARTESIAN_POINT ( 'NONE',  ( 408.6105678623203500, 100.3416782713105000, -9.449999999999958400 ) ) ;
#4125 = ADVANCED_FACE ( 'NONE', ( #1315 ), #5674, .T. ) ;
#4126 = EDGE_CURVE ( 'NONE', #1196, #5491, #3532, .T. ) ;
#4127 = CARTESIAN_POINT ( 'NONE',  ( 404.1705678623203000, 100.9816782713105100, -4.649999999999955900 ) ) ;
#4128 = FACE_OUTER_BOUND ( 'NONE', #6786, .T. ) ;
#4129 = LINE ( 'NONE', #6612, #5372 ) ;
#4130 = VERTEX_POINT ( 'NONE', #5873 ) ;
#4131 = CARTESIAN_POINT ( 'NONE',  ( 411.6905678623203400, 100.8216782713105000, -3.549999999999954100 ) ) ;
#4132 = VECTOR ( 'NONE', #1884, 1000.000000000000200 ) ;
#4133 = CARTESIAN_POINT ( 'NONE',  ( 408.7105678623203200, 100.8816782713105100, -15.14999999999994000 ) ) ;
#4134 = DIRECTION ( 'NONE',  ( -1.499660721822137700E-032, 1.000000000000000000, 1.224606353822377500E-016 ) ) ;
#4135 = ADVANCED_FACE ( 'NONE', ( #5890 ), #6074, .T. ) ;
#4136 = CARTESIAN_POINT ( 'NONE',  ( 411.1505678623203200, 100.9816782713105100, -9.449999999999958400 ) ) ;
#4137 = FACE_OUTER_BOUND ( 'NONE', #7617, .T. ) ;
#4138 = ORIENTED_EDGE ( 'NONE', *, *, #5524, .F. ) ;
#4139 = EDGE_CURVE ( 'NONE', #4958, #3731, #485, .T. ) ;
#4140 = CARTESIAN_POINT ( 'NONE',  ( 408.6105678623203500, 97.80167827131050700, -3.649999999999955900 ) ) ;
#4141 = CARTESIAN_POINT ( 'NONE',  ( 414.5905678623203100, 96.69167827131040800, -11.84999999999996400 ) ) ;
#4142 = CARTESIAN_POINT ( 'NONE',  ( 454.5670678623203600, 94.99167827131051900, -9.799999999999954500 ) ) ;
#4143 = ORIENTED_EDGE ( 'NONE', *, *, #3946, .F. ) ;
#4144 = ORIENTED_EDGE ( 'NONE', *, *, #7306, .F. ) ;
#4145 = CARTESIAN_POINT ( 'NONE',  ( 425.4405678623202800, 98.74167827131049100, -11.84999999999993700 ) ) ;
#4146 = CARTESIAN_POINT ( 'NONE',  ( 402.1055678623203000, 97.65167827131048700, -11.79999999999995500 ) ) ;
#4147 = EDGE_CURVE ( 'NONE', #6123, #1135, #2045, .T. ) ;
#4148 = CYLINDRICAL_SURFACE ( 'NONE', #447, 0.2500000000000002200 ) ;
#4149 = DIRECTION ( 'NONE',  ( 0.0000000000000000000, -1.224606353822377500E-016, 1.000000000000000000 ) ) ;
#4150 = FACE_OUTER_BOUND ( 'NONE', #5322, .T. ) ;
#4151 = VECTOR ( 'NONE', #3397, 1000.000000000000000 ) ;
#4152 = DIRECTION ( 'NONE',  ( 1.224606353822377300E-016, -1.000000000000000000, 0.0000000000000000000 ) ) ;
#4153 = LINE ( 'NONE', #1494, #884 ) ;
#4154 = DIRECTION ( 'NONE',  ( 0.0000000000000000000, 3.673819061467132300E-016, -1.000000000000000000 ) ) ;
#4155 = VERTEX_POINT ( 'NONE', #6922 ) ;
#4156 = LINE ( 'NONE', #6906, #2681 ) ;
#4157 = EDGE_CURVE ( 'NONE', #4581, #5698, #7633, .T. ) ;
#4158 = LINE ( 'NONE', #2512, #3092 ) ;
#4159 = CARTESIAN_POINT ( 'NONE',  ( 402.1055678623203000, 100.3416782713105100, -11.74999999999994100 ) ) ;
#4160 = ORIENTED_EDGE ( 'NONE', *, *, #4936, .F. ) ;
#4161 = VECTOR ( 'NONE', #2003, 1000.000000000000000 ) ;
#4162 = AXIS2_PLACEMENT_3D ( 'NONE', #4127, #4134, #4149 ) ;
#4163 = CARTESIAN_POINT ( 'NONE',  ( 397.3905678623203200, 96.14167827131049600, -3.049999999999954500 ) ) ;
#4164 = EDGE_CURVE ( 'NONE', #285, #3083, #112, .T. ) ;
#4165 = VERTEX_POINT ( 'NONE', #7141 ) ;
#4166 = VECTOR ( 'NONE', #2831, 1000.000000000000000 ) ;
#4167 = EDGE_CURVE ( 'NONE', #1114, #7686, #5943, .T. ) ;
#4168 = ORIENTED_EDGE ( 'NONE', *, *, #4892, .T. ) ;
#4169 = ORIENTED_EDGE ( 'NONE', *, *, #7827, .T. ) ;
#4170 = ORIENTED_EDGE ( 'NONE', *, *, #4691, .F. ) ;
#4171 = CARTESIAN_POINT ( 'NONE',  ( 408.7105678623203200, 98.34167827131051400, -15.14999999999994000 ) ) ;
#4172 = AXIS2_PLACEMENT_3D ( 'NONE', #361, #220, #3339 ) ;
#4173 = APPROVAL ( #639, 'UNSPECIFIED' ) ;
#4174 = ORIENTED_EDGE ( 'NONE', *, *, #5474, .T. ) ;
#4175 = ORIENTED_EDGE ( 'NONE', *, *, #6311, .F. ) ;
#4176 = ORIENTED_EDGE ( 'NONE', *, *, #4102, .F. ) ;
#4177 = EDGE_LOOP ( 'NONE', ( #2700, #4766, #4921, #3929 ) ) ;
#4178 = DIRECTION ( 'NONE',  ( -1.000000000000000000, -1.499660721822137700E-032, -1.836494048521242700E-048 ) ) ;
#4179 = EDGE_CURVE ( 'NONE', #3148, #3826, #3370, .T. ) ;
#4180 = CARTESIAN_POINT ( 'NONE',  ( 403.8505678623203000, 100.4416782713105100, -15.14999999999994400 ) ) ;
#4181 = DIRECTION ( 'NONE',  ( 0.0000000000000000000, 1.224606353822377300E-016, -1.000000000000000000 ) ) ;
#4182 = VERTEX_POINT ( 'NONE', #7767 ) ;
#4183 = DIRECTION ( 'NONE',  ( 1.000000000000000000, 1.064154322375103700E-047, -2.896588820980573400E-032 ) ) ;
#4184 = VERTEX_POINT ( 'NONE', #7924 ) ;
#4185 = PLANE ( 'NONE',  #2889 ) ;
#4186 = DIRECTION ( 'NONE',  ( -1.224606353822377300E-016, 1.000000000000000000, -0.0000000000000000000 ) ) ;
#4187 = ORIENTED_EDGE ( 'NONE', *, *, #387, .F. ) ;
#4188 = EDGE_CURVE ( 'NONE', #5215, #3589, #588, .T. ) ;
#4189 = LINE ( 'NONE', #7740, #126 ) ;
#4190 = VECTOR ( 'NONE', #1588, 1000.000000000000000 ) ;
#4191 = ORIENTED_EDGE ( 'NONE', *, *, #4266, .T. ) ;
#4192 = DIRECTION ( 'NONE',  ( 0.0000000000000000000, -2.449212707644755000E-016, 1.000000000000000000 ) ) ;
#4193 = DIRECTION ( 'NONE',  ( 1.000000000000000000, -1.224606353822377300E-016, 1.499660721822137400E-032 ) ) ;
#4194 = ORIENTED_EDGE ( 'NONE', *, *, #6692, .T. ) ;
#4195 = APPROVAL_PERSON_ORGANIZATION ( #2018, #6272, #6215 ) ;
#4196 = DIRECTION ( 'NONE',  ( -0.0000000000000000000, -1.224606353822377300E-016, 1.000000000000000000 ) ) ;
#4197 = EDGE_CURVE ( 'NONE', #6198, #4182, #6635, .T. ) ;
#4198 = EDGE_CURVE ( 'NONE', #2652, #3823, #7959, .T. ) ;
#4199 = ORIENTED_EDGE ( 'NONE', *, *, #306, .T. ) ;
#4200 = CARTESIAN_POINT ( 'NONE',  ( 403.5305678623203100, 97.80167827131050700, -3.649999999999955900 ) ) ;
#4201 = DIRECTION ( 'NONE',  ( 0.3162277660168217900, 0.0000000000000000000, 0.9486832980505192100 ) ) ;
#4202 = LINE ( 'NONE', #4104, #3402 ) ;
#4203 = CARTESIAN_POINT ( 'NONE',  ( 415.8905678623203800, 103.1416782713105100, -3.049999999999955000 ) ) ;
#4204 = LINE ( 'NONE', #7098, #6275 ) ;
#4205 = VECTOR ( 'NONE', #1417, 1000.000000000000000 ) ;
#4206 = CARTESIAN_POINT ( 'NONE',  ( 406.3905678623203200, 104.0916779814599200, -3.649999999999967500 ) ) ;
#4207 = VECTOR ( 'NONE', #1935, 1000.000000000000000 ) ;
#4208 = VECTOR ( 'NONE', #4016, 1000.000000000000000 ) ;
#4209 = EDGE_CURVE ( 'NONE', #7726, #3512, #1404, .T. ) ;
#4210 = COORDINATED_UNIVERSAL_TIME_OFFSET ( 8, 0, .BEHIND. ) ;
#4211 = EDGE_CURVE ( 'NONE', #2652, #6816, #6584, .T. ) ;
#4212 = PLANE ( 'NONE',  #5008 ) ;
#4213 = DIRECTION ( 'NONE',  ( -0.0000000000000000000, -1.000000000000000000, -3.673819061467132300E-016 ) ) ;
#4214 = FACE_OUTER_BOUND ( 'NONE', #2986, .T. ) ;
#4215 = CARTESIAN_POINT ( 'NONE',  ( 416.4905678623202900, 103.7916782713104700, -11.84999999999993700 ) ) ;
#4216 = VECTOR ( 'NONE', #302, 1000.000000000000000 ) ;
#4217 = FACE_OUTER_BOUND ( 'NONE', #684, .T. ) ;
#4218 = ORIENTED_EDGE ( 'NONE', *, *, #6468, .T. ) ;
#4219 = LOCAL_TIME ( 0, 22, 13.00000000000000000, #6083 ) ;
#4220 = CARTESIAN_POINT ( 'NONE',  ( 403.8505678623203000, 100.3916782713105100, -14.99999999999995000 ) ) ;
#4221 = PLANE ( 'NONE',  #6427 ) ;
#4222 = LINE ( 'NONE', #845, #7476 ) ;
#4223 = LINE ( 'NONE', #3559, #5229 ) ;
#4224 = EDGE_CURVE ( 'NONE', #6790, #5253, #7230, .T. ) ;
#4225 = DIRECTION ( 'NONE',  ( 1.000000000000000000, 1.102145718440137400E-016, 3.673819061467169600E-017 ) ) ;
#4226 = CARTESIAN_POINT ( 'NONE',  ( 406.0705678623203300, 98.44167827131049400, -3.649999999999955900 ) ) ;
#4227 = EDGE_LOOP ( 'NONE', ( #1009, #2440, #2915, #4665 ) ) ;
#4228 = DIRECTION ( 'NONE',  ( 1.224606353822377300E-016, -1.000000000000000000, 0.0000000000000000000 ) ) ;
#4229 = LINE ( 'NONE', #2305, #6116 ) ;
#4230 = CARTESIAN_POINT ( 'NONE',  ( 397.6170678623203100, 101.0416782713104700, -11.84999999999993700 ) ) ;
#4231 = DIRECTION ( 'NONE',  ( -0.3162277660169020000, 0.0000000000000000000, 0.9486832980504924500 ) ) ;
#4232 = ADVANCED_FACE ( 'NONE', ( #3576 ), #4185, .T. ) ;
#4233 = VERTEX_POINT ( 'NONE', #4930 ) ;
#4234 = CARTESIAN_POINT ( 'NONE',  ( 414.8405678623203100, 99.40167827131050200, -11.84999999999993700 ) ) ;
#4235 = EDGE_CURVE ( 'NONE', #2216, #4093, #5178, .T. ) ;
#4236 = VECTOR ( 'NONE', #2051, 1000.000000000000000 ) ;
#4237 = ORIENTED_EDGE ( 'NONE', *, *, #1770, .F. ) ;
#4238 = DIRECTION ( 'NONE',  ( -1.000000000000000000, -1.224606353822377300E-016, 1.499660721822137400E-032 ) ) ;
#4239 = LINE ( 'NONE', #61, #4236 ) ;
#4240 = CARTESIAN_POINT ( 'NONE',  ( 410.9955678623202900, 101.1316782713104800, -11.79999999999995500 ) ) ;
#4241 = DIRECTION ( 'NONE',  ( 1.224606353822377300E-016, -1.000000000000000000, 0.0000000000000000000 ) ) ;
#4242 = CARTESIAN_POINT ( 'NONE',  ( 453.4170678623203200, 96.84167827131044200, -9.449999999999960200 ) ) ;
#4243 = ORIENTED_EDGE ( 'NONE', *, *, #3163, .T. ) ;
#4244 = EDGE_LOOP ( 'NONE', ( #3292, #1185, #1004, #2020 ) ) ;
#4245 = ORIENTED_EDGE ( 'NONE', *, *, #3585, .T. ) ;
#4246 = VECTOR ( 'NONE', #2634, 1000.000000000000000 ) ;
#4247 = CARTESIAN_POINT ( 'NONE',  ( 403.5805678623203200, 100.9816782713105100, -14.99999999999995000 ) ) ;
#4248 = EDGE_CURVE ( 'NONE', #6344, #3763, #495, .T. ) ;
#4249 = ORIENTED_EDGE ( 'NONE', *, *, #4460, .T. ) ;
#4250 = EDGE_LOOP ( 'NONE', ( #3590, #3723, #7462, #3064 ) ) ;
#4251 = VERTEX_POINT ( 'NONE', #2848 ) ;
#4252 = EDGE_CURVE ( 'NONE', #3663, #3376, #2767, .T. ) ;
#4253 = CARTESIAN_POINT ( 'NONE',  ( 403.5305678623203100, 100.9816782713105100, -4.649999999999955900 ) ) ;
#4254 = VERTEX_POINT ( 'NONE', #4677 ) ;
#4255 = ORIENTED_EDGE ( 'NONE', *, *, #4779, .F. ) ;
#4256 = ORIENTED_EDGE ( 'NONE', *, *, #1687, .T. ) ;
#4257 = AXIS2_PLACEMENT_3D ( 'NONE', #7236, #7208, #7196 ) ;
#4258 = CARTESIAN_POINT ( 'NONE',  ( 411.7905678623203000, 100.9816782713105000, -14.84999999999996400 ) ) ;
#4259 = EDGE_LOOP ( 'NONE', ( #2540, #3387, #4096, #3896 ) ) ;
#4260 = ORIENTED_EDGE ( 'NONE', *, *, #3119, .T. ) ;
#4261 = VERTEX_POINT ( 'NONE', #5297 ) ;
#4262 = CARTESIAN_POINT ( 'NONE',  ( 403.5305678623203100, 100.3416782713105000, -9.449999999999958400 ) ) ;
#4263 = LINE ( 'NONE', #3243, #1376 ) ;
#4264 = EDGE_CURVE ( 'NONE', #701, #1310, #1851, .T. ) ;
#4265 = ADVANCED_FACE ( 'NONE', ( #628 ), #4116, .T. ) ;
#4266 = EDGE_CURVE ( 'NONE', #6271, #378, #3785, .T. ) ;
#4267 = ORIENTED_EDGE ( 'NONE', *, *, #6560, .T. ) ;
#4268 = CARTESIAN_POINT ( 'NONE',  ( 405.8905678623203200, 102.2916782713104900, -11.84999999999995500 ) ) ;
#4269 = CARTESIAN_POINT ( 'NONE',  ( 396.8905678623202700, 103.8016782713104900, -3.049999999999954500 ) ) ;
#4270 = EDGE_LOOP ( 'NONE', ( #7366, #1014, #3805, #3097 ) ) ;
#4271 = LINE ( 'NONE', #1160, #6185 ) ;
#4272 = ORIENTED_EDGE ( 'NONE', *, *, #5315, .F. ) ;
#4273 = DIRECTION ( 'NONE',  ( 1.000000000000000000, 1.224606353822377300E-016, 1.499660721822137400E-032 ) ) ;
#4274 = DIRECTION ( 'NONE',  ( 1.224606353822377300E-016, -1.000000000000000000, 0.0000000000000000000 ) ) ;
#4275 = ADVANCED_FACE ( 'NONE', ( #2756 ), #5235, .T. ) ;
#4276 = CARTESIAN_POINT ( 'NONE',  ( 409.5505678623202900, 98.74167827131049100, -11.84999999999994600 ) ) ;
#4277 = EDGE_LOOP ( 'NONE', ( #2476, #7527, #6420, #4014 ) ) ;
#4278 = VERTEX_POINT ( 'NONE', #4739 ) ;
#4279 = VECTOR ( 'NONE', #6626, 1000.000000000000100 ) ;
#4280 = DIRECTION ( 'NONE',  ( -0.3162277660168280000, 3.872545315192758000E-016, -0.9486832980505171000 ) ) ;
#4281 = PLANE ( 'NONE',  #6618 ) ;
#4282 = EDGE_CURVE ( 'NONE', #5232, #2177, #2709, .T. ) ;
#4283 = CARTESIAN_POINT ( 'NONE',  ( 406.6105678623202400, 98.34167827131049900, -3.549999999999948800 ) ) ;
#4284 = CARTESIAN_POINT ( 'NONE',  ( 411.7905678623203000, 97.80167827131050700, -3.649999999999955900 ) ) ;
#4285 = VERTEX_POINT ( 'NONE', #96 ) ;
#4286 = ORIENTED_EDGE ( 'NONE', *, *, #4009, .T. ) ;
#4287 = VECTOR ( 'NONE', #7116, 1000.000000000000000 ) ;
#4288 = CARTESIAN_POINT ( 'NONE',  ( 406.1401871718889000, 103.8416782713104700, -12.43309518948451900 ) ) ;
#4289 = ORIENTED_EDGE ( 'NONE', *, *, #3652, .F. ) ;
#4290 = DIRECTION ( 'NONE',  ( 0.3015113445777655200, -0.3015113445776818600, -0.9045340337333175300 ) ) ;
#4291 = DIRECTION ( 'NONE',  ( 1.000000000000000000, -3.909510433884295200E-063, 1.064154322375103600E-047 ) ) ;
#4292 = EDGE_CURVE ( 'NONE', #2763, #6988, #4822, .T. ) ;
#4293 = VERTEX_POINT ( 'NONE', #4978 ) ;
#4294 = CYLINDRICAL_SURFACE ( 'NONE', #2843, 0.2500000000000002200 ) ;
#4295 = EDGE_LOOP ( 'NONE', ( #6404, #5063, #4074, #2842 ) ) ;
#4296 = CARTESIAN_POINT ( 'NONE',  ( 454.5670678623203600, 103.1416782713105100, -3.049999999999955000 ) ) ;
#4297 = DIRECTION ( 'NONE',  ( 0.0000000000000000000, 1.000000000000000000, 0.0000000000000000000 ) ) ;
#4298 = CARTESIAN_POINT ( 'NONE',  ( 406.2305678623203000, 97.85167827131051900, -3.699999999999946000 ) ) ;
#4299 = PLANE ( 'NONE',  #5833 ) ;
#4300 = VECTOR ( 'NONE', #4543, 1000.000000000000000 ) ;
#4301 = EDGE_CURVE ( 'NONE', #2671, #3823, #2280, .T. ) ;
#4302 = VECTOR ( 'NONE', #202, 1000.000000000000000 ) ;
#4303 = ORIENTED_EDGE ( 'NONE', *, *, #4833, .T. ) ;
#4304 = CARTESIAN_POINT ( 'NONE',  ( 411.7905678623203000, 100.9816782713105100, -3.849999999999949900 ) ) ;
#4305 = FACE_OUTER_BOUND ( 'NONE', #3182, .T. ) ;
#4306 = CARTESIAN_POINT ( 'NONE',  ( 406.8905678623204400, 102.2916782713104900, -12.02573593128786400 ) ) ;
#4307 = CARTESIAN_POINT ( 'NONE',  ( 403.5305678623203100, 98.44167827131049400, -14.84999999999996400 ) ) ;
#4308 = ADVANCED_FACE ( 'NONE', ( #4137 ), #4962, .T. ) ;
#4309 = CARTESIAN_POINT ( 'NONE',  ( 406.0705678623203300, 98.44167827131050800, -3.849999999999950800 ) ) ;
#4310 = VECTOR ( 'NONE', #6900, 1000.000000000000000 ) ;
#4311 = APPROVAL_DATE_TIME ( #5858, #1141 ) ;
#4312 = PLANE ( 'NONE',  #6111 ) ;
#4313 = AXIS2_PLACEMENT_3D ( 'NONE', #3059, #3075, #3086 ) ;
#4314 = DIRECTION ( 'NONE',  ( -0.0000000000000000000, -1.000000000000000000, -3.673819061467132300E-016 ) ) ;
#4315 = ORIENTED_EDGE ( 'NONE', *, *, #97, .F. ) ;
#4316 = VECTOR ( 'NONE', #4290, 999.9999999999998900 ) ;
#4317 = EDGE_CURVE ( 'NONE', #5164, #833, #7966, .T. ) ;
#4318 = ORIENTED_EDGE ( 'NONE', *, *, #6819, .T. ) ;
#4319 = EDGE_CURVE ( 'NONE', #5810, #289, #5649, .T. ) ;
#4320 = DIRECTION ( 'NONE',  ( 1.161763594557826000E-016, -0.9486832980505125500, 0.3162277660168419400 ) ) ;
#4321 = DIRECTION ( 'NONE',  ( 0.0000000000000000000, -0.3162277660168418800, -0.9486832980505124400 ) ) ;
#4322 = LINE ( 'NONE', #7179, #5451 ) ;
#4323 = ORIENTED_EDGE ( 'NONE', *, *, #65, .T. ) ;
#4324 = AXIS2_PLACEMENT_3D ( 'NONE', #5876, #5821, #5454 ) ;
#4325 = ORIENTED_EDGE ( 'NONE', *, *, #7344, .F. ) ;
#4326 = DIRECTION ( 'NONE',  ( 0.0000000000000000000, 0.9486832980505127700, -0.3162277660168406100 ) ) ;
#4327 = APPLICATION_PROTOCOL_DEFINITION ( 'international standard', 'config_control_design', 1994, #7952 ) ;
#4328 = DIRECTION ( 'NONE',  ( 1.224606353822377300E-016, 1.000000000000000000, 0.0000000000000000000 ) ) ;
#4329 = EDGE_LOOP ( 'NONE', ( #4086, #4559, #2443, #353 ) ) ;
#4330 = PLANE ( 'NONE',  #6662 ) ;
#4331 = EDGE_CURVE ( 'NONE', #4557, #1218, #6002, .T. ) ;
#4332 = VECTOR ( 'NONE', #3507, 1000.000000000000100 ) ;
#4333 = EDGE_LOOP ( 'NONE', ( #3295, #5840, #7831, #3098 ) ) ;
#4334 = CARTESIAN_POINT ( 'NONE',  ( 411.0005678623202800, 99.86667827131049100, -11.79999999999995500 ) ) ;
#4335 = CARTESIAN_POINT ( 'NONE',  ( 404.3205678623203300, 98.91667827131051600, -11.79999999999995500 ) ) ;
#4336 = LINE ( 'NONE', #1254, #468 ) ;
#4337 = DIRECTION ( 'NONE',  ( -0.3015113445777355400, -0.3015113445777774000, -0.9045340337332955500 ) ) ;
#4338 = ORIENTED_EDGE ( 'NONE', *, *, #1309, .T. ) ;
#4339 = TOROIDAL_SURFACE ( 'NONE', #1167, 0.1999999999999085800, 0.2999999999999956000 ) ;
#4340 = LINE ( 'NONE', #3930, #3262 ) ;
#4341 = CARTESIAN_POINT ( 'NONE',  ( 397.9905678623203500, 102.2916782713104600, -11.84999999999984200 ) ) ;
#4342 = EDGE_CURVE ( 'NONE', #6495, #701, #7584, .T. ) ;
#4343 = DIRECTION ( 'NONE',  ( 0.3015113445780476200, 0.3015113445777128400, -0.9045340337332130600 ) ) ;
#4344 = LINE ( 'NONE', #7690, #1365 ) ;
#4345 = ORIENTED_EDGE ( 'NONE', *, *, #5567, .F. ) ;
#4346 = EDGE_LOOP ( 'NONE', ( #4413, #2963, #7174, #4884 ) ) ;
#4347 = DIRECTION ( 'NONE',  ( -0.9486832980504924500, -7.745090630384469000E-017, -0.3162277660169020000 ) ) ;
#4348 = PLANE ( 'NONE',  #7279 ) ;
#4349 = DIRECTION ( 'NONE',  ( -0.3162277660169020000, 0.0000000000000000000, 0.9486832980504924500 ) ) ;
#4350 = FACE_OUTER_BOUND ( 'NONE', #2715, .T. ) ;
#4351 = ADVANCED_FACE ( 'NONE', ( #14 ), #2905, .T. ) ;
#4352 = ORIENTED_EDGE ( 'NONE', *, *, #3205, .F. ) ;
#4353 = DIRECTION ( 'NONE',  ( 1.931059213987049200E-032, 2.449212707644754500E-016, -1.000000000000000000 ) ) ;
#4354 = EDGE_LOOP ( 'NONE', ( #6073, #3886, #6531, #611 ) ) ;
#4355 = VECTOR ( 'NONE', #1283, 1000.000000000000000 ) ;
#4356 = APPROVAL_ROLE ( '' ) ;
#4357 = EDGE_CURVE ( 'NONE', #1855, #5698, #459, .T. ) ;
#4358 = VECTOR ( 'NONE', #7048, 1000.000000000000000 ) ;
#4359 = ORIENTED_EDGE ( 'NONE', *, *, #35, .F. ) ;
#4360 = ORIENTED_EDGE ( 'NONE', *, *, #1455, .F. ) ;
#4361 = VECTOR ( 'NONE', #1871, 1000.000000000000000 ) ;
#4362 = EDGE_LOOP ( 'NONE', ( #4836, #2070, #7955, #4352 ) ) ;
#4363 = ORIENTED_EDGE ( 'NONE', *, *, #4941, .F. ) ;
#4364 = ORIENTED_EDGE ( 'NONE', *, *, #1385, .T. ) ;
#4365 = VECTOR ( 'NONE', #4154, 1000.000000000000000 ) ;
#4366 = CARTESIAN_POINT ( 'NONE',  ( 410.8505678623202500, 101.2816782713104800, -11.84999999999995900 ) ) ;
#4367 = CARTESIAN_POINT ( 'NONE',  ( 403.6305678623203300, 97.90167827131050200, -3.549999999999959000 ) ) ;
#4368 = DIRECTION ( 'NONE',  ( -0.9486832980505192100, -1.549018126077090500E-016, 0.3162277660168217900 ) ) ;
#4369 = EDGE_CURVE ( 'NONE', #4557, #843, #7245, .T. ) ;
#4370 = ORIENTED_EDGE ( 'NONE', *, *, #472, .F. ) ;
#4371 = VERTEX_POINT ( 'NONE', #4048 ) ;
#4372 = VERTEX_POINT ( 'NONE', #3697 ) ;
#4373 = EDGE_CURVE ( 'NONE', #1750, #1099, #3128, .T. ) ;
#4374 = DIRECTION ( 'NONE',  ( -0.3015113445777409800, -0.3015113445777827800, 0.9045340337332920000 ) ) ;
#4375 = ORIENTED_EDGE ( 'NONE', *, *, #810, .F. ) ;
#4376 = ORIENTED_EDGE ( 'NONE', *, *, #1475, .T. ) ;
#4377 = VERTEX_POINT ( 'NONE', #7220 ) ;
#4378 = CARTESIAN_POINT ( 'NONE',  ( 400.9905678623203500, 98.44167827131050800, -9.449999999999960200 ) ) ;
#4379 = AXIS2_PLACEMENT_3D ( 'NONE', #7786, #6005, #6110 ) ;
#4380 = AXIS2_PLACEMENT_3D ( 'NONE', #881, #1260, #1289 ) ;
#4381 = VERTEX_POINT ( 'NONE', #2966 ) ;
#4382 = DIRECTION ( 'NONE',  ( -1.734723475976709300E-015, 9.629649721935494300E-029, 1.000000000000000000 ) ) ;
#4383 = ORIENTED_EDGE ( 'NONE', *, *, #7448, .F. ) ;
#4384 = LOCAL_TIME ( 0, 22, 13.00000000000000000, #3706 ) ;
#4385 = EDGE_CURVE ( 'NONE', #2318, #4557, #1449, .T. ) ;
#4386 = VECTOR ( 'NONE', #4274, 1000.000000000000000 ) ;
#4387 = VERTEX_POINT ( 'NONE', #2539 ) ;
#4388 = EDGE_CURVE ( 'NONE', #7452, #7004, #4459, .T. ) ;
#4389 = CARTESIAN_POINT ( 'NONE',  ( 414.5905678623203100, 96.49167827131050500, -11.84999999999996400 ) ) ;
#4390 = CARTESIAN_POINT ( 'NONE',  ( 405.8905678623202700, 102.2916782713104700, -12.02573593128804900 ) ) ;
#4391 = PERSON_AND_ORGANIZATION_ROLE ( 'design_supplier' ) ;
#4392 = ORIENTED_EDGE ( 'NONE', *, *, #251, .F. ) ;
#4393 = ORIENTED_EDGE ( 'NONE', *, *, #1926, .F. ) ;
#4394 = AXIS2_PLACEMENT_3D ( 'NONE', #5216, #6941, #1836 ) ;
#4395 = FACE_OUTER_BOUND ( 'NONE', #1819, .T. ) ;
#4396 = DIRECTION ( 'NONE',  ( 0.0000000000000000000, -1.224606353822377500E-016, 1.000000000000000000 ) ) ;
#4397 = DIRECTION ( 'NONE',  ( -0.0000000000000000000, 2.449212707644755000E-016, -1.000000000000000000 ) ) ;
#4398 = VECTOR ( 'NONE', #10, 1000.000000000000000 ) ;
#4399 = ORIENTED_EDGE ( 'NONE', *, *, #5142, .T. ) ;
#4400 = ORIENTED_EDGE ( 'NONE', *, *, #2326, .T. ) ;
#4401 = CARTESIAN_POINT ( 'NONE',  ( 397.3905678623203200, 101.0416782713104700, -5.449999999999960200 ) ) ;
#4402 = CARTESIAN_POINT ( 'NONE',  ( 403.5305678623203100, 100.9816782713105100, -9.449999999999958400 ) ) ;
#4403 = FACE_OUTER_BOUND ( 'NONE', #2849, .T. ) ;
#4404 = ADVANCED_FACE ( 'NONE', ( #1756 ), #898, .T. ) ;
#4405 = VECTOR ( 'NONE', #5188, 1000.000000000000000 ) ;
#4406 = LINE ( 'NONE', #1660, #4566 ) ;
#4407 = DIRECTION ( 'NONE',  ( 1.224646799147353200E-016, 1.000000000000000000, -0.0000000000000000000 ) ) ;
#4408 = PLANE ( 'NONE',  #2725 ) ;
#4409 = VECTOR ( 'NONE', #6616, 1000.000000000000100 ) ;
#4410 = CARTESIAN_POINT ( 'NONE',  ( 398.1905678623202800, 103.8416782713105000, -3.649999999999949300 ) ) ;
#4411 = LINE ( 'NONE', #7164, #5490 ) ;
#4412 = DIRECTION ( 'NONE',  ( -1.850371707708551900E-013, 0.0000000000000000000, 1.000000000000000000 ) ) ;
#4413 = ORIENTED_EDGE ( 'NONE', *, *, #6622, .F. ) ;
#4414 = DIRECTION ( 'NONE',  ( -1.232595164407831200E-032, -1.836909530733565600E-016, 1.000000000000000000 ) ) ;
#4415 = EDGE_CURVE ( 'NONE', #1247, #3236, #3458, .T. ) ;
#4416 = FACE_BOUND ( 'NONE', #1109, .T. ) ;
#4417 = LINE ( 'NONE', #6063, #3596 ) ;
#4418 = ORIENTED_EDGE ( 'NONE', *, *, #6467, .F. ) ;
#4419 = LINE ( 'NONE', #7252, #7657 ) ;
#4420 = CARTESIAN_POINT ( 'NONE',  ( 401.9305678623203400, 99.40167827131050200, -11.84999999999993700 ) ) ;
#4421 = DIRECTION ( 'NONE',  ( 0.0000000000000000000, 1.224606353822377300E-016, -1.000000000000000000 ) ) ;
#4422 = ORIENTED_EDGE ( 'NONE', *, *, #6107, .T. ) ;
#4423 = DIRECTION ( 'NONE',  ( 0.0000000000000000000, -1.000000000000000000, 0.0000000000000000000 ) ) ;
#4424 = CARTESIAN_POINT ( 'NONE',  ( 400.9905678623202900, 100.9816782713105100, -4.649999999999955900 ) ) ;
#4425 = VECTOR ( 'NONE', #4827, 1000.000000000000000 ) ;
#4426 = ORIENTED_EDGE ( 'NONE', *, *, #7370, .T. ) ;
#4427 = DIRECTION ( 'NONE',  ( -1.000000000000000000, -1.064154322375103700E-047, 2.896588820980573400E-032 ) ) ;
#4428 = EDGE_CURVE ( 'NONE', #4254, #4377, #4222, .T. ) ;
#4429 = VECTOR ( 'NONE', #6306, 1000.000000000000000 ) ;
#4430 = EDGE_CURVE ( 'NONE', #2029, #838, #7169, .T. ) ;
#4431 = VECTOR ( 'NONE', #2078, 1000.000000000000000 ) ;
#4432 = PLANE ( 'NONE',  #4630 ) ;
#4433 = VECTOR ( 'NONE', #6294, 1000.000000000000000 ) ;
#4434 = CARTESIAN_POINT ( 'NONE',  ( 406.7663037936084700, 102.2916782713104900, -12.14999999999983200 ) ) ;
#4435 = DIRECTION ( 'NONE',  ( 1.224606353822377300E-016, -1.000000000000000000, 0.0000000000000000000 ) ) ;
#4436 = DIRECTION ( 'NONE',  ( -1.000000000000000000, 0.0000000000000000000, 0.0000000000000000000 ) ) ;
#4437 = DIRECTION ( 'NONE',  ( -1.000000000000000000, -1.064154322375103700E-047, 2.896588820980573400E-032 ) ) ;
#4438 = ORIENTED_EDGE ( 'NONE', *, *, #652, .F. ) ;
#4439 = EDGE_CURVE ( 'NONE', #4293, #6125, #7649, .T. ) ;
#4440 = LINE ( 'NONE', #946, #2582 ) ;
#4441 = EDGE_CURVE ( 'NONE', #5253, #6405, #134, .T. ) ;
#4442 = DIRECTION ( 'NONE',  ( -2.999321443644274900E-032, 1.224606353822377300E-016, -1.000000000000000000 ) ) ;
#4443 = ADVANCED_FACE ( 'NONE', ( #78 ), #3818, .T. ) ;
#4444 = LINE ( 'NONE', #5918, #2002 ) ;
#4445 = CC_DESIGN_DATE_AND_TIME_ASSIGNMENT ( #1754, #3124, ( #2788 ) ) ;
#4446 = PLANE ( 'NONE',  #229 ) ;
#4447 = CARTESIAN_POINT ( 'NONE',  ( 406.7663037936084700, 103.0431501338866800, -12.14999999999983000 ) ) ;
#4448 = CARTESIAN_POINT ( 'NONE',  ( 411.7905678623203000, 97.80167827131050700, -9.449999999999960200 ) ) ;
#4449 = EDGE_CURVE ( 'NONE', #671, #4737, #3613, .T. ) ;
#4450 = FACE_OUTER_BOUND ( 'NONE', #1603, .T. ) ;
#4451 = ORIENTED_EDGE ( 'NONE', *, *, #1421, .F. ) ;
#4452 = LINE ( 'NONE', #1236, #6134 ) ;
#4453 = CARTESIAN_POINT ( 'NONE',  ( 413.2155678623203100, 100.1916782713104500, -11.79999999999995500 ) ) ;
#4454 = DIRECTION ( 'NONE',  ( 1.224606353822377300E-016, 1.000000000000000000, 0.0000000000000000000 ) ) ;
#4455 = CARTESIAN_POINT ( 'NONE',  ( 411.4705678623202500, 98.12167827131050000, -3.549999999999954500 ) ) ;
#4456 = ORIENTED_EDGE ( 'NONE', *, *, #7517, .F. ) ;
#4457 = EDGE_LOOP ( 'NONE', ( #7887, #3195, #2166, #4733 ) ) ;
#4458 = ORIENTED_EDGE ( 'NONE', *, *, #4706, .F. ) ;
#4459 = LINE ( 'NONE', #4022, #5081 ) ;
#4460 = EDGE_CURVE ( 'NONE', #6601, #6030, #539, .T. ) ;
#4461 = CARTESIAN_POINT ( 'NONE',  ( 415.3905678623203200, 96.15167827131051600, -9.449999999999960200 ) ) ;
#4462 = DESIGN_CONTEXT ( 'detailed design', #7952, 'design' ) ;
#4463 = DIRECTION ( 'NONE',  ( -1.000000000000000000, -4.498982165466410700E-032, -1.652844643669117400E-047 ) ) ;
#4464 = VERTEX_POINT ( 'NONE', #1964 ) ;
#4465 = CARTESIAN_POINT ( 'NONE',  ( 401.6305678623202800, 98.44167827131050800, -3.849999999999946400 ) ) ;
#4466 = DIRECTION ( 'NONE',  ( 1.224606353822377300E-016, -1.000000000000000000, 0.0000000000000000000 ) ) ;
#4467 = ORIENTED_EDGE ( 'NONE', *, *, #368, .F. ) ;
#4468 = DIRECTION ( 'NONE',  ( 0.0000000000000000000, 1.000000000000000000, 1.224606353822377300E-016 ) ) ;
#4469 = EDGE_CURVE ( 'NONE', #5306, #2094, #6689, .T. ) ;
#4470 = ORIENTED_EDGE ( 'NONE', *, *, #4814, .F. ) ;
#4471 = CARTESIAN_POINT ( 'NONE',  ( 406.0148319310322300, 103.0431501338866600, -12.14999999999997000 ) ) ;
#4472 = EDGE_LOOP ( 'NONE', ( #895, #5058, #968, #1354 ) ) ;
#4473 = VECTOR ( 'NONE', #1670, 1000.000000000000000 ) ;
#4474 = EDGE_CURVE ( 'NONE', #7782, #242, #5971, .T. ) ;
#4475 = ORIENTED_EDGE ( 'NONE', *, *, #4762, .F. ) ;
#4476 = ORIENTED_EDGE ( 'NONE', *, *, #4385, .F. ) ;
#4477 = LINE ( 'NONE', #707, #3192 ) ;
#4478 = CARTESIAN_POINT ( 'NONE',  ( 401.9305678623203400, 101.2816782713104800, -11.84999999999995900 ) ) ;
#4479 = DIRECTION ( 'NONE',  ( 1.000000000000000000, 1.499660721822137700E-032, 1.836494048521242700E-048 ) ) ;
#4480 = ORIENTED_EDGE ( 'NONE', *, *, #3926, .F. ) ;
#4481 = VECTOR ( 'NONE', #537, 1000.000000000000000 ) ;
#4482 = VECTOR ( 'NONE', #6006, 1000.000000000000000 ) ;
#4483 = DIRECTION ( 'NONE',  ( -3.018887740049135000E-048, 1.000000000000000000, -7.442132860549297500E-080 ) ) ;
#4484 = CARTESIAN_POINT ( 'NONE',  ( 406.0148319310322900, 102.2916782713104700, -12.14999999999997000 ) ) ;
#4485 = CARTESIAN_POINT ( 'NONE',  ( 414.5905678623202600, 102.2916782713104900, -12.15000000000006800 ) ) ;
#4486 = CARTESIAN_POINT ( 'NONE',  ( 404.1405678623203200, 94.99167827131051900, -3.049999999999963900 ) ) ;
#4487 = ADVANCED_FACE ( 'NONE', ( #6216 ), #7102, .T. ) ;
#4488 = EDGE_CURVE ( 'NONE', #3334, #6982, #4949, .T. ) ;
#4489 = EDGE_CURVE ( 'NONE', #1713, #476, #3033, .T. ) ;
#4490 = ORIENTED_EDGE ( 'NONE', *, *, #6421, .T. ) ;
#4491 = ORIENTED_EDGE ( 'NONE', *, *, #5103, .T. ) ;
#4492 = LINE ( 'NONE', #7813, #6932 ) ;
#4493 = CARTESIAN_POINT ( 'NONE',  ( 416.4905678623202900, 101.0416782713104700, -11.84999999999993700 ) ) ;
#4494 = CARTESIAN_POINT ( 'NONE',  ( 400.9905678623203500, 98.44167827131050800, -3.849999999999938800 ) ) ;
#4495 = LINE ( 'NONE', #2322, #6898 ) ;
#4496 = LINE ( 'NONE', #630, #3090 ) ;
#4497 = DIRECTION ( 'NONE',  ( -1.000000000000000000, 0.0000000000000000000, -1.850371707708455700E-013 ) ) ;
#4498 = AXIS2_PLACEMENT_3D ( 'NONE', #4512, #826, #5134 ) ;
#4499 = CARTESIAN_POINT ( 'NONE',  ( 401.6305678623202800, 100.3416782713105100, -4.649999999999955900 ) ) ;
#4500 = ORIENTED_EDGE ( 'NONE', *, *, #4282, .F. ) ;
#4501 = EDGE_CURVE ( 'NONE', #7247, #3670, #4797, .T. ) ;
#4502 = EDGE_LOOP ( 'NONE', ( #5565, #1936, #3224, #29 ) ) ;
#4503 = VECTOR ( 'NONE', #5247, 1000.000000000000100 ) ;
#4504 = EDGE_CURVE ( 'NONE', #6198, #5666, #1544, .T. ) ;
#4505 = VECTOR ( 'NONE', #2092, 1000.000000000000000 ) ;
#4506 = EDGE_LOOP ( 'NONE', ( #6950, #2056, #4850, #3438 ) ) ;
#4507 = DIRECTION ( 'NONE',  ( 1.000000000000000000, -1.224606353822377300E-016, 1.499660721822137400E-032 ) ) ;
#4508 = CARTESIAN_POINT ( 'NONE',  ( 416.4905678623202900, 101.0416782713104700, -11.84999999999993700 ) ) ;
#4509 = LINE ( 'NONE', #4171, #3881 ) ;
#4510 = ORIENTED_EDGE ( 'NONE', *, *, #6701, .F. ) ;
#4511 = CARTESIAN_POINT ( 'NONE',  ( 406.5905678623203700, 102.2916782713104900, -12.14999999999986400 ) ) ;
#4512 = CARTESIAN_POINT ( 'NONE',  ( 398.1905678623202200, 102.2916782713104600, -11.84999999999984200 ) ) ;
#4513 = DIRECTION ( 'NONE',  ( -0.0000000000000000000, -1.224606353822377300E-016, 1.000000000000000000 ) ) ;
#4514 = EDGE_LOOP ( 'NONE', ( #1084, #4249, #4426, #3361, #568, #2494, #4585, #6565, #5162, #2450, #2565, #2985, #893, #2300, #6533, #2253 ) ) ;
#4515 = DIRECTION ( 'NONE',  ( -1.000000000000000000, -1.224606353822377300E-016, -9.655296069935245900E-033 ) ) ;
#4516 = VERTEX_POINT ( 'NONE', #6254 ) ;
#4517 = ADVANCED_FACE ( 'NONE', ( #58 ), #6962, .T. ) ;
#4518 = VECTOR ( 'NONE', #7780, 1000.000000000000000 ) ;
#4519 = LINE ( 'NONE', #7033, #511 ) ;
#4520 = ORIENTED_EDGE ( 'NONE', *, *, #5105, .F. ) ;
#4522 = EDGE_CURVE ( 'NONE', #3735, #5844, #1702, .T. ) ;
#4521 = DIRECTION ( 'NONE',  ( -1.000000000000000000, -1.224606353822377300E-016, -1.499660721822137400E-032 ) ) ;
#4523 = LINE ( 'NONE', #1115, #4190 ) ;
#4524 = VERTEX_POINT ( 'NONE', #3739 ) ;
#4525 = ADVANCED_FACE ( 'NONE', ( #7759 ), #362, .T. ) ;
#4526 = LINE ( 'NONE', #2354, #6551 ) ;
#4527 = ORIENTED_EDGE ( 'NONE', *, *, #263, .T. ) ;
#4528 = DIRECTION ( 'NONE',  ( 0.0000000000000000000, 1.000000000000000000, 1.224606353822377300E-016 ) ) ;
#4529 = DIRECTION ( 'NONE',  ( -1.000000000000000000, 2.999321443644274300E-032, 7.345976194084968500E-048 ) ) ;
#4530 = VECTOR ( 'NONE', #515, 1000.000000000000000 ) ;
#4531 = ADVANCED_FACE ( 'NONE', ( #1986 ), #1225, .T. ) ;
#4532 = LINE ( 'NONE', #466, #6463 ) ;
#4533 = EDGE_CURVE ( 'NONE', #4516, #5273, #6685, .T. ) ;
#4534 = EDGE_CURVE ( 'NONE', #7611, #6411, #662, .T. ) ;
#4535 = DIRECTION ( 'NONE',  ( -1.000000000000000000, -4.498982165466410700E-032, -1.652844643669117400E-047 ) ) ;
#4536 = DIRECTION ( 'NONE',  ( 1.224606353822377300E-016, -1.000000000000000000, -1.224606353822377300E-016 ) ) ;
#4537 = DIRECTION ( 'NONE',  ( -0.0000000000000000000, 1.224606353822377500E-016, -1.000000000000000000 ) ) ;
#4538 = CARTESIAN_POINT ( 'NONE',  ( 402.1055678623203000, 97.80167827131050700, -11.74999999999995200 ) ) ;
#4539 = LINE ( 'NONE', #7665, #4481 ) ;
#4540 = LINE ( 'NONE', #2296, #7729 ) ;
#4541 = AXIS2_PLACEMENT_3D ( 'NONE', #5477, #6349, #6045 ) ;
#4542 = CARTESIAN_POINT ( 'NONE',  ( 412.0905678623202600, 99.40167827131050200, -11.84999999999993700 ) ) ;
#4543 = DIRECTION ( 'NONE',  ( -0.0000000000000000000, 1.000000000000000000, 3.673819061467132300E-016 ) ) ;
#4544 = EDGE_CURVE ( 'NONE', #1880, #7294, #1237, .T. ) ;
#4545 = EDGE_LOOP ( 'NONE', ( #1056, #5060, #1188, #7861 ) ) ;
#4546 = EDGE_CURVE ( 'NONE', #135, #1114, #3560, .T. ) ;
#4547 = DIRECTION ( 'NONE',  ( 0.6882472016116857300, 0.6882472016116857300, 0.2294157338705592700 ) ) ;
#4548 = ADVANCED_FACE ( 'NONE', ( #3427 ), #2850, .T. ) ;
#4549 = DIRECTION ( 'NONE',  ( 0.3162277660168217900, 0.0000000000000000000, -0.9486832980505192100 ) ) ;
#4550 = LINE ( 'NONE', #5280, #4657 ) ;
#4551 = DIRECTION ( 'NONE',  ( 0.9486832980505192100, 7.745090630385779300E-017, 0.3162277660168217900 ) ) ;
#4552 = EDGE_LOOP ( 'NONE', ( #553, #5742, #377, #917 ) ) ;
#4553 = VECTOR ( 'NONE', #5435, 1000.000000000000100 ) ;
#4554 = LINE ( 'NONE', #974, #5271 ) ;
#4555 = CARTESIAN_POINT ( 'NONE',  ( 397.3905678623203200, 96.14167827131048200, -3.549999999999999800 ) ) ;
#4556 = EDGE_CURVE ( 'NONE', #6495, #1266, #105, .T. ) ;
#4557 = VERTEX_POINT ( 'NONE', #6342 ) ;
#4558 = ORIENTED_EDGE ( 'NONE', *, *, #3552, .T. ) ;
#4559 = ORIENTED_EDGE ( 'NONE', *, *, #5307, .F. ) ;
#4560 = CARTESIAN_POINT ( 'NONE',  ( 406.5905678623204300, 102.6916782713105500, -12.14999999999986400 ) ) ;
#4561 = DIRECTION ( 'NONE',  ( 0.0000000000000000000, 0.0000000000000000000, -1.000000000000000000 ) ) ;
#4562 = ADVANCED_FACE ( 'NONE', ( #6490 ), #4092, .T. ) ;
#4563 = ORIENTED_EDGE ( 'NONE', *, *, #7286, .F. ) ;
#4564 = EDGE_LOOP ( 'NONE', ( #7526, #3400, #7211, #2453 ) ) ;
#4565 = CARTESIAN_POINT ( 'NONE',  ( 401.6305678623202800, 97.80167827131052100, -9.449999999999960200 ) ) ;
#4566 = VECTOR ( 'NONE', #1663, 1000.000000000000000 ) ;
#4567 = CARTESIAN_POINT ( 'NONE',  ( 425.4405678623202800, 94.99167827131049100, -11.84999999999993900 ) ) ;
#4568 = EDGE_CURVE ( 'NONE', #5330, #7396, #3963, .T. ) ;
#4569 = DIRECTION ( 'NONE',  ( 0.0000000000000000000, -0.3162277660168418800, -0.9486832980505124400 ) ) ;
#4570 =( BOUNDED_SURFACE ( )  B_SPLINE_SURFACE ( 3, 3, ( 
 ( #1428, #1392, #1827, #1550 ),
 ( #1993, #3165, #3812, #1523 ),
 ( #258, #2931, #271, #836 ),
 ( #785, #804, #767, #363 ) ),
 .UNSPECIFIED., .F., .F., .T. ) 
 B_SPLINE_SURFACE_WITH_KNOTS ( ( 4, 4 ),
 ( 4, 4 ),
 ( 0.0000000000000000000, 1.000000000000000000 ),
 ( 0.0000000000000000000, 1.000000000000000000 ),
 .UNSPECIFIED. ) 
 GEOMETRIC_REPRESENTATION_ITEM ( )  RATIONAL_B_SPLINE_SURFACE ( (
 ( 1.000000000000000000, 0.3333333333333425900, 0.3333333333333425900, 1.000000000000000000),
 ( 0.8047378541243649400, 0.2682459513747957300, 0.2682459513747957300, 0.8047378541243649400),
 ( 0.8047378541243649400, 0.2682459513747957300, 0.2682459513747957300, 0.8047378541243649400),
 ( 1.000000000000000000, 0.3333333333333425900, 0.3333333333333425900, 1.000000000000000000) ) ) 
 REPRESENTATION_ITEM ( '' )  SURFACE ( )  );
#4571 = DIRECTION ( 'NONE',  ( -2.999321443644274900E-032, 1.224606353822377300E-016, -1.000000000000000000 ) ) ;
#4572 = CARTESIAN_POINT ( 'NONE',  ( 406.1905678623202800, 102.6916782713105500, -12.14999999999993800 ) ) ;
#4573 = DIRECTION ( 'NONE',  ( 3.872545315192717100E-017, -0.3162277660168343900, -0.9486832980505149900 ) ) ;
#4574 = DIRECTION ( 'NONE',  ( 1.000000000000000000, 3.672988097042484200E-048, -2.999321443644274900E-032 ) ) ;
#4575 = ORIENTED_EDGE ( 'NONE', *, *, #3770, .T. ) ;
#4576 = ORIENTED_EDGE ( 'NONE', *, *, #6036, .F. ) ;
#4577 = EDGE_LOOP ( 'NONE', ( #4399, #6881, #6516, #4527 ) ) ;
#4578 = CARTESIAN_POINT ( 'NONE',  ( 405.8905678623203200, 102.2916782713104900, -11.84999999999995500 ) ) ;
#4579 = CARTESIAN_POINT ( 'NONE',  ( 406.1905678623203400, 102.2916782713104900, -12.14999999999993800 ) ) ;
#4580 = EDGE_CURVE ( 'NONE', #2919, #2763, #3260, .T. ) ;
#4581 = VERTEX_POINT ( 'NONE', #4817 ) ;
#4582 = VERTEX_POINT ( 'NONE', #4906 ) ;
#4583 = CARTESIAN_POINT ( 'NONE',  ( 401.6305678623202800, 98.44167827131050800, -14.84999999999996800 ) ) ;
#4584 = CARTESIAN_POINT ( 'NONE',  ( 401.6305678623202800, 97.80167827131052100, -3.649999999999955900 ) ) ;
#4585 = ORIENTED_EDGE ( 'NONE', *, *, #5812, .T. ) ;
#4586 = EDGE_LOOP ( 'NONE', ( #2391, #178, #5743, #1897 ) ) ;
#4587 = DIRECTION ( 'NONE',  ( 0.0000000000000000000, 0.9486832980505136600, 0.3162277660168385500 ) ) ;
#4588 = CARTESIAN_POINT ( 'NONE',  ( 404.0705678623203300, 100.5016782713105000, -3.549999999999957200 ) ) ;
#4589 = ORIENTED_EDGE ( 'NONE', *, *, #6099, .F. ) ;
#4590 = CALENDAR_DATE ( 2015, 1, 9 ) ;
#4591 = EDGE_CURVE ( 'NONE', #2943, #1623, #4411, .T. ) ;
#4592 = LINE ( 'NONE', #1672, #4076 ) ;
#4593 = VECTOR ( 'NONE', #5998, 1000.000000000000000 ) ;
#4594 = EDGE_CURVE ( 'NONE', #4841, #1380, #7810, .T. ) ;
#4595 = DIRECTION ( 'NONE',  ( 1.161763594557826000E-016, -0.9486832980505125500, 0.3162277660168419400 ) ) ;
#4596 = AXIS2_PLACEMENT_3D ( 'NONE', #2371, #2425, #2461 ) ;
#4597 = VECTOR ( 'NONE', #4537, 1000.000000000000000 ) ;
#4598 = CC_DESIGN_APPROVAL ( #4173, ( #3744 ) ) ;
#4599 = FACE_OUTER_BOUND ( 'NONE', #2304, .T. ) ;
#4600 = CARTESIAN_POINT ( 'NONE',  ( 406.6409485527518100, 103.8416782713104700, -3.649999999999967900 ) ) ;
#4601 = ORIENTED_EDGE ( 'NONE', *, *, #6681, .T. ) ;
#4602 = ORIENTED_EDGE ( 'NONE', *, *, #3586, .T. ) ;
#4603 = EDGE_CURVE ( 'NONE', #3282, #6229, #234, .T. ) ;
#4604 = LINE ( 'NONE', #6248, #6826 ) ;
#4605 = VECTOR ( 'NONE', #734, 1000.000000000000000 ) ;
#4606 = ORIENTED_EDGE ( 'NONE', *, *, #3133, .T. ) ;
#4607 = CARTESIAN_POINT ( 'NONE',  ( 406.0705678623203300, 100.3416782713105000, -14.84999999999995900 ) ) ;
#4608 = VECTOR ( 'NONE', #2048, 1000.000000000000000 ) ;
#4609 = DIRECTION ( 'NONE',  ( 1.000000000000000000, 1.224606353822356300E-017, -3.673819061467103700E-017 ) ) ;
#4610 = LINE ( 'NONE', #6357, #3630 ) ;
#4611 = VECTOR ( 'NONE', #6043, 1000.000000000000000 ) ;
#4612 = LINE ( 'NONE', #1784, #5126 ) ;
#4613 = CARTESIAN_POINT ( 'NONE',  ( 401.5305678623202500, 100.4416782713105100, -3.549999999999955400 ) ) ;
#4614 = ORIENTED_EDGE ( 'NONE', *, *, #6972, .F. ) ;
#4615 = PLANE ( 'NONE',  #7757 ) ;
#4616 = EDGE_CURVE ( 'NONE', #2088, #5215, #6787, .T. ) ;
#4617 = CARTESIAN_POINT ( 'NONE',  ( 401.5305678623202500, 97.90167827131051600, -3.549999999999954500 ) ) ;
#4618 = CARTESIAN_POINT ( 'NONE',  ( 409.2505678623203400, 98.44167827131049400, -3.649999999999955900 ) ) ;
#4619 = LINE ( 'NONE', #1052, #4216 ) ;
#4620 = LINE ( 'NONE', #5767, #1350 ) ;
#4621 = CARTESIAN_POINT ( 'NONE',  ( 414.5905678623202600, 102.2916782713104900, -11.84999999999993600 ) ) ;
#4622 = EDGE_LOOP ( 'NONE', ( #617, #201, #2558, #6908 ) ) ;
#4623 = CARTESIAN_POINT ( 'NONE',  ( 409.2505678623202800, 100.9816782713105100, -3.849999999999947700 ) ) ;
#4624 = CARTESIAN_POINT ( 'NONE',  ( 396.3140678623203100, 103.7916782713104700, -3.649999999999967500 ) ) ;
#4625 = EDGE_CURVE ( 'NONE', #7247, #4778, #471, .T. ) ;
#4626 = ORIENTED_EDGE ( 'NONE', *, *, #690, .T. ) ;
#4627 = EDGE_CURVE ( 'NONE', #6755, #2727, #451, .T. ) ;
#4628 = PLANE ( 'NONE',  #394 ) ;
#4629 = ORIENTED_EDGE ( 'NONE', *, *, #3360, .T. ) ;
#4630 = AXIS2_PLACEMENT_3D ( 'NONE', #5950, #4098, #7478 ) ;
#4631 = FACE_OUTER_BOUND ( 'NONE', #7875, .T. ) ;
#4632 = CARTESIAN_POINT ( 'NONE',  ( 415.3905678623203200, 96.14167827131048200, -3.049999999999955400 ) ) ;
#4633 = VERTEX_POINT ( 'NONE', #2025 ) ;
#4634 = CARTESIAN_POINT ( 'NONE',  ( 406.6105678623202900, 98.34167827131049900, -3.549999999999944800 ) ) ;
#4635 = VECTOR ( 'NONE', #6882, 1000.000000000000000 ) ;
#4636 = VERTEX_POINT ( 'NONE', #5689 ) ;
#4637 = EDGE_CURVE ( 'NONE', #7313, #6985, #2184, .T. ) ;
#4638 = VECTOR ( 'NONE', #6726, 1000.000000000000000 ) ;
#4639 = EDGE_CURVE ( 'NONE', #2568, #2146, #442, .T. ) ;
#4640 = ORIENTED_EDGE ( 'NONE', *, *, #3250, .F. ) ;
#4641 = CARTESIAN_POINT ( 'NONE',  ( 411.7905678623203000, 98.44167827131049400, -3.649999999999955900 ) ) ;
#4642 = CARTESIAN_POINT ( 'NONE',  ( 397.9405678623202800, 103.7916782713104700, -3.649999999999948400 ) ) ;
#4643 = PLANE ( 'NONE',  #2289 ) ;
#4644 = AXIS2_PLACEMENT_3D ( 'NONE', #5006, #4507, #4454 ) ;
#4645 = DIRECTION ( 'NONE',  ( 1.000000000000000000, 1.224606353822377300E-016, 1.499660721822137400E-032 ) ) ;
#4646 = VERTEX_POINT ( 'NONE', #1978 ) ;
#4647 = AXIS2_PLACEMENT_3D ( 'NONE', #803, #393, #453 ) ;
#4648 = DIRECTION ( 'NONE',  ( 0.0000000000000000000, 1.000000000000000000, 3.673819061467132300E-016 ) ) ;
#4649 = VECTOR ( 'NONE', #230, 999.9999999999998900 ) ;
#4650 = CARTESIAN_POINT ( 'NONE',  ( 404.1405678623203200, 96.84167827131044200, -14.66543934295757100 ) ) ;
#4651 = EDGE_CURVE ( 'NONE', #3266, #2274, #2716, .T. ) ;
#4652 = DIRECTION ( 'NONE',  ( 0.0000000000000000000, -1.224606353822377500E-016, 1.000000000000000000 ) ) ;
#4653 = CARTESIAN_POINT ( 'NONE',  ( 403.8505678623203000, 100.6616782713105100, -3.549999999999954500 ) ) ;
#4654 = CARTESIAN_POINT ( 'NONE',  ( 401.6305678623202800, 97.80167827131053600, -14.84999999999996200 ) ) ;
#4655 = ORIENTED_EDGE ( 'NONE', *, *, #7812, .T. ) ;
#4656 = VECTOR ( 'NONE', #6323, 1000.000000000000000 ) ;
#4657 = VECTOR ( 'NONE', #5234, 1000.000000000000000 ) ;
#4658 = LINE ( 'NONE', #2900, #1262 ) ;
#4659 = AXIS2_PLACEMENT_3D ( 'NONE', #952, #954, #960 ) ;
#4660 = CARTESIAN_POINT ( 'NONE',  ( 415.3905678623203200, 101.0416782713104700, -9.449999999999958400 ) ) ;
#4661 = ORIENTED_EDGE ( 'NONE', *, *, #735, .T. ) ;
#4662 = FACE_OUTER_BOUND ( 'NONE', #1726, .T. ) ;
#4663 = ORIENTED_EDGE ( 'NONE', *, *, #640, .F. ) ;
#4664 = DIRECTION ( 'NONE',  ( -1.499660721822137400E-032, -1.836494048521242100E-048, -1.000000000000000000 ) ) ;
#4665 = ORIENTED_EDGE ( 'NONE', *, *, #7170, .F. ) ;
#4666 = ORIENTED_EDGE ( 'NONE', *, *, #373, .F. ) ;
#4667 = CARTESIAN_POINT ( 'NONE',  ( 411.2505678623202800, 100.9816782713105100, -15.14999999999994500 ) ) ;
#4668 = CARTESIAN_POINT ( 'NONE',  ( 397.3905678623203200, 103.8016782713104900, -3.550000000000004300 ) ) ;
#4669 = VERTEX_POINT ( 'NONE', #3647 ) ;
#4670 = VERTEX_POINT ( 'NONE', #1657 ) ;
#4671 = ORIENTED_EDGE ( 'NONE', *, *, #7608, .T. ) ;
#4672 = EDGE_LOOP ( 'NONE', ( #3300, #5618, #759, #1497 ) ) ;
#4673 = FACE_OUTER_BOUND ( 'NONE', #5130, .T. ) ;
#4674 = PLANE ( 'NONE',  #4644 ) ;
#4675 = DIRECTION ( 'NONE',  ( -0.0000000000000000000, -0.0000000000000000000, 1.000000000000000000 ) ) ;
#4676 = CARTESIAN_POINT ( 'NONE',  ( 409.5505678623202900, 97.50167827131048200, -11.84999999999995200 ) ) ;
#4677 = CARTESIAN_POINT ( 'NONE',  ( 405.7705678623203200, 101.2816782713104800, -11.84999999999995200 ) ) ;
#4678 = DIRECTION ( 'NONE',  ( -0.3015113445774436100, -0.3015113445777784000, -0.9045340337333926900 ) ) ;
#4679 = ORIENTED_EDGE ( 'NONE', *, *, #6209, .F. ) ;
#4680 = VERTEX_POINT ( 'NONE', #4486 ) ;
#4681 = EDGE_CURVE ( 'NONE', #4646, #492, #428, .T. ) ;
#4682 = LINE ( 'NONE', #6246, #4725 ) ;
#4683 = CARTESIAN_POINT ( 'NONE',  ( 407.0105678623203900, 97.50167827131048200, -11.84999999999995900 ) ) ;
#4684 = CARTESIAN_POINT ( 'NONE',  ( 401.6305678623202800, 100.9816782713105300, -15.14999999999995600 ) ) ;
#4685 = CARTESIAN_POINT ( 'NONE',  ( 401.3105678623202800, 100.4416782713105400, -15.14999999999995800 ) ) ;
#4686 = DIRECTION ( 'NONE',  ( 1.836909530733565900E-016, 1.000000000000000000, 1.836909530733592000E-016 ) ) ;
#4687 = PLANE ( 'NONE',  #7927 ) ;
#4688 = EDGE_LOOP ( 'NONE', ( #814, #2396, #6694, #1499 ) ) ;
#4689 = ORIENTED_EDGE ( 'NONE', *, *, #4009, .F. ) ;
#4690 = ORIENTED_EDGE ( 'NONE', *, *, #1559, .T. ) ;
#4691 = EDGE_CURVE ( 'NONE', #7313, #5300, #1175, .T. ) ;
#4692 = EDGE_CURVE ( 'NONE', #100, #3087, #7433, .T. ) ;
#4693 = PLANE ( 'NONE',  #7850 ) ;
#4694 = ORIENTED_EDGE ( 'NONE', *, *, #6485, .F. ) ;
#4695 = CARTESIAN_POINT ( 'NONE',  ( 410.8505678623202500, 97.50167827131048200, -11.84999999999995700 ) ) ;
#4696 = AXIS2_PLACEMENT_3D ( 'NONE', #3223, #128, #2310 ) ;
#4697 = LINE ( 'NONE', #1646, #4112 ) ;
#4698 = VERTEX_POINT ( 'NONE', #4919 ) ;
#4699 = CARTESIAN_POINT ( 'NONE',  ( 411.1505678623203200, 98.44167827131050800, -11.74999999999997000 ) ) ;
#4700 = CARTESIAN_POINT ( 'NONE',  ( 403.5305678623203100, 97.80167827131050700, -9.449999999999960200 ) ) ;
#4701 = DIRECTION ( 'NONE',  ( 1.224606353822377300E-016, 1.000000000000000000, 0.0000000000000000000 ) ) ;
#4702 = DIRECTION ( 'NONE',  ( 0.0000000000000000000, 1.224606353822377300E-016, -1.000000000000000000 ) ) ;
#4703 = DIRECTION ( 'NONE',  ( 1.161763594557826000E-016, -0.9486832980505125500, 0.3162277660168419400 ) ) ;
#4704 = ORIENTED_EDGE ( 'NONE', *, *, #1385, .F. ) ;
#4705 = ADVANCED_FACE ( 'NONE', ( #1230 ), #5404, .T. ) ;
#4706 = EDGE_CURVE ( 'NONE', #6591, #7471, #1429, .T. ) ;
#4707 = DATE_AND_TIME ( #4590, #4384 ) ;
#4708 = CARTESIAN_POINT ( 'NONE',  ( 399.2455678623202300, 100.9816782713105000, -11.74999999999996800 ) ) ;
#4709 = VECTOR ( 'NONE', #1349, 1000.000000000000000 ) ;
#4710 = ORIENTED_EDGE ( 'NONE', *, *, #5094, .F. ) ;
#4711 = DIRECTION ( 'NONE',  ( 1.000000000000000000, 1.102145718440137400E-016, 3.673819061467169600E-017 ) ) ;
#4712 = CARTESIAN_POINT ( 'NONE',  ( 406.2305678623203000, 100.3916782713105000, -3.699999999999946000 ) ) ;
#4713 = AXIS2_PLACEMENT_3D ( 'NONE', #1513, #1651, #1724 ) ;
#4714 = EDGE_LOOP ( 'NONE', ( #3797, #7682, #521, #47 ) ) ;
#4715 = DIRECTION ( 'NONE',  ( 1.161763594557826500E-016, -0.9486832980505126600, -0.3162277660168414400 ) ) ;
#4716 = DIRECTION ( 'NONE',  ( 1.000000000000000000, 1.102145718440137400E-016, 3.673819061467169600E-017 ) ) ;
#4717 = DIRECTION ( 'NONE',  ( 1.224606353822377300E-016, -1.000000000000000000, -1.224606353822377300E-016 ) ) ;
#4718 = CARTESIAN_POINT ( 'NONE',  ( 409.2505678623202800, 97.80167827131050700, -3.849999999999952600 ) ) ;
#4719 = VECTOR ( 'NONE', #1853, 1000.000000000000000 ) ;
#4720 = ORIENTED_EDGE ( 'NONE', *, *, #3274, .T. ) ;
#4721 = VECTOR ( 'NONE', #17, 1000.000000000000000 ) ;
#4722 = VECTOR ( 'NONE', #7700, 1000.000000000000000 ) ;
#4723 = ORIENTED_EDGE ( 'NONE', *, *, #5121, .F. ) ;
#4724 = CARTESIAN_POINT ( 'NONE',  ( 406.0705678623203300, 97.80167827131050700, -3.849999999999956600 ) ) ;
#4725 = VECTOR ( 'NONE', #6247, 1000.000000000000000 ) ;
#4726 = LINE ( 'NONE', #1689, #2287 ) ;
#4727 = ORIENTED_EDGE ( 'NONE', *, *, #1547, .F. ) ;
#4728 = DIRECTION ( 'NONE',  ( 7.347638122933105400E-017, -1.000000000000000000, 2.449212707644919700E-017 ) ) ;
#4729 = CARTESIAN_POINT ( 'NONE',  ( 403.5305678623203100, 100.3416782713104900, -9.449999999999958400 ) ) ;
#4730 = DIRECTION ( 'NONE',  ( -0.3015113445774507100, -0.3015113445777855600, -0.9045340337333879200 ) ) ;
#4731 = CARTESIAN_POINT ( 'NONE',  ( 410.9955678623202900, 100.9816782713105000, -11.74999999999996100 ) ) ;
#4732 = VECTOR ( 'NONE', #1307, 1000.000000000000000 ) ;
#4733 = ORIENTED_EDGE ( 'NONE', *, *, #914, .T. ) ;
#4734 = DIRECTION ( 'NONE',  ( -2.999321443644274900E-032, 1.224606353822377300E-016, -1.000000000000000000 ) ) ;
#4735 = ORIENTED_EDGE ( 'NONE', *, *, #5422, .F. ) ;
#4736 = PLANE ( 'NONE',  #7139 ) ;
#4737 = VERTEX_POINT ( 'NONE', #1264 ) ;
#4738 = CARTESIAN_POINT ( 'NONE',  ( 401.6305678623202800, 97.80167827131053600, -11.74999999999995400 ) ) ;
#4739 = CARTESIAN_POINT ( 'NONE',  ( 408.7105678623203200, 98.34167827131049900, -3.549999999999967400 ) ) ;
#4740 = VECTOR ( 'NONE', #2209, 1000.000000000000000 ) ;
#4741 = EDGE_CURVE ( 'NONE', #2146, #6601, #1422, .T. ) ;
#4742 = ORIENTED_EDGE ( 'NONE', *, *, #6003, .T. ) ;
#4743 = DIRECTION ( 'NONE',  ( -1.000000000000000000, -1.224606353822377300E-016, 1.499660721822137400E-032 ) ) ;
#4744 = ADVANCED_FACE ( 'NONE', ( #7716 ), #6486, .T. ) ;
#4745 = ORIENTED_EDGE ( 'NONE', *, *, #6210, .T. ) ;
#4746 = DIRECTION ( 'NONE',  ( -2.999321443644274900E-032, 1.224606353822377300E-016, -1.000000000000000000 ) ) ;
#4747 = DIRECTION ( 'NONE',  ( 0.0000000000000000000, 1.000000000000000000, 1.224606353822377300E-016 ) ) ;
#4748 = ADVANCED_FACE ( 'NONE', ( #1065 ), #1955, .T. ) ;
#4749 = EDGE_CURVE ( 'NONE', #5698, #4841, #6744, .T. ) ;
#4750 = ORIENTED_EDGE ( 'NONE', *, *, #6606, .T. ) ;
#4751 = ORIENTED_EDGE ( 'NONE', *, *, #3119, .F. ) ;
#4752 = EDGE_CURVE ( 'NONE', #2046, #5033, #3471, .T. ) ;
#4753 = VECTOR ( 'NONE', #3171, 1000.000000000000000 ) ;
#4754 = CARTESIAN_POINT ( 'NONE',  ( 411.7905678623203600, 98.44167827131049400, -9.449999999999960200 ) ) ;
#4755 = VECTOR ( 'NONE', #2242, 1000.000000000000100 ) ;
#4756 = DIRECTION ( 'NONE',  ( 1.499660721822137400E-032, -1.836494048521242100E-048, -1.000000000000000000 ) ) ;
#4757 = DIRECTION ( 'NONE',  ( 1.224606353822377300E-016, -1.000000000000000000, 0.0000000000000000000 ) ) ;
#4758 = AXIS2_PLACEMENT_3D ( 'NONE', #4146, #444, #4783 ) ;
#4759 = ORIENTED_EDGE ( 'NONE', *, *, #496, .F. ) ;
#4760 = ORIENTED_EDGE ( 'NONE', *, *, #5799, .F. ) ;
#4761 = DIRECTION ( 'NONE',  ( 1.499660721822137400E-032, -1.836494048521242100E-048, -1.000000000000000000 ) ) ;
#4762 = EDGE_CURVE ( 'NONE', #7859, #1910, #3186, .T. ) ;
#4763 = DIRECTION ( 'NONE',  ( -1.000000000000000000, -1.224606353822377300E-016, 1.499660721822137400E-032 ) ) ;
#4764 = DIRECTION ( 'NONE',  ( -3.872545315192768200E-017, 0.3162277660168385500, -0.9486832980505136600 ) ) ;
#4765 = ORIENTED_EDGE ( 'NONE', *, *, #3273, .F. ) ;
#4766 = ORIENTED_EDGE ( 'NONE', *, *, #3642, .F. ) ;
#4767 = VERTEX_POINT ( 'NONE', #50 ) ;
#4768 = ORIENTED_EDGE ( 'NONE', *, *, #462, .T. ) ;
#4769 = ORIENTED_EDGE ( 'NONE', *, *, #7289, .F. ) ;
#4770 = LINE ( 'NONE', #4508, #481 ) ;
#4771 = CARTESIAN_POINT ( 'NONE',  ( 406.0705678623203300, 100.9816782713105100, -4.649999999999955900 ) ) ;
#4772 = ORIENTED_EDGE ( 'NONE', *, *, #719, .F. ) ;
#4773 = ORIENTED_EDGE ( 'NONE', *, *, #798, .T. ) ;
#4774 = VERTEX_POINT ( 'NONE', #40 ) ;
#4775 = CARTESIAN_POINT ( 'NONE',  ( 403.8505678623203000, 98.12167827131050000, -3.549999999999954500 ) ) ;
#4776 = ORIENTED_EDGE ( 'NONE', *, *, #7013, .F. ) ;
#4777 = DIRECTION ( 'NONE',  ( 0.4472135954999579800, -0.0000000000000000000, 0.8944271909999157400 ) ) ;
#4778 = VERTEX_POINT ( 'NONE', #41 ) ;
#4779 = EDGE_CURVE ( 'NONE', #4182, #3118, #1005, .T. ) ;
#4780 = MANIFOLD_SOLID_BREP ( 'Combine1', #1643 ) ;
#4781 = CARTESIAN_POINT ( 'NONE',  ( 406.0705678623203300, 97.80167827131050700, -11.74999999999995200 ) ) ;
#4782 = CARTESIAN_POINT ( 'NONE',  ( 404.1705678623203000, 97.80167827131050700, -9.449999999999960200 ) ) ;
#4783 = DIRECTION ( 'NONE',  ( 0.0000000000000000000, 0.9486832980505146600, 0.3162277660168353300 ) ) ;
#4784 = EDGE_LOOP ( 'NONE', ( #84, #603, #4874, #6276 ) ) ;
#4785 = LINE ( 'NONE', #383, #324 ) ;
#4786 = LINE ( 'NONE', #5140, #2761 ) ;
#4787 = PLANE ( 'NONE',  #711 ) ;
#4788 = ORIENTED_EDGE ( 'NONE', *, *, #5366, .T. ) ;
#4789 = EDGE_CURVE ( 'NONE', #6591, #2351, #369, .T. ) ;
#4790 = EDGE_CURVE ( 'NONE', #3001, #694, #2774, .T. ) ;
#4791 = ORIENTED_EDGE ( 'NONE', *, *, #3432, .T. ) ;
#4792 = ORIENTED_EDGE ( 'NONE', *, *, #4534, .T. ) ;
#4793 = VECTOR ( 'NONE', #5983, 1000.000000000000000 ) ;
#4794 = CARTESIAN_POINT ( 'NONE',  ( 406.0705678623203300, 98.44167827131047900, -14.84999999999997100 ) ) ;
#4795 = CARTESIAN_POINT ( 'NONE',  ( 403.6305678623203300, 98.34167827131051400, -15.14999999999994200 ) ) ;
#4796 = DIRECTION ( 'NONE',  ( 0.0000000000000000000, 1.000000000000000000, 1.224606353822377300E-016 ) ) ;
#4797 = LINE ( 'NONE', #5248, #5131 ) ;
#4798 = CARTESIAN_POINT ( 'NONE',  ( 411.7905678623203000, 98.44167827131049400, -11.74999999999996300 ) ) ;
#4799 = DIRECTION ( 'NONE',  ( 1.224606353822377300E-016, -1.000000000000000000, 0.0000000000000000000 ) ) ;
#4800 = ORIENTED_EDGE ( 'NONE', *, *, #307, .F. ) ;
#4801 = LINE ( 'NONE', #3429, #955 ) ;
#4802 = FACE_OUTER_BOUND ( 'NONE', #2804, .T. ) ;
#4803 = ORIENTED_EDGE ( 'NONE', *, *, #6852, .F. ) ;
#4804 = EDGE_CURVE ( 'NONE', #809, #6289, #2158, .T. ) ;
#4805 = CARTESIAN_POINT ( 'NONE',  ( 408.6105678623203500, 98.44167827131049400, -14.84999999999996200 ) ) ;
#4806 = DIRECTION ( 'NONE',  ( -1.000000000000000000, 1.224606353822397800E-017, 3.673819061467157900E-017 ) ) ;
#4807 = ORIENTED_EDGE ( 'NONE', *, *, #6251, .F. ) ;
#4808 = LINE ( 'NONE', #350, #7129 ) ;
#4809 = AXIS2_PLACEMENT_3D ( 'NONE', #1142, #1226, #1546 ) ;
#4810 = EDGE_LOOP ( 'NONE', ( #6480, #5735, #6081, #5748 ) ) ;
#4811 = CARTESIAN_POINT ( 'NONE',  ( 400.9905678623202900, 100.9816782713105100, -3.849999999999951700 ) ) ;
#4812 = LINE ( 'NONE', #556, #6278 ) ;
#4813 = VECTOR ( 'NONE', #4675, 1000.000000000000000 ) ;
#4814 = EDGE_CURVE ( 'NONE', #2177, #4233, #7613, .T. ) ;
#4815 = LINE ( 'NONE', #2802, #4161 ) ;
#4816 = CARTESIAN_POINT ( 'NONE',  ( 411.7905678623203000, 100.3416782713104900, -9.449999999999958400 ) ) ;
#4817 = CARTESIAN_POINT ( 'NONE',  ( 404.1705678623203000, 98.44167827131050800, -11.74999999999995200 ) ) ;
#4818 = DIRECTION ( 'NONE',  ( -0.0000000000000000000, -1.224606353822377300E-016, 1.000000000000000000 ) ) ;
#4819 = VECTOR ( 'NONE', #414, 1000.000000000000000 ) ;
#4820 = VECTOR ( 'NONE', #6171, 1000.000000000000000 ) ;
#4821 = CARTESIAN_POINT ( 'NONE',  ( 409.2505678623202800, 98.44167827131050800, -14.84999999999996200 ) ) ;
#4822 = LINE ( 'NONE', #4142, #1359 ) ;
#4823 = ORIENTED_EDGE ( 'NONE', *, *, #4147, .F. ) ;
#4824 = EDGE_CURVE ( 'NONE', #2351, #5306, #2813, .T. ) ;
#4825 = LINE ( 'NONE', #4685, #5020 ) ;
#4826 = ORIENTED_EDGE ( 'NONE', *, *, #24, .T. ) ;
#4827 = DIRECTION ( 'NONE',  ( -1.224606353822377300E-016, -1.000000000000000000, -0.0000000000000000000 ) ) ;
#4828 = ORIENTED_EDGE ( 'NONE', *, *, #4871, .T. ) ;
#4829 = ORIENTED_EDGE ( 'NONE', *, *, #4871, .F. ) ;
#4830 = CARTESIAN_POINT ( 'NONE',  ( 411.1505678623203200, 98.44167827131049400, -3.649999999999955900 ) ) ;
#4831 = CARTESIAN_POINT ( 'NONE',  ( 401.6305678623202800, 97.80167827131052100, -3.649999999999955900 ) ) ;
#4832 = CARTESIAN_POINT ( 'NONE',  ( 400.0405678623203600, 96.84167827131044200, -9.799999999999954500 ) ) ;
#4833 = EDGE_CURVE ( 'NONE', #6771, #817, #6109, .T. ) ;
#4834 = FACE_OUTER_BOUND ( 'NONE', #4506, .T. ) ;
#4835 = CARTESIAN_POINT ( 'NONE',  ( 401.6305678623202800, 100.3416782713105100, -3.849999999999947200 ) ) ;
#4836 = ORIENTED_EDGE ( 'NONE', *, *, #6145, .T. ) ;
#4837 = VECTOR ( 'NONE', #1080, 1000.000000000000000 ) ;
#4838 = CARTESIAN_POINT ( 'NONE',  ( 411.3105678623203400, 100.3916782713105000, -3.699999999999946000 ) ) ;
#4839 = FACE_OUTER_BOUND ( 'NONE', #4902, .T. ) ;
#4840 = CARTESIAN_POINT ( 'NONE',  ( 403.5305678623203100, 100.3416782713105100, -14.84999999999996100 ) ) ;
#4841 = VERTEX_POINT ( 'NONE', #253 ) ;
#4842 = DIRECTION ( 'NONE',  ( -1.064154322375103600E-047, -3.673819061467132300E-016, 1.000000000000000000 ) ) ;
#4843 = VERTEX_POINT ( 'NONE', #269 ) ;
#4844 = EDGE_CURVE ( 'NONE', #1060, #821, #2387, .T. ) ;
#4845 = VECTOR ( 'NONE', #277, 1000.000000000000000 ) ;
#4846 = EDGE_CURVE ( 'NONE', #4371, #6600, #7932, .T. ) ;
#4847 = DIRECTION ( 'NONE',  ( 0.0000000000000000000, 1.224606353822377300E-016, -1.000000000000000000 ) ) ;
#4848 = ORIENTED_EDGE ( 'NONE', *, *, #7218, .T. ) ;
#4849 = VERTEX_POINT ( 'NONE', #325 ) ;
#4850 = ORIENTED_EDGE ( 'NONE', *, *, #346, .F. ) ;
#4851 = AXIS2_PLACEMENT_3D ( 'NONE', #5475, #5556, #5562 ) ;
#4852 = VECTOR ( 'NONE', #4483, 1000.000000000000000 ) ;
#4853 = EDGE_CURVE ( 'NONE', #4381, #2102, #1838, .T. ) ;
#4854 = ADVANCED_FACE ( 'NONE', ( #794 ), #296, .T. ) ;
#4855 = ORIENTED_EDGE ( 'NONE', *, *, #5739, .T. ) ;
#4856 = EDGE_CURVE ( 'NONE', #833, #4958, #1691, .T. ) ;
#4857 = EDGE_LOOP ( 'NONE', ( #2768, #2248, #6760, #4143 ) ) ;
#4858 = ORIENTED_EDGE ( 'NONE', *, *, #3972, .T. ) ;
#4859 = DIRECTION ( 'NONE',  ( 1.224606353822377300E-016, 1.000000000000000000, 0.0000000000000000000 ) ) ;
#4860 = VECTOR ( 'NONE', #1825, 1000.000000000000000 ) ;
#4861 = CARTESIAN_POINT ( 'NONE',  ( 409.2505678623202800, 100.9816782713105100, -4.649999999999955900 ) ) ;
#4862 = CARTESIAN_POINT ( 'NONE',  ( 406.6605678623203600, 100.8216782713105000, -3.699999999999946000 ) ) ;
#4863 = PRODUCT_DEFINITION_FORMATION_WITH_SPECIFIED_SOURCE ( 'ANY', '', #841, .NOT_KNOWN. ) ;
#4864 = ORIENTED_EDGE ( 'NONE', *, *, #7435, .F. ) ;
#4865 = VERTEX_POINT ( 'NONE', #410 ) ;
#4866 = ORIENTED_EDGE ( 'NONE', *, *, #328, .T. ) ;
#4867 = ORIENTED_EDGE ( 'NONE', *, *, #7302, .T. ) ;
#4868 = EDGE_LOOP ( 'NONE', ( #2382, #5284, #6047, #692, #286, #2736, #5883 ) ) ;
#4869 = VECTOR ( 'NONE', #4757, 1000.000000000000000 ) ;
#4870 = CARTESIAN_POINT ( 'NONE',  ( 401.6305678623202800, 98.39167827131052500, -14.99999999999995000 ) ) ;
#4871 = EDGE_CURVE ( 'NONE', #2102, #5437, #5168, .T. ) ;
#4872 = PLANE ( 'NONE',  #1567 ) ;
#4873 = ORIENTED_EDGE ( 'NONE', *, *, #3206, .F. ) ;
#4874 = ORIENTED_EDGE ( 'NONE', *, *, #3263, .F. ) ;
#4875 = FACE_OUTER_BOUND ( 'NONE', #5249, .T. ) ;
#4876 = VECTOR ( 'NONE', #6525, 1000.000000000000100 ) ;
#4877 = CARTESIAN_POINT ( 'NONE',  ( 406.0705678623203300, 100.3416782713105000, -3.849999999999954300 ) ) ;
#4878 = CARTESIAN_POINT ( 'NONE',  ( 408.6105678623203500, 98.44167827131050800, -14.84999999999996400 ) ) ;
#4879 = EDGE_LOOP ( 'NONE', ( #2739, #3377, #2197, #6793 ) ) ;
#4880 = DIRECTION ( 'NONE',  ( -0.0000000000000000000, 1.224606353822377500E-016, -1.000000000000000000 ) ) ;
#4881 = ORIENTED_EDGE ( 'NONE', *, *, #3770, .F. ) ;
#4882 = EDGE_CURVE ( 'NONE', #1750, #3151, #5993, .T. ) ;
#4883 = LINE ( 'NONE', #4617, #3235 ) ;
#4884 = ORIENTED_EDGE ( 'NONE', *, *, #6086, .F. ) ;
#4885 = PLANE ( 'NONE',  #2227 ) ;
#4886 = CARTESIAN_POINT ( 'NONE',  ( 416.4905678623202900, 94.99167827131049100, -11.84999999999993700 ) ) ;
#4887 = CARTESIAN_POINT ( 'NONE',  ( -0.4063905678623203100, 0.01184999999999993700, 0.09499167827131052600 ) ) ;
#4888 = ORIENTED_EDGE ( 'NONE', *, *, #470, .T. ) ;
#4889 = CARTESIAN_POINT ( 'NONE',  ( 401.6305678623202800, 97.80167827131052100, -11.74999999999995900 ) ) ;
#4890 = DIRECTION ( 'NONE',  ( 1.000000000000000000, 1.102145718440137000E-016, 3.673819061467178900E-017 ) ) ;
#4891 = EDGE_CURVE ( 'NONE', #5330, #4524, #2347, .T. ) ;
#4892 = EDGE_CURVE ( 'NONE', #2919, #2827, #3970, .T. ) ;
#4893 = ORIENTED_EDGE ( 'NONE', *, *, #4248, .F. ) ;
#4894 = DIRECTION ( 'NONE',  ( -0.0000000000000000000, -1.000000000000000000, -0.0000000000000000000 ) ) ;
#4895 = LINE ( 'NONE', #1161, #2954 ) ;
#4896 = ADVANCED_FACE ( 'NONE', ( #5441 ), #517, .T. ) ;
#4897 = CARTESIAN_POINT ( 'NONE',  ( 404.1205678623202900, 97.96167827131051800, -3.699999999999946000 ) ) ;
#4898 = AXIS2_PLACEMENT_3D ( 'NONE', #5144, #5699, #853 ) ;
#4899 = ORIENTED_EDGE ( 'NONE', *, *, #6144, .F. ) ;
#4900 = VECTOR ( 'NONE', #7510, 1000.000000000000000 ) ;
#4901 = DIRECTION ( 'NONE',  ( 1.000000000000000000, 0.0000000000000000000, 0.0000000000000000000 ) ) ;
#4902 = EDGE_LOOP ( 'NONE', ( #2630, #6902, #7533, #3654 ) ) ;
#4903 = EDGE_CURVE ( 'NONE', #7723, #2754, #7077, .T. ) ;
#4904 = ADVANCED_FACE ( 'NONE', ( #2906 ), #573, .T. ) ;
#4905 = EDGE_CURVE ( 'NONE', #1199, #3239, #2983, .T. ) ;
#4906 = CARTESIAN_POINT ( 'NONE',  ( 411.1505678623203200, 100.3416782713104900, -9.449999999999958400 ) ) ;
#4907 = VECTOR ( 'NONE', #83, 1000.000000000000000 ) ;
#4908 = DIRECTION ( 'NONE',  ( -0.3015113445778841400, -0.3015113445777585800, -0.9045340337332522500 ) ) ;
#4909 = CARTESIAN_POINT ( 'NONE',  ( 411.7905678623203000, 98.44167827131050800, -11.74999999999996400 ) ) ;
#4910 = LINE ( 'NONE', #2490, #4132 ) ;
#4911 = AXIS2_PLACEMENT_3D ( 'NONE', #4005, #7345, #3673 ) ;
#4912 = CIRCLE ( 'NONE', #7122, 0.2999999999999947200 ) ;
#4913 = ORIENTED_EDGE ( 'NONE', *, *, #3884, .T. ) ;
#4914 = CARTESIAN_POINT ( 'NONE',  ( 406.1205678623202900, 98.44167827131049400, -14.99999999999995000 ) ) ;
#4915 = DIRECTION ( 'NONE',  ( 0.0000000000000000000, 0.0000000000000000000, -1.000000000000000000 ) ) ;
#4916 = DIRECTION ( 'NONE',  ( 0.7071067811865526800, 0.0000000000000000000, -0.7071067811865424700 ) ) ;
#4917 = FACE_BOUND ( 'NONE', #5161, .T. ) ;
#4918 = ORIENTED_EDGE ( 'NONE', *, *, #6633, .F. ) ;
#4919 = CARTESIAN_POINT ( 'NONE',  ( 404.1705678623203000, 98.44167827131050800, -9.449999999999960200 ) ) ;
#4920 = DIRECTION ( 'NONE',  ( -1.000000000000000000, -1.224606353822377300E-016, 1.499660721822137400E-032 ) ) ;
#4921 = ORIENTED_EDGE ( 'NONE', *, *, #7013, .T. ) ;
#4922 = AXIS2_PLACEMENT_3D ( 'NONE', #1895, #1899, #1908 ) ;
#4923 = PLANE ( 'NONE',  #5442 ) ;
#4924 = ORIENTED_EDGE ( 'NONE', *, *, #3715, .T. ) ;
#4925 = DIRECTION ( 'NONE',  ( 0.0000000000000000000, -1.224606353822377500E-016, 1.000000000000000000 ) ) ;
#4926 = ORIENTED_EDGE ( 'NONE', *, *, #3972, .F. ) ;
#4927 = CARTESIAN_POINT ( 'NONE',  ( 409.2505678623202800, 98.44167827131049400, -3.649999999999955900 ) ) ;
#4928 = ORIENTED_EDGE ( 'NONE', *, *, #3242, .F. ) ;
#4929 = VECTOR ( 'NONE', #2847, 1000.000000000000000 ) ;
#4930 = CARTESIAN_POINT ( 'NONE',  ( 411.2505678623202800, 100.8816782713105100, -3.549999999999951000 ) ) ;
#4931 = CARTESIAN_POINT ( 'NONE',  ( 411.3105678623203400, 97.85167827131051900, -3.699999999999946000 ) ) ;
#4932 = CARTESIAN_POINT ( 'NONE',  ( 403.5305678623203100, 100.9816782713105100, -4.649999999999955900 ) ) ;
#4933 = ADVANCED_FACE ( 'NONE', ( #2838 ), #614, .T. ) ;
#4934 = ORIENTED_EDGE ( 'NONE', *, *, #6421, .F. ) ;
#4935 = VECTOR ( 'NONE', #3081, 1000.000000000000000 ) ;
#4936 = EDGE_CURVE ( 'NONE', #2982, #6297, #5191, .T. ) ;
#4937 = DIRECTION ( 'NONE',  ( -1.499660721822137700E-032, 1.000000000000000000, 1.224606353822377500E-016 ) ) ;
#4938 = FACE_OUTER_BOUND ( 'NONE', #348, .T. ) ;
#4939 = PLANE ( 'NONE',  #162 ) ;
#4940 = DIRECTION ( 'NONE',  ( 0.0000000000000000000, 1.000000000000000000, 0.0000000000000000000 ) ) ;
#4941 = EDGE_CURVE ( 'NONE', #4103, #7723, #5467, .T. ) ;
#4942 = DIRECTION ( 'NONE',  ( -1.000000000000000000, -3.672988097042484200E-048, 2.999321443644274900E-032 ) ) ;
#4943 = DIRECTION ( 'NONE',  ( -1.499660721822137400E-032, 1.836494048521242100E-048, 1.000000000000000000 ) ) ;
#4944 = LINE ( 'NONE', #740, #3164 ) ;
#4945 = ORIENTED_EDGE ( 'NONE', *, *, #6856, .T. ) ;
#4946 = ORIENTED_EDGE ( 'NONE', *, *, #219, .T. ) ;
#4947 = ORIENTED_EDGE ( 'NONE', *, *, #7146, .T. ) ;
#4948 = FACE_BOUND ( 'NONE', #2358, .T. ) ;
#4949 = LINE ( 'NONE', #4708, #3022 ) ;
#4950 = DIRECTION ( 'NONE',  ( -0.0000000000000000000, -1.224606353822377300E-016, 1.000000000000000000 ) ) ;
#4951 = EDGE_CURVE ( 'NONE', #6790, #2357, #1901, .T. ) ;
#4952 = CYLINDRICAL_SURFACE ( 'NONE', #2017, 0.2500000000000279800 ) ;
#4953 = EDGE_CURVE ( 'NONE', #3512, #6101, #1830, .T. ) ;
#4954 = VECTOR ( 'NONE', #2037, 1000.000000000000000 ) ;
#4955 = CARTESIAN_POINT ( 'NONE',  ( 403.5305678623203100, 100.9816782713105100, -3.849999999999951200 ) ) ;
#4956 = CARTESIAN_POINT ( 'NONE',  ( 425.4405678623202800, 98.74167827131047700, -11.84999999999993700 ) ) ;
#4957 = AXIS2_PLACEMENT_3D ( 'NONE', #2570, #2377, #2150 ) ;
#4958 = VERTEX_POINT ( 'NONE', #699 ) ;
#4959 = ORIENTED_EDGE ( 'NONE', *, *, #2019, .T. ) ;
#4960 = EDGE_LOOP ( 'NONE', ( #999, #1799, #1020, #5527 ) ) ;
#4961 = AXIS2_PLACEMENT_3D ( 'NONE', #643, #4763, #3705 ) ;
#4962 = PLANE ( 'NONE',  #5792 ) ;
#4963 = CARTESIAN_POINT ( 'NONE',  ( 412.0905678623202600, 101.2816782713104800, -11.84999999999996800 ) ) ;
#4964 = ORIENTED_EDGE ( 'NONE', *, *, #5851, .F. ) ;
#4965 = VERTEX_POINT ( 'NONE', #788 ) ;
#4966 = DIRECTION ( 'NONE',  ( -1.000000000000000000, -1.224606353822377300E-016, 1.499660721822137400E-032 ) ) ;
#4967 = EDGE_CURVE ( 'NONE', #7776, #1430, #6548, .T. ) ;
#4968 = ORIENTED_EDGE ( 'NONE', *, *, #4012, .T. ) ;
#4969 = CARTESIAN_POINT ( 'NONE',  ( 411.4705678623202500, 100.8816782713105100, -3.549999999999954500 ) ) ;
#4970 = PLANE ( 'NONE',  #2968 ) ;
#4971 = APPROVAL_ROLE ( '' ) ;
#4972 = ORIENTED_EDGE ( 'NONE', *, *, #6040, .F. ) ;
#4973 = ORIENTED_EDGE ( 'NONE', *, *, #146, .F. ) ;
#4974 = FACE_OUTER_BOUND ( 'NONE', #6592, .T. ) ;
#4975 = VERTEX_POINT ( 'NONE', #770 ) ;
#4976 = ORIENTED_EDGE ( 'NONE', *, *, #3859, .T. ) ;
#4977 = AXIS2_PLACEMENT_3D ( 'NONE', #4068, #6795, #6691 ) ;
#4978 = CARTESIAN_POINT ( 'NONE',  ( 403.6305678623203300, 97.90167827131050200, -3.549999999999956700 ) ) ;
#4979 = CARTESIAN_POINT ( 'NONE',  ( 411.1505678623203200, 97.80167827131050700, -9.449999999999960200 ) ) ;
#4980 = ORIENTED_EDGE ( 'NONE', *, *, #1062, .T. ) ;
#4981 = LINE ( 'NONE', #6871, #2578 ) ;
#4982 = DIRECTION ( 'NONE',  ( 0.0000000000000000000, 0.3162277660168412200, 0.9486832980505126600 ) ) ;
#4983 = EDGE_CURVE ( 'NONE', #7792, #7298, #392, .T. ) ;
#4984 = ADVANCED_FACE ( 'NONE', ( #5544 ), #820, .T. ) ;
#4985 = CARTESIAN_POINT ( 'NONE',  ( 396.3140678623203100, 103.7916782713104700, -11.84999999999993700 ) ) ;
#4986 = EDGE_LOOP ( 'NONE', ( #2089, #1982, #489, #1508 ) ) ;
#4987 = CARTESIAN_POINT ( 'NONE',  ( 404.1705678623203000, 100.3416782713105100, -14.84999999999996400 ) ) ;
#4988 = EDGE_LOOP ( 'NONE', ( #3129, #1410, #3464, #4751 ) ) ;
#4989 = CARTESIAN_POINT ( 'NONE',  ( 403.8505678623203000, 97.90167827131051600, -15.14999999999994200 ) ) ;
#4990 = VECTOR ( 'NONE', #1211, 1000.000000000000000 ) ;
#4991 = DIRECTION ( 'NONE',  ( 1.224606353822377300E-016, -1.000000000000000000, 0.0000000000000000000 ) ) ;
#4992 = DIRECTION ( 'NONE',  ( 0.0000000000000000000, 1.000000000000000000, 3.673819061467132300E-016 ) ) ;
#4993 = EDGE_CURVE ( 'NONE', #4965, #2177, #1961, .T. ) ;
#4994 = LINE ( 'NONE', #3437, #2090 ) ;
#4995 = VECTOR ( 'NONE', #5219, 1000.000000000000000 ) ;
#4996 = DIRECTION ( 'NONE',  ( 0.0000000000000000000, -1.224606353822377500E-016, 1.000000000000000000 ) ) ;
#4997 = MECHANICAL_CONTEXT ( 'NONE', #1875, 'mechanical' ) ;
#4998 = CARTESIAN_POINT ( 'NONE',  ( 406.5505678623203500, 98.34167827131049900, -3.549999999999952700 ) ) ;
#4999 = ADVANCED_FACE ( 'NONE', ( #2121 ), #926, .T. ) ;
#5000 = CARTESIAN_POINT ( 'NONE',  ( 404.1705678623203000, 98.44167827131049400, -3.849999999999951700 ) ) ;
#5001 = VECTOR ( 'NONE', #2133, 1000.000000000000000 ) ;
#5002 = EDGE_CURVE ( 'NONE', #849, #1864, #5912, .T. ) ;
#5003 = ORIENTED_EDGE ( 'NONE', *, *, #7229, .F. ) ;
#5004 = PLANE ( 'NONE',  #828 ) ;
#5005 = FACE_OUTER_BOUND ( 'NONE', #4545, .T. ) ;
#5006 = CARTESIAN_POINT ( 'NONE',  ( 406.7105678623203700, 100.9816782713105100, -4.649999999999955900 ) ) ;
#5007 = CIRCLE ( 'NONE', #4809, 0.4999999999999033000 ) ;
#5008 = AXIS2_PLACEMENT_3D ( 'NONE', #4226, #4238, #4241 ) ;
#5009 = CARTESIAN_POINT ( 'NONE',  ( 407.0105678623203900, 99.40167827131050200, -11.84999999999993700 ) ) ;
#5010 = VECTOR ( 'NONE', #3313, 1000.000000000000000 ) ;
#5011 = EDGE_LOOP ( 'NONE', ( #7404, #3160, #4679, #7771 ) ) ;
#5012 = DIRECTION ( 'NONE',  ( 0.0000000000000000000, 0.0000000000000000000, 1.000000000000000000 ) ) ;
#5013 = FACE_OUTER_BOUND ( 'NONE', #6557, .T. ) ;
#5014 = CARTESIAN_POINT ( 'NONE',  ( 411.7905678623203000, 100.3416782713105000, -14.84999999999995700 ) ) ;
#5015 = CARTESIAN_POINT ( 'NONE',  ( 414.8405678623203100, 103.7916782713104700, -11.84999999999993700 ) ) ;
#5016 = VECTOR ( 'NONE', #3959, 1000.000000000000000 ) ;
#5017 = ORIENTED_EDGE ( 'NONE', *, *, #1505, .F. ) ;
#5018 = AXIS2_PLACEMENT_3D ( 'NONE', #349, #3305, #3296 ) ;
#5019 = ADVANCED_FACE ( 'NONE', ( #7659 ), #1006, .T. ) ;
#5020 = VECTOR ( 'NONE', #4716, 1000.000000000000000 ) ;
#5021 = CC_DESIGN_PERSON_AND_ORGANIZATION_ASSIGNMENT ( #1433, #1272, ( #3744 ) ) ;
#5022 = CARTESIAN_POINT ( 'NONE',  ( 454.5670678623203600, 94.99167827131051900, -3.049999999999957600 ) ) ;
#5023 = PERSON_AND_ORGANIZATION_ROLE ( 'classification_officer' ) ;
#5024 = CARTESIAN_POINT ( 'NONE',  ( 404.1705678623203000, 97.80167827131050700, -3.849999999999951700 ) ) ;
#5025 = VECTOR ( 'NONE', #972, 1000.000000000000000 ) ;
#5026 = CARTESIAN_POINT ( 'NONE',  ( 398.1905678623202200, 102.2916782713104600, -11.84999999999984200 ) ) ;
#5027 = EDGE_CURVE ( 'NONE', #1891, #6779, #7237, .T. ) ;
#5028 = LINE ( 'NONE', #4877, #6025 ) ;
#5029 = CARTESIAN_POINT ( 'NONE',  ( 409.1505678623204300, 98.34167827131049900, -3.549999999999967800 ) ) ;
#5030 = FACE_OUTER_BOUND ( 'NONE', #2627, .T. ) ;
#5031 = DIRECTION ( 'NONE',  ( 0.0000000000000000000, 0.0000000000000000000, 1.000000000000000000 ) ) ;
#5032 = AXIS2_PLACEMENT_3D ( 'NONE', #1144, #3414, #5185 ) ;
#5033 = VERTEX_POINT ( 'NONE', #1053 ) ;
#5034 = VECTOR ( 'NONE', #1712, 1000.000000000000000 ) ;
#5035 = EDGE_CURVE ( 'NONE', #2436, #849, #5281, .T. ) ;
#5036 = CARTESIAN_POINT ( 'NONE',  ( 411.6905678623203400, 97.90167827131051600, -15.14999999999995600 ) ) ;
#5037 = ORIENTED_EDGE ( 'NONE', *, *, #6573, .F. ) ;
#5038 = DIRECTION ( 'NONE',  ( 1.000000000000000000, 0.0000000000000000000, 0.0000000000000000000 ) ) ;
#5039 = DIRECTION ( 'NONE',  ( -1.000000000000000000, -1.499660721822137700E-032, -1.836494048521242700E-048 ) ) ;
#5040 = FACE_OUTER_BOUND ( 'NONE', #5643, .T. ) ;
#5041 = LINE ( 'NONE', #5514, #7418 ) ;
#5042 = VERTEX_POINT ( 'NONE', #1072 ) ;
#5043 = EDGE_CURVE ( 'NONE', #3589, #2088, #2830, .T. ) ;
#5044 = VERTEX_POINT ( 'NONE', #1096 ) ;
#5045 = CARTESIAN_POINT ( 'NONE',  ( 406.1705678623203000, 98.34167827131051400, -15.14999999999995900 ) ) ;
#5046 = EDGE_CURVE ( 'NONE', #2784, #4165, #6841, .T. ) ;
#5047 = VECTOR ( 'NONE', #2643, 1000.000000000000000 ) ;
#5048 = CARTESIAN_POINT ( 'NONE',  ( 401.5305678623202500, 100.8816782713105200, -15.14999999999994900 ) ) ;
#5049 = CARTESIAN_POINT ( 'NONE',  ( 400.0605678623203400, 95.02067827131064300, -4.049999999999954500 ) ) ;
#5050 = ORIENTED_EDGE ( 'NONE', *, *, #6158, .T. ) ;
#5051 = VERTEX_POINT ( 'NONE', #1132 ) ;
#5052 = EDGE_LOOP ( 'NONE', ( #5468, #3176, #920, #5700 ) ) ;
#5053 = ORIENTED_EDGE ( 'NONE', *, *, #7562, .F. ) ;
#5054 = PLANE ( 'NONE',  #6318 ) ;
#5055 = ADVANCED_FACE ( 'NONE', ( #5263 ), #1163, .T. ) ;
#5056 = CARTESIAN_POINT ( 'NONE',  ( 408.6605678623203600, 98.44167827131049400, -14.99999999999995000 ) ) ;
#5057 = EDGE_CURVE ( 'NONE', #604, #4278, #5356, .T. ) ;
#5058 = ORIENTED_EDGE ( 'NONE', *, *, #4428, .F. ) ;
#5059 = ORIENTED_EDGE ( 'NONE', *, *, #5619, .F. ) ;
#5060 = ORIENTED_EDGE ( 'NONE', *, *, #7395, .F. ) ;
#5061 = CARTESIAN_POINT ( 'NONE',  ( 411.1505678623203200, 100.3416782713105000, -3.849999999999948600 ) ) ;
#5062 = EDGE_LOOP ( 'NONE', ( #4791, #3885, #5478, #2948 ) ) ;
#5063 = ORIENTED_EDGE ( 'NONE', *, *, #4469, .T. ) ;
#5064 = EDGE_LOOP ( 'NONE', ( #6435, #2458, #2350, #7393 ) ) ;
#5065 = VECTOR ( 'NONE', #4374, 999.9999999999998900 ) ;
#5066 = CARTESIAN_POINT ( 'NONE',  ( 406.7105678623203700, 98.44167827131049400, -15.14999999999995600 ) ) ;
#5067 = LINE ( 'NONE', #1071, #6713 ) ;
#5068 = CARTESIAN_POINT ( 'NONE',  ( 397.6170678623203100, 97.74167827131049100, -9.449999999999958400 ) ) ;
#5069 = DIRECTION ( 'NONE',  ( 0.0000000000000000000, 0.3162277660168412200, 0.9486832980505126600 ) ) ;
#5070 = ORIENTED_EDGE ( 'NONE', *, *, #52, .T. ) ;
#5071 = DIRECTION ( 'NONE',  ( 0.0000000000000000000, -3.673819061467132300E-016, 1.000000000000000000 ) ) ;
#5072 = ORIENTED_EDGE ( 'NONE', *, *, #7405, .T. ) ;
#5073 = ORIENTED_EDGE ( 'NONE', *, *, #4651, .T. ) ;
#5074 = CIRCLE ( 'NONE', #1186, 0.3000000000000224700 ) ;
#5075 = EDGE_CURVE ( 'NONE', #6707, #3735, #5156, .T. ) ;
#5076 = EDGE_CURVE ( 'NONE', #4669, #64, #4452, .T. ) ;
#5077 = ORIENTED_EDGE ( 'NONE', *, *, #5450, .F. ) ;
#5078 = ORIENTED_EDGE ( 'NONE', *, *, #4639, .T. ) ;
#5079 = PERSON_AND_ORGANIZATION ( #2263, #7839 ) ;
#5080 = CARTESIAN_POINT ( 'NONE',  ( 401.6305678623202800, 100.3416782713105100, -14.84999999999995900 ) ) ;
#5081 = VECTOR ( 'NONE', #5386, 1000.000000000000000 ) ;
#5082 = VECTOR ( 'NONE', #7893, 1000.000000000000000 ) ;
#5083 = VERTEX_POINT ( 'NONE', #1255 ) ;
#5084 = CARTESIAN_POINT ( 'NONE',  ( 397.3905678623203200, 96.14167827131048200, -3.049999999999955400 ) ) ;
#5085 = VECTOR ( 'NONE', #4427, 1000.000000000000000 ) ;
#5086 = CARTESIAN_POINT ( 'NONE',  ( 425.4405678623202800, 97.50167827131048200, -11.84999999999993700 ) ) ;
#5087 = ORIENTED_EDGE ( 'NONE', *, *, #7197, .T. ) ;
#5088 = EDGE_LOOP ( 'NONE', ( #2791, #710, #7491, #6354 ) ) ;
#5089 = DIRECTION ( 'NONE',  ( -1.000000000000000000, -1.064154322375103700E-047, 2.896588820980573400E-032 ) ) ;
#5090 = LINE ( 'NONE', #4288, #733 ) ;
#5091 = CARTESIAN_POINT ( 'NONE',  ( 408.6105678623203500, 97.80167827131050700, -3.849999999999950800 ) ) ;
#5092 = VECTOR ( 'NONE', #2224, 1000.000000000000100 ) ;
#5093 = EDGE_LOOP ( 'NONE', ( #2809, #5355, #5384, #5560 ) ) ;
#5094 = EDGE_CURVE ( 'NONE', #4372, #6895, #6502, .T. ) ;
#5095 = ADVANCED_FACE ( 'NONE', ( #6050 ), #1251, .T. ) ;
#5096 = VECTOR ( 'NONE', #1644, 1000.000000000000000 ) ;
#5097 = VECTOR ( 'NONE', #6113, 1000.000000000000000 ) ;
#5098 = DIRECTION ( 'NONE',  ( 0.0000000000000000000, 0.9486832980505146600, 0.3162277660168353300 ) ) ;
#5099 = ORIENTED_EDGE ( 'NONE', *, *, #7206, .T. ) ;
#5100 = FACE_BOUND ( 'NONE', #4346, .T. ) ;
#5101 = DIRECTION ( 'NONE',  ( 1.499660721822137400E-032, -1.836494048521242100E-048, -1.000000000000000000 ) ) ;
#5102 = FACE_OUTER_BOUND ( 'NONE', #1039, .T. ) ;
#5103 = EDGE_CURVE ( 'NONE', #1486, #6981, #6165, .T. ) ;
#5104 = VECTOR ( 'NONE', #7668, 1000.000000000000000 ) ;
#5105 = EDGE_CURVE ( 'NONE', #3406, #1900, #6806, .T. ) ;
#5106 = LINE ( 'NONE', #2921, #5210 ) ;
#5107 = ADVANCED_FACE ( 'NONE', ( #6667 ), #1352, .T. ) ;
#5108 = VERTEX_POINT ( 'NONE', #1327 ) ;
#5109 = CARTESIAN_POINT ( 'NONE',  ( 406.7105678623203700, 100.9316782713105000, -14.99999999999995000 ) ) ;
#5110 = DIRECTION ( 'NONE',  ( 0.0000000000000000000, -1.000000000000000000, 0.0000000000000000000 ) ) ;
#5111 = CARTESIAN_POINT ( 'NONE',  ( 411.7905678623203000, 97.80167827131050700, -3.649999999999955900 ) ) ;
#5112 = ORIENTED_EDGE ( 'NONE', *, *, #1091, .T. ) ;
#5113 = AXIS2_PLACEMENT_3D ( 'NONE', #7109, #7074, #7073 ) ;
#5114 = DIRECTION ( 'NONE',  ( -0.5773502691896395000, 0.5773502691896074100, 0.5773502691896305100 ) ) ;
#5115 = VECTOR ( 'NONE', #1120, 1000.000000000000000 ) ;
#5116 = LINE ( 'NONE', #7398, #5025 ) ;
#5117 = DIRECTION ( 'NONE',  ( -1.000000000000000000, -1.224606353822377300E-016, -1.499660721822137400E-032 ) ) ;
#5118 = EDGE_CURVE ( 'NONE', #4278, #2430, #6911, .T. ) ;
#5119 = LINE ( 'NONE', #54, #6394 ) ;
#5120 = DIRECTION ( 'NONE',  ( 1.000000000000000000, 1.224606353822377300E-016, 1.499660721822137400E-032 ) ) ;
#5121 = EDGE_CURVE ( 'NONE', #2334, #5174, #3270, .T. ) ;
#5122 = DIRECTION ( 'NONE',  ( 0.0000000000000000000, 1.000000000000000000, 0.0000000000000000000 ) ) ;
#5123 = ORIENTED_EDGE ( 'NONE', *, *, #4692, .T. ) ;
#5124 = ORIENTED_EDGE ( 'NONE', *, *, #6052, .F. ) ;
#5125 = AXIS2_PLACEMENT_3D ( 'NONE', #5056, #2562, #2571 ) ;
#5126 = VECTOR ( 'NONE', #1859, 1000.000000000000000 ) ;
#5127 = ORIENTED_EDGE ( 'NONE', *, *, #5658, .F. ) ;
#5128 = ADVANCED_FACE ( 'NONE', ( #1788 ), #1461, .T. ) ;
#5129 = EDGE_CURVE ( 'NONE', #6495, #6591, #1626, .T. ) ;
#5130 = EDGE_LOOP ( 'NONE', ( #5934, #5856, #2597, #5763 ) ) ;
#5131 = VECTOR ( 'NONE', #141, 1000.000000000000000 ) ;
#5132 = VECTOR ( 'NONE', #4678, 1000.000000000000100 ) ;
#5133 = DIRECTION ( 'NONE',  ( 0.0000000000000000000, 1.000000000000000000, 1.224606353822377300E-016 ) ) ;
#5134 = DIRECTION ( 'NONE',  ( 1.000000000000000000, 0.0000000000000000000, 0.0000000000000000000 ) ) ;
#5135 = CARTESIAN_POINT ( 'NONE',  ( 397.9905678623202900, 102.2916782713104600, -12.14999999999990400 ) ) ;
#5136 = ADVANCED_FACE ( 'NONE', ( #6058 ), #1509, .T. ) ;
#5137 = ORIENTED_EDGE ( 'NONE', *, *, #640, .T. ) ;
#5138 = ORIENTED_EDGE ( 'NONE', *, *, #3365, .T. ) ;
#5139 = VECTOR ( 'NONE', #1450, 1000.000000000000000 ) ;
#5140 = CARTESIAN_POINT ( 'NONE',  ( 406.0705678623203300, 100.3416782713105100, -14.84999999999996100 ) ) ;
#5141 = PLANE ( 'NONE',  #6477 ) ;
#5142 = EDGE_CURVE ( 'NONE', #6088, #2366, #645, .T. ) ;
#5143 = CARTESIAN_POINT ( 'NONE',  ( 411.1505678623203200, 98.44167827131049400, -14.84999999999996200 ) ) ;
#5144 = CARTESIAN_POINT ( 'NONE',  ( 406.1205678623202900, 98.28167827131049700, -3.699999999999946000 ) ) ;
#5145 = ORIENTED_EDGE ( 'NONE', *, *, #824, .T. ) ;
#5146 = ORIENTED_EDGE ( 'NONE', *, *, #6326, .T. ) ;
#5147 = VECTOR ( 'NONE', #3234, 1000.000000000000000 ) ;
#5148 = VERTEX_POINT ( 'NONE', #1612 ) ;
#5149 = CARTESIAN_POINT ( 'NONE',  ( 396.2905678623203000, 101.0416782713104700, -5.449999999999959300 ) ) ;
#5150 = DIRECTION ( 'NONE',  ( 1.499660721822137400E-032, -1.836494048521242100E-048, -1.000000000000000000 ) ) ;
#5151 = EDGE_LOOP ( 'NONE', ( #2917, #6774, #7353, #2132 ) ) ;
#5152 = LINE ( 'NONE', #2323, #7739 ) ;
#5153 = EDGE_CURVE ( 'NONE', #3409, #7704, #372, .T. ) ;
#5154 = ORIENTED_EDGE ( 'NONE', *, *, #7525, .F. ) ;
#5155 = ORIENTED_EDGE ( 'NONE', *, *, #5976, .F. ) ;
#5156 = LINE ( 'NONE', #1192, #5802 ) ;
#5157 = CARTESIAN_POINT ( 'NONE',  ( 403.6305678623203300, 100.4416782713104900, -3.549999999999952700 ) ) ;
#5158 = CARTESIAN_POINT ( 'NONE',  ( 404.1705678623203000, 100.3416782713105000, -14.84999999999995900 ) ) ;
#5159 = ADVANCED_FACE ( 'NONE', ( #4599 ), #4294, .T. ) ;
#5160 = ORIENTED_EDGE ( 'NONE', *, *, #7743, .F. ) ;
#5161 = EDGE_LOOP ( 'NONE', ( #7455, #6325, #2560 ) ) ;
#5162 = ORIENTED_EDGE ( 'NONE', *, *, #4936, .T. ) ;
#5163 = AXIS2_PLACEMENT_3D ( 'NONE', #3188, #3198, #3209 ) ;
#5164 = VERTEX_POINT ( 'NONE', #1677 ) ;
#5165 = CARTESIAN_POINT ( 'NONE',  ( 408.6105678623203500, 100.3416782713105100, -11.74999999999994800 ) ) ;
#5166 = ORIENTED_EDGE ( 'NONE', *, *, #7286, .T. ) ;
#5167 = CARTESIAN_POINT ( 'NONE',  ( 411.1505678623203200, 98.44167827131049400, -11.74999999999995200 ) ) ;
#5168 = LINE ( 'NONE', #421, #520 ) ;
#5169 = CARTESIAN_POINT ( 'NONE',  ( 404.4705678623203100, 98.74167827131049100, -11.84999999999994600 ) ) ;
#5170 = EDGE_CURVE ( 'NONE', #5437, #4581, #4592, .T. ) ;
#5171 = EDGE_CURVE ( 'NONE', #2318, #6601, #4726, .T. ) ;
#5172 = CARTESIAN_POINT ( 'NONE',  ( 404.0705678623203300, 100.4416782713105100, -3.549999999999955000 ) ) ;
#5173 = ORIENTED_EDGE ( 'NONE', *, *, #4188, .F. ) ;
#5174 = VERTEX_POINT ( 'NONE', #1728 ) ;
#5175 = APPROVAL_DATE_TIME ( #4707, #6272 ) ;
#5176 = CARTESIAN_POINT ( 'NONE',  ( 425.4405678623202800, 98.74167827131049100, -11.84999999999993700 ) ) ;
#5177 = AXIS2_PLACEMENT_3D ( 'NONE', #7070, #5303, #4652 ) ;
#5178 = LINE ( 'NONE', #6574, #2050 ) ;
#5179 = VECTOR ( 'NONE', #3005, 1000.000000000000000 ) ;
#5180 = DIRECTION ( 'NONE',  ( 1.000000000000000000, 1.064154322375103700E-047, -2.896588820980573400E-032 ) ) ;
#5181 = ORIENTED_EDGE ( 'NONE', *, *, #5171, .T. ) ;
#5182 = VECTOR ( 'NONE', #1539, 1000.000000000000000 ) ;
#5183 = ADVANCED_FACE ( 'NONE', ( #3845 ), #1720, .T. ) ;
#5184 = FACE_OUTER_BOUND ( 'NONE', #4270, .T. ) ;
#5185 = DIRECTION ( 'NONE',  ( 1.000000000000000000, 0.0000000000000000000, 1.850371707708551900E-013 ) ) ;
#5186 = EDGE_LOOP ( 'NONE', ( #6042, #6676, #6971, #6313 ) ) ;
#5187 = DIRECTION ( 'NONE',  ( 0.6882472016117012800, -0.6882472016116696300, 0.2294157338705605000 ) ) ;
#5188 = DIRECTION ( 'NONE',  ( 0.0000000000000000000, 1.000000000000000000, 0.0000000000000000000 ) ) ;
#5189 = ORIENTED_EDGE ( 'NONE', *, *, #4846, .F. ) ;
#5190 = CARTESIAN_POINT ( 'NONE',  ( 416.4905678623202900, 101.0416782713104700, -11.84999999999993700 ) ) ;
#5191 = LINE ( 'NONE', #686, #7156 ) ;
#5192 = ORIENTED_EDGE ( 'NONE', *, *, #2587, .T. ) ;
#5193 = DIRECTION ( 'NONE',  ( 0.0000000000000000000, 0.3162277660168413800, -0.9486832980505125500 ) ) ;
#5194 = DIRECTION ( 'NONE',  ( -1.224606353822377300E-016, 1.000000000000000000, -0.0000000000000000000 ) ) ;
#5195 = EDGE_CURVE ( 'NONE', #6779, #6343, #7337, .T. ) ;
#5196 = CALENDAR_DATE ( 2015, 1, 9 ) ;
#5197 = ADVANCED_FACE ( 'NONE', ( #3987, #3874, #4024, #3730, #3519, #589, #4948, #3342, #5675, #3333, #2544, #1654, #2297, #5641, #2093, #7320, #2970 ), #1790, .T. ) ;
#5198 = DIRECTION ( 'NONE',  ( -1.000000000000000000, -1.224606353822377300E-016, -1.499660721822137400E-032 ) ) ;
#5199 = VECTOR ( 'NONE', #1139, 1000.000000000000000 ) ;
#5200 = LINE ( 'NONE', #4304, #5344 ) ;
#5201 = PLANE ( 'NONE',  #3537 ) ;
#5202 = LINE ( 'NONE', #674, #7420 ) ;
#5203 = CARTESIAN_POINT ( 'NONE',  ( 406.6105678623202900, 100.4416782713105200, -15.14999999999996700 ) ) ;
#5204 = PLANE ( 'NONE',  #885 ) ;
#5205 = PLANE ( 'NONE',  #2773 ) ;
#5206 = VECTOR ( 'NONE', #3346, 1000.000000000000000 ) ;
#5208 = EDGE_CURVE ( 'NONE', #5583, #2069, #1481, .T. ) ;
#5207 = CARTESIAN_POINT ( 'NONE',  ( 406.7105678623203700, 97.80167827131050700, -3.849999999999955200 ) ) ;
#5209 = EDGE_CURVE ( 'NONE', #3872, #5775, #4612, .T. ) ;
#5210 = VECTOR ( 'NONE', #3299, 1000.000000000000000 ) ;
#5211 = ORIENTED_EDGE ( 'NONE', *, *, #7608, .F. ) ;
#5212 = VECTOR ( 'NONE', #6596, 1000.000000000000000 ) ;
#5213 = DIRECTION ( 'NONE',  ( -1.469527624586849100E-016, -1.000000000000000000, -4.898425415289219500E-017 ) ) ;
#5214 = DIRECTION ( 'NONE',  ( -0.3015113445777443700, -0.3015113445777443700, -0.9045340337333037700 ) ) ;
#5215 = VERTEX_POINT ( 'NONE', #1867 ) ;
#5216 = CARTESIAN_POINT ( 'NONE',  ( 405.9205678623203000, 99.86667827131049100, -11.79999999999995500 ) ) ;
#5217 = ORIENTED_EDGE ( 'NONE', *, *, #4317, .F. ) ;
#5218 = EDGE_CURVE ( 'NONE', #2978, #7522, #3014, .T. ) ;
#5219 = DIRECTION ( 'NONE',  ( -9.655296069935245900E-033, 1.182393691527893000E-048, -1.000000000000000000 ) ) ;
#5220 = ADVANCED_FACE ( 'NONE', ( #6150 ), #1866, .T. ) ;
#5221 = VERTEX_POINT ( 'NONE', #1886 ) ;
#5222 = AXIS2_PLACEMENT_3D ( 'NONE', #6062, #6225, #6285 ) ;
#5223 = FACE_OUTER_BOUND ( 'NONE', #7553, .T. ) ;
#5224 = LINE ( 'NONE', #2607, #4246 ) ;
#5225 = AXIS2_PLACEMENT_3D ( 'NONE', #1940, #6543, #3271 ) ;
#5226 = EDGE_LOOP ( 'NONE', ( #7392, #5145, #973, #3991 ) ) ;
#5227 = FACE_OUTER_BOUND ( 'NONE', #3863, .T. ) ;
#5228 = PLANE ( 'NONE',  #1679 ) ;
#5229 = VECTOR ( 'NONE', #6986, 1000.000000000000000 ) ;
#5230 = CARTESIAN_POINT ( 'NONE',  ( 406.7105678623203700, 97.80167827131050700, -3.649999999999955900 ) ) ;
#5231 = DIRECTION ( 'NONE',  ( -1.224646799147353200E-016, -1.000000000000000000, -2.251888965396286300E-029 ) ) ;
#5232 = VERTEX_POINT ( 'NONE', #1924 ) ;
#5233 = CARTESIAN_POINT ( 'NONE',  ( 413.2155678623203100, 97.65167827131048700, -11.79999999999995500 ) ) ;
#5234 = DIRECTION ( 'NONE',  ( -0.3015113445775936500, -0.3015113445777610200, -0.9045340337333484000 ) ) ;
#5235 = PLANE ( 'NONE',  #4977 ) ;
#5236 = EDGE_CURVE ( 'NONE', #7181, #5044, #5747, .T. ) ;
#5237 = VECTOR ( 'NONE', #7216, 1000.000000000000000 ) ;
#5238 = ORIENTED_EDGE ( 'NONE', *, *, #1441, .T. ) ;
#5239 = EDGE_LOOP ( 'NONE', ( #871, #3034, #187, #91 ) ) ;
#5240 = DIRECTION ( 'NONE',  ( 0.0000000000000000000, -1.224606353822377500E-016, 1.000000000000000000 ) ) ;
#5241 = DIRECTION ( 'NONE',  ( -1.000000000000000000, 0.0000000000000000000, 0.0000000000000000000 ) ) ;
#5242 = CARTESIAN_POINT ( 'NONE',  ( 408.6105678623203500, 100.9816782713105100, -9.449999999999958400 ) ) ;
#5243 = DIRECTION ( 'NONE',  ( -1.224606353822377300E-016, 1.000000000000000000, -0.0000000000000000000 ) ) ;
#5244 = ORIENTED_EDGE ( 'NONE', *, *, #3434, .F. ) ;
#5245 = ORIENTED_EDGE ( 'NONE', *, *, #2194, .T. ) ;
#5246 = EDGE_LOOP ( 'NONE', ( #3428, #1991, #2820, #3166, #3343, #3185, #2456, #344, #5922, #4451, #6894, #1387 ) ) ;
#5247 = DIRECTION ( 'NONE',  ( 0.3015113445777535800, -0.3015113445777535800, -0.9045340337332975500 ) ) ;
#5248 = CARTESIAN_POINT ( 'NONE',  ( 415.1640678623202200, 97.74167827131049100, -11.84999999999993700 ) ) ;
#5249 = EDGE_LOOP ( 'NONE', ( #5683, #5834, #3910, #3455 ) ) ;
#5250 = ORIENTED_EDGE ( 'NONE', *, *, #5270, .T. ) ;
#5251 = FACE_OUTER_BOUND ( 'NONE', #2365, .T. ) ;
#5252 = ORIENTED_EDGE ( 'NONE', *, *, #4603, .F. ) ;
#5253 = VERTEX_POINT ( 'NONE', #1944 ) ;
#5254 = DIRECTION ( 'NONE',  ( -1.000000000000000000, -1.224606353822377300E-016, -1.499660721822137400E-032 ) ) ;
#5255 = DIRECTION ( 'NONE',  ( 0.0000000000000000000, 1.224606353822377300E-016, -1.000000000000000000 ) ) ;
#5256 = EDGE_CURVE ( 'NONE', #4130, #3409, #480, .T. ) ;
#5257 = EDGE_LOOP ( 'NONE', ( #3755, #2548, #5154, #7552 ) ) ;
#5258 = VERTEX_POINT ( 'NONE', #1987 ) ;
#5259 = EDGE_CURVE ( 'NONE', #4843, #7639, #1823, .T. ) ;
#5260 = DATE_AND_TIME ( #2276, #5646 ) ;
#5261 = CARTESIAN_POINT ( 'NONE',  ( 411.7905678623203600, 98.44167827131049400, -3.649999999999955900 ) ) ;
#5262 = DIRECTION ( 'NONE',  ( -1.499660721822137700E-032, 1.000000000000000000, 1.224606353822377500E-016 ) ) ;
#5263 = FACE_OUTER_BOUND ( 'NONE', #1971, .T. ) ;
#5264 = AXIS2_PLACEMENT_3D ( 'NONE', #5979, #5989, #5999 ) ;
#5265 = CARTESIAN_POINT ( 'NONE',  ( 405.7705678623203200, 98.74167827131049100, -11.84999999999994800 ) ) ;
#5266 = DIRECTION ( 'NONE',  ( -1.000000000000000000, -1.224606353822377300E-016, 1.499660721822137400E-032 ) ) ;
#5267 = ORIENTED_EDGE ( 'NONE', *, *, #7195, .F. ) ;
#5268 = DIRECTION ( 'NONE',  ( 0.0000000000000000000, -1.224606353822377500E-016, 1.000000000000000000 ) ) ;
#5269 = PERSON_AND_ORGANIZATION ( #2263, #7839 ) ;
#5270 = EDGE_CURVE ( 'NONE', #7703, #4670, #5610, .T. ) ;
#5271 = VECTOR ( 'NONE', #432, 1000.000000000000100 ) ;
#5272 = DIRECTION ( 'NONE',  ( 1.000000000000000000, -3.909510433884295200E-063, 1.064154322375103600E-047 ) ) ;
#5273 = VERTEX_POINT ( 'NONE', #2035 ) ;
#5274 = EDGE_CURVE ( 'NONE', #5273, #3663, #1330, .T. ) ;
#5275 = CARTESIAN_POINT ( 'NONE',  ( 408.6105678623203500, 97.80167827131050700, -3.849999999999949900 ) ) ;
#5276 = AXIS2_PLACEMENT_3D ( 'NONE', #2207, #6967, #3864 ) ;
#5277 = VECTOR ( 'NONE', #5866, 1000.000000000000000 ) ;
#5278 = CARTESIAN_POINT ( 'NONE',  ( 401.6305678623202800, 97.80167827131052100, -3.649999999999955900 ) ) ;
#5279 = APPROVAL ( #7460, 'UNSPECIFIED' ) ;
#5280 = CARTESIAN_POINT ( 'NONE',  ( 408.7105678623203200, 100.4416782713104900, -3.549999999999955400 ) ) ;
#5281 = LINE ( 'NONE', #1038, #4837 ) ;
#5282 = DIRECTION ( 'NONE',  ( 0.0000000000000000000, 1.000000000000000000, 3.673819061467132300E-016 ) ) ;
#5283 = DIRECTION ( 'NONE',  ( 1.224606353822377300E-016, -1.000000000000000000, 0.0000000000000000000 ) ) ;
#5284 = ORIENTED_EDGE ( 'NONE', *, *, #4892, .F. ) ;
#5285 = EDGE_CURVE ( 'NONE', #1099, #3570, #1173, .T. ) ;
#5286 = DIRECTION ( 'NONE',  ( -1.499660721822137700E-032, 1.000000000000000000, 1.224606353822377500E-016 ) ) ;
#5287 = ORIENTED_EDGE ( 'NONE', *, *, #7335, .T. ) ;
#5288 = DIRECTION ( 'NONE',  ( 1.224606353822377300E-016, -1.000000000000000000, 0.0000000000000000000 ) ) ;
#5289 = LINE ( 'NONE', #6172, #4820 ) ;
#5290 = LINE ( 'NONE', #7712, #4722 ) ;
#5291 = ORIENTED_EDGE ( 'NONE', *, *, #7333, .T. ) ;
#5292 = PLANE ( 'NONE',  #2674 ) ;
#5293 = PLANE ( 'NONE',  #3065 ) ;
#5294 = EDGE_CURVE ( 'NONE', #1218, #6589, #855, .T. ) ;
#5295 = CARTESIAN_POINT ( 'NONE',  ( 408.6105678623203500, 100.9816782713105000, -11.74999999999996100 ) ) ;
#5296 = CARTESIAN_POINT ( 'NONE',  ( 406.1905678623203400, 102.2916782713104900, -11.84999999999990000 ) ) ;
#5297 = CARTESIAN_POINT ( 'NONE',  ( 409.1505678623203700, 98.34167827131051400, -15.14999999999992800 ) ) ;
#5298 = LINE ( 'NONE', #6800, #6953 ) ;
#5299 = ORIENTED_EDGE ( 'NONE', *, *, #2386, .T. ) ;
#5300 = VERTEX_POINT ( 'NONE', #2145 ) ;
#5301 = LINE ( 'NONE', #4284, #1248 ) ;
#5302 = LINE ( 'NONE', #7147, #4721 ) ;
#5303 = DIRECTION ( 'NONE',  ( -1.499660721822137700E-032, 1.000000000000000000, 1.224606353822377500E-016 ) ) ;
#5305 = EDGE_CURVE ( 'NONE', #1595, #1135, #5630, .T. ) ;
#5304 = DIRECTION ( 'NONE',  ( 1.161763594557826500E-016, -0.9486832980505126600, -0.3162277660168414400 ) ) ;
#5306 = VERTEX_POINT ( 'NONE', #2175 ) ;
#5307 = EDGE_CURVE ( 'NONE', #1459, #5903, #5571, .T. ) ;
#5308 = EDGE_LOOP ( 'NONE', ( #1923, #1035, #1303, #1669 ) ) ;
#5309 = ADVANCED_FACE ( 'NONE', ( #1336 ), #2208, .T. ) ;
#5310 = LINE ( 'NONE', #2249, #4755 ) ;
#5311 = PLANE ( 'NONE',  #1047 ) ;
#5312 = VERTEX_POINT ( 'NONE', #2218 ) ;
#5313 = CARTESIAN_POINT ( 'NONE',  ( 400.9905678623203500, 97.80167827131053600, -11.74999999999994700 ) ) ;
#5314 = VERTEX_POINT ( 'NONE', #2252 ) ;
#5315 = EDGE_CURVE ( 'NONE', #33, #2507, #5661, .T. ) ;
#5316 = VECTOR ( 'NONE', #3543, 1000.000000000000000 ) ;
#5317 = EDGE_CURVE ( 'NONE', #4767, #4849, #5396, .T. ) ;
#5318 = DIRECTION ( 'NONE',  ( -0.9486832980505192100, -1.549018126077090500E-016, 0.3162277660168217900 ) ) ;
#5319 = CARTESIAN_POINT ( 'NONE',  ( 403.5305678623203100, 98.44167827131047900, -11.74999999999995200 ) ) ;
#5320 = CARTESIAN_POINT ( 'NONE',  ( 411.7905678623203000, 100.9816782713105100, -9.449999999999958400 ) ) ;
#5321 = CARTESIAN_POINT ( 'NONE',  ( 406.0705678623203300, 97.80167827131050700, -11.74999999999995700 ) ) ;
#5322 = EDGE_LOOP ( 'NONE', ( #4640, #4829, #4864, #3183 ) ) ;
#5323 = AXIS2_PLACEMENT_3D ( 'NONE', #5777, #6416, #2690 ) ;
#5324 = VECTOR ( 'NONE', #7059, 1000.000000000000000 ) ;
#5325 = VECTOR ( 'NONE', #396, 1000.000000000000000 ) ;
#5326 = DIRECTION ( 'NONE',  ( 1.224606353822377300E-016, -1.000000000000000000, 0.0000000000000000000 ) ) ;
#5327 = EDGE_CURVE ( 'NONE', #2351, #701, #4540, .T. ) ;
#5328 = EDGE_CURVE ( 'NONE', #2609, #6411, #4495, .T. ) ;
#5329 = EDGE_LOOP ( 'NONE', ( #7815, #7551, #6576, #6746 ) ) ;
#5330 = VERTEX_POINT ( 'NONE', #2329 ) ;
#5331 = VECTOR ( 'NONE', #3784, 1000.000000000000000 ) ;
#5332 = TOROIDAL_SURFACE ( 'NONE', #1861, 0.1999999999998669500, 0.2999999999999418100 ) ;
#5333 = FACE_OUTER_BOUND ( 'NONE', #5257, .T. ) ;
#5334 = CARTESIAN_POINT ( 'NONE',  ( 411.7905678623203000, 100.3416782713104900, -11.74999999999996300 ) ) ;
#5335 = ORIENTED_EDGE ( 'NONE', *, *, #6156, .T. ) ;
#5336 = ORIENTED_EDGE ( 'NONE', *, *, #3196, .F. ) ;
#5337 = CARTESIAN_POINT ( 'NONE',  ( 414.3405678623202600, 103.8416782713105000, -3.649999999999948800 ) ) ;
#5338 =( BOUNDED_SURFACE ( )  B_SPLINE_SURFACE ( 3, 3, ( 
 ( #6194, #3514, #3979, #4268 ),
 ( #4306, #3753, #3720, #4390 ),
 ( #4434, #4447, #4471, #4484 ),
 ( #4511, #4560, #4572, #4579 ) ),
 .UNSPECIFIED., .F., .F., .F. ) 
 B_SPLINE_SURFACE_WITH_KNOTS ( ( 4, 4 ),
 ( 4, 4 ),
 ( 0.0000000000000000000, 1.000000000000000000 ),
 ( 0.0000000000000000000, 1.000000000000000000 ),
 .UNSPECIFIED. ) 
 GEOMETRIC_REPRESENTATION_ITEM ( )  RATIONAL_B_SPLINE_SURFACE ( (
 ( 1.000000000000000000, 0.3333333333333334300, 0.3333333333333334300, 1.000000000000000000),
 ( 0.8047378541243649400, 0.2682459513747884100, 0.2682459513747884100, 0.8047378541243649400),
 ( 0.8047378541243649400, 0.2682459513747884100, 0.2682459513747884100, 0.8047378541243649400),
 ( 1.000000000000000000, 0.3333333333333334300, 0.3333333333333334300, 1.000000000000000000) ) ) 
 REPRESENTATION_ITEM ( '' )  SURFACE ( )  );
#5339 = EDGE_LOOP ( 'NONE', ( #1798, #2179, #5059, #2123 ) ) ;
#5340 = EDGE_LOOP ( 'NONE', ( #7381, #2552, #4315, #2201 ) ) ;
#5341 = ORIENTED_EDGE ( 'NONE', *, *, #6808, .T. ) ;
#5342 = CARTESIAN_POINT ( 'NONE',  ( 401.0905678623203100, 98.34167827131051400, -15.14999999999995200 ) ) ;
#5343 = ORIENTED_EDGE ( 'NONE', *, *, #2130, .F. ) ;
#5344 = VECTOR ( 'NONE', #3513, 1000.000000000000000 ) ;
#5345 = PLANE ( 'NONE',  #3908 ) ;
#5346 = LINE ( 'NONE', #2805, #3682 ) ;
#5347 = DIRECTION ( 'NONE',  ( 0.6882472016117190400, 0.6882472016116554200, 0.2294157338705504800 ) ) ;
#5348 = ADVANCED_FACE ( 'NONE', ( #5333 ), #2258, .F. ) ;
#5349 = DIRECTION ( 'NONE',  ( -0.6882472016117184800, 0.6882472016116546500, -0.2294157338705542200 ) ) ;
#5350 = EDGE_CURVE ( 'NONE', #312, #3872, #1608, .T. ) ;
#5351 = ORIENTED_EDGE ( 'NONE', *, *, #868, .F. ) ;
#5352 = LINE ( 'NONE', #5705, #3625 ) ;
#5353 = EDGE_CURVE ( 'NONE', #5994, #6944, #7858, .T. ) ;
#5354 = CALENDAR_DATE ( 2015, 1, 9 ) ;
#5355 = ORIENTED_EDGE ( 'NONE', *, *, #3323, .F. ) ;
#5356 = LINE ( 'NONE', #1203, #4990 ) ;
#5357 = ADVANCED_FACE ( 'NONE', ( #3837 ), #2455, .F. ) ;
#5358 = PLANE ( 'NONE',  #1868 ) ;
#5359 = CARTESIAN_POINT ( 'NONE',  ( 401.0905678623203100, 98.12167827131051500, -3.549999999999954500 ) ) ;
#5360 = PLANE ( 'NONE',  #2861 ) ;
#5361 = ORIENTED_EDGE ( 'NONE', *, *, #5709, .F. ) ;
#5362 = VERTEX_POINT ( 'NONE', #2419 ) ;
#5363 = VECTOR ( 'NONE', #2863, 999.9999999999998900 ) ;
#5364 = DIRECTION ( 'NONE',  ( 1.224606353822377300E-016, -1.000000000000000000, -1.224606353822377300E-016 ) ) ;
#5365 = ORIENTED_EDGE ( 'NONE', *, *, #1406, .F. ) ;
#5366 = EDGE_CURVE ( 'NONE', #5903, #2029, #7495, .T. ) ;
#5367 = DIRECTION ( 'NONE',  ( 0.0000000000000000000, 0.0000000000000000000, -1.000000000000000000 ) ) ;
#5368 = DIRECTION ( 'NONE',  ( -1.469527624586849100E-016, -1.000000000000000000, -4.898425415289219500E-017 ) ) ;
#5369 = EDGE_LOOP ( 'NONE', ( #908, #1108, #4376, #808 ) ) ;
#5370 = CARTESIAN_POINT ( 'NONE',  ( 409.2505678623202800, 100.3416782713104900, -3.849999999999945500 ) ) ;
#5371 = EDGE_LOOP ( 'NONE', ( #5053, #2825, #2918, #3974 ) ) ;
#5372 = VECTOR ( 'NONE', #6580, 1000.000000000000000 ) ;
#5373 = CIRCLE ( 'NONE', #3592, 0.5000000000000559600 ) ;
#5374 = FACE_OUTER_BOUND ( 'NONE', #6970, .T. ) ;
#5375 = CARTESIAN_POINT ( 'NONE',  ( 401.6305678623202800, 98.44167827131050800, -9.449999999999960200 ) ) ;
#5376 = PLANE ( 'NONE',  #4758 ) ;
#5377 = CARTESIAN_POINT ( 'NONE',  ( 406.7105678623203700, 100.9816782713105100, -9.449999999999958400 ) ) ;
#5378 = EDGE_LOOP ( 'NONE', ( #1743, #1736, #923, #4392 ) ) ;
#5379 = EDGE_CURVE ( 'NONE', #3570, #2430, #4158, .T. ) ;
#5380 = PERSON_AND_ORGANIZATION ( #2263, #7839 ) ;
#5381 = DIRECTION ( 'NONE',  ( 0.0000000000000000000, 1.000000000000000000, 1.224606353822377300E-016 ) ) ;
#5382 = EDGE_CURVE ( 'NONE', #6227, #135, #848, .T. ) ;
#5383 = DIRECTION ( 'NONE',  ( -0.3015113445777380400, -0.3015113445777798900, 0.9045340337332938900 ) ) ;
#5384 = ORIENTED_EDGE ( 'NONE', *, *, #3121, .F. ) ;
#5385 = PLANE ( 'NONE',  #3172 ) ;
#5386 = DIRECTION ( 'NONE',  ( 0.0000000000000000000, -1.224606353822377500E-016, 1.000000000000000000 ) ) ;
#5387 = LINE ( 'NONE', #1453, #3526 ) ;
#5388 = CARTESIAN_POINT ( 'NONE',  ( 401.7855678623203600, 101.1316782713104800, -11.79999999999995500 ) ) ;
#5389 = FACE_OUTER_BOUND ( 'NONE', #6865, .T. ) ;
#5390 = ORIENTED_EDGE ( 'NONE', *, *, #6843, .T. ) ;
#5391 = LINE ( 'NONE', #2556, #6280 ) ;
#5392 = EDGE_CURVE ( 'NONE', #5726, #5273, #45, .T. ) ;
#5393 = LOCAL_TIME ( 0, 22, 13.00000000000000000, #4210 ) ;
#5394 = VECTOR ( 'NONE', #6033, 1000.000000000000000 ) ;
#5395 = CARTESIAN_POINT ( 'NONE',  ( 403.5305678623203100, 97.80167827131050700, -3.849999999999950800 ) ) ;
#5396 = LINE ( 'NONE', #2279, #2362 ) ;
#5397 = PLANE ( 'NONE',  #1698 ) ;
#5398 = ORIENTED_EDGE ( 'NONE', *, *, #5471, .T. ) ;
#5399 = FACE_OUTER_BOUND ( 'NONE', #3366, .T. ) ;
#5400 = PLANE ( 'NONE',  #2792 ) ;
#5401 = CARTESIAN_POINT ( 'NONE',  ( 403.8505678623203000, 97.85167827131053300, -14.99999999999995000 ) ) ;
#5402 = DIRECTION ( 'NONE',  ( -2.999321443644274900E-032, 1.224606353822377300E-016, -1.000000000000000000 ) ) ;
#5403 = ORIENTED_EDGE ( 'NONE', *, *, #4357, .T. ) ;
#5404 = PLANE ( 'NONE',  #5640 ) ;
#5405 = CARTESIAN_POINT ( 'NONE',  ( 406.0705678623203300, 100.9816782713105000, -14.84999999999996600 ) ) ;
#5406 = DIRECTION ( 'NONE',  ( 0.0000000000000000000, 1.000000000000000000, 1.224606353822377300E-016 ) ) ;
#5407 = ORIENTED_EDGE ( 'NONE', *, *, #5976, .T. ) ;
#5408 = CARTESIAN_POINT ( 'NONE',  ( 400.9905678623202900, 97.80167827131052100, -3.649999999999955900 ) ) ;
#5409 = DIRECTION ( 'NONE',  ( -1.000000000000000000, -1.064154322375103700E-047, 2.896588820980573400E-032 ) ) ;
#5410 = VECTOR ( 'NONE', #1224, 1000.000000000000000 ) ;
#5411 = EDGE_CURVE ( 'NONE', #4698, #2375, #7142, .T. ) ;
#5412 = ORIENTED_EDGE ( 'NONE', *, *, #1029, .T. ) ;
#5413 = CARTESIAN_POINT ( 'NONE',  ( 408.3105678623203400, 99.40167827131050200, -11.84999999999993700 ) ) ;
#5414 = CARTESIAN_POINT ( 'NONE',  ( 401.6305678623202800, 100.9816782713105100, -4.649999999999955900 ) ) ;
#5415 = ADVANCED_BREP_SHAPE_REPRESENTATION ( '11091, SBH11-_BPC-D05-ST-_ _', ( #4780, #2533 ), #450 ) ;
#5416 = FACE_OUTER_BOUND ( 'NONE', #6599, .T. ) ;
#5417 = EDGE_LOOP ( 'NONE', ( #5541, #1872, #5335, #2542 ) ) ;
#5418 = CARTESIAN_POINT ( 'NONE',  ( 400.9905678623202900, 100.9816782713105100, -9.449999999999958400 ) ) ;
#5419 = VECTOR ( 'NONE', #2882, 1000.000000000000000 ) ;
#5420 = CARTESIAN_POINT ( 'NONE',  ( 406.6605678623203600, 98.28167827131049700, -3.699999999999946000 ) ) ;
#5421 = PLANE ( 'NONE',  #4004 ) ;
#5422 = EDGE_CURVE ( 'NONE', #64, #7792, #3624, .T. ) ;
#5423 = FACE_OUTER_BOUND ( 'NONE', #5088, .T. ) ;
#5424 = ORIENTED_EDGE ( 'NONE', *, *, #1209, .F. ) ;
#5425 = EDGE_CURVE ( 'NONE', #6661, #6559, #5224, .T. ) ;
#5426 = CARTESIAN_POINT ( 'NONE',  ( 411.6305678623203300, 98.39167827131049600, -3.699999999999946000 ) ) ;
#5427 = CARTESIAN_POINT ( 'NONE',  ( 411.9405678623202200, 100.1866782713104800, -11.79999999999995500 ) ) ;
#5428 = DIRECTION ( 'NONE',  ( -1.000000000000000000, -1.064154322375103700E-047, 2.896588820980573400E-032 ) ) ;
#5429 = AXIS2_PLACEMENT_3D ( 'NONE', #2161, #2217, #2168 ) ;
#5430 = CC_DESIGN_DATE_AND_TIME_ASSIGNMENT ( #2393, #5582, ( #3744 ) ) ;
#5431 = ORIENTED_EDGE ( 'NONE', *, *, #615, .T. ) ;
#5432 = DIRECTION ( 'NONE',  ( 1.000000000000000000, 0.0000000000000000000, -0.0000000000000000000 ) ) ;
#5433 = CARTESIAN_POINT ( 'NONE',  ( 406.3905678623203200, 96.49167827131054800, -11.84999999999984500 ) ) ;
#5434 = EDGE_CURVE ( 'NONE', #3670, #4130, #3246, .T. ) ;
#5435 = DIRECTION ( 'NONE',  ( 0.3015113445780284200, -0.3015113445777355400, 0.9045340337332119500 ) ) ;
#5436 = CARTESIAN_POINT ( 'NONE',  ( 400.9905678623203500, 97.80167827131053600, -14.84999999999996100 ) ) ;
#5437 = VERTEX_POINT ( 'NONE', #2677 ) ;
#5438 = ORIENTED_EDGE ( 'NONE', *, *, #4637, .F. ) ;
#5439 = ORIENTED_EDGE ( 'NONE', *, *, #1193, .T. ) ;
#5440 = ORIENTED_EDGE ( 'NONE', *, *, #4983, .F. ) ;
#5441 = FACE_OUTER_BOUND ( 'NONE', #283, .T. ) ;
#5442 = AXIS2_PLACEMENT_3D ( 'NONE', #4618, #4937, #2408 ) ;
#5443 = ORIENTED_EDGE ( 'NONE', *, *, #3468, .F. ) ;
#5444 = VERTEX_POINT ( 'NONE', #2661 ) ;
#5445 = ORIENTED_EDGE ( 'NONE', *, *, #4126, .T. ) ;
#5446 = EDGE_LOOP ( 'NONE', ( #1323, #2291, #1103, #5138 ) ) ;
#5447 = ORIENTED_EDGE ( 'NONE', *, *, #7457, .F. ) ;
#5448 = VERTEX_POINT ( 'NONE', #2701 ) ;
#5449 = CARTESIAN_POINT ( 'NONE',  ( 406.1905678623202200, 96.49167827131054800, -11.84999999999993600 ) ) ;
#5450 = EDGE_CURVE ( 'NONE', #3763, #809, #3632, .T. ) ;
#5451 = VECTOR ( 'NONE', #3407, 1000.000000000000000 ) ;
#5452 = ORIENTED_EDGE ( 'NONE', *, *, #332, .F. ) ;
#5453 = CARTESIAN_POINT ( 'NONE',  ( 409.2005678623202700, 98.28167827131049700, -3.699999999999946000 ) ) ;
#5454 = DIRECTION ( 'NONE',  ( 0.0000000000000000000, 0.9486832980505146600, 0.3162277660168353300 ) ) ;
#5455 = CARTESIAN_POINT ( 'NONE',  ( 404.1405678623203200, 96.14167827131048200, -9.449999999999960200 ) ) ;
#5456 = VERTEX_POINT ( 'NONE', #2747 ) ;
#5457 = ORIENTED_EDGE ( 'NONE', *, *, #2587, .F. ) ;
#5458 = LINE ( 'NONE', #2406, #3611 ) ;
#5459 = DIRECTION ( 'NONE',  ( -1.224646799144103100E-016, -1.000000000000000000, -1.734723475997291400E-015 ) ) ;
#5460 = EDGE_CURVE ( 'NONE', #5312, #4737, #380, .T. ) ;
#5461 = EDGE_LOOP ( 'NONE', ( #1353, #2939, #5336, #3756 ) ) ;
#5462 = VERTEX_POINT ( 'NONE', #2734 ) ;
#5463 = DIRECTION ( 'NONE',  ( 0.9486832980504924500, -7.745090630384469000E-017, -0.3162277660169020000 ) ) ;
#5464 = CARTESIAN_POINT ( 'NONE',  ( 408.6105678623203500, 100.3416782713105000, -4.649999999999955900 ) ) ;
#5465 = DIRECTION ( 'NONE',  ( -1.000000000000000000, 0.0000000000000000000, -1.850371707708455700E-013 ) ) ;
#5466 = ADVANCED_FACE ( 'NONE', ( #7221 ), #2769, .T. ) ;
#5467 = LINE ( 'NONE', #720, #4605 ) ;
#5468 = ORIENTED_EDGE ( 'NONE', *, *, #7435, .T. ) ;
#5469 = PLANE ( 'NONE',  #2239 ) ;
#5470 = FACE_OUTER_BOUND ( 'NONE', #3960, .T. ) ;
#5471 = EDGE_CURVE ( 'NONE', #3191, #463, #4002, .T. ) ;
#5472 = LINE ( 'NONE', #4499, #1094 ) ;
#5473 = ORIENTED_EDGE ( 'NONE', *, *, #1521, .F. ) ;
#5474 = EDGE_CURVE ( 'NONE', #7645, #5651, #942, .T. ) ;
#5475 = CARTESIAN_POINT ( 'NONE',  ( 415.1640678623202200, 101.0416782713104700, -11.84999999999993700 ) ) ;
#5476 = PLANE ( 'NONE',  #1776 ) ;
#5477 = CARTESIAN_POINT ( 'NONE',  ( 406.3909485527517500, 103.8416782713104700, -11.84999999999993600 ) ) ;
#5478 = ORIENTED_EDGE ( 'NONE', *, *, #4844, .F. ) ;
#5479 = AXIS2_PLACEMENT_3D ( 'NONE', #4296, #3883, #7808 ) ;
#5480 = AXIS2_PLACEMENT_3D ( 'NONE', #1051, #218, #7819 ) ;
#5481 = LINE ( 'NONE', #7011, #7638 ) ;
#5482 = DIRECTION ( 'NONE',  ( -1.161763594557826500E-016, 0.9486832980505124400, 0.3162277660168422700 ) ) ;
#5483 = CARTESIAN_POINT ( 'NONE',  ( 412.0905678623202600, 98.74167827131047700, -11.84999999999994800 ) ) ;
#5484 = LINE ( 'NONE', #6891, #4608 ) ;
#5485 = EDGE_CURVE ( 'NONE', #2507, #2727, #6820, .T. ) ;
#5486 = DIRECTION ( 'NONE',  ( 0.0000000000000000000, 1.224606353822377300E-016, -1.000000000000000000 ) ) ;
#5487 = VECTOR ( 'NONE', #6112, 1000.000000000000000 ) ;
#5488 = EDGE_CURVE ( 'NONE', #1380, #6227, #4658, .T. ) ;
#5489 = PERSON_AND_ORGANIZATION ( #2263, #7839 ) ;
#5490 = VECTOR ( 'NONE', #5712, 1000.000000000000000 ) ;
#5491 = VERTEX_POINT ( 'NONE', #2887 ) ;
#5492 = AXIS2_PLACEMENT_3D ( 'NONE', #962, #1008, #1028 ) ;
#5493 = DIRECTION ( 'NONE',  ( 0.3015113445777316500, -0.3015113445777734500, 0.9045340337332982200 ) ) ;
#5494 = FACE_OUTER_BOUND ( 'NONE', #4672, .T. ) ;
#5495 = DIRECTION ( 'NONE',  ( 0.0000000000000000000, 1.000000000000000000, 3.673819061467132300E-016 ) ) ;
#5496 = ORIENTED_EDGE ( 'NONE', *, *, #4373, .T. ) ;
#5497 = EDGE_CURVE ( 'NONE', #817, #5994, #1696, .T. ) ;
#5498 = ORIENTED_EDGE ( 'NONE', *, *, #7427, .T. ) ;
#5499 = CARTESIAN_POINT ( 'NONE',  ( 406.7105678623203700, 100.9816782713105000, -11.74999999999995700 ) ) ;
#5500 = CARTESIAN_POINT ( 'NONE',  ( 411.1505678623203200, 100.9816782713105100, -4.649999999999955900 ) ) ;
#5501 = ORIENTED_EDGE ( 'NONE', *, *, #6560, .F. ) ;
#5502 = ADVANCED_FACE ( 'NONE', ( #5665 ), #2975, .T. ) ;
#5503 = DIRECTION ( 'NONE',  ( 0.0000000000000000000, -0.3162277660168422700, 0.9486832980505124400 ) ) ;
#5504 = PLANE ( 'NONE',  #5479 ) ;
#5505 = DIRECTION ( 'NONE',  ( 0.0000000000000000000, 0.9486832980505127700, -0.3162277660168406100 ) ) ;
#5506 = EDGE_CURVE ( 'NONE', #3291, #2088, #980, .T. ) ;
#5507 = DIRECTION ( 'NONE',  ( -1.000000000000000000, -1.224606353822377300E-016, 1.499660721822137400E-032 ) ) ;
#5508 = VECTOR ( 'NONE', #860, 1000.000000000000000 ) ;
#5509 = DIRECTION ( 'NONE',  ( 1.224606353822377300E-016, -1.000000000000000000, 0.0000000000000000000 ) ) ;
#5510 = CARTESIAN_POINT ( 'NONE',  ( 405.7705678623203200, 98.74167827131049100, -11.84999999999994800 ) ) ;
#5511 = ORIENTED_EDGE ( 'NONE', *, *, #1164, .F. ) ;
#5512 = VECTOR ( 'NONE', #2816, 1000.000000000000000 ) ;
#5513 = EDGE_CURVE ( 'NONE', #6714, #4371, #1390, .T. ) ;
#5514 = CARTESIAN_POINT ( 'NONE',  ( 454.5670678623203600, 95.64167827131045400, -3.049999999999957600 ) ) ;
#5515 = AXIS2_PLACEMENT_3D ( 'NONE', #4931, #4703, #3795 ) ;
#5516 = ORIENTED_EDGE ( 'NONE', *, *, #3571, .T. ) ;
#5517 = EDGE_LOOP ( 'NONE', ( #822, #6235, #5831, #6324 ) ) ;
#5518 = AXIS2_PLACEMENT_3D ( 'NONE', #6885, #6877, #6875 ) ;
#5519 = LINE ( 'NONE', #708, #4431 ) ;
#5520 = DIRECTION ( 'NONE',  ( 1.000000000000000000, 3.672988097042484200E-048, -2.999321443644274900E-032 ) ) ;
#5521 = DIRECTION ( 'NONE',  ( 1.224606353822377300E-016, -1.000000000000000000, 0.0000000000000000000 ) ) ;
#5522 = VECTOR ( 'NONE', #150, 999.9999999999998900 ) ;
#5523 = EDGE_CURVE ( 'NONE', #6284, #2713, #7800, .T. ) ;
#5524 = EDGE_CURVE ( 'NONE', #7869, #7522, #7925, .T. ) ;
#5525 = DIRECTION ( 'NONE',  ( -1.224606353822377300E-016, -1.000000000000000000, -0.0000000000000000000 ) ) ;
#5526 = ORIENTED_EDGE ( 'NONE', *, *, #4428, .T. ) ;
#5527 = ORIENTED_EDGE ( 'NONE', *, *, #72, .T. ) ;
#5528 = CARTESIAN_POINT ( 'NONE',  ( 398.1905678623203400, 96.49167827131050500, -11.84999999999993900 ) ) ;
#5529 = AXIS2_PLACEMENT_3D ( 'NONE', #2131, #2167, #2210 ) ;
#5530 = CARTESIAN_POINT ( 'NONE',  ( 403.2305678623203000, 97.50167827131048200, -11.84999999999995700 ) ) ;
#5531 = ORIENTED_EDGE ( 'NONE', *, *, #3563, .F. ) ;
#5532 = FACE_OUTER_BOUND ( 'NONE', #6578, .T. ) ;
#5533 = VERTEX_POINT ( 'NONE', #3062 ) ;
#5534 = ORIENTED_EDGE ( 'NONE', *, *, #4388, .T. ) ;
#5535 = VECTOR ( 'NONE', #2243, 1000.000000000000000 ) ;
#5536 = CARTESIAN_POINT ( 'NONE',  ( 404.4705678623203100, 100.0416782713105200, -11.84999999999994500 ) ) ;
#5537 = PLANE ( 'NONE',  #1919 ) ;
#5538 = CARTESIAN_POINT ( 'NONE',  ( 409.2505678623202800, 100.3416782713104900, -11.74999999999994800 ) ) ;
#5539 = ADVANCED_FACE ( 'NONE', ( #6118 ), #3031, .T. ) ;
#5540 = CARTESIAN_POINT ( 'NONE',  ( 406.7105678623203700, 98.44167827131049400, -11.74999999999995200 ) ) ;
#5541 = ORIENTED_EDGE ( 'NONE', *, *, #5772, .F. ) ;
#5542 = LINE ( 'NONE', #7002, #3378 ) ;
#5543 = LINE ( 'NONE', #4567, #5085 ) ;
#5544 = FACE_OUTER_BOUND ( 'NONE', #4250, .T. ) ;
#5545 = DIRECTION ( 'NONE',  ( 0.0000000000000000000, -1.000000000000000000, -3.673819061467132300E-016 ) ) ;
#5546 = CARTESIAN_POINT ( 'NONE',  ( 403.6305678623203300, 98.34167827131049900, -3.549999999999957600 ) ) ;
#5547 = CARTESIAN_POINT ( 'NONE',  ( 397.9905678623203500, 96.49167827131050500, -11.84999999999984200 ) ) ;
#5548 = EDGE_LOOP ( 'NONE', ( #4286, #3564, #3694, #3862 ) ) ;
#5549 = PLANE ( 'NONE',  #4851 ) ;
#5550 = ORIENTED_EDGE ( 'NONE', *, *, #3900, .F. ) ;
#5551 = EDGE_CURVE ( 'NONE', #1880, #6850, #3916, .T. ) ;
#5552 = FACE_OUTER_BOUND ( 'NONE', #1594, .T. ) ;
#5553 = ORIENTED_EDGE ( 'NONE', *, *, #3652, .T. ) ;
#5554 = EDGE_LOOP ( 'NONE', ( #4160, #1793, #2775, #7274 ) ) ;
#5555 = VECTOR ( 'NONE', #3933, 1000.000000000000000 ) ;
#5556 = DIRECTION ( 'NONE',  ( -1.000000000000000000, 3.018887740049135000E-048, 2.465190328815661900E-032 ) ) ;
#5557 = LINE ( 'NONE', #5242, #6379 ) ;
#5558 = VECTOR ( 'NONE', #1342, 1000.000000000000000 ) ;
#5559 = EDGE_CURVE ( 'NONE', #4381, #1855, #6370, .T. ) ;
#5560 = ORIENTED_EDGE ( 'NONE', *, *, #5195, .F. ) ;
#5561 = PLANE ( 'NONE',  #7431 ) ;
#5562 = DIRECTION ( 'NONE',  ( 2.465190328815661900E-032, 0.0000000000000000000, 1.000000000000000000 ) ) ;
#5563 = VECTOR ( 'NONE', #7588, 1000.000000000000200 ) ;
#5564 = VECTOR ( 'NONE', #2295, 1000.000000000000000 ) ;
#5565 = ORIENTED_EDGE ( 'NONE', *, *, #4533, .T. ) ;
#5566 = CARTESIAN_POINT ( 'NONE',  ( 406.7105678623203700, 100.3416782713105000, -4.649999999999955900 ) ) ;
#5567 = EDGE_CURVE ( 'NONE', #7471, #1266, #6097, .T. ) ;
#5568 = FACE_OUTER_BOUND ( 'NONE', #215, .T. ) ;
#5569 = EDGE_CURVE ( 'NONE', #7465, #4044, #3556, .T. ) ;
#5570 = CARTESIAN_POINT ( 'NONE',  ( 406.0705678623203300, 98.44167827131049400, -3.649999999999955900 ) ) ;
#5571 = LINE ( 'NONE', #2203, #4740 ) ;
#5572 = FACE_OUTER_BOUND ( 'NONE', #5186, .T. ) ;
#5573 = CARTESIAN_POINT ( 'NONE',  ( 406.7105678623203700, 98.44167827131050800, -11.74999999999995900 ) ) ;
#5574 = FACE_OUTER_BOUND ( 'NONE', #6213, .T. ) ;
#5575 = AXIS2_PLACEMENT_3D ( 'NONE', #5528, #7439, #1015 ) ;
#5576 = ADVANCED_FACE ( 'NONE', ( #2200 ), #3126, .T. ) ;
#5577 = LINE ( 'NONE', #6095, #5487 ) ;
#5578 = AXIS2_PLACEMENT_3D ( 'NONE', #6643, #2929, #7269 ) ;
#5579 = LINE ( 'NONE', #4771, #300 ) ;
#5580 = PLANE ( 'NONE',  #1959 ) ;
#5581 = CARTESIAN_POINT ( 'NONE',  ( 406.0705678623203300, 100.9816782713105100, -14.84999999999995900 ) ) ;
#5582 = DATE_TIME_ROLE ( 'creation_date' ) ;
#5583 = VERTEX_POINT ( 'NONE', #3180 ) ;
#5584 = CARTESIAN_POINT ( 'NONE',  ( 406.3905678623202700, 100.8816782713105100, -3.549999999999954500 ) ) ;
#5585 = DIRECTION ( 'NONE',  ( -0.3015113445777802300, 0.3015113445778639900, -0.9045340337332518100 ) ) ;
#5586 = EDGE_CURVE ( 'NONE', #356, #7702, #6295, .T. ) ;
#5587 = VERTEX_POINT ( 'NONE', #3214 ) ;
#5588 = DIRECTION ( 'NONE',  ( 0.0000000000000000000, 0.9486832980505149900, -0.3162277660168343900 ) ) ;
#5589 = VERTEX_POINT ( 'NONE', #3232 ) ;
#5590 = CARTESIAN_POINT ( 'NONE',  ( 415.1640678623202200, 101.0416782713104700, -11.84999999999993700 ) ) ;
#5591 = DIRECTION ( 'NONE',  ( 1.224646799147353200E-016, 1.000000000000000000, -9.608405486412887600E-029 ) ) ;
#5592 = VECTOR ( 'NONE', #3752, 1000.000000000000000 ) ;
#5593 = ORIENTED_EDGE ( 'NONE', *, *, #7108, .T. ) ;
#5594 = EDGE_CURVE ( 'NONE', #6088, #39, #4263, .T. ) ;
#5595 = ADVANCED_FACE ( 'NONE', ( #2575 ), #3256, .T. ) ;
#5596 = EDGE_LOOP ( 'NONE', ( #4187, #3659, #4760, #499 ) ) ;
#5597 = CARTESIAN_POINT ( 'NONE',  ( 404.1705678623203000, 100.9816782713105100, -9.449999999999958400 ) ) ;
#5598 = ORIENTED_EDGE ( 'NONE', *, *, #4012, .F. ) ;
#5599 = DIRECTION ( 'NONE',  ( 0.0000000000000000000, 1.224606353822377300E-016, -1.000000000000000000 ) ) ;
#5600 = LINE ( 'NONE', #6947, #1767 ) ;
#5601 = DIRECTION ( 'NONE',  ( -1.000000000000000000, 1.224606353822350800E-017, 3.673819061467098100E-017 ) ) ;
#5602 = APPLICATION_CONTEXT ( 'configuration controlled 3d designs of mechanical parts and assemblies' ) ;
#5603 = EDGE_CURVE ( 'NONE', #843, #2568, #6954, .T. ) ;
#5604 = DIRECTION ( 'NONE',  ( 0.0000000000000000000, 0.0000000000000000000, 1.000000000000000000 ) ) ;
#5605 = DIRECTION ( 'NONE',  ( -2.465190328815661900E-032, -0.0000000000000000000, -1.000000000000000000 ) ) ;
#5606 = CARTESIAN_POINT ( 'NONE',  ( 406.0705678623203300, 100.3416782713105000, -4.649999999999955900 ) ) ;
#5607 = ORIENTED_EDGE ( 'NONE', *, *, #763, .F. ) ;
#5608 = VECTOR ( 'NONE', #5254, 1000.000000000000000 ) ;
#5609 = FACE_OUTER_BOUND ( 'NONE', #2241, .T. ) ;
#5610 = LINE ( 'NONE', #2042, #2341 ) ;
#5611 = CARTESIAN_POINT ( 'NONE',  ( 401.7805678623203100, 98.59667827131048100, -11.79999999999995500 ) ) ;
#5612 = DIRECTION ( 'NONE',  ( 0.0000000000000000000, -1.224606353822377500E-016, 1.000000000000000000 ) ) ;
#5613 = ADVANCED_FACE ( 'NONE', ( #6080 ), #3372, .F. ) ;
#5614 = DIRECTION ( 'NONE',  ( -1.000000000000000000, 0.0000000000000000000, 0.0000000000000000000 ) ) ;
#5615 = EDGE_CURVE ( 'NONE', #4251, #356, #6679, .T. ) ;
#5616 = FACE_OUTER_BOUND ( 'NONE', #144, .T. ) ;
#5617 = EDGE_LOOP ( 'NONE', ( #4759, #2259, #3687, #7899 ) ) ;
#5618 = ORIENTED_EDGE ( 'NONE', *, *, #6513, .T. ) ;
#5619 = EDGE_CURVE ( 'NONE', #2357, #2375, #1725, .T. ) ;
#5620 = DIRECTION ( 'NONE',  ( 1.000000000000000000, 1.064154322375103700E-047, -2.896588820980573400E-032 ) ) ;
#5621 = CARTESIAN_POINT ( 'NONE',  ( 403.5305678623203100, 97.80167827131052100, -14.84999999999994500 ) ) ;
#5622 = CARTESIAN_POINT ( 'NONE',  ( 404.1705678623203000, 100.3416782713105000, -3.849999999999952100 ) ) ;
#5623 = ORIENTED_EDGE ( 'NONE', *, *, #4953, .F. ) ;
#5624 = ORIENTED_EDGE ( 'NONE', *, *, #6521, .T. ) ;
#5625 = ORIENTED_EDGE ( 'NONE', *, *, #5586, .T. ) ;
#5626 = DIRECTION ( 'NONE',  ( 0.9486832980505192100, -1.549018126077090500E-016, 0.3162277660168217900 ) ) ;
#5627 = ORIENTED_EDGE ( 'NONE', *, *, #6173, .F. ) ;
#5628 = ORIENTED_EDGE ( 'NONE', *, *, #1290, .F. ) ;
#5629 = CARTESIAN_POINT ( 'NONE',  ( 401.5305678623202500, 97.90167827131051600, -3.549999999999955000 ) ) ;
#5630 = LINE ( 'NONE', #2119, #223 ) ;
#5631 = ORIENTED_EDGE ( 'NONE', *, *, #538, .F. ) ;
#5632 = DIRECTION ( 'NONE',  ( -1.161763594557826000E-016, 0.9486832980505127700, -0.3162277660168412700 ) ) ;
#5633 = DIRECTION ( 'NONE',  ( -2.999321443644274900E-032, 1.224606353822377300E-016, -1.000000000000000000 ) ) ;
#5634 = APPROVAL_STATUS ( 'not_yet_approved' ) ;
#5635 = ORIENTED_EDGE ( 'NONE', *, *, #7289, .T. ) ;
#5636 = VERTEX_POINT ( 'NONE', #3453 ) ;
#5637 = DIRECTION ( 'NONE',  ( -1.000000000000000000, -1.102145718440136600E-016, 3.673819061467173300E-017 ) ) ;
#5638 = EDGE_LOOP ( 'NONE', ( #1157, #6457, #4973, #327 ) ) ;
#5639 = ORIENTED_EDGE ( 'NONE', *, *, #5851, .T. ) ;
#5640 = AXIS2_PLACEMENT_3D ( 'NONE', #3341, #4573, #2649 ) ;
#5641 = FACE_BOUND ( 'NONE', #390, .T. ) ;
#5642 = CARTESIAN_POINT ( 'NONE',  ( 409.1505678623203700, 100.8816782713105100, -15.14999999999992400 ) ) ;
#5643 = EDGE_LOOP ( 'NONE', ( #6893, #5627 ) ) ;
#5644 = VERTEX_POINT ( 'NONE', #3422 ) ;
#5645 = VECTOR ( 'NONE', #754, 1000.000000000000000 ) ;
#5646 = LOCAL_TIME ( 0, 22, 13.00000000000000000, #5877 ) ;
#5647 = CARTESIAN_POINT ( 'NONE',  ( 408.6105678623203500, 100.9816782713105000, -14.84999999999996400 ) ) ;
#5648 = CARTESIAN_POINT ( 'NONE',  ( 408.6105678623203500, 100.3416782713105000, -3.849999999999948600 ) ) ;
#5649 = LINE ( 'NONE', #6234, #7696 ) ;
#5650 = CARTESIAN_POINT ( 'NONE',  ( 401.6305678623202800, 98.44167827131050800, -3.649999999999955900 ) ) ;
#5651 = VERTEX_POINT ( 'NONE', #3421 ) ;
#5652 = CARTESIAN_POINT ( 'NONE',  ( 408.6105678623203500, 100.3416782713105000, -11.74999999999995600 ) ) ;
#5653 = ORIENTED_EDGE ( 'NONE', *, *, #7170, .T. ) ;
#5654 = CARTESIAN_POINT ( 'NONE',  ( 408.3105678623203400, 101.2816782713104800, -11.84999999999993700 ) ) ;
#5655 = ORIENTED_EDGE ( 'NONE', *, *, #2139, .F. ) ;
#5656 = DIRECTION ( 'NONE',  ( 1.499660721822137400E-032, -1.836494048521242100E-048, -1.000000000000000000 ) ) ;
#5657 = CARTESIAN_POINT ( 'NONE',  ( 406.0705678623203300, 97.80167827131050700, -3.849999999999949900 ) ) ;
#5658 = EDGE_CURVE ( 'NONE', #5948, #7832, #1563, .T. ) ;
#5659 = LINE ( 'NONE', #7851, #544 ) ;
#5660 = ADVANCED_FACE ( 'NONE', ( #7709 ), #3488, .T. ) ;
#5661 = LINE ( 'NONE', #2233, #5092 ) ;
#5662 = ORIENTED_EDGE ( 'NONE', *, *, #4752, .T. ) ;
#5663 = CARTESIAN_POINT ( 'NONE',  ( 401.5305678623202500, 98.34167827131051400, -15.14999999999995100 ) ) ;
#5664 = DIRECTION ( 'NONE',  ( -1.000000000000000000, -1.224606353822377300E-016, -1.499660721822137400E-032 ) ) ;
#5665 = FACE_OUTER_BOUND ( 'NONE', #5793, .T. ) ;
#5666 = VERTEX_POINT ( 'NONE', #3446 ) ;
#5667 = EDGE_CURVE ( 'NONE', #6980, #6228, #6708, .T. ) ;
#5668 = CARTESIAN_POINT ( 'NONE',  ( 406.7663037936084200, 101.5402064087342900, -12.14999999999980300 ) ) ;
#5669 = LINE ( 'NONE', #5871, #5678 ) ;
#5670 = DIRECTION ( 'NONE',  ( 0.3015113445777507500, 0.3015113445777507500, -0.9045340337332994400 ) ) ;
#5671 = CALENDAR_DATE ( 2015, 1, 9 ) ;
#5672 = VECTOR ( 'NONE', #3515, 1000.000000000000000 ) ;
#5673 = AXIS2_PLACEMENT_3D ( 'NONE', #5701, #5713, #5721 ) ;
#5674 = PLANE ( 'NONE',  #1249 ) ;
#5675 = FACE_BOUND ( 'NONE', #7005, .T. ) ;
#5676 = ORIENTED_EDGE ( 'NONE', *, *, #587, .F. ) ;
#5677 = EDGE_CURVE ( 'NONE', #2334, #2007, #2235, .T. ) ;
#5678 = VECTOR ( 'NONE', #5862, 1000.000000000000000 ) ;
#5679 = EDGE_CURVE ( 'NONE', #4184, #5042, #7103, .T. ) ;
#5680 = PLANE ( 'NONE',  #5673 ) ;
#5681 = LINE ( 'NONE', #3272, #7020 ) ;
#5682 = DIRECTION ( 'NONE',  ( 0.3015113445777680100, -0.3015113445778099300, -0.9045340337332740100 ) ) ;
#5683 = ORIENTED_EDGE ( 'NONE', *, *, #5488, .F. ) ;
#5684 = CC_DESIGN_APPROVAL ( #5279, ( #4863 ) ) ;
#5685 = EDGE_LOOP ( 'NONE', ( #599, #509, #7950, #7945 ) ) ;
#5686 = DIRECTION ( 'NONE',  ( -1.000000000000000000, -1.224606353822377300E-016, -1.499660721822137400E-032 ) ) ;
#5687 = DIRECTION ( 'NONE',  ( 0.0000000000000000000, -0.3162277660168422700, 0.9486832980505124400 ) ) ;
#5688 = ORIENTED_EDGE ( 'NONE', *, *, #3586, .F. ) ;
#5689 = CARTESIAN_POINT ( 'NONE',  ( 404.0705678623203300, 97.90167827131050200, -3.549999999999957200 ) ) ;
#5690 = EDGE_CURVE ( 'NONE', #1199, #1905, #7833, .T. ) ;
#5691 = VECTOR ( 'NONE', #4479, 1000.000000000000000 ) ;
#5692 = ORIENTED_EDGE ( 'NONE', *, *, #125, .T. ) ;
#5693 = CARTESIAN_POINT ( 'NONE',  ( 401.6305678623202800, 96.15167827131051600, -9.449999999999960200 ) ) ;
#5694 = CARTESIAN_POINT ( 'NONE',  ( 406.5905678623203700, 96.49167827131054800, -12.14999999999988700 ) ) ;
#5695 = ADVANCED_FACE ( 'NONE', ( #5389 ), #3639, .T. ) ;
#5696 = CARTESIAN_POINT ( 'NONE',  ( 406.8905678623203800, 96.49167827131054800, -11.84999999999975100 ) ) ;
#5697 = ORIENTED_EDGE ( 'NONE', *, *, #7497, .T. ) ;
#5698 = VERTEX_POINT ( 'NONE', #3620 ) ;
#5699 = DIRECTION ( 'NONE',  ( -0.9486832980505192100, -1.549018126077090500E-016, 0.3162277660168217900 ) ) ;
#5700 = ORIENTED_EDGE ( 'NONE', *, *, #1733, .F. ) ;
#5701 = CARTESIAN_POINT ( 'NONE',  ( 454.5670678623203600, 103.8016782713104900, -3.049999999999954500 ) ) ;
#5702 = ADVANCED_FACE ( 'NONE', ( #7463 ), #3710, .T. ) ;
#5703 = ORIENTED_EDGE ( 'NONE', *, *, #6209, .T. ) ;
#5704 = EDGE_CURVE ( 'NONE', #3268, #1397, #2473, .T. ) ;
#5705 = CARTESIAN_POINT ( 'NONE',  ( 401.6305678623202800, 97.80167827131053600, -11.74999999999994300 ) ) ;
#5706 = ORIENTED_EDGE ( 'NONE', *, *, #6513, .F. ) ;
#5707 = LINE ( 'NONE', #3294, #490 ) ;
#5708 = CARTESIAN_POINT ( 'NONE',  ( 408.6405678623202700, 96.14167827131049600, -9.449999999999960200 ) ) ;
#5709 = EDGE_CURVE ( 'NONE', #4680, #3083, #1322, .T. ) ;
#5710 = DIRECTION ( 'NONE',  ( -0.0000000000000000000, 3.673819061467132300E-016, -1.000000000000000000 ) ) ;
#5711 = FACE_OUTER_BOUND ( 'NONE', #5369, .T. ) ;
#5712 = DIRECTION ( 'NONE',  ( -0.6882472016115660500, 0.6882472016118208500, 0.2294157338705127600 ) ) ;
#5713 = DIRECTION ( 'NONE',  ( -2.896588820980573400E-032, 3.673819061467132300E-016, -1.000000000000000000 ) ) ;
#5714 = VERTEX_POINT ( 'NONE', #3747 ) ;
#5715 = ORIENTED_EDGE ( 'NONE', *, *, #3181, .F. ) ;
#5716 = LINE ( 'NONE', #6004, #4593 ) ;
#5717 = FACE_OUTER_BOUND ( 'NONE', #3782, .T. ) ;
#5718 = CARTESIAN_POINT ( 'NONE',  ( 410.6755678623202900, 100.1916782713104800, -11.79999999999995500 ) ) ;
#5719 = CARTESIAN_POINT ( 'NONE',  ( 416.4905678623202900, 103.7916782713104700, -11.84999999999993700 ) ) ;
#5720 = PLANE ( 'NONE',  #4071 ) ;
#5721 = DIRECTION ( 'NONE',  ( 0.0000000000000000000, 1.000000000000000000, 3.673819061467132300E-016 ) ) ;
#5722 = CARTESIAN_POINT ( 'NONE',  ( 411.6905678623203400, 100.4416782713105100, -15.14999999999995200 ) ) ;
#5723 = EDGE_CURVE ( 'NONE', #5164, #4254, #1000, .T. ) ;
#5724 = ORIENTED_EDGE ( 'NONE', *, *, #2477, .F. ) ;
#5725 = VERTEX_POINT ( 'NONE', #3779 ) ;
#5726 = VERTEX_POINT ( 'NONE', #3796 ) ;
#5727 = EDGE_CURVE ( 'NONE', #3409, #4184, #889, .T. ) ;
#5728 = DIRECTION ( 'NONE',  ( -1.499660721822137700E-032, 1.000000000000000000, 1.224606353822377500E-016 ) ) ;
#5729 = VERTEX_POINT ( 'NONE', #3804 ) ;
#5730 = CARTESIAN_POINT ( 'NONE',  ( 400.0605678623203400, 95.09167827131095400, -4.049999999999963400 ) ) ;
#5731 = AXIS2_PLACEMENT_3D ( 'NONE', #4047, #7064, #5133 ) ;
#5732 = DIRECTION ( 'NONE',  ( -0.3162277660168280000, 3.098036252154228900E-016, -0.9486832980505171000 ) ) ;
#5733 = PLANE ( 'NONE',  #2176 ) ;
#5734 = ORIENTED_EDGE ( 'NONE', *, *, #307, .T. ) ;
#5735 = ORIENTED_EDGE ( 'NONE', *, *, #5208, .F. ) ;
#5736 = LINE ( 'NONE', #1516, #7493 ) ;
#5737 = EDGE_CURVE ( 'NONE', #4130, #5042, #902, .T. ) ;
#5738 = ADVANCED_FACE ( 'NONE', ( #673 ), #3833, .T. ) ;
#5739 = EDGE_CURVE ( 'NONE', #7522, #6707, #7438, .T. ) ;
#5740 = CARTESIAN_POINT ( 'NONE',  ( 406.0705678623203300, 100.3416782713105000, -4.649999999999955900 ) ) ;
#5741 = CARTESIAN_POINT ( 'NONE',  ( 412.0905678623202600, 97.50167827131048200, -11.84999999999995200 ) ) ;
#5742 = ORIENTED_EDGE ( 'NONE', *, *, #496, .T. ) ;
#5743 = ORIENTED_EDGE ( 'NONE', *, *, #7097, .T. ) ;
#5744 = AXIS2_PLACEMENT_3D ( 'NONE', #2163, #2226, #2229 ) ;
#5745 = VECTOR ( 'NONE', #6055, 1000.000000000000000 ) ;
#5746 = CARTESIAN_POINT ( 'NONE',  ( 404.1705678623203000, 97.80167827131050700, -3.849999999999949500 ) ) ;
#5747 = LINE ( 'NONE', #1921, #2925 ) ;
#5748 = ORIENTED_EDGE ( 'NONE', *, *, #3145, .F. ) ;
#5749 = DIRECTION ( 'NONE',  ( 1.224606353822377300E-016, -1.000000000000000000, -1.224606353822377300E-016 ) ) ;
#5750 = PLANE ( 'NONE',  #4379 ) ;
#5751 = CARTESIAN_POINT ( 'NONE',  ( 406.1705678623203000, 100.9816782713105100, -15.14999999999994500 ) ) ;
#5752 = VERTEX_POINT ( 'NONE', #3810 ) ;
#5753 = EDGE_CURVE ( 'NONE', #5491, #33, #7490, .T. ) ;
#5754 = VECTOR ( 'NONE', #7967, 1000.000000000000000 ) ;
#5755 = DIRECTION ( 'NONE',  ( -0.9486832980505171000, 0.0000000000000000000, 0.3162277660168280000 ) ) ;
#5756 = ORIENTED_EDGE ( 'NONE', *, *, #6913, .T. ) ;
#5757 = DIRECTION ( 'NONE',  ( 0.0000000000000000000, -1.224606353822377500E-016, 1.000000000000000000 ) ) ;
#5758 = LINE ( 'NONE', #7614, #651 ) ;
#5759 = DIRECTION ( 'NONE',  ( 0.0000000000000000000, 1.224606353822377300E-016, -1.000000000000000000 ) ) ;
#5760 = CARTESIAN_POINT ( 'NONE',  ( 409.1505678623203200, 97.90167827131050200, -3.549999999999990500 ) ) ;
#5761 = ADVANCED_FACE ( 'NONE', ( #316 ), #3889, .T. ) ;
#5762 = EDGE_CURVE ( 'NONE', #1135, #906, #1201, .T. ) ;
#5763 = ORIENTED_EDGE ( 'NONE', *, *, #2130, .T. ) ;
#5764 = EDGE_CURVE ( 'NONE', #7396, #7859, #7312, .T. ) ;
#5765 = EDGE_LOOP ( 'NONE', ( #3276, #1234, #5299, #3054 ) ) ;
#5766 = LINE ( 'NONE', #4124, #4482 ) ;
#5767 = CARTESIAN_POINT ( 'NONE',  ( 408.7705678623203200, 97.90167827131050200, -3.549999999999962500 ) ) ;
#5768 = LINE ( 'NONE', #4754, #951 ) ;
#5769 = CARTESIAN_POINT ( 'NONE',  ( 406.5905678623203100, 96.89167827131058200, -12.14999999999988300 ) ) ;
#5770 = FACE_OUTER_BOUND ( 'NONE', #3781, .T. ) ;
#5771 = LINE ( 'NONE', #7605, #7489 ) ;
#5772 = EDGE_CURVE ( 'NONE', #2254, #6331, #4107, .T. ) ;
#5773 = VECTOR ( 'NONE', #6292, 1000.000000000000000 ) ;
#5774 = DIRECTION ( 'NONE',  ( -0.0000000000000000000, -1.000000000000000000, -0.0000000000000000000 ) ) ;
#5775 = VERTEX_POINT ( 'NONE', #4032 ) ;
#5776 = DIRECTION ( 'NONE',  ( 1.000000000000000000, 1.224606353822377300E-016, 1.499660721822137400E-032 ) ) ;
#5777 = CARTESIAN_POINT ( 'NONE',  ( 406.7105678623203700, 98.44167827131049400, -3.649999999999955900 ) ) ;
#5778 = DIRECTION ( 'NONE',  ( -1.161763594557826500E-016, 0.9486832980505124400, 0.3162277660168422700 ) ) ;
#5779 = ADVANCED_FACE ( 'NONE', ( #2075 ), #4115, .T. ) ;
#5780 = AXIS2_PLACEMENT_3D ( 'NONE', #1568, #3449, #7528 ) ;
#5781 = ORIENTED_EDGE ( 'NONE', *, *, #5366, .F. ) ;
#5782 = AXIS2_PLACEMENT_3D ( 'NONE', #6594, #7429, #4901 ) ;
#5783 = DIRECTION ( 'NONE',  ( 1.161763594557826000E-016, -0.9486832980505125500, 0.3162277660168419400 ) ) ;
#5784 = ORIENTED_EDGE ( 'NONE', *, *, #5274, .T. ) ;
#5785 = CARTESIAN_POINT ( 'NONE',  ( 404.1705678623203000, 100.9816782713105000, -11.74999999999995200 ) ) ;
#5786 = EDGE_CURVE ( 'NONE', #5935, #7396, #2316, .T. ) ;
#5787 = CARTESIAN_POINT ( 'NONE',  ( 403.5805678623203200, 98.44167827131049400, -14.99999999999995000 ) ) ;
#5788 = CARTESIAN_POINT ( 'NONE',  ( 401.3105678623203400, 95.02067827131064300, -6.549999999999954500 ) ) ;
#5789 = EDGE_CURVE ( 'NONE', #2727, #7358, #6256, .T. ) ;
#5790 = PLANE ( 'NONE',  #2204 ) ;
#5791 = ORIENTED_EDGE ( 'NONE', *, *, #3274, .F. ) ;
#5792 = AXIS2_PLACEMENT_3D ( 'NONE', #1273, #3331, #4231 ) ;
#5793 = EDGE_LOOP ( 'NONE', ( #2992, #4490, #4267, #1524 ) ) ;
#5794 = ADVANCED_FACE ( 'NONE', ( #5843 ), #4212, .T. ) ;
#5795 = LINE ( 'NONE', #2283, #4845 ) ;
#5796 = PLANE ( 'NONE',  #4911 ) ;
#5797 = CARTESIAN_POINT ( 'NONE',  ( 415.3905678623203200, 102.6416782713104800, -3.049999999999955400 ) ) ;
#5798 = DIRECTION ( 'NONE',  ( -0.0000000000000000000, 1.000000000000000000, 3.673819061467132300E-016 ) ) ;
#5799 = EDGE_CURVE ( 'NONE', #3118, #5666, #966, .T. ) ;
#5800 = ORIENTED_EDGE ( 'NONE', *, *, #6236, .T. ) ;
#5801 = FACE_OUTER_BOUND ( 'NONE', #6821, .T. ) ;
#5802 = VECTOR ( 'NONE', #1191, 1000.000000000000000 ) ;
#5803 = DIRECTION ( 'NONE',  ( -1.224606353822377300E-016, 1.000000000000000000, -0.0000000000000000000 ) ) ;
#5804 = DIRECTION ( 'NONE',  ( -0.0000000000000000000, -1.000000000000000000, -0.0000000000000000000 ) ) ;
#5805 = DIRECTION ( 'NONE',  ( -0.0000000000000000000, -0.0000000000000000000, 1.000000000000000000 ) ) ;
#5806 = CARTESIAN_POINT ( 'NONE',  ( 415.3905678623203200, 96.15167827131051600, -9.449999999999960200 ) ) ;
#5807 = DIRECTION ( 'NONE',  ( 0.0000000000000000000, 0.9486832980505136600, 0.3162277660168385500 ) ) ;
#5808 = LINE ( 'NONE', #812, #2818 ) ;
#5809 = EDGE_LOOP ( 'NONE', ( #248, #5692, #5901, #5941 ) ) ;
#5810 = VERTEX_POINT ( 'NONE', #4258 ) ;
#5811 = VECTOR ( 'NONE', #6286, 1000.000000000000000 ) ;
#5812 = EDGE_CURVE ( 'NONE', #1910, #2827, #7531, .T. ) ;
#5813 = DIRECTION ( 'NONE',  ( -0.3162277660168280000, 3.872545315192758000E-016, -0.9486832980505171000 ) ) ;
#5814 = CARTESIAN_POINT ( 'NONE',  ( 406.1905678623202800, 96.89167827131058200, -12.14999999999995600 ) ) ;
#5815 = CARTESIAN_POINT ( 'NONE',  ( 411.7905678623203000, 100.3416782713104900, -14.84999999999996600 ) ) ;
#5816 = ORIENTED_EDGE ( 'NONE', *, *, #7324, .F. ) ;
#5817 = ORIENTED_EDGE ( 'NONE', *, *, #763, .T. ) ;
#5818 = ADVANCED_FACE ( 'NONE', ( #7627 ), #4299, .T. ) ;
#5819 = ADVANCED_FACE ( 'NONE', ( #1979 ), #4330, .T. ) ;
#5820 = CARTESIAN_POINT ( 'NONE',  ( 429.1670678623203200, 95.64167827131045400, -3.049999999999957600 ) ) ;
#5821 = DIRECTION ( 'NONE',  ( 3.872545315192724500E-017, 0.3162277660168353900, -0.9486832980505147700 ) ) ;
#5822 = ORIENTED_EDGE ( 'NONE', *, *, #7592, .T. ) ;
#5823 = ORIENTED_EDGE ( 'NONE', *, *, #4953, .T. ) ;
#5824 = EDGE_CURVE ( 'NONE', #7375, #3061, #1951, .T. ) ;
#5825 = ORIENTED_EDGE ( 'NONE', *, *, #773, .T. ) ;
#5826 = ORIENTED_EDGE ( 'NONE', *, *, #4248, .T. ) ;
#5827 = AXIS2_PLACEMENT_3D ( 'NONE', #419, #156, #930 ) ;
#5828 = VECTOR ( 'NONE', #2416, 1000.000000000000000 ) ;
#5829 = CARTESIAN_POINT ( 'NONE',  ( 414.5905678623203100, 96.29167827131058700, -11.84999999999996400 ) ) ;
#5830 = CARTESIAN_POINT ( 'NONE',  ( 406.1905678623203400, 96.49167827131054800, -12.14999999999996100 ) ) ;
#5831 = ORIENTED_EDGE ( 'NONE', *, *, #5896, .F. ) ;
#5832 = ORIENTED_EDGE ( 'NONE', *, *, #4983, .T. ) ;
#5833 = AXIS2_PLACEMENT_3D ( 'NONE', #4298, #4320, #4321 ) ;
#5834 = ORIENTED_EDGE ( 'NONE', *, *, #3798, .T. ) ;
#5835 = DIRECTION ( 'NONE',  ( 1.224606353822377300E-016, 1.000000000000000000, 0.0000000000000000000 ) ) ;
#5836 = VECTOR ( 'NONE', #5992, 1000.000000000000000 ) ;
#5837 = EDGE_CURVE ( 'NONE', #4293, #6669, #7777, .T. ) ;
#5838 = EDGE_CURVE ( 'NONE', #5714, #3118, #159, .T. ) ;
#5839 = ORIENTED_EDGE ( 'NONE', *, *, #4164, .T. ) ;
#5840 = ORIENTED_EDGE ( 'NONE', *, *, #4749, .T. ) ;
#5841 = VECTOR ( 'NONE', #5985, 1000.000000000000000 ) ;
#5842 = CARTESIAN_POINT ( 'NONE',  ( 409.2505678623202800, 100.9816782713105000, -11.74999999999995600 ) ) ;
#5843 = FACE_OUTER_BOUND ( 'NONE', #4244, .T. ) ;
#5844 = VERTEX_POINT ( 'NONE', #4448 ) ;
#5845 = CARTESIAN_POINT ( 'NONE',  ( 400.9905678623202900, 98.44167827131050800, -3.849999999999952100 ) ) ;
#5846 = DIRECTION ( 'NONE',  ( -1.000000000000000000, -1.224606353822377300E-016, 1.499660721822137400E-032 ) ) ;
#5847 = PRODUCT_DEFINITION_FORMATION_WITH_SPECIFIED_SOURCE ( 'ANY', '', #7619, .NOT_KNOWN. ) ;
#5848 = DIRECTION ( 'NONE',  ( -8.659274570719402300E-017, -0.7071067811865511300, -0.7071067811865440200 ) ) ;
#5849 = ORIENTED_EDGE ( 'NONE', *, *, #7324, .T. ) ;
#5850 = LINE ( 'NONE', #6026, #5980 ) ;
#5851 = EDGE_CURVE ( 'NONE', #7191, #3282, #294, .T. ) ;
#5852 = DIRECTION ( 'NONE',  ( -0.3015113445777460300, 0.3015113445778296900, -0.9045340337332746800 ) ) ;
#5853 = ORIENTED_EDGE ( 'NONE', *, *, #6263, .T. ) ;
#5854 = CARTESIAN_POINT ( 'NONE',  ( 397.9405678623202800, 103.8416782713105000, -3.649999999999948800 ) ) ;
#5855 = CARTESIAN_POINT ( 'NONE',  ( 414.3405678623202600, 103.7916782713104700, -3.649999999999948400 ) ) ;
#5856 = ORIENTED_EDGE ( 'NONE', *, *, #101, .F. ) ;
#5857 = AXIS2_PLACEMENT_3D ( 'NONE', #169, #1012, #1814 ) ;
#5858 = DATE_AND_TIME ( #6751, #4219 ) ;
#5859 = EDGE_LOOP ( 'NONE', ( #1498, #6523, #5403, #1792 ) ) ;
#5860 = DIRECTION ( 'NONE',  ( 0.0000000000000000000, 0.7071067811865440200, -0.7071067811865511300 ) ) ;
#5861 = PLANE ( 'NONE',  #3487 ) ;
#5862 = DIRECTION ( 'NONE',  ( -1.000000000000000000, -1.499660721822137700E-032, -1.836494048521242700E-048 ) ) ;
#5863 = LINE ( 'NONE', #5797, #5745 ) ;
#5864 = ORIENTED_EDGE ( 'NONE', *, *, #5027, .T. ) ;
#5865 = LINE ( 'NONE', #5143, #6942 ) ;
#5866 = DIRECTION ( 'NONE',  ( -0.0000000000000000000, -1.000000000000000000, -3.673819061467132300E-016 ) ) ;
#5867 = VECTOR ( 'NONE', #3162, 1000.000000000000000 ) ;
#5868 = ORIENTED_EDGE ( 'NONE', *, *, #65, .F. ) ;
#5869 = DIRECTION ( 'NONE',  ( 0.3015113445775869900, -0.3015113445777961600, 0.9045340337333389600 ) ) ;
#5870 = VECTOR ( 'NONE', #2022, 1000.000000000000000 ) ;
#5871 = CARTESIAN_POINT ( 'NONE',  ( 411.7905678623203600, 98.44167827131049400, -14.84999999999996400 ) ) ;
#5872 = VERTEX_POINT ( 'NONE', #4478 ) ;
#5873 = CARTESIAN_POINT ( 'NONE',  ( 416.4905678623202900, 97.74167827131049100, -5.449999999999960200 ) ) ;
#5874 = FACE_OUTER_BOUND ( 'NONE', #642, .T. ) ;
#5875 = FACE_OUTER_BOUND ( 'NONE', #2401, .T. ) ;
#5876 = CARTESIAN_POINT ( 'NONE',  ( 399.5655678623203400, 97.65167827131048700, -11.79999999999995500 ) ) ;
#5877 = COORDINATED_UNIVERSAL_TIME_OFFSET ( 8, 0, .BEHIND. ) ;
#5878 = CARTESIAN_POINT ( 'NONE',  ( 406.1401871718889000, 103.7916782713104700, -11.84999999999993700 ) ) ;
#5879 = DIRECTION ( 'NONE',  ( 0.3015113445777387600, -0.3015113445777806200, -0.9045340337332934400 ) ) ;
#5880 = VECTOR ( 'NONE', #2585, 1000.000000000000000 ) ;
#5881 = ORIENTED_EDGE ( 'NONE', *, *, #6656, .F. ) ;
#5882 = EDGE_CURVE ( 'NONE', #4774, #5456, #5472, .T. ) ;
#5883 = ORIENTED_EDGE ( 'NONE', *, *, #6201, .F. ) ;
#5884 = EDGE_CURVE ( 'NONE', #694, #5533, #4770, .T. ) ;
#5885 = CARTESIAN_POINT ( 'NONE',  ( 414.5905678623202600, 102.4916782713103500, -11.85000000000012600 ) ) ;
#5886 = CARTESIAN_POINT ( 'NONE',  ( 411.7905678623203600, 98.44167827131049400, -3.649999999999955900 ) ) ;
#5887 = CARTESIAN_POINT ( 'NONE',  ( 411.7405678623203500, 100.8216782713105000, -3.699999999999946000 ) ) ;
#5888 = DIRECTION ( 'NONE',  ( 1.000000000000000000, -1.224646799147353200E-016, 2.124423552261443500E-031 ) ) ;
#5889 = LINE ( 'NONE', #7028, #4361 ) ;
#5890 = FACE_OUTER_BOUND ( 'NONE', #5461, .T. ) ;
#5891 = ORIENTED_EDGE ( 'NONE', *, *, #5882, .F. ) ;
#5892 = CIRCLE ( 'NONE', #5575, 0.5000000000000559600 ) ;
#5893 = CARTESIAN_POINT ( 'NONE',  ( 405.8905678623203200, 101.2916782713104700, -11.84999999999995500 ) ) ;
#5894 = ORIENTED_EDGE ( 'NONE', *, *, #53, .F. ) ;
#5895 = CARTESIAN_POINT ( 'NONE',  ( 406.8605678623202900, 98.59667827131048100, -11.79999999999995500 ) ) ;
#5896 = EDGE_CURVE ( 'NONE', #7093, #728, #792, .T. ) ;
#5897 = DIRECTION ( 'NONE',  ( -1.499660721822137400E-032, -1.836494048521242100E-048, -1.000000000000000000 ) ) ;
#5898 = CARTESIAN_POINT ( 'NONE',  ( 408.7105678623203200, 97.90167827131050200, -3.549999999999962100 ) ) ;
#5899 = LINE ( 'NONE', #4963, #7052 ) ;
#5900 = VECTOR ( 'NONE', #869, 1000.000000000000100 ) ;
#5901 = ORIENTED_EDGE ( 'NONE', *, *, #5615, .T. ) ;
#5902 = DIRECTION ( 'NONE',  ( 0.6882472016117359100, -0.6882472016116404400, -0.2294157338705442000 ) ) ;
#5903 = VERTEX_POINT ( 'NONE', #4583 ) ;
#5904 = CARTESIAN_POINT ( 'NONE',  ( 398.1905678623202200, 102.2916782713104600, -12.14999999999990400 ) ) ;
#5905 = FACE_OUTER_BOUND ( 'NONE', #5617, .T. ) ;
#5906 = VECTOR ( 'NONE', #4396, 1000.000000000000000 ) ;
#5907 = CARTESIAN_POINT ( 'NONE',  ( 397.6905678623202800, 96.49167827131050500, -12.14999999999994900 ) ) ;
#5908 = EDGE_CURVE ( 'NONE', #1114, #5698, #2783, .T. ) ;
#5909 = ORIENTED_EDGE ( 'NONE', *, *, #4580, .F. ) ;
#5910 = EDGE_LOOP ( 'NONE', ( #1403, #7050, #3640, #2967 ) ) ;
#5911 = FACE_OUTER_BOUND ( 'NONE', #7182, .T. ) ;
#5912 = LINE ( 'NONE', #977, #7593 ) ;
#5913 = FACE_OUTER_BOUND ( 'NONE', #1779, .T. ) ;
#5914 = VECTOR ( 'NONE', #4547, 999.9999999999998900 ) ;
#5915 = CARTESIAN_POINT ( 'NONE',  ( 405.8905678623199800, 95.49167827131019200, -11.84999999999999300 ) ) ;
#5916 = DIRECTION ( 'NONE',  ( 0.0000000000000000000, 0.0000000000000000000, -1.000000000000000000 ) ) ;
#5917 = CARTESIAN_POINT ( 'NONE',  ( 405.8905678623202700, 96.49167827131054800, -11.84999999999993700 ) ) ;
#5918 = CARTESIAN_POINT ( 'NONE',  ( 411.1505678623203200, 97.80167827131050700, -14.84999999999995900 ) ) ;
#5919 = CARTESIAN_POINT ( 'NONE',  ( 403.5305678623203100, 100.9816782713105100, -11.74999999999994800 ) ) ;
#5920 = ORIENTED_EDGE ( 'NONE', *, *, #4292, .T. ) ;
#5921 = VERTEX_POINT ( 'NONE', #4634 ) ;
#5922 = ORIENTED_EDGE ( 'NONE', *, *, #7812, .F. ) ;
#5923 = EDGE_CURVE ( 'NONE', #465, #6985, #2860, .T. ) ;
#5924 = VECTOR ( 'NONE', #2844, 1000.000000000000000 ) ;
#5925 = CARTESIAN_POINT ( 'NONE',  ( 411.7905678623203000, 98.44167827131049400, -3.649999999999955900 ) ) ;
#5926 = CARTESIAN_POINT ( 'NONE',  ( 408.7705678623203200, 100.3916782713105000, -3.699999999999946000 ) ) ;
#5927 = PLANE ( 'NONE',  #777 ) ;
#5928 = DIRECTION ( 'NONE',  ( 1.000000000000000000, -2.999321443644274300E-032, -7.345976194084968500E-048 ) ) ;
#5929 = CARTESIAN_POINT ( 'NONE',  ( 406.0705678623203300, 100.9816782713105100, -9.449999999999958400 ) ) ;
#5930 = ORIENTED_EDGE ( 'NONE', *, *, #1042, .F. ) ;
#5931 = ORIENTED_EDGE ( 'NONE', *, *, #636, .F. ) ;
#5932 = EDGE_LOOP ( 'NONE', ( #5628, #7804, #2173, #7308 ) ) ;
#5933 = ORIENTED_EDGE ( 'NONE', *, *, #868, .T. ) ;
#5934 = ORIENTED_EDGE ( 'NONE', *, *, #7663, .T. ) ;
#5935 = VERTEX_POINT ( 'NONE', #4555 ) ;
#5936 = VECTOR ( 'NONE', #5272, 1000.000000000000000 ) ;
#5937 = DIRECTION ( 'NONE',  ( -0.3015113445780197000, 0.3015113445777686300, 0.9045340337332038500 ) ) ;
#5938 = ORIENTED_EDGE ( 'NONE', *, *, #7014, .T. ) ;
#5939 = ORIENTED_EDGE ( 'NONE', *, *, #1501, .T. ) ;
#5940 = EDGE_CURVE ( 'NONE', #5935, #476, #1119, .T. ) ;
#5941 = ORIENTED_EDGE ( 'NONE', *, *, #7765, .F. ) ;
#5942 = PLANE ( 'NONE',  #7705 ) ;
#5943 = LINE ( 'NONE', #7003, #7828 ) ;
#5944 = AXIS2_PLACEMENT_3D ( 'NONE', #6994, #6946, #6939 ) ;
#5945 = ORIENTED_EDGE ( 'NONE', *, *, #72, .F. ) ;
#5946 = CARTESIAN_POINT ( 'NONE',  ( 401.0905678623203100, 100.8816782713105200, -3.549999999999950100 ) ) ;
#5947 = DIRECTION ( 'NONE',  ( -0.0000000000000000000, 3.673819061467132300E-016, -1.000000000000000000 ) ) ;
#5948 = VERTEX_POINT ( 'NONE', #4695 ) ;
#5949 = DIRECTION ( 'NONE',  ( -0.6882472016117346900, -0.6882472016116392100, 0.2294157338705517200 ) ) ;
#5950 = CARTESIAN_POINT ( 'NONE',  ( 408.9305678623202300, 98.12167827131050000, -3.549999999999954500 ) ) ;
#5951 = EDGE_CURVE ( 'NONE', #6471, #6582, #3475, .T. ) ;
#5952 = LINE ( 'NONE', #2658, #5828 ) ;
#5953 = DIRECTION ( 'NONE',  ( -0.3015113445777439800, -0.3015113445777439800, 0.9045340337333039900 ) ) ;
#5954 = ORIENTED_EDGE ( 'NONE', *, *, #5772, .T. ) ;
#5955 = ADVANCED_FACE ( 'NONE', ( #2821 ), #4693, .F. ) ;
#5956 = DIRECTION ( 'NONE',  ( -1.499660721822137400E-032, 1.836494048521242100E-048, 1.000000000000000000 ) ) ;
#5957 = DIRECTION ( 'NONE',  ( 1.000000000000000000, 1.224606353822377300E-016, 1.499660721822137400E-032 ) ) ;
#5958 = ORIENTED_EDGE ( 'NONE', *, *, #810, .T. ) ;
#5959 = AXIS2_PLACEMENT_3D ( 'NONE', #2550, #2577, #2603 ) ;
#5960 = CARTESIAN_POINT ( 'NONE',  ( 397.6905678623202800, 96.49167827131050500, -11.84999999999994100 ) ) ;
#5961 = CARTESIAN_POINT ( 'NONE',  ( 404.1705678623203000, 100.3416782713104900, -3.849999999999945500 ) ) ;
#5962 = ORIENTED_EDGE ( 'NONE', *, *, #180, .F. ) ;
#5963 = CARTESIAN_POINT ( 'NONE',  ( 408.9305678623202300, 100.8816782713105100, -3.549999999999954500 ) ) ;
#5964 = ORIENTED_EDGE ( 'NONE', *, *, #5043, .F. ) ;
#5965 = VECTOR ( 'NONE', #5869, 1000.000000000000100 ) ;
#5966 = CARTESIAN_POINT ( 'NONE',  ( 406.0705678623203300, 96.15167827131051600, -9.449999999999960200 ) ) ;
#5967 = CARTESIAN_POINT ( 'NONE',  ( 402.5605678623203400, 94.99167827131051900, -4.049999999999958100 ) ) ;
#5968 = ADVANCED_FACE ( 'NONE', ( #6617 ), #4787, .F. ) ;
#5969 = ORIENTED_EDGE ( 'NONE', *, *, #3675, .F. ) ;
#5970 = LINE ( 'NONE', #6230, #3227 ) ;
#5971 = LINE ( 'NONE', #4307, #4386 ) ;
#5972 = PLANE ( 'NONE',  #2328 ) ;
#5973 = FACE_OUTER_BOUND ( 'NONE', #7338, .T. ) ;
#5974 = DIRECTION ( 'NONE',  ( 0.0000000000000000000, 0.3162277660168413800, -0.9486832980505125500 ) ) ;
#5975 = DIRECTION ( 'NONE',  ( -1.000000000000000000, -1.102145718440136600E-016, 3.673819061467173300E-017 ) ) ;
#5976 = EDGE_CURVE ( 'NONE', #1247, #3663, #2192, .T. ) ;
#5977 = DIRECTION ( 'NONE',  ( -1.000000000000000000, -1.670477943808406100E-043, -4.814824860969618200E-029 ) ) ;
#5978 = LINE ( 'NONE', #89, #7045 ) ;
#5979 = CARTESIAN_POINT ( 'NONE',  ( 398.3905678623203200, 96.49167827131050500, -11.84999999999984200 ) ) ;
#5980 = VECTOR ( 'NONE', #6089, 1000.000000000000000 ) ;
#5981 = ORIENTED_EDGE ( 'NONE', *, *, #6189, .F. ) ;
#5982 = LINE ( 'NONE', #1894, #6282 ) ;
#5983 = DIRECTION ( 'NONE',  ( -0.0000000000000000000, -1.224606353822377300E-016, 1.000000000000000000 ) ) ;
#5984 = ORIENTED_EDGE ( 'NONE', *, *, #4167, .T. ) ;
#5985 = DIRECTION ( 'NONE',  ( 1.000000000000000000, 3.672988097042484200E-048, -2.999321443644274900E-032 ) ) ;
#5986 = DIRECTION ( 'NONE',  ( 1.161763594557826000E-016, -0.9486832980505125500, 0.3162277660168419400 ) ) ;
#5987 = FACE_OUTER_BOUND ( 'NONE', #1319, .T. ) ;
#5988 = CARTESIAN_POINT ( 'NONE',  ( 401.6305678623202800, 97.80167827131052100, -3.849999999999951700 ) ) ;
#5989 = DIRECTION ( 'NONE',  ( -1.670477943807409200E-043, -1.000000000000000000, 9.629649721935494300E-029 ) ) ;
#5990 = DIRECTION ( 'NONE',  ( 0.0000000000000000000, -0.3162277660168418800, -0.9486832980505124400 ) ) ;
#5991 = EDGE_CURVE ( 'NONE', #7294, #906, #528, .T. ) ;
#5992 = DIRECTION ( 'NONE',  ( -1.224606353822377300E-016, 1.000000000000000000, -0.0000000000000000000 ) ) ;
#5993 = LINE ( 'NONE', #398, #265 ) ;
#5994 = VERTEX_POINT ( 'NONE', #4835 ) ;
#5995 = ORIENTED_EDGE ( 'NONE', *, *, #6656, .T. ) ;
#5996 = AXIS2_PLACEMENT_3D ( 'NONE', #3288, #3306, #3344 ) ;
#5997 = CARTESIAN_POINT ( 'NONE',  ( 409.2505678623202800, 100.9816782713105100, -4.649999999999955900 ) ) ;
#5998 = DIRECTION ( 'NONE',  ( 1.499660721822137400E-032, -1.836494048521242100E-048, -1.000000000000000000 ) ) ;
#5999 = DIRECTION ( 'NONE',  ( 0.0000000000000000000, 0.0000000000000000000, -1.000000000000000000 ) ) ;
#6000 = ORIENTED_EDGE ( 'NONE', *, *, #4460, .F. ) ;
#6001 = EDGE_CURVE ( 'NONE', #7294, #5587, #606, .T. ) ;
#6002 = LINE ( 'NONE', #688, #7303 ) ;
#6003 = EDGE_CURVE ( 'NONE', #5651, #2366, #420, .T. ) ;
#6004 = CARTESIAN_POINT ( 'NONE',  ( 411.7905678623203000, 100.3416782713104900, -4.649999999999955900 ) ) ;
#6005 = DIRECTION ( 'NONE',  ( 3.872545315192768200E-017, 0.3162277660168385500, -0.9486832980505136600 ) ) ;
#6006 = DIRECTION ( 'NONE',  ( 1.000000000000000000, 1.224606353822377300E-016, 1.499660721822137400E-032 ) ) ;
#6007 = CARTESIAN_POINT ( 'NONE',  ( 411.7905678623203600, 100.9816782713105100, -15.14999999999995600 ) ) ;
#6008 = ADVANCED_FACE ( 'NONE', ( #1210 ), #4872, .T. ) ;
#6009 = AXIS2_PLACEMENT_3D ( 'NONE', #7037, #7192, #7202 ) ;
#6010 = DIRECTION ( 'NONE',  ( 0.9486832980505192100, -1.549018126077090500E-016, 0.3162277660168217900 ) ) ;
#6011 = ORIENTED_EDGE ( 'NONE', *, *, #1488, .F. ) ;
#6012 = VECTOR ( 'NONE', #7384, 1000.000000000000000 ) ;
#6013 = CARTESIAN_POINT ( 'NONE',  ( 411.3105678623203400, 97.90167827131050200, -3.549999999999955900 ) ) ;
#6014 = CARTESIAN_POINT ( 'NONE',  ( 405.8905678623204400, 101.2916782713105000, -12.02573593128802700 ) ) ;
#6015 = CARTESIAN_POINT ( 'NONE',  ( 454.5670678623203600, 95.64167827131045400, -3.049999999999957600 ) ) ;
#6016 = EDGE_CURVE ( 'NONE', #2094, #5921, #1049, .T. ) ;
#6017 = FACE_OUTER_BOUND ( 'NONE', #2206, .T. ) ;
#6018 = DIRECTION ( 'NONE',  ( 0.3162277660168217900, 0.0000000000000000000, -0.9486832980505192100 ) ) ;
#6019 = VERTEX_POINT ( 'NONE', #4909 ) ;
#6020 = ADVANCED_FACE ( 'NONE', ( #1158 ), #2101, .T. ) ;
#6021 = LINE ( 'NONE', #7901, #2503 ) ;
#6022 = LINE ( 'NONE', #2785, #31 ) ;
#6023 =( BOUNDED_SURFACE ( )  B_SPLINE_SURFACE ( 3, 3, ( 
 ( #4578, #5893, #3719, #3169 ),
 ( #4080, #6014, #81, #467 ),
 ( #2688, #7162, #5668, #6956 ),
 ( #6673, #6597, #4007, #3533 ) ),
 .UNSPECIFIED., .F., .F., .T. ) 
 B_SPLINE_SURFACE_WITH_KNOTS ( ( 4, 4 ),
 ( 4, 4 ),
 ( 0.0000000000000000000, 1.000000000000000000 ),
 ( 0.0000000000000000000, 1.000000000000000000 ),
 .UNSPECIFIED. ) 
 GEOMETRIC_REPRESENTATION_ITEM ( )  RATIONAL_B_SPLINE_SURFACE ( (
 ( 1.000000000000000000, 0.3333333333333334300, 0.3333333333333334300, 1.000000000000000000),
 ( 0.8047378541244081300, 0.2682459513748027800, 0.2682459513748027800, 0.8047378541244081300),
 ( 0.8047378541244081300, 0.2682459513748027800, 0.2682459513748027800, 0.8047378541244081300),
 ( 1.000000000000000000, 0.3333333333333334300, 0.3333333333333334300, 1.000000000000000000) ) ) 
 REPRESENTATION_ITEM ( '' )  SURFACE ( )  );
#6024 = VERTEX_POINT ( 'NONE', #5024 ) ;
#6025 = VECTOR ( 'NONE', #5198, 1000.000000000000000 ) ;
#6026 = CARTESIAN_POINT ( 'NONE',  ( 408.6405678623202700, 96.14167827131049600, -14.66543934295757100 ) ) ;
#6027 = DIRECTION ( 'NONE',  ( 1.000000000000000000, 1.224606353822377300E-016, 1.499660721822137400E-032 ) ) ;
#6028 = EDGE_CURVE ( 'NONE', #5051, #6661, #2115, .T. ) ;
#6029 = VERTEX_POINT ( 'NONE', #5048 ) ;
#6030 = VERTEX_POINT ( 'NONE', #5068 ) ;
#6031 = VERTEX_POINT ( 'NONE', #5091 ) ;
#6032 = CARTESIAN_POINT ( 'NONE',  ( 396.8905678623202700, 103.1416782713105100, -3.049999999999951400 ) ) ;
#6033 = DIRECTION ( 'NONE',  ( 1.000000000000000000, 1.224606353822377300E-016, 1.499660721822137400E-032 ) ) ;
#6034 = CIRCLE ( 'NONE', #5429, 0.1999999999999224600 ) ;
#6035 = DIRECTION ( 'NONE',  ( 0.0000000000000000000, 1.000000000000000000, 1.224606353822377300E-016 ) ) ;
#6036 = EDGE_CURVE ( 'NONE', #4774, #1891, #3931, .T. ) ;
#6037 = ORIENTED_EDGE ( 'NONE', *, *, #1165, .F. ) ;
#6038 = ORIENTED_EDGE ( 'NONE', *, *, #3530, .F. ) ;
#6039 = ORIENTED_EDGE ( 'NONE', *, *, #3335, .F. ) ;
#6040 = EDGE_CURVE ( 'NONE', #1623, #6371, #3114, .T. ) ;
#6041 = ORIENTED_EDGE ( 'NONE', *, *, #190, .T. ) ;
#6042 = ORIENTED_EDGE ( 'NONE', *, *, #1127, .T. ) ;
#6043 = DIRECTION ( 'NONE',  ( -1.499660721822137400E-032, 1.836494048521242100E-048, 1.000000000000000000 ) ) ;
#6044 = VECTOR ( 'NONE', #2808, 1000.000000000000100 ) ;
#6045 = DIRECTION ( 'NONE',  ( 1.000000000000000000, 0.0000000000000000000, 0.0000000000000000000 ) ) ;
#6046 = AXIS2_PLACEMENT_3D ( 'NONE', #2257, #1721, #1541 ) ;
#6047 = ORIENTED_EDGE ( 'NONE', *, *, #4580, .T. ) ;
#6048 = ORIENTED_EDGE ( 'NONE', *, *, #6482, .F. ) ;
#6049 = LINE ( 'NONE', #6071, #5097 ) ;
#6050 = FACE_OUTER_BOUND ( 'NONE', #905, .T. ) ;
#6051 = VERTEX_POINT ( 'NONE', #5135 ) ;
#6052 = EDGE_CURVE ( 'NONE', #4089, #1900, #2703, .T. ) ;
#6053 = EDGE_CURVE ( 'NONE', #7723, #4182, #4121, .T. ) ;
#6054 = DIRECTION ( 'NONE',  ( -0.3015113445777274900, -0.3015113445778112000, 0.9045340337332871100 ) ) ;
#6055 = DIRECTION ( 'NONE',  ( -0.0000000000000000000, -0.0000000000000000000, -1.000000000000000000 ) ) ;
#6056 = EDGE_LOOP ( 'NONE', ( #6624, #5697, #765, #5688 ) ) ;
#6057 = VECTOR ( 'NONE', #6336, 1000.000000000000000 ) ;
#6058 = FACE_OUTER_BOUND ( 'NONE', #77, .T. ) ;
#6059 = ORIENTED_EDGE ( 'NONE', *, *, #1181, .T. ) ;
#6060 = AXIS2_PLACEMENT_3D ( 'NONE', #4621, #7307, #7954 ) ;
#6061 = PLANE ( 'NONE',  #2349 ) ;
#6062 = CARTESIAN_POINT ( 'NONE',  ( 409.2505678623202800, 100.9816782713105100, -4.649999999999955900 ) ) ;
#6063 = CARTESIAN_POINT ( 'NONE',  ( 396.3140678623203100, 103.7916782713104700, -3.049999999999955400 ) ) ;
#6064 = DIRECTION ( 'NONE',  ( -2.999321443644274900E-032, 1.224606353822377300E-016, -1.000000000000000000 ) ) ;
#6065 = EDGE_CURVE ( 'NONE', #5042, #694, #2628, .T. ) ;
#6066 = CARTESIAN_POINT ( 'NONE',  ( 408.6105678623203500, 98.44167827131049400, -3.649999999999955900 ) ) ;
#6067 = ADVANCED_FACE ( 'NONE', ( #5711 ), #5205, .T. ) ;
#6068 = LINE ( 'NONE', #2732, #791 ) ;
#6069 = DIRECTION ( 'NONE',  ( 0.0000000000000000000, 1.000000000000000000, 1.224606353822377300E-016 ) ) ;
#6070 = DIRECTION ( 'NONE',  ( 1.000000000000000000, 1.064154322375103700E-047, -2.896588820980573400E-032 ) ) ;
#6071 = CARTESIAN_POINT ( 'NONE',  ( 400.9905678623203500, 98.44167827131050800, -3.649999999999955900 ) ) ;
#6072 = CARTESIAN_POINT ( 'NONE',  ( 411.2505678623202800, 97.90167827131051600, -15.14999999999996700 ) ) ;
#6073 = ORIENTED_EDGE ( 'NONE', *, *, #472, .T. ) ;
#6074 = PLANE ( 'NONE',  #2084 ) ;
#6075 = VECTOR ( 'NONE', #5368, 1000.000000000000000 ) ;
#6076 = EDGE_CURVE ( 'NONE', #5589, #3191, #4550, .T. ) ;
#6077 = LINE ( 'NONE', #2364, #7328 ) ;
#6078 = EDGE_LOOP ( 'NONE', ( #2934, #4602, #563, #3314 ) ) ;
#6079 = CARTESIAN_POINT ( 'NONE',  ( 409.5505678623202900, 101.2816782713104800, -11.84999999999995900 ) ) ;
#6080 = FACE_OUTER_BOUND ( 'NONE', #284, .T. ) ;
#6081 = ORIENTED_EDGE ( 'NONE', *, *, #7837, .F. ) ;
#6082 = VECTOR ( 'NONE', #5213, 1000.000000000000000 ) ;
#6083 = COORDINATED_UNIVERSAL_TIME_OFFSET ( 8, 0, .BEHIND. ) ;
#6084 = CARTESIAN_POINT ( 'NONE',  ( 409.2505678623202800, 98.44167827131050800, -11.74999999999995200 ) ) ;
#6085 = CARTESIAN_POINT ( 'NONE',  ( 409.2505678623202800, 98.44167827131049400, -3.649999999999955900 ) ) ;
#6086 = EDGE_CURVE ( 'NONE', #5752, #463, #5557, .T. ) ;
#6087 = LINE ( 'NONE', #4542, #6983 ) ;
#6088 = VERTEX_POINT ( 'NONE', #5313 ) ;
#6089 = DIRECTION ( 'NONE',  ( -0.0000000000000000000, -0.0000000000000000000, 1.000000000000000000 ) ) ;
#6090 = LINE ( 'NONE', #567, #552 ) ;
#6091 = VERTEX_POINT ( 'NONE', #5320 ) ;
#6092 = CARTESIAN_POINT ( 'NONE',  ( 425.4405678623202800, 97.50167827131048200, -11.84999999999993700 ) ) ;
#6093 = ORIENTED_EDGE ( 'NONE', *, *, #2004, .T. ) ;
#6094 = DIRECTION ( 'NONE',  ( 1.224606353822377300E-016, 1.000000000000000000, 0.0000000000000000000 ) ) ;
#6095 = CARTESIAN_POINT ( 'NONE',  ( 400.9905678623202900, 100.9816782713105100, -11.74999999999994100 ) ) ;
#6096 = DIRECTION ( 'NONE',  ( -1.224606353822377300E-016, -1.000000000000000000, -0.0000000000000000000 ) ) ;
#6097 = LINE ( 'NONE', #3125, #2938 ) ;
#6098 = EDGE_CURVE ( 'NONE', #906, #6850, #6496, .T. ) ;
#6099 = EDGE_CURVE ( 'NONE', #3967, #2593, #6142, .T. ) ;
#6100 = CARTESIAN_POINT ( 'NONE',  ( 408.6105678623203500, 97.80167827131050700, -3.649999999999955900 ) ) ;
#6101 = VERTEX_POINT ( 'NONE', #5370 ) ;
#6102 = VECTOR ( 'NONE', #2633, 1000.000000000000000 ) ;
#6103 = DIRECTION ( 'NONE',  ( 1.000000000000000000, 1.064154322375103700E-047, -2.896588820980573400E-032 ) ) ;
#6104 = DIRECTION ( 'NONE',  ( -1.000000000000000000, 1.224606353822397800E-017, 3.673819061467157900E-017 ) ) ;
#6105 = EDGE_CURVE ( 'NONE', #6696, #3447, #6448, .T. ) ;
#6106 = VERTEX_POINT ( 'NONE', #5337 ) ;
#6107 = EDGE_CURVE ( 'NONE', #3154, #7933, #7863, .T. ) ;
#6108 = LINE ( 'NONE', #2397, #4929 ) ;
#6109 = LINE ( 'NONE', #222, #4302 ) ;
#6110 = DIRECTION ( 'NONE',  ( 0.0000000000000000000, 0.9486832980505136600, 0.3162277660168385500 ) ) ;
#6111 = AXIS2_PLACEMENT_3D ( 'NONE', #5788, #6742, #6867 ) ;
#6112 = DIRECTION ( 'NONE',  ( -1.224606353822377300E-016, 1.000000000000000000, -0.0000000000000000000 ) ) ;
#6113 = DIRECTION ( 'NONE',  ( 0.0000000000000000000, -1.224606353822377500E-016, 1.000000000000000000 ) ) ;
#6114 = CC_DESIGN_PERSON_AND_ORGANIZATION_ASSIGNMENT ( #3, #37, ( #4863 ) ) ;
#6115 = EDGE_LOOP ( 'NONE', ( #3550, #1957, #3476, #3861 ) ) ;
#6116 = VECTOR ( 'NONE', #4049, 1000.000000000000000 ) ;
#6117 = LINE ( 'NONE', #2360, #5564 ) ;
#6118 = FACE_OUTER_BOUND ( 'NONE', #3020, .T. ) ;
#6119 = ADVANCED_FACE ( 'NONE', ( #7161 ), #5421, .T. ) ;
#6120 = CARTESIAN_POINT ( 'NONE',  ( 411.4705678623202500, 97.85167827131053300, -14.99999999999995000 ) ) ;
#6121 = ORIENTED_EDGE ( 'NONE', *, *, #4591, .T. ) ;
#6122 = ORIENTED_EDGE ( 'NONE', *, *, #6210, .F. ) ;
#6123 = VERTEX_POINT ( 'NONE', #5538 ) ;
#6124 = DIRECTION ( 'NONE',  ( 1.224606353822377300E-016, -1.000000000000000000, -1.224606353822377300E-016 ) ) ;
#6125 = VERTEX_POINT ( 'NONE', #5546 ) ;
#6126 = ADVANCED_FACE ( 'NONE', ( #7117 ), #5549, .F. ) ;
#6127 = ORIENTED_EDGE ( 'NONE', *, *, #5786, .T. ) ;
#6128 = ORIENTED_EDGE ( 'NONE', *, *, #241, .T. ) ;
#6129 = CARTESIAN_POINT ( 'NONE',  ( 403.5305678623203100, 98.44167827131049400, -3.649999999999955900 ) ) ;
#6130 = PLANE ( 'NONE',  #546 ) ;
#6131 = ORIENTED_EDGE ( 'NONE', *, *, #4292, .F. ) ;
#6132 = ORIENTED_EDGE ( 'NONE', *, *, #7888, .F. ) ;
#6133 = CARTESIAN_POINT ( 'NONE',  ( 414.3405678623202600, 103.7916782713104700, -3.649999999999948800 ) ) ;
#6134 = VECTOR ( 'NONE', #1250, 1000.000000000000100 ) ;
#6135 = CARTESIAN_POINT ( 'NONE',  ( 408.6105678623203500, 97.80167827131050700, -3.649999999999955900 ) ) ;
#6136 = CARTESIAN_POINT ( 'NONE',  ( 409.4005678623203200, 99.86667827131049100, -11.79999999999995500 ) ) ;
#6137 = VERTEX_POINT ( 'NONE', #5573 ) ;
#6138 = LINE ( 'NONE', #5022, #3565 ) ;
#6139 = FACE_OUTER_BOUND ( 'NONE', #7376, .T. ) ;
#6140 = CARTESIAN_POINT ( 'NONE',  ( 400.9905678623202900, 100.9816782713105100, -14.84999999999996400 ) ) ;
#6141 = AXIS2_PLACEMENT_3D ( 'NONE', #4838, #3934, #1766 ) ;
#6142 = LINE ( 'NONE', #5359, #6265 ) ;
#6143 = DIRECTION ( 'NONE',  ( 0.0000000000000000000, 0.0000000000000000000, -1.000000000000000000 ) ) ;
#6144 = EDGE_CURVE ( 'NONE', #2216, #5533, #7917, .T. ) ;
#6145 = EDGE_CURVE ( 'NONE', #5636, #465, #7494, .T. ) ;
#6146 = ORIENTED_EDGE ( 'NONE', *, *, #5094, .T. ) ;
#6147 = CALENDAR_DATE ( 2015, 1, 9 ) ;
#6148 = PLANE ( 'NONE',  #2374 ) ;
#6149 = DIRECTION ( 'NONE',  ( -0.9486832980505192100, -1.549018126077090500E-016, 0.3162277660168217900 ) ) ;
#6150 = FACE_OUTER_BOUND ( 'NONE', #5308, .T. ) ;
#6151 = CARTESIAN_POINT ( 'NONE',  ( 409.2005678623202700, 100.9816782713105100, -14.99999999999995000 ) ) ;
#6152 = VERTEX_POINT ( 'NONE', #5629 ) ;
#6153 = AXIS2_PLACEMENT_3D ( 'NONE', #3893, #4353, #6433 ) ;
#6154 = VERTEX_POINT ( 'NONE', #5642 ) ;
#6155 = LINE ( 'NONE', #6539, #2758 ) ;
#6156 = EDGE_CURVE ( 'NONE', #6501, #3489, #7131, .T. ) ;
#6157 = ORIENTED_EDGE ( 'NONE', *, *, #3509, .F. ) ;
#6158 = EDGE_CURVE ( 'NONE', #6101, #3191, #7310, .T. ) ;
#6159 = DIRECTION ( 'NONE',  ( -1.000000000000000000, 3.018887740049135000E-048, 2.465190328815661900E-032 ) ) ;
#6160 = CARTESIAN_POINT ( 'NONE',  ( 406.0705678623203300, 100.9816782713105100, -4.649999999999955900 ) ) ;
#6161 = DIRECTION ( 'NONE',  ( 2.465190328815661900E-032, 0.0000000000000000000, 1.000000000000000000 ) ) ;
#6162 = VECTOR ( 'NONE', #5798, 1000.000000000000000 ) ;
#6163 = ADVANCED_FACE ( 'NONE', ( #6611 ), #5680, .F. ) ;
#6164 = AXIS2_PLACEMENT_3D ( 'NONE', #7632, #3948, #237 ) ;
#6165 = LINE ( 'NONE', #1324, #5410 ) ;
#6166 = DIRECTION ( 'NONE',  ( 0.9486832980504924500, -7.745090630384469000E-017, -0.3162277660169020000 ) ) ;
#6167 = ORIENTED_EDGE ( 'NONE', *, *, #6808, .F. ) ;
#6168 = DIRECTION ( 'NONE',  ( -0.3162277660168276200, 3.872545315192756500E-016, -0.9486832980505173200 ) ) ;
#6169 =( LENGTH_UNIT ( ) NAMED_UNIT ( * ) SI_UNIT ( .MILLI., .METRE. ) );
#6170 = EDGE_CURVE ( 'NONE', #3307, #671, #6724, .T. ) ;
#6171 = DIRECTION ( 'NONE',  ( 0.0000000000000000000, 0.0000000000000000000, 1.000000000000000000 ) ) ;
#6172 = CARTESIAN_POINT ( 'NONE',  ( 415.3905678623203200, 96.14167827131048200, -3.049999999999955400 ) ) ;
#6173 = EDGE_CURVE ( 'NONE', #3174, #3447, #1737, .T. ) ;
#6174 = PERSON_AND_ORGANIZATION ( #2263, #7839 ) ;
#6175 = ORIENTED_EDGE ( 'NONE', *, *, #5002, .T. ) ;
#6176 = DIRECTION ( 'NONE',  ( -0.3162277660169020000, 0.0000000000000000000, -0.9486832980504924500 ) ) ;
#6177 = VECTOR ( 'NONE', #6363, 1000.000000000000000 ) ;
#6178 = CARTESIAN_POINT ( 'NONE',  ( 403.2305678623203000, 98.74167827131049100, -11.84999999999994800 ) ) ;
#6179 = CARTESIAN_POINT ( 'NONE',  ( 413.5355678623203100, 98.59167827131045700, -11.79999999999995500 ) ) ;
#6180 = LINE ( 'NONE', #7271, #6741 ) ;
#6181 = VECTOR ( 'NONE', #5803, 1000.000000000000000 ) ;
#6182 = CARTESIAN_POINT ( 'NONE',  ( 404.1705678623203000, 100.9816782713105000, -4.649999999999955900 ) ) ;
#6183 = CARTESIAN_POINT ( 'NONE',  ( 411.7905678623203000, 100.3416782713104900, -3.849999999999945500 ) ) ;
#6184 = VECTOR ( 'NONE', #2817, 1000.000000000000000 ) ;
#6185 = VECTOR ( 'NONE', #1912, 1000.000000000000000 ) ;
#6186 = EDGE_CURVE ( 'NONE', #6297, #7704, #6646, .T. ) ;
#6187 = CARTESIAN_POINT ( 'NONE',  ( 408.7105678623203200, 97.90167827131050200, -3.549999999999962500 ) ) ;
#6188 = PLANE ( 'NONE',  #5222 ) ;
#6189 = EDGE_CURVE ( 'NONE', #5314, #6271, #6245, .T. ) ;
#6190 = CARTESIAN_POINT ( 'NONE',  ( 398.3905678623201000, 102.2916782713104600, -11.84999999999984200 ) ) ;
#6191 = CARTESIAN_POINT ( 'NONE',  ( 414.8405678623203100, 103.8416782713105000, -11.84999999999993700 ) ) ;
#6192 = FACE_OUTER_BOUND ( 'NONE', #5226, .T. ) ;
#6193 = TOROIDAL_SURFACE ( 'NONE', #2333, 0.1999999999999779700, 0.3000000000000693200 ) ;
#6194 = CARTESIAN_POINT ( 'NONE',  ( 406.8905678623203800, 102.2916782713104900, -11.84999999999977000 ) ) ;
#6195 = DIRECTION ( 'NONE',  ( 0.0000000000000000000, 1.000000000000000000, 3.673819061467132300E-016 ) ) ;
#6196 = ADVANCED_FACE ( 'NONE', ( #6237 ), #5942, .T. ) ;
#6197 = CARTESIAN_POINT ( 'NONE',  ( 401.0905678623203100, 100.4416782713105100, -3.549999999999954500 ) ) ;
#6198 = VERTEX_POINT ( 'NONE', #5961 ) ;
#6199 = EDGE_CURVE ( 'NONE', #5362, #2922, #5863, .T. ) ;
#6200 = VECTOR ( 'NONE', #2079, 1000.000000000000000 ) ;
#6201 = EDGE_CURVE ( 'NONE', #2982, #3872, #5850, .T. ) ;
#6202 = CARTESIAN_POINT ( 'NONE',  ( 403.2305678623203000, 101.2816782713104800, -11.84999999999995200 ) ) ;
#6203 = AXIS2_PLACEMENT_3D ( 'NONE', #7738, #7449, #7065 ) ;
#6204 = CARTESIAN_POINT ( 'NONE',  ( 396.2905678623203000, 101.0416782713104700, -9.449999999999958400 ) ) ;
#6205 = DIRECTION ( 'NONE',  ( -0.3015113445778972400, -0.3015113445777298200, -0.9045340337332574700 ) ) ;
#6206 = LINE ( 'NONE', #2735, #7674 ) ;
#6207 = CARTESIAN_POINT ( 'NONE',  ( 401.6305678623202800, 98.44167827131050800, -9.449999999999960200 ) ) ;
#6208 = LINE ( 'NONE', #4821, #5132 ) ;
#6209 = EDGE_CURVE ( 'NONE', #815, #2138, #5577, .T. ) ;
#6210 = EDGE_CURVE ( 'NONE', #6816, #7191, #6049, .T. ) ;
#6211 = PLANE ( 'NONE',  #2389 ) ;
#6212 = ORIENTED_EDGE ( 'NONE', *, *, #1809, .T. ) ;
#6213 = EDGE_LOOP ( 'NONE', ( #1537, #1346, #379, #6430 ) ) ;
#6214 = CARTESIAN_POINT ( 'NONE',  ( 400.9905678623203500, 100.9816782713105100, -11.74999999999995200 ) ) ;
#6215 = APPROVAL_ROLE ( '' ) ;
#6216 = FACE_OUTER_BOUND ( 'NONE', #2483, .T. ) ;
#6217 = AXIS2_PLACEMENT_3D ( 'NONE', #6721, #4382, #3686 ) ;
#6218 = CARTESIAN_POINT ( 'NONE',  ( 401.5305678623202500, 98.34167827131051400, -3.549999999999954100 ) ) ;
#6219 = ADVANCED_FACE ( 'NONE', ( #5552 ), #6130, .T. ) ;
#6220 = EDGE_LOOP ( 'NONE', ( #622, #5439 ) ) ;
#6221 = VECTOR ( 'NONE', #5525, 1000.000000000000000 ) ;
#6222 = ORIENTED_EDGE ( 'NONE', *, *, #7699, .T. ) ;
#6223 = ORIENTED_EDGE ( 'NONE', *, *, #1475, .F. ) ;
#6224 = DIRECTION ( 'NONE',  ( 3.872545315192717100E-017, -0.3162277660168343900, -0.9486832980505149900 ) ) ;
#6225 = DIRECTION ( 'NONE',  ( 1.000000000000000000, -1.224606353822377300E-016, 1.499660721822137400E-032 ) ) ;
#6226 = EDGE_CURVE ( 'NONE', #6297, #5775, #5289, .T. ) ;
#6227 = VERTEX_POINT ( 'NONE', #6178 ) ;
#6228 = VERTEX_POINT ( 'NONE', #6183 ) ;
#6229 = VERTEX_POINT ( 'NONE', #6218 ) ;
#6230 = CARTESIAN_POINT ( 'NONE',  ( 411.7905678623203000, 100.9816782713105100, -14.84999999999995900 ) ) ;
#6231 = PLANE ( 'NONE',  #1399 ) ;
#6232 = DIRECTION ( 'NONE',  ( 0.0000000000000000000, 0.9486832980505149900, -0.3162277660168343900 ) ) ;
#6233 = EDGE_LOOP ( 'NONE', ( #1502, #2302, #2413, #1821 ) ) ;
#6234 = CARTESIAN_POINT ( 'NONE',  ( 411.7905678623203000, 100.9816782713105000, -14.84999999999996100 ) ) ;
#6235 = ORIENTED_EDGE ( 'NONE', *, *, #276, .T. ) ;
#6236 = EDGE_CURVE ( 'NONE', #6106, #7639, #4682, .T. ) ;
#6237 = FACE_OUTER_BOUND ( 'NONE', #7693, .T. ) ;
#6238 = ADVANCED_FACE ( 'NONE', ( #4395 ), #6231, .T. ) ;
#6239 = VECTOR ( 'NONE', #1113, 1000.000000000000000 ) ;
#6240 = VECTOR ( 'NONE', #5852, 1000.000000000000100 ) ;
#6241 = CARTESIAN_POINT ( 'NONE',  ( 408.6405678623202700, 96.84167827131044200, -3.049999999999957200 ) ) ;
#6242 = APPROVAL_STATUS ( 'not_yet_approved' ) ;
#6243 = DIRECTION ( 'NONE',  ( 0.0000000000000000000, -1.000000000000000000, 0.0000000000000000000 ) ) ;
#6244 = ORIENTED_EDGE ( 'NONE', *, *, #565, .T. ) ;
#6245 = CIRCLE ( 'NONE', #5264, 0.3000000000000693200 ) ;
#6246 = CARTESIAN_POINT ( 'NONE',  ( 414.3405678623202600, 103.8416782713105000, -3.649999999999948800 ) ) ;
#6247 = DIRECTION ( 'NONE',  ( -2.465190328815661900E-032, -0.0000000000000000000, -1.000000000000000000 ) ) ;
#6248 = CARTESIAN_POINT ( 'NONE',  ( 400.9905678623202900, 97.80167827131052100, -9.449999999999960200 ) ) ;
#6249 = VECTOR ( 'NONE', #5949, 1000.000000000000100 ) ;
#6250 = ORIENTED_EDGE ( 'NONE', *, *, #88, .T. ) ;
#6251 = EDGE_CURVE ( 'NONE', #3489, #6331, #3923, .T. ) ;
#6252 = PLANE ( 'NONE',  #2422 ) ;
#6253 = DIRECTION ( 'NONE',  ( -1.161763594557826000E-016, 0.9486832980505127700, -0.3162277660168412700 ) ) ;
#6254 = CARTESIAN_POINT ( 'NONE',  ( 409.1505678623203700, 97.90167827131051600, -15.14999999999992400 ) ) ;
#6255 = FACE_OUTER_BOUND ( 'NONE', #5548, .T. ) ;
#6256 = LINE ( 'NONE', #4180, #7768 ) ;
#6257 = EDGE_LOOP ( 'NONE', ( #1092, #4881, #2619, #5531 ) ) ;
#6258 = AXIS2_PLACEMENT_3D ( 'NONE', #4410, #4414, #4423 ) ;
#6259 = DIRECTION ( 'NONE',  ( 1.224606353822377300E-016, 1.000000000000000000, 0.0000000000000000000 ) ) ;
#6260 = EDGE_CURVE ( 'NONE', #5491, #7298, #4610, .T. ) ;
#6261 = CIRCLE ( 'NONE', #59, 0.3000000000000224700 ) ;
#6262 = DIRECTION ( 'NONE',  ( -1.000000000000000000, -1.224606353822377300E-016, 1.499660721822137400E-032 ) ) ;
#6263 = EDGE_CURVE ( 'NONE', #6343, #1430, #3921, .T. ) ;
#6264 = DIRECTION ( 'NONE',  ( 0.0000000000000000000, 1.000000000000000000, 2.449212707644754500E-016 ) ) ;
#6265 = VECTOR ( 'NONE', #5381, 1000.000000000000000 ) ;
#6266 = CARTESIAN_POINT ( 'NONE',  ( 401.5805678623202700, 98.12167827131052900, -14.99999999999995000 ) ) ;
#6267 = ORIENTED_EDGE ( 'NONE', *, *, #4474, .F. ) ;
#6268 = CARTESIAN_POINT ( 'NONE',  ( 401.0905678623202600, 100.9816782713105300, -15.14999999999995600 ) ) ;
#6269 = VECTOR ( 'NONE', #1325, 1000.000000000000000 ) ;
#6270 = CIRCLE ( 'NONE', #2971, 0.3000000000000623800 ) ;
#6271 = VERTEX_POINT ( 'NONE', #6519 ) ;
#6272 = APPROVAL ( #1904, 'UNSPECIFIED' ) ;
#6273 = LINE ( 'NONE', #4989, #6840 ) ;
#6274 = DIRECTION ( 'NONE',  ( 1.000000000000000000, -1.224606353822377300E-016, -9.655296069935245900E-033 ) ) ;
#6275 = VECTOR ( 'NONE', #5776, 1000.000000000000000 ) ;
#6276 = ORIENTED_EDGE ( 'NONE', *, *, #1676, .T. ) ;
#6277 = CARTESIAN_POINT ( 'NONE',  ( 404.1705678623203000, 98.44167827131049400, -3.649999999999955900 ) ) ;
#6278 = VECTOR ( 'NONE', #1424, 1000.000000000000000 ) ;
#6279 = DIRECTION ( 'NONE',  ( -1.499660721822137700E-032, 1.000000000000000000, 1.224606353822377500E-016 ) ) ;
#6280 = VECTOR ( 'NONE', #2625, 1000.000000000000000 ) ;
#6281 = ORIENTED_EDGE ( 'NONE', *, *, #276, .F. ) ;
#6282 = VECTOR ( 'NONE', #1968, 1000.000000000000000 ) ;
#6283 = CARTESIAN_POINT ( 'NONE',  ( 403.5305678623203100, 97.80167827131050700, -14.84999999999995900 ) ) ;
#6284 = VERTEX_POINT ( 'NONE', #6310 ) ;
#6285 = DIRECTION ( 'NONE',  ( 1.224606353822377300E-016, 1.000000000000000000, 0.0000000000000000000 ) ) ;
#6286 = DIRECTION ( 'NONE',  ( 2.465190328815661900E-032, 0.0000000000000000000, 1.000000000000000000 ) ) ;
#6287 = ADVANCED_FACE ( 'NONE', ( #3501 ), #2663, .T. ) ;
#6288 = CARTESIAN_POINT ( 'NONE',  ( 415.1640678623202200, 99.40167827131050200, -11.84999999999993700 ) ) ;
#6289 = VERTEX_POINT ( 'NONE', #6474 ) ;
#6290 = DIRECTION ( 'NONE',  ( 0.0000000000000000000, 1.224606353822377300E-016, -1.000000000000000000 ) ) ;
#6291 = EDGE_CURVE ( 'NONE', #3637, #5314, #3127, .T. ) ;
#6292 = DIRECTION ( 'NONE',  ( -0.0000000000000000000, -0.0000000000000000000, 1.000000000000000000 ) ) ;
#6293 = ORIENTED_EDGE ( 'NONE', *, *, #584, .T. ) ;
#6294 = DIRECTION ( 'NONE',  ( -0.0000000000000000000, -1.000000000000000000, -3.673819061467132300E-016 ) ) ;
#6295 = LINE ( 'NONE', #3168, #5147 ) ;
#6296 = DIRECTION ( 'NONE',  ( 0.0000000000000000000, -1.224606353822377500E-016, 1.000000000000000000 ) ) ;
#6297 = VERTEX_POINT ( 'NONE', #6443 ) ;
#6298 = CARTESIAN_POINT ( 'NONE',  ( 400.9905678623202900, 97.80167827131052100, -3.649999999999955900 ) ) ;
#6299 = AXIS2_PLACEMENT_3D ( 'NONE', #4684, #2841, #2839 ) ;
#6300 = CIRCLE ( 'NONE', #2684, 0.4999999999999033000 ) ;
#6301 = EDGE_CURVE ( 'NONE', #3079, #6728, #1845, .T. ) ;
#6302 = CARTESIAN_POINT ( 'NONE',  ( 400.9905678623202900, 100.9816782713105100, -3.849999999999948100 ) ) ;
#6303 = VECTOR ( 'NONE', #124, 1000.000000000000000 ) ;
#6304 = CARTESIAN_POINT ( 'NONE',  ( 411.1505678623203200, 100.9816782713105100, -3.849999999999949900 ) ) ;
#6305 = EDGE_CURVE ( 'NONE', #7686, #7782, #3790, .T. ) ;
#6306 = DIRECTION ( 'NONE',  ( 0.3015113445780330800, 0.3015113445777402000, -0.9045340337332088400 ) ) ;
#6307 = CARTESIAN_POINT ( 'NONE',  ( 406.6105678623202400, 100.8816782713105100, -3.549999999999950500 ) ) ;
#6308 = ORIENTED_EDGE ( 'NONE', *, *, #1561, .T. ) ;
#6309 = LINE ( 'NONE', #2840, #6184 ) ;
#6310 = CARTESIAN_POINT ( 'NONE',  ( 401.0905678623203100, 100.4416782713105100, -3.549999999999951400 ) ) ;
#6311 = EDGE_CURVE ( 'NONE', #2081, #3376, #2869, .T. ) ;
#6312 = ORIENTED_EDGE ( 'NONE', *, *, #2500, .T. ) ;
#6313 = ORIENTED_EDGE ( 'NONE', *, *, #3598, .F. ) ;
#6314 = EDGE_CURVE ( 'NONE', #5444, #5651, #1634, .T. ) ;
#6315 = LINE ( 'NONE', #7154, #7355 ) ;
#6316 = VECTOR ( 'NONE', #3141, 1000.000000000000000 ) ;
#6317 = PLANE ( 'NONE',  #7434 ) ;
#6318 = AXIS2_PLACEMENT_3D ( 'NONE', #5464, #1036, #4421 ) ;
#6319 = ORIENTED_EDGE ( 'NONE', *, *, #1574, .F. ) ;
#6320 = AXIS2_PLACEMENT_3D ( 'NONE', #243, #7687, #7662 ) ;
#6321 = CARTESIAN_POINT ( 'NONE',  ( 400.9905678623202900, 100.9816782713105100, -4.649999999999955900 ) ) ;
#6322 = ORIENTED_EDGE ( 'NONE', *, *, #4430, .F. ) ;
#6323 = DIRECTION ( 'NONE',  ( -1.224606353822377300E-016, 1.000000000000000000, -0.0000000000000000000 ) ) ;
#6324 = ORIENTED_EDGE ( 'NONE', *, *, #145, .T. ) ;
#6325 = ORIENTED_EDGE ( 'NONE', *, *, #4188, .T. ) ;
#6326 = EDGE_CURVE ( 'NONE', #6559, #6106, #939, .T. ) ;
#6327 = ADVANCED_FACE ( 'NONE', ( #840 ), #7348, .T. ) ;
#6328 = EDGE_CURVE ( 'NONE', #1855, #5437, #633, .T. ) ;
#6329 = CARTESIAN_POINT ( 'NONE',  ( 406.8905678623204400, 95.49167827131026300, -11.84999999999981000 ) ) ;
#6330 = EDGE_LOOP ( 'NONE', ( #1639, #7650 ) ) ;
#6331 = VERTEX_POINT ( 'NONE', #7277 ) ;
#6332 = ORIENTED_EDGE ( 'NONE', *, *, #3369, .T. ) ;
#6333 = ORIENTED_EDGE ( 'NONE', *, *, #3219, .T. ) ;
#6334 = AXIS2_PLACEMENT_3D ( 'NONE', #1147, #1170, #1183 ) ;
#6335 = VECTOR ( 'NONE', #1061, 1000.000000000000000 ) ;
#6336 = DIRECTION ( 'NONE',  ( -0.0000000000000000000, 1.000000000000000000, 3.673819061467132300E-016 ) ) ;
#6337 = ORIENTED_EDGE ( 'NONE', *, *, #1209, .T. ) ;
#6338 = EDGE_LOOP ( 'NONE', ( #5534, #3311, #4769, #6631 ) ) ;
#6339 = VERTEX_POINT ( 'NONE', #7290 ) ;
#6340 = ADVANCED_FACE ( 'NONE', ( #758 ), #7369, .T. ) ;
#6341 = CARTESIAN_POINT ( 'NONE',  ( 425.4405678623202800, 97.50167827131048200, -11.84999999999993700 ) ) ;
#6342 = CARTESIAN_POINT ( 'NONE',  ( 396.2905678623203000, 101.0416782713104700, -11.84999999999993700 ) ) ;
#6343 = VERTEX_POINT ( 'NONE', #7263 ) ;
#6344 = VERTEX_POINT ( 'NONE', #7185 ) ;
#6345 = VECTOR ( 'NONE', #2238, 1000.000000000000000 ) ;
#6346 = DIRECTION ( 'NONE',  ( 1.000000000000000000, 1.224606353822377300E-016, 1.499660721822137400E-032 ) ) ;
#6347 = LINE ( 'NONE', #3636, #2221 ) ;
#6348 = DIRECTION ( 'NONE',  ( -1.000000000000000000, -1.224606353822377300E-016, 1.499660721822137400E-032 ) ) ;
#6349 = DIRECTION ( 'NONE',  ( 0.0000000000000000000, 0.0000000000000000000, 1.000000000000000000 ) ) ;
#6350 = DIRECTION ( 'NONE',  ( 1.224606353822377300E-016, -1.000000000000000000, 0.0000000000000000000 ) ) ;
#6351 = EDGE_CURVE ( 'NONE', #7294, #6123, #449, .T. ) ;
#6352 = CIRCLE ( 'NONE', #6060, 0.4999999999998061600 ) ;
#6353 = DIRECTION ( 'NONE',  ( 0.0000000000000000000, 2.449212707644755000E-016, -1.000000000000000000 ) ) ;
#6354 = ORIENTED_EDGE ( 'NONE', *, *, #3420, .T. ) ;
#6355 = CARTESIAN_POINT ( 'NONE',  ( 397.3905678623203200, 97.74167827131049100, -5.449999999999960200 ) ) ;
#6356 = DIRECTION ( 'NONE',  ( 1.224606353822377300E-016, -1.000000000000000000, 0.0000000000000000000 ) ) ;
#6357 = CARTESIAN_POINT ( 'NONE',  ( 404.1705678623203000, 100.9816782713105100, -11.74999999999994800 ) ) ;
#6358 = EDGE_CURVE ( 'NONE', #4182, #4085, #1549, .T. ) ;
#6359 = LINE ( 'NONE', #2799, #6469 ) ;
#6360 = EDGE_LOOP ( 'NONE', ( #632, #7582, #4470, #4500 ) ) ;
#6361 = EDGE_CURVE ( 'NONE', #4377, #833, #2314, .T. ) ;
#6362 = CARTESIAN_POINT ( 'NONE',  ( 406.5905678623203700, 96.49167827131054800, -12.14999999999988700 ) ) ;
#6363 = DIRECTION ( 'NONE',  ( -0.0000000000000000000, -1.000000000000000000, -2.449212707644754500E-016 ) ) ;
#6364 = DIRECTION ( 'NONE',  ( -2.999321443644274900E-032, 1.224606353822377300E-016, -1.000000000000000000 ) ) ;
#6365 = ADVANCED_FACE ( 'NONE', ( #7664 ), #7126, .T. ) ;
#6366 = ORIENTED_EDGE ( 'NONE', *, *, #3609, .F. ) ;
#6367 = AXIS2_PLACEMENT_3D ( 'NONE', #3538, #4368, #3853 ) ;
#6368 = VECTOR ( 'NONE', #7113, 1000.000000000000000 ) ;
#6369 = CARTESIAN_POINT ( 'NONE',  ( 406.7105678623203700, 100.3416782713104900, -11.74999999999995200 ) ) ;
#6370 = LINE ( 'NONE', #3069, #4030 ) ;
#6371 = VERTEX_POINT ( 'NONE', #7184 ) ;
#6372 = LINE ( 'NONE', #2685, #2786 ) ;
#6373 = CARTESIAN_POINT ( 'NONE',  ( 400.9905678623202900, 98.44167827131050800, -9.449999999999960200 ) ) ;
#6374 = CARTESIAN_POINT ( 'NONE',  ( 406.1905678623202800, 96.09167827131047100, -12.14999999999995600 ) ) ;
#6375 = DIRECTION ( 'NONE',  ( 1.000000000000000000, 1.499660721822137700E-032, 1.836494048521242700E-048 ) ) ;
#6376 = FACE_OUTER_BOUND ( 'NONE', #5093, .T. ) ;
#6377 = CARTESIAN_POINT ( 'NONE',  ( 406.1905678623203400, 96.49167827131054800, -12.14999999999996100 ) ) ;
#6378 = DIRECTION ( 'NONE',  ( -0.0000000000000000000, -0.0000000000000000000, -1.000000000000000000 ) ) ;
#6379 = VECTOR ( 'NONE', #5288, 1000.000000000000000 ) ;
#6380 = ORIENTED_EDGE ( 'NONE', *, *, #439, .T. ) ;
#6381 = AXIS2_PLACEMENT_3D ( 'NONE', #2156, #2301, #2324 ) ;
#6382 = CARTESIAN_POINT ( 'NONE',  ( 408.6105678623203500, 98.44167827131049400, -3.849999999999952100 ) ) ;
#6383 = CARTESIAN_POINT ( 'NONE',  ( 400.6905678623203400, 97.50167827131048200, -11.84999999999994800 ) ) ;
#6384 = DIRECTION ( 'NONE',  ( 7.347638122933105400E-017, -1.000000000000000000, 2.449212707644919700E-017 ) ) ;
#6385 = ORIENTED_EDGE ( 'NONE', *, *, #5569, .T. ) ;
#6386 = DIRECTION ( 'NONE',  ( 1.000000000000000000, 0.0000000000000000000, 0.0000000000000000000 ) ) ;
#6387 = EDGE_CURVE ( 'NONE', #839, #7832, #1054, .T. ) ;
#6388 = FACE_OUTER_BOUND ( 'NONE', #4784, .T. ) ;
#6389 = DIRECTION ( 'NONE',  ( -1.224606353822377300E-016, 1.000000000000000000, -0.0000000000000000000 ) ) ;
#6390 = CARTESIAN_POINT ( 'NONE',  ( 397.3905678623203200, 101.0416782713104700, -9.449999999999958400 ) ) ;
#6391 = DIRECTION ( 'NONE',  ( 1.000000000000000000, 1.499660721822137700E-032, 1.836494048521242700E-048 ) ) ;
#6392 = CARTESIAN_POINT ( 'NONE',  ( 400.6905678623203400, 97.50167827131048200, -11.84999999999995700 ) ) ;
#6393 = VERTEX_POINT ( 'NONE', #7090 ) ;
#6394 = VECTOR ( 'NONE', #217, 1000.000000000000000 ) ;
#6395 = ORIENTED_EDGE ( 'NONE', *, *, #7150, .F. ) ;
#6396 = EDGE_CURVE ( 'NONE', #6716, #6559, #3709, .T. ) ;
#6397 = CARTESIAN_POINT ( 'NONE',  ( 400.9905678623203500, 100.3416782713105100, -11.74999999999994100 ) ) ;
#6398 = ORIENTED_EDGE ( 'NONE', *, *, #6606, .F. ) ;
#6399 = DIRECTION ( 'NONE',  ( 0.0000000000000000000, 1.000000000000000000, 3.673819061467132300E-016 ) ) ;
#6400 = CARTESIAN_POINT ( 'NONE',  ( 406.5905678623204300, 96.09167827131042800, -12.14999999999988100 ) ) ;
#6401 = ADVANCED_FACE ( 'NONE', ( #2956 ), #6955, .T. ) ;
#6402 = ORIENTED_EDGE ( 'NONE', *, *, #6625, .F. ) ;
#6403 = CARTESIAN_POINT ( 'NONE',  ( 414.7905678622919900, 96.49167827131050500, -12.14999999999994900 ) ) ;
#6404 = ORIENTED_EDGE ( 'NONE', *, *, #4824, .T. ) ;
#6405 = VERTEX_POINT ( 'NONE', #6910 ) ;
#6406 = EDGE_CURVE ( 'NONE', #6716, #7639, #2189, .T. ) ;
#6407 = VECTOR ( 'NONE', #2913, 1000.000000000000000 ) ;
#6408 = AXIS2_PLACEMENT_3D ( 'NONE', #1316, #970, #1981 ) ;
#6409 = CARTESIAN_POINT ( 'NONE',  ( 398.1905678623203400, 96.49167827131050500, -12.14999999999991200 ) ) ;
#6410 = DIRECTION ( 'NONE',  ( -1.734723475976709300E-015, 9.629649721935494300E-029, 1.000000000000000000 ) ) ;
#6411 = VERTEX_POINT ( 'NONE', #6916 ) ;
#6412 = ORIENTED_EDGE ( 'NONE', *, *, #4568, .F. ) ;
#6413 = FACE_OUTER_BOUND ( 'NONE', #1707, .T. ) ;
#6414 = DIRECTION ( 'NONE',  ( 1.224606353822376800E-016, -1.000000000000000000, -2.449212707644755000E-016 ) ) ;
#6415 = DIRECTION ( 'NONE',  ( 1.000000000000000000, 1.064154322375103700E-047, -2.896588820980573400E-032 ) ) ;
#6416 = DIRECTION ( 'NONE',  ( -1.499660721822137700E-032, 1.000000000000000000, 1.224606353822377500E-016 ) ) ;
#6417 = CARTESIAN_POINT ( 'NONE',  ( 411.4705678623202500, 100.3916782713105100, -14.99999999999995000 ) ) ;
#6418 = ADVANCED_FACE ( 'NONE', ( #613 ), #7038, .T. ) ;
#6419 = ORIENTED_EDGE ( 'NONE', *, *, #3679, .T. ) ;
#6420 = ORIENTED_EDGE ( 'NONE', *, *, #6001, .F. ) ;
#6421 = EDGE_CURVE ( 'NONE', #6985, #5221, #2414, .T. ) ;
#6422 = ORIENTED_EDGE ( 'NONE', *, *, #3623, .T. ) ;
#6423 = ORIENTED_EDGE ( 'NONE', *, *, #1517, .T. ) ;
#6424 = ORIENTED_EDGE ( 'NONE', *, *, #1441, .F. ) ;
#6425 = DIRECTION ( 'NONE',  ( 0.0000000000000000000, 0.0000000000000000000, 1.000000000000000000 ) ) ;
#6426 = CARTESIAN_POINT ( 'NONE',  ( 414.8405678623203100, 103.7916782713104700, -11.84999999999993700 ) ) ;
#6427 = AXIS2_PLACEMENT_3D ( 'NONE', #6085, #524, #4859 ) ;
#6428 = DIRECTION ( 'NONE',  ( -0.3162277660169020000, 0.0000000000000000000, -0.9486832980504924500 ) ) ;
#6429 = ORIENTED_EDGE ( 'NONE', *, *, #5524, .T. ) ;
#6430 = ORIENTED_EDGE ( 'NONE', *, *, #1561, .F. ) ;
#6431 = ORIENTED_EDGE ( 'NONE', *, *, #4157, .F. ) ;
#6432 = LINE ( 'NONE', #3193, #2606 ) ;
#6433 = DIRECTION ( 'NONE',  ( 0.0000000000000000000, 1.000000000000000000, 2.449212707644754500E-016 ) ) ;
#6434 = CARTESIAN_POINT ( 'NONE',  ( 406.8905678623203800, 102.2916782713104900, -11.84999999999974900 ) ) ;
#6435 = ORIENTED_EDGE ( 'NONE', *, *, #5382, .T. ) ;
#6436 = DIRECTION ( 'NONE',  ( 1.224606353822377300E-016, -1.000000000000000000, 0.0000000000000000000 ) ) ;
#6437 = CARTESIAN_POINT ( 'NONE',  ( 408.6105678623203500, 97.80167827131050700, -11.74999999999995200 ) ) ;
#6438 = ORIENTED_EDGE ( 'NONE', *, *, #6003, .F. ) ;
#6439 = DIRECTION ( 'NONE',  ( 0.6882472016116524300, 0.6882472016117161500, 0.2294157338705680700 ) ) ;
#6440 = CARTESIAN_POINT ( 'NONE',  ( 406.5905678623204300, 102.6916782713105500, -12.14999999999986500 ) ) ;
#6441 = PLANE ( 'NONE',  #6164 ) ;
#6442 = ORIENTED_EDGE ( 'NONE', *, *, #5259, .F. ) ;
#6443 = CARTESIAN_POINT ( 'NONE',  ( 415.3905678623203200, 96.14167827131048200, -9.449999999999960200 ) ) ;
#6444 = LINE ( 'NONE', #7591, #5277 ) ;
#6445 = ADVANCED_FACE ( 'NONE', ( #6730 ), #6968, .T. ) ;
#6446 = ADVANCED_FACE ( 'NONE', ( #1762 ), #6758, .T. ) ;
#6447 = PLANE ( 'NONE',  #4898 ) ;
#6448 = CIRCLE ( 'NONE', #2380, 0.3000000000000224700 ) ;
#6449 = ORIENTED_EDGE ( 'NONE', *, *, #6028, .T. ) ;
#6450 = CARTESIAN_POINT ( 'NONE',  ( 401.3105678623202800, 98.34167827131051400, -3.549999999999954500 ) ) ;
#6451 = VECTOR ( 'NONE', #3840, 1000.000000000000000 ) ;
#6452 = PLANE ( 'NONE',  #2433 ) ;
#6453 = CARTESIAN_POINT ( 'NONE',  ( 401.3105678623203400, 95.09167827131095400, -6.549999999999977600 ) ) ;
#6454 = CARTESIAN_POINT ( 'NONE',  ( 411.1505678623203200, 100.9816782713105100, -14.84999999999995900 ) ) ;
#6455 = LINE ( 'NONE', #1232, #1034 ) ;
#6456 = DIRECTION ( 'NONE',  ( 0.9486832980504924500, 1.549018126077156100E-016, -0.3162277660169020000 ) ) ;
#6457 = ORIENTED_EDGE ( 'NONE', *, *, #7264, .F. ) ;
#6458 = ORIENTED_EDGE ( 'NONE', *, *, #4282, .T. ) ;
#6459 = VECTOR ( 'NONE', #5897, 1000.000000000000000 ) ;
#6460 = CARTESIAN_POINT ( 'NONE',  ( 406.0705678623203300, 98.44167827131049400, -14.84999999999996400 ) ) ;
#6461 = AXIS2_PLACEMENT_3D ( 'NONE', #4455, #4571, #6035 ) ;
#6462 = VECTOR ( 'NONE', #4943, 1000.000000000000000 ) ;
#6463 = VECTOR ( 'NONE', #28, 1000.000000000000100 ) ;
#6464 = CARTESIAN_POINT ( 'NONE',  ( 403.5305678623203100, 98.44167827131047900, -3.649999999999955900 ) ) ;
#6465 = VECTOR ( 'NONE', #92, 1000.000000000000000 ) ;
#6466 = ORIENTED_EDGE ( 'NONE', *, *, #88, .F. ) ;
#6467 = EDGE_CURVE ( 'NONE', #3236, #4372, #195, .T. ) ;
#6468 = EDGE_CURVE ( 'NONE', #5583, #1459, #6554, .T. ) ;
#6469 = VECTOR ( 'NONE', #2794, 1000.000000000000200 ) ;
#6470 = DIRECTION ( 'NONE',  ( 0.0000000000000000000, 1.000000000000000000, -0.0000000000000000000 ) ) ;
#6471 = VERTEX_POINT ( 'NONE', #6737 ) ;
#6472 = CARTESIAN_POINT ( 'NONE',  ( 406.5905678623203700, 102.2916782713105000, -12.14999999999987200 ) ) ;
#6473 = CARTESIAN_POINT ( 'NONE',  ( 411.7405678623203500, 98.44167827131049400, -14.99999999999995000 ) ) ;
#6474 = CARTESIAN_POINT ( 'NONE',  ( 408.6105678623203500, 100.3416782713105100, -14.84999999999995700 ) ) ;
#6475 = VECTOR ( 'NONE', #7571, 1000.000000000000000 ) ;
#6476 = FACE_BOUND ( 'NONE', #7288, .T. ) ;
#6477 = AXIS2_PLACEMENT_3D ( 'NONE', #991, #1577, #1642 ) ;
#6478 = LINE ( 'NONE', #7145, #4876 ) ;
#6479 = DIRECTION ( 'NONE',  ( -1.000000000000000000, -1.224606353822377300E-016, -1.499660721822137400E-032 ) ) ;
#6480 = ORIENTED_EDGE ( 'NONE', *, *, #3675, .T. ) ;
#6481 = CARTESIAN_POINT ( 'NONE',  ( 400.6905678623203400, 98.74167827131047700, -11.84999999999995200 ) ) ;
#6482 = EDGE_CURVE ( 'NONE', #5033, #7375, #1235, .T. ) ;
#6483 = CARTESIAN_POINT ( 'NONE',  ( 398.4405678623202800, 103.7916782713104700, -3.649999999999948800 ) ) ;
#6484 = CARTESIAN_POINT ( 'NONE',  ( 415.1640678623202200, 101.0416782713104700, -9.449999999999958400 ) ) ;
#6485 = EDGE_CURVE ( 'NONE', #6981, #2099, #3591, .T. ) ;
#6486 = PLANE ( 'NONE',  #6488 ) ;
#6487 = CARTESIAN_POINT ( 'NONE',  ( 406.1905678623203400, 102.2916782713105000, -12.14999999999994700 ) ) ;
#6488 = AXIS2_PLACEMENT_3D ( 'NONE', #5907, #659, #6264 ) ;
#6489 = VECTOR ( 'NONE', #7502, 999.9999999999998900 ) ;
#6490 = FACE_OUTER_BOUND ( 'NONE', #3367, .T. ) ;
#6491 = CARTESIAN_POINT ( 'NONE',  ( 406.1905678623204500, 102.6916782713105500, -12.14999999999994000 ) ) ;
#6492 = DIRECTION ( 'NONE',  ( 1.000000000000000000, 0.0000000000000000000, 0.0000000000000000000 ) ) ;
#6493 = EDGE_CURVE ( 'NONE', #6031, #3151, #4129, .T. ) ;
#6494 = FACE_OUTER_BOUND ( 'NONE', #7594, .T. ) ;
#6495 = VERTEX_POINT ( 'NONE', #6586 ) ;
#6496 = LINE ( 'NONE', #5295, #6764 ) ;
#6497 = PLANE ( 'NONE',  #3212 ) ;
#6498 = CARTESIAN_POINT ( 'NONE',  ( 406.1905678623203400, 102.2916782713105000, -12.14999999999994700 ) ) ;
#6499 = PLANE ( 'NONE',  #1460 ) ;
#6500 = ORIENTED_EDGE ( 'NONE', *, *, #7108, .F. ) ;
#6501 = VERTEX_POINT ( 'NONE', #6579 ) ;
#6502 = LINE ( 'NONE', #1241, #6507 ) ;
#6503 = DIRECTION ( 'NONE',  ( -1.499660721822137400E-032, -1.836494048521242100E-048, -1.000000000000000000 ) ) ;
#6504 = CARTESIAN_POINT ( 'NONE',  ( 411.7405678623203500, 98.28167827131049700, -3.699999999999946000 ) ) ;
#6505 = EDGE_LOOP ( 'NONE', ( #4735, #7254, #1925, #5440 ) ) ;
#6506 = ORIENTED_EDGE ( 'NONE', *, *, #6493, .T. ) ;
#6507 = VECTOR ( 'NONE', #1282, 1000.000000000000000 ) ;
#6508 = VECTOR ( 'NONE', #2608, 1000.000000000000000 ) ;
#6509 = ORIENTED_EDGE ( 'NONE', *, *, #6775, .T. ) ;
#6510 = EDGE_CURVE ( 'NONE', #2442, #16, #6155, .T. ) ;
#6511 = ORIENTED_EDGE ( 'NONE', *, *, #6107, .F. ) ;
#6512 = ORIENTED_EDGE ( 'NONE', *, *, #3121, .T. ) ;
#6513 = EDGE_CURVE ( 'NONE', #7284, #5444, #2782, .T. ) ;
#6514 = CARTESIAN_POINT ( 'NONE',  ( 406.3909485527517500, 103.8416782713104700, -12.43309518948451900 ) ) ;
#6515 = ORIENTED_EDGE ( 'NONE', *, *, #6831, .F. ) ;
#6516 = ORIENTED_EDGE ( 'NONE', *, *, #219, .F. ) ;
#6517 = EDGE_LOOP ( 'NONE', ( #7886, #7280, #6723, #6785 ) ) ;
#6518 = CARTESIAN_POINT ( 'NONE',  ( 404.1705678623203000, 98.44167827131049400, -9.449999999999960200 ) ) ;
#6519 = CARTESIAN_POINT ( 'NONE',  ( 398.6905678623203900, 96.49167827131050500, -11.84999999999993700 ) ) ;
#6520 = CARTESIAN_POINT ( 'NONE',  ( 400.9905678623202900, 100.9816782713105100, -3.849999999999956600 ) ) ;
#6521 = EDGE_CURVE ( 'NONE', #2138, #1121, #1739, .T. ) ;
#6522 = EDGE_CURVE ( 'NONE', #7465, #7450, #329, .T. ) ;
#6523 = ORIENTED_EDGE ( 'NONE', *, *, #587, .T. ) ;
#6524 = EDGE_LOOP ( 'NONE', ( #435, #3534, #7598, #1291, #1862, #6250, #7031, #3939 ) ) ;
#6525 = DIRECTION ( 'NONE',  ( 0.6882472016116517600, 0.6882472016117153800, 0.2294157338705717900 ) ) ;
#6526 = VECTOR ( 'NONE', #2937, 1000.000000000000000 ) ;
#6527 = CC_DESIGN_PERSON_AND_ORGANIZATION_ASSIGNMENT ( #5380, #4391, ( #4863 ) ) ;
#6528 = DIRECTION ( 'NONE',  ( 0.0000000000000000000, 0.0000000000000000000, 1.000000000000000000 ) ) ;
#6529 = CARTESIAN_POINT ( 'NONE',  ( 401.6305678623202800, 100.9816782713105100, -11.74999999999995200 ) ) ;
#6530 = AXIS2_PLACEMENT_3D ( 'NONE', #1477, #850, #842 ) ;
#6531 = ORIENTED_EDGE ( 'NONE', *, *, #4111, .T. ) ;
#6532 = LINE ( 'NONE', #6321, #6459 ) ;
#6533 = ORIENTED_EDGE ( 'NONE', *, *, #7525, .T. ) ;
#6534 = CARTESIAN_POINT ( 'NONE',  ( 400.6905678623203400, 98.74167827131047700, -11.84999999999994800 ) ) ;
#6535 = FACE_OUTER_BOUND ( 'NONE', #1480, .T. ) ;
#6536 = ORIENTED_EDGE ( 'NONE', *, *, #3634, .T. ) ;
#6537 = CARTESIAN_POINT ( 'NONE',  ( 411.9405678623202200, 98.91667827131048800, -11.79999999999995500 ) ) ;
#6538 = EDGE_CURVE ( 'NONE', #4103, #6198, #5659, .T. ) ;
#6539 = CARTESIAN_POINT ( 'NONE',  ( 411.1505678623203200, 100.3416782713105000, -11.74999999999996300 ) ) ;
#6540 = VECTOR ( 'NONE', #6638, 1000.000000000000000 ) ;
#6541 = CARTESIAN_POINT ( 'NONE',  ( 404.1705678623203000, 97.80167827131050700, -11.74999999999995200 ) ) ;
#6542 = VECTOR ( 'NONE', #7535, 1000.000000000000000 ) ;
#6543 = DIRECTION ( 'NONE',  ( 0.9486832980505192100, -1.549018126077090500E-016, 0.3162277660168217900 ) ) ;
#6544 = LINE ( 'NONE', #7566, #4900 ) ;
#6545 = CARTESIAN_POINT ( 'NONE',  ( 403.5305678623203100, 97.80167827131050700, -11.74999999999995000 ) ) ;
#6546 = LINE ( 'NONE', #4650, #4208 ) ;
#6547 = DIRECTION ( 'NONE',  ( 0.0000000000000000000, -1.000000000000000000, 1.734723475977359100E-015 ) ) ;
#6548 = LINE ( 'NONE', #789, #255 ) ;
#6549 = ORIENTED_EDGE ( 'NONE', *, *, #4691, .T. ) ;
#6550 = DIRECTION ( 'NONE',  ( 1.224606353822377300E-016, -1.000000000000000000, -1.224606353822377300E-016 ) ) ;
#6551 = VECTOR ( 'NONE', #2370, 1000.000000000000000 ) ;
#6552 = VECTOR ( 'NONE', #6848, 1000.000000000000000 ) ;
#6553 = LINE ( 'NONE', #7379, #7877 ) ;
#6554 = LINE ( 'NONE', #6711, #1907 ) ;
#6555 = ADVANCED_FACE ( 'NONE', ( #6255 ), #7840, .T. ) ;
#6556 = CIRCLE ( 'NONE', #4596, 0.1999999999999085800 ) ;
#6557 = EDGE_LOOP ( 'NONE', ( #6990, #236, #2819, #3349 ) ) ;
#6558 = EDGE_CURVE ( 'NONE', #5253, #6125, #5290, .T. ) ;
#6559 = VERTEX_POINT ( 'NONE', #7735 ) ;
#6560 = EDGE_CURVE ( 'NONE', #5221, #833, #4492, .T. ) ;
#6561 = DIRECTION ( 'NONE',  ( 0.3162277660168217900, 0.0000000000000000000, 0.9486832980505192100 ) ) ;
#6562 = CARTESIAN_POINT ( 'NONE',  ( 406.6105678623202900, 100.4416782713105100, -3.549999999999932800 ) ) ;
#6563 = FACE_OUTER_BOUND ( 'NONE', #1742, .T. ) ;
#6564 = DIRECTION ( 'NONE',  ( -0.6882472016115842600, -0.6882472016117754400, 0.2294157338705944100 ) ) ;
#6565 = ORIENTED_EDGE ( 'NONE', *, *, #6732, .T. ) ;
#6566 = ADVANCED_FACE ( 'NONE', ( #7581 ), #7679, .F. ) ;
#6567 = AXIS2_PLACEMENT_3D ( 'NONE', #2492, #3989, #2545 ) ;
#6568 = DIRECTION ( 'NONE',  ( -1.000000000000000000, -1.102145718440136600E-016, 3.673819061467173300E-017 ) ) ;
#6569 = ADVANCED_FACE ( 'NONE', ( #7643 ), #7600, .F. ) ;
#6570 = PLANE ( 'NONE',  #1620 ) ;
#6571 = EDGE_LOOP ( 'NONE', ( #6000, #7104, #516, #90 ) ) ;
#6572 = CARTESIAN_POINT ( 'NONE',  ( 414.5905678623203100, 96.49167827131050500, -11.84999999999996400 ) ) ;
#6573 = EDGE_CURVE ( 'NONE', #3151, #4737, #650, .T. ) ;
#6574 = CARTESIAN_POINT ( 'NONE',  ( 416.4905678623202900, 101.0416782713104700, -9.449999999999958400 ) ) ;
#6575 = CARTESIAN_POINT ( 'NONE',  ( 408.6105678623203500, 98.44167827131050800, -3.849999999999950800 ) ) ;
#6576 = ORIENTED_EDGE ( 'NONE', *, *, #7488, .T. ) ;
#6577 = AXIS2_PLACEMENT_3D ( 'NONE', #2372, #2381, #2394 ) ;
#6578 = EDGE_LOOP ( 'NONE', ( #7943, #1941, #5826, #7444 ) ) ;
#6579 = CARTESIAN_POINT ( 'NONE',  ( 406.1705678623203000, 100.8816782713105100, -3.549999999999951400 ) ) ;
#6580 = DIRECTION ( 'NONE',  ( 0.0000000000000000000, 1.224606353822377300E-016, -1.000000000000000000 ) ) ;
#6581 = EDGE_CURVE ( 'NONE', #4670, #6501, #3021, .T. ) ;
#6582 = VERTEX_POINT ( 'NONE', #7560 ) ;
#6583 = EDGE_LOOP ( 'NONE', ( #3184, #4383 ) ) ;
#6584 = LINE ( 'NONE', #6207, #3503 ) ;
#6585 = PLANE ( 'NONE',  #4324 ) ;
#6586 = CARTESIAN_POINT ( 'NONE',  ( 406.0705678623203300, 98.44167827131050800, -9.449999999999960200 ) ) ;
#6587 = CARTESIAN_POINT ( 'NONE',  ( 412.0905678623202600, 101.2816782713104800, -11.84999999999995200 ) ) ;
#6588 = DIRECTION ( 'NONE',  ( 0.0000000000000000000, -1.000000000000000000, -3.673819061467132300E-016 ) ) ;
#6589 = VERTEX_POINT ( 'NONE', #7512 ) ;
#6590 = EDGE_CURVE ( 'NONE', #5362, #476, #6544, .T. ) ;
#6591 = VERTEX_POINT ( 'NONE', #7464 ) ;
#6592 = EDGE_LOOP ( 'NONE', ( #2369, #3108, #2631, #4303 ) ) ;
#6593 = EDGE_CURVE ( 'NONE', #4251, #6714, #3985, .T. ) ;
#6594 = CARTESIAN_POINT ( 'NONE',  ( 406.3909485527517500, 103.8416782713104700, -3.649999999999967500 ) ) ;
#6595 = CARTESIAN_POINT ( 'NONE',  ( 414.5905678623202600, 102.2916782713104900, -11.85000000000012600 ) ) ;
#6596 = DIRECTION ( 'NONE',  ( -1.000000000000000000, -1.499660721822137700E-032, -1.836494048521242700E-048 ) ) ;
#6597 = CARTESIAN_POINT ( 'NONE',  ( 406.1905678623202800, 101.8916782713104100, -12.14999999999993800 ) ) ;
#6598 = VERTEX_POINT ( 'NONE', #7441 ) ;
#6599 = EDGE_LOOP ( 'NONE', ( #2376, #1797, #5894, #576 ) ) ;
#6600 = VERTEX_POINT ( 'NONE', #7421 ) ;
#6601 = VERTEX_POINT ( 'NONE', #7400 ) ;
#6602 = ORIENTED_EDGE ( 'NONE', *, *, #3926, .T. ) ;
#6603 = LINE ( 'NONE', #1605, #3146 ) ;
#6604 =( BOUNDED_CURVE ( )  B_SPLINE_CURVE ( 3, ( #6487, #7762, #660, #1777 ),
 .UNSPECIFIED., .F., .F. ) 
 B_SPLINE_CURVE_WITH_KNOTS ( ( 4, 4 ),
 ( 0.0000000000000000000, 1.000000000000000000 ),
 .UNSPECIFIED. ) 
 CURVE ( )  GEOMETRIC_REPRESENTATION_ITEM ( )  RATIONAL_B_SPLINE_CURVE ( ( 1.000000000000000000, 0.3333333333333333700, 0.3333333333333333700, 1.000000000000000000 ) ) 
 REPRESENTATION_ITEM ( '' )  );
#6605 = ADVANCED_FACE ( 'NONE', ( #3783 ), #7572, .T. ) ;
#6606 = EDGE_CURVE ( 'NONE', #5725, #3001, #7114, .T. ) ;
#6607 = ORIENTED_EDGE ( 'NONE', *, *, #1722, .T. ) ;
#6608 = ORIENTED_EDGE ( 'NONE', *, *, #6581, .F. ) ;
#6609 = ORIENTED_EDGE ( 'NONE', *, *, #3145, .T. ) ;
#6610 = EDGE_CURVE ( 'NONE', #1713, #2146, #418, .T. ) ;
#6611 = FACE_OUTER_BOUND ( 'NONE', #5246, .T. ) ;
#6612 = CARTESIAN_POINT ( 'NONE',  ( 408.6105678623203500, 97.80167827131050700, -3.649999999999955900 ) ) ;
#6613 = ORIENTED_EDGE ( 'NONE', *, *, #6098, .T. ) ;
#6614 = CARTESIAN_POINT ( 'NONE',  ( 416.4905678623202900, 95.00167827131051000, -3.049999999999955400 ) ) ;
#6615 = EDGE_LOOP ( 'NONE', ( #4867, #1984, #192, #1031 ) ) ;
#6616 = DIRECTION ( 'NONE',  ( -0.6882472016117359100, -0.6882472016116404400, 0.2294157338705442000 ) ) ;
#6617 = FACE_OUTER_BOUND ( 'NONE', #3835, .T. ) ;
#6618 = AXIS2_PLACEMENT_3D ( 'NONE', #7918, #931, #7587 ) ;
#6619 = ADVANCED_FACE ( 'NONE', ( #7035 ), #1816, .T. ) ;
#6620 = DIRECTION ( 'NONE',  ( 7.347638122933105400E-017, -1.000000000000000000, 2.449212707644919700E-017 ) ) ;
#6621 = ORIENTED_EDGE ( 'NONE', *, *, #5035, .F. ) ;
#6622 = EDGE_CURVE ( 'NONE', #7611, #5752, #4119, .T. ) ;
#6623 = VECTOR ( 'NONE', #2980, 1000.000000000000000 ) ;
#6624 = ORIENTED_EDGE ( 'NONE', *, *, #7306, .T. ) ;
#6625 = EDGE_CURVE ( 'NONE', #1623, #7832, #6180, .T. ) ;
#6626 = DIRECTION ( 'NONE',  ( -0.6882472016117184800, 0.6882472016116546500, -0.2294157338705542200 ) ) ;
#6627 = ORIENTED_EDGE ( 'NONE', *, *, #6704, .F. ) ;
#6628 = PLANE ( 'NONE',  #5276 ) ;
#6629 = DIRECTION ( 'NONE',  ( -1.000000000000000000, -2.999321443644274300E-032, -7.345976194084968500E-048 ) ) ;
#6630 = DIRECTION ( 'NONE',  ( -0.3162277660169020000, 0.0000000000000000000, -0.9486832980504924500 ) ) ;
#6631 = ORIENTED_EDGE ( 'NONE', *, *, #368, .T. ) ;
#6632 = ORIENTED_EDGE ( 'NONE', *, *, #4993, .F. ) ;
#6633 = EDGE_CURVE ( 'NONE', #3578, #1880, #7227, .T. ) ;
#6634 = VECTOR ( 'NONE', #6951, 1000.000000000000000 ) ;
#6635 = LINE ( 'NONE', #7964, #3942 ) ;
#6636 = CARTESIAN_POINT ( 'NONE',  ( 409.5505678623202900, 98.74167827131049100, -11.84999999999995300 ) ) ;
#6637 = DIRECTION ( 'NONE',  ( 0.9486832980504924500, 1.549018126077156100E-016, -0.3162277660169020000 ) ) ;
#6638 = DIRECTION ( 'NONE',  ( -2.465190328815661900E-032, -0.0000000000000000000, 1.000000000000000000 ) ) ;
#6639 = ORIENTED_EDGE ( 'NONE', *, *, #5422, .T. ) ;
#6640 = APPROVAL_PERSON_ORGANIZATION ( #5269, #3173, #2537 ) ;
#6641 = ORIENTED_EDGE ( 'NONE', *, *, #5704, .F. ) ;
#6642 = PLANE ( 'NONE',  #6872 ) ;
#6643 = CARTESIAN_POINT ( 'NONE',  ( 401.7805678623203100, 99.86667827131049100, -11.79999999999995500 ) ) ;
#6644 = EDGE_CURVE ( 'NONE', #4767, #196, #102, .T. ) ;
#6645 = DIRECTION ( 'NONE',  ( -0.0000000000000000000, 1.734723475977359100E-015, 1.000000000000000000 ) ) ;
#6646 = LINE ( 'NONE', #5806, #6162 ) ;
#6647 = ORIENTED_EDGE ( 'NONE', *, *, #7837, .T. ) ;
#6648 = LINE ( 'NONE', #3986, #5555 ) ;
#6649 = ORIENTED_EDGE ( 'NONE', *, *, #4063, .T. ) ;
#6650 = DIRECTION ( 'NONE',  ( 1.000000000000000000, -0.0000000000000000000, 0.0000000000000000000 ) ) ;
#6651 = LINE ( 'NONE', #4985, #7136 ) ;
#6652 = CARTESIAN_POINT ( 'NONE',  ( 404.1705678623203000, 98.44167827131049400, -3.649999999999955900 ) ) ;
#6653 = DIRECTION ( 'NONE',  ( 0.0000000000000000000, 1.000000000000000000, 1.224606353822377300E-016 ) ) ;
#6654 = CARTESIAN_POINT ( 'NONE',  ( 406.1705678623203000, 98.44167827131049400, -15.14999999999994500 ) ) ;
#6655 = FACE_OUTER_BOUND ( 'NONE', #2055, .T. ) ;
#6656 = EDGE_CURVE ( 'NONE', #7465, #1470, #7736, .T. ) ;
#6657 = AXIS2_PLACEMENT_3D ( 'NONE', #412, #2475, #522 ) ;
#6658 = LINE ( 'NONE', #712, #3857 ) ;
#6659 = ORIENTED_EDGE ( 'NONE', *, *, #406, .F. ) ;
#6660 = ADVANCED_FACE ( 'NONE', ( #6376 ), #1648, .T. ) ;
#6661 = VERTEX_POINT ( 'NONE', #7873 ) ;
#6662 = AXIS2_PLACEMENT_3D ( 'NONE', #4247, #4347, #4349 ) ;
#6663 = DIRECTION ( 'NONE',  ( 1.000000000000000000, 0.0000000000000000000, 3.469446951953226100E-015 ) ) ;
#6664 = ORIENTED_EDGE ( 'NONE', *, *, #5679, .F. ) ;
#6665 = EDGE_CURVE ( 'NONE', #6405, #6024, #3435, .T. ) ;
#6666 = LINE ( 'NONE', #4600, #5592 ) ;
#6667 = FACE_OUTER_BOUND ( 'NONE', #2478, .T. ) ;
#6668 = EDGE_CURVE ( 'NONE', #1099, #4278, #3718, .T. ) ;
#6669 = VERTEX_POINT ( 'NONE', #5395 ) ;
#6670 = DIRECTION ( 'NONE',  ( 0.3015113445777454800, -0.3015113445777454800, 0.9045340337333029900 ) ) ;
#6671 = DIRECTION ( 'NONE',  ( -0.3162277660168278400, 3.872545315192760000E-016, -0.9486832980505172100 ) ) ;
#6672 = DIRECTION ( 'NONE',  ( 1.000000000000000000, 4.498982165466410700E-032, 1.652844643669117400E-047 ) ) ;
#6673 = CARTESIAN_POINT ( 'NONE',  ( 406.1905678623203400, 102.2916782713104900, -12.14999999999993800 ) ) ;
#6674 = LINE ( 'NONE', #1339, #4635 ) ;
#6675 = AXIS2_PLACEMENT_3D ( 'NONE', #303, #36, #6 ) ;
#6676 = ORIENTED_EDGE ( 'NONE', *, *, #574, .T. ) ;
#6677 = CC_DESIGN_APPROVAL ( #6272, ( #5847 ) ) ;
#6678 = LINE ( 'NONE', #3283, #4045 ) ;
#6679 = LINE ( 'NONE', #3430, #188 ) ;
#6680 = PLANE ( 'NONE',  #2438 ) ;
#6681 = EDGE_CURVE ( 'NONE', #6152, #2671, #4883, .T. ) ;
#6682 = ORIENTED_EDGE ( 'NONE', *, *, #5615, .F. ) ;
#6683 = CARTESIAN_POINT ( 'NONE',  ( 401.6305678623202800, 100.3416782713105100, -4.649999999999955900 ) ) ;
#6684 = ORIENTED_EDGE ( 'NONE', *, *, #7888, .T. ) ;
#6685 = LINE ( 'NONE', #73, #173 ) ;
#6686 = VERTEX_POINT ( 'NONE', #3971 ) ;
#6687 = ORIENTED_EDGE ( 'NONE', *, *, #145, .F. ) ;
#6688 = ORIENTED_EDGE ( 'NONE', *, *, #5559, .T. ) ;
#6689 = LINE ( 'NONE', #620, #5535 ) ;
#6690 = DIRECTION ( 'NONE',  ( 0.3015113445777283800, -0.3015113445777701800, 0.9045340337333004400 ) ) ;
#6691 = DIRECTION ( 'NONE',  ( 0.0000000000000000000, 1.000000000000000000, 2.449212707644754500E-016 ) ) ;
#6692 = EDGE_CURVE ( 'NONE', #2138, #6779, #6532, .T. ) ;
#6693 = ORIENTED_EDGE ( 'NONE', *, *, #5285, .T. ) ;
#6694 = ORIENTED_EDGE ( 'NONE', *, *, #4050, .F. ) ;
#6695 = CARTESIAN_POINT ( 'NONE',  ( 404.1205678623202900, 100.6616782713105200, -14.99999999999995000 ) ) ;
#6696 = VERTEX_POINT ( 'NONE', #5917 ) ;
#6697 = LINE ( 'NONE', #6187, #596 ) ;
#6698 = PLANE ( 'NONE',  #1636 ) ;
#6699 = DIRECTION ( 'NONE',  ( 1.000000000000000000, 3.672988097042484200E-048, -2.999321443644274900E-032 ) ) ;
#6700 = DIRECTION ( 'NONE',  ( 0.6882472016117315800, -0.6882472016116359900, 0.2294157338705705400 ) ) ;
#6701 = EDGE_CURVE ( 'NONE', #4377, #389, #2678, .T. ) ;
#6702 = VERTEX_POINT ( 'NONE', #6791 ) ;
#6703 = ORIENTED_EDGE ( 'NONE', *, *, #6622, .T. ) ;
#6704 = EDGE_CURVE ( 'NONE', #4062, #1470, #5458, .T. ) ;
#6705 = ORIENTED_EDGE ( 'NONE', *, *, #6036, .T. ) ;
#6706 = ORIENTED_EDGE ( 'NONE', *, *, #615, .F. ) ;
#6707 = VERTEX_POINT ( 'NONE', #7728 ) ;
#6708 = LINE ( 'NONE', #3531, #4332 ) ;
#6709 = DIRECTION ( 'NONE',  ( -3.872545315192789200E-017, -0.3162277660168406600, -0.9486832980505129900 ) ) ;
#6710 = DIRECTION ( 'NONE',  ( -0.9486832980505171000, 0.0000000000000000000, 0.3162277660168277800 ) ) ;
#6711 = CARTESIAN_POINT ( 'NONE',  ( 401.5305678623202500, 97.90167827131054400, -15.14999999999995800 ) ) ;
#6712 = AXIS2_PLACEMENT_3D ( 'NONE', #3143, #6348, #2642 ) ;
#6713 = VECTOR ( 'NONE', #152, 1000.000000000000000 ) ;
#6714 = VERTEX_POINT ( 'NONE', #7919 ) ;
#6715 = ORIENTED_EDGE ( 'NONE', *, *, #6144, .T. ) ;
#6716 = VERTEX_POINT ( 'NONE', #6191 ) ;
#6717 = APPROVAL_PERSON_ORGANIZATION ( #7910, #1141, #4356 ) ;
#6718 = EDGE_CURVE ( 'NONE', #6289, #1135, #2315, .T. ) ;
#6719 = DIRECTION ( 'NONE',  ( 0.0000000000000000000, 0.0000000000000000000, -1.000000000000000000 ) ) ;
#6720 = EDGE_CURVE ( 'NONE', #4062, #7450, #117, .T. ) ;
#6721 = CARTESIAN_POINT ( 'NONE',  ( 398.1905678623203400, 96.49167827131050500, -11.84999999999984200 ) ) ;
#6722 = CARTESIAN_POINT ( 'NONE',  ( 398.4405678623202800, 103.8416782713105000, -3.649999999999948800 ) ) ;
#6723 = ORIENTED_EDGE ( 'NONE', *, *, #5353, .F. ) ;
#6724 = LINE ( 'NONE', #5760, #7824 ) ;
#6725 = ADVANCED_FACE ( 'NONE', ( #2654 ), #6317, .F. ) ;
#6726 = DIRECTION ( 'NONE',  ( 0.0000000000000000000, -1.000000000000000000, -3.673819061467132300E-016 ) ) ;
#6727 = DIRECTION ( 'NONE',  ( 0.0000000000000000000, -1.224606353822377500E-016, 1.000000000000000000 ) ) ;
#6728 = VERTEX_POINT ( 'NONE', #7879 ) ;
#6729 = EDGE_CURVE ( 'NONE', #4582, #2384, #4994, .T. ) ;
#6730 = FACE_OUTER_BOUND ( 'NONE', #3491, .T. ) ;
#6731 = CARTESIAN_POINT ( 'NONE',  ( 408.6105678623203500, 98.44167827131050800, -11.74999999999996100 ) ) ;
#6732 = EDGE_CURVE ( 'NONE', #2827, #2982, #2496, .T. ) ;
#6733 = ORIENTED_EDGE ( 'NONE', *, *, #7426, .T. ) ;
#6734 = DIRECTION ( 'NONE',  ( -2.999321443644274900E-032, 1.224606353822377300E-016, -1.000000000000000000 ) ) ;
#6735 = CARTESIAN_POINT ( 'NONE',  ( 406.0705678623203300, 100.9816782713105100, -11.74999999999994800 ) ) ;
#6736 = CARTESIAN_POINT ( 'NONE',  ( 404.0105678623203300, 100.9316782713105000, -3.699999999999946000 ) ) ;
#6737 = CARTESIAN_POINT ( 'NONE',  ( 411.2505678623202800, 100.8816782713105100, -15.14999999999995100 ) ) ;
#6738 = LINE ( 'NONE', #3025, #6407 ) ;
#6739 = ORIENTED_EDGE ( 'NONE', *, *, #4625, .F. ) ;
#6740 = PERSON_AND_ORGANIZATION ( #2263, #7839 ) ;
#6741 = VECTOR ( 'NONE', #6863, 1000.000000000000000 ) ;
#6742 = DIRECTION ( 'NONE',  ( -0.8944271909999158600, 3.697785493223492800E-032, -0.4472135954999580400 ) ) ;
#6743 = DIRECTION ( 'NONE',  ( 1.224606353822377300E-016, -1.000000000000000000, 0.0000000000000000000 ) ) ;
#6744 = LINE ( 'NONE', #7081, #4649 ) ;
#6745 = DIRECTION ( 'NONE',  ( 0.3015113445777636300, 0.3015113445777636300, 0.9045340337332908900 ) ) ;
#6746 = ORIENTED_EDGE ( 'NONE', *, *, #4556, .F. ) ;
#6747 = DIRECTION ( 'NONE',  ( -1.000000000000000000, -1.224606353822377300E-016, 1.499660721822137400E-032 ) ) ;
#6748 = LINE ( 'NONE', #2650, #6508 ) ;
#6749 = FACE_OUTER_BOUND ( 'NONE', #4123, .T. ) ;
#6750 = ORIENTED_EDGE ( 'NONE', *, *, #7206, .F. ) ;
#6751 = CALENDAR_DATE ( 2015, 1, 9 ) ;
#6752 = CARTESIAN_POINT ( 'NONE',  ( 396.2905678623203000, 97.74167827131049100, -11.84999999999993700 ) ) ;
#6753 = PLANE ( 'NONE',  #5 ) ;
#6754 = EDGE_CURVE ( 'NONE', #7358, #3406, #4981, .T. ) ;
#6755 = VERTEX_POINT ( 'NONE', #7474 ) ;
#6756 = DIRECTION ( 'NONE',  ( -0.6882472016117359100, 0.6882472016116404400, -0.2294157338705442000 ) ) ;
#6757 = FACE_BOUND ( 'NONE', #3070, .T. ) ;
#6758 = PLANE ( 'NONE',  #829 ) ;
#6759 = VECTOR ( 'NONE', #3094, 1000.000000000000000 ) ;
#6760 = ORIENTED_EDGE ( 'NONE', *, *, #6766, .T. ) ;
#6761 = DIRECTION ( 'NONE',  ( 1.161763594557826500E-016, -0.9486832980505126600, -0.3162277660168414400 ) ) ;
#6762 = ADVANCED_FACE ( 'NONE', ( #7669 ), #7905, .T. ) ;
#6763 = CARTESIAN_POINT ( 'NONE',  ( 399.2455678623202300, 101.1316782713104500, -11.79999999999995500 ) ) ;
#6764 = VECTOR ( 'NONE', #5349, 1000.000000000000100 ) ;
#6765 = EDGE_CURVE ( 'NONE', #3873, #6029, #1534, .T. ) ;
#6766 = EDGE_CURVE ( 'NONE', #1917, #3448, #5090, .T. ) ;
#6767 = ORIENTED_EDGE ( 'NONE', *, *, #7814, .F. ) ;
#6768 = FACE_OUTER_BOUND ( 'NONE', #4082, .T. ) ;
#6769 = DIRECTION ( 'NONE',  ( 1.224606353822377300E-016, 1.000000000000000000, 0.0000000000000000000 ) ) ;
#6770 = CARTESIAN_POINT ( 'NONE',  ( 406.7105678623203700, 100.9816782713105100, -3.849999999999952100 ) ) ;
#6771 = VERTEX_POINT ( 'NONE', #7498 ) ;
#6772 = CARTESIAN_POINT ( 'NONE',  ( 409.2505678623202800, 97.80167827131050700, -3.649999999999955900 ) ) ;
#6773 = EDGE_CURVE ( 'NONE', #768, #7313, #7676, .T. ) ;
#6774 = ORIENTED_EDGE ( 'NONE', *, *, #1106, .F. ) ;
#6775 = EDGE_CURVE ( 'NONE', #5312, #1750, #4189, .T. ) ;
#6776 =( NAMED_UNIT ( * ) SI_UNIT ( $, .STERADIAN. ) SOLID_ANGLE_UNIT ( ) );
#6777 = AXIS2_PLACEMENT_3D ( 'NONE', #3362, #3375, #3389 ) ;
#6778 = DIRECTION ( 'NONE',  ( 0.0000000000000000000, 0.0000000000000000000, 1.000000000000000000 ) ) ;
#6779 = VERTEX_POINT ( 'NONE', #7546 ) ;
#6780 = ORIENTED_EDGE ( 'NONE', *, *, #6625, .T. ) ;
#6781 = LINE ( 'NONE', #3048, #6526 ) ;
#6782 = DIRECTION ( 'NONE',  ( 0.0000000000000000000, 1.224606353822377300E-016, -1.000000000000000000 ) ) ;
#6783 = CARTESIAN_POINT ( 'NONE',  ( 406.0705678623203300, 100.9816782713105100, -3.849999999999952600 ) ) ;
#6784 = EDGE_CURVE ( 'NONE', #4062, #1917, #2675, .T. ) ;
#6785 = ORIENTED_EDGE ( 'NONE', *, *, #5497, .F. ) ;
#6786 = EDGE_LOOP ( 'NONE', ( #4003, #4866, #3794, #7511 ) ) ;
#6787 = LINE ( 'NONE', #5967, #7030 ) ;
#6788 = ORIENTED_EDGE ( 'NONE', *, *, #7370, .F. ) ;
#6789 = ORIENTED_EDGE ( 'NONE', *, *, #3479, .T. ) ;
#6790 = VERTEX_POINT ( 'NONE', #682 ) ;
#6791 = CARTESIAN_POINT ( 'NONE',  ( 406.1401871718889000, 103.7916782713104700, -3.649999999999967500 ) ) ;
#6792 = VERTEX_POINT ( 'NONE', #6923 ) ;
#6793 = ORIENTED_EDGE ( 'NONE', *, *, #1809, .F. ) ;
#6794 = ORIENTED_EDGE ( 'NONE', *, *, #1733, .T. ) ;
#6795 = DIRECTION ( 'NONE',  ( 1.931059213987049200E-032, 2.449212707644754500E-016, -1.000000000000000000 ) ) ;
#6796 = EDGE_CURVE ( 'NONE', #242, #1807, #2572, .T. ) ;
#6797 = ADVANCED_FACE ( 'NONE', ( #1543 ), #6844, .T. ) ;
#6798 = ORIENTED_EDGE ( 'NONE', *, *, #3984, .F. ) ;
#6799 = CARTESIAN_POINT ( 'NONE',  ( 397.9405678623202800, 103.7916782713104700, -11.84999999999993700 ) ) ;
#6800 = CARTESIAN_POINT ( 'NONE',  ( 399.2455678623202300, 98.44167827131050800, -11.74999999999997000 ) ) ;
#6801 = APPLICATION_CONTEXT ( 'configuration controlled 3d designs of mechanical parts and assemblies' ) ;
#6802 = ORIENTED_EDGE ( 'NONE', *, *, #4951, .T. ) ;
#6803 = ORIENTED_EDGE ( 'NONE', *, *, #7592, .F. ) ;
#6804 = LINE ( 'NONE', #1690, #2865 ) ;
#6805 = ORIENTED_EDGE ( 'NONE', *, *, #652, .T. ) ;
#6806 = LINE ( 'NONE', #1340, #6973 ) ;
#6807 = DIRECTION ( 'NONE',  ( 1.000000000000000000, -1.224606353822377300E-016, 1.499660721822137400E-032 ) ) ;
#6808 = EDGE_CURVE ( 'NONE', #1470, #3448, #4023, .T. ) ;
#6809 = VERTEX_POINT ( 'NONE', #6202 ) ;
#6810 = PERSON_AND_ORGANIZATION ( #2263, #7839 ) ;
#6811 = DIRECTION ( 'NONE',  ( 1.224606353822377300E-016, -1.000000000000000000, -1.224606353822377300E-016 ) ) ;
#6812 = VECTOR ( 'NONE', #3067, 1000.000000000000000 ) ;
#6813 = PLANE ( 'NONE',  #2927 ) ;
#6814 = ORIENTED_EDGE ( 'NONE', *, *, #3946, .T. ) ;
#6815 = AXIS2_PLACEMENT_3D ( 'NONE', #3382, #3395, #3405 ) ;
#6816 = VERTEX_POINT ( 'NONE', #4378 ) ;
#6817 = LINE ( 'NONE', #627, #5867 ) ;
#6818 = DIRECTION ( 'NONE',  ( 1.000000000000000000, 0.0000000000000000000, 0.0000000000000000000 ) ) ;
#6819 = EDGE_CURVE ( 'NONE', #1891, #1121, #2016, .T. ) ;
#6820 = LINE ( 'NONE', #2864, #6878 ) ;
#6821 = EDGE_LOOP ( 'NONE', ( #22, #6991, #5784, #5155 ) ) ;
#6822 = EDGE_CURVE ( 'NONE', #1807, #4381, #6273, .T. ) ;
#6823 = CARTESIAN_POINT ( 'NONE',  ( 406.7105678623203700, 98.44167827131049400, -3.649999999999955900 ) ) ;
#6824 = CARTESIAN_POINT ( 'NONE',  ( 406.0705678623203300, 98.44167827131049400, -3.649999999999955900 ) ) ;
#6825 = AXIS2_PLACEMENT_3D ( 'NONE', #5904, #619, #3187 ) ;
#6826 = VECTOR ( 'NONE', #6346, 1000.000000000000000 ) ;
#6827 = CARTESIAN_POINT ( 'NONE',  ( 406.1705678623203000, 100.4416782713105200, -15.14999999999995400 ) ) ;
#6828 = ORIENTED_EDGE ( 'NONE', *, *, #4037, .T. ) ;
#6829 = PERSON_AND_ORGANIZATION_ROLE ( 'design_supplier' ) ;
#6830 = CARTESIAN_POINT ( 'NONE',  ( 406.7105678623203700, 100.9816782713105100, -14.84999999999995900 ) ) ;
#6831 = EDGE_CURVE ( 'NONE', #5921, #1310, #854, .T. ) ;
#6832 = FACE_OUTER_BOUND ( 'NONE', #1496, .T. ) ;
#6833 = FACE_OUTER_BOUND ( 'NONE', #5685, .T. ) ;
#6834 = ORIENTED_EDGE ( 'NONE', *, *, #5737, .F. ) ;
#6835 = FACE_OUTER_BOUND ( 'NONE', #7419, .T. ) ;
#6836 = PLANE ( 'NONE',  #7656 ) ;
#6837 = DIRECTION ( 'NONE',  ( 1.224606353822377300E-016, 1.000000000000000000, 0.0000000000000000000 ) ) ;
#6838 = ADVANCED_FACE ( 'NONE', ( #644 ), #4408, .T. ) ;
#6839 = ORIENTED_EDGE ( 'NONE', *, *, #625, .T. ) ;
#6840 = VECTOR ( 'NONE', #4711, 1000.000000000000000 ) ;
#6841 = LINE ( 'NONE', #1068, #5199 ) ;
#6842 = ORIENTED_EDGE ( 'NONE', *, *, #35, .T. ) ;
#6843 = EDGE_CURVE ( 'NONE', #1451, #5810, #5970, .T. ) ;
#6844 = PLANE ( 'NONE',  #1512 ) ;
#6845 = FACE_OUTER_BOUND ( 'NONE', #113, .T. ) ;
#6846 = VECTOR ( 'NONE', #4818, 1000.000000000000000 ) ;
#6847 = DIRECTION ( 'NONE',  ( 0.0000000000000000000, 1.224606353822377300E-016, -1.000000000000000000 ) ) ;
#6848 = DIRECTION ( 'NONE',  ( -1.499660721822137400E-032, -1.836494048521242100E-048, -1.000000000000000000 ) ) ;
#6849 = VECTOR ( 'NONE', #2514, 1000.000000000000000 ) ;
#6850 = VERTEX_POINT ( 'NONE', #5654 ) ;
#6851 = UNCERTAINTY_MEASURE_WITH_UNIT (LENGTH_MEASURE( 1.000000000000000100E-005 ), #6169, 'distance_accuracy_value', 'NONE');
#6852 = EDGE_CURVE ( 'NONE', #7645, #7284, #2303, .T. ) ;
#6853 = ORIENTED_EDGE ( 'NONE', *, *, #5411, .F. ) ;
#6854 = DIRECTION ( 'NONE',  ( 0.0000000000000000000, 0.3162277660168413800, -0.9486832980505125500 ) ) ;
#6855 = PERSON_AND_ORGANIZATION_ROLE ( 'creator' ) ;
#6856 = EDGE_CURVE ( 'NONE', #1900, #7298, #925, .T. ) ;
#6857 = DIRECTION ( 'NONE',  ( 1.224606353822377300E-016, -1.000000000000000000, -1.224606353822377300E-016 ) ) ;
#6858 = FACE_OUTER_BOUND ( 'NONE', #4552, .T. ) ;
#6859 = LINE ( 'NONE', #637, #5645 ) ;
#6860 = FACE_OUTER_BOUND ( 'NONE', #5910, .T. ) ;
#6861 = PLANE ( 'NONE',  #2837 ) ;
#6862 = CARTESIAN_POINT ( 'NONE',  ( 405.8905678623201500, 96.49167827131059000, -11.84999999999999100 ) ) ;
#6863 = DIRECTION ( 'NONE',  ( -1.000000000000000000, -1.224606353822377300E-016, -1.499660721822137400E-032 ) ) ;
#6864 = CARTESIAN_POINT ( 'NONE',  ( 411.6905678623203400, 100.9816782713105100, -15.14999999999995600 ) ) ;
#6865 = EDGE_LOOP ( 'NONE', ( #76, #4661, #1286, #6887 ) ) ;
#6866 = EDGE_CURVE ( 'NONE', #5312, #3570, #3411, .T. ) ;
#6867 = DIRECTION ( 'NONE',  ( -0.4472135954999579800, 0.0000000000000000000, 0.8944271909999157400 ) ) ;
#6868 = VECTOR ( 'NONE', #5180, 1000.000000000000000 ) ;
#6869 = EDGE_CURVE ( 'NONE', #6985, #4958, #1914, .T. ) ;
#6870 = DIRECTION ( 'NONE',  ( -0.0000000000000000000, -1.000000000000000000, -0.0000000000000000000 ) ) ;
#6871 = CARTESIAN_POINT ( 'NONE',  ( 404.0705678623203300, 100.6616782713105200, -15.14999999999993600 ) ) ;
#6872 = AXIS2_PLACEMENT_3D ( 'NONE', #6537, #6671, #6710 ) ;
#6873 = CARTESIAN_POINT ( 'NONE',  ( 404.1405678623203200, 96.14167827131048200, -3.550000000000001200 ) ) ;
#6874 = ORIENTED_EDGE ( 'NONE', *, *, #7241, .T. ) ;
#6875 = DIRECTION ( 'NONE',  ( 0.0000000000000000000, -1.000000000000000000, 0.0000000000000000000 ) ) ;
#6876 = PLANE ( 'NONE',  #2062 ) ;
#6877 = DIRECTION ( 'NONE',  ( 1.232595164407831200E-032, -1.836909530733565600E-016, 1.000000000000000000 ) ) ;
#6878 = VECTOR ( 'NONE', #2829, 1000.000000000000000 ) ;
#6879 = ADVANCED_FACE ( 'NONE', ( #7401 ), #5201, .F. ) ;
#6880 = EDGE_LOOP ( 'NONE', ( #7937, #7713, #6664, #6767, #1888, #6715 ) ) ;
#6881 = ORIENTED_EDGE ( 'NONE', *, *, #115, .T. ) ;
#6882 = DIRECTION ( 'NONE',  ( -1.000000000000000000, -1.102145718440136900E-016, 3.673819061467165900E-017 ) ) ;
#6883 = VECTOR ( 'NONE', #3091, 1000.000000000000000 ) ;
#6884 = AXIS2_PLACEMENT_3D ( 'NONE', #12, #19, #30 ) ;
#6885 = CARTESIAN_POINT ( 'NONE',  ( 414.5905678623203100, 103.8416782713105000, -11.84999999999993700 ) ) ;
#6886 = CARTESIAN_POINT ( 'NONE',  ( 411.1505678623203200, 97.80167827131050700, -3.649999999999955900 ) ) ;
#6887 = ORIENTED_EDGE ( 'NONE', *, *, #4139, .T. ) ;
#6888 = ORIENTED_EDGE ( 'NONE', *, *, #798, .F. ) ;
#6889 = ORIENTED_EDGE ( 'NONE', *, *, #4469, .F. ) ;
#6890 = ORIENTED_EDGE ( 'NONE', *, *, #146, .T. ) ;
#6891 = CARTESIAN_POINT ( 'NONE',  ( 397.9405678623202800, 103.7916782713104700, -3.649999999999948400 ) ) ;
#6892 = CARTESIAN_POINT ( 'NONE',  ( 405.8905678623202100, 96.49167827131059000, -12.02573593128812500 ) ) ;
#6893 = ORIENTED_EDGE ( 'NONE', *, *, #259, .F. ) ;
#6894 = ORIENTED_EDGE ( 'NONE', *, *, #38, .F. ) ;
#6895 = VERTEX_POINT ( 'NONE', #358 ) ;
#6896 = ORIENTED_EDGE ( 'NONE', *, *, #1407, .F. ) ;
#6897 = ORIENTED_EDGE ( 'NONE', *, *, #4594, .F. ) ;
#6898 = VECTOR ( 'NONE', #2331, 1000.000000000000000 ) ;
#6899 = DIRECTION ( 'NONE',  ( 0.3015113445777355400, 0.3015113445777774000, -0.9045340337332955500 ) ) ;
#6900 = DIRECTION ( 'NONE',  ( -0.0000000000000000000, 3.673819061467132300E-016, -1.000000000000000000 ) ) ;
#6901 = DIRECTION ( 'NONE',  ( -1.000000000000000000, -1.224606353822377300E-016, -1.499660721822137400E-032 ) ) ;
#6902 = ORIENTED_EDGE ( 'NONE', *, *, #5786, .F. ) ;
#6903 = ORIENTED_EDGE ( 'NONE', *, *, #1456, .T. ) ;
#6904 = EDGE_CURVE ( 'NONE', #6895, #3376, #7583, .T. ) ;
#6905 = VECTOR ( 'NONE', #6699, 1000.000000000000000 ) ;
#6906 = CARTESIAN_POINT ( 'NONE',  ( 403.5305678623203100, 100.3416782713105000, -4.649999999999955900 ) ) ;
#6907 = CARTESIAN_POINT ( 'NONE',  ( 406.8905678623204400, 95.49167827131036300, -12.02573593128794200 ) ) ;
#6908 = ORIENTED_EDGE ( 'NONE', *, *, #6170, .F. ) ;
#6909 = SHAPE_DEFINITION_REPRESENTATION ( #2021, #5415 ) ;
#6910 = CARTESIAN_POINT ( 'NONE',  ( 404.1705678623203000, 98.44167827131050800, -3.849999999999951700 ) ) ;
#6911 = LINE ( 'NONE', #1408, #705 ) ;
#6912 = ORIENTED_EDGE ( 'NONE', *, *, #4790, .T. ) ;
#6913 = EDGE_CURVE ( 'NONE', #4767, #2784, #6817, .T. ) ;
#6914 = ORIENTED_EDGE ( 'NONE', *, *, #690, .F. ) ;
#6915 = CARTESIAN_POINT ( 'NONE',  ( 406.8905678623204400, 96.49167827131053300, -12.02573593128794200 ) ) ;
#6916 = CARTESIAN_POINT ( 'NONE',  ( 409.2505678623202800, 100.9816782713105100, -3.849999999999951700 ) ) ;
#6917 = VECTOR ( 'NONE', #5117, 1000.000000000000000 ) ;
#6918 = ADVANCED_FACE ( 'NONE', ( #5470 ), #748, .T. ) ;
#6919 = CARTESIAN_POINT ( 'NONE',  ( 404.1705678623203000, 98.39167827131051100, -14.99999999999995000 ) ) ;
#6920 = VECTOR ( 'NONE', #68, 1000.000000000000000 ) ;
#6921 = ORIENTED_EDGE ( 'NONE', *, *, #6796, .T. ) ;
#6922 = CARTESIAN_POINT ( 'NONE',  ( 401.6305678623202800, 100.9816782713105100, -9.449999999999958400 ) ) ;
#6923 = CARTESIAN_POINT ( 'NONE',  ( 406.1905678623203400, 102.2916782713105000, -12.14999999999994700 ) ) ;
#6924 = DIRECTION ( 'NONE',  ( 0.3015113445777521900, -0.3015113445777521900, 0.9045340337332984400 ) ) ;
#6925 = EDGE_CURVE ( 'NONE', #6024, #6669, #3112, .T. ) ;
#6926 = FACE_OUTER_BOUND ( 'NONE', #5011, .T. ) ;
#6927 = DIRECTION ( 'NONE',  ( -0.0000000000000000000, -1.224606353822377300E-016, 1.000000000000000000 ) ) ;
#6928 = EDGE_CURVE ( 'NONE', #6728, #16, #5982, .T. ) ;
#6929 = VECTOR ( 'NONE', #3498, 999.9999999999998900 ) ;
#6930 = ORIENTED_EDGE ( 'NONE', *, *, #1492, .T. ) ;
#6931 = AXIS2_PLACEMENT_3D ( 'NONE', #6129, #1586, #2185 ) ;
#6932 = VECTOR ( 'NONE', #7677, 1000.000000000000000 ) ;
#6933 = ORIENTED_EDGE ( 'NONE', *, *, #1062, .F. ) ;
#6934 = SECURITY_CLASSIFICATION ( '', '', #697 ) ;
#6935 = DIRECTION ( 'NONE',  ( -1.000000000000000000, -3.672988097042484200E-048, 2.999321443644274900E-032 ) ) ;
#6936 = CARTESIAN_POINT ( 'NONE',  ( 406.0148319310320600, 95.74020640873425200, -12.15000000000005500 ) ) ;
#6937 = FACE_OUTER_BOUND ( 'NONE', #7610, .T. ) ;
#6938 = ORIENTED_EDGE ( 'NONE', *, *, #4415, .F. ) ;
#6939 = DIRECTION ( 'NONE',  ( 0.0000000000000000000, -1.224606353822377500E-016, 1.000000000000000000 ) ) ;
#6940 = FACE_OUTER_BOUND ( 'NONE', #1958, .T. ) ;
#6941 = DIRECTION ( 'NONE',  ( 0.3162277660168276700, 3.872545315192757500E-016, -0.9486832980505173200 ) ) ;
#6942 = VECTOR ( 'NONE', #3310, 1000.000000000000000 ) ;
#6943 = VECTOR ( 'NONE', #5520, 1000.000000000000000 ) ;
#6944 = VERTEX_POINT ( 'NONE', #2104 ) ;
#6945 = CARTESIAN_POINT ( 'NONE',  ( 406.1905678623202800, 96.09167827131048500, -12.14999999999995600 ) ) ;
#6946 = DIRECTION ( 'NONE',  ( -1.499660721822137700E-032, 1.000000000000000000, 1.224606353822377500E-016 ) ) ;
#6947 = CARTESIAN_POINT ( 'NONE',  ( 406.7105678623203700, 97.90167827131051600, -15.14999999999995600 ) ) ;
#6948 = LINE ( 'NONE', #3060, #7708 ) ;
#6949 = CARTESIAN_POINT ( 'NONE',  ( 401.6305678623202800, 100.9816782713105100, -4.649999999999955900 ) ) ;
#6950 = ORIENTED_EDGE ( 'NONE', *, *, #6718, .F. ) ;
#6951 = DIRECTION ( 'NONE',  ( -1.224606353822377300E-016, -1.000000000000000000, -0.0000000000000000000 ) ) ;
#6952 = DIRECTION ( 'NONE',  ( -0.0000000000000000000, -1.000000000000000000, -1.224606353822377300E-016 ) ) ;
#6953 = VECTOR ( 'NONE', #5601, 1000.000000000000000 ) ;
#6954 = LINE ( 'NONE', #3348, #7458 ) ;
#6955 = PLANE ( 'NONE',  #5944 ) ;
#6956 = CARTESIAN_POINT ( 'NONE',  ( 406.7663037936084700, 102.2916782713104900, -12.14999999999980100 ) ) ;
#6957 = ADVANCED_FACE ( 'NONE', ( #3423 ), #1347, .T. ) ;
#6958 = ORIENTED_EDGE ( 'NONE', *, *, #7034, .T. ) ;
#6959 = CARTESIAN_POINT ( 'NONE',  ( 406.5905678623204300, 96.09167827131057000, -12.14999999999988300 ) ) ;
#6960 = EDGE_CURVE ( 'NONE', #299, #3087, #5007, .T. ) ;
#6961 = DIRECTION ( 'NONE',  ( -1.000000000000000000, -1.224606353822377300E-016, 1.499660721822137400E-032 ) ) ;
#6962 = PLANE ( 'NONE',  #1526 ) ;
#6963 = VECTOR ( 'NONE', #7152, 1000.000000000000000 ) ;
#6964 = VECTOR ( 'NONE', #4186, 1000.000000000000000 ) ;
#6965 = ADVANCED_FACE ( 'NONE', ( #440 ), #5141, .F. ) ;
#6966 = DIRECTION ( 'NONE',  ( 1.499660721822137400E-032, -1.836494048521242100E-048, -1.000000000000000000 ) ) ;
#6967 = DIRECTION ( 'NONE',  ( -1.499660721822137700E-032, 1.000000000000000000, 1.224606353822377500E-016 ) ) ;
#6968 = PLANE ( 'NONE',  #7929 ) ;
#6969 = EDGE_CURVE ( 'NONE', #2609, #4865, #1560, .T. ) ;
#6970 = EDGE_LOOP ( 'NONE', ( #1812, #2726, #6037, #5553 ) ) ;
#6971 = ORIENTED_EDGE ( 'NONE', *, *, #677, .T. ) ;
#6972 = EDGE_CURVE ( 'NONE', #6393, #5174, #6352, .T. ) ;
#6973 = VECTOR ( 'NONE', #1356, 1000.000000000000100 ) ;
#6974 = CARTESIAN_POINT ( 'NONE',  ( 404.1405678623203200, 95.64167827131045400, -3.049999999999960700 ) ) ;
#6975 = LINE ( 'NONE', #3053, #6759 ) ;
#6976 = CARTESIAN_POINT ( 'NONE',  ( 404.1705678623203000, 100.9816782713105100, -9.449999999999958400 ) ) ;
#6977 = DIRECTION ( 'NONE',  ( -0.0000000000000000000, -1.000000000000000000, 0.0000000000000000000 ) ) ;
#6978 = AXIS2_PLACEMENT_3D ( 'NONE', #6473, #2753, #7080 ) ;
#6979 = DIRECTION ( 'NONE',  ( 9.655296069935245900E-033, -1.182393691527893000E-048, 1.000000000000000000 ) ) ;
#6980 = VERTEX_POINT ( 'NONE', #716 ) ;
#6981 = VERTEX_POINT ( 'NONE', #4276 ) ;
#6982 = VERTEX_POINT ( 'NONE', #530 ) ;
#6983 = VECTOR ( 'NONE', #4648, 1000.000000000000000 ) ;
#6984 = EDGE_CURVE ( 'NONE', #3093, #3266, #5543, .T. ) ;
#6985 = VERTEX_POINT ( 'NONE', #1483 ) ;
#6986 = DIRECTION ( 'NONE',  ( 0.0000000000000000000, 1.224606353822377300E-016, -1.000000000000000000 ) ) ;
#6987 = ORIENTED_EDGE ( 'NONE', *, *, #1406, .T. ) ;
#6988 = VERTEX_POINT ( 'NONE', #1878 ) ;
#6989 = CARTESIAN_POINT ( 'NONE',  ( 416.4905678623202900, 94.99167827131049100, -11.84999999999993700 ) ) ;
#6990 = ORIENTED_EDGE ( 'NONE', *, *, #3704, .F. ) ;
#6991 = ORIENTED_EDGE ( 'NONE', *, *, #5392, .T. ) ;
#6992 = VECTOR ( 'NONE', #1758, 1000.000000000000200 ) ;
#6993 = ADVANCED_FACE ( 'NONE', ( #6535 ), #341, .T. ) ;
#6994 = CARTESIAN_POINT ( 'NONE',  ( 401.6305678623202800, 98.44167827131050800, -3.649999999999955900 ) ) ;
#6995 = ORIENTED_EDGE ( 'NONE', *, *, #5129, .F. ) ;
#6996 = FACE_OUTER_BOUND ( 'NONE', #2497, .T. ) ;
#6997 = LINE ( 'NONE', #138, #2083 ) ;
#6998 = CARTESIAN_POINT ( 'NONE',  ( 404.1405678623203200, 96.84167827131044200, -9.799999999999954500 ) ) ;
#6999 = CARTESIAN_POINT ( 'NONE',  ( 411.2505678623202800, 100.8816782713105100, -15.14999999999995200 ) ) ;
#7000 = EDGE_CURVE ( 'NONE', #4636, #4293, #3696, .T. ) ;
#7001 = ADVANCED_FACE ( 'NONE', ( #5568 ), #2327, .T. ) ;
#7002 = CARTESIAN_POINT ( 'NONE',  ( 410.8505678623202500, 99.40167827131050200, -11.84999999999993700 ) ) ;
#7003 = CARTESIAN_POINT ( 'NONE',  ( 403.5305678623203100, 98.44167827131049400, -11.74999999999995200 ) ) ;
#7004 = VERTEX_POINT ( 'NONE', #2202 ) ;
#7005 = EDGE_LOOP ( 'NONE', ( #4858, #2044, #6639, #4924 ) ) ;
#7006 = LINE ( 'NONE', #5751, #3036 ) ;
#7007 = CARTESIAN_POINT ( 'NONE',  ( 408.6105678623203500, 100.3416782713105100, -4.649999999999955900 ) ) ;
#7008 = CARTESIAN_POINT ( 'NONE',  ( 411.2505678623202800, 97.90167827131050200, -3.549999999999954100 ) ) ;
#7009 = ORIENTED_EDGE ( 'NONE', *, *, #550, .F. ) ;
#7010 = CARTESIAN_POINT ( 'NONE',  ( 406.0705678623203300, 100.9816782713105100, -3.849999999999951700 ) ) ;
#7011 = CARTESIAN_POINT ( 'NONE',  ( 400.9905678623202900, 97.80167827131052100, -14.84999999999995500 ) ) ;
#7012 = DIRECTION ( 'NONE',  ( 1.499660721822137400E-032, 1.836494048521242100E-048, 1.000000000000000000 ) ) ;
#7013 = EDGE_CURVE ( 'NONE', #168, #3174, #6261, .T. ) ;
#7014 = EDGE_CURVE ( 'NONE', #6702, #1708, #7483, .T. ) ;
#7015 = ORIENTED_EDGE ( 'NONE', *, *, #5812, .F. ) ;
#7016 = VECTOR ( 'NONE', #3074, 1000.000000000000000 ) ;
#7017 = ADVANCED_FACE ( 'NONE', ( #6926 ), #371, .T. ) ;
#7018 = CARTESIAN_POINT ( 'NONE',  ( 414.8405678623203100, 103.8416782713105000, -11.84999999999993700 ) ) ;
#7019 = CARTESIAN_POINT ( 'NONE',  ( 411.1505678623203200, 97.80167827131050700, -3.649999999999955900 ) ) ;
#7020 = VECTOR ( 'NONE', #3953, 1000.000000000000000 ) ;
#7021 = EDGE_CURVE ( 'NONE', #6669, #2357, #1813, .T. ) ;
#7022 = LINE ( 'NONE', #1641, #7684 ) ;
#7023 = ADVANCED_FACE ( 'NONE', ( #3717 ), #1931, .F. ) ;
#7024 = EDGE_CURVE ( 'NONE', #6501, #2254, #6077, .T. ) ;
#7025 = CARTESIAN_POINT ( 'NONE',  ( 400.9905678623203500, 98.44167827131050800, -3.849999999999942800 ) ) ;
#7026 = CARTESIAN_POINT ( 'NONE',  ( 403.6305678623203300, 100.8816782713105100, -15.14999999999994200 ) ) ;
#7027 = DIRECTION ( 'NONE',  ( 1.000000000000000000, 3.672988097042484200E-048, -2.999321443644274900E-032 ) ) ;
#7028 = CARTESIAN_POINT ( 'NONE',  ( 400.9905678623202900, 100.3416782713105100, -9.449999999999958400 ) ) ;
#7029 = CALENDAR_DATE ( 2015, 1, 9 ) ;
#7030 = VECTOR ( 'NONE', #7788, 1000.000000000000200 ) ;
#7031 = ORIENTED_EDGE ( 'NONE', *, *, #4651, .F. ) ;
#7032 = VECTOR ( 'NONE', #2702, 1000.000000000000000 ) ;
#7033 = CARTESIAN_POINT ( 'NONE',  ( 404.0705678623203300, 100.4416782713105100, -15.14999999999994200 ) ) ;
#7034 = EDGE_CURVE ( 'NONE', #3175, #85, #7898, .T. ) ;
#7035 = FACE_OUTER_BOUND ( 'NONE', #749, .T. ) ;
#7036 = CARTESIAN_POINT ( 'NONE',  ( 403.2305678623203000, 100.0416782713105200, -11.84999999999994500 ) ) ;
#7037 = CARTESIAN_POINT ( 'NONE',  ( 401.0405678623203000, 100.9816782713105300, -14.99999999999995000 ) ) ;
#7038 = PLANE ( 'NONE',  #7189 ) ;
#7039 = LINE ( 'NONE', #6999, #5563 ) ;
#7040 = DIRECTION ( 'NONE',  ( 0.0000000000000000000, 2.449212707644755000E-016, -1.000000000000000000 ) ) ;
#7041 = LINE ( 'NONE', #3240, #7016 ) ;
#7042 = ORIENTED_EDGE ( 'NONE', *, *, #6984, .F. ) ;
#7043 = AXIS2_PLACEMENT_3D ( 'NONE', #527, #2353, #5367 ) ;
#7044 = ADVANCED_FACE ( 'NONE', ( #34 ), #2897, .T. ) ;
#7045 = VECTOR ( 'NONE', #247, 1000.000000000000000 ) ;
#7046 = DIRECTION ( 'NONE',  ( -1.224606353822376800E-016, -1.000000000000000000, -2.449212707644755000E-016 ) ) ;
#7047 = DIRECTION ( 'NONE',  ( -0.6882472016118187400, -0.6882472016115641600, 0.2294157338705253600 ) ) ;
#7048 = DIRECTION ( 'NONE',  ( 1.000000000000000000, 1.224606353822377300E-016, 1.499660721822137400E-032 ) ) ;
#7049 = LINE ( 'NONE', #133, #5512 ) ;
#7050 = ORIENTED_EDGE ( 'NONE', *, *, #6754, .F. ) ;
#7051 = CARTESIAN_POINT ( 'NONE',  ( 404.4705678623203100, 99.40167827131050200, -11.84999999999993700 ) ) ;
#7052 = VECTOR ( 'NONE', #6564, 1000.000000000000100 ) ;
#7053 = PLANE ( 'NONE',  #2488 ) ;
#7054 = CARTESIAN_POINT ( 'NONE',  ( 404.0705678623203300, 98.34167827131051400, -15.14999999999994500 ) ) ;
#7055 = CARTESIAN_POINT ( 'NONE',  ( 411.7905678623203000, 98.44167827131050800, -9.449999999999960200 ) ) ;
#7056 = CARTESIAN_POINT ( 'NONE',  ( 414.6908421924129600, 96.66702065431107400, -12.14999984841367500 ) ) ;
#7057 = ORIENTED_EDGE ( 'NONE', *, *, #1364, .T. ) ;
#7058 = LINE ( 'NONE', #3189, #6075 ) ;
#7059 = DIRECTION ( 'NONE',  ( -0.0000000000000000000, -1.000000000000000000, -0.0000000000000000000 ) ) ;
#7060 = EDGE_CURVE ( 'NONE', #2254, #196, #5579, .T. ) ;
#7061 = CARTESIAN_POINT ( 'NONE',  ( 411.1505678623203200, 100.9816782713105000, -11.74999999999996800 ) ) ;
#7062 = DIRECTION ( 'NONE',  ( 1.000000000000000000, 0.0000000000000000000, 1.873501354054741900E-013 ) ) ;
#7063 = EDGE_LOOP ( 'NONE', ( #5146, #3776, #6803, #2536 ) ) ;
#7064 = DIRECTION ( 'NONE',  ( -2.999321443644274900E-032, 1.224606353822377300E-016, -1.000000000000000000 ) ) ;
#7065 = DIRECTION ( 'NONE',  ( 0.0000000000000000000, 0.3162277660168412200, 0.9486832980505126600 ) ) ;
#7066 = DIRECTION ( 'NONE',  ( -1.856154119295282300E-013, -1.734723475997268600E-015, 1.000000000000000000 ) ) ;
#7067 = FACE_BOUND ( 'NONE', #5596, .T. ) ;
#7068 = CARTESIAN_POINT ( 'NONE',  ( 406.3905678623203200, 96.49167827131054800, -11.84999999999984500 ) ) ;
#7069 = ORIENTED_EDGE ( 'NONE', *, *, #4301, .T. ) ;
#7070 = CARTESIAN_POINT ( 'NONE',  ( 406.7105678623203700, 100.9816782713105100, -4.649999999999955900 ) ) ;
#7071 = EDGE_CURVE ( 'NONE', #2890, #1426, #7567, .T. ) ;
#7072 = VECTOR ( 'NONE', #506, 1000.000000000000000 ) ;
#7073 = DIRECTION ( 'NONE',  ( 0.0000000000000000000, 0.0000000000000000000, 1.000000000000000000 ) ) ;
#7074 = DIRECTION ( 'NONE',  ( -1.000000000000000000, 0.0000000000000000000, 0.0000000000000000000 ) ) ;
#7075 = ORIENTED_EDGE ( 'NONE', *, *, #482, .F. ) ;
#7076 = ORIENTED_EDGE ( 'NONE', *, *, #719, .T. ) ;
#7077 = LINE ( 'NONE', #547, #4530 ) ;
#7078 = DIRECTION ( 'NONE',  ( 1.224606353822377300E-016, 1.000000000000000000, 0.0000000000000000000 ) ) ;
#7079 = PLANE ( 'NONE',  #5731 ) ;
#7080 = DIRECTION ( 'NONE',  ( -0.3162277660169020000, 0.0000000000000000000, -0.9486832980504924500 ) ) ;
#7081 = CARTESIAN_POINT ( 'NONE',  ( 404.1705678623203000, 97.80167827131050700, -11.74999999999995200 ) ) ;
#7082 = CARTESIAN_POINT ( 'NONE',  ( 411.6905678623203400, 98.34167827131049900, -15.14999999999995200 ) ) ;
#7083 = FACE_OUTER_BOUND ( 'NONE', #282, .T. ) ;
#7084 = DIRECTION ( 'NONE',  ( -0.0000000000000000000, -0.7071067811865479100, 0.7071067811865472400 ) ) ;
#7085 = ORIENTED_EDGE ( 'NONE', *, *, #6467, .T. ) ;
#7086 = ORIENTED_EDGE ( 'NONE', *, *, #5259, .T. ) ;
#7087 = CARTESIAN_POINT ( 'NONE',  ( 415.1640678623202200, 97.74167827131049100, -11.84999999999993700 ) ) ;
#7088 = CARTESIAN_POINT ( 'NONE',  ( 406.7105678623203700, 100.8816782713105100, -15.14999999999995600 ) ) ;
#7089 = CC_DESIGN_PERSON_AND_ORGANIZATION_ASSIGNMENT ( #5489, #2511, ( #5847 ) ) ;
#7090 = CARTESIAN_POINT ( 'NONE',  ( 414.5905678623202600, 102.7916782713102900, -11.84999999999993600 ) ) ;
#7091 = PLANE ( 'NONE',  #6461 ) ;
#7092 = ORIENTED_EDGE ( 'NONE', *, *, #4209, .F. ) ;
#7093 = VERTEX_POINT ( 'NONE', #5418 ) ;
#7094 = ORIENTED_EDGE ( 'NONE', *, *, #5824, .F. ) ;
#7095 = ORIENTED_EDGE ( 'NONE', *, *, #318, .F. ) ;
#7096 = CARTESIAN_POINT ( 'NONE',  ( 401.6305678623202800, 100.9816782713105100, -3.849999999999954300 ) ) ;
#7097 = EDGE_CURVE ( 'NONE', #6598, #3977, #6270, .T. ) ;
#7098 = CARTESIAN_POINT ( 'NONE',  ( 400.9905678623202900, 100.3416782713105100, -14.84999999999995900 ) ) ;
#7099 = ORIENTED_EDGE ( 'NONE', *, *, #7765, .T. ) ;
#7100 = VERTEX_POINT ( 'NONE', #5855 ) ;
#7101 = CARTESIAN_POINT ( 'NONE',  ( 401.6305678623202800, 96.15167827131051600, -9.449999999999960200 ) ) ;
#7102 = PLANE ( 'NONE',  #669 ) ;
#7103 = LINE ( 'NONE', #3567, #3404 ) ;
#7104 = ORIENTED_EDGE ( 'NONE', *, *, #5171, .F. ) ;
#7105 = CARTESIAN_POINT ( 'NONE',  ( 401.9305678623203400, 101.2816782713104800, -11.84999999999996800 ) ) ;
#7106 = DIRECTION ( 'NONE',  ( 0.0000000000000000000, -0.3162277660168418800, -0.9486832980505124400 ) ) ;
#7107 = ORIENTED_EDGE ( 'NONE', *, *, #4891, .T. ) ;
#7108 = EDGE_CURVE ( 'NONE', #4646, #3093, #1527, .T. ) ;
#7109 = CARTESIAN_POINT ( 'NONE',  ( 406.1401871718889000, 103.8416782713104700, -12.43309518948451900 ) ) ;
#7110 = VECTOR ( 'NONE', #7304, 1000.000000000000000 ) ;
#7111 = VECTOR ( 'NONE', #7519, 1000.000000000000000 ) ;
#7112 = ORIENTED_EDGE ( 'NONE', *, *, #784, .T. ) ;
#7113 = DIRECTION ( 'NONE',  ( 1.224606353822377300E-016, -1.000000000000000000, 0.0000000000000000000 ) ) ;
#7114 = LINE ( 'NONE', #4215, #4310 ) ;
#7115 = PLANE ( 'NONE',  #2553 ) ;
#7116 = DIRECTION ( 'NONE',  ( 1.000000000000000000, 1.499660721822137700E-032, 1.836494048521242700E-048 ) ) ;
#7117 = FACE_OUTER_BOUND ( 'NONE', #7437, .T. ) ;
#7118 = CARTESIAN_POINT ( 'NONE',  ( 408.6405678623202700, 95.64167827131045400, -3.049999999999956700 ) ) ;
#7119 = ORIENTED_EDGE ( 'NONE', *, *, #3544, .T. ) ;
#7120 = EDGE_CURVE ( 'NONE', #3307, #604, #4620, .T. ) ;
#7121 = LINE ( 'NONE', #2719, #3517 ) ;
#7122 = AXIS2_PLACEMENT_3D ( 'NONE', #4141, #834, #3383 ) ;
#7123 = CARTESIAN_POINT ( 'NONE',  ( 408.6105678623203500, 97.80167827131050700, -14.84999999999995900 ) ) ;
#7124 = VECTOR ( 'NONE', #1540, 1000.000000000000000 ) ;
#7125 = ORIENTED_EDGE ( 'NONE', *, *, #1647, .F. ) ;
#7126 = PLANE ( 'NONE',  #5113 ) ;
#7127 = FACE_OUTER_BOUND ( 'NONE', #5378, .T. ) ;
#7128 = CARTESIAN_POINT ( 'NONE',  ( 406.7105678623203700, 100.9816782713105100, -11.74999999999994800 ) ) ;
#7129 = VECTOR ( 'NONE', #5947, 1000.000000000000000 ) ;
#7130 = EDGE_CURVE ( 'NONE', #6779, #7776, #7921, .T. ) ;
#7131 = LINE ( 'NONE', #5584, #6943 ) ;
#7132 = EDGE_CURVE ( 'NONE', #7358, #4089, #4519, .T. ) ;
#7133 = ORIENTED_EDGE ( 'NONE', *, *, #6328, .F. ) ;
#7134 = DIRECTION ( 'NONE',  ( -0.6882472016117359100, -0.6882472016116404400, 0.2294157338705442000 ) ) ;
#7135 = DIRECTION ( 'NONE',  ( 0.0000000000000000000, 1.000000000000000000, 1.224606353822377300E-016 ) ) ;
#7136 = VECTOR ( 'NONE', #4535, 1000.000000000000000 ) ;
#7137 = AXIS2_PLACEMENT_3D ( 'NONE', #4335, #2718, #7724 ) ;
#7138 = VECTOR ( 'NONE', #5347, 999.9999999999998900 ) ;
#7139 = AXIS2_PLACEMENT_3D ( 'NONE', #4712, #4595, #4569 ) ;
#7140 = VECTOR ( 'NONE', #5664, 1000.000000000000000 ) ;
#7141 = CARTESIAN_POINT ( 'NONE',  ( 406.7105678623203700, 100.3416782713104900, -3.849999999999952600 ) ) ;
#7142 = LINE ( 'NONE', #2594, #5880 ) ;
#7143 = DIRECTION ( 'NONE',  ( 1.000000000000000000, 1.224606353822377300E-016, 1.499660721822137400E-032 ) ) ;
#7144 = VERTEX_POINT ( 'NONE', #7008 ) ;
#7145 = CARTESIAN_POINT ( 'NONE',  ( 410.8505678623202500, 100.0416782713104700, -11.84999999999995000 ) ) ;
#7146 = EDGE_CURVE ( 'NONE', #7933, #3823, #4604, .T. ) ;
#7147 = CARTESIAN_POINT ( 'NONE',  ( 411.7905678623203600, 97.90167827131051600, -15.14999999999995600 ) ) ;
#7148 = LINE ( 'NONE', #7025, #2596 ) ;
#7149 = CARTESIAN_POINT ( 'NONE',  ( 408.6105678623203500, 100.3416782713105000, -4.649999999999955900 ) ) ;
#7150 = EDGE_CURVE ( 'NONE', #6728, #1451, #6804, .T. ) ;
#7151 = CARTESIAN_POINT ( 'NONE',  ( 406.0705678623203300, 100.9816782713105100, -4.649999999999955900 ) ) ;
#7152 = DIRECTION ( 'NONE',  ( -1.224606353822377300E-016, 1.000000000000000000, -0.0000000000000000000 ) ) ;
#7153 = AXIS2_PLACEMENT_3D ( 'NONE', #1296, #1308, #1314 ) ;
#7154 = CARTESIAN_POINT ( 'NONE',  ( 409.2505678623203400, 100.9816782713105100, -14.84999999999995900 ) ) ;
#7155 = ORIENTED_EDGE ( 'NONE', *, *, #5195, .T. ) ;
#7156 = VECTOR ( 'NONE', #661, 1000.000000000000000 ) ;
#7157 = CARTESIAN_POINT ( 'NONE',  ( 403.5305678623203100, 100.9816782713105100, -3.849999999999947200 ) ) ;
#7158 = DIRECTION ( 'NONE',  ( -1.224606353822377300E-016, 1.000000000000000000, -0.0000000000000000000 ) ) ;
#7159 = EDGE_CURVE ( 'NONE', #1873, #1013, #6444, .T. ) ;
#7160 = ORIENTED_EDGE ( 'NONE', *, *, #3800, .F. ) ;
#7161 = FACE_OUTER_BOUND ( 'NONE', #915, .T. ) ;
#7162 = CARTESIAN_POINT ( 'NONE',  ( 406.0148319310323500, 101.5402064087342900, -12.14999999999994200 ) ) ;
#7163 = CARTESIAN_POINT ( 'NONE',  ( 401.9305678623203400, 98.74167827131047700, -11.84999999999995700 ) ) ;
#7164 = CARTESIAN_POINT ( 'NONE',  ( 412.0905678623202600, 97.50167827131048200, -11.84999999999994800 ) ) ;
#7165 = DIRECTION ( 'NONE',  ( 1.000000000000000000, -1.224606353822377300E-016, 1.499660721822137400E-032 ) ) ;
#7166 = EDGE_LOOP ( 'NONE', ( #400, #7720, #1179, #7454 ) ) ;
#7167 = CARTESIAN_POINT ( 'NONE',  ( 397.3905678623203200, 102.6416782713104800, -3.550000000000002500 ) ) ;
#7168 = VECTOR ( 'NONE', #121, 1000.000000000000100 ) ;
#7169 = LINE ( 'NONE', #3255, #3324 ) ;
#7170 = EDGE_CURVE ( 'NONE', #6816, #7933, #3492, .T. ) ;
#7171 = DIRECTION ( 'NONE',  ( 2.999321443644274300E-032, 1.000000000000000000, 2.449212707644755000E-016 ) ) ;
#7172 = CARTESIAN_POINT ( 'NONE',  ( 414.5905678702263200, 96.69167827130701200, -12.14999999999995200 ) ) ;
#7173 = PLANE ( 'NONE',  #6009 ) ;
#7174 = ORIENTED_EDGE ( 'NONE', *, *, #7761, .F. ) ;
#7175 = CARTESIAN_POINT ( 'NONE',  ( 414.7733805151807500, 96.57443472499672100, -12.14999931151711000 ) ) ;
#7176 = ORIENTED_EDGE ( 'NONE', *, *, #6784, .F. ) ;
#7177 = ORIENTED_EDGE ( 'NONE', *, *, #1547, .T. ) ;
#7178 = VECTOR ( 'NONE', #3584, 1000.000000000000100 ) ;
#7179 = CARTESIAN_POINT ( 'NONE',  ( 408.6105678623203500, 100.9816782713105100, -4.649999999999955900 ) ) ;
#7180 = EDGE_CURVE ( 'NONE', #1576, #5083, #4110, .T. ) ;
#7181 = VERTEX_POINT ( 'NONE', #4683 ) ;
#7182 = EDGE_LOOP ( 'NONE', ( #1123, #1614, #6515, #4976 ) ) ;
#7183 = VECTOR ( 'NONE', #2602, 1000.000000000000000 ) ;
#7184 = CARTESIAN_POINT ( 'NONE',  ( 411.7905678623203000, 97.80167827131052100, -14.84999999999995700 ) ) ;
#7185 = CARTESIAN_POINT ( 'NONE',  ( 409.2505678623202800, 100.3416782713105000, -14.84999999999995700 ) ) ;
#7186 = AXIS2_PLACEMENT_3D ( 'NONE', #3843, #4715, #5193 ) ;
#7187 = ORIENTED_EDGE ( 'NONE', *, *, #206, .T. ) ;
#7188 = FACE_OUTER_BOUND ( 'NONE', #2346, .T. ) ;
#7189 = AXIS2_PLACEMENT_3D ( 'NONE', #6886, #6857, #6847 ) ;
#7190 = CARTESIAN_POINT ( 'NONE',  ( 414.6426724389712600, 96.68688497509583600, -12.14999979198070100 ) ) ;
#7191 = VERTEX_POINT ( 'NONE', #4494 ) ;
#7192 = DIRECTION ( 'NONE',  ( -0.9486832980504924500, -7.745090630384469000E-017, -0.3162277660169020000 ) ) ;
#7193 = CARTESIAN_POINT ( 'NONE',  ( 409.1505678623204300, 100.8816782713105100, -3.549999999999967800 ) ) ;
#7194 = CARTESIAN_POINT ( 'NONE',  ( 409.2505678623202800, 100.9816782713105100, -11.74999999999995900 ) ) ;
#7195 = EDGE_CURVE ( 'NONE', #6411, #7726, #2936, .T. ) ;
#7196 = DIRECTION ( 'NONE',  ( 0.0000000000000000000, 0.0000000000000000000, -1.000000000000000000 ) ) ;
#7197 = EDGE_CURVE ( 'NONE', #5083, #6980, #1652, .T. ) ;
#7198 = ORIENTED_EDGE ( 'NONE', *, *, #554, .T. ) ;
#7199 = DIRECTION ( 'NONE',  ( 1.499660721822137400E-032, -1.836494048521242100E-048, -1.000000000000000000 ) ) ;
#7200 = AXIS2_PLACEMENT_3D ( 'NONE', #4341, #4407, #4436 ) ;
#7201 = CARTESIAN_POINT ( 'NONE',  ( 414.7118284852398300, 96.65291670465798300, -12.15000000577958900 ) ) ;
#7202 = DIRECTION ( 'NONE',  ( -0.3162277660169020000, 0.0000000000000000000, 0.9486832980504924500 ) ) ;
#7203 = DIRECTION ( 'NONE',  ( -0.6882472016117184800, -0.6882472016116546500, 0.2294157338705542200 ) ) ;
#7204 = ORIENTED_EDGE ( 'NONE', *, *, #4891, .F. ) ;
#7205 = ORIENTED_EDGE ( 'NONE', *, *, #5940, .F. ) ;
#7206 = EDGE_CURVE ( 'NONE', #3376, #3236, #947, .T. ) ;
#7207 = VERTEX_POINT ( 'NONE', #2190 ) ;
#7208 = DIRECTION ( 'NONE',  ( 1.000000000000000000, -0.0000000000000000000, 0.0000000000000000000 ) ) ;
#7209 = CARTESIAN_POINT ( 'NONE',  ( 414.7359923102196700, 96.62921092868633400, -12.14999999775089300 ) ) ;
#7210 = DIRECTION ( 'NONE',  ( -1.224606353822377300E-016, -1.000000000000000000, -0.0000000000000000000 ) ) ;
#7211 = ORIENTED_EDGE ( 'NONE', *, *, #4441, .F. ) ;
#7212 = CALENDAR_DATE ( 2015, 1, 9 ) ;
#7213 = LINE ( 'NONE', #3104, #6812 ) ;
#7214 = ORIENTED_EDGE ( 'NONE', *, *, #5105, .T. ) ;
#7215 = CARTESIAN_POINT ( 'NONE',  ( 414.7408066009141400, 96.62405220854032000, -12.14999999651239500 ) ) ;
#7216 = DIRECTION ( 'NONE',  ( 1.000000000000000000, 1.064154322375103700E-047, -2.896588820980573400E-032 ) ) ;
#7217 = DIRECTION ( 'NONE',  ( -1.499660721822137700E-032, 1.000000000000000000, 1.224606353822377500E-016 ) ) ;
#7218 = EDGE_CURVE ( 'NONE', #1786, #4251, #5736, .T. ) ;
#7219 = ADVANCED_FACE ( 'NONE', ( #3819 ), #1405, .T. ) ;
#7220 = CARTESIAN_POINT ( 'NONE',  ( 406.0705678623203300, 100.9816782713105100, -11.74999999999995200 ) ) ;
#7221 = FACE_OUTER_BOUND ( 'NONE', #3727, .T. ) ;
#7222 = ORIENTED_EDGE ( 'NONE', *, *, #7884, .F. ) ;
#7223 = ADVANCED_FACE ( 'NONE', ( #3993 ), #883, .T. ) ;
#7224 = ORIENTED_EDGE ( 'NONE', *, *, #938, .T. ) ;
#7225 = CARTESIAN_POINT ( 'NONE',  ( 414.7502293641122200, 96.61282184588336000, -12.14999987905182800 ) ) ;
#7226 = DIRECTION ( 'NONE',  ( 1.000000000000000000, -0.0000000000000000000, 0.0000000000000000000 ) ) ;
#7227 = LINE ( 'NONE', #2891, #847 ) ;
#7228 = ADVANCED_FACE ( 'NONE', ( #2215 ), #969, .T. ) ;
#7229 = EDGE_CURVE ( 'NONE', #6101, #1700, #4419, .T. ) ;
#7230 = LINE ( 'NONE', #3319, #6102 ) ;
#7231 = AXIS2_PLACEMENT_3D ( 'NONE', #6504, #1090, #2399 ) ;
#7232 = VECTOR ( 'NONE', #2759, 1000.000000000000000 ) ;
#7233 = VECTOR ( 'NONE', #2390, 1000.000000000000000 ) ;
#7234 = LINE ( 'NONE', #2605, #2292 ) ;
#7235 = AXIS2_PLACEMENT_3D ( 'NONE', #3593, #3606, #3608 ) ;
#7236 = CARTESIAN_POINT ( 'NONE',  ( 404.1705678623203000, 97.80167827131050700, -3.649999999999955900 ) ) ;
#7237 = LINE ( 'NONE', #1059, #6335 ) ;
#7238 = CARTESIAN_POINT ( 'NONE',  ( 414.7580236627057400, 96.60216029825348000, -12.14999965167735000 ) ) ;
#7239 = ORIENTED_EDGE ( 'NONE', *, *, #6593, .F. ) ;
#7240 = FACE_OUTER_BOUND ( 'NONE', #3135, .T. ) ;
#7241 = EDGE_CURVE ( 'NONE', #6154, #3763, #5758, .T. ) ;
#7242 = CARTESIAN_POINT ( 'NONE',  ( 414.7662647524259700, 96.58890428263873700, -12.14999930497968400 ) ) ;
#7243 = CARTESIAN_POINT ( 'NONE',  ( 425.4405678623202800, 100.0416782713105200, -11.84999999999993700 ) ) ;
#7244 = DIRECTION ( 'NONE',  ( 0.0000000000000000000, 1.224606353822377300E-016, -1.000000000000000000 ) ) ;
#7245 = LINE ( 'NONE', #147, #1442 ) ;
#7246 = CARTESIAN_POINT ( 'NONE',  ( 414.7687947712781800, 96.58402644210329400, -12.14999916891635900 ) ) ;
#7247 = VERTEX_POINT ( 'NONE', #7520 ) ;
#7248 = AXIS2_PLACEMENT_3D ( 'NONE', #4200, #200, #948 ) ;
#7249 = DIRECTION ( 'NONE',  ( 0.0000000000000000000, 1.000000000000000000, 0.0000000000000000000 ) ) ;
#7250 = AXIS2_PLACEMENT_3D ( 'NONE', #4240, #1190, #5505 ) ;
#7251 = EDGE_LOOP ( 'NONE', ( #6684, #7318, #3056, #6703 ) ) ;
#7252 = CARTESIAN_POINT ( 'NONE',  ( 409.2505678623202800, 100.3416782713104900, -4.649999999999955900 ) ) ;
#7253 = DIRECTION ( 'NONE',  ( -0.9486832980505171000, 0.0000000000000000000, 0.3162277660168280000 ) ) ;
#7254 = ORIENTED_EDGE ( 'NONE', *, *, #5076, .F. ) ;
#7255 = CARTESIAN_POINT ( 'NONE',  ( 413.5355678623203100, 101.1316782713104500, -11.79999999999995500 ) ) ;
#7256 = EDGE_CURVE ( 'NONE', #2099, #2081, #2219, .T. ) ;
#7257 = CARTESIAN_POINT ( 'NONE',  ( 404.1705678623203000, 97.80167827131050700, -14.84999999999995000 ) ) ;
#7258 = CARTESIAN_POINT ( 'NONE',  ( 414.7709297032896500, 96.57979211680915900, -12.14999911548393500 ) ) ;
#7259 = VECTOR ( 'NONE', #5585, 1000.000000000000100 ) ;
#7260 = DIRECTION ( 'NONE',  ( 1.224606353822377300E-016, -1.000000000000000000, 0.0000000000000000000 ) ) ;
#7261 = ORIENTED_EDGE ( 'NONE', *, *, #6928, .T. ) ;
#7262 = DIRECTION ( 'NONE',  ( -0.9486832980505192100, -1.549018126077090500E-016, 0.3162277660168217900 ) ) ;
#7263 = CARTESIAN_POINT ( 'NONE',  ( 401.0905678623203100, 100.8816782713105200, -15.14999999999994900 ) ) ;
#7264 = EDGE_CURVE ( 'NONE', #6982, #1873, #7327, .T. ) ;
#7265 = VECTOR ( 'NONE', #796, 1000.000000000000000 ) ;
#7266 = ORIENTED_EDGE ( 'NONE', *, *, #747, .F. ) ;
#7267 = CARTESIAN_POINT ( 'NONE',  ( 414.7706700936282700, 96.58041210313989200, -12.14999907204494000 ) ) ;
#7268 = CARTESIAN_POINT ( 'NONE',  ( 406.0705678623203300, 98.44167827131050800, -3.849999999999955200 ) ) ;
#7269 = DIRECTION ( 'NONE',  ( -0.9486832980505172100, 0.0000000000000000000, 0.3162277660168276200 ) ) ;
#7270 = CARTESIAN_POINT ( 'NONE',  ( 414.7746644756998600, 96.57141515586027900, -12.14999941133826800 ) ) ;
#7271 = CARTESIAN_POINT ( 'NONE',  ( 411.1505678623203200, 97.80167827131050700, -11.74999999999996100 ) ) ;
#7272 = EDGE_CURVE ( 'NONE', #1013, #16, #6478, .T. ) ;
#7273 = ORIENTED_EDGE ( 'NONE', *, *, #1613, .F. ) ;
#7274 = ORIENTED_EDGE ( 'NONE', *, *, #6226, .F. ) ;
#7275 = AXIS2_PLACEMENT_3D ( 'NONE', #7410, #7403, #7390 ) ;
#7276 = CARTESIAN_POINT ( 'NONE',  ( 414.7855674613942400, 96.54399074260555800, -12.15000016818884800 ) ) ;
#7277 = CARTESIAN_POINT ( 'NONE',  ( 406.7105678623203700, 100.9816782713105100, -3.849999999999951700 ) ) ;
#7278 = CARTESIAN_POINT ( 'NONE',  ( 414.7905678622919900, 96.51783816903784400, -12.14999999999994700 ) ) ;
#7279 = AXIS2_PLACEMENT_3D ( 'NONE', #2415, #4412, #182 ) ;
#7280 = ORIENTED_EDGE ( 'NONE', *, *, #231, .T. ) ;
#7281 = VERTEX_POINT ( 'NONE', #6976 ) ;
#7282 = ORIENTED_EDGE ( 'NONE', *, *, #3259, .F. ) ;
#7283 = EDGE_LOOP ( 'NONE', ( #69, #4576, #975, #3230 ) ) ;
#7284 = VERTEX_POINT ( 'NONE', #6481 ) ;
#7285 = CARTESIAN_POINT ( 'NONE',  ( 404.1705678623203000, 100.9816782713105100, -3.849999999999949500 ) ) ;
#7286 = EDGE_CURVE ( 'NONE', #2593, #6229, #555, .T. ) ;
#7287 = ORIENTED_EDGE ( 'NONE', *, *, #5379, .F. ) ;
#7288 = EDGE_LOOP ( 'NONE', ( #4467, #5933, #4025, #94 ) ) ;
#7289 = EDGE_CURVE ( 'NONE', #7544, #7869, #3332, .T. ) ;
#7290 = CARTESIAN_POINT ( 'NONE',  ( 406.1705678623203000, 100.8816782713105100, -15.14999999999995900 ) ) ;
#7291 = EDGE_LOOP ( 'NONE', ( #4000, #2054, #1785, #532 ) ) ;
#7292 = DIRECTION ( 'NONE',  ( -0.3162277660169020000, 0.0000000000000000000, -0.9486832980504924500 ) ) ;
#7293 = ORIENTED_EDGE ( 'NONE', *, *, #6086, .T. ) ;
#7294 = VERTEX_POINT ( 'NONE', #5842 ) ;
#7295 = DIRECTION ( 'NONE',  ( 0.0000000000000000000, -0.3162277660168422700, 0.9486832980505124400 ) ) ;
#7296 = DIRECTION ( 'NONE',  ( 1.161763594557826500E-016, -0.9486832980505126600, -0.3162277660168414400 ) ) ;
#7297 = DIRECTION ( 'NONE',  ( -1.161763594557826500E-016, 0.9486832980505124400, 0.3162277660168422700 ) ) ;
#7298 = VERTEX_POINT ( 'NONE', #5785 ) ;
#7299 = EDGE_LOOP ( 'NONE', ( #3368, #6659, #1368, #7461 ) ) ;
#7300 = VECTOR ( 'NONE', #2001, 1000.000000000000000 ) ;
#7301 = CARTESIAN_POINT ( 'NONE',  ( 414.5905678623203100, 96.99167827131040600, -11.84999999999994300 ) ) ;
#7302 = EDGE_CURVE ( 'NONE', #2978, #7144, #9, .T. ) ;
#7303 = VECTOR ( 'NONE', #4992, 1000.000000000000000 ) ;
#7304 = DIRECTION ( 'NONE',  ( -0.0000000000000000000, -1.000000000000000000, -0.0000000000000000000 ) ) ;
#7305 = VERTEX_POINT ( 'NONE', #5730 ) ;
#7306 = EDGE_CURVE ( 'NONE', #389, #6339, #7742, .T. ) ;
#7307 = DIRECTION ( 'NONE',  ( -0.0000000000000000000, 1.734723475977359100E-015, 1.000000000000000000 ) ) ;
#7308 = ORIENTED_EDGE ( 'NONE', *, *, #2601, .T. ) ;
#7309 = AXIS2_PLACEMENT_3D ( 'NONE', #1274, #4717, #1909 ) ;
#7310 = LINE ( 'NONE', #5648, #7140 ) ;
#7311 = DIRECTION ( 'NONE',  ( -1.161763594557826500E-016, 0.9486832980505124400, 0.3162277660168422700 ) ) ;
#7312 = LINE ( 'NONE', #4011, #3767 ) ;
#7313 = VERTEX_POINT ( 'NONE', #5203 ) ;
#7314 = ORIENTED_EDGE ( 'NONE', *, *, #7827, .F. ) ;
#7315 = EDGE_CURVE ( 'NONE', #671, #6031, #1732, .T. ) ;
#7316 = FACE_OUTER_BOUND ( 'NONE', #3789, .T. ) ;
#7317 = VECTOR ( 'NONE', #1633, 1000.000000000000000 ) ;
#7318 = ORIENTED_EDGE ( 'NONE', *, *, #5328, .T. ) ;
#7319 = DIRECTION ( 'NONE',  ( 0.0000000000000000000, -1.000000000000000000, 0.0000000000000000000 ) ) ;
#7320 = FACE_BOUND ( 'NONE', #3286, .T. ) ;
#7321 = DIRECTION ( 'NONE',  ( 0.3015113445778816500, -0.3015113445777560800, 0.9045340337332540300 ) ) ;
#7322 = LINE ( 'NONE', #5540, #6221 ) ;
#7323 = DIRECTION ( 'NONE',  ( 1.000000000000000000, 1.224606353822377300E-016, 1.499660721822137400E-032 ) ) ;
#7324 = EDGE_CURVE ( 'NONE', #6981, #4372, #4010, .T. ) ;
#7325 = TOROIDAL_SURFACE ( 'NONE', #2722, 0.1999999999999085800, 0.2999999999999956000 ) ;
#7326 = DIRECTION ( 'NONE',  ( 1.232595164407831200E-032, -1.836909530733565600E-016, 1.000000000000000000 ) ) ;
#7327 = LINE ( 'NONE', #7061, #4279 ) ;
#7328 = VECTOR ( 'NONE', #2660, 1000.000000000000100 ) ;
#7329 = ORIENTED_EDGE ( 'NONE', *, *, #4101, .T. ) ;
#7330 = CARTESIAN_POINT ( 'NONE',  ( 411.6905678623203400, 100.8816782713105100, -15.14999999999994700 ) ) ;
#7331 = CARTESIAN_POINT ( 'NONE',  ( 414.5905678623203100, 103.8416782713105000, -3.649999999999949300 ) ) ;
#7332 = ADVANCED_FACE ( 'NONE', ( #6832 ), #4736, .T. ) ;
#7333 = EDGE_CURVE ( 'NONE', #5221, #389, #4202, .T. ) ;
#7334 = LINE ( 'NONE', #4461, #4300 ) ;
#7335 = EDGE_CURVE ( 'NONE', #1910, #5448, #6546, .T. ) ;
#7336 = DIRECTION ( 'NONE',  ( -1.224606353822377300E-016, 1.000000000000000000, -0.0000000000000000000 ) ) ;
#7337 = LINE ( 'NONE', #1773, #6992 ) ;
#7338 = EDGE_LOOP ( 'NONE', ( #3247, #6641, #7119, #2491 ) ) ;
#7339 = FACE_OUTER_BOUND ( 'NONE', #1437, .T. ) ;
#7340 = AXIS2_PLACEMENT_3D ( 'NONE', #3130, #3149, #2676 ) ;
#7341 = CARTESIAN_POINT ( 'NONE',  ( 409.4005678623203200, 98.59667827131048100, -11.79999999999995500 ) ) ;
#7342 = EDGE_LOOP ( 'NONE', ( #4243, #1881, #998, #2172 ) ) ;
#7343 = FACE_OUTER_BOUND ( 'NONE', #3392, .T. ) ;
#7344 = EDGE_CURVE ( 'NONE', #1803, #6714, #6648, .T. ) ;
#7345 = DIRECTION ( 'NONE',  ( 0.3162277660168280000, 3.098036252154228900E-016, -0.9486832980505171000 ) ) ;
#7346 = CARTESIAN_POINT ( 'NONE',  ( 408.6105678623203500, 100.9816782713105100, -4.649999999999955900 ) ) ;
#7347 = ORIENTED_EDGE ( 'NONE', *, *, #6406, .F. ) ;
#7348 = PLANE ( 'NONE',  #3426 ) ;
#7349 = CC_DESIGN_PERSON_AND_ORGANIZATION_ASSIGNMENT ( #6810, #5023, ( #6934 ) ) ;
#7350 = FACE_OUTER_BOUND ( 'NONE', #4472, .T. ) ;
#7351 = CARTESIAN_POINT ( 'NONE',  ( 401.7855678623203600, 98.59167827131048500, -11.79999999999995500 ) ) ;
#7352 = EDGE_CURVE ( 'NONE', #4093, #2922, #7334, .T. ) ;
#7353 = ORIENTED_EDGE ( 'NONE', *, *, #1029, .F. ) ;
#7354 = LINE ( 'NONE', #3516, #4852 ) ;
#7355 = VECTOR ( 'NONE', #7428, 1000.000000000000000 ) ;
#7356 = ORIENTED_EDGE ( 'NONE', *, *, #3758, .T. ) ;
#7357 = ORIENTED_EDGE ( 'NONE', *, *, #3984, .T. ) ;
#7358 = VERTEX_POINT ( 'NONE', #3493 ) ;
#7359 = DIRECTION ( 'NONE',  ( -0.0000000000000000000, -1.000000000000000000, -3.673819061467132300E-016 ) ) ;
#7360 = CARTESIAN_POINT ( 'NONE',  ( 411.2505678623202800, 98.34167827131049900, -15.14999999999995900 ) ) ;
#7361 = FACE_BOUND ( 'NONE', #5339, .T. ) ;
#7362 = VECTOR ( 'NONE', #2528, 1000.000000000000000 ) ;
#7363 = EDGE_CURVE ( 'NONE', #2890, #6019, #1118, .T. ) ;
#7364 = ADVANCED_FACE ( 'NONE', ( #4974 ), #3439, .T. ) ;
#7365 = EDGE_LOOP ( 'NONE', ( #6127, #6412, #7107, #5343, #5078, #1716, #3992, #7205 ) ) ;
#7366 = ORIENTED_EDGE ( 'NONE', *, *, #3273, .T. ) ;
#7367 = DIRECTION ( 'NONE',  ( -0.9486832980505172100, 0.0000000000000000000, 0.3162277660168276200 ) ) ;
#7368 = CARTESIAN_POINT ( 'NONE',  ( 404.0105678623203300, 98.39167827131049600, -3.699999999999946000 ) ) ;
#7369 = PLANE ( 'NONE',  #4257 ) ;
#7370 = EDGE_CURVE ( 'NONE', #6030, #5330, #5681, .T. ) ;
#7371 = ORIENTED_EDGE ( 'NONE', *, *, #3365, .F. ) ;
#7372 = ADVANCED_FACE ( 'NONE', ( #1223 ), #3197, .T. ) ;
#7373 = ORIENTED_EDGE ( 'NONE', *, *, #4741, .F. ) ;
#7374 = ORIENTED_EDGE ( 'NONE', *, *, #4501, .F. ) ;
#7375 = VERTEX_POINT ( 'NONE', #2698 ) ;
#7376 = EDGE_LOOP ( 'NONE', ( #4773, #830, #4768, #518 ) ) ;
#7377 = CARTESIAN_POINT ( 'NONE',  ( 407.0105678623203900, 99.40167827131050200, -11.84999999999993700 ) ) ;
#7378 = PLANE ( 'NONE',  #5018 ) ;
#7379 = CARTESIAN_POINT ( 'NONE',  ( 406.1401871718889000, 103.8416782713104700, -3.649999999999967500 ) ) ;
#7380 = ORIENTED_EDGE ( 'NONE', *, *, #636, .T. ) ;
#7381 = ORIENTED_EDGE ( 'NONE', *, *, #3688, .F. ) ;
#7382 = VECTOR ( 'NONE', #3927, 1000.000000000000000 ) ;
#7383 = EDGE_CURVE ( 'NONE', #5903, #5651, #2120, .T. ) ;
#7384 = DIRECTION ( 'NONE',  ( 0.0000000000000000000, 1.000000000000000000, 3.673819061467132300E-016 ) ) ;
#7385 = ORIENTED_EDGE ( 'NONE', *, *, #3379, .T. ) ;
#7386 = VECTOR ( 'NONE', #4192, 1000.000000000000000 ) ;
#7387 = AXIS2_PLACEMENT_3D ( 'NONE', #5109, #6253, #2510 ) ;
#7388 = VECTOR ( 'NONE', #5670, 1000.000000000000000 ) ;
#7389 = ORIENTED_EDGE ( 'NONE', *, *, #3509, .T. ) ;
#7390 = DIRECTION ( 'NONE',  ( 0.0000000000000000000, 0.9486832980505136600, 0.3162277660168385500 ) ) ;
#7391 = CARTESIAN_POINT ( 'NONE',  ( 409.5505678623202900, 100.0416782713105200, -11.84999999999994500 ) ) ;
#7392 = ORIENTED_EDGE ( 'NONE', *, *, #554, .F. ) ;
#7393 = ORIENTED_EDGE ( 'NONE', *, *, #5488, .T. ) ;
#7394 = CARTESIAN_POINT ( 'NONE',  ( 401.6305678623202800, 98.44167827131050800, -11.74999999999994800 ) ) ;
#7395 = EDGE_CURVE ( 'NONE', #5108, #2442, #7234, .T. ) ;
#7396 = VERTEX_POINT ( 'NONE', #2342 ) ;
#7397 = AXIS2_PLACEMENT_3D ( 'NONE', #2471, #2493, #2495 ) ;
#7398 = CARTESIAN_POINT ( 'NONE',  ( 411.7905678623203600, 100.9816782713105100, -14.84999999999995900 ) ) ;
#7399 = CARTESIAN_POINT ( 'NONE',  ( 403.5305678623203100, 100.9816782713105100, -4.649999999999955900 ) ) ;
#7400 = CARTESIAN_POINT ( 'NONE',  ( 397.6170678623203100, 101.0416782713104700, -9.449999999999958400 ) ) ;
#7401 = FACE_OUTER_BOUND ( 'NONE', #1787, .T. ) ;
#7402 = ADVANCED_FACE ( 'NONE', ( #1329 ), #2214, .T. ) ;
#7403 = DIRECTION ( 'NONE',  ( -3.872545315192768200E-017, 0.3162277660168385500, -0.9486832980505136600 ) ) ;
#7404 = ORIENTED_EDGE ( 'NONE', *, *, #3216, .F. ) ;
#7405 = EDGE_CURVE ( 'NONE', #6411, #6101, #130, .T. ) ;
#7406 = DIRECTION ( 'NONE',  ( 0.0000000000000000000, -2.449212707644755000E-016, 1.000000000000000000 ) ) ;
#7407 = ORIENTED_EDGE ( 'NONE', *, *, #6775, .F. ) ;
#7408 = LINE ( 'NONE', #2417, #3237 ) ;
#7409 = VECTOR ( 'NONE', #3657, 1000.000000000000000 ) ;
#7410 = CARTESIAN_POINT ( 'NONE',  ( 402.1055678623203000, 100.1916782713104800, -11.79999999999995500 ) ) ;
#7411 = ORIENTED_EDGE ( 'NONE', *, *, #4603, .T. ) ;
#7412 = DIRECTION ( 'NONE',  ( 1.000000000000000000, 1.224606353822377300E-016, 1.499660721822137400E-032 ) ) ;
#7413 = VECTOR ( 'NONE', #5937, 1000.000000000000000 ) ;
#7414 = VECTOR ( 'NONE', #5599, 1000.000000000000000 ) ;
#7415 = EDGE_CURVE ( 'NONE', #3512, #5589, #7748, .T. ) ;
#7416 = DIRECTION ( 'NONE',  ( 1.000000000000000000, -1.224606353822377300E-016, 1.499660721822137400E-032 ) ) ;
#7417 = MECHANICAL_CONTEXT ( 'NONE', #6801, 'mechanical' ) ;
#7418 = VECTOR ( 'NONE', #5620, 1000.000000000000000 ) ;
#7419 = EDGE_LOOP ( 'NONE', ( #6512, #1011, #2976, #681 ) ) ;
#7420 = VECTOR ( 'NONE', #6378, 1000.000000000000000 ) ;
#7421 = CARTESIAN_POINT ( 'NONE',  ( 406.6105678623202900, 98.34167827131051400, -15.14999999999996100 ) ) ;
#7422 = ORIENTED_EDGE ( 'NONE', *, *, #6704, .T. ) ;
#7423 = DIRECTION ( 'NONE',  ( 0.0000000000000000000, -1.224606353822377500E-016, 1.000000000000000000 ) ) ;
#7424 = DIRECTION ( 'NONE',  ( 1.224606353822377300E-016, -1.000000000000000000, -1.224606353822377300E-016 ) ) ;
#7425 = CARTESIAN_POINT ( 'NONE',  ( 396.2905678623203000, 103.7916782713104700, -11.84999999999993700 ) ) ;
#7426 = EDGE_CURVE ( 'NONE', #4975, #2318, #2009, .T. ) ;
#7427 = EDGE_CURVE ( 'NONE', #2270, #7207, #5074, .T. ) ;
#7428 = DIRECTION ( 'NONE',  ( -1.000000000000000000, -1.499660721822137700E-032, -1.836494048521242700E-048 ) ) ;
#7429 = DIRECTION ( 'NONE',  ( -0.0000000000000000000, -0.0000000000000000000, -1.000000000000000000 ) ) ;
#7430 = LINE ( 'NONE', #6288, #4433 ) ;
#7431 = AXIS2_PLACEMENT_3D ( 'NONE', #5886, #5286, #5240 ) ;
#7432 = LINE ( 'NONE', #649, #4819 ) ;
#7433 = CIRCLE ( 'NONE', #3964, 0.2999999999999947200 ) ;
#7434 = AXIS2_PLACEMENT_3D ( 'NONE', #4493, #7171, #7406 ) ;
#7435 = EDGE_CURVE ( 'NONE', #2379, #2102, #1752, .T. ) ;
#7436 = ADVANCED_FACE ( 'NONE', ( #2405 ), #858, .T. ) ;
#7437 = EDGE_LOOP ( 'NONE', ( #929, #4899, #317, #6739 ) ) ;
#7438 = LINE ( 'NONE', #3920, #7382 ) ;
#7439 = DIRECTION ( 'NONE',  ( -1.734723475976709300E-015, 9.629649721935494300E-029, 1.000000000000000000 ) ) ;
#7440 = PERSON_AND_ORGANIZATION_ROLE ( 'classification_officer' ) ;
#7441 = CARTESIAN_POINT ( 'NONE',  ( 398.3905678623201500, 102.2916782713104600, -12.14999999999990400 ) ) ;
#7442 = CARTESIAN_POINT ( 'NONE',  ( 406.0705678623203300, 97.80167827131050700, -14.84999999999995900 ) ) ;
#7443 = LINE ( 'NONE', #5167, #63 ) ;
#7444 = ORIENTED_EDGE ( 'NONE', *, *, #7241, .F. ) ;
#7445 = FACE_OUTER_BOUND ( 'NONE', #2144, .T. ) ;
#7446 = CARTESIAN_POINT ( 'NONE',  ( 408.6105678623203500, 100.9816782713105100, -3.849999999999948100 ) ) ;
#7447 = CARTESIAN_POINT ( 'NONE',  ( 411.7905678623203000, 100.9816782713105100, -4.649999999999955900 ) ) ;
#7448 = EDGE_CURVE ( 'NONE', #2007, #2334, #2746, .T. ) ;
#7449 = DIRECTION ( 'NONE',  ( -1.161763594557826000E-016, 0.9486832980505127700, -0.3162277660168412700 ) ) ;
#7450 = VERTEX_POINT ( 'NONE', #776 ) ;
#7451 = ADVANCED_FACE ( 'NONE', ( #233 ), #5720, .T. ) ;
#7452 = VERTEX_POINT ( 'NONE', #1025 ) ;
#7453 = PLANE ( 'NONE',  #7275 ) ;
#7454 = ORIENTED_EDGE ( 'NONE', *, *, #5991, .F. ) ;
#7455 = ORIENTED_EDGE ( 'NONE', *, *, #4616, .T. ) ;
#7456 = CARTESIAN_POINT ( 'NONE',  ( 397.3905678623203200, 96.15167827131051600, -9.449999999999960200 ) ) ;
#7457 = EDGE_CURVE ( 'NONE', #7869, #443, #6997, .T. ) ;
#7458 = VECTOR ( 'NONE', #3264, 1000.000000000000000 ) ;
#7459 = PLANE ( 'NONE',  #6046 ) ;
#7460 = APPROVAL_STATUS ( 'not_yet_approved' ) ;
#7461 = ORIENTED_EDGE ( 'NONE', *, *, #7554, .T. ) ;
#7462 = ORIENTED_EDGE ( 'NONE', *, *, #1146, .F. ) ;
#7463 = FACE_OUTER_BOUND ( 'NONE', #250, .T. ) ;
#7464 = CARTESIAN_POINT ( 'NONE',  ( 406.0705678623203300, 97.80167827131050700, -9.449999999999960200 ) ) ;
#7465 = VERTEX_POINT ( 'NONE', #153 ) ;
#7466 = VECTOR ( 'NONE', #6979, 1000.000000000000000 ) ;
#7467 = CARTESIAN_POINT ( 'NONE',  ( 401.6305678623202800, 100.3416782713105100, -4.649999999999955900 ) ) ;
#7468 = CARTESIAN_POINT ( 'NONE',  ( 398.4405678623202800, 103.7916782713104700, -11.84999999999993700 ) ) ;
#7469 = ADVANCED_FACE ( 'NONE', ( #1747 ), #3619, .T. ) ;
#7470 = VECTOR ( 'NONE', #3017, 1000.000000000000000 ) ;
#7471 = VERTEX_POINT ( 'NONE', #3241 ) ;
#7472 = ORIENTED_EDGE ( 'NONE', *, *, #5727, .F. ) ;
#7473 = VECTOR ( 'NONE', #6899, 1000.000000000000100 ) ;
#7474 = CARTESIAN_POINT ( 'NONE',  ( 403.5305678623203100, 100.3416782713105100, -14.84999999999996400 ) ) ;
#7475 = EDGE_CURVE ( 'NONE', #4636, #6024, #5387, .T. ) ;
#7476 = VECTOR ( 'NONE', #1522, 1000.000000000000100 ) ;
#7477 = EDGE_LOOP ( 'NONE', ( #2549, #4788, #1710, #7534 ) ) ;
#7478 = DIRECTION ( 'NONE',  ( 0.0000000000000000000, 1.000000000000000000, 1.224606353822377300E-016 ) ) ;
#7479 = EDGE_CURVE ( 'NONE', #6471, #3079, #7039, .T. ) ;
#7480 = DIRECTION ( 'NONE',  ( 0.0000000000000000000, 0.0000000000000000000, -1.000000000000000000 ) ) ;
#7481 = DIRECTION ( 'NONE',  ( -1.000000000000000000, -1.224606353822377300E-016, -1.499660721822137400E-032 ) ) ;
#7482 = AXIS2_PLACEMENT_3D ( 'NONE', #1569, #1630, #1662 ) ;
#7483 = LINE ( 'NONE', #5878, #1344 ) ;
#7484 = CC_DESIGN_PERSON_AND_ORGANIZATION_ASSIGNMENT ( #6174, #6829, ( #5847 ) ) ;
#7485 = DIRECTION ( 'NONE',  ( 0.0000000000000000000, 0.9486832980505127700, -0.3162277660168406100 ) ) ;
#7486 = VECTOR ( 'NONE', #1063, 1000.000000000000000 ) ;
#7487 = DIRECTION ( 'NONE',  ( -0.9486832980504924500, -7.745090630384469000E-017, -0.3162277660169020000 ) ) ;
#7488 = EDGE_CURVE ( 'NONE', #1310, #1266, #211, .T. ) ;
#7489 = VECTOR ( 'NONE', #2126, 1000.000000000000000 ) ;
#7490 = LINE ( 'NONE', #3918, #5016 ) ;
#7491 = ORIENTED_EDGE ( 'NONE', *, *, #6305, .F. ) ;
#7492 = DIRECTION ( 'NONE',  ( 3.872545315192789200E-017, -0.3162277660168406600, -0.9486832980505129900 ) ) ;
#7493 = VECTOR ( 'NONE', #2159, 1000.000000000000000 ) ;
#7494 = LINE ( 'NONE', #5606, #7414 ) ;
#7495 = LINE ( 'NONE', #2505, #7362 ) ;
#7496 = LINE ( 'NONE', #330, #4108 ) ;
#7497 = EDGE_CURVE ( 'NONE', #6339, #768, #7006, .T. ) ;
#7498 = CARTESIAN_POINT ( 'NONE',  ( 401.5305678623202500, 100.8816782713105200, -3.549999999999954100 ) ) ;
#7499 = VECTOR ( 'NONE', #7596, 1000.000000000000000 ) ;
#7500 = LINE ( 'NONE', #7644, #4518 ) ;
#7501 = ORIENTED_EDGE ( 'NONE', *, *, #4814, .T. ) ;
#7502 = DIRECTION ( 'NONE',  ( -0.3015113445777455900, -0.3015113445777874400, 0.9045340337332890000 ) ) ;
#7503 = LINE ( 'NONE', #2256, #2872 ) ;
#7504 = PLANE ( 'NONE',  #43 ) ;
#7505 = DIRECTION ( 'NONE',  ( 0.3162277660168217900, 0.0000000000000000000, -0.9486832980505192100 ) ) ;
#7506 = ADVANCED_FACE ( 'NONE', ( #2566 ), #1473, .T. ) ;
#7507 = LINE ( 'NONE', #1896, #2683 ) ;
#7508 = CARTESIAN_POINT ( 'NONE',  ( 403.5305678623203100, 100.3416782713105100, -11.74999999999994700 ) ) ;
#7509 = EDGE_CURVE ( 'NONE', #4261, #4516, #2000, .T. ) ;
#7510 = DIRECTION ( 'NONE',  ( -1.000000000000000000, -3.697785493223521800E-032, 3.697785493223471500E-032 ) ) ;
#7511 = ORIENTED_EDGE ( 'NONE', *, *, #6644, .F. ) ;
#7512 = CARTESIAN_POINT ( 'NONE',  ( 396.2905678623203000, 103.7916782713104700, -3.049999999999959000 ) ) ;
#7513 = LINE ( 'NONE', #2721, #7232 ) ;
#7514 = CARTESIAN_POINT ( 'NONE',  ( 415.3905678623203200, 102.6416782713104800, -9.449999999999958400 ) ) ;
#7515 = PLANE ( 'NONE',  #2114 ) ;
#7516 = ORIENTED_EDGE ( 'NONE', *, *, #5762, .T. ) ;
#7517 = EDGE_CURVE ( 'NONE', #2507, #3406, #3425, .T. ) ;
#7518 = FACE_OUTER_BOUND ( 'NONE', #1317, .T. ) ;
#7519 = DIRECTION ( 'NONE',  ( -0.3015113445777353200, -0.3015113445778190300, 0.9045340337332817800 ) ) ;
#7520 = CARTESIAN_POINT ( 'NONE',  ( 415.1640678623202200, 97.74167827131049100, -11.84999999999993700 ) ) ;
#7521 = FACE_OUTER_BOUND ( 'NONE', #3201, .T. ) ;
#7522 = VERTEX_POINT ( 'NONE', #876 ) ;
#7523 = VECTOR ( 'NONE', #6629, 1000.000000000000000 ) ;
#7524 = FACE_OUTER_BOUND ( 'NONE', #4688, .T. ) ;
#7525 = EDGE_CURVE ( 'NONE', #2922, #1713, #5771, .T. ) ;
#7526 = ORIENTED_EDGE ( 'NONE', *, *, #3289, .T. ) ;
#7527 = ORIENTED_EDGE ( 'NONE', *, *, #7667, .T. ) ;
#7528 = DIRECTION ( 'NONE',  ( 0.0000000000000000000, -3.673819061467132300E-016, 1.000000000000000000 ) ) ;
#7529 = DIRECTION ( 'NONE',  ( -9.655296069935245900E-033, 1.182393691527893000E-048, -1.000000000000000000 ) ) ;
#7530 = LINE ( 'NONE', #6799, #3431 ) ;
#7531 = LINE ( 'NONE', #4242, #3204 ) ;
#7532 = AXIS2_PLACEMENT_3D ( 'NONE', #1467, #1468, #1476 ) ;
#7533 = ORIENTED_EDGE ( 'NONE', *, *, #3347, .T. ) ;
#7534 = ORIENTED_EDGE ( 'NONE', *, *, #6314, .T. ) ;
#7535 = DIRECTION ( 'NONE',  ( 1.224606353822377300E-016, -1.000000000000000000, 0.0000000000000000000 ) ) ;
#7536 = CARTESIAN_POINT ( 'NONE',  ( 408.6405678623202700, 96.84167827131044200, -9.799999999999954500 ) ) ;
#7537 = EDGE_CURVE ( 'NONE', #4698, #6405, #7121, .T. ) ;
#7538 = DIRECTION ( 'NONE',  ( 1.000000000000000000, 1.224606353822377300E-016, 1.499660721822137400E-032 ) ) ;
#7539 = ADVANCED_FACE ( 'NONE', ( #7758 ), #6441, .T. ) ;
#7540 = DIRECTION ( 'NONE',  ( 1.224606353822377300E-016, 1.000000000000000000, 0.0000000000000000000 ) ) ;
#7541 = ORIENTED_EDGE ( 'NONE', *, *, #3749, .T. ) ;
#7542 = ORIENTED_EDGE ( 'NONE', *, *, #5679, .T. ) ;
#7543 = ORIENTED_EDGE ( 'NONE', *, *, #13, .F. ) ;
#7544 = VERTEX_POINT ( 'NONE', #7055 ) ;
#7545 = ORIENTED_EDGE ( 'NONE', *, *, #5727, .T. ) ;
#7546 = CARTESIAN_POINT ( 'NONE',  ( 400.9905678623202900, 100.9816782713105100, -14.84999999999996400 ) ) ;
#7547 = CARTESIAN_POINT ( 'NONE',  ( 411.7905678623203000, 100.9816782713105100, -3.849999999999947700 ) ) ;
#7548 = CARTESIAN_POINT ( 'NONE',  ( 406.5505678623203500, 100.9316782713105000, -3.699999999999946000 ) ) ;
#7549 = CARTESIAN_POINT ( 'NONE',  ( 408.6105678623203500, 97.80167827131050700, -9.449999999999960200 ) ) ;
#7550 = DIRECTION ( 'NONE',  ( 0.0000000000000000000, -1.000000000000000000, -3.673819061467132300E-016 ) ) ;
#7551 = ORIENTED_EDGE ( 'NONE', *, *, #4264, .T. ) ;
#7552 = ORIENTED_EDGE ( 'NONE', *, *, #6199, .F. ) ;
#7553 = EDGE_LOOP ( 'NONE', ( #4601, #7222, #7411, #3478 ) ) ;
#7554 = EDGE_CURVE ( 'NONE', #3826, #4103, #1040, .T. ) ;
#7555 = COORDINATED_UNIVERSAL_TIME_OFFSET ( 8, 0, .BEHIND. ) ;
#7556 = ADVANCED_FACE ( 'NONE', ( #425 ), #3318, .T. ) ;
#7557 = DIRECTION ( 'NONE',  ( 0.0000000000000000000, 0.9486832980505127700, -0.3162277660168406100 ) ) ;
#7558 = DIRECTION ( 'NONE',  ( 1.161763594557826500E-016, -0.9486832980505126600, -0.3162277660168414400 ) ) ;
#7559 = ORIENTED_EDGE ( 'NONE', *, *, #7120, .F. ) ;
#7560 = CARTESIAN_POINT ( 'NONE',  ( 411.2505678623202800, 100.4416782713105100, -15.14999999999995800 ) ) ;
#7561 = ORIENTED_EDGE ( 'NONE', *, *, #3635, .F. ) ;
#7562 = EDGE_CURVE ( 'NONE', #6091, #4965, #3134, .T. ) ;
#7563 = CARTESIAN_POINT ( 'NONE',  ( 404.1405678623203200, 95.64167827131045400, -3.049999999999966500 ) ) ;
#7564 = DIRECTION ( 'NONE',  ( -0.3015113445777380400, -0.3015113445777798900, 0.9045340337332938900 ) ) ;
#7565 = ORIENTED_EDGE ( 'NONE', *, *, #455, .T. ) ;
#7566 = CARTESIAN_POINT ( 'NONE',  ( 454.5670678623203600, 102.6416782713104800, -3.549999999999993200 ) ) ;
#7567 = LINE ( 'NONE', #2250, #750 ) ;
#7568 = DIRECTION ( 'NONE',  ( 1.000000000000000000, -1.224606353822377300E-016, -9.655296069935245900E-033 ) ) ;
#7569 = VECTOR ( 'NONE', #3132, 1000.000000000000000 ) ;
#7570 = ORIENTED_EDGE ( 'NONE', *, *, #914, .F. ) ;
#7571 = DIRECTION ( 'NONE',  ( 0.0000000000000000000, -3.673819061467132300E-016, 1.000000000000000000 ) ) ;
#7572 = PLANE ( 'NONE',  #4120 ) ;
#7573 = ORIENTED_EDGE ( 'NONE', *, *, #5256, .F. ) ;
#7574 = ADVANCED_FACE ( 'NONE', ( #4403 ), #4615, .F. ) ;
#7575 = PLANE ( 'NONE',  #478 ) ;
#7576 = PLANE ( 'NONE',  #7248 ) ;
#7577 = FACE_OUTER_BOUND ( 'NONE', #663, .T. ) ;
#7578 = CARTESIAN_POINT ( 'NONE',  ( 406.1705678623203000, 100.8216782713105000, -3.549999999999950100 ) ) ;
#7579 = ADVANCED_FACE ( 'NONE', ( #44 ), #2182, .T. ) ;
#7580 = LINE ( 'NONE', #4798, #4425 ) ;
#7581 = FACE_OUTER_BOUND ( 'NONE', #6571, .T. ) ;
#7582 = ORIENTED_EDGE ( 'NONE', *, *, #601, .T. ) ;
#7583 = LINE ( 'NONE', #136, #4106 ) ;
#7584 = LINE ( 'NONE', #5570, #685 ) ;
#7585 = CARTESIAN_POINT ( 'NONE',  ( 416.4905678623202900, 95.00167827131051000, -11.84999999999993700 ) ) ;
#7586 = LINE ( 'NONE', #7940, #2846 ) ;
#7587 = DIRECTION ( 'NONE',  ( 0.0000000000000000000, 1.000000000000000000, 1.224606353822377300E-016 ) ) ;
#7588 = DIRECTION ( 'NONE',  ( -0.3015113445777436500, 0.3015113445777436500, 0.9045340337333041000 ) ) ;
#7589 = DIRECTION ( 'NONE',  ( -1.224606353822376800E-016, -1.000000000000000000, -3.673819061467132300E-016 ) ) ;
#7590 = CARTESIAN_POINT ( 'NONE',  ( 398.4405678623202800, 103.7916782713104700, -11.84999999999993700 ) ) ;
#7591 = CARTESIAN_POINT ( 'NONE',  ( 410.8505678623202500, 99.40167827131050200, -11.84999999999993700 ) ) ;
#7592 = EDGE_CURVE ( 'NONE', #6661, #7100, #2404, .T. ) ;
#7593 = VECTOR ( 'NONE', #987, 1000.000000000000000 ) ;
#7594 = EDGE_LOOP ( 'NONE', ( #3961, #500, #7541, #5267 ) ) ;
#7595 = CARTESIAN_POINT ( 'NONE',  ( 409.2505678623202800, 98.44167827131049400, -11.74999999999995200 ) ) ;
#7596 = DIRECTION ( 'NONE',  ( -1.000000000000000000, -1.499660721822137700E-032, -1.836494048521242700E-048 ) ) ;
#7597 = ADVANCED_FACE ( 'NONE', ( #4128 ), #6499, .T. ) ;
#7598 = ORIENTED_EDGE ( 'NONE', *, *, #4331, .F. ) ;
#7599 = CARTESIAN_POINT ( 'NONE',  ( 403.3755678623203400, 100.3416782713105000, -11.74999999999994700 ) ) ;
#7600 = PLANE ( 'NONE',  #3269 ) ;
#7601 = DIRECTION ( 'NONE',  ( 1.224606353822377300E-016, -1.000000000000000000, 0.0000000000000000000 ) ) ;
#7602 = LINE ( 'NONE', #6483, #857 ) ;
#7603 = AXIS2_PLACEMENT_3D ( 'NONE', #3505, #3518, #3525 ) ;
#7604 = DIRECTION ( 'NONE',  ( 1.000000000000000000, 1.224606353822383000E-017, -3.673819061467140600E-017 ) ) ;
#7605 = CARTESIAN_POINT ( 'NONE',  ( 453.4170678623203200, 102.6416782713104800, -9.449999999999958400 ) ) ;
#7606 = ADVANCED_FACE ( 'NONE', ( #1058 ), #4643, .T. ) ;
#7607 = CARTESIAN_POINT ( 'NONE',  ( 408.6105678623203500, 100.9816782713105000, -11.74999999999994700 ) ) ;
#7608 = EDGE_CURVE ( 'NONE', #2652, #3282, #3046, .T. ) ;
#7609 = VECTOR ( 'NONE', #48, 1000.000000000000000 ) ;
#7610 = EDGE_LOOP ( 'NONE', ( #3287, #1152, #756, #273 ) ) ;
#7611 = VERTEX_POINT ( 'NONE', #7711 ) ;
#7612 = LINE ( 'NONE', #2960, #6623 ) ;
#7613 = LINE ( 'NONE', #154, #2815 ) ;
#7614 = CARTESIAN_POINT ( 'NONE',  ( 409.1505678623204300, 100.9816782713105100, -15.14999999999995600 ) ) ;
#7615 = CARTESIAN_POINT ( 'NONE',  ( 409.2505678623203400, 98.44167827131049400, -14.84999999999996200 ) ) ;
#7616 = EDGE_LOOP ( 'NONE', ( #8, #288, #4176, #7896 ) ) ;
#7617 = EDGE_LOOP ( 'NONE', ( #2993, #3267, #3071, #3869 ) ) ;
#7618 = ORIENTED_EDGE ( 'NONE', *, *, #5434, .F. ) ;
#7619 = PRODUCT ( '11091, SBH11-_BPC-D05-ST-_ _', '11091, SBH11-_BPC-D05-ST-_ _', '', ( #7417 ) ) ;
#7620 = ORIENTED_EDGE ( 'NONE', *, *, #1455, .T. ) ;
#7621 = ADVANCED_FACE ( 'NONE', ( #1927 ), #5293, .T. ) ;
#7622 = DIRECTION ( 'NONE',  ( 0.0000000000000000000, 0.3162277660168413800, -0.9486832980505125500 ) ) ;
#7623 = EDGE_LOOP ( 'NONE', ( #2325, #4873, #6914, #7561 ) ) ;
#7624 = ORIENTED_EDGE ( 'NONE', *, *, #6720, .F. ) ;
#7625 = EDGE_LOOP ( 'NONE', ( #7951, #7389, #944, #2275 ) ) ;
#7626 = EDGE_LOOP ( 'NONE', ( #7741, #7385, #709, #6802 ) ) ;
#7627 = FACE_OUTER_BOUND ( 'NONE', #3473, .T. ) ;
#7628 = EDGE_LOOP ( 'NONE', ( #99, #5958, #6132, #7293 ) ) ;
#7629 = EDGE_LOOP ( 'NONE', ( #7214, #5124, #3774, #3386 ) ) ;
#7630 = ORIENTED_EDGE ( 'NONE', *, *, #7415, .T. ) ;
#7631 = DIRECTION ( 'NONE',  ( 0.0000000000000000000, -1.000000000000000000, -3.673819061467132300E-016 ) ) ;
#7632 = CARTESIAN_POINT ( 'NONE',  ( 409.0905678623203700, 98.39167827131049600, -3.699999999999946000 ) ) ;
#7633 = LINE ( 'NONE', #6541, #5324 ) ;
#7634 = CARTESIAN_POINT ( 'NONE',  ( 406.7105678623203700, 97.80167827131050700, -3.649999999999955900 ) ) ;
#7635 = DIRECTION ( 'NONE',  ( 0.0000000000000000000, -0.3162277660168418800, -0.9486832980505124400 ) ) ;
#7636 = EDGE_LOOP ( 'NONE', ( #5003, #5050, #5398, #7721 ) ) ;
#7637 = LINE ( 'NONE', #3562, #7386 ) ;
#7638 = VECTOR ( 'NONE', #5120, 1000.000000000000000 ) ;
#7639 = VERTEX_POINT ( 'NONE', #2828 ) ;
#7640 = DIRECTION ( 'NONE',  ( 0.0000000000000000000, 1.224606353822377300E-016, -1.000000000000000000 ) ) ;
#7641 = DIRECTION ( 'NONE',  ( 2.465190328815661900E-032, 0.0000000000000000000, -1.000000000000000000 ) ) ;
#7642 = EDGE_LOOP ( 'NONE', ( #800, #2894, #1037, #5217 ) ) ;
#7643 = FACE_OUTER_BOUND ( 'NONE', #5554, .T. ) ;
#7644 = CARTESIAN_POINT ( 'NONE',  ( 401.6305678623202800, 100.9816782713105100, -4.649999999999955900 ) ) ;
#7645 = VERTEX_POINT ( 'NONE', #7163 ) ;
#7646 = AXIS2_PLACEMENT_3D ( 'NONE', #921, #7296, #7622 ) ;
#7647 = DIRECTION ( 'NONE',  ( 1.224606353822377300E-016, -1.000000000000000000, 0.0000000000000000000 ) ) ;
#7648 = DIRECTION ( 'NONE',  ( 1.000000000000000000, 3.018887740049135000E-048, 2.465190328815661900E-032 ) ) ;
#7649 = LINE ( 'NONE', #648, #404 ) ;
#7650 = ORIENTED_EDGE ( 'NONE', *, *, #6960, .T. ) ;
#7651 = CARTESIAN_POINT ( 'NONE',  ( 410.8505678623202500, 100.0416782713104700, -11.84999999999995300 ) ) ;
#7652 = DIRECTION ( 'NONE',  ( -1.856154119295282300E-013, -1.734723475997268600E-015, 1.000000000000000000 ) ) ;
#7653 = CARTESIAN_POINT ( 'NONE',  ( 411.7905678623203600, 100.9816782713105100, -9.449999999999958400 ) ) ;
#7654 = CARTESIAN_POINT ( 'NONE',  ( 440.7170678623202200, 96.14167827131049600, -3.049999999999954500 ) ) ;
#7655 = DIRECTION ( 'NONE',  ( 1.224606353822377300E-016, -1.000000000000000000, 0.0000000000000000000 ) ) ;
#7656 = AXIS2_PLACEMENT_3D ( 'NONE', #6426, #6274, #6094 ) ;
#7657 = VECTOR ( 'NONE', #7199, 1000.000000000000000 ) ;
#7658 = AXIS2_PLACEMENT_3D ( 'NONE', #434, #950, #1078 ) ;
#7659 = FACE_OUTER_BOUND ( 'NONE', #2930, .T. ) ;
#7660 = ORIENTED_EDGE ( 'NONE', *, *, #462, .F. ) ;
#7661 = FACE_OUTER_BOUND ( 'NONE', #1023, .T. ) ;
#7662 = DIRECTION ( 'NONE',  ( 0.0000000000000000000, -0.3162277660168418800, -0.9486832980505124400 ) ) ;
#7663 = EDGE_CURVE ( 'NONE', #4524, #3969, #4801, .T. ) ;
#7664 = FACE_OUTER_BOUND ( 'NONE', #4857, .T. ) ;
#7665 = CARTESIAN_POINT ( 'NONE',  ( 411.2505678623202800, 100.6616782713105100, -3.549999999999954500 ) ) ;
#7666 = CARTESIAN_POINT ( 'NONE',  ( 411.1505678623203200, 100.3416782713105000, -4.649999999999955900 ) ) ;
#7667 = EDGE_CURVE ( 'NONE', #6344, #5587, #3813, .T. ) ;
#7668 = DIRECTION ( 'NONE',  ( -1.469527624586849100E-016, 1.000000000000000000, 4.898425415289219500E-017 ) ) ;
#7669 = FACE_OUTER_BOUND ( 'NONE', #1043, .T. ) ;
#7670 = DIRECTION ( 'NONE',  ( 0.0000000000000000000, 0.3162277660168413800, -0.9486832980505125500 ) ) ;
#7671 = DIRECTION ( 'NONE',  ( -4.729574766111570900E-048, -2.449212707644754500E-016, 1.000000000000000000 ) ) ;
#7672 = ORIENTED_EDGE ( 'NONE', *, *, #1647, .T. ) ;
#7673 = FACE_OUTER_BOUND ( 'NONE', #6615, .T. ) ;
#7674 = VECTOR ( 'NONE', #2717, 1000.000000000000000 ) ;
#7675 = DIRECTION ( 'NONE',  ( -0.0000000000000000000, 1.224606353822377500E-016, -1.000000000000000000 ) ) ;
#7676 = LINE ( 'NONE', #3683, #3047 ) ;
#7677 = DIRECTION ( 'NONE',  ( -1.499660721822137400E-032, 1.836494048521242100E-048, 1.000000000000000000 ) ) ;
#7678 = EDGE_LOOP ( 'NONE', ( #3213, #3190, #3499, #3754 ) ) ;
#7679 = PLANE ( 'NONE',  #2484 ) ;
#7680 = DIRECTION ( 'NONE',  ( -1.000000000000000000, -1.224606353822377300E-016, 1.499660721822137400E-032 ) ) ;
#7681 = DIRECTION ( 'NONE',  ( 0.0000000000000000000, 0.0000000000000000000, 1.000000000000000000 ) ) ;
#7682 = ORIENTED_EDGE ( 'NONE', *, *, #3998, .F. ) ;
#7683 = LINE ( 'NONE', #1579, #7138 ) ;
#7684 = VECTOR ( 'NONE', #1939, 1000.000000000000100 ) ;
#7685 = CARTESIAN_POINT ( 'NONE',  ( 401.3105678623203400, 94.99167827131051900, -6.549999999999970500 ) ) ;
#7686 = VERTEX_POINT ( 'NONE', #5319 ) ;
#7687 = DIRECTION ( 'NONE',  ( 1.161763594557826000E-016, -0.9486832980505125500, 0.3162277660168419400 ) ) ;
#7688 = VECTOR ( 'NONE', #4950, 1000.000000000000000 ) ;
#7689 = ORIENTED_EDGE ( 'NONE', *, *, #4905, .F. ) ;
#7690 = CARTESIAN_POINT ( 'NONE',  ( 406.7105678623203700, 100.9816782713105100, -4.649999999999955900 ) ) ;
#7691 = CARTESIAN_POINT ( 'NONE',  ( 414.6165775207933800, 96.69192301035653300, -12.14999999999995600 ) ) ;
#7692 = FACE_OUTER_BOUND ( 'NONE', #2620, .T. ) ;
#7693 = EDGE_LOOP ( 'NONE', ( #3554, #4438, #2231, #5087 ) ) ;
#7694 = DIRECTION ( 'NONE',  ( -0.3162277660169020000, 0.0000000000000000000, 0.9486832980504924500 ) ) ;
#7695 = EDGE_CURVE ( 'NONE', #7100, #4843, #4808, .T. ) ;
#7696 = VECTOR ( 'NONE', #2460, 1000.000000000000000 ) ;
#7697 = LINE ( 'NONE', #7634, #6846 ) ;
#7698 = VECTOR ( 'NONE', #3156, 1000.000000000000000 ) ;
#7699 = EDGE_CURVE ( 'NONE', #7305, #3084, #7503, .T. ) ;
#7700 = DIRECTION ( 'NONE',  ( 0.3015113445777362600, -0.3015113445777781200, 0.9045340337332951100 ) ) ;
#7701 = FACE_OUTER_BOUND ( 'NONE', #7166, .T. ) ;
#7702 = VERTEX_POINT ( 'NONE', #1016 ) ;
#7703 = VERTEX_POINT ( 'NONE', #6562 ) ;
#7704 = VERTEX_POINT ( 'NONE', #3451 ) ;
#7705 = AXIS2_PLACEMENT_3D ( 'NONE', #5887, #6010, #6018 ) ;
#7706 = CIRCLE ( 'NONE', #7200, 0.3000000000000779800 ) ;
#7707 = PLANE ( 'NONE',  #5827 ) ;
#7708 = VECTOR ( 'NONE', #2666, 1000.000000000000000 ) ;
#7709 = FACE_OUTER_BOUND ( 'NONE', #6360, .T. ) ;
#7710 = DIRECTION ( 'NONE',  ( -1.000000000000000000, -1.102145718440136900E-016, 3.673819061467165900E-017 ) ) ;
#7711 = CARTESIAN_POINT ( 'NONE',  ( 409.2505678623202800, 100.9816782713105100, -9.449999999999958400 ) ) ;
#7712 = CARTESIAN_POINT ( 'NONE',  ( 403.5305678623203100, 98.44167827131050800, -3.849999999999955200 ) ) ;
#7713 = ORIENTED_EDGE ( 'NONE', *, *, #6065, .F. ) ;
#7714 = EDGE_CURVE ( 'NONE', #5587, #6154, #4785, .T. ) ;
#7715 = ORIENTED_EDGE ( 'NONE', *, *, #6718, .T. ) ;
#7716 = FACE_OUTER_BOUND ( 'NONE', #4061, .T. ) ;
#7717 = DIRECTION ( 'NONE',  ( -0.0000000000000000000, -1.000000000000000000, -1.224606353822377300E-016 ) ) ;
#7718 = AXIS2_PLACEMENT_3D ( 'NONE', #1431, #5783, #7635 ) ;
#7719 = CC_DESIGN_DATE_AND_TIME_ASSIGNMENT ( #5260, #1333, ( #6934 ) ) ;
#7720 = ORIENTED_EDGE ( 'NONE', *, *, #3800, .T. ) ;
#7721 = ORIENTED_EDGE ( 'NONE', *, *, #7761, .T. ) ;
#7722 = ORIENTED_EDGE ( 'NONE', *, *, #928, .F. ) ;
#7723 = VERTEX_POINT ( 'NONE', #7753 ) ;
#7724 = DIRECTION ( 'NONE',  ( -0.9486832980505171000, 0.0000000000000000000, 0.3162277660168277800 ) ) ;
#7725 = ORIENTED_EDGE ( 'NONE', *, *, #7159, .T. ) ;
#7726 = VERTEX_POINT ( 'NONE', #7193 ) ;
#7727 = LINE ( 'NONE', #1684, #3510 ) ;
#7728 = CARTESIAN_POINT ( 'NONE',  ( 411.1505678623203200, 97.80167827131050700, -3.849999999999950800 ) ) ;
#7729 = VECTOR ( 'NONE', #2313, 1000.000000000000000 ) ;
#7730 = DIRECTION ( 'NONE',  ( -0.0000000000000000000, 1.000000000000000000, 1.836909530733566100E-016 ) ) ;
#7731 = DIRECTION ( 'NONE',  ( -4.814824860969618200E-029, 3.469446951954140800E-015, 1.000000000000000000 ) ) ;
#7732 = DIRECTION ( 'NONE',  ( -1.000000000000000000, -1.224606353822376800E-016, -2.999321443644274300E-032 ) ) ;
#7733 = ORIENTED_EDGE ( 'NONE', *, *, #4882, .T. ) ;
#7734 = EDGE_CURVE ( 'NONE', #1900, #33, #7727, .T. ) ;
#7735 = CARTESIAN_POINT ( 'NONE',  ( 414.8405678623203100, 103.8416782713105000, -3.649999999999948800 ) ) ;
#7736 = CIRCLE ( 'NONE', #4541, 0.2500000000000279800 ) ;
#7737 = ADVANCED_FACE ( 'NONE', ( #6139 ), #5345, .T. ) ;
#7738 = CARTESIAN_POINT ( 'NONE',  ( 401.6305678623202800, 100.9316782713105200, -14.99999999999995000 ) ) ;
#7739 = VECTOR ( 'NONE', #2299, 1000.000000000000100 ) ;
#7740 = CARTESIAN_POINT ( 'NONE',  ( 409.2505678623203400, 98.44167827131049400, -9.449999999999960200 ) ) ;
#7741 = ORIENTED_EDGE ( 'NONE', *, *, #7021, .F. ) ;
#7742 = LINE ( 'NONE', #5405, #4503 ) ;
#7743 = EDGE_CURVE ( 'NONE', #6980, #109, #315, .T. ) ;
#7744 = EDGE_LOOP ( 'NONE', ( #1491, #1695, #1371, #3052 ) ) ;
#7745 = EDGE_CURVE ( 'NONE', #1114, #242, #1552, .T. ) ;
#7746 = AXIS2_PLACEMENT_3D ( 'NONE', #7772, #6425, #3955 ) ;
#7747 = ORIENTED_EDGE ( 'NONE', *, *, #5677, .T. ) ;
#7748 = LINE ( 'NONE', #2622, #5870 ) ;
#7749 = DIRECTION ( 'NONE',  ( 6.954761532542467200E-057, -1.000000000000000000, 3.469446951954140800E-015 ) ) ;
#7750 = VECTOR ( 'NONE', #2822, 1000.000000000000200 ) ;
#7751 = VECTOR ( 'NONE', #7203, 1000.000000000000100 ) ;
#7752 = LINE ( 'NONE', #6072, #3995 ) ;
#7753 = CARTESIAN_POINT ( 'NONE',  ( 403.6305678623203300, 100.4416782713105100, -3.549999999999954100 ) ) ;
#7754 = DIRECTION ( 'NONE',  ( 1.224606353822377300E-016, -1.000000000000000000, -1.224606353822377300E-016 ) ) ;
#7755 = LINE ( 'NONE', #6654, #2781 ) ;
#7756 = VECTOR ( 'NONE', #7857, 1000.000000000000000 ) ;
#7757 = AXIS2_PLACEMENT_3D ( 'NONE', #3980, #5241, #1570 ) ;
#7758 = FACE_OUTER_BOUND ( 'NONE', #408, .T. ) ;
#7759 = FACE_OUTER_BOUND ( 'NONE', #5517, .T. ) ;
#7760 = EDGE_LOOP ( 'NONE', ( #982, #1844, #75, #4375 ) ) ;
#7761 = EDGE_CURVE ( 'NONE', #463, #1700, #5766, .T. ) ;
#7762 = CARTESIAN_POINT ( 'NONE',  ( 406.1905678623204500, 101.8916782713104300, -12.14999999999994000 ) ) ;
#7763 = FACE_OUTER_BOUND ( 'NONE', #2551, .T. ) ;
#7764 = PLANE ( 'NONE',  #7137 ) ;
#7765 = EDGE_CURVE ( 'NONE', #1060, #356, #2205, .T. ) ;
#7766 = CARTESIAN_POINT ( 'NONE',  ( 411.1505678623203200, 98.44167827131049400, -3.649999999999955900 ) ) ;
#7767 = CARTESIAN_POINT ( 'NONE',  ( 403.5305678623203100, 100.3416782713104900, -3.849999999999948100 ) ) ;
#7768 = VECTOR ( 'NONE', #4225, 1000.000000000000000 ) ;
#7769 = LINE ( 'NONE', #994, #4473 ) ;
#7770 = ADVANCED_FACE ( 'NONE', ( #3215 ), #5376, .T. ) ;
#7771 = ORIENTED_EDGE ( 'NONE', *, *, #1676, .F. ) ;
#7772 = CARTESIAN_POINT ( 'NONE',  ( 398.1905678623202200, 102.2916782713104600, -11.84999999999993600 ) ) ;
#7773 = CARTESIAN_POINT ( 'NONE',  ( 397.6170678623203100, 101.0416782713104700, -11.84999999999993700 ) ) ;
#7774 = EDGE_CURVE ( 'NONE', #6944, #3285, #2835, .T. ) ;
#7775 = ADVANCED_FACE ( 'NONE', ( #862 ), #7809, .T. ) ;
#7776 = VERTEX_POINT ( 'NONE', #2337 ) ;
#7777 = LINE ( 'NONE', #4367, #1217 ) ;
#7778 = LINE ( 'NONE', #4831, #7688 ) ;
#7779 = CARTESIAN_POINT ( 'NONE',  ( 411.3105678623203400, 100.4416782713104900, -3.549999999999950500 ) ) ;
#7780 = DIRECTION ( 'NONE',  ( -0.0000000000000000000, -0.0000000000000000000, 1.000000000000000000 ) ) ;
#7781 = DIRECTION ( 'NONE',  ( 0.0000000000000000000, -1.000000000000000000, -3.673819061467132300E-016 ) ) ;
#7782 = VERTEX_POINT ( 'NONE', #7836 ) ;
#7783 = EDGE_CURVE ( 'NONE', #6289, #6344, #1920, .T. ) ;
#7784 = DIRECTION ( 'NONE',  ( -1.469527624586870100E-016, 1.000000000000000000, 4.898425415290669000E-017 ) ) ;
#7785 = PLANE ( 'NONE',  #2569 ) ;
#7786 = CARTESIAN_POINT ( 'NONE',  ( 399.5655678623203400, 100.1916782713104500, -11.79999999999995500 ) ) ;
#7787 = FACE_OUTER_BOUND ( 'NONE', #2466, .T. ) ;
#7788 = DIRECTION ( 'NONE',  ( -0.4472135954999643700, 0.0000000000000000000, -0.8944271909999127500 ) ) ;
#7789 = ORIENTED_EDGE ( 'NONE', *, *, #7180, .F. ) ;
#7790 = CARTESIAN_POINT ( 'NONE',  ( 411.1505678623203200, 98.44167827131050800, -11.74999999999995700 ) ) ;
#7791 = ORIENTED_EDGE ( 'NONE', *, *, #3529, .F. ) ;
#7792 = VERTEX_POINT ( 'NONE', #1764 ) ;
#7793 = LINE ( 'NONE', #5009, #548 ) ;
#7794 = DIRECTION ( 'NONE',  ( -1.000000000000000000, -1.224606353822377300E-016, -1.499660721822137400E-032 ) ) ;
#7795 = EDGE_CURVE ( 'NONE', #5726, #1247, #4509, .T. ) ;
#7796 = LINE ( 'NONE', #958, #2339 ) ;
#7797 = ORIENTED_EDGE ( 'NONE', *, *, #7427, .F. ) ;
#7798 = ORIENTED_EDGE ( 'NONE', *, *, #7854, .F. ) ;
#7799 = ORIENTED_EDGE ( 'NONE', *, *, #513, .F. ) ;
#7800 = LINE ( 'NONE', #2996, #2728 ) ;
#7801 = DIRECTION ( 'NONE',  ( 0.0000000000000000000, -0.3162277660168418800, -0.9486832980505124400 ) ) ;
#7802 = DIRECTION ( 'NONE',  ( 1.161763594557826000E-016, -0.9486832980505125500, 0.3162277660168419400 ) ) ;
#7803 = ORIENTED_EDGE ( 'NONE', *, *, #598, .F. ) ;
#7804 = ORIENTED_EDGE ( 'NONE', *, *, #2500, .F. ) ;
#7805 = AXIS2_PLACEMENT_3D ( 'NONE', #1369, #1233, #6818 ) ;
#7806 = ORIENTED_EDGE ( 'NONE', *, *, #5603, .F. ) ;
#7807 = ORIENTED_EDGE ( 'NONE', *, *, #584, .F. ) ;
#7808 = DIRECTION ( 'NONE',  ( 0.0000000000000000000, 0.7071067811865426900, 0.7071067811865524600 ) ) ;
#7809 = PLANE ( 'NONE',  #5578 ) ;
#7810 = LINE ( 'NONE', #7051, #5316 ) ;
#7811 = CARTESIAN_POINT ( 'NONE',  ( 416.4905678623202900, 97.74167827131049100, -5.449999999999960200 ) ) ;
#7812 = EDGE_CURVE ( 'NONE', #6589, #5725, #4417, .T. ) ;
#7813 = CARTESIAN_POINT ( 'NONE',  ( 406.7105678623203700, 100.9816782713105000, -4.649999999999955900 ) ) ;
#7814 = EDGE_CURVE ( 'NONE', #4093, #4184, #7637, .T. ) ;
#7815 = ORIENTED_EDGE ( 'NONE', *, *, #4342, .T. ) ;
#7816 = ORIENTED_EDGE ( 'NONE', *, *, #2451, .F. ) ;
#7817 = ORIENTED_EDGE ( 'NONE', *, *, #6831, .T. ) ;
#7818 = ORIENTED_EDGE ( 'NONE', *, *, #3360, .F. ) ;
#7819 = DIRECTION ( 'NONE',  ( -0.3162277660169020000, 0.0000000000000000000, 0.9486832980504924500 ) ) ;
#7820 = AXIS2_PLACEMENT_3D ( 'NONE', #497, #4920, #561 ) ;
#7821 = PLANE ( 'NONE',  #3221 ) ;
#7822 = CARTESIAN_POINT ( 'NONE',  ( 400.9905678623202900, 98.44167827131050800, -3.649999999999955900 ) ) ;
#7823 = CARTESIAN_POINT ( 'NONE',  ( 403.6305678623203300, 98.44167827131049400, -15.14999999999993600 ) ) ;
#7824 = VECTOR ( 'NONE', #5682, 999.9999999999998900 ) ;
#7825 = AXIS2_PLACEMENT_3D ( 'NONE', #3990, #2573, #2591 ) ;
#7826 = CARTESIAN_POINT ( 'NONE',  ( 397.9405678623202800, 103.7916782713104700, -11.84999999999993700 ) ) ;
#7827 = EDGE_CURVE ( 'NONE', #5448, #2919, #232, .T. ) ;
#7828 = VECTOR ( 'NONE', #7336, 1000.000000000000000 ) ;
#7829 = EDGE_LOOP ( 'NONE', ( #3765, #5825, #2737, #278 ) ) ;
#7830 = CARTESIAN_POINT ( 'NONE',  ( 401.1505678623202600, 97.85167827131053300, -3.699999999999946000 ) ) ;
#7831 = ORIENTED_EDGE ( 'NONE', *, *, #3841, .F. ) ;
#7832 = VERTEX_POINT ( 'NONE', #1136 ) ;
#7833 = LINE ( 'NONE', #3580, #7178 ) ;
#7834 = ORIENTED_EDGE ( 'NONE', *, *, #5619, .T. ) ;
#7835 = DIRECTION ( 'NONE',  ( -1.499660721822137700E-032, 1.000000000000000000, 1.224606353822377500E-016 ) ) ;
#7836 = CARTESIAN_POINT ( 'NONE',  ( 403.5305678623203100, 98.44167827131049400, -14.84999999999996800 ) ) ;
#7837 = EDGE_CURVE ( 'NONE', #7965, #5583, #3308, .T. ) ;
#7838 = EDGE_LOOP ( 'NONE', ( #4800, #1261, #3852, #4776 ) ) ;
#7839 = ORGANIZATION ( 'UNSPECIFIED', 'UNSPECIFIED', '' ) ;
#7840 = PLANE ( 'NONE',  #1681 ) ;
#7841 = ORIENTED_EDGE ( 'NONE', *, *, #4627, .F. ) ;
#7842 = CARTESIAN_POINT ( 'NONE',  ( 401.0905678623203100, 98.34167827131051400, -3.549999999999950100 ) ) ;
#7843 = DIRECTION ( 'NONE',  ( 0.3015113445777364300, -0.3015113445778200300, -0.9045340337332810100 ) ) ;
#7844 = APPROVAL_DATE_TIME ( #1413, #119 ) ;
#7845 = VECTOR ( 'NONE', #2091, 1000.000000000000000 ) ;
#7846 = FACE_OUTER_BOUND ( 'NONE', #5417, .T. ) ;
#7847 = LINE ( 'NONE', #3018, #7032 ) ;
#7848 = LOCAL_TIME ( 0, 22, 13.00000000000000000, #519 ) ;
#7849 = COORDINATED_UNIVERSAL_TIME_OFFSET ( 8, 0, .BEHIND. ) ;
#7850 = AXIS2_PLACEMENT_3D ( 'NONE', #4653, #4746, #4747 ) ;
#7851 = CARTESIAN_POINT ( 'NONE',  ( 404.0705678623203300, 100.4416782713105100, -3.549999999999955900 ) ) ;
#7852 = DIRECTION ( 'NONE',  ( -0.0000000000000000000, -0.0000000000000000000, 1.000000000000000000 ) ) ;
#7853 = VECTOR ( 'NONE', #4035, 1000.000000000000000 ) ;
#7854 = EDGE_CURVE ( 'NONE', #2754, #3826, #1645, .T. ) ;
#7855 = VECTOR ( 'NONE', #5282, 1000.000000000000000 ) ;
#7856 = CARTESIAN_POINT ( 'NONE',  ( 406.0705678623203300, 97.80167827131050700, -3.649999999999955900 ) ) ;
#7857 = DIRECTION ( 'NONE',  ( 1.000000000000000000, 4.729574766111572100E-048, -1.931059213987049200E-032 ) ) ;
#7858 = LINE ( 'NONE', #2410, #1637 ) ;
#7859 = VERTEX_POINT ( 'NONE', #5455 ) ;
#7860 = SECURITY_CLASSIFICATION ( '', '', #3095 ) ;
#7861 = ORIENTED_EDGE ( 'NONE', *, *, #7272, .T. ) ;
#7862 = CARTESIAN_POINT ( 'NONE',  ( 411.1505678623203200, 100.9816782713105100, -4.649999999999955900 ) ) ;
#7863 = LINE ( 'NONE', #5408, #1445 ) ;
#7864 = VECTOR ( 'NONE', #331, 1000.000000000000000 ) ;
#7865 = ORIENTED_EDGE ( 'NONE', *, *, #3226, .F. ) ;
#7866 = CARTESIAN_POINT ( 'NONE',  ( 414.5905678623203100, 96.29167827131058700, -12.14999999999995400 ) ) ;
#7867 = DIRECTION ( 'NONE',  ( 0.0000000000000000000, 3.673819061467132300E-016, -1.000000000000000000 ) ) ;
#7868 = ADVANCED_FACE ( 'NONE', ( #2465 ), #4221, .T. ) ;
#7869 = VERTEX_POINT ( 'NONE', #7872 ) ;
#7870 = DIRECTION ( 'NONE',  ( 0.3162277660168280000, 3.872545315192758000E-016, -0.9486832980505171000 ) ) ;
#7871 = VECTOR ( 'NONE', #4574, 1000.000000000000000 ) ;
#7872 = CARTESIAN_POINT ( 'NONE',  ( 411.7905678623203000, 98.44167827131050800, -3.849999999999951700 ) ) ;
#7873 = CARTESIAN_POINT ( 'NONE',  ( 414.8405678623203100, 103.7916782713104700, -3.649999999999948400 ) ) ;
#7874 = ORIENTED_EDGE ( 'NONE', *, *, #665, .F. ) ;
#7875 = EDGE_LOOP ( 'NONE', ( #3078, #3010, #2826, #1990 ) ) ;
#7876 = EDGE_CURVE ( 'NONE', #2099, #1397, #4895, .T. ) ;
#7877 = VECTOR ( 'NONE', #6470, 1000.000000000000000 ) ;
#7878 = DIRECTION ( 'NONE',  ( 9.655296069935245900E-033, 1.182393691527893000E-048, -1.000000000000000000 ) ) ;
#7879 = CARTESIAN_POINT ( 'NONE',  ( 411.1505678623203200, 100.3416782713105100, -14.84999999999995700 ) ) ;
#7880 = ORIENTED_EDGE ( 'NONE', *, *, #5002, .F. ) ;
#7881 = ORIENTED_EDGE ( 'NONE', *, *, #2194, .F. ) ;
#7882 = ORIENTED_EDGE ( 'NONE', *, *, #5838, .T. ) ;
#7883 = LINE ( 'NONE', #3035, #2459 ) ;
#7884 = EDGE_CURVE ( 'NONE', #3282, #2671, #7408, .T. ) ;
#7885 = ORIENTED_EDGE ( 'NONE', *, *, #6314, .F. ) ;
#7886 = ORIENTED_EDGE ( 'NONE', *, *, #3830, .T. ) ;
#7887 = ORIENTED_EDGE ( 'NONE', *, *, #373, .T. ) ;
#7888 = EDGE_CURVE ( 'NONE', #5752, #2609, #1343, .T. ) ;
#7889 = ORIENTED_EDGE ( 'NONE', *, *, #761, .F. ) ;
#7890 = CARTESIAN_POINT ( 'NONE',  ( 406.6409485527517500, 103.8416782713104700, -12.43309518948451900 ) ) ;
#7891 = AXIS2_PLACEMENT_3D ( 'NONE', #7856, #2856, #4036 ) ;
#7892 = AXIS2_PLACEMENT_3D ( 'NONE', #3353, #3327, #3302 ) ;
#7893 = DIRECTION ( 'NONE',  ( 1.224606353822377300E-016, -1.000000000000000000, 0.0000000000000000000 ) ) ;
#7894 = PLANE ( 'NONE',  #213 ) ;
#7895 = PLANE ( 'NONE',  #7250 ) ;
#7896 = ORIENTED_EDGE ( 'NONE', *, *, #5667, .F. ) ;
#7897 = ORIENTED_EDGE ( 'NONE', *, *, #1464, .F. ) ;
#7898 = LINE ( 'NONE', #2223, #1048 ) ;
#7899 = ORIENTED_EDGE ( 'NONE', *, *, #3479, .F. ) ;
#7900 = AXIS2_PLACEMENT_3D ( 'NONE', #1366, #1382, #1394 ) ;
#7901 = CARTESIAN_POINT ( 'NONE',  ( 396.2905678623203000, 95.00167827131051000, -5.449999999999959300 ) ) ;
#7902 = CARTESIAN_POINT ( 'NONE',  ( 403.5805678623203200, 98.28167827131049700, -3.699999999999946000 ) ) ;
#7903 = ADVANCED_FACE ( 'NONE', ( #7316 ), #7895, .T. ) ;
#7904 = FACE_OUTER_BOUND ( 'NONE', #2875, .T. ) ;
#7905 = PLANE ( 'NONE',  #216 ) ;
#7906 = LINE ( 'NONE', #2881, #909 ) ;
#7907 = EDGE_LOOP ( 'NONE', ( #4491, #5849, #6146, #7380 ) ) ;
#7908 = VECTOR ( 'NONE', #6700, 1000.000000000000100 ) ;
#7909 = VECTOR ( 'NONE', #1972, 1000.000000000000100 ) ;
#7910 = PERSON_AND_ORGANIZATION ( #2263, #7839 ) ;
#7911 = FACE_OUTER_BOUND ( 'NONE', #6517, .T. ) ;
#7912 = ORIENTED_EDGE ( 'NONE', *, *, #6796, .F. ) ;
#7913 = PLANE ( 'NONE',  #887 ) ;
#7914 = DIRECTION ( 'NONE',  ( -1.000000000000000000, -1.224606353822377300E-016, 1.499660721822137400E-032 ) ) ;
#7915 = VECTOR ( 'NONE', #7412, 1000.000000000000000 ) ;
#7916 = ORIENTED_EDGE ( 'NONE', *, *, #6361, .T. ) ;
#7917 = LINE ( 'NONE', #5590, #7923 ) ;
#7918 = CARTESIAN_POINT ( 'NONE',  ( 406.3905678623202700, 100.6616782713105100, -3.549999999999954500 ) ) ;
#7919 = CARTESIAN_POINT ( 'NONE',  ( 406.7105678623203700, 97.80167827131050700, -14.84999999999996200 ) ) ;
#7920 = CARTESIAN_POINT ( 'NONE',  ( 396.2905678623203000, 97.74167827131049100, -11.84999999999993700 ) ) ;
#7921 = LINE ( 'NONE', #6140, #6368 ) ;
#7922 = EDGE_LOOP ( 'NONE', ( #1723, #1479, #7882, #4255 ) ) ;
#7923 = VECTOR ( 'NONE', #5605, 1000.000000000000000 ) ;
#7924 = CARTESIAN_POINT ( 'NONE',  ( 415.3905678623203200, 101.0416782713104700, -5.449999999999959300 ) ) ;
#7925 = LINE ( 'NONE', #2997, #2011 ) ;
#7926 = ORIENTED_EDGE ( 'NONE', *, *, #735, .F. ) ;
#7927 = AXIS2_PLACEMENT_3D ( 'NONE', #3940, #1649, #5069 ) ;
#7928 = EDGE_LOOP ( 'NONE', ( #5496, #6693, #193, #6509 ) ) ;
#7929 = AXIS2_PLACEMENT_3D ( 'NONE', #6823, #6807, #6769 ) ;
#7930 = DIRECTION ( 'NONE',  ( -1.000000000000000000, -1.499660721822137700E-032, -1.836494048521242700E-048 ) ) ;
#7931 = DIRECTION ( 'NONE',  ( -0.0000000000000000000, -0.0000000000000000000, -1.000000000000000000 ) ) ;
#7932 = LINE ( 'NONE', #293, #2444 ) ;
#7933 = VERTEX_POINT ( 'NONE', #3617 ) ;
#7934 = ADVANCED_FACE ( 'NONE', ( #618 ), #6753, .T. ) ;
#7935 = ORIENTED_EDGE ( 'NONE', *, *, #773, .F. ) ;
#7936 = PLANE ( 'NONE',  #3535 ) ;
#7937 = ORIENTED_EDGE ( 'NONE', *, *, #5884, .F. ) ;
#7938 = CARTESIAN_POINT ( 'NONE',  ( 401.6305678623202800, 100.9816782713105100, -11.74999999999994100 ) ) ;
#7939 = LINE ( 'NONE', #6015, #3359 ) ;
#7940 = CARTESIAN_POINT ( 'NONE',  ( 406.7105678623203700, 98.44167827131049400, -14.84999999999996400 ) ) ;
#7941 = CARTESIAN_POINT ( 'NONE',  ( 402.5605678623203400, 94.99167827131049100, -4.049999999999959000 ) ) ;
#7942 = CARTESIAN_POINT ( 'NONE',  ( 406.7105678623203700, 98.44167827131047900, -3.849999999999947200 ) ) ;
#7943 = ORIENTED_EDGE ( 'NONE', *, *, #7714, .F. ) ;
#7944 = LINE ( 'NONE', #3228, #7698 ) ;
#7945 = ORIENTED_EDGE ( 'NONE', *, *, #3369, .F. ) ;
#7946 = ORIENTED_EDGE ( 'NONE', *, *, #3521, .T. ) ;
#7947 = LINE ( 'NONE', #4145, #1589 ) ;
#7948 =( BOUNDED_CURVE ( )  B_SPLINE_CURVE ( 3, ( #6377, #6374, #6400, #6362 ),
 .UNSPECIFIED., .F., .F. ) 
 B_SPLINE_CURVE_WITH_KNOTS ( ( 4, 4 ),
 ( 0.0000000000000000000, 1.000000000000000000 ),
 .UNSPECIFIED. ) 
 CURVE ( )  GEOMETRIC_REPRESENTATION_ITEM ( )  RATIONAL_B_SPLINE_CURVE ( ( 1.000000000000000000, 0.3333333333333102800, 0.3333333333333102800, 1.000000000000000000 ) ) 
 REPRESENTATION_ITEM ( '' )  );
#7949 = CARTESIAN_POINT ( 'NONE',  ( 402.5605678623203400, 95.09167827131095400, -4.049999999999954500 ) ) ;
#7950 = ORIENTED_EDGE ( 'NONE', *, *, #4415, .T. ) ;
#7951 = ORIENTED_EDGE ( 'NONE', *, *, #7034, .F. ) ;
#7952 = APPLICATION_CONTEXT ( 'configuration controlled 3d designs of mechanical parts and assemblies' ) ;
#7953 = CARTESIAN_POINT ( 'NONE',  ( 404.1705678623203000, 97.80167827131050700, -3.649999999999955900 ) ) ;
#7954 = DIRECTION ( 'NONE',  ( 0.0000000000000000000, -1.000000000000000000, 0.0000000000000000000 ) ) ;
#7955 = ORIENTED_EDGE ( 'NONE', *, *, #6869, .T. ) ;
#7956 = ORIENTED_EDGE ( 'NONE', *, *, #53, .T. ) ;
#7957 = EDGE_LOOP ( 'NONE', ( #4727, #5017, #5662, #6011, #6424, #6814, #6167, #5881, #6385, #2388, #7086, #7347, #1357, #5365, #6912, #2036, #6128, #1865, #2599, #1222, #5073, #1731, #6733, #179, #1311 ) ) ;
#7958 = ORIENTED_EDGE ( 'NONE', *, *, #7256, .T. ) ;
#7959 = LINE ( 'NONE', #7101, #2445 ) ;
#7960 = CARTESIAN_POINT ( 'NONE',  ( 400.9905678623202900, 100.9816782713105100, -9.449999999999958400 ) ) ;
#7961 = ADVANCED_FACE ( 'NONE', ( #1320 ), #7913, .T. ) ;
#7962 = PLANE ( 'NONE',  #2886 ) ;
#7963 = EDGE_LOOP ( 'NONE', ( #4363, #2463, #7798, #3208 ) ) ;
#7964 = CARTESIAN_POINT ( 'NONE',  ( 403.5305678623203100, 100.3416782713105000, -3.849999999999948600 ) ) ;
#7965 = VERTEX_POINT ( 'NONE', #580 ) ;
#7966 = LINE ( 'NONE', #1017, #6249 ) ;
#7967 = DIRECTION ( 'NONE',  ( 1.000000000000000000, 1.499660721822137700E-032, 1.836494048521242700E-048 ) ) ;
#7968 = DIRECTION ( 'NONE',  ( 0.0000000000000000000, 1.000000000000000000, 0.0000000000000000000 ) ) ;
ENDSEC;
END-ISO-10303-21;
