ISO-10303-21;
HEADER;
FILE_DESCRIPTION (( 'STEP AP203' ),
    '1' );
FILE_NAME ('11091, SBH11-_BPC-D03-ST-_ _.STEP',
    '2015-09-01T06:59:36',
    ( 'LUANN HERRING' ),
    ( 'SULLINS' ),
    'SwSTEP 2.0',
    'SolidWorks 2015',
    '' );
FILE_SCHEMA (( 'CONFIG_CONTROL_DESIGN' ));
ENDSEC;

DATA;
#1 = LINE ( 'NONE', #739, #1674 ) ;
#2 = FACE_OUTER_BOUND ( 'NONE', #3084, .T. ) ;
#3 = DATE_TIME_ROLE ( 'creation_date' ) ;
#4 = ORIENTED_EDGE ( 'NONE', *, *, #5057, .T. ) ;
#5 = CARTESIAN_POINT ( 'NONE',  ( -0.3200000000000435800, 7.999999999999986700, -3.449999999999982900 ) ) ;
#6 = VECTOR ( 'NONE', #4131, 1000.000000000000000 ) ;
#7 = LINE ( 'NONE', #1733, #25 ) ;
#8 = EDGE_CURVE ( 'NONE', #2415, #3927, #3621, .T. ) ;
#9 = CARTESIAN_POINT ( 'NONE',  ( 3.159999999999909100, 1.489571976559848200E-014, -6.289999999999965400 ) ) ;
#10 = ADVANCED_FACE ( 'NONE', ( #4211 ), #2234, .T. ) ;
#11 = CARTESIAN_POINT ( 'NONE',  ( -5.410000000000028600, 8.199999999999935300, -8.799999999999958100 ) ) ;
#12 = DIRECTION ( 'NONE',  ( 1.224606353822377000E-016, 1.139896941408127000E-030, -1.000000000000000000 ) ) ;
#13 = DIRECTION ( 'NONE',  ( -0.3015113445777553000, 0.9045340337332894400, 0.3015113445777762300 ) ) ;
#14 = LINE ( 'NONE', #2692, #5221 ) ;
#15 = DIRECTION ( 'NONE',  ( 1.709845412112181400E-030, -1.836909530733555500E-016, -1.000000000000000000 ) ) ;
#16 = ORIENTED_EDGE ( 'NONE', *, *, #1234, .F. ) ;
#17 = EDGE_CURVE ( 'NONE', #3174, #3636, #536, .T. ) ;
#18 = EDGE_CURVE ( 'NONE', #3199, #3728, #893, .T. ) ;
#19 = LINE ( 'NONE', #498, #4254 ) ;
#20 = ORIENTED_EDGE ( 'NONE', *, *, #1333, .F. ) ;
#21 = PLANE ( 'NONE',  #153 ) ;
#22 = LINE ( 'NONE', #4080, #5471 ) ;
#23 = APPROVAL_ROLE ( '' ) ;
#24 = ORIENTED_EDGE ( 'NONE', *, *, #4504, .F. ) ;
#25 = VECTOR ( 'NONE', #2822, 1000.000000000000000 ) ;
#26 = EDGE_CURVE ( 'NONE', #1050, #3636, #2202, .T. ) ;
#27 = CARTESIAN_POINT ( 'NONE',  ( 0.5000000000000292000, -0.1757359312880198400, -0.5000000000000679500 ) ) ;
#28 = EDGE_CURVE ( 'NONE', #5469, #3660, #4247, .T. ) ;
#29 = ADVANCED_FACE ( 'NONE', ( #173 ), #5595, .F. ) ;
#30 = ORIENTED_EDGE ( 'NONE', *, *, #4799, .T. ) ;
#31 = CARTESIAN_POINT ( 'NONE',  ( -3.334999999999959100, 0.04999999999994991800, -6.139999999999957000 ) ) ;
#32 = DIRECTION ( 'NONE',  ( 9.308272310119528700E-015, -1.000000000000000000, 0.0000000000000000000 ) ) ;
#33 = LINE ( 'NONE', #696, #3532 ) ;
#34 = AXIS2_PLACEMENT_3D ( 'NONE', #2883, #2904, #2857 ) ;
#35 = FACE_OUTER_BOUND ( 'NONE', #390, .T. ) ;
#36 = CARTESIAN_POINT ( 'NONE',  ( -0.4999999999999250600, -0.1757359312882147700, -0.5000000000000681700 ) ) ;
#37 = VERTEX_POINT ( 'NONE', #670 ) ;
#38 = CARTESIAN_POINT ( 'NONE',  ( 2.219999999999896300, 0.1000000000000020000, -5.349999999999986300 ) ) ;
#39 = CARTESIAN_POINT ( 'NONE',  ( -0.4999999999999247300, -0.1757359312882130200, -1.500000000000021800 ) ) ;
#40 = EDGE_CURVE ( 'NONE', #2718, #1050, #14, .T. ) ;
#41 = EDGE_CURVE ( 'NONE', #3636, #2415, #4501, .T. ) ;
#42 = AXIS2_PLACEMENT_3D ( 'NONE', #3792, #3825, #3838 ) ;
#43 = AXIS2_PLACEMENT_3D ( 'NONE', #5426, #5353, #5346 ) ;
#44 = ORIENTED_EDGE ( 'NONE', *, *, #40, .F. ) ;
#45 = CARTESIAN_POINT ( 'NONE',  ( 0.5000000000000738300, 3.901343686941872400E-015, -1.500000000000021300 ) ) ;
#46 = ADVANCED_FACE ( 'NONE', ( #2895 ), #3312, .F. ) ;
#47 = DIRECTION ( 'NONE',  ( 8.869327927468389600E-015, -0.9486832980505128800, 0.3162277660168409400 ) ) ;
#48 = PERSON_AND_ORGANIZATION_ROLE ( 'creator' ) ;
#49 = ORIENTED_EDGE ( 'NONE', *, *, #2983, .F. ) ;
#50 = EDGE_CURVE ( 'NONE', #4368, #5240, #873, .T. ) ;
#51 = EDGE_CURVE ( 'NONE', #5263, #5571, #4637, .T. ) ;
#52 = CARTESIAN_POINT ( 'NONE',  ( -2.219999999999972700, 0.09999999999996581100, -2.810000000000003600 ) ) ;
#53 = DIRECTION ( 'NONE',  ( 0.0000000000000000000, -0.3162277660168408800, -0.9486832980505127700 ) ) ;
#54 = ORIENTED_EDGE ( 'NONE', *, *, #1876, .T. ) ;
#55 = CARTESIAN_POINT ( 'NONE',  ( -2.219999999999957100, -3.000000000000054600, -3.449999999999994000 ) ) ;
#56 = VECTOR ( 'NONE', #4163, 1000.000000000000000 ) ;
#57 = EDGE_CURVE ( 'NONE', #3778, #2848, #5070, .T. ) ;
#58 = CARTESIAN_POINT ( 'NONE',  ( -5.909999999999952200, -5.737748838890863000E-014, -8.849999999999980100 ) ) ;
#59 = EDGE_CURVE ( 'NONE', #3810, #2698, #1106, .T. ) ;
#60 = FACE_OUTER_BOUND ( 'NONE', #4215, .T. ) ;
#61 = VERTEX_POINT ( 'NONE', #3240 ) ;
#62 = ADVANCED_FACE ( 'NONE', ( #4767 ), #5501, .T. ) ;
#63 = ORIENTED_EDGE ( 'NONE', *, *, #17, .T. ) ;
#64 = CARTESIAN_POINT ( 'NONE',  ( 0.5000000000000738300, 2.100321248117614900E-015, -0.4999999999999098500 ) ) ;
#65 = LINE ( 'NONE', #4527, #4756 ) ;
#66 = VERTEX_POINT ( 'NONE', #5104 ) ;
#67 = EDGE_CURVE ( 'NONE', #5263, #1589, #5238, .T. ) ;
#68 = APPROVAL_STATUS ( 'not_yet_approved' ) ;
#69 = CARTESIAN_POINT ( 'NONE',  ( -0.5000000000000377500, -1.928233629915214900E-013, -0.4999999999999098500 ) ) ;
#70 = VECTOR ( 'NONE', #4412, 1000.000000000000000 ) ;
#71 = ORIENTED_EDGE ( 'NONE', *, *, #2510, .F. ) ;
#72 = VECTOR ( 'NONE', #3427, 1000.000000000000000 ) ;
#73 = EDGE_LOOP ( 'NONE', ( #5627, #5674, #4605, #4555 ) ) ;
#74 = CALENDAR_DATE ( 2015, 31, 8 ) ;
#75 = CARTESIAN_POINT ( 'NONE',  ( -3.682999999999964300, 5.299999999999936800, 5.902651685572180800E-016 ) ) ;
#76 = EDGE_CURVE ( 'NONE', #5075, #2848, #2449, .T. ) ;
#77 = ADVANCED_FACE ( 'NONE', ( #305 ), #21, .T. ) ;
#78 = LINE ( 'NONE', #2560, #4893 ) ;
#79 = EDGE_LOOP ( 'NONE', ( #3694, #1238, #4548, #3001 ) ) ;
#80 = EDGE_CURVE ( 'NONE', #2541, #5075, #3861, .T. ) ;
#81 = FACE_OUTER_BOUND ( 'NONE', #3526, .T. ) ;
#82 = CARTESIAN_POINT ( 'NONE',  ( -2.859999999999939500, -3.000000000000051100, -2.810000000000013400 ) ) ;
#83 = CARTESIAN_POINT ( 'NONE',  ( -2.220000000000048600, 7.999999999999956500, -5.990000000000003800 ) ) ;
#84 = AXIS2_PLACEMENT_3D ( 'NONE', #4153, #4793, #4959 ) ;
#85 = LINE ( 'NONE', #3630, #201 ) ;
#86 = VECTOR ( 'NONE', #459, 1000.000000000000000 ) ;
#87 = EDGE_CURVE ( 'NONE', #158, #1578, #4259, .T. ) ;
#88 = ORIENTED_EDGE ( 'NONE', *, *, #4352, .F. ) ;
#89 = EDGE_CURVE ( 'NONE', #4615, #158, #5063, .T. ) ;
#90 = DIRECTION ( 'NONE',  ( 1.000000000000000000, 5.546970267633875300E-046, 2.264797275598023500E-030 ) ) ;
#91 = EDGE_CURVE ( 'NONE', #3927, #3174, #4429, .T. ) ;
#92 = ORIENTED_EDGE ( 'NONE', *, *, #1845, .T. ) ;
#93 = CC_DESIGN_PERSON_AND_ORGANIZATION_ASSIGNMENT ( #3262, #810, ( #4998 ) ) ;
#94 = DIRECTION ( 'NONE',  ( 0.3162277660168365000, -0.9486832980505143200, 3.872545315192554400E-017 ) ) ;
#95 = DIRECTION ( 'NONE',  ( 0.3015113445779300000, -0.9045340337332392600, -0.3015113445777520800 ) ) ;
#96 = ADVANCED_FACE ( 'NONE', ( #4488 ), #150, .T. ) ;
#97 = EDGE_CURVE ( 'NONE', #5655, #3530, #2530, .T. ) ;
#98 = VECTOR ( 'NONE', #2434, 1000.000000000000000 ) ;
#99 = CARTESIAN_POINT ( 'NONE',  ( -1.919999999999906700, -3.551956764073669400E-014, -5.049999999999946500 ) ) ;
#100 = ORIENTED_EDGE ( 'NONE', *, *, #812, .F. ) ;
#101 = CARTESIAN_POINT ( 'NONE',  ( 2.860000000000019900, -2.999999999999997300, -3.449999999999976200 ) ) ;
#102 = ORIENTED_EDGE ( 'NONE', *, *, #4995, .T. ) ;
#103 = EDGE_LOOP ( 'NONE', ( #4670, #4474, #4658, #4740 ) ) ;
#104 = VERTEX_POINT ( 'NONE', #149 ) ;
#105 = CARTESIAN_POINT ( 'NONE',  ( -2.860000000000022500, 7.199999999999953100, -5.989999999999994900 ) ) ;
#106 = LINE ( 'NONE', #75, #3755 ) ;
#107 = LINE ( 'NONE', #1349, #1590 ) ;
#108 = DIRECTION ( 'NONE',  ( -2.279793882816244900E-030, 2.449212707644743700E-016, 1.000000000000000000 ) ) ;
#109 = ORIENTED_EDGE ( 'NONE', *, *, #3574, .T. ) ;
#110 = ADVANCED_FACE ( 'NONE', ( #729 ), #168, .T. ) ;
#111 = ORIENTED_EDGE ( 'NONE', *, *, #3746, .F. ) ;
#112 = EDGE_CURVE ( 'NONE', #2067, #4615, #4371, .T. ) ;
#113 = CARTESIAN_POINT ( 'NONE',  ( 1.919999999999949500, 2.355883172669617700E-016, -2.509999999999966000 ) ) ;
#114 = EDGE_CURVE ( 'NONE', #521, #5718, #4554, .T. ) ;
#115 = CARTESIAN_POINT ( 'NONE',  ( -2.860000000000031900, 8.199999999999953100, -2.810000000000002300 ) ) ;
#116 = ORIENTED_EDGE ( 'NONE', *, *, #3301, .T. ) ;
#117 = DIRECTION ( 'NONE',  ( 9.859894204913363300E-045, -1.059261469412979700E-030, 1.000000000000000000 ) ) ;
#118 = DIRECTION ( 'NONE',  ( -1.000000000000000000, -5.546970267633875300E-046, -2.264797275598023500E-030 ) ) ;
#119 = CARTESIAN_POINT ( 'NONE',  ( 0.2199999999999467700, 8.299999999999984700, -5.669999999999990200 ) ) ;
#120 = ORIENTED_EDGE ( 'NONE', *, *, #735, .F. ) ;
#121 = EDGE_CURVE ( 'NONE', #5655, #1184, #3239, .T. ) ;
#122 = ORIENTED_EDGE ( 'NONE', *, *, #891, .F. ) ;
#123 = EDGE_CURVE ( 'NONE', #4427, #3201, #5643, .T. ) ;
#124 = ADVANCED_FACE ( 'NONE', ( #3967 ), #280, .F. ) ;
#125 = AXIS2_PLACEMENT_3D ( 'NONE', #4481, #4467, #4464 ) ;
#126 = ORIENTED_EDGE ( 'NONE', *, *, #2441, .F. ) ;
#127 = CARTESIAN_POINT ( 'NONE',  ( -5.660000000000056100, 8.199999999999933600, -8.849999999999978300 ) ) ;
#128 = VECTOR ( 'NONE', #1671, 1000.000000000000000 ) ;
#129 = ORIENTED_EDGE ( 'NONE', *, *, #1908, .T. ) ;
#130 = DIRECTION ( 'NONE',  ( -9.308272310119528700E-015, 1.000000000000000000, -1.836909530733555800E-016 ) ) ;
#131 = ADVANCED_FACE ( 'NONE', ( #4642 ), #317, .T. ) ;
#132 = LINE ( 'NONE', #4608, #298 ) ;
#133 = ORIENTED_EDGE ( 'NONE', *, *, #4370, .F. ) ;
#134 = DIRECTION ( 'NONE',  ( -1.000000000000000000, -6.938893903907222100E-015, 0.0000000000000000000 ) ) ;
#135 = EDGE_CURVE ( 'NONE', #3530, #4368, #3981, .T. ) ;
#136 = LINE ( 'NONE', #2475, #640 ) ;
#137 = ORIENTED_EDGE ( 'NONE', *, *, #2319, .F. ) ;
#138 = LINE ( 'NONE', #4598, #1374 ) ;
#139 = ORIENTED_EDGE ( 'NONE', *, *, #3658, .F. ) ;
#140 = LINE ( 'NONE', #3644, #5114 ) ;
#141 = EDGE_LOOP ( 'NONE', ( #923, #1357, #1603, #1511 ) ) ;
#142 = LINE ( 'NONE', #394, #795 ) ;
#143 = AXIS2_PLACEMENT_3D ( 'NONE', #2352, #2220, #2213 ) ;
#144 = VECTOR ( 'NONE', #2920, 1000.000000000000000 ) ;
#145 = DIRECTION ( 'NONE',  ( 0.9486832980505201000, -0.3162277660168192300, 0.0000000000000000000 ) ) ;
#146 = ADVANCED_FACE ( 'NONE', ( #3814 ), #381, .T. ) ;
#147 = VECTOR ( 'NONE', #2342, 1000.000000000000000 ) ;
#148 = EDGE_LOOP ( 'NONE', ( #4162, #3937, #5157, #4064 ) ) ;
#149 = CARTESIAN_POINT ( 'NONE',  ( 2.319999999999995800, -3.299999999999998000, -5.449999999999994800 ) ) ;
#150 = PLANE ( 'NONE',  #700 ) ;
#151 = ORIENTED_EDGE ( 'NONE', *, *, #4814, .T. ) ;
#152 = EDGE_CURVE ( 'NONE', #5285, #1946, #142, .T. ) ;
#153 = AXIS2_PLACEMENT_3D ( 'NONE', #31, #47, #53 ) ;
#154 = PLANE ( 'NONE',  #4359 ) ;
#155 = VECTOR ( 'NONE', #5760, 1000.000000000000200 ) ;
#156 = DIRECTION ( 'NONE',  ( 1.224606353822354600E-016, 2.449212707644755500E-016, 1.000000000000000000 ) ) ;
#157 = LINE ( 'NONE', #2374, #225 ) ;
#158 = VERTEX_POINT ( 'NONE', #409 ) ;
#159 = DIRECTION ( 'NONE',  ( 1.224606353822377300E-016, 1.139896941408127200E-030, 1.000000000000000000 ) ) ;
#160 = LINE ( 'NONE', #2388, #239 ) ;
#161 = CARTESIAN_POINT ( 'NONE',  ( -7.559999999999937400, -6.950685074557611800E-014, -0.009999999999988316800 ) ) ;
#162 = DIRECTION ( 'NONE',  ( 1.000000000000000000, 9.308272310119528700E-015, 0.0000000000000000000 ) ) ;
#163 = DIRECTION ( 'NONE',  ( 0.0000000000000000000, -1.000000000000000000, 2.449212707644755500E-016 ) ) ;
#164 = DIRECTION ( 'NONE',  ( -1.000000000000000000, -1.943454430809747400E-013, 0.0000000000000000000 ) ) ;
#165 = AXIS2_PLACEMENT_3D ( 'NONE', #3805, #3811, #3815 ) ;
#166 = LINE ( 'NONE', #2396, #98 ) ;
#167 = CARTESIAN_POINT ( 'NONE',  ( -7.559999999999991600, -7.078028827775738300E-014, -2.749999999999967100 ) ) ;
#168 = PLANE ( 'NONE',  #1457 ) ;
#169 = AXIS2_PLACEMENT_3D ( 'NONE', #1358, #1281, #1277 ) ;
#170 = DIRECTION ( 'NONE',  ( -9.308272310119528700E-015, 1.000000000000000000, 0.0000000000000000000 ) ) ;
#171 = AXIS2_PLACEMENT_3D ( 'NONE', #3881, #4544, #4530 ) ;
#172 = EDGE_LOOP ( 'NONE', ( #3586, #2345 ) ) ;
#173 = FACE_OUTER_BOUND ( 'NONE', #174, .T. ) ;
#174 = EDGE_LOOP ( 'NONE', ( #4523, #4109, #2491, #1416 ) ) ;
#175 = CARTESIAN_POINT ( 'NONE',  ( 2.860000000000076700, -3.149999999999987900, -3.399999999999991000 ) ) ;
#176 = CARTESIAN_POINT ( 'NONE',  ( 5.409999999999858000, 8.200000000000034800, -8.849999999999980100 ) ) ;
#177 = LINE ( 'NONE', #4940, #2332 ) ;
#178 = ADVANCED_FACE ( 'NONE', ( #2821 ), #417, .F. ) ;
#179 = CARTESIAN_POINT ( 'NONE',  ( -0.2200000000000553700, 8.299999999999984700, -5.889999999999983700 ) ) ;
#180 = EDGE_CURVE ( 'NONE', #521, #2948, #2737, .T. ) ;
#181 = ORIENTED_EDGE ( 'NONE', *, *, #758, .T. ) ;
#182 = CARTESIAN_POINT ( 'NONE',  ( 2.759999999999924700, 8.300000000000009600, -3.349999999999984100 ) ) ;
#183 = CARTESIAN_POINT ( 'NONE',  ( -2.700000000000037900, 8.299999999999959900, -5.449999999999995700 ) ) ;
#184 = DIRECTION ( 'NONE',  ( -9.308272310119517600E-015, 1.000000000000000000, -3.673819061467158900E-016 ) ) ;
#185 = EDGE_LOOP ( 'NONE', ( #1323, #54, #4476, #3770 ) ) ;
#186 = CARTESIAN_POINT ( 'NONE',  ( 5.659999999999937100, -0.3000000000000315200, -7.299999999999966100 ) ) ;
#187 = EDGE_CURVE ( 'NONE', #4599, #2772, #4654, .T. ) ;
#188 = DIRECTION ( 'NONE',  ( -1.000000000000000000, -8.940890403973067100E-016, -2.682267121191879100E-015 ) ) ;
#189 = VERTEX_POINT ( 'NONE', #474 ) ;
#190 = ADVANCED_FACE ( 'NONE', ( #3744 ), #482, .T. ) ;
#191 = DIRECTION ( 'NONE',  ( 2.264797275598023500E-030, -2.449212707644743700E-016, -1.000000000000000000 ) ) ;
#192 = ORIENTED_EDGE ( 'NONE', *, *, #1201, .F. ) ;
#193 = DIRECTION ( 'NONE',  ( -0.3015113445777387000, -0.9045340337332958800, -0.3015113445777731200 ) ) ;
#194 = CARTESIAN_POINT ( 'NONE',  ( 0.2199999999999284500, 8.299999999999990100, -3.349999999999981900 ) ) ;
#195 = AXIS2_PLACEMENT_3D ( 'NONE', #4881, #4901, #4860 ) ;
#196 = DIRECTION ( 'NONE',  ( -1.000000000000000000, -9.308272310119508200E-015, 0.0000000000000000000 ) ) ;
#197 = FACE_BOUND ( 'NONE', #3970, .T. ) ;
#198 = ORIENTED_EDGE ( 'NONE', *, *, #2465, .T. ) ;
#199 = EDGE_CURVE ( 'NONE', #2603, #4251, #19, .T. ) ;
#200 = DIRECTION ( 'NONE',  ( 9.859894204913363300E-045, -1.059261469412979700E-030, 1.000000000000000000 ) ) ;
#201 = VECTOR ( 'NONE', #3831, 1000.000000000000000 ) ;
#202 = EDGE_LOOP ( 'NONE', ( #263, #4181, #2112, #2994 ) ) ;
#203 = VECTOR ( 'NONE', #2955, 1000.000000000000000 ) ;
#204 = ORIENTED_EDGE ( 'NONE', *, *, #1870, .T. ) ;
#205 = LINE ( 'NONE', #3587, #2984 ) ;
#206 = VERTEX_POINT ( 'NONE', #525 ) ;
#207 = DIRECTION ( 'NONE',  ( -9.308272310119528700E-015, 1.000000000000000000, -1.836909530733555800E-016 ) ) ;
#208 = ORIENTED_EDGE ( 'NONE', *, *, #4613, .T. ) ;
#209 = DIRECTION ( 'NONE',  ( -1.000000000000000000, 2.999321443644220700E-032, 1.224606353822354600E-016 ) ) ;
#210 = DIRECTION ( 'NONE',  ( 2.827357798649741400E-015, -0.3162277660168416000, -0.9486832980505126600 ) ) ;
#211 = DIRECTION ( 'NONE',  ( -0.3015113445778313000, 0.9045340337332626900, 0.3015113445777803400 ) ) ;
#212 = AXIS2_PLACEMENT_3D ( 'NONE', #5539, #4806, #4502 ) ;
#213 = DIRECTION ( 'NONE',  ( 0.0000000000000000000, 0.9486832980505125500, -0.3162277660168415500 ) ) ;
#214 = VECTOR ( 'NONE', #3699, 1000.000000000000000 ) ;
#215 = VERTEX_POINT ( 'NONE', #450 ) ;
#216 = ORIENTED_EDGE ( 'NONE', *, *, #5036, .F. ) ;
#217 = CARTESIAN_POINT ( 'NONE',  ( -0.1999999999999568000, -0.3000000000000152000, -7.299999999999964300 ) ) ;
#218 = CARTESIAN_POINT ( 'NONE',  ( -5.410000000000028600, 8.199999999999935300, -8.849999999999976600 ) ) ;
#219 = CARTESIAN_POINT ( 'NONE',  ( -5.910000000000028600, 8.199999999999930000, -8.799999999999956300 ) ) ;
#220 = FACE_OUTER_BOUND ( 'NONE', #4413, .T. ) ;
#221 = CIRCLE ( 'NONE', #3294, 0.3000000000000686000 ) ;
#222 = ORIENTED_EDGE ( 'NONE', *, *, #8, .T. ) ;
#223 = AXIS2_PLACEMENT_3D ( 'NONE', #3688, #3703, #3724 ) ;
#224 = CARTESIAN_POINT ( 'NONE',  ( 6.459999999999962700, 6.901523987030420300E-014, -6.049999999999950100 ) ) ;
#225 = VECTOR ( 'NONE', #2071, 1000.000000000000000 ) ;
#226 = ORIENTED_EDGE ( 'NONE', *, *, #4613, .F. ) ;
#227 = EDGE_CURVE ( 'NONE', #1544, #1030, #5165, .T. ) ;
#228 = AXIS2_PLACEMENT_3D ( 'NONE', #4373, #4393, #4404 ) ;
#229 = CARTESIAN_POINT ( 'NONE',  ( 0.6200000000000822600, 5.018336364156292800E-015, -4.409999999999975300 ) ) ;
#230 = CARTESIAN_POINT ( 'NONE',  ( 2.320000000000005600, -3.300000000000013100, -2.910000000000006400 ) ) ;
#231 = VECTOR ( 'NONE', #238, 1000.000000000000000 ) ;
#232 = DIRECTION ( 'NONE',  ( 0.3015113445777574700, -0.9045340337332957700, 0.3015113445777548000 ) ) ;
#233 = ORIENTED_EDGE ( 'NONE', *, *, #1656, .T. ) ;
#234 = DIRECTION ( 'NONE',  ( 1.000000000000000000, -2.999321443644220700E-032, -1.224606353822354600E-016 ) ) ;
#235 = LINE ( 'NONE', #3495, #294 ) ;
#236 = CARTESIAN_POINT ( 'NONE',  ( -0.5000000000000378600, -1.910223405526972200E-013, -1.500000000000021300 ) ) ;
#237 = DIRECTION ( 'NONE',  ( -1.224606353822377000E-016, -1.139896941408127000E-030, 1.000000000000000000 ) ) ;
#238 = DIRECTION ( 'NONE',  ( 0.0000000000000000000, 1.000000000000000000, -1.224606353822366900E-016 ) ) ;
#239 = VECTOR ( 'NONE', #2385, 999.9999999999998900 ) ;
#240 = DIRECTION ( 'NONE',  ( 0.3162277660169107700, -0.9486832980504894500, 0.0000000000000000000 ) ) ;
#241 = EDGE_CURVE ( 'NONE', #1709, #5305, #3801, .T. ) ;
#242 = LOCAL_TIME ( 23, 59, 36.00000000000000000, #247 ) ;
#243 = ORIENTED_EDGE ( 'NONE', *, *, #4824, .T. ) ;
#244 = LINE ( 'NONE', #4821, #5741 ) ;
#245 = PLANE ( 'NONE',  #4651 ) ;
#246 = LINE ( 'NONE', #741, #374 ) ;
#247 = COORDINATED_UNIVERSAL_TIME_OFFSET ( 8, 0, .BEHIND. ) ;
#248 = ORIENTED_EDGE ( 'NONE', *, *, #4433, .F. ) ;
#249 = DIRECTION ( 'NONE',  ( -1.224646799147387500E-016, 3.673819061467147600E-016, 1.000000000000000000 ) ) ;
#250 = LINE ( 'NONE', #4757, #825 ) ;
#251 = CARTESIAN_POINT ( 'NONE',  ( -6.960000000000181200, 8.799999999999913700, -8.809999999999981000 ) ) ;
#252 = CARTESIAN_POINT ( 'NONE',  ( -2.320000000000047400, 8.299999999999959900, -5.449999999999994000 ) ) ;
#253 = DIRECTION ( 'NONE',  ( -0.9486832980504895700, -0.3162277660169108300, 1.936272657596506200E-016 ) ) ;
#254 = ORIENTED_EDGE ( 'NONE', *, *, #4703, .F. ) ;
#255 = DIRECTION ( 'NONE',  ( 1.000000000000000000, 9.308272310119528700E-015, 0.0000000000000000000 ) ) ;
#256 = CARTESIAN_POINT ( 'NONE',  ( 0.3200000000000903200, -3.000000000000028000, -3.449999999999981500 ) ) ;
#257 = DIRECTION ( 'NONE',  ( 3.059710517561302500E-015, -0.3162277660168411100, 0.9486832980505127700 ) ) ;
#258 = VERTEX_POINT ( 'NONE', #531 ) ;
#259 = CARTESIAN_POINT ( 'NONE',  ( -0.3199999999999636500, 0.09999999999998060400, -5.989999999999985100 ) ) ;
#260 = CARTESIAN_POINT ( 'NONE',  ( -0.3200000000000450800, 8.199999999999978000, -3.449999999999976200 ) ) ;
#261 = LINE ( 'NONE', #4182, #2311 ) ;
#262 =( BOUNDED_SURFACE ( )  B_SPLINE_SURFACE ( 3, 3, ( 
 ( #236, #69, #64, #45 ),
 ( #39, #36, #27, #5799 ),
 ( #1092, #5805, #4610, #4532 ),
 ( #4952, #5120, #4787, #3127 ) ),
 .UNSPECIFIED., .F., .F., .T. ) 
 B_SPLINE_SURFACE_WITH_KNOTS ( ( 4, 4 ),
 ( 4, 4 ),
 ( 0.0000000000000000000, 1.000000000000000000 ),
 ( 0.0000000000000000000, 1.000000000000000000 ),
 .UNSPECIFIED. ) 
 GEOMETRIC_REPRESENTATION_ITEM ( )  RATIONAL_B_SPLINE_SURFACE ( (
 ( 1.000000000000000000, 0.3333333333333334300, 0.3333333333333334300, 1.000000000000000000),
 ( 0.8047378541244703000, 0.2682459513748234900, 0.2682459513748234900, 0.8047378541244703000),
 ( 0.8047378541244703000, 0.2682459513748234900, 0.2682459513748234900, 0.8047378541244703000),
 ( 1.000000000000000000, 0.3333333333333334300, 0.3333333333333334300, 1.000000000000000000) ) ) 
 REPRESENTATION_ITEM ( '' )  SURFACE ( )  );
#263 = ORIENTED_EDGE ( 'NONE', *, *, #1656, .F. ) ;
#264 = DIRECTION ( 'NONE',  ( -9.859894204913363300E-045, 1.059261469412979700E-030, -1.000000000000000000 ) ) ;
#265 = ADVANCED_FACE ( 'NONE', ( #1871 ), #3712, .T. ) ;
#266 = CARTESIAN_POINT ( 'NONE',  ( -2.860000000000031000, 8.199999999999953100, -2.810000000000002300 ) ) ;
#267 = EDGE_CURVE ( 'NONE', #3159, #2834, #2428, .T. ) ;
#268 = VECTOR ( 'NONE', #4827, 1000.000000000000000 ) ;
#269 = EDGE_LOOP ( 'NONE', ( #3451, #1453, #4362, #4008 ) ) ;
#270 = APPROVAL_PERSON_ORGANIZATION ( #423, #279, #1404 ) ;
#271 = DIRECTION ( 'NONE',  ( 0.0000000000000000000, 1.000000000000000000, -2.449212707644743700E-016 ) ) ;
#272 = DIRECTION ( 'NONE',  ( 0.0000000000000000000, -1.000000000000000000, 2.449212707644755500E-016 ) ) ;
#273 = CARTESIAN_POINT ( 'NONE',  ( -0.2199999999999377700, -3.300000000000024200, -5.889999999999976600 ) ) ;
#274 = AXIS2_PLACEMENT_3D ( 'NONE', #334, #4842, #4445 ) ;
#275 = LINE ( 'NONE', #3455, #651 ) ;
#276 = VERTEX_POINT ( 'NONE', #656 ) ;
#277 = CARTESIAN_POINT ( 'NONE',  ( 2.219999999999940700, 2.399999999999997700, -3.449999999999976200 ) ) ;
#278 = PLANE ( 'NONE',  #4107 ) ;
#279 = APPROVAL ( #1424, 'UNSPECIFIED' ) ;
#280 = PLANE ( 'NONE',  #1029 ) ;
#281 = CYLINDRICAL_SURFACE ( 'NONE', #1159, 0.2500000000000279800 ) ;
#282 = ORIENTED_EDGE ( 'NONE', *, *, #2365, .T. ) ;
#283 = VECTOR ( 'NONE', #4292, 1000.000000000000000 ) ;
#284 = ORIENTED_EDGE ( 'NONE', *, *, #1555, .T. ) ;
#285 = LINE ( 'NONE', #3399, #4005 ) ;
#286 = ORIENTED_EDGE ( 'NONE', *, *, #2897, .F. ) ;
#287 = ORIENTED_EDGE ( 'NONE', *, *, #4583, .T. ) ;
#288 = CARTESIAN_POINT ( 'NONE',  ( -6.233499999999929200, -5.937841423932860100E-014, -6.049999999999950100 ) ) ;
#289 = ADVANCED_FACE ( 'NONE', ( #387 ), #553, .T. ) ;
#290 = DIRECTION ( 'NONE',  ( -3.059710517561310000E-015, 0.3162277660168419900, -0.9486832980505125500 ) ) ;
#291 = APPLICATION_PROTOCOL_DEFINITION ( 'international standard', 'config_control_design', 1994, #333 ) ;
#292 = DIRECTION ( 'NONE',  ( -1.000000000000000000, -9.308272310119743200E-015, 0.0000000000000000000 ) ) ;
#293 = LINE ( 'NONE', #2002, #5808 ) ;
#294 = VECTOR ( 'NONE', #3229, 1000.000000000000000 ) ;
#295 = DIRECTION ( 'NONE',  ( 9.308272310119528700E-015, -1.000000000000000000, 0.0000000000000000000 ) ) ;
#296 = DIRECTION ( 'NONE',  ( 1.000000000000000000, 9.308272310119528700E-015, 0.0000000000000000000 ) ) ;
#297 = ORIENTED_EDGE ( 'NONE', *, *, #5377, .F. ) ;
#298 = VECTOR ( 'NONE', #3935, 1000.000000000000000 ) ;
#299 = FACE_OUTER_BOUND ( 'NONE', #4944, .T. ) ;
#300 = CARTESIAN_POINT ( 'NONE',  ( 0.3199999999999953400, 7.999999999999986700, -5.349999999999981900 ) ) ;
#301 = DIRECTION ( 'NONE',  ( -9.308272310119743200E-015, 1.000000000000000000, 1.367341569830488700E-015 ) ) ;
#302 = DIRECTION ( 'NONE',  ( -9.308272310119528700E-015, 1.000000000000000000, 0.0000000000000000000 ) ) ;
#303 = DIRECTION ( 'NONE',  ( -1.000000000000000000, -9.308272310119528700E-015, 0.0000000000000000000 ) ) ;
#304 = VERTEX_POINT ( 'NONE', #549 ) ;
#305 = FACE_OUTER_BOUND ( 'NONE', #4656, .T. ) ;
#306 = AXIS2_PLACEMENT_3D ( 'NONE', #841, #796, #792 ) ;
#307 = ORIENTED_EDGE ( 'NONE', *, *, #2941, .F. ) ;
#308 = CARTESIAN_POINT ( 'NONE',  ( 0.1599999999999913400, 8.149999999999991500, -5.939999999999981700 ) ) ;
#309 = APPROVAL_STATUS ( 'not_yet_approved' ) ;
#310 = FACE_OUTER_BOUND ( 'NONE', #2515, .T. ) ;
#311 = AXIS2_PLACEMENT_3D ( 'NONE', #5168, #5244, #5259 ) ;
#312 = DIRECTION ( 'NONE',  ( 1.000000000000000000, 9.308272310119528700E-015, 0.0000000000000000000 ) ) ;
#313 = VERTEX_POINT ( 'NONE', #2858 ) ;
#314 = CARTESIAN_POINT ( 'NONE',  ( 0.3199999999999861800, 7.999999999999991100, -3.449999999999976200 ) ) ;
#315 = CARTESIAN_POINT ( 'NONE',  ( 6.459999999999902300, 8.800000000000039800, -1.149999999999965900 ) ) ;
#316 = VECTOR ( 'NONE', #5812, 1000.000000000000000 ) ;
#317 = PLANE ( 'NONE',  #515 ) ;
#318 = LINE ( 'NONE', #5202, #368 ) ;
#319 = ORIENTED_EDGE ( 'NONE', *, *, #422, .F. ) ;
#320 = CARTESIAN_POINT ( 'NONE',  ( 2.249999999999964900, 2.050000000000004700, 2.093091054210933400E-014 ) ) ;
#321 = ADVANCED_FACE ( 'NONE', ( #380 ), #2835, .T. ) ;
#322 = VERTEX_POINT ( 'NONE', #2856 ) ;
#323 = CARTESIAN_POINT ( 'NONE',  ( -7.536499999999927400, 8.199999999999969100, -8.799999999999956300 ) ) ;
#324 = CARTESIAN_POINT ( 'NONE',  ( 2.859999999999971000, 2.400000000000003000, -3.449999999999974900 ) ) ;
#325 = AXIS2_PLACEMENT_3D ( 'NONE', #341, #5188, #5186 ) ;
#326 = LINE ( 'NONE', #5392, #4382 ) ;
#327 = ORIENTED_EDGE ( 'NONE', *, *, #1653, .T. ) ;
#328 = ADVANCED_FACE ( 'NONE', ( #1855 ), #2896, .T. ) ;
#329 = DIRECTION ( 'NONE',  ( -0.3015113445777393200, -0.9045340337332965500, 0.3015113445777707300 ) ) ;
#330 = DIRECTION ( 'NONE',  ( -9.859894204913363300E-045, 1.059261469412979700E-030, -1.000000000000000000 ) ) ;
#331 = AXIS2_PLACEMENT_3D ( 'NONE', #5171, #5161, #5144 ) ;
#332 = ORIENTED_EDGE ( 'NONE', *, *, #850, .F. ) ;
#333 = APPLICATION_CONTEXT ( 'configuration controlled 3d designs of mechanical parts and assemblies' ) ;
#334 = CARTESIAN_POINT ( 'NONE',  ( -2.220000000000057900, 8.199999999999958400, -2.810000000000002300 ) ) ;
#335 = DIRECTION ( 'NONE',  ( -1.000000000000000000, -9.308272310119533400E-015, 0.0000000000000000000 ) ) ;
#336 = DIRECTION ( 'NONE',  ( 2.279793882816244900E-030, -2.449212707644743700E-016, -1.000000000000000000 ) ) ;
#337 = ADVANCED_FACE ( 'NONE', ( #4992 ), #2889, .T. ) ;
#338 = DIRECTION ( 'NONE',  ( 0.0000000000000000000, 0.9486832980505124400, 0.3162277660168419400 ) ) ;
#339 = EDGE_LOOP ( 'NONE', ( #3053, #3448, #3438, #3645 ) ) ;
#340 = CARTESIAN_POINT ( 'NONE',  ( -0.3200000000000450800, 2.399999999999973300, -2.809999999999987200 ) ) ;
#341 = CARTESIAN_POINT ( 'NONE',  ( -5.460000000000116300, 4.290516201139687900E-014, -7.299999999999936800 ) ) ;
#342 = CARTESIAN_POINT ( 'NONE',  ( -1.919999999999904400, -1.862467530354718400E-014, -4.409999999999975300 ) ) ;
#343 = AXIS2_PLACEMENT_3D ( 'NONE', #2912, #480, #475 ) ;
#344 = EDGE_LOOP ( 'NONE', ( #5291, #5399, #5410, #5477 ) ) ;
#345 = CIRCLE ( 'NONE', #1398, 0.3000000000000386200 ) ;
#346 = CARTESIAN_POINT ( 'NONE',  ( -2.760000000000043800, 8.299999999999952700, -5.449999999999994000 ) ) ;
#347 = DIRECTION ( 'NONE',  ( -0.3015113445778154200, -0.9045340337332737900, 0.3015113445777631300 ) ) ;
#348 = EDGE_CURVE ( 'NONE', #2300, #608, #3633, .T. ) ;
#349 = CARTESIAN_POINT ( 'NONE',  ( 0.3199999999999936800, 7.199999999999982400, -5.989999999999990400 ) ) ;
#350 = AXIS2_PLACEMENT_3D ( 'NONE', #4528, #4515, #4500 ) ;
#351 = PERSON_AND_ORGANIZATION_ROLE ( 'design_owner' ) ;
#352 = LINE ( 'NONE', #1143, #5554 ) ;
#353 = ORIENTED_EDGE ( 'NONE', *, *, #1690, .T. ) ;
#354 = CARTESIAN_POINT ( 'NONE',  ( 2.219999999999990900, -3.000000000000004400, -5.989999999999990400 ) ) ;
#355 = FACE_BOUND ( 'NONE', #1613, .T. ) ;
#356 = VERTEX_POINT ( 'NONE', #2951 ) ;
#357 = ADVANCED_FACE ( 'NONE', ( #2057 ), #3008, .T. ) ;
#358 = CARTESIAN_POINT ( 'NONE',  ( -1.919999999999908000, -4.002768965968717900E-014, -6.289999999999965400 ) ) ;
#359 = LINE ( 'NONE', #5816, #871 ) ;
#360 = EDGE_LOOP ( 'NONE', ( #3460, #3334, #3100, #3065, #3196, #3413 ) ) ;
#361 = LINE ( 'NONE', #2066, #2893 ) ;
#362 = ORIENTED_EDGE ( 'NONE', *, *, #4686, .F. ) ;
#363 = DIRECTION ( 'NONE',  ( 9.308272310119528700E-015, -1.000000000000000000, 2.449212707644743700E-016 ) ) ;
#364 = CARTESIAN_POINT ( 'NONE',  ( -6.159999999999977900, -0.3000000000000691000, -1.499999999999979300 ) ) ;
#365 = DIRECTION ( 'NONE',  ( -0.9486832980505220900, 0.3162277660168129600, 3.872545315193255700E-017 ) ) ;
#366 = LINE ( 'NONE', #3054, #2497 ) ;
#367 = ORIENTED_EDGE ( 'NONE', *, *, #97, .T. ) ;
#368 = VECTOR ( 'NONE', #693, 1000.000000000000000 ) ;
#369 = ADVANCED_FACE ( 'NONE', ( #5141 ), #5764, .T. ) ;
#370 = EDGE_CURVE ( 'NONE', #5315, #2300, #5785, .T. ) ;
#371 = CARTESIAN_POINT ( 'NONE',  ( 2.319999999999907000, 8.300000000000004300, -5.669999999999990200 ) ) ;
#372 = DIRECTION ( 'NONE',  ( 0.0000000000000000000, 1.000000000000000000, 1.059261469412979400E-030 ) ) ;
#373 = LINE ( 'NONE', #4470, #3045 ) ;
#374 = VECTOR ( 'NONE', #755, 1000.000000000000000 ) ;
#375 = MECHANICAL_CONTEXT ( 'NONE', #1299, 'mechanical' ) ;
#376 = ORIENTED_EDGE ( 'NONE', *, *, #5036, .T. ) ;
#377 = DIRECTION ( 'NONE',  ( -1.000000000000000000, -4.765598459455782000E-062, 4.498982165467396500E-032 ) ) ;
#378 = DIRECTION ( 'NONE',  ( -9.308272310119528700E-015, 1.000000000000000000, -1.836909530733555800E-016 ) ) ;
#379 = EDGE_CURVE ( 'NONE', #621, #3686, #4089, .T. ) ;
#380 = FACE_OUTER_BOUND ( 'NONE', #1583, .T. ) ;
#381 = PLANE ( 'NONE',  #3926 ) ;
#382 = DIRECTION ( 'NONE',  ( 1.000000000000000000, 9.308272310119528700E-015, 1.224606353822377000E-016 ) ) ;
#383 = ORIENTED_EDGE ( 'NONE', *, *, #4925, .F. ) ;
#384 = DIRECTION ( 'NONE',  ( -1.000000000000000000, -9.741953179113801400E-015, -7.813994677751118900E-045 ) ) ;
#385 = CARTESIAN_POINT ( 'NONE',  ( 5.659999999999961100, 5.117434254131580900E-014, -8.849999999999978300 ) ) ;
#386 = DIRECTION ( 'NONE',  ( -9.308272310119528700E-015, 1.000000000000000000, 0.0000000000000000000 ) ) ;
#387 = FACE_OUTER_BOUND ( 'NONE', #202, .T. ) ;
#388 = VERTEX_POINT ( 'NONE', #3118 ) ;
#389 = LINE ( 'NONE', #1736, #2159 ) ;
#390 = EDGE_LOOP ( 'NONE', ( #4062, #5045, #4337, #4748 ) ) ;
#391 = VECTOR ( 'NONE', #884, 1000.000000000000000 ) ;
#392 = ADVANCED_FACE ( 'NONE', ( #2 ), #3401, .T. ) ;
#393 = CARTESIAN_POINT ( 'NONE',  ( 50.71649999999998900, 8.800000000000450100, 1.040834085586084300E-014 ) ) ;
#394 = CARTESIAN_POINT ( 'NONE',  ( -5.409999999999952200, -7.251739330131780400E-014, -8.799999999999956300 ) ) ;
#395 = APPLICATION_PROTOCOL_DEFINITION ( 'international standard', 'config_control_design', 1994, #1299 ) ;
#396 = LINE ( 'NONE', #660, #5582 ) ;
#397 = EDGE_LOOP ( 'NONE', ( #5293, #2003, #5778, #5573 ) ) ;
#398 = AXIS2_PLACEMENT_3D ( 'NONE', #5508, #5219, #5209 ) ;
#399 = CARTESIAN_POINT ( 'NONE',  ( -0.2200000000000553500, 8.299999999999986500, -3.289999999999982700 ) ) ;
#400 = ADVANCED_FACE ( 'NONE', ( #4086 ), #2843, .F. ) ;
#401 = ORIENTED_EDGE ( 'NONE', *, *, #774, .F. ) ;
#402 = CC_DESIGN_DATE_AND_TIME_ASSIGNMENT ( #2918, #833, ( #4998 ) ) ;
#403 = CARTESIAN_POINT ( 'NONE',  ( -7.536499999999927400, -3.239286096350625100E-015, -8.799999999999956300 ) ) ;
#404 = ORIENTED_EDGE ( 'NONE', *, *, #1303, .T. ) ;
#405 = DIRECTION ( 'NONE',  ( -3.673819061467636200E-017, 1.224606353822438000E-017, -1.000000000000000000 ) ) ;
#406 = CARTESIAN_POINT ( 'NONE',  ( 2.219999999999896300, 7.200000000000001100, -5.349999999999988100 ) ) ;
#407 = AXIS2_PLACEMENT_3D ( 'NONE', #5598, #5437, #5425 ) ;
#408 = ORIENTED_EDGE ( 'NONE', *, *, #152, .T. ) ;
#409 = CARTESIAN_POINT ( 'NONE',  ( -5.910000000000028600, 8.199999999999930000, -8.849999999999980100 ) ) ;
#410 = CARTESIAN_POINT ( 'NONE',  ( -2.432999999999964300, 7.799999999999960700, -0.08890000000001181700 ) ) ;
#411 = ADVANCED_FACE ( 'NONE', ( #35 ), #1444, .T. ) ;
#412 = CARTESIAN_POINT ( 'NONE',  ( -1.145552149074932800E-013, 8.299999999999982900, -5.669999999999990200 ) ) ;
#413 = APPROVAL_ROLE ( '' ) ;
#414 = EDGE_LOOP ( 'NONE', ( #1079, #5195, #979, #534 ) ) ;
#415 = CARTESIAN_POINT ( 'NONE',  ( 0.6200000000000749400, -1.058465930886485100E-014, -3.749999999999967100 ) ) ;
#416 = DIRECTION ( 'NONE',  ( 0.0000000000000000000, 1.000000000000000000, -2.449212707644743700E-016 ) ) ;
#417 = PLANE ( 'NONE',  #3902 ) ;
#418 = ADVANCED_FACE ( 'NONE', ( #5297 ), #1650, .T. ) ;
#419 = LINE ( 'NONE', #4304, #283 ) ;
#420 = ORIENTED_EDGE ( 'NONE', *, *, #4643, .T. ) ;
#421 = DIRECTION ( 'NONE',  ( -1.000000000000000000, 2.999321443644220700E-032, 1.224606353822354600E-016 ) ) ;
#422 = EDGE_CURVE ( 'NONE', #4939, #5509, #7, .T. ) ;
#423 = PERSON_AND_ORGANIZATION ( #3531, #3853 ) ;
#424 = PLANE ( 'NONE',  #506 ) ;
#425 = DIRECTION ( 'NONE',  ( 9.308272310119528700E-015, -1.000000000000000000, 2.449212707644743700E-016 ) ) ;
#426 = LINE ( 'NONE', #1221, #2658 ) ;
#427 = ORIENTED_EDGE ( 'NONE', *, *, #4733, .T. ) ;
#428 = ADVANCED_FACE ( 'NONE', ( #81 ), #2058, .T. ) ;
#429 = EDGE_CURVE ( 'NONE', #66, #4826, #166, .T. ) ;
#430 = LINE ( 'NONE', #3776, #644 ) ;
#431 = EDGE_LOOP ( 'NONE', ( #3320, #1447, #5237, #4921 ) ) ;
#432 = EDGE_CURVE ( 'NONE', #1372, #3115, #157, .T. ) ;
#433 = AXIS2_PLACEMENT_3D ( 'NONE', #1140, #1202, #1204 ) ;
#434 = EDGE_LOOP ( 'NONE', ( #20, #3812, #855, #4833 ) ) ;
#435 = FACE_OUTER_BOUND ( 'NONE', #2773, .T. ) ;
#436 = ORIENTED_EDGE ( 'NONE', *, *, #5543, .F. ) ;
#437 = DIRECTION ( 'NONE',  ( 1.000000000000000000, 9.308272310119528700E-015, 0.0000000000000000000 ) ) ;
#438 = PERSON_AND_ORGANIZATION_ROLE ( 'classification_officer' ) ;
#439 = CARTESIAN_POINT ( 'NONE',  ( 0.0003806904314744910500, -1.084202172485504400E-016, -8.849999999999948100 ) ) ;
#440 = FACE_OUTER_BOUND ( 'NONE', #2909, .T. ) ;
#441 = EDGE_LOOP ( 'NONE', ( #3463, #4463, #3965, #2610 ) ) ;
#442 = LINE ( 'NONE', #3510, #468 ) ;
#443 = DIRECTION ( 'NONE',  ( -1.000000000000000000, -8.340706888492925000E-015, 2.780235629497610400E-015 ) ) ;
#444 = CARTESIAN_POINT ( 'NONE',  ( -9.685000000000092900, 0.09999999999989195300, -3.449999999999941100 ) ) ;
#445 = EDGE_CURVE ( 'NONE', #1142, #1835, #160, .T. ) ;
#446 = DIRECTION ( 'NONE',  ( -1.000000000000000000, 2.999321443644220700E-032, 1.224606353822354600E-016 ) ) ;
#447 = FACE_OUTER_BOUND ( 'NONE', #5809, .T. ) ;
#448 = EDGE_LOOP ( 'NONE', ( #886, #3609, #836, #1547 ) ) ;
#449 = CARTESIAN_POINT ( 'NONE',  ( -5.660000000000007200, 4.104350754937395000E-014, -7.299999999999936800 ) ) ;
#450 = CARTESIAN_POINT ( 'NONE',  ( -0.2503806904314105400, -2.518786754371693800E-015, -8.849999999999949900 ) ) ;
#451 = CARTESIAN_POINT ( 'NONE',  ( -2.539999999999939200, -3.150000000000038100, -2.860000000000019900 ) ) ;
#452 = EDGE_LOOP ( 'NONE', ( #3552, #3570, #3655, #3832 ) ) ;
#453 = VECTOR ( 'NONE', #3343, 1000.000000000000100 ) ;
#454 = ORIENTED_EDGE ( 'NONE', *, *, #946, .F. ) ;
#455 = AXIS2_PLACEMENT_3D ( 'NONE', #5421, #5382, #5379 ) ;
#456 = ORIENTED_EDGE ( 'NONE', *, *, #5216, .F. ) ;
#457 = CARTESIAN_POINT ( 'NONE',  ( 6.459999999999959100, 2.400000000000037700, -1.160000000000001300 ) ) ;
#458 = PLANE ( 'NONE',  #3234 ) ;
#459 = DIRECTION ( 'NONE',  ( -9.859894204913363300E-045, 1.059261469412979700E-030, -1.000000000000000000 ) ) ;
#460 = DATE_TIME_ROLE ( 'classification_date' ) ;
#461 = ORIENTED_EDGE ( 'NONE', *, *, #5057, .F. ) ;
#462 = EDGE_CURVE ( 'NONE', #37, #258, #235, .T. ) ;
#463 = VERTEX_POINT ( 'NONE', #3172 ) ;
#464 = ORIENTED_EDGE ( 'NONE', *, *, #5125, .F. ) ;
#465 = CARTESIAN_POINT ( 'NONE',  ( -0.6199999999999917800, -1.408585839774390400E-014, -5.049999999999988300 ) ) ;
#466 = EDGE_LOOP ( 'NONE', ( #827, #243, #1008, #5527 ) ) ;
#467 = PLANE ( 'NONE',  #3490 ) ;
#468 = VECTOR ( 'NONE', #725, 1000.000000000000000 ) ;
#469 = ORIENTED_EDGE ( 'NONE', *, *, #3597, .T. ) ;
#470 = AXIS2_PLACEMENT_3D ( 'NONE', #5529, #4638, #4635 ) ;
#471 = ORIENTED_EDGE ( 'NONE', *, *, #2060, .T. ) ;
#472 = VECTOR ( 'NONE', #1245, 1000.000000000000000 ) ;
#473 = AXIS2_PLACEMENT_3D ( 'NONE', #4138, #4081, #4002 ) ;
#474 = CARTESIAN_POINT ( 'NONE',  ( 6.459999999999905800, 8.299999999999977600, -7.649999999999963900 ) ) ;
#475 = DIRECTION ( 'NONE',  ( 9.308272310119528700E-015, -1.000000000000000000, 0.0000000000000000000 ) ) ;
#476 = CARTESIAN_POINT ( 'NONE',  ( -2.220000000000048600, 7.199999999999959300, -5.350000000000002300 ) ) ;
#477 = ORIENTED_EDGE ( 'NONE', *, *, #5541, .T. ) ;
#478 = SECURITY_CLASSIFICATION_LEVEL ( 'unclassified' ) ;
#479 = EDGE_CURVE ( 'NONE', #4174, #3602, #221, .T. ) ;
#480 = DIRECTION ( 'NONE',  ( -1.000000000000000000, -9.308272310119528700E-015, 0.0000000000000000000 ) ) ;
#481 = DIRECTION ( 'NONE',  ( 2.264797275598023500E-030, -2.449212707644743700E-016, -1.000000000000000000 ) ) ;
#482 = PLANE ( 'NONE',  #3884 ) ;
#483 = CARTESIAN_POINT ( 'NONE',  ( -6.233499999999929200, -7.066594065946927900E-014, -2.749999999999966700 ) ) ;
#484 = DIRECTION ( 'NONE',  ( 0.0000000000000000000, 0.3162277660168351100, -0.9486832980505148800 ) ) ;
#485 = EDGE_LOOP ( 'NONE', ( #4380, #4713, #5009, #5172 ) ) ;
#486 = VERTEX_POINT ( 'NONE', #3503 ) ;
#487 = DIRECTION ( 'NONE',  ( 1.000000000000000000, 9.308272310119528700E-015, 0.0000000000000000000 ) ) ;
#488 = DIRECTION ( 'NONE',  ( 1.000000000000000000, 9.675654216266484400E-016, -2.902696264879903700E-015 ) ) ;
#489 = VECTOR ( 'NONE', #674, 1000.000000000000000 ) ;
#490 = DIRECTION ( 'NONE',  ( -9.308272310119528700E-015, 1.000000000000000000, 0.0000000000000000000 ) ) ;
#491 = EDGE_CURVE ( 'NONE', #1321, #4221, #318, .T. ) ;
#492 = AXIS2_PLACEMENT_3D ( 'NONE', #5432, #5387, #5620 ) ;
#493 = PERSON_AND_ORGANIZATION_ROLE ( 'design_supplier' ) ;
#494 = FACE_OUTER_BOUND ( 'NONE', #5648, .T. ) ;
#495 = EDGE_LOOP ( 'NONE', ( #1107, #1460, #1634, #1685 ) ) ;
#496 = DIRECTION ( 'NONE',  ( 8.791877021164553700E-015, -0.9486832980505148800, -0.3162277660168351100 ) ) ;
#497 = DIRECTION ( 'NONE',  ( -0.5773502691896544900, 0.5773502691896343900, -0.5773502691895884300 ) ) ;
#498 = CARTESIAN_POINT ( 'NONE',  ( -6.460000000000039900, 8.299999999999885200, -7.649999999999963900 ) ) ;
#499 = CARTESIAN_POINT ( 'NONE',  ( 2.219999999999887000, 8.000000000000012400, -2.809999999999988500 ) ) ;
#500 = LINE ( 'NONE', #1662, #3221 ) ;
#501 = EDGE_LOOP ( 'NONE', ( #5801, #4678, #4975, #3130 ) ) ;
#502 = FACE_OUTER_BOUND ( 'NONE', #1314, .T. ) ;
#503 = EDGE_LOOP ( 'NONE', ( #1337, #579, #3249 ) ) ;
#504 = PERSON_AND_ORGANIZATION ( #3531, #3853 ) ;
#505 = CARTESIAN_POINT ( 'NONE',  ( 49.56650000000019000, 2.400000000000438700, -1.149999999999973300 ) ) ;
#506 = AXIS2_PLACEMENT_3D ( 'NONE', #3450, #1900, #2383 ) ;
#507 = DIRECTION ( 'NONE',  ( 0.9486832980505143200, 0.3162277660168365000, 0.0000000000000000000 ) ) ;
#508 = LINE ( 'NONE', #768, #1080 ) ;
#509 = ORIENTED_EDGE ( 'NONE', *, *, #624, .T. ) ;
#510 = FACE_OUTER_BOUND ( 'NONE', #5446, .T. ) ;
#511 = VERTEX_POINT ( 'NONE', #698 ) ;
#512 = PERSON_AND_ORGANIZATION ( #3531, #3853 ) ;
#513 = DIRECTION ( 'NONE',  ( -1.000000000000000000, -9.308272310119528700E-015, 0.0000000000000000000 ) ) ;
#514 = CARTESIAN_POINT ( 'NONE',  ( 21.59000000000013100, 2.002128067073632400E-013, -5.049999999999950100 ) ) ;
#515 = AXIS2_PLACEMENT_3D ( 'NONE', #308, #290, #338 ) ;
#516 = DIRECTION ( 'NONE',  ( 1.000000000000000000, 9.308272310119528700E-015, -0.0000000000000000000 ) ) ;
#517 = FACE_BOUND ( 'NONE', #397, .T. ) ;
#518 = VERTEX_POINT ( 'NONE', #5203 ) ;
#519 = LINE ( 'NONE', #905, #599 ) ;
#520 = PERSON_AND_ORGANIZATION_ROLE ( 'creator' ) ;
#521 = VERTEX_POINT ( 'NONE', #710 ) ;
#522 = CARTESIAN_POINT ( 'NONE',  ( 9.365000000000089000, 0.05000000000006941300, -2.659999999999973500 ) ) ;
#523 = VECTOR ( 'NONE', #2866, 1000.000000000000200 ) ;
#524 = CIRCLE ( 'NONE', #3215, 0.5000000000000558400 ) ;
#525 = CARTESIAN_POINT ( 'NONE',  ( 2.249999999999971600, 2.050000000000003800, -1.149999999999977500 ) ) ;
#526 = EDGE_CURVE ( 'NONE', #3660, #2772, #442, .T. ) ;
#527 = ORIENTED_EDGE ( 'NONE', *, *, #4307, .F. ) ;
#528 = DIRECTION ( 'NONE',  ( -1.000000000000000000, -0.0000000000000000000, 1.224606353822376800E-016 ) ) ;
#529 = DIRECTION ( 'NONE',  ( 2.264797275598023500E-030, -2.449212707644743700E-016, -1.000000000000000000 ) ) ;
#530 = DIRECTION ( 'NONE',  ( 1.000000000000000000, 1.927552798946408400E-013, 0.0000000000000000000 ) ) ;
#531 = CARTESIAN_POINT ( 'NONE',  ( -7.560000000000005800, 8.799999999999908300, -8.799999999999956300 ) ) ;
#532 = CYLINDRICAL_SURFACE ( 'NONE', #3175, 0.2500000000000002200 ) ;
#533 = DATE_AND_TIME ( #613, #709 ) ;
#534 = ORIENTED_EDGE ( 'NONE', *, *, #1555, .F. ) ;
#535 = AXIS2_PLACEMENT_3D ( 'NONE', #5401, #5397, #5650 ) ;
#536 = LINE ( 'NONE', #3852, #1945 ) ;
#537 = CARTESIAN_POINT ( 'NONE',  ( -0.5000000000000516300, -1.888539362077259300E-013, -7.299999999999965200 ) ) ;
#538 = CARTESIAN_POINT ( 'NONE',  ( -1.269999999999998900, 2.399999999999965700, -1.849999999999928100 ) ) ;
#539 = ORIENTED_EDGE ( 'NONE', *, *, #4480, .F. ) ;
#540 = DIRECTION ( 'NONE',  ( 1.000000000000000000, 9.308272310119528700E-015, 0.0000000000000000000 ) ) ;
#541 = LINE ( 'NONE', #1149, #4954 ) ;
#542 = DATE_TIME_ROLE ( 'classification_date' ) ;
#543 = FACE_OUTER_BOUND ( 'NONE', #185, .T. ) ;
#544 = VERTEX_POINT ( 'NONE', #738 ) ;
#545 = PLANE ( 'NONE',  #2158 ) ;
#546 = DIRECTION ( 'NONE',  ( -9.859894204913363300E-045, 1.059261469412979700E-030, -1.000000000000000000 ) ) ;
#547 = EDGE_CURVE ( 'NONE', #5411, #4619, #246, .T. ) ;
#548 = EDGE_LOOP ( 'NONE', ( #1643, #1375, #3872, #2389, #404, #2233 ) ) ;
#549 = CARTESIAN_POINT ( 'NONE',  ( -6.460000000000007100, 6.399999999999912400, -6.049999999999951000 ) ) ;
#550 = ORIENTED_EDGE ( 'NONE', *, *, #5155, .T. ) ;
#551 = DIRECTION ( 'NONE',  ( 0.0000000000000000000, 1.000000000000000000, -2.449212707644743700E-016 ) ) ;
#552 = ORIENTED_EDGE ( 'NONE', *, *, #4321, .F. ) ;
#553 = PLANE ( 'NONE',  #3827 ) ;
#554 = PLANE ( 'NONE',  #1568 ) ;
#555 = ADVANCED_FACE ( 'NONE', ( #299 ), #532, .T. ) ;
#556 = EDGE_CURVE ( 'NONE', #4026, #4417, #524, .T. ) ;
#557 = AXIS2_PLACEMENT_3D ( 'NONE', #5798, #5561, #5480 ) ;
#558 = VERTEX_POINT ( 'NONE', #798 ) ;
#559 = DIRECTION ( 'NONE',  ( -1.687264209974689800E-044, 1.396299209680758300E-030, -1.000000000000000000 ) ) ;
#560 = DIRECTION ( 'NONE',  ( -0.0000000000000000000, 0.0000000000000000000, -1.000000000000000000 ) ) ;
#561 = VERTEX_POINT ( 'NONE', #769 ) ;
#562 = DIRECTION ( 'NONE',  ( -1.000000000000000000, -1.451244273804982700E-014, 0.0000000000000000000 ) ) ;
#563 = DIRECTION ( 'NONE',  ( 1.000000000000000000, 1.359195156180638500E-046, 1.109903726971674800E-030 ) ) ;
#564 = CARTESIAN_POINT ( 'NONE',  ( -0.5000000000000516300, -1.893539160395675700E-013, -6.299999999999825700 ) ) ;
#565 = EDGE_LOOP ( 'NONE', ( #5190, #4927, #1976, #4231 ) ) ;
#566 = CARTESIAN_POINT ( 'NONE',  ( 6.233499999999887500, 2.400000000000035900, -2.749999999999966700 ) ) ;
#567 = ADVANCED_FACE ( 'NONE', ( #543 ), #828, .T. ) ;
#568 = DIRECTION ( 'NONE',  ( -9.308272310119528700E-015, 1.000000000000000000, -1.836909530733555800E-016 ) ) ;
#569 = CARTESIAN_POINT ( 'NONE',  ( 0.5000000000000887100, 3.401363855100360700E-015, -6.299999999999825700 ) ) ;
#570 = CARTESIAN_POINT ( 'NONE',  ( 6.159999999999820700, 5.658616496221695000E-014, -7.299999999999966100 ) ) ;
#571 = EDGE_CURVE ( 'NONE', #5146, #1709, #594, .T. ) ;
#572 = VECTOR ( 'NONE', #3030, 1000.000000000000000 ) ;
#573 = ORIENTED_EDGE ( 'NONE', *, *, #1765, .T. ) ;
#574 = CARTESIAN_POINT ( 'NONE',  ( 6.459999999999932500, 8.299999999999991800, -1.149999999999981300 ) ) ;
#575 = CARTESIAN_POINT ( 'NONE',  ( -5.660000000000017900, 4.099999999999938400, -8.849999999999978300 ) ) ;
#576 = LINE ( 'NONE', #4102, #2900 ) ;
#577 = CARTESIAN_POINT ( 'NONE',  ( 6.233499999999888400, 2.400000000000034600, -6.049999999999950100 ) ) ;
#578 = LINE ( 'NONE', #3589, #5427 ) ;
#579 = ORIENTED_EDGE ( 'NONE', *, *, #5605, .T. ) ;
#580 = ADVANCED_FACE ( 'NONE', ( #310 ), #885, .T. ) ;
#581 = FACE_OUTER_BOUND ( 'NONE', #5606, .T. ) ;
#582 = ORIENTED_EDGE ( 'NONE', *, *, #4236, .T. ) ;
#583 = CARTESIAN_POINT ( 'NONE',  ( 0.5000000000000887100, 3.901343686941999400E-015, -7.299999999999965200 ) ) ;
#584 = CARTESIAN_POINT ( 'NONE',  ( -0.4999999999999215100, -0.1757359312882058000, -7.299999999999964300 ) ) ;
#585 = CARTESIAN_POINT ( 'NONE',  ( 2.219999999999887000, 0.1000000000000011300, -2.809999999999986300 ) ) ;
#586 = FACE_OUTER_BOUND ( 'NONE', #4238, .T. ) ;
#587 = ORIENTED_EDGE ( 'NONE', *, *, #4453, .F. ) ;
#588 = ORIENTED_EDGE ( 'NONE', *, *, #4798, .F. ) ;
#589 = AXIS2_PLACEMENT_3D ( 'NONE', #5037, #5268, #5287 ) ;
#590 = CARTESIAN_POINT ( 'NONE',  ( -7.559999999999937400, 2.399999999999916900, -6.049999999999950100 ) ) ;
#591 = AXIS2_PLACEMENT_3D ( 'NONE', #5380, #5666, #2840 ) ;
#592 = CARTESIAN_POINT ( 'NONE',  ( 50.71650000000007500, 2.050000000000003800, -6.071532165918824800E-015 ) ) ;
#593 = LINE ( 'NONE', #2642, #707 ) ;
#594 = LINE ( 'NONE', #876, #391 ) ;
#595 = EDGE_LOOP ( 'NONE', ( #2765, #3364, #3021, #3155 ) ) ;
#596 = CARTESIAN_POINT ( 'NONE',  ( -0.4999999999999215600, -0.1757359312882062800, -6.300000000000017600 ) ) ;
#597 = DIRECTION ( 'NONE',  ( -1.000000000000000000, -1.040834085586083300E-014, 0.0000000000000000000 ) ) ;
#598 = CIRCLE ( 'NONE', #4366, 0.1999999999999510800 ) ;
#599 = VECTOR ( 'NONE', #861, 1000.000000000000000 ) ;
#600 = CC_DESIGN_APPROVAL ( #279, ( #5796 ) ) ;
#601 = DIRECTION ( 'NONE',  ( -1.000000000000000000, -9.107298248877218000E-015, 0.0000000000000000000 ) ) ;
#602 = ORIENTED_EDGE ( 'NONE', *, *, #18, .T. ) ;
#603 = DIRECTION ( 'NONE',  ( -0.0000000000000000000, -0.0000000000000000000, -1.000000000000000000 ) ) ;
#604 = CARTESIAN_POINT ( 'NONE',  ( 0.5000000000000263100, -0.1757359312880135400, -6.300000000000017600 ) ) ;
#605 = EDGE_CURVE ( 'NONE', #3201, #757, #519, .T. ) ;
#606 = ORIENTED_EDGE ( 'NONE', *, *, #5079, .T. ) ;
#607 = EDGE_CURVE ( 'NONE', #1058, #4916, #680, .T. ) ;
#608 = VERTEX_POINT ( 'NONE', #911 ) ;
#609 = DIRECTION ( 'NONE',  ( -9.308272310119528700E-015, 1.000000000000000000, -3.673819061467121400E-016 ) ) ;
#610 = CARTESIAN_POINT ( 'NONE',  ( -0.3757359312879739500, -0.3000000000000379600, -7.299999999999964300 ) ) ;
#611 = DIRECTION ( 'NONE',  ( 1.000000000000000000, 9.308272310119528700E-015, 0.0000000000000000000 ) ) ;
#612 = ORIENTED_EDGE ( 'NONE', *, *, #4728, .T. ) ;
#613 = CALENDAR_DATE ( 2015, 31, 8 ) ;
#614 = ORIENTED_EDGE ( 'NONE', *, *, #2187, .F. ) ;
#615 = AXIS2_PLACEMENT_3D ( 'NONE', #1261, #1276, #1278 ) ;
#616 = VECTOR ( 'NONE', #546, 1000.000000000000000 ) ;
#617 = EDGE_LOOP ( 'NONE', ( #5516, #4755, #5081, #4339 ) ) ;
#618 = CARTESIAN_POINT ( 'NONE',  ( 6.959999999999952000, 8.800000000000043300, -8.150000000000000400 ) ) ;
#619 = CARTESIAN_POINT ( 'NONE',  ( -0.3757359312879739500, -0.3000000000000383500, -6.548528137423866200 ) ) ;
#620 = VERTEX_POINT ( 'NONE', #922 ) ;
#621 = VERTEX_POINT ( 'NONE', #775 ) ;
#622 = CARTESIAN_POINT ( 'NONE',  ( 21.59000000000013100, 2.002128067073632400E-013, -2.509999999999962900 ) ) ;
#623 = DIRECTION ( 'NONE',  ( -0.6882472016117227000, -0.2294157338705585200, -0.6882472016116489800 ) ) ;
#624 = EDGE_CURVE ( 'NONE', #4619, #2051, #752, .T. ) ;
#625 = CARTESIAN_POINT ( 'NONE',  ( -0.1999999999999569900, -0.3000000000000053700, -6.899999999999897300 ) ) ;
#626 = ORIENTED_EDGE ( 'NONE', *, *, #187, .F. ) ;
#627 = CARTESIAN_POINT ( 'NONE',  ( 0.3757359312881267100, -0.2999999999998935700, -6.548528137423866200 ) ) ;
#628 = AXIS2_PLACEMENT_3D ( 'NONE', #756, #773, #562 ) ;
#629 = CARTESIAN_POINT ( 'NONE',  ( 50.71649999999998900, 8.800000000000450100, -8.150000000000000400 ) ) ;
#630 = CARTESIAN_POINT ( 'NONE',  ( 0.3200000000000886000, -3.000000000000020000, -5.989999999999990400 ) ) ;
#631 = VERTEX_POINT ( 'NONE', #999 ) ;
#632 = AXIS2_PLACEMENT_3D ( 'NONE', #5016, #5055, #5047 ) ;
#633 = CARTESIAN_POINT ( 'NONE',  ( 2.539999999999872100, 8.300000000000007800, -3.129999999999989200 ) ) ;
#634 = CARTESIAN_POINT ( 'NONE',  ( 0.3757359312881266600, -0.2999999999998931900, -7.299999999999964300 ) ) ;
#635 = DIRECTION ( 'NONE',  ( 8.791877021164553700E-015, -0.9486832980505148800, -0.3162277660168351100 ) ) ;
#636 = CARTESIAN_POINT ( 'NONE',  ( 6.959999999999967100, 8.800000000000043300, -0.6499999999999340700 ) ) ;
#637 = ORIENTED_EDGE ( 'NONE', *, *, #3038, .F. ) ;
#638 = CARTESIAN_POINT ( 'NONE',  ( -0.1999999999999569900, -0.3000000000000051500, -7.299999999999965200 ) ) ;
#639 = CARTESIAN_POINT ( 'NONE',  ( 0.2000000000001097300, -0.2999999999999282700, -6.899999999999897300 ) ) ;
#640 = VECTOR ( 'NONE', #2504, 1000.000000000000100 ) ;
#641 = EDGE_LOOP ( 'NONE', ( #5507, #5563, #612, #1714 ) ) ;
#642 = CARTESIAN_POINT ( 'NONE',  ( 2.219999999999966900, 0.09999999999998547600, -5.989999999999978000 ) ) ;
#643 = LINE ( 'NONE', #5048, #1612 ) ;
#644 = VECTOR ( 'NONE', #3806, 1000.000000000000000 ) ;
#645 = ORIENTED_EDGE ( 'NONE', *, *, #3038, .T. ) ;
#646 = CARTESIAN_POINT ( 'NONE',  ( -2.860000000000025200, 7.999999999999961800, -3.449999999999993100 ) ) ;
#647 = CARTESIAN_POINT ( 'NONE',  ( 0.2000000000001097300, -0.2999999999999281000, -7.299999999999965200 ) ) ;
#648 = PLANE ( 'NONE',  #4139 ) ;
#649 = CIRCLE ( 'NONE', #4240, 0.1999999999697200700 ) ;
#650 = ORIENTED_EDGE ( 'NONE', *, *, #1350, .F. ) ;
#651 = VECTOR ( 'NONE', #488, 1000.000000000000000 ) ;
#652 = ORIENTED_EDGE ( 'NONE', *, *, #5560, .F. ) ;
#653 = DIRECTION ( 'NONE',  ( 0.0000000000000000000, 0.9486832980505124400, 0.3162277660168419400 ) ) ;
#654 = DIRECTION ( 'NONE',  ( -1.000000000000000000, -1.359195156180638500E-046, -1.109903726971674800E-030 ) ) ;
#655 = LINE ( 'NONE', #961, #820 ) ;
#656 = CARTESIAN_POINT ( 'NONE',  ( 6.233499999999899000, 5.738604827744687400E-014, -2.749999999999966700 ) ) ;
#657 = EDGE_LOOP ( 'NONE', ( #2801, #2885, #1569, #3152 ) ) ;
#658 = EDGE_CURVE ( 'NONE', #1095, #3411, #748, .T. ) ;
#659 = EDGE_CURVE ( 'NONE', #5555, #4317, #655, .T. ) ;
#660 = CARTESIAN_POINT ( 'NONE',  ( 2.859999999999980300, 2.400000000000003900, -5.989999999999989600 ) ) ;
#661 = VECTOR ( 'NONE', #3311, 1000.000000000000000 ) ;
#662 = VERTEX_POINT ( 'NONE', #1020 ) ;
#663 = AXIS2_PLACEMENT_3D ( 'NONE', #5067, #5025, #5021 ) ;
#664 = DIRECTION ( 'NONE',  ( -3.059710517561310000E-015, 0.3162277660168419900, -0.9486832980505125500 ) ) ;
#665 = VERTEX_POINT ( 'NONE', #1034 ) ;
#666 = EDGE_CURVE ( 'NONE', #5435, #4553, #889, .T. ) ;
#667 = ORIENTED_EDGE ( 'NONE', *, *, #2898, .T. ) ;
#668 = DIRECTION ( 'NONE',  ( 9.859894204913363300E-045, -1.059261469412979700E-030, 1.000000000000000000 ) ) ;
#669 = DIRECTION ( 'NONE',  ( -1.000000000000000000, -5.546970267633875300E-046, -2.264797275598023500E-030 ) ) ;
#670 = CARTESIAN_POINT ( 'NONE',  ( -7.559999999999938300, -6.737684940844682400E-014, -8.799999999999956300 ) ) ;
#671 = CARTESIAN_POINT ( 'NONE',  ( 0.0003806904314799186800, -0.5830951894845837200, -8.849999999999948100 ) ) ;
#672 = ORIENTED_EDGE ( 'NONE', *, *, #1775, .T. ) ;
#673 = DESIGN_CONTEXT ( 'detailed design', #333, 'design' ) ;
#674 = DIRECTION ( 'NONE',  ( -1.000000000000000000, -5.546970267633875300E-046, -2.264797275598023500E-030 ) ) ;
#675 = ORIENTED_EDGE ( 'NONE', *, *, #4558, .T. ) ;
#676 = DIRECTION ( 'NONE',  ( 9.859894204913363300E-045, -1.059261469412979700E-030, 1.000000000000000000 ) ) ;
#677 = ORIENTED_EDGE ( 'NONE', *, *, #1925, .F. ) ;
#678 = FACE_OUTER_BOUND ( 'NONE', #5653, .T. ) ;
#679 = AXIS2_PLACEMENT_3D ( 'NONE', #4684, #4662, #4837 ) ;
#680 = CIRCLE ( 'NONE', #3099, 0.3000000000000651000 ) ;
#681 = VECTOR ( 'NONE', #974, 1000.000000000000000 ) ;
#682 = ORIENTED_EDGE ( 'NONE', *, *, #3184, .F. ) ;
#683 = CARTESIAN_POINT ( 'NONE',  ( -0.3199999999999479900, -3.000000000000025800, -5.989999999999981600 ) ) ;
#684 = DIRECTION ( 'NONE',  ( 0.0000000000000000000, -1.000000000000000000, -1.445602896647008800E-015 ) ) ;
#685 = LINE ( 'NONE', #4104, #3774 ) ;
#686 = VECTOR ( 'NONE', #990, 1000.000000000000000 ) ;
#687 = CARTESIAN_POINT ( 'NONE',  ( 5.660000002371741200, -0.2999999999999568600, -1.699999999993874900 ) ) ;
#688 = ORIENTED_EDGE ( 'NONE', *, *, #4630, .F. ) ;
#689 = CARTESIAN_POINT ( 'NONE',  ( -7.559999999999937400, -5.922778765780845700E-014, -6.049999999999950100 ) ) ;
#690 = CARTESIAN_POINT ( 'NONE',  ( -5.659999999999979700, -5.464378949326942300E-014, -8.849999999999978300 ) ) ;
#691 = ORIENTED_EDGE ( 'NONE', *, *, #123, .F. ) ;
#692 = CARTESIAN_POINT ( 'NONE',  ( -2.220000000000006900, 2.399999999999956400, -1.160000000000001300 ) ) ;
#693 = DIRECTION ( 'NONE',  ( 1.000000000000000000, -2.999321443644220700E-032, -1.224606353822354600E-016 ) ) ;
#694 = ORIENTED_EDGE ( 'NONE', *, *, #1672, .T. ) ;
#695 = PLANE ( 'NONE',  #2190 ) ;
#696 = CARTESIAN_POINT ( 'NONE',  ( 0.3200000000000383600, 2.399999999999979500, -3.449999999999976200 ) ) ;
#697 = EDGE_CURVE ( 'NONE', #2257, #4640, #826, .T. ) ;
#698 = CARTESIAN_POINT ( 'NONE',  ( 6.459999999999961800, 2.400000000000018600, -1.149999999999979000 ) ) ;
#699 = ORIENTED_EDGE ( 'NONE', *, *, #4657, .T. ) ;
#700 = AXIS2_PLACEMENT_3D ( 'NONE', #115, #156, #163 ) ;
#701 = CARTESIAN_POINT ( 'NONE',  ( -2.220000000000057900, 8.199999999999958400, -3.449999999999990000 ) ) ;
#702 = PRODUCT_DEFINITION_FORMATION_WITH_SPECIFIED_SOURCE ( 'ANY', '', #3760, .NOT_KNOWN. ) ;
#703 = PLANE ( 'NONE',  #1126 ) ;
#704 = LINE ( 'NONE', #1150, #5121 ) ;
#705 = EDGE_LOOP ( 'NONE', ( #5590, #204, #4126, #5583 ) ) ;
#706 = CARTESIAN_POINT ( 'NONE',  ( 0.2000000000000500800, 1.105585102374663100E-013, -7.299999999999965200 ) ) ;
#707 = VECTOR ( 'NONE', #2781, 1000.000000000000000 ) ;
#708 = ORIENTED_EDGE ( 'NONE', *, *, #2472, .T. ) ;
#709 = LOCAL_TIME ( 23, 59, 36.00000000000000000, #766 ) ;
#710 = CARTESIAN_POINT ( 'NONE',  ( 6.459999999999960900, 2.400000000000036800, -6.049999999999950100 ) ) ;
#711 = FACE_OUTER_BOUND ( 'NONE', #2570, .T. ) ;
#712 = EDGE_LOOP ( 'NONE', ( #4761, #5152, #3639, #3222 ) ) ;
#713 = VECTOR ( 'NONE', #3751, 1000.000000000000000 ) ;
#714 = ORIENTED_EDGE ( 'NONE', *, *, #4291, .F. ) ;
#715 = CARTESIAN_POINT ( 'NONE',  ( 2.860000000000025600, -2.999999999999997300, -2.809999999999997800 ) ) ;
#716 = CARTESIAN_POINT ( 'NONE',  ( 5.659999999999922900, 4.100000000000044100, -8.849999999999978300 ) ) ;
#717 = DIRECTION ( 'NONE',  ( 1.000000000000000000, 5.546970267633875300E-046, 2.264797275598023500E-030 ) ) ;
#718 = ADVANCED_FACE ( 'NONE', ( #819 ), #1071, .T. ) ;
#719 = DIRECTION ( 'NONE',  ( 0.0000000000000000000, 1.000000000000000000, -3.673819061467120900E-016 ) ) ;
#720 = FACE_BOUND ( 'NONE', #5150, .T. ) ;
#721 = VERTEX_POINT ( 'NONE', #1066 ) ;
#722 = FACE_OUTER_BOUND ( 'NONE', #269, .T. ) ;
#723 = CALENDAR_DATE ( 2015, 31, 8 ) ;
#724 = DIRECTION ( 'NONE',  ( 1.224606353822377000E-016, 1.139896941408127000E-030, -1.000000000000000000 ) ) ;
#725 = DIRECTION ( 'NONE',  ( -1.224606353822377300E-016, -1.139896941408127200E-030, -1.000000000000000000 ) ) ;
#727 = EDGE_CURVE ( 'NONE', #3089, #1321, #950, .T. ) ;
#726 = CARTESIAN_POINT ( 'NONE',  ( 2.699999999999923400, 8.150000000000016300, -3.399999999999981700 ) ) ;
#728 = LINE ( 'NONE', #323, #1543 ) ;
#729 = FACE_OUTER_BOUND ( 'NONE', #4513, .T. ) ;
#730 = DATE_AND_TIME ( #3203, #5149 ) ;
#731 = VERTEX_POINT ( 'NONE', #1108 ) ;
#732 = DIRECTION ( 'NONE',  ( -9.308272310119528700E-015, 1.000000000000000000, -1.836909530733555800E-016 ) ) ;
#733 = VECTOR ( 'NONE', #3514, 1000.000000000000000 ) ;
#734 = VERTEX_POINT ( 'NONE', #1139 ) ;
#735 = EDGE_CURVE ( 'NONE', #1544, #5472, #1035, .T. ) ;
#736 = ORIENTED_EDGE ( 'NONE', *, *, #1262, .F. ) ;
#737 = PLANE ( 'NONE',  #2279 ) ;
#738 = CARTESIAN_POINT ( 'NONE',  ( -2.219999999999957100, -3.000000000000051100, -5.989999999999993100 ) ) ;
#739 = CARTESIAN_POINT ( 'NONE',  ( 2.859999999999980300, 8.000000000000005300, -5.989999999999990400 ) ) ;
#740 = ORIENTED_EDGE ( 'NONE', *, *, #4799, .F. ) ;
#741 = CARTESIAN_POINT ( 'NONE',  ( 2.219999999999888700, 8.000000000000005300, -3.449999999999976200 ) ) ;
#742 = VERTEX_POINT ( 'NONE', #1145 ) ;
#743 = DIRECTION ( 'NONE',  ( 3.419690824224371900E-030, -3.673819061467120900E-016, -1.000000000000000000 ) ) ;
#744 = VERTEX_POINT ( 'NONE', #1162 ) ;
#745 = ADVANCED_FACE ( 'NONE', ( #1028 ), #1168, .T. ) ;
#746 = CARTESIAN_POINT ( 'NONE',  ( -2.220000000000057900, 8.199999999999958400, -3.449999999999992600 ) ) ;
#747 = DIRECTION ( 'NONE',  ( -1.000000000000000000, -1.040834085586083300E-014, 0.0000000000000000000 ) ) ;
#748 = LINE ( 'NONE', #983, #681 ) ;
#749 = AXIS2_PLACEMENT_3D ( 'NONE', #4666, #5526, #384 ) ;
#750 = ORIENTED_EDGE ( 'NONE', *, *, #1562, .F. ) ;
#751 = VECTOR ( 'NONE', #4456, 1000.000000000000000 ) ;
#752 = LINE ( 'NONE', #894, #753 ) ;
#753 = VECTOR ( 'NONE', #959, 1000.000000000000100 ) ;
#754 = ADVANCED_FACE ( 'NONE', ( #722 ), #1163, .T. ) ;
#755 = DIRECTION ( 'NONE',  ( -1.224606353822377300E-016, -1.139896941408127200E-030, -1.000000000000000000 ) ) ;
#756 = CARTESIAN_POINT ( 'NONE',  ( -5.659999999999953100, 4.400499477316350000E-014, -1.499999999999979800 ) ) ;
#757 = VERTEX_POINT ( 'NONE', #1188 ) ;
#758 = EDGE_CURVE ( 'NONE', #3927, #1570, #1101, .T. ) ;
#759 = APPROVAL_ROLE ( '' ) ;
#760 = DIRECTION ( 'NONE',  ( 1.000000000000000000, 9.308272310119528700E-015, 0.0000000000000000000 ) ) ;
#761 = CARTESIAN_POINT ( 'NONE',  ( 7.559999999999915200, 6.400000000000045700, -6.049999999999951000 ) ) ;
#762 = DIRECTION ( 'NONE',  ( 0.6882472016117239200, -0.2294157338705423700, 0.6882472016116532000 ) ) ;
#763 = VERTEX_POINT ( 'NONE', #1220 ) ;
#764 = CARTESIAN_POINT ( 'NONE',  ( 21.59000000000013100, 2.002128067073632400E-013, -5.049999999999988300 ) ) ;
#765 = ORIENTED_EDGE ( 'NONE', *, *, #2549, .T. ) ;
#766 = COORDINATED_UNIVERSAL_TIME_OFFSET ( 8, 0, .BEHIND. ) ;
#767 = ORIENTED_EDGE ( 'NONE', *, *, #862, .F. ) ;
#768 = CARTESIAN_POINT ( 'NONE',  ( -2.219999999999953600, -3.000000000000047100, -5.350000000000002300 ) ) ;
#769 = CARTESIAN_POINT ( 'NONE',  ( 5.909999999999908700, 8.200000000000038400, -8.849999999999976600 ) ) ;
#770 = APPROVAL_STATUS ( 'not_yet_approved' ) ;
#771 = ORIENTED_EDGE ( 'NONE', *, *, #5369, .T. ) ;
#772 = CARTESIAN_POINT ( 'NONE',  ( -7.559999999999937400, -6.950685074557611800E-014, -2.749999999999968000 ) ) ;
#773 = DIRECTION ( 'NONE',  ( -1.451244273804982700E-014, 1.000000000000000000, 1.367341569830078300E-015 ) ) ;
#774 = EDGE_CURVE ( 'NONE', #5122, #5677, #1110, .T. ) ;
#775 = CARTESIAN_POINT ( 'NONE',  ( -2.319999999999952300, -3.300000000000040700, -5.450000000000011700 ) ) ;
#776 = LINE ( 'NONE', #4357, #789 ) ;
#777 = ORIENTED_EDGE ( 'NONE', *, *, #5586, .T. ) ;
#778 = CARTESIAN_POINT ( 'NONE',  ( -2.249999999999929800, -2.815439342957654700, -1.849999999999926100 ) ) ;
#779 = PLANE ( 'NONE',  #5317 ) ;
#780 = CARTESIAN_POINT ( 'NONE',  ( 7.559999999999973000, 6.961774619638478900E-014, -4.409999999999975300 ) ) ;
#781 = FACE_OUTER_BOUND ( 'NONE', #3901, .T. ) ;
#782 = ORIENTED_EDGE ( 'NONE', *, *, #1303, .F. ) ;
#783 = VECTOR ( 'NONE', #1731, 1000.000000000000000 ) ;
#784 = ORIENTED_EDGE ( 'NONE', *, *, #1200, .T. ) ;
#785 = ADVANCED_FACE ( 'NONE', ( #1169 ), #1252, .T. ) ;
#786 = VECTOR ( 'NONE', #4698, 1000.000000000000000 ) ;
#787 = ORIENTED_EDGE ( 'NONE', *, *, #805, .F. ) ;
#788 = CARTESIAN_POINT ( 'NONE',  ( -2.319999999999950100, -3.300000000000039800, -5.450000000000009100 ) ) ;
#789 = VECTOR ( 'NONE', #4650, 1000.000000000000000 ) ;
#790 = ORIENTED_EDGE ( 'NONE', *, *, #556, .F. ) ;
#791 = PERSON_AND_ORGANIZATION_ROLE ( 'classification_officer' ) ;
#792 = DIRECTION ( 'NONE',  ( -9.308272310119528700E-015, 1.000000000000000000, 0.0000000000000000000 ) ) ;
#793 = DIRECTION ( 'NONE',  ( -9.308272310119528700E-015, 1.000000000000000000, 0.0000000000000000000 ) ) ;
#794 = FACE_OUTER_BOUND ( 'NONE', #5774, .T. ) ;
#795 = VECTOR ( 'NONE', #372, 1000.000000000000000 ) ;
#796 = DIRECTION ( 'NONE',  ( 1.000000000000000000, 9.308272310119528700E-015, 1.224606353822377000E-016 ) ) ;
#797 = AXIS2_PLACEMENT_3D ( 'NONE', #5546, #5682, #4883 ) ;
#798 = CARTESIAN_POINT ( 'NONE',  ( 6.459999999999924500, 6.400000000000043000, -2.749999999999967600 ) ) ;
#799 = ORIENTED_EDGE ( 'NONE', *, *, #5409, .T. ) ;
#800 = PLANE ( 'NONE',  #5734 ) ;
#801 = VECTOR ( 'NONE', #4660, 1000.000000000000000 ) ;
#802 = ORIENTED_EDGE ( 'NONE', *, *, #5065, .F. ) ;
#803 = DIRECTION ( 'NONE',  ( 1.000000000000000000, 9.308272310119528700E-015, 1.224606353822377000E-016 ) ) ;
#804 = ORIENTED_EDGE ( 'NONE', *, *, #2199, .T. ) ;
#805 = EDGE_CURVE ( 'NONE', #1913, #2603, #1123, .T. ) ;
#806 = ORIENTED_EDGE ( 'NONE', *, *, #774, .T. ) ;
#807 = ORIENTED_EDGE ( 'NONE', *, *, #3184, .T. ) ;
#808 = CARTESIAN_POINT ( 'NONE',  ( 1.799775606328525500E-014, -9.356049843287770900E-014, -1.500000000000021300 ) ) ;
#809 = DIRECTION ( 'NONE',  ( -1.949236842396173300E-013, 1.000000000000000000, 1.801022438824055900E-015 ) ) ;
#810 = PERSON_AND_ORGANIZATION_ROLE ( 'creator' ) ;
#811 = ORIENTED_EDGE ( 'NONE', *, *, #4646, .T. ) ;
#812 = EDGE_CURVE ( 'NONE', #1931, #2698, #1178, .T. ) ;
#813 = DIRECTION ( 'NONE',  ( 1.000000000000000000, 9.308272310119528700E-015, -0.0000000000000000000 ) ) ;
#814 = EDGE_LOOP ( 'NONE', ( #2798, #4351, #436, #1501 ) ) ;
#815 = CARTESIAN_POINT ( 'NONE',  ( 7.559999999999973900, 7.123422658343032900E-014, -0.009999999999988316800 ) ) ;
#816 = ADVANCED_FACE ( 'NONE', ( #1237 ), #1288, .T. ) ;
#817 = VECTOR ( 'NONE', #603, 1000.000000000000000 ) ;
#818 = DIRECTION ( 'NONE',  ( 0.9486832980505143200, 0.3162277660168364400, 0.0000000000000000000 ) ) ;
#819 = FACE_OUTER_BOUND ( 'NONE', #4256, .T. ) ;
#820 = VECTOR ( 'NONE', #1005, 1000.000000000000000 ) ;
#821 = ORIENTED_EDGE ( 'NONE', *, *, #3798, .F. ) ;
#822 = EDGE_CURVE ( 'NONE', #2775, #313, #1265, .T. ) ;
#823 = DIRECTION ( 'NONE',  ( -1.000000000000000000, -1.949236842396173600E-013, 0.0000000000000000000 ) ) ;
#824 = DIRECTION ( 'NONE',  ( 0.0000000000000000000, -0.9486832980505126600, -0.3162277660168410500 ) ) ;
#825 = VECTOR ( 'NONE', #4525, 1000.000000000000000 ) ;
#826 = LINE ( 'NONE', #1063, #878 ) ;
#827 = ORIENTED_EDGE ( 'NONE', *, *, #2273, .F. ) ;
#828 = PLANE ( 'NONE',  #3128 ) ;
#829 = ADVANCED_FACE ( 'NONE', ( #1304 ), #1366, .T. ) ;
#830 = CARTESIAN_POINT ( 'NONE',  ( 2.269999999999881000, 8.150000000000011000, -5.829999999999983200 ) ) ;
#831 = EDGE_CURVE ( 'NONE', #4448, #4981, #1376, .T. ) ;
#832 = ORIENTED_EDGE ( 'NONE', *, *, #3924, .F. ) ;
#833 = DATE_TIME_ROLE ( 'creation_date' ) ;
#834 = CARTESIAN_POINT ( 'NONE',  ( -7.559999999999938300, -6.526873999896450500E-014, -6.049999999999950100 ) ) ;
#835 = DIRECTION ( 'NONE',  ( 1.224646799145715600E-016, 4.999798318415923500E-016, -1.000000000000000000 ) ) ;
#836 = ORIENTED_EDGE ( 'NONE', *, *, #2480, .F. ) ;
#837 = EDGE_CURVE ( 'NONE', #1058, #5684, #1326, .T. ) ;
#838 = ADVANCED_FACE ( 'NONE', ( #1384 ), #1402, .T. ) ;
#839 = DIRECTION ( 'NONE',  ( 0.3015113445777845600, -0.9045340337332834500, -0.3015113445777650200 ) ) ;
#840 = AXIS2_PLACEMENT_3D ( 'NONE', #2847, #2789, #2780 ) ;
#841 = CARTESIAN_POINT ( 'NONE',  ( 2.859999999999924800, 7.200000000000005500, -5.989999999999990400 ) ) ;
#842 = PRODUCT_DEFINITION_SHAPE ( 'NONE', 'NONE',  #4303 ) ;
#843 = DIRECTION ( 'NONE',  ( -0.9486832980505220900, 0.3162277660168129600, 3.872545315193255700E-017 ) ) ;
#844 = PLANE ( 'NONE',  #2811 ) ;
#845 = ORIENTED_EDGE ( 'NONE', *, *, #5232, .F. ) ;
#846 = PERSON_AND_ORGANIZATION ( #3531, #3853 ) ;
#847 = VECTOR ( 'NONE', #12, 1000.000000000000000 ) ;
#848 = LINE ( 'NONE', #4759, #1539 ) ;
#849 = ORIENTED_EDGE ( 'NONE', *, *, #4557, .F. ) ;
#850 = EDGE_CURVE ( 'NONE', #5245, #3540, #1335, .T. ) ;
#851 = DIRECTION ( 'NONE',  ( -0.3162277660168129600, -0.9486832980505220900, 0.0000000000000000000 ) ) ;
#852 = CARTESIAN_POINT ( 'NONE',  ( -3.009999999999939400, 0.04999999999995329000, -5.194999999999969200 ) ) ;
#853 = AXIS2_PLACEMENT_3D ( 'NONE', #2250, #2231, #2122 ) ;
#854 = APPROVAL_ROLE ( '' ) ;
#855 = ORIENTED_EDGE ( 'NONE', *, *, #624, .F. ) ;
#856 = CARTESIAN_POINT ( 'NONE',  ( -6.233499999999930100, -5.877590791324802700E-014, -4.409999999999975300 ) ) ;
#857 = LINE ( 'NONE', #4634, #2500 ) ;
#858 = VERTEX_POINT ( 'NONE', #1521 ) ;
#859 = PLANE ( 'NONE',  #4535 ) ;
#860 = ORIENTED_EDGE ( 'NONE', *, *, #4754, .F. ) ;
#861 = DIRECTION ( 'NONE',  ( 1.000000000000000000, -2.999321443644220700E-032, -1.224606353822354600E-016 ) ) ;
#862 = EDGE_CURVE ( 'NONE', #313, #2412, #1486, .T. ) ;
#863 = AXIS2_PLACEMENT_3D ( 'NONE', #4801, #4753, #4762 ) ;
#864 = CARTESIAN_POINT ( 'NONE',  ( 3.159999999999902400, 2.015436613138936000E-014, -5.049999999999950100 ) ) ;
#865 = FACE_OUTER_BOUND ( 'NONE', #5319, .T. ) ;
#866 = ORIENTED_EDGE ( 'NONE', *, *, #4167, .F. ) ;
#867 = ADVANCED_FACE ( 'NONE', ( #1461 ), #1551, .T. ) ;
#868 = FACE_OUTER_BOUND ( 'NONE', #495, .T. ) ;
#869 = VERTEX_POINT ( 'NONE', #1520 ) ;
#870 = CARTESIAN_POINT ( 'NONE',  ( 5.909999999999989500, 5.264629031670367300E-014, -8.849999999999976600 ) ) ;
#871 = VECTOR ( 'NONE', #5742, 1000.000000000000000 ) ;
#872 = ORIENTED_EDGE ( 'NONE', *, *, #4236, .F. ) ;
#873 = LINE ( 'NONE', #1667, #5301 ) ;
#874 = EDGE_CURVE ( 'NONE', #558, #5718, #1472, .T. ) ;
#875 = ADVANCED_FACE ( 'NONE', ( #1407 ), #1604, .F. ) ;
#876 = CARTESIAN_POINT ( 'NONE',  ( 1.919999999999946000, 1.711909036731041200E-014, -4.409999999999975300 ) ) ;
#877 = LINE ( 'NONE', #4204, #2794 ) ;
#878 = VECTOR ( 'NONE', #1044, 1000.000000000000000 ) ;
#879 = APPROVAL_STATUS ( 'not_yet_approved' ) ;
#880 = ORIENTED_EDGE ( 'NONE', *, *, #4597, .F. ) ;
#881 = CARTESIAN_POINT ( 'NONE',  ( -0.5000000000000378600, -1.910223405526972700E-013, -1.500000000000021300 ) ) ;
#882 = VECTOR ( 'NONE', #211, 1000.000000000000200 ) ;
#883 = ORIENTED_EDGE ( 'NONE', *, *, #4394, .T. ) ;
#884 = DIRECTION ( 'NONE',  ( 9.859894204913363300E-045, -1.059261469412979700E-030, 1.000000000000000000 ) ) ;
#885 = PLANE ( 'NONE',  #3090 ) ;
#886 = ORIENTED_EDGE ( 'NONE', *, *, #1691, .T. ) ;
#887 = CARTESIAN_POINT ( 'NONE',  ( 0.2199999999999861500, 8.300000000000011400, -3.289999999999982700 ) ) ;
#888 = DIRECTION ( 'NONE',  ( 0.3162277660168364400, -0.9486832980505143200, -3.872545315192716500E-017 ) ) ;
#889 = LINE ( 'NONE', #1004, #900 ) ;
#890 = ORIENTED_EDGE ( 'NONE', *, *, #4589, .F. ) ;
#891 = EDGE_CURVE ( 'NONE', #3698, #2271, #1552, .T. ) ;
#892 = AXIS2_PLACEMENT_3D ( 'NONE', #1427, #4160, #4524 ) ;
#893 = LINE ( 'NONE', #1567, #3928 ) ;
#894 = CARTESIAN_POINT ( 'NONE',  ( 2.219999999999887000, 8.000000000000005300, -3.449999999999984600 ) ) ;
#895 = CARTESIAN_POINT ( 'NONE',  ( -2.320000000000047400, 8.299999999999958100, -5.889999999999999700 ) ) ;
#896 =( BOUNDED_CURVE ( )  B_SPLINE_CURVE ( 3, ( #3394, #3508, #3528, #3537 ),
 .UNSPECIFIED., .F., .F. ) 
 B_SPLINE_CURVE_WITH_KNOTS ( ( 4, 4 ),
 ( 0.0000000000000000000, 1.000000000000000000 ),
 .UNSPECIFIED. ) 
 CURVE ( )  GEOMETRIC_REPRESENTATION_ITEM ( )  RATIONAL_B_SPLINE_CURVE ( ( 1.000000000000000000, 0.3333333333333333700, 0.3333333333333333700, 1.000000000000000000 ) ) 
 REPRESENTATION_ITEM ( '' )  );
#897 = ORIENTED_EDGE ( 'NONE', *, *, #5095, .F. ) ;
#898 = LINE ( 'NONE', #4381, #1137 ) ;
#899 = APPLICATION_PROTOCOL_DEFINITION ( 'international standard', 'config_control_design', 1994, #918 ) ;
#900 = VECTOR ( 'NONE', #968, 1000.000000000000000 ) ;
#901 = VECTOR ( 'NONE', #1295, 1000.000000000000000 ) ;
#902 = CARTESIAN_POINT ( 'NONE',  ( -2.860000000000031900, 7.999999999999961800, -2.810000000000004500 ) ) ;
#903 = ORIENTED_EDGE ( 'NONE', *, *, #4340, .T. ) ;
#904 = VECTOR ( 'NONE', #1282, 1000.000000000000000 ) ;
#905 = CARTESIAN_POINT ( 'NONE',  ( -2.860000000000031900, 2.399999999999949700, -2.810000000000000900 ) ) ;
#906 = CC_DESIGN_PERSON_AND_ORGANIZATION_ASSIGNMENT ( #5731, #1385, ( #5796 ) ) ;
#907 = CARTESIAN_POINT ( 'NONE',  ( -0.3199999999999479900, -3.000000000000025800, -5.349999999999995200 ) ) ;
#908 = CARTESIAN_POINT ( 'NONE',  ( -0.1999999999999569600, -0.3000000000000051500, -7.299999999999965200 ) ) ;
#909 = ORIENTED_EDGE ( 'NONE', *, *, #4312, .T. ) ;
#910 = CARTESIAN_POINT ( 'NONE',  ( 0.4699999999999881500, 0.04999999999998626400, -3.604999999999961300 ) ) ;
#911 = CARTESIAN_POINT ( 'NONE',  ( 5.160000000000036600, 4.579315909204257900E-014, -1.499999999999972700 ) ) ;
#912 = EDGE_CURVE ( 'NONE', #3530, #3778, #1632, .T. ) ;
#913 = ORIENTED_EDGE ( 'NONE', *, *, #3182, .F. ) ;
#914 = APPROVAL_DATE_TIME ( #944, #4586 ) ;
#915 = CARTESIAN_POINT ( 'NONE',  ( -0.1999999999999569900, -0.3000000000000049800, -7.700000000000032200 ) ) ;
#916 = CARTESIAN_POINT ( 'NONE',  ( 0.5000000000000262000, -0.1757359312880130100, -7.299999999999964300 ) ) ;
#917 = AXIS2_PLACEMENT_3D ( 'NONE', #5532, #4648, #4659 ) ;
#918 = APPLICATION_CONTEXT ( 'configuration controlled 3d designs of mechanical parts and assemblies' ) ;
#919 = ORIENTED_EDGE ( 'NONE', *, *, #3641, .F. ) ;
#920 = CARTESIAN_POINT ( 'NONE',  ( 0.2000000000001096700, -0.2999999999999278800, -7.700000000000032200 ) ) ;
#921 = CARTESIAN_POINT ( 'NONE',  ( -6.459999999999968900, -5.816605394904445500E-014, -2.749999999999966700 ) ) ;
#922 = CARTESIAN_POINT ( 'NONE',  ( -2.432999999999962100, 7.799999999999961600, -0.08890000000001158100 ) ) ;
#923 = ORIENTED_EDGE ( 'NONE', *, *, #4589, .T. ) ;
#924 = DIRECTION ( 'NONE',  ( -1.224606353822377000E-016, -1.139896941408127000E-030, 1.000000000000000000 ) ) ;
#925 = ORIENTED_EDGE ( 'NONE', *, *, #3273, .F. ) ;
#926 = CARTESIAN_POINT ( 'NONE',  ( -2.220000000000052200, 7.999999999999967100, -3.449999999999994000 ) ) ;
#927 = DIRECTION ( 'NONE',  ( 9.859894204913363300E-045, -1.059261469412979700E-030, 1.000000000000000000 ) ) ;
#928 = PLANE ( 'NONE',  #5788 ) ;
#929 = FACE_OUTER_BOUND ( 'NONE', #414, .T. ) ;
#930 = EDGE_LOOP ( 'NONE', ( #1476, #3440, #4183, #4717 ) ) ;
#931 = EDGE_CURVE ( 'NONE', #5314, #2041, #1645, .T. ) ;
#932 = VECTOR ( 'NONE', #3386, 1000.000000000000000 ) ;
#933 = EDGE_LOOP ( 'NONE', ( #1302, #1553, #4681, #2979 ) ) ;
#934 = CARTESIAN_POINT ( 'NONE',  ( -5.859999999999897300, 3.918185308735102000E-014, -7.299999999999936800 ) ) ;
#935 = CARTESIAN_POINT ( 'NONE',  ( 0.2000000000001097000, -0.2999999999999281000, -7.299999999999965200 ) ) ;
#936 = FACE_OUTER_BOUND ( 'NONE', #172, .T. ) ;
#937 = EDGE_LOOP ( 'NONE', ( #2631, #5199, #3168, #4498 ) ) ;
#938 = DIRECTION ( 'NONE',  ( -1.272758767292880100E-029, 1.367341569830488700E-015, -1.000000000000000000 ) ) ;
#939 = PERSON_AND_ORGANIZATION_ROLE ( 'design_owner' ) ;
#940 = CARTESIAN_POINT ( 'NONE',  ( -0.3757359312879739500, -0.3000000000000380700, -7.299999999999964300 ) ) ;
#941 = LINE ( 'NONE', #4963, #801 ) ;
#942 = ORIENTED_EDGE ( 'NONE', *, *, #3080, .T. ) ;
#943 = LINE ( 'NONE', #1874, #5284 ) ;
#944 = DATE_AND_TIME ( #1138, #1193 ) ;
#945 = DIRECTION ( 'NONE',  ( -1.000000000000000000, -9.308272310119528700E-015, -0.0000000000000000000 ) ) ;
#946 = EDGE_CURVE ( 'NONE', #2290, #3235, #1708, .T. ) ;
#947 = AXIS2_PLACEMENT_3D ( 'NONE', #5482, #4564, #4562 ) ;
#948 = DIRECTION ( 'NONE',  ( 1.000000000000000000, 5.546970267633875300E-046, 2.264797275598023500E-030 ) ) ;
#949 = LINE ( 'NONE', #4972, #1698 ) ;
#950 = LINE ( 'NONE', #1056, #984 ) ;
#951 = CARTESIAN_POINT ( 'NONE',  ( -0.3757359312879738900, -0.3000000000000376800, -8.051471862576065100 ) ) ;
#952 = DIRECTION ( 'NONE',  ( 0.0000000000000000000, 1.000000000000000000, 0.0000000000000000000 ) ) ;
#953 = CARTESIAN_POINT ( 'NONE',  ( 0.3757359312881265500, -0.2999999999998928000, -8.051471862576065100 ) ) ;
#954 = ORIENTED_EDGE ( 'NONE', *, *, #2943, .F. ) ;
#955 = LINE ( 'NONE', #4627, #70 ) ;
#956 = ORIENTED_EDGE ( 'NONE', *, *, #4630, .T. ) ;
#957 = VERTEX_POINT ( 'NONE', #1721 ) ;
#958 = CARTESIAN_POINT ( 'NONE',  ( 0.3757359312881266000, -0.2999999999998931900, -7.299999999999964300 ) ) ;
#959 = DIRECTION ( 'NONE',  ( 0.3015113445778092000, 0.9045340337332757900, 0.3015113445777633500 ) ) ;
#960 = CARTESIAN_POINT ( 'NONE',  ( -0.4999999999999215100, -0.1757359312882058300, -7.299999999999964300 ) ) ;
#961 = CARTESIAN_POINT ( 'NONE',  ( 21.59000000000013100, 2.002128067073632400E-013, -3.749999999999953800 ) ) ;
#962 = APPLICATION_PROTOCOL_DEFINITION ( 'international standard', 'config_control_design', 1994, #988 ) ;
#963 = VECTOR ( 'NONE', #540, 1000.000000000000000 ) ;
#964 = CARTESIAN_POINT ( 'NONE',  ( -0.4999999999999215600, -0.1757359312882053000, -8.299999999999915400 ) ) ;
#965 = EDGE_LOOP ( 'NONE', ( #5415, #3298, #1131, #376 ) ) ;
#966 = DIRECTION ( 'NONE',  ( -1.000000000000000000, 2.999321443644220700E-032, 1.224606353822354600E-016 ) ) ;
#967 = AXIS2_PLACEMENT_3D ( 'NONE', #2675, #2614, #2606 ) ;
#968 = DIRECTION ( 'NONE',  ( 1.224606353822377300E-016, 1.139896941408127200E-030, 1.000000000000000000 ) ) ;
#969 = VECTOR ( 'NONE', #1248, 1000.000000000000000 ) ;
#970 = AXIS2_PLACEMENT_3D ( 'NONE', #4053, #4065, #4066 ) ;
#971 = DIRECTION ( 'NONE',  ( 9.308272310119528700E-015, -1.000000000000000000, 0.0000000000000000000 ) ) ;
#972 = ORIENTED_EDGE ( 'NONE', *, *, #4993, .T. ) ;
#973 = VECTOR ( 'NONE', #200, 1000.000000000000000 ) ;
#974 = DIRECTION ( 'NONE',  ( -1.000000000000000000, 2.999321443644220700E-032, 1.224606353822354600E-016 ) ) ;
#975 = CARTESIAN_POINT ( 'NONE',  ( 0.5000000000000263100, -0.1757359312880125400, -8.299999999999915400 ) ) ;
#976 = VERTEX_POINT ( 'NONE', #1702 ) ;
#977 = VECTOR ( 'NONE', #4222, 1000.000000000000000 ) ;
#978 = AXIS2_PLACEMENT_3D ( 'NONE', #5418, #5406, #5457 ) ;
#979 = ORIENTED_EDGE ( 'NONE', *, *, #4807, .F. ) ;
#980 = AXIS2_PLACEMENT_3D ( 'NONE', #3882, #3869, #3865 ) ;
#981 = VECTOR ( 'NONE', #5327, 1000.000000000000000 ) ;
#982 = CARTESIAN_POINT ( 'NONE',  ( -0.5000000000000516300, -1.888539362077259000E-013, -7.299999999999965200 ) ) ;
#983 = CARTESIAN_POINT ( 'NONE',  ( -0.3200000000000450800, 0.09999999999998204800, -2.809999999999986300 ) ) ;
#984 = VECTOR ( 'NONE', #1116, 1000.000000000000000 ) ;
#985 = CARTESIAN_POINT ( 'NONE',  ( -6.159999999999970800, -6.329592032638521200E-014, -1.499999999999979800 ) ) ;
#986 = CARTESIAN_POINT ( 'NONE',  ( -0.3200000000000476900, 7.999999999999981300, -5.349999999999983700 ) ) ;
#987 = VERTEX_POINT ( 'NONE', #1706 ) ;
#988 = APPLICATION_CONTEXT ( 'configuration controlled 3d designs of mechanical parts and assemblies' ) ;
#989 = CARTESIAN_POINT ( 'NONE',  ( -0.5000000000000516300, -1.883539563758842600E-013, -8.300000000000107300 ) ) ;
#990 = DIRECTION ( 'NONE',  ( 0.6882472016116768500, 0.2294157338705680400, -0.6882472016116917300 ) ) ;
#991 = EDGE_LOOP ( 'NONE', ( #4450, #4689, #4852, #4958 ) ) ;
#992 = CARTESIAN_POINT ( 'NONE',  ( -0.2199999999999376300, -3.300000000000023400, -3.349999999999988500 ) ) ;
#993 = DIRECTION ( 'NONE',  ( 1.000000000000000000, 9.308272310119528700E-015, 0.0000000000000000000 ) ) ;
#994 = EDGE_CURVE ( 'NONE', #4962, #1095, #1541, .T. ) ;
#995 = PLANE ( 'NONE',  #306 ) ;
#996 = AXIS2_PLACEMENT_3D ( 'NONE', #5717, #5789, #5567 ) ;
#997 = VERTEX_POINT ( 'NONE', #1772 ) ;
#998 = EDGE_LOOP ( 'NONE', ( #1014, #699, #573, #408, #5542, #5475, #30, #3720, #1827, #2608, #2027, #2842, #5217, #1211, #1036, #3359 ) ) ;
#999 = CARTESIAN_POINT ( 'NONE',  ( 1.269999999999988700, 2.399999999999976800, -1.849999999999928100 ) ) ;
#1000 = COORDINATED_UNIVERSAL_TIME_OFFSET ( 8, 0, .BEHIND. ) ;
#1001 = CARTESIAN_POINT ( 'NONE',  ( 0.5000000000000887100, 4.401323518783626600E-015, -8.300000000000107300 ) ) ;
#1002 = VECTOR ( 'NONE', #4110, 1000.000000000000100 ) ;
#1003 = VERTEX_POINT ( 'NONE', #1812 ) ;
#1004 = CARTESIAN_POINT ( 'NONE',  ( -2.859999999999927500, -3.000000000000056400, -3.449999999999990000 ) ) ;
#1005 = DIRECTION ( 'NONE',  ( -1.000000000000000000, -9.308272310119528700E-015, -0.0000000000000000000 ) ) ;
#1006 = CARTESIAN_POINT ( 'NONE',  ( 0.2503806904314469500, 2.030895776753216800E-015, -8.849999999999948100 ) ) ;
#1007 = DIRECTION ( 'NONE',  ( 9.308272310119528700E-015, -1.000000000000000000, 0.0000000000000000000 ) ) ;
#1008 = ORIENTED_EDGE ( 'NONE', *, *, #2322, .T. ) ;
#1009 = ORIENTED_EDGE ( 'NONE', *, *, #1979, .T. ) ;
#1010 = DIRECTION ( 'NONE',  ( -9.308272310119528700E-015, 1.000000000000000000, 0.0000000000000000000 ) ) ;
#1011 = AXIS2_PLACEMENT_3D ( 'NONE', #2387, #1437, #3181 ) ;
#1012 = CARTESIAN_POINT ( 'NONE',  ( 0.5000000000000887100, 3.901343686941988300E-015, -7.299999999999965200 ) ) ;
#1013 = LINE ( 'NONE', #3408, #72 ) ;
#1014 = ORIENTED_EDGE ( 'NONE', *, *, #2364, .T. ) ;
#1015 = FACE_BOUND ( 'NONE', #2558, .T. ) ;
#1016 = EDGE_LOOP ( 'NONE', ( #2252, #2263, #2316, #2371 ) ) ;
#1017 = CARTESIAN_POINT ( 'NONE',  ( -5.409999999999953100, -2.717491588110770100E-014, -8.799999999999956300 ) ) ;
#1018 = EDGE_CURVE ( 'NONE', #3199, #2163, #1916, .T. ) ;
#1019 = DIRECTION ( 'NONE',  ( 0.3162277660169107700, -0.9486832980504894500, 0.0000000000000000000 ) ) ;
#1020 = CARTESIAN_POINT ( 'NONE',  ( -2.319999999999951400, -3.300000000000038900, -3.350000000000002300 ) ) ;
#1021 = EDGE_CURVE ( 'NONE', #2718, #3174, #1848, .T. ) ;
#1022 = VERTEX_POINT ( 'NONE', #1819 ) ;
#1023 = ORIENTED_EDGE ( 'NONE', *, *, #26, .T. ) ;
#1024 = APPROVAL ( #770, 'UNSPECIFIED' ) ;
#1025 = DIRECTION ( 'NONE',  ( 0.0000000000000000000, -0.9486832980505123200, 0.3162277660168422700 ) ) ;
#1026 = DIRECTION ( 'NONE',  ( -1.000000000000000000, -9.308272310119528700E-015, -0.0000000000000000000 ) ) ;
#1027 = LINE ( 'NONE', #3270, #4688 ) ;
#1028 = FACE_OUTER_BOUND ( 'NONE', #5438, .T. ) ;
#1029 = AXIS2_PLACEMENT_3D ( 'NONE', #288, #296, #302 ) ;
#1030 = VERTEX_POINT ( 'NONE', #1838 ) ;
#1031 = CARTESIAN_POINT ( 'NONE',  ( -6.233499999999947900, 2.399999999999919500, -2.749999999999967600 ) ) ;
#1032 = DIRECTION ( 'NONE',  ( -0.9486832980504895700, -0.3162277660169108300, 1.936272657596506200E-016 ) ) ;
#1033 = FACE_OUTER_BOUND ( 'NONE', #2462, .T. ) ;
#1034 = CARTESIAN_POINT ( 'NONE',  ( -2.319999999999952300, -3.300000000000039800, -2.910000000000025500 ) ) ;
#1035 = LINE ( 'NONE', #1105, #1048 ) ;
#1036 = ORIENTED_EDGE ( 'NONE', *, *, #1514, .T. ) ;
#1037 = DIRECTION ( 'NONE',  ( 1.000000000000000000, 9.675654216266433100E-016, -2.902696264879897400E-015 ) ) ;
#1038 = VERTEX_POINT ( 'NONE', #1839 ) ;
#1039 = CARTESIAN_POINT ( 'NONE',  ( -6.459999999999965300, 2.399999999999916900, -1.160000000000001300 ) ) ;
#1040 = CARTESIAN_POINT ( 'NONE',  ( 2.269999999999986300, -3.149999999999993700, -3.449999999999971800 ) ) ;
#1041 = ORIENTED_EDGE ( 'NONE', *, *, #1018, .T. ) ;
#1042 = ORIENTED_EDGE ( 'NONE', *, *, #5514, .T. ) ;
#1043 = ORIENTED_EDGE ( 'NONE', *, *, #5652, .F. ) ;
#1044 = DIRECTION ( 'NONE',  ( 9.859894204913363300E-045, -1.059261469412979700E-030, 1.000000000000000000 ) ) ;
#1045 = FACE_OUTER_BOUND ( 'NONE', #5012, .T. ) ;
#1046 = ORIENTED_EDGE ( 'NONE', *, *, #5560, .T. ) ;
#1047 = DIRECTION ( 'NONE',  ( 1.000000000000000000, 5.546970267633875300E-046, 2.264797275598023500E-030 ) ) ;
#1048 = VECTOR ( 'NONE', #1124, 1000.000000000000000 ) ;
#1049 = PLANE ( 'NONE',  #4323 ) ;
#1050 = VERTEX_POINT ( 'NONE', #1854 ) ;
#1051 = DIRECTION ( 'NONE',  ( 9.308272310119528700E-015, -1.000000000000000000, 0.0000000000000000000 ) ) ;
#1052 = EDGE_CURVE ( 'NONE', #2775, #5670, #1924, .T. ) ;
#1053 = EDGE_CURVE ( 'NONE', #5129, #5023, #1986, .T. ) ;
#1054 = CARTESIAN_POINT ( 'NONE',  ( 0.3199999999999936800, 7.999999999999981300, -5.989999999999990400 ) ) ;
#1055 = VERTEX_POINT ( 'NONE', #1860 ) ;
#1056 = CARTESIAN_POINT ( 'NONE',  ( -0.3199999999999408300, -3.000000000000028000, -5.989999999999990400 ) ) ;
#1057 = CARTESIAN_POINT ( 'NONE',  ( -0.3199999999999536500, -3.000000000000030200, -5.989999999999980700 ) ) ;
#1058 = VERTEX_POINT ( 'NONE', #1893 ) ;
#1059 = AXIS2_PLACEMENT_3D ( 'NONE', #5712, #5638, #5615 ) ;
#1060 = DIRECTION ( 'NONE',  ( -1.000000000000000000, -9.308272310119528700E-015, -0.0000000000000000000 ) ) ;
#1061 = DIRECTION ( 'NONE',  ( -9.308272310119528700E-015, 1.000000000000000000, 0.0000000000000000000 ) ) ;
#1062 = CARTESIAN_POINT ( 'NONE',  ( -2.809999999999931700, -3.150000000000041700, -5.990000000000014400 ) ) ;
#1063 = CARTESIAN_POINT ( 'NONE',  ( -6.459999999999972400, 2.399999999999916900, -1.160000000000001300 ) ) ;
#1064 = ORIENTED_EDGE ( 'NONE', *, *, #2741, .F. ) ;
#1065 = CARTESIAN_POINT ( 'NONE',  ( 21.59000000000013100, 2.002128067073632400E-013, -3.749999999999952500 ) ) ;
#1066 = CARTESIAN_POINT ( 'NONE',  ( 0.3200000000000268200, 2.399999999999979500, -3.449999999999975800 ) ) ;
#1067 = CARTESIAN_POINT ( 'NONE',  ( -6.460000000000003500, 8.299999999999890600, -7.649999999999967500 ) ) ;
#1068 = EDGE_CURVE ( 'NONE', #1022, #4711, #2086, .T. ) ;
#1069 = VECTOR ( 'NONE', #1853, 1000.000000000000000 ) ;
#1070 = EDGE_LOOP ( 'NONE', ( #1821, #4396, #233, #2218 ) ) ;
#1071 = PLANE ( 'NONE',  #3040 ) ;
#1072 = CARTESIAN_POINT ( 'NONE',  ( -7.560000000000020900, 6.399999999999909800, -2.749999999999968000 ) ) ;
#1073 = VERTEX_POINT ( 'NONE', #1881 ) ;
#1074 = FACE_OUTER_BOUND ( 'NONE', #4210, .T. ) ;
#1075 = EDGE_LOOP ( 'NONE', ( #1557, #102, #2370, #3357 ) ) ;
#1076 = DIRECTION ( 'NONE',  ( 0.3015113445778322400, -0.9045340337332650200, 0.3015113445777728400 ) ) ;
#1077 = DIRECTION ( 'NONE',  ( -1.000000000000000000, -9.308272310119528700E-015, 0.0000000000000000000 ) ) ;
#1078 = LINE ( 'NONE', #4244, #5058 ) ;
#1079 = ORIENTED_EDGE ( 'NONE', *, *, #4394, .F. ) ;
#1080 = VECTOR ( 'NONE', #560, 1000.000000000000000 ) ;
#1081 = ORIENTED_EDGE ( 'NONE', *, *, #1936, .T. ) ;
#1082 = DIRECTION ( 'NONE',  ( -0.9486832980504895700, -0.3162277660169108300, 1.936272657596506200E-016 ) ) ;
#1083 = FACE_OUTER_BOUND ( 'NONE', #73, .T. ) ;
#1084 = EDGE_LOOP ( 'NONE', ( #3243, #1249, #1425, #3867 ) ) ;
#1085 = EDGE_CURVE ( 'NONE', #5129, #1589, #2010, .T. ) ;
#1086 = EDGE_CURVE ( 'NONE', #1705, #5632, #5669, .T. ) ;
#1087 = EDGE_LOOP ( 'NONE', ( #1218, #3209, #3405, #4664, #5289, #1280, #5719, #784 ) ) ;
#1088 = CARTESIAN_POINT ( 'NONE',  ( -3.014999999999972100, 0.09999999999996443700, -5.349999999999995200 ) ) ;
#1089 = LINE ( 'NONE', #3725, #214 ) ;
#1090 = DIRECTION ( 'NONE',  ( 0.3162277660169107700, -0.9486832980504894500, 0.0000000000000000000 ) ) ;
#1091 = AXIS2_PLACEMENT_3D ( 'NONE', #4227, #3876, #3891 ) ;
#1092 = CARTESIAN_POINT ( 'NONE',  ( -0.3757359312879790500, -0.3000000000000542800, -1.500000000000021800 ) ) ;
#1093 = CARTESIAN_POINT ( 'NONE',  ( -6.233499999999929200, -5.937841423932860100E-014, -2.749999999999967600 ) ) ;
#1094 = CIRCLE ( 'NONE', #212, 0.3000000000000218000 ) ;
#1095 = VERTEX_POINT ( 'NONE', #2017 ) ;
#1096 = ORIENTED_EDGE ( 'NONE', *, *, #4019, .F. ) ;
#1097 = DIRECTION ( 'NONE',  ( 1.000000000000000000, 8.340706888492901300E-015, 2.780235629497636000E-015 ) ) ;
#1098 = DIRECTION ( 'NONE',  ( 0.0000000000000000000, 0.3162277660168351100, -0.9486832980505148800 ) ) ;
#1099 = EDGE_CURVE ( 'NONE', #2000, #3816, #2069, .T. ) ;
#1100 = FACE_OUTER_BOUND ( 'NONE', #5102, .T. ) ;
#1101 = LINE ( 'NONE', #1197, #1114 ) ;
#1102 = DIRECTION ( 'NONE',  ( 8.869327927468405400E-015, -0.9486832980505148800, -0.3162277660168351100 ) ) ;
#1103 = ORIENTED_EDGE ( 'NONE', *, *, #2060, .F. ) ;
#1104 = CARTESIAN_POINT ( 'NONE',  ( -2.860000000000031900, 7.999999999999965400, -2.810000000000002300 ) ) ;
#1105 = CARTESIAN_POINT ( 'NONE',  ( -2.250000000000066600, 11.84999999999991600, -1.149999999999973300 ) ) ;
#1106 = CIRCLE ( 'NONE', #1813, 0.2999999999999913800 ) ;
#1107 = ORIENTED_EDGE ( 'NONE', *, *, #2600, .T. ) ;
#1108 = CARTESIAN_POINT ( 'NONE',  ( -7.559999999999975600, 6.399999999999907100, -6.049999999999951000 ) ) ;
#1109 = CARTESIAN_POINT ( 'NONE',  ( -9.364999999999994900, 0.04999999999989506600, -2.659999999999973500 ) ) ;
#1110 = LINE ( 'NONE', #1227, #969 ) ;
#1111 = ORIENTED_EDGE ( 'NONE', *, *, #5254, .T. ) ;
#1112 = AXIS2_PLACEMENT_3D ( 'NONE', #5535, #5523, #5724 ) ;
#1113 = VECTOR ( 'NONE', #1047, 1000.000000000000000 ) ;
#1114 = VECTOR ( 'NONE', #1232, 1000.000000000000200 ) ;
#1115 = DIRECTION ( 'NONE',  ( 0.0000000000000000000, 1.000000000000000000, -2.449212707644743700E-016 ) ) ;
#1116 = DIRECTION ( 'NONE',  ( 1.224606353822377300E-016, 1.139896941408127200E-030, 1.000000000000000000 ) ) ;
#1117 = ORIENTED_EDGE ( 'NONE', *, *, #2392, .F. ) ;
#1118 = DIRECTION ( 'NONE',  ( 0.3015113445777813400, -0.9045340337332837800, -0.3015113445777669600 ) ) ;
#1119 = ORIENTED_EDGE ( 'NONE', *, *, #5466, .F. ) ;
#1120 = FACE_OUTER_BOUND ( 'NONE', #2926, .T. ) ;
#1121 = CARTESIAN_POINT ( 'NONE',  ( -2.860000000000032700, 7.999999999999960000, -5.349999999999998800 ) ) ;
#1122 = EDGE_CURVE ( 'NONE', #1055, #3411, #2150, .T. ) ;
#1123 = LINE ( 'NONE', #1298, #901 ) ;
#1124 = DIRECTION ( 'NONE',  ( -9.308272310119528700E-015, 1.000000000000000000, 0.0000000000000000000 ) ) ;
#1125 = ORIENTED_EDGE ( 'NONE', *, *, #1504, .T. ) ;
#1126 = AXIS2_PLACEMENT_3D ( 'NONE', #5083, #1153, #3913 ) ;
#1127 = DIRECTION ( 'NONE',  ( -1.000000000000000000, -9.308272310119528700E-015, -0.0000000000000000000 ) ) ;
#1128 = ORIENTED_EDGE ( 'NONE', *, *, #4876, .F. ) ;
#1129 = EDGE_CURVE ( 'NONE', #2271, #1095, #2229, .T. ) ;
#1130 = EDGE_CURVE ( 'NONE', #1191, #2603, #2238, .T. ) ;
#1131 = ORIENTED_EDGE ( 'NONE', *, *, #2392, .T. ) ;
#1132 = CARTESIAN_POINT ( 'NONE',  ( 6.459999999999902300, 8.800000000000039800, -1.149999999999978400 ) ) ;
#1133 = AXIS2_PLACEMENT_3D ( 'NONE', #3969, #3994, #3983 ) ;
#1134 = CARTESIAN_POINT ( 'NONE',  ( -0.1600000000000511300, 8.149999999999991500, -2.859999999999996800 ) ) ;
#1135 = AXIS2_PLACEMENT_3D ( 'NONE', #1134, #5811, #5804 ) ;
#1136 = ORIENTED_EDGE ( 'NONE', *, *, #1406, .T. ) ;
#1137 = VECTOR ( 'NONE', #4367, 1000.000000000000000 ) ;
#1138 = CALENDAR_DATE ( 2015, 31, 8 ) ;
#1139 = CARTESIAN_POINT ( 'NONE',  ( 2.249999999999956000, 2.050000000000003800, -2.948519766627423300E-015 ) ) ;
#1140 = CARTESIAN_POINT ( 'NONE',  ( -2.700000000000037900, 8.149999999999966600, -2.860000000000010500 ) ) ;
#1141 = LINE ( 'NONE', #5110, #2347 ) ;
#1142 = VERTEX_POINT ( 'NONE', #2126 ) ;
#1143 = CARTESIAN_POINT ( 'NONE',  ( 50.71649999999998900, 8.800000000000450100, 1.040834085586084300E-014 ) ) ;
#1144 = EDGE_CURVE ( 'NONE', #4916, #4932, #2363, .T. ) ;
#1145 = CARTESIAN_POINT ( 'NONE',  ( 0.2200000000000401400, -3.300000000000024200, -5.449999999999997500 ) ) ;
#1146 = ORIENTED_EDGE ( 'NONE', *, *, #4246, .F. ) ;
#1147 = FACE_OUTER_BOUND ( 'NONE', #339, .T. ) ;
#1148 = VERTEX_POINT ( 'NONE', #2131 ) ;
#1149 = CARTESIAN_POINT ( 'NONE',  ( -7.975496956624693800E-015, -3.300000000000022500, -5.449999999999996600 ) ) ;
#1150 = CARTESIAN_POINT ( 'NONE',  ( -2.859999999999933700, -3.000000000000050600, -5.350000000000009400 ) ) ;
#1151 = DIRECTION ( 'NONE',  ( -9.308272310119528700E-015, 1.000000000000000000, -0.0000000000000000000 ) ) ;
#1152 = DIRECTION ( 'NONE',  ( 1.000000000000000000, 9.308272310119528700E-015, 1.224606353822377000E-016 ) ) ;
#1153 = DIRECTION ( 'NONE',  ( 9.308272310119528700E-015, -1.000000000000000000, 2.449212707644743700E-016 ) ) ;
#1154 = FACE_OUTER_BOUND ( 'NONE', #4561, .T. ) ;
#1155 = ORIENTED_EDGE ( 'NONE', *, *, #3734, .T. ) ;
#1156 = EDGE_CURVE ( 'NONE', #3602, #3009, #2294, .T. ) ;
#1157 = FACE_OUTER_BOUND ( 'NONE', #5646, .T. ) ;
#1158 = ORIENTED_EDGE ( 'NONE', *, *, #3991, .F. ) ;
#1159 = AXIS2_PLACEMENT_3D ( 'NONE', #4363, #4344, #4358 ) ;
#1160 = FACE_OUTER_BOUND ( 'NONE', #2518, .T. ) ;
#1161 = ORIENTED_EDGE ( 'NONE', *, *, #4732, .T. ) ;
#1162 = CARTESIAN_POINT ( 'NONE',  ( 0.3200000000000852200, -3.000000000000024400, -5.989999999999978900 ) ) ;
#1163 = PLANE ( 'NONE',  #433 ) ;
#1164 = EDGE_CURVE ( 'NONE', #2062, #631, #2377, .T. ) ;
#1165 = EDGE_CURVE ( 'NONE', #2300, #1607, #2433, .T. ) ;
#1166 = DIRECTION ( 'NONE',  ( 1.224606353822377300E-016, 1.139896941408127200E-030, 1.000000000000000000 ) ) ;
#1167 = VECTOR ( 'NONE', #1952, 1000.000000000000000 ) ;
#1168 = PLANE ( 'NONE',  #2996 ) ;
#1169 = FACE_OUTER_BOUND ( 'NONE', #5099, .T. ) ;
#1170 = AXIS2_PLACEMENT_3D ( 'NONE', #3207, #3056, #2973 ) ;
#1171 = DIRECTION ( 'NONE',  ( 0.0000000000000000000, -1.000000000000000000, 2.449212707644755500E-016 ) ) ;
#1172 = ORIENTED_EDGE ( 'NONE', *, *, #2466, .T. ) ;
#1173 = VECTOR ( 'NONE', #1418, 1000.000000000000000 ) ;
#1174 = DIRECTION ( 'NONE',  ( 1.224606353822354600E-016, 2.449212707644755500E-016, 1.000000000000000000 ) ) ;
#1175 = CARTESIAN_POINT ( 'NONE',  ( -0.3199999999999910700, 2.399999999999973300, -3.449999999999976200 ) ) ;
#1176 = CARTESIAN_POINT ( 'NONE',  ( -5.410000000000028600, 8.199999999999935300, -8.799999999999958100 ) ) ;
#1177 = ORIENTED_EDGE ( 'NONE', *, *, #1754, .F. ) ;
#1178 = CIRCLE ( 'NONE', #2974, 0.4999999999998868100 ) ;
#1179 = DIRECTION ( 'NONE',  ( 0.0000000000000000000, 1.000000000000000000, -2.449212707644743700E-016 ) ) ;
#1180 = ORIENTED_EDGE ( 'NONE', *, *, #2747, .T. ) ;
#1181 = DIRECTION ( 'NONE',  ( 1.000000000000000000, 9.308272310119528700E-015, 0.0000000000000000000 ) ) ;
#1182 = DIRECTION ( 'NONE',  ( -9.308272310119528700E-015, 1.000000000000000000, 0.0000000000000000000 ) ) ;
#1183 = EDGE_CURVE ( 'NONE', #3864, #1142, #2081, .T. ) ;
#1184 = VERTEX_POINT ( 'NONE', #2258 ) ;
#1185 = CARTESIAN_POINT ( 'NONE',  ( -2.860000000000022500, 7.199999999999953100, -5.350000000000002300 ) ) ;
#1186 = ORIENTED_EDGE ( 'NONE', *, *, #3786, .F. ) ;
#1187 = CARTESIAN_POINT ( 'NONE',  ( 2.859999999999990100, 7.200000000000005500, -5.989999999999990400 ) ) ;
#1188 = CARTESIAN_POINT ( 'NONE',  ( -2.220000000000004200, 2.399999999999952800, -2.810000000000002300 ) ) ;
#1189 = PLANE ( 'NONE',  #4574 ) ;
#1190 = VECTOR ( 'NONE', #3730, 1000.000000000000000 ) ;
#1191 = VERTEX_POINT ( 'NONE', #2281 ) ;
#1192 = DIRECTION ( 'NONE',  ( 0.0000000000000000000, -1.000000000000000000, 1.224606353822378200E-016 ) ) ;
#1193 = LOCAL_TIME ( 23, 59, 36.00000000000000000, #1219 ) ;
#1194 = ORIENTED_EDGE ( 'NONE', *, *, #3354, .T. ) ;
#1195 = PLANE ( 'NONE',  #3458 ) ;
#1196 = CARTESIAN_POINT ( 'NONE',  ( 2.219999999999941100, 8.200000000000008200, -3.449999999999976200 ) ) ;
#1197 = CARTESIAN_POINT ( 'NONE',  ( 0.2199999999999467900, 8.299999999999993600, -5.889999999999980100 ) ) ;
#1198 = ORIENTED_EDGE ( 'NONE', *, *, #4085, .T. ) ;
#1199 = VECTOR ( 'NONE', #2088, 1000.000000000000000 ) ;
#1200 = EDGE_CURVE ( 'NONE', #2629, #731, #2571, .T. ) ;
#1201 = EDGE_CURVE ( 'NONE', #4308, #4649, #2578, .T. ) ;
#1202 = DIRECTION ( 'NONE',  ( -2.827357798649747700E-015, 0.3162277660168422700, 0.9486832980505123200 ) ) ;
#1203 = AXIS2_PLACEMENT_3D ( 'NONE', #4873, #4869, #4858 ) ;
#1204 = DIRECTION ( 'NONE',  ( 0.0000000000000000000, -0.9486832980505123200, 0.3162277660168422700 ) ) ;
#1205 = AXIS2_PLACEMENT_3D ( 'NONE', #1700, #635, #1761 ) ;
#1206 = CLOSED_SHELL ( 'NONE', ( #2612, #3227, #4508, #2645, #2216, #1741, #1938, #357, #1381, #2752, #2517, #2259, #418, #816, #4430, #1336, #2166, #5628, #2533, #745, #2073, #2690, #124, #2336, #1626, #4492, #1286, #2431, #4964, #829, #580, #1771, #1787, #4835, #1830, #265, #2400, #1738, #3268, #3071, #1563, #3186, #77, #2232, #2716, #1657, #3158, #2581, #1355, #3150, #3121, #1605, #2942, #2194, #1499, #555, #2267, #2906, #1273, #1246, #3804, #3025, #5617, #5780, #5265, #1811, #2853, #2699, #1683, #875, #1707, #29, #3218, #2367, #2323, #96, #5656, #2012, #3251, #4844, #838, #4645, #2132, #2959, #4576, #3055, #1646, #2546, #46, #1269, #2277, #2025, #1753, #3998, #5309, #1676, #1803, #1880, #1305, #1981, #3242, #1922, #2110, #2995, #2173, #2240, #2460, #2413, #2744, #190, #1968, #1955, #289, #2977, #328, #146, #110, #10, #867, #2471, #2632, #1365, #411, #1996, #3193, #3177, #2489, #2562, #2833, #2864, #2927, #337, #3011, #2819, #1512, #1548, #1428, #2097, #428, #1532, #2384, #2245, #4731, #2671, #718, #1479, #3210, #3393, #2784, #1889, #2799, #1582, #2292, #2034, #1781, #3041, #2602, #2207, #1465, #1446, #1351, #2142, #321, #2445, #754, #1715, #1327, #392, #3093, #2770, #785, #2350, #178, #2055, #131, #2886, #62, #1292, #400, #1904, #1846, #2705, #2680, #2778, #4198, #2735, #1864, #1642, #3112, #3437, #4054, #1397, #2506, #2297, #1818, #2308, #1414, #1594, #369, #567 ) ) ;
#1207 = VECTOR ( 'NONE', #5779, 999.9999999999998900 ) ;
#1208 = CARTESIAN_POINT ( 'NONE',  ( 2.319999999999995800, -3.299999999999995800, -5.889999999999980100 ) ) ;
#1209 = PLANE ( 'NONE',  #3846 ) ;
#1210 = EDGE_CURVE ( 'NONE', #5472, #5096, #2592, .T. ) ;
#1211 = ORIENTED_EDGE ( 'NONE', *, *, #3292, .T. ) ;
#1212 = CC_DESIGN_PERSON_AND_ORGANIZATION_ASSIGNMENT ( #512, #1279, ( #5796 ) ) ;
#1213 = DIRECTION ( 'NONE',  ( -1.499660721822124000E-032, -1.000000000000000000, 1.224606353822355600E-016 ) ) ;
#1214 = FACE_OUTER_BOUND ( 'NONE', #1525, .T. ) ;
#1215 = EDGE_LOOP ( 'NONE', ( #2637, #3605, #1229, #1294 ) ) ;
#1216 = EDGE_CURVE ( 'NONE', #763, #976, #2513, .T. ) ;
#1217 = VECTOR ( 'NONE', #3971, 1000.000000000000000 ) ;
#1218 = ORIENTED_EDGE ( 'NONE', *, *, #4647, .T. ) ;
#1219 = COORDINATED_UNIVERSAL_TIME_OFFSET ( 8, 0, .BEHIND. ) ;
#1220 = CARTESIAN_POINT ( 'NONE',  ( 2.320000000000013600, -3.299999999999999400, -3.349999999999986800 ) ) ;
#1221 = CARTESIAN_POINT ( 'NONE',  ( 6.459999999999924500, 5.788017694121422600E-014, -2.749999999999966700 ) ) ;
#1222 = FACE_OUTER_BOUND ( 'NONE', #2828, .T. ) ;
#1223 = ORIENTED_EDGE ( 'NONE', *, *, #2242, .F. ) ;
#1224 = CARTESIAN_POINT ( 'NONE',  ( -2.759999999999927400, -3.300000000000043300, -5.450000000000011700 ) ) ;
#1225 = ORIENTED_EDGE ( 'NONE', *, *, #2961, .T. ) ;
#1226 = EDGE_CURVE ( 'NONE', #608, #4810, #2599, .T. ) ;
#1227 = CARTESIAN_POINT ( 'NONE',  ( -3.159999999999923300, -3.016693296809558300E-014, -4.409999999999975300 ) ) ;
#1228 = LINE ( 'NONE', #3961, #1217 ) ;
#1229 = ORIENTED_EDGE ( 'NONE', *, *, #2535, .T. ) ;
#1230 = LINE ( 'NONE', #2687, #3477 ) ;
#1231 = DIRECTION ( 'NONE',  ( -1.224606353822377300E-016, -1.139896941408127200E-030, -1.000000000000000000 ) ) ;
#1232 = DIRECTION ( 'NONE',  ( 0.3015113445778714300, -0.9045340337332555800, -0.3015113445777614600 ) ) ;
#1233 = CARTESIAN_POINT ( 'NONE',  ( 2.860000000000076700, -3.299999999999990100, -5.889999999999977500 ) ) ;
#1234 = EDGE_CURVE ( 'NONE', #4194, #4123, #2679, .T. ) ;
#1235 = AXIS2_PLACEMENT_3D ( 'NONE', #2184, #2153, #2147 ) ;
#1236 = VECTOR ( 'NONE', #336, 1000.000000000000000 ) ;
#1237 = FACE_OUTER_BOUND ( 'NONE', #2076, .T. ) ;
#1238 = ORIENTED_EDGE ( 'NONE', *, *, #2450, .F. ) ;
#1239 = PLANE ( 'NONE',  #4477 ) ;
#1240 = LINE ( 'NONE', #5483, #1369 ) ;
#1241 = ORIENTED_EDGE ( 'NONE', *, *, #1021, .F. ) ;
#1242 = SECURITY_CLASSIFICATION_LEVEL ( 'unclassified' ) ;
#1243 = AXIS2_PLACEMENT_3D ( 'NONE', #4945, #4929, #4923 ) ;
#1244 = DIRECTION ( 'NONE',  ( -1.000000000000000000, -9.215718467522044400E-015, 0.0000000000000000000 ) ) ;
#1245 = DIRECTION ( 'NONE',  ( -0.0000000000000000000, -1.000000000000000000, 2.449212707644743700E-016 ) ) ;
#1246 = ADVANCED_FACE ( 'NONE', ( #2756 ), #2417, .F. ) ;
#1247 = VERTEX_POINT ( 'NONE', #2409 ) ;
#1248 = DIRECTION ( 'NONE',  ( 9.859894204913363300E-045, -1.059261469412979700E-030, 1.000000000000000000 ) ) ;
#1249 = ORIENTED_EDGE ( 'NONE', *, *, #3395, .F. ) ;
#1250 = DIRECTION ( 'NONE',  ( 1.224606353822365400E-016, 1.224606353822378200E-016, 1.000000000000000000 ) ) ;
#1251 = DIRECTION ( 'NONE',  ( -0.3162277660168192300, -0.9486832980505201000, -3.872545315192741100E-017 ) ) ;
#1252 = PLANE ( 'NONE',  #615 ) ;
#1253 = ORIENTED_EDGE ( 'NONE', *, *, #5242, .T. ) ;
#1254 = VERTEX_POINT ( 'NONE', #2474 ) ;
#1255 = VECTOR ( 'NONE', #159, 1000.000000000000000 ) ;
#1256 = ORIENTED_EDGE ( 'NONE', *, *, #4728, .F. ) ;
#1257 = VECTOR ( 'NONE', #1311, 1000.000000000000200 ) ;
#1258 = APPROVAL_PERSON_ORGANIZATION ( #1312, #4586, #23 ) ;
#1259 = DIRECTION ( 'NONE',  ( -9.308272310119528700E-015, 1.000000000000000000, 0.0000000000000000000 ) ) ;
#1260 = VERTEX_POINT ( 'NONE', #2452 ) ;
#1261 = CARTESIAN_POINT ( 'NONE',  ( -2.379999999999995500, 8.149999999999968400, -5.939999999999995900 ) ) ;
#1262 = EDGE_CURVE ( 'NONE', #304, #3941, #2814, .T. ) ;
#1263 = MECHANICAL_CONTEXT ( 'NONE', #988, 'mechanical' ) ;
#1264 = LINE ( 'NONE', #577, #817 ) ;
#1265 = LINE ( 'NONE', #1348, #1257 ) ;
#1266 = CARTESIAN_POINT ( 'NONE',  ( -2.220000000000048600, 7.199999999999959300, -5.989999999999994900 ) ) ;
#1267 = DIRECTION ( 'NONE',  ( -1.000000000000000000, -8.940890403973025700E-016, -2.682267121191873200E-015 ) ) ;
#1268 = ORIENTED_EDGE ( 'NONE', *, *, #2591, .F. ) ;
#1269 = ADVANCED_FACE ( 'NONE', ( #2731 ), #2505, .T. ) ;
#1270 = EDGE_CURVE ( 'NONE', #313, #763, #2932, .T. ) ;
#1271 = CARTESIAN_POINT ( 'NONE',  ( -0.2503806904314868600, 8.199999999999965500, -8.799999999999956300 ) ) ;
#1272 = CARTESIAN_POINT ( 'NONE',  ( 2.219999999999887000, 8.200000000000001100, -2.809999999999988500 ) ) ;
#1273 = ADVANCED_FACE ( 'NONE', ( #3060 ), #2532, .F. ) ;
#1274 = ORIENTED_EDGE ( 'NONE', *, *, #4591, .F. ) ;
#1275 = EDGE_CURVE ( 'NONE', #4516, #3089, #2925, .T. ) ;
#1276 = DIRECTION ( 'NONE',  ( -3.059710517561310000E-015, 0.3162277660168419900, -0.9486832980505125500 ) ) ;
#1277 = DIRECTION ( 'NONE',  ( -1.000000000000000000, -9.308272310119528700E-015, 0.0000000000000000000 ) ) ;
#1278 = DIRECTION ( 'NONE',  ( 0.0000000000000000000, 0.9486832980505124400, 0.3162277660168419400 ) ) ;
#1279 = PERSON_AND_ORGANIZATION_ROLE ( 'design_supplier' ) ;
#1280 = ORIENTED_EDGE ( 'NONE', *, *, #462, .F. ) ;
#1281 = DIRECTION ( 'NONE',  ( -9.308272310119528700E-015, 1.000000000000000000, -1.836909530733555500E-016 ) ) ;
#1282 = DIRECTION ( 'NONE',  ( 0.0000000000000000000, 1.000000000000000000, -2.449212707644743700E-016 ) ) ;
#1283 = CYLINDRICAL_SURFACE ( 'NONE', #3194, 0.2500000000000002200 ) ;
#1284 = ORIENTED_EDGE ( 'NONE', *, *, #5341, .F. ) ;
#1285 = PLANE ( 'NONE',  #5118 ) ;
#1286 = ADVANCED_FACE ( 'NONE', ( #3069 ), #2616, .T. ) ;
#1287 = CARTESIAN_POINT ( 'NONE',  ( -2.860000000000025600, 7.999999999999960000, -5.990000000000000200 ) ) ;
#1288 = PLANE ( 'NONE',  #2924 ) ;
#1289 = FACE_OUTER_BOUND ( 'NONE', #657, .T. ) ;
#1290 = ORIENTED_EDGE ( 'NONE', *, *, #4712, .F. ) ;
#1291 = EDGE_CURVE ( 'NONE', #3822, #3964, #3092, .T. ) ;
#1292 = ADVANCED_FACE ( 'NONE', ( #2980 ), #2657, .T. ) ;
#1293 = CIRCLE ( 'NONE', #1920, 0.4999999999998868100 ) ;
#1294 = ORIENTED_EDGE ( 'NONE', *, *, #5495, .T. ) ;
#1295 = DIRECTION ( 'NONE',  ( 4.880827835578855900E-031, 4.880827835579018000E-031, -1.000000000000000000 ) ) ;
#1296 = LINE ( 'NONE', #1759, #453 ) ;
#1297 = EDGE_LOOP ( 'NONE', ( #1241, #3701, #4736, #1939 ) ) ;
#1298 = CARTESIAN_POINT ( 'NONE',  ( -6.460000000000041700, 8.299999999999887000, -8.809999999999981000 ) ) ;
#1299 = APPLICATION_CONTEXT ( 'configuration controlled 3d designs of mechanical parts and assemblies' ) ;
#1300 = DIRECTION ( 'NONE',  ( 1.224606353822354600E-016, 2.449212707644755500E-016, 1.000000000000000000 ) ) ;
#1301 = VECTOR ( 'NONE', #2162, 1000.000000000000000 ) ;
#1302 = ORIENTED_EDGE ( 'NONE', *, *, #2933, .T. ) ;
#1303 = EDGE_CURVE ( 'NONE', #1247, #5208, #2754, .T. ) ;
#1304 = FACE_OUTER_BOUND ( 'NONE', #991, .T. ) ;
#1305 = ADVANCED_FACE ( 'NONE', ( #3165 ), #2719, .T. ) ;
#1306 = CARTESIAN_POINT ( 'NONE',  ( 5.909999999999989500, 5.264629031670367300E-014, -8.799999999999956300 ) ) ;
#1307 = CARTESIAN_POINT ( 'NONE',  ( 7.559999999999914300, 8.800000000000048700, 7.550746913300140900E-015 ) ) ;
#1308 = FACE_OUTER_BOUND ( 'NONE', #2358, .T. ) ;
#1309 = VECTOR ( 'NONE', #232, 1000.000000000000100 ) ;
#1310 = PLANE ( 'NONE',  #1648 ) ;
#1311 = DIRECTION ( 'NONE',  ( -0.3015113445777767900, -0.9045340337332861100, 0.3015113445777649600 ) ) ;
#1312 = PERSON_AND_ORGANIZATION ( #3531, #3853 ) ;
#1313 = ORIENTED_EDGE ( 'NONE', *, *, #4370, .T. ) ;
#1314 = EDGE_LOOP ( 'NONE', ( #3529, #4289, #1186, #4173 ) ) ;
#1315 = ORIENTED_EDGE ( 'NONE', *, *, #3238, .F. ) ;
#1316 = DIRECTION ( 'NONE',  ( -1.000000000000000000, -9.308272310119528700E-015, -0.0000000000000000000 ) ) ;
#1317 = DIRECTION ( 'NONE',  ( 1.000000000000000000, 0.0000000000000000000, 0.0000000000000000000 ) ) ;
#1318 = VERTEX_POINT ( 'NONE', #3428 ) ;
#1319 = AXIS2_PLACEMENT_3D ( 'NONE', #5130, #5022, #5018 ) ;
#1320 = PLANE ( 'NONE',  #169 ) ;
#1321 = VERTEX_POINT ( 'NONE', #3111 ) ;
#1322 = DIRECTION ( 'NONE',  ( 9.308272310119528700E-015, -1.000000000000000000, 1.224606353822367400E-016 ) ) ;
#1323 = ORIENTED_EDGE ( 'NONE', *, *, #2952, .F. ) ;
#1324 = CARTESIAN_POINT ( 'NONE',  ( 5.659999999999934400, 5.193202880715825000E-014, -7.299999999999966100 ) ) ;
#1325 = CC_DESIGN_APPROVAL ( #1024, ( #702 ) ) ;
#1326 = CIRCLE ( 'NONE', #3741, 0.1999999999998964300 ) ;
#1327 = ADVANCED_FACE ( 'NONE', ( #3291 ), #2767, .T. ) ;
#1328 = ORIENTED_EDGE ( 'NONE', *, *, #5340, .F. ) ;
#1329 = VECTOR ( 'NONE', #676, 1000.000000000000000 ) ;
#1330 = CARTESIAN_POINT ( 'NONE',  ( -5.910000000000028600, 8.199999999999930000, -8.799999999999956300 ) ) ;
#1331 = EDGE_CURVE ( 'NONE', #2062, #1729, #3161, .T. ) ;
#1332 = DIRECTION ( 'NONE',  ( -9.308272310119517600E-015, 1.000000000000000000, -3.673819061467158900E-016 ) ) ;
#1333 = EDGE_CURVE ( 'NONE', #5145, #5411, #3287, .T. ) ;
#1334 = VECTOR ( 'NONE', #4299, 1000.000000000000000 ) ;
#1335 = LINE ( 'NONE', #1500, #1399 ) ;
#1336 = ADVANCED_FACE ( 'NONE', ( #3297 ), #3154, .F. ) ;
#1337 = ORIENTED_EDGE ( 'NONE', *, *, #1947, .T. ) ;
#1338 = DIRECTION ( 'NONE',  ( -1.000000000000000000, -9.308272310119528700E-015, 0.0000000000000000000 ) ) ;
#1339 = DIRECTION ( 'NONE',  ( 9.308272310119528700E-015, -1.000000000000000000, 0.0000000000000000000 ) ) ;
#1340 = DIRECTION ( 'NONE',  ( 1.000000000000000000, 9.308272310119528700E-015, 1.224606353822377000E-016 ) ) ;
#1341 = EDGE_CURVE ( 'NONE', #5571, #1564, #3351, .T. ) ;
#1342 = EDGE_CURVE ( 'NONE', #5705, #1747, #3362, .T. ) ;
#1343 = EDGE_LOOP ( 'NONE', ( #527, #802, #1274, #4503 ) ) ;
#1344 = PLANE ( 'NONE',  #5196 ) ;
#1345 = CARTESIAN_POINT ( 'NONE',  ( -2.859999999999977200, 7.199999999999959300, -5.990000000000003800 ) ) ;
#1346 = DIRECTION ( 'NONE',  ( -9.308272310119528700E-015, 1.000000000000000000, 0.0000000000000000000 ) ) ;
#1347 = EDGE_LOOP ( 'NONE', ( #650, #4011, #1703, #3978 ) ) ;
#1348 = CARTESIAN_POINT ( 'NONE',  ( 2.860000000000025200, -3.000000000000001300, -3.449999999999987300 ) ) ;
#1349 = CARTESIAN_POINT ( 'NONE',  ( 2.859999999999917300, 8.000000000000012400, -5.989999999999990400 ) ) ;
#1350 = EDGE_CURVE ( 'NONE', #744, #5752, #3302, .T. ) ;
#1351 = ADVANCED_FACE ( 'NONE', ( #3374 ), #3277, .T. ) ;
#1352 = DIRECTION ( 'NONE',  ( 1.000000000000000000, 9.308272310119528700E-015, 0.0000000000000000000 ) ) ;
#1353 = CARTESIAN_POINT ( 'NONE',  ( 9.365000000000089000, 0.05000000000006847600, -5.199999999999932700 ) ) ;
#1354 = AXIS2_PLACEMENT_3D ( 'NONE', #3075, #3036, #3032 ) ;
#1355 = ADVANCED_FACE ( 'NONE', ( #3444 ), #3305, .T. ) ;
#1356 = FACE_OUTER_BOUND ( 'NONE', #360, .T. ) ;
#1357 = ORIENTED_EDGE ( 'NONE', *, *, #4853, .T. ) ;
#1358 = CARTESIAN_POINT ( 'NONE',  ( -5.910000000000028600, 8.199999999999930000, -8.799999999999958100 ) ) ;
#1359 = EDGE_CURVE ( 'NONE', #2772, #4317, #3505, .T. ) ;
#1360 = DIRECTION ( 'NONE',  ( 1.000000000000000000, 0.0000000000000000000, 0.0000000000000000000 ) ) ;
#1361 = DIRECTION ( 'NONE',  ( 1.000000000000000000, 9.308272310119528700E-015, 0.0000000000000000000 ) ) ;
#1362 = LINE ( 'NONE', #230, #882 ) ;
#1363 = ORIENTED_EDGE ( 'NONE', *, *, #3422, .T. ) ;
#1364 = CARTESIAN_POINT ( 'NONE',  ( 1.919999999999947500, -7.109823838771722000E-016, -3.749999999999952000 ) ) ;
#1365 = ADVANCED_FACE ( 'NONE', ( #3560 ), #3342, .T. ) ;
#1366 = PLANE ( 'NONE',  #3716 ) ;
#1367 = AXIS2_PLACEMENT_3D ( 'NONE', #4406, #4436, #4432 ) ;
#1368 = DIRECTION ( 'NONE',  ( 1.224606353822377000E-016, 1.139896941408127000E-030, -1.000000000000000000 ) ) ;
#1369 = VECTOR ( 'NONE', #5463, 1000.000000000000000 ) ;
#1370 = ORIENTED_EDGE ( 'NONE', *, *, #3658, .T. ) ;
#1371 = LINE ( 'NONE', #2611, #1524 ) ;
#1372 = VERTEX_POINT ( 'NONE', #3332 ) ;
#1373 = DIRECTION ( 'NONE',  ( 9.308272310119528700E-015, -1.000000000000000000, -1.059261469412979700E-030 ) ) ;
#1374 = VECTOR ( 'NONE', #4808, 1000.000000000000000 ) ;
#1375 = ORIENTED_EDGE ( 'NONE', *, *, #3956, .F. ) ;
#1376 = LINE ( 'NONE', #1411, #1173 ) ;
#1377 = LINE ( 'NONE', #3125, #3208 ) ;
#1378 = EDGE_CURVE ( 'NONE', #665, #662, #3573, .T. ) ;
#1379 = EDGE_CURVE ( 'NONE', #3185, #5752, #3684, .T. ) ;
#1380 = CARTESIAN_POINT ( 'NONE',  ( 2.860000000000078000, -3.299999999999992300, -2.910000000000006800 ) ) ;
#1381 = ADVANCED_FACE ( 'NONE', ( #3582 ), #4710, .T. ) ;
#1382 = DIRECTION ( 'NONE',  ( 8.791877021164539500E-015, -0.9486832980505137700, -0.3162277660168381600 ) ) ;
#1383 = FACE_OUTER_BOUND ( 'NONE', #3365, .T. ) ;
#1384 = FACE_OUTER_BOUND ( 'NONE', #1070, .T. ) ;
#1385 = PERSON_AND_ORGANIZATION_ROLE ( 'creator' ) ;
#1386 = APPROVAL_DATE_TIME ( #1434, #3289 ) ;
#1387 = ORIENTED_EDGE ( 'NONE', *, *, #2466, .F. ) ;
#1388 = DIRECTION ( 'NONE',  ( 1.000000000000000000, 9.308272310119528700E-015, -0.0000000000000000000 ) ) ;
#1389 = VECTOR ( 'NONE', #4903, 1000.000000000000000 ) ;
#1390 = VECTOR ( 'NONE', #4900, 1000.000000000000000 ) ;
#1391 = DIRECTION ( 'NONE',  ( 0.0000000000000000000, 0.3162277660168381600, -0.9486832980505137700 ) ) ;
#1392 = ORIENTED_EDGE ( 'NONE', *, *, #3734, .F. ) ;
#1393 = CARTESIAN_POINT ( 'NONE',  ( -0.3199999999999544300, -3.000000000000020900, -2.809999999999997400 ) ) ;
#1394 = DIRECTION ( 'NONE',  ( -1.000000000000000000, 2.999321443644220700E-032, 1.224606353822354600E-016 ) ) ;
#1395 = ORIENTED_EDGE ( 'NONE', *, *, #2254, .T. ) ;
#1396 = VERTEX_POINT ( 'NONE', #4763 ) ;
#1397 = ADVANCED_FACE ( 'NONE', ( #3813 ), #3462, .T. ) ;
#1398 = AXIS2_PLACEMENT_3D ( 'NONE', #706, #835, #530 ) ;
#1399 = VECTOR ( 'NONE', #1491, 1000.000000000000000 ) ;
#1400 = DIRECTION ( 'NONE',  ( 1.000000000000000000, 9.308272310119528700E-015, 1.224606353822377000E-016 ) ) ;
#1401 = ORIENTED_EDGE ( 'NONE', *, *, #2898, .F. ) ;
#1402 = PLANE ( 'NONE',  #2830 ) ;
#1403 = EDGE_CURVE ( 'NONE', #5632, #1705, #896, .T. ) ;
#1404 = APPROVAL_ROLE ( '' ) ;
#1405 = ORIENTED_EDGE ( 'NONE', *, *, #1085, .T. ) ;
#1406 = EDGE_CURVE ( 'NONE', #3033, #4142, #3742, .T. ) ;
#1407 = FACE_OUTER_BOUND ( 'NONE', #2469, .T. ) ;
#1408 = AXIS2_PLACEMENT_3D ( 'NONE', #5098, #5091, #5086 ) ;
#1409 = DIRECTION ( 'NONE',  ( 0.0000000000000000000, -1.000000000000000000, 2.449212707644755500E-016 ) ) ;
#1410 = ORIENTED_EDGE ( 'NONE', *, *, #3862, .F. ) ;
#1411 = CARTESIAN_POINT ( 'NONE',  ( 7.559999999999974700, 7.123422658343034200E-014, -6.049999999999951900 ) ) ;
#1412 = LINE ( 'NONE', #692, #1329 ) ;
#1413 = CARTESIAN_POINT ( 'NONE',  ( 0.3200000000000886000, -3.000000000000018200, -3.449999999999976200 ) ) ;
#1414 = ADVANCED_FACE ( 'NONE', ( #5594 ), #3588, .T. ) ;
#1415 = CARTESIAN_POINT ( 'NONE',  ( 21.59000000000013100, 2.002128067073632400E-013, -4.409999999999975300 ) ) ;
#1416 = ORIENTED_EDGE ( 'NONE', *, *, #3461, .T. ) ;
#1417 = CARTESIAN_POINT ( 'NONE',  ( 0.3199999999999843500, 8.199999999999983300, -3.449999999999976200 ) ) ;
#1418 = DIRECTION ( 'NONE',  ( 9.308272310119528700E-015, -1.000000000000000000, -0.0000000000000000000 ) ) ;
#1419 = ORIENTED_EDGE ( 'NONE', *, *, #3878, .T. ) ;
#1420 = PLANE ( 'NONE',  #4009 ) ;
#1421 = CARTESIAN_POINT ( 'NONE',  ( -2.270000000000052000, 8.149999999999970200, -2.970000000000009100 ) ) ;
#1422 = DIRECTION ( 'NONE',  ( 0.0000000000000000000, -0.9486832980505126600, -0.3162277660168410500 ) ) ;
#1423 = AXIS2_PLACEMENT_3D ( 'NONE', #5278, #5230, #5226 ) ;
#1424 = APPROVAL_STATUS ( 'not_yet_approved' ) ;
#1425 = ORIENTED_EDGE ( 'NONE', *, *, #2049, .F. ) ;
#1427 = CARTESIAN_POINT ( 'NONE',  ( 5.859999999999879500, 5.189425266761585400E-014, -1.499999999999972700 ) ) ;
#1426 = VECTOR ( 'NONE', #4043, 1000.000000000000200 ) ;
#1428 = ADVANCED_FACE ( 'NONE', ( #3915 ), #5676, .T. ) ;
#1429 = CARTESIAN_POINT ( 'NONE',  ( -0.3200000000000450800, 8.199999999999978000, -3.449999999999976200 ) ) ;
#1430 = ORIENTED_EDGE ( 'NONE', *, *, #348, .F. ) ;
#1431 = CARTESIAN_POINT ( 'NONE',  ( -0.2200000000000549000, 8.299999999999982900, -3.349999999999984100 ) ) ;
#1432 = EDGE_CURVE ( 'NONE', #3373, #66, #3877, .T. ) ;
#1433 = LINE ( 'NONE', #772, #1587 ) ;
#1434 = DATE_AND_TIME ( #1536, #1571 ) ;
#1435 = DIRECTION ( 'NONE',  ( 3.059710517561302500E-015, -0.3162277660168411100, 0.9486832980505127700 ) ) ;
#1436 = CARTESIAN_POINT ( 'NONE',  ( 50.71649999999998900, 8.800000000000450100, -0.6499999999999353000 ) ) ;
#1437 = DIRECTION ( 'NONE',  ( 9.308272310119528700E-015, -1.000000000000000000, 1.224606353822367400E-016 ) ) ;
#1438 = LINE ( 'NONE', #5668, #2969 ) ;
#1439 = ORIENTED_EDGE ( 'NONE', *, *, #3283, .T. ) ;
#1440 = EDGE_CURVE ( 'NONE', #1038, #1851, #3739, .T. ) ;
#1441 = LINE ( 'NONE', #415, #1167 ) ;
#1442 = EDGE_LOOP ( 'NONE', ( #3565, #2649, #1937, #3753 ) ) ;
#1443 = EDGE_CURVE ( 'NONE', #763, #5670, #3919, .T. ) ;
#1444 = PLANE ( 'NONE',  #3363 ) ;
#1445 = EDGE_CURVE ( 'NONE', #4764, #5390, #3976, .T. ) ;
#1446 = ADVANCED_FACE ( 'NONE', ( #3929 ), #4720, .T. ) ;
#1447 = ORIENTED_EDGE ( 'NONE', *, *, #1291, .T. ) ;
#1448 = DIRECTION ( 'NONE',  ( 0.0000000000000000000, 0.0000000000000000000, 1.000000000000000000 ) ) ;
#1449 = CARTESIAN_POINT ( 'NONE',  ( 49.56650000000019000, 2.400000000000438700, -1.149999999999970800 ) ) ;
#1450 = CARTESIAN_POINT ( 'NONE',  ( 5.409999999999858000, 8.200000000000034800, -8.849999999999980100 ) ) ;
#1451 = VECTOR ( 'NONE', #2861, 1000.000000000000000 ) ;
#1452 = DESIGN_CONTEXT ( 'detailed design', #918, 'design' ) ;
#1453 = ORIENTED_EDGE ( 'NONE', *, *, #5665, .T. ) ;
#1454 = FACE_OUTER_BOUND ( 'NONE', #3802, .T. ) ;
#1455 = EDGE_LOOP ( 'NONE', ( #3457, #4510, #4076, #5246 ) ) ;
#1456 = DIRECTION ( 'NONE',  ( -0.3162277660168306100, 0.9486832980505162100, 0.0000000000000000000 ) ) ;
#1457 = AXIS2_PLACEMENT_3D ( 'NONE', #175, #210, #213 ) ;
#1458 = CARTESIAN_POINT ( 'NONE',  ( -2.859999999999935500, -3.000000000000056400, -3.449999999999994000 ) ) ;
#1459 = VECTOR ( 'NONE', #4253, 1000.000000000000000 ) ;
#1460 = ORIENTED_EDGE ( 'NONE', *, *, #5204, .T. ) ;
#1461 = FACE_OUTER_BOUND ( 'NONE', #3652, .T. ) ;
#1462 = PLANE ( 'NONE',  #3768 ) ;
#1463 = CARTESIAN_POINT ( 'NONE',  ( -5.660000000000004600, -0.3000000000000240300, -7.299999999999936800 ) ) ;
#1464 = DIRECTION ( 'NONE',  ( 0.0000000000000000000, 1.000000000000000000, -1.224606353822366900E-016 ) ) ;
#1465 = ADVANCED_FACE ( 'NONE', ( #4073 ), #5431, .T. ) ;
#1466 = FACE_OUTER_BOUND ( 'NONE', #1988, .T. ) ;
#1467 = VERTEX_POINT ( 'NONE', #4792 ) ;
#1468 = EDGE_LOOP ( 'NONE', ( #3353, #4392, #4631, #2987, #3225, #4865, #2495, #3061 ) ) ;
#1469 = CARTESIAN_POINT ( 'NONE',  ( -2.320000000000048200, 8.299999999999961600, -2.910000000000006800 ) ) ;
#1470 = DIRECTION ( 'NONE',  ( -9.308272310119743200E-015, 1.000000000000000000, 1.367341569830488700E-015 ) ) ;
#1471 = DIRECTION ( 'NONE',  ( -1.000000000000000000, -9.215718466131560300E-015, 0.0000000000000000000 ) ) ;
#1472 = LINE ( 'NONE', #1580, #1622 ) ;
#1473 = EDGE_CURVE ( 'NONE', #1958, #1887, #4035, .T. ) ;
#1474 = DIRECTION ( 'NONE',  ( -1.000000000000000000, -9.215718466131560300E-015, 0.0000000000000000000 ) ) ;
#1475 = DIRECTION ( 'NONE',  ( -1.000000000000000000, -9.308272310119528700E-015, 1.224606353822377300E-016 ) ) ;
#1476 = ORIENTED_EDGE ( 'NONE', *, *, #3079, .T. ) ;
#1477 = AXIS2_PLACEMENT_3D ( 'NONE', #2976, #2975, #2968 ) ;
#1478 = CARTESIAN_POINT ( 'NONE',  ( -2.860000000000031900, -3.000000000000049300, -2.809999999999999600 ) ) ;
#1479 = ADVANCED_FACE ( 'NONE', ( #4018 ), #5404, .T. ) ;
#1480 = ORIENTED_EDGE ( 'NONE', *, *, #1485, .T. ) ;
#1481 = CARTESIAN_POINT ( 'NONE',  ( 2.759999999999924700, 8.300000000000011400, -3.289999999999982700 ) ) ;
#1482 = DIRECTION ( 'NONE',  ( 9.308272310119528700E-015, -1.000000000000000000, 0.0000000000000000000 ) ) ;
#1483 = DIRECTION ( 'NONE',  ( -9.308272310119743200E-015, 1.000000000000000000, 1.367341569830488700E-015 ) ) ;
#1484 = ORIENTED_EDGE ( 'NONE', *, *, #4754, .T. ) ;
#1485 = EDGE_CURVE ( 'NONE', #4529, #61, #3139, .T. ) ;
#1486 = LINE ( 'NONE', #1505, #1492 ) ;
#1487 = EDGE_CURVE ( 'NONE', #5494, #4117, #4069, .T. ) ;
#1488 = ORIENTED_EDGE ( 'NONE', *, *, #1270, .T. ) ;
#1489 = VECTOR ( 'NONE', #2940, 1000.000000000000000 ) ;
#1490 = DIRECTION ( 'NONE',  ( -1.000000000000000000, -9.308272310119528700E-015, 1.224606353822377300E-016 ) ) ;
#1491 = DIRECTION ( 'NONE',  ( -1.000000000000000000, -5.546970267633875300E-046, -2.264797275598023500E-030 ) ) ;
#1492 = VECTOR ( 'NONE', #1545, 1000.000000000000000 ) ;
#1493 = CARTESIAN_POINT ( 'NONE',  ( -5.660000000000004600, -0.3000000000000240300, -7.299999999999936800 ) ) ;
#1494 = DIRECTION ( 'NONE',  ( -2.279793882816244900E-030, 2.449212707644743700E-016, 1.000000000000000000 ) ) ;
#1495 = ORIENTED_EDGE ( 'NONE', *, *, #3097, .T. ) ;
#1496 = VECTOR ( 'NONE', #528, 1000.000000000000000 ) ;
#1497 = EDGE_CURVE ( 'NONE', #5718, #4448, #4125, .T. ) ;
#1498 = CARTESIAN_POINT ( 'NONE',  ( 2.860000000000022100, -3.000000000000001800, -3.449999999999982900 ) ) ;
#1499 = ADVANCED_FACE ( 'NONE', ( #4314 ), #4176, .T. ) ;
#1500 = CARTESIAN_POINT ( 'NONE',  ( 0.3199999999999936800, 2.399999999999980400, -5.989999999999989600 ) ) ;
#1501 = ORIENTED_EDGE ( 'NONE', *, *, #4733, .F. ) ;
#1502 = VECTOR ( 'NONE', #1639, 1000.000000000000000 ) ;
#1503 = CARTESIAN_POINT ( 'NONE',  ( -2.319999999999955900, -3.300000000000035300, -5.889999999999994400 ) ) ;
#1504 = EDGE_CURVE ( 'NONE', #1254, #5002, #4230, .T. ) ;
#1505 = CARTESIAN_POINT ( 'NONE',  ( 2.760000000000022900, -3.299999999999993200, -3.449999999999971800 ) ) ;
#1506 = CARTESIAN_POINT ( 'NONE',  ( 2.539999999999978700, -3.149999999999991000, -2.860000000000006100 ) ) ;
#1507 = AXIS2_PLACEMENT_3D ( 'NONE', #5288, #4979, #4994 ) ;
#1508 = ORIENTED_EDGE ( 'NONE', *, *, #4876, .T. ) ;
#1509 = DIRECTION ( 'NONE',  ( -1.224606353822377300E-016, -1.139896941408127200E-030, -1.000000000000000000 ) ) ;
#1510 = CARTESIAN_POINT ( 'NONE',  ( -6.233499999999940800, -5.888750016724007500E-014, -6.049999999999950100 ) ) ;
#1511 = ORIENTED_EDGE ( 'NONE', *, *, #2125, .T. ) ;
#1512 = ADVANCED_FACE ( 'NONE', ( #4374 ), #5247, .T. ) ;
#1513 = LINE ( 'NONE', #1413, #3449 ) ;
#1514 = EDGE_CURVE ( 'NONE', #1958, #3373, #4418, .T. ) ;
#1515 = CARTESIAN_POINT ( 'NONE',  ( 0.5000000000000262000, -0.1757359312880130100, -7.299999999999964300 ) ) ;
#1516 = FACE_OUTER_BOUND ( 'NONE', #548, .T. ) ;
#1517 = ORIENTED_EDGE ( 'NONE', *, *, #5504, .F. ) ;
#1518 = DIRECTION ( 'NONE',  ( -3.673819061467615800E-017, -1.224606353822506900E-017, 1.000000000000000000 ) ) ;
#1519 = VECTOR ( 'NONE', #623, 1000.000000000000100 ) ;
#1520 = CARTESIAN_POINT ( 'NONE',  ( -2.219999999999980700, 0.09999999999995755300, -3.449999999999988600 ) ) ;
#1521 = CARTESIAN_POINT ( 'NONE',  ( 0.3200000000000667900, 0.09999999999997939700, -5.349999999999984500 ) ) ;
#1522 = CARTESIAN_POINT ( 'NONE',  ( -0.2199999999999388300, -3.300000000000018900, -2.910000000000006400 ) ) ;
#1523 = EDGE_CURVE ( 'NONE', #3064, #3058, #4361, .T. ) ;
#1524 = VECTOR ( 'NONE', #2585, 1000.000000000000100 ) ;
#1525 = EDGE_LOOP ( 'NONE', ( #3679, #4376, #5517, #5253 ) ) ;
#1526 = EDGE_CURVE ( 'NONE', #3115, #721, #4378, .T. ) ;
#1527 = CARTESIAN_POINT ( 'NONE',  ( 5.460000000030216700, -0.3000000000000333500, -7.299999999999966100 ) ) ;
#1528 = DIRECTION ( 'NONE',  ( -0.3015113445777570800, 0.9045340337332947700, 0.3015113445777583600 ) ) ;
#1529 = CARTESIAN_POINT ( 'NONE',  ( 2.219999999999887000, 8.200000000000001100, -3.449999999999976200 ) ) ;
#1530 = FACE_OUTER_BOUND ( 'NONE', #3772, .T. ) ;
#1531 = VERTEX_POINT ( 'NONE', #5143 ) ;
#1532 = ADVANCED_FACE ( 'NONE', ( #4446 ), #5111, .T. ) ;
#1533 = VECTOR ( 'NONE', #5716, 1000.000000000000000 ) ;
#1534 = ORIENTED_EDGE ( 'NONE', *, *, #2739, .F. ) ;
#1535 = DIRECTION ( 'NONE',  ( 0.0000000000000000000, -1.000000000000000000, 2.449212707644755500E-016 ) ) ;
#1536 = CALENDAR_DATE ( 2015, 31, 8 ) ;
#1537 = DIRECTION ( 'NONE',  ( 0.0000000000000000000, 1.000000000000000000, -2.449212707644743700E-016 ) ) ;
#1538 = DIRECTION ( 'NONE',  ( 2.264797275598023500E-030, -2.449212707644743700E-016, -1.000000000000000000 ) ) ;
#1539 = VECTOR ( 'NONE', #4568, 1000.000000000000000 ) ;
#1540 = VERTEX_POINT ( 'NONE', #5119 ) ;
#1541 = LINE ( 'NONE', #1744, #1862 ) ;
#1542 = SECURITY_CLASSIFICATION ( '', '', #1242 ) ;
#1543 = VECTOR ( 'NONE', #2315, 1000.000000000000000 ) ;
#1544 = VERTEX_POINT ( 'NONE', #5049 ) ;
#1545 = DIRECTION ( 'NONE',  ( -2.279793882816244900E-030, 2.449212707644743700E-016, 1.000000000000000000 ) ) ;
#1546 = DIRECTION ( 'NONE',  ( 1.139896941408118100E-030, -1.224606353822367400E-016, -1.000000000000000000 ) ) ;
#1547 = ORIENTED_EDGE ( 'NONE', *, *, #4643, .F. ) ;
#1548 = ADVANCED_FACE ( 'NONE', ( #4580 ), #5026, .T. ) ;
#1549 = PLANE ( 'NONE',  #1863 ) ;
#1550 = FACE_BOUND ( 'NONE', #3934, .T. ) ;
#1551 = PLANE ( 'NONE',  #2810 ) ;
#1552 = LINE ( 'NONE', #1654, #1629 ) ;
#1553 = ORIENTED_EDGE ( 'NONE', *, *, #4136, .T. ) ;
#1554 = CARTESIAN_POINT ( 'NONE',  ( 0.3200000000000269900, 2.399999999999980400, -5.989999999999988700 ) ) ;
#1555 = EDGE_CURVE ( 'NONE', #5122, #4649, #4560, .T. ) ;
#1556 = EDGE_CURVE ( 'NONE', #3411, #3698, #4505, .T. ) ;
#1557 = ORIENTED_EDGE ( 'NONE', *, *, #4336, .T. ) ;
#1558 = DIRECTION ( 'NONE',  ( -1.000000000000000000, -9.308272310119528700E-015, 1.224606353822377300E-016 ) ) ;
#1559 = ORIENTED_EDGE ( 'NONE', *, *, #3797, .T. ) ;
#1560 = ORIENTED_EDGE ( 'NONE', *, *, #1378, .F. ) ;
#1561 = CARTESIAN_POINT ( 'NONE',  ( 2.859999999999921700, 8.000000000000012400, -3.449999999999981500 ) ) ;
#1562 = EDGE_CURVE ( 'NONE', #5208, #511, #4629, .T. ) ;
#1563 = ADVANCED_FACE ( 'NONE', ( #5578 ), #4965, .T. ) ;
#1564 = VERTEX_POINT ( 'NONE', #4951 ) ;
#1565 = DIRECTION ( 'NONE',  ( 9.308272310119528700E-015, -1.000000000000000000, 0.0000000000000000000 ) ) ;
#1566 = VECTOR ( 'NONE', #3016, 1000.000000000000000 ) ;
#1567 = CARTESIAN_POINT ( 'NONE',  ( 2.219999999999896300, -3.000000000000001800, -5.349999999999985400 ) ) ;
#1568 = AXIS2_PLACEMENT_3D ( 'NONE', #701, #191, #551 ) ;
#1569 = ORIENTED_EDGE ( 'NONE', *, *, #4935, .F. ) ;
#1570 = VERTEX_POINT ( 'NONE', #5773 ) ;
#1571 = LOCAL_TIME ( 23, 59, 36.00000000000000000, #1695 ) ;
#1572 = VERTEX_POINT ( 'NONE', #5810 ) ;
#1573 = CARTESIAN_POINT ( 'NONE',  ( -0.6199999999999902300, -1.930484962398276400E-014, -6.289999999999964500 ) ) ;
#1574 = LINE ( 'NONE', #499, #2852 ) ;
#1575 = EDGE_CURVE ( 'NONE', #5096, #1572, #4695, .T. ) ;
#1576 = LINE ( 'NONE', #3833, #5006 ) ;
#1577 = EDGE_CURVE ( 'NONE', #5752, #858, #4633, .T. ) ;
#1578 = VERTEX_POINT ( 'NONE', #4811 ) ;
#1579 = DIRECTION ( 'NONE',  ( 9.308272310119528700E-015, -1.000000000000000000, 0.0000000000000000000 ) ) ;
#1580 = CARTESIAN_POINT ( 'NONE',  ( 6.459999999999924500, 6.400000000000037700, -2.749999999999968900 ) ) ;
#1581 = CARTESIAN_POINT ( 'NONE',  ( 49.56650000000019000, 2.400000000000438700, -3.449999999999979700 ) ) ;
#1582 = ADVANCED_FACE ( 'NONE', ( #3866 ), #4880, .T. ) ;
#1583 = EDGE_LOOP ( 'NONE', ( #16, #4483, #3254, #1392 ) ) ;
#1584 = EDGE_CURVE ( 'NONE', #2163, #3674, #4851, .T. ) ;
#1585 = AXIS2_PLACEMENT_3D ( 'NONE', #4820, #4727, #5422 ) ;
#1586 = DIRECTION ( 'NONE',  ( -1.000000000000000000, -1.927552798946408900E-013, 0.0000000000000000000 ) ) ;
#1587 = VECTOR ( 'NONE', #1051, 1000.000000000000000 ) ;
#1588 = DIRECTION ( 'NONE',  ( 1.000000000000000000, 9.308272310119528700E-015, 0.0000000000000000000 ) ) ;
#1589 = VERTEX_POINT ( 'NONE', #4847 ) ;
#1590 = VECTOR ( 'NONE', #924, 1000.000000000000000 ) ;
#1591 = DIRECTION ( 'NONE',  ( 1.224606353822377300E-016, 1.139896941408127200E-030, 1.000000000000000000 ) ) ;
#1592 = CARTESIAN_POINT ( 'NONE',  ( -2.540000000000045800, 8.299999999999958100, -5.889999999999999700 ) ) ;
#1593 = EDGE_LOOP ( 'NONE', ( #4577, #1009, #4409, #5227 ) ) ;
#1594 = ADVANCED_FACE ( 'NONE', ( #2764 ), #5695, .T. ) ;
#1595 = LINE ( 'NONE', #4046, #4716 ) ;
#1596 = CARTESIAN_POINT ( 'NONE',  ( -2.859999999999992300, 2.399999999999950600, -5.350000000000000500 ) ) ;
#1597 = DIRECTION ( 'NONE',  ( 1.637688637516088600E-028, -4.999798318415686900E-016, 1.000000000000000000 ) ) ;
#1598 = CARTESIAN_POINT ( 'NONE',  ( -0.2000000000000130000, 3.345639827959779000E-014, -7.299999999999965200 ) ) ;
#1599 = ORIENTED_EDGE ( 'NONE', *, *, #2212, .T. ) ;
#1600 = CARTESIAN_POINT ( 'NONE',  ( -2.859999999999956800, 0.09999999999995733100, -2.810000000000008900 ) ) ;
#1601 = LINE ( 'NONE', #764, #3957 ) ;
#1602 = VECTOR ( 'NONE', #3849, 1000.000000000000000 ) ;
#1603 = ORIENTED_EDGE ( 'NONE', *, *, #3138, .T. ) ;
#1604 = PLANE ( 'NONE',  #2769 ) ;
#1605 = ADVANCED_FACE ( 'NONE', ( #4845 ), #5791, .T. ) ;
#1606 = FACE_OUTER_BOUND ( 'NONE', #3607, .T. ) ;
#1607 = VERTEX_POINT ( 'NONE', #5793 ) ;
#1608 = FACE_OUTER_BOUND ( 'NONE', #3775, .T. ) ;
#1609 = ORIENTED_EDGE ( 'NONE', *, *, #5409, .F. ) ;
#1610 = AXIS2_PLACEMENT_3D ( 'NONE', #3562, #3545, #3536 ) ;
#1611 = DIRECTION ( 'NONE',  ( 1.000000000000000000, -2.999321443644220700E-032, -1.224606353822354600E-016 ) ) ;
#1612 = VECTOR ( 'NONE', #5010, 1000.000000000000000 ) ;
#1613 = EDGE_LOOP ( 'NONE', ( #799, #4809, #2024 ) ) ;
#1614 = ORIENTED_EDGE ( 'NONE', *, *, #2180, .F. ) ;
#1615 = EDGE_CURVE ( 'NONE', #2067, #5285, #4854, .T. ) ;
#1616 = DIRECTION ( 'NONE',  ( 0.3015113445777557500, -0.9045340337332882200, 0.3015113445777792800 ) ) ;
#1617 = EDGE_CURVE ( 'NONE', #5770, #1095, #4920, .T. ) ;
#1618 = CARTESIAN_POINT ( 'NONE',  ( -2.432999999999961600, 7.799999999999960700, -0.08890000000001181700 ) ) ;
#1619 = CARTESIAN_POINT ( 'NONE',  ( -0.3200000000000450800, 7.999999999999988500, -2.809999999999988500 ) ) ;
#1620 = AXIS2_PLACEMENT_3D ( 'NONE', #4723, #4775, #5062 ) ;
#1621 = LINE ( 'NONE', #1641, #2870 ) ;
#1622 = VECTOR ( 'NONE', #1546, 1000.000000000000000 ) ;
#1623 = CARTESIAN_POINT ( 'NONE',  ( -2.250000000000009300, 8.299999999999919000, -1.149999999999980100 ) ) ;
#1624 = ORIENTED_EDGE ( 'NONE', *, *, #4461, .F. ) ;
#1625 = DIRECTION ( 'NONE',  ( -1.000000000000000000, -8.940890403973067100E-016, -2.682267121191879100E-015 ) ) ;
#1626 = ADVANCED_FACE ( 'NONE', ( #4930 ), #5533, .F. ) ;
#1627 = DIRECTION ( 'NONE',  ( 2.279793882816244900E-030, -2.449212707644743700E-016, -1.000000000000000000 ) ) ;
#1628 = EDGE_CURVE ( 'NONE', #1247, #4700, #5138, .T. ) ;
#1629 = VECTOR ( 'NONE', #1588, 1000.000000000000000 ) ;
#1630 = ORIENTED_EDGE ( 'NONE', *, *, #2588, .F. ) ;
#1631 = DIRECTION ( 'NONE',  ( -1.208382987168241800E-014, 1.000000000000000000, 1.396299209680758300E-030 ) ) ;
#1632 = LINE ( 'NONE', #1875, #1704 ) ;
#1633 = DIRECTION ( 'NONE',  ( -1.000000000000000000, -1.208382987168241800E-014, 0.0000000000000000000 ) ) ;
#1634 = ORIENTED_EDGE ( 'NONE', *, *, #5304, .F. ) ;
#1635 = CARTESIAN_POINT ( 'NONE',  ( -6.233499999999929200, -5.816605394904445500E-014, -2.749999999999966700 ) ) ;
#1636 = LINE ( 'NONE', #689, #5591 ) ;
#1637 = VERTEX_POINT ( 'NONE', #5521 ) ;
#1638 = CARTESIAN_POINT ( 'NONE',  ( -2.220000000000048600, 7.199999999999959300, -5.990000000000003800 ) ) ;
#1639 = DIRECTION ( 'NONE',  ( -3.673819061467615800E-017, -1.224606353822506900E-017, 1.000000000000000000 ) ) ;
#1640 = EDGE_LOOP ( 'NONE', ( #925, #4699, #4563, #3096 ) ) ;
#1641 = CARTESIAN_POINT ( 'NONE',  ( 6.459999999999902300, 8.800000000000039800, -7.649999999999965700 ) ) ;
#1642 = ADVANCED_FACE ( 'NONE', ( #5078 ), #5642, .T. ) ;
#1643 = ORIENTED_EDGE ( 'NONE', *, *, #4712, .T. ) ;
#1644 = VECTOR ( 'NONE', #4395, 1000.000000000000000 ) ;
#1645 = LINE ( 'NONE', #1673, #1766 ) ;
#1646 = ADVANCED_FACE ( 'NONE', ( #5046 ), #5706, .T. ) ;
#1647 = ORIENTED_EDGE ( 'NONE', *, *, #479, .F. ) ;
#1648 = AXIS2_PLACEMENT_3D ( 'NONE', #5000, #5266, #3253 ) ;
#1649 = CARTESIAN_POINT ( 'NONE',  ( -3.159999999999926900, -4.888843991133581800E-014, -2.509999999999965600 ) ) ;
#1650 = PLANE ( 'NONE',  #3327 ) ;
#1651 = PLANE ( 'NONE',  #3569 ) ;
#1652 = ORIENTED_EDGE ( 'NONE', *, *, #26, .F. ) ;
#1653 = EDGE_CURVE ( 'NONE', #5494, #1030, #5147, .T. ) ;
#1654 = CARTESIAN_POINT ( 'NONE',  ( 21.59000000000013100, 2.002128067073632400E-013, -2.509999999999962900 ) ) ;
#1655 = VECTOR ( 'NONE', #927, 1000.000000000000000 ) ;
#1656 = EDGE_CURVE ( 'NONE', #2524, #3411, #5225, .T. ) ;
#1657 = ADVANCED_FACE ( 'NONE', ( #5154 ), #5492, .T. ) ;
#1658 = DIRECTION ( 'NONE',  ( 1.000000000000000000, 9.308272310119528700E-015, 0.0000000000000000000 ) ) ;
#1659 = ORIENTED_EDGE ( 'NONE', *, *, #2899, .F. ) ;
#1660 = CARTESIAN_POINT ( 'NONE',  ( 2.379999999999935500, 8.300000000000009600, -2.909999999999995700 ) ) ;
#1661 = CC_DESIGN_PERSON_AND_ORGANIZATION_ASSIGNMENT ( #2284, #520, ( #702 ) ) ;
#1662 = CARTESIAN_POINT ( 'NONE',  ( -6.349999999999967700, 2.049999999999923900, -1.849999999999927900 ) ) ;
#1663 = AXIS2_PLACEMENT_3D ( 'NONE', #1598, #1597, #1586 ) ;
#1664 = CIRCLE ( 'NONE', #3502, 0.5000000000000558400 ) ;
#1665 = AXIS2_PLACEMENT_3D ( 'NONE', #3695, #3585, #5672 ) ;
#1666 = EDGE_LOOP ( 'NONE', ( #2903, #4322 ) ) ;
#1667 = CARTESIAN_POINT ( 'NONE',  ( -2.860000000000032700, 7.199999999999953100, -5.350000000000002300 ) ) ;
#1668 = VECTOR ( 'NONE', #4622, 1000.000000000000000 ) ;
#1669 = VERTEX_POINT ( 'NONE', #4070 ) ;
#1670 = CARTESIAN_POINT ( 'NONE',  ( -6.960000000000167800, 8.799999999999933200, -8.150000000000007500 ) ) ;
#1671 = DIRECTION ( 'NONE',  ( -1.000000000000000000, 2.999321443644220700E-032, 1.224606353822354600E-016 ) ) ;
#1672 = EDGE_CURVE ( 'NONE', #2541, #3778, #5231, .T. ) ;
#1673 = CARTESIAN_POINT ( 'NONE',  ( 0.3200000000000914300, -3.300000000000015800, -3.349999999999990800 ) ) ;
#1674 = VECTOR ( 'NONE', #717, 1000.000000000000000 ) ;
#1675 = ORIENTED_EDGE ( 'NONE', *, *, #2214, .T. ) ;
#1676 = ADVANCED_FACE ( 'NONE', ( #5375 ), #3989, .F. ) ;
#1677 = CARTESIAN_POINT ( 'NONE',  ( 2.759999999999925200, 8.300000000000009600, -5.449999999999987700 ) ) ;
#1678 = DIRECTION ( 'NONE',  ( 0.0000000000000000000, 0.9486832980505125500, -0.3162277660168415500 ) ) ;
#1679 = VECTOR ( 'NONE', #2525, 1000.000000000000200 ) ;
#1680 = ORIENTED_EDGE ( 'NONE', *, *, #2757, .T. ) ;
#1681 = LINE ( 'NONE', #4911, #1910 ) ;
#1682 = ORIENTED_EDGE ( 'NONE', *, *, #112, .F. ) ;
#1683 = ADVANCED_FACE ( 'NONE', ( #5378, #5449, #5307, #5428, #5455, #5496, #5500 ), #3859, .T. ) ;
#1684 = FACE_OUTER_BOUND ( 'NONE', #1455, .T. ) ;
#1685 = ORIENTED_EDGE ( 'NONE', *, *, #727, .F. ) ;
#1686 = EDGE_LOOP ( 'NONE', ( #1313, #1740, #5690, #3504, #3190, #2399, #2742, #3072, #2275, #4331, #1508, #4899, #4411, #1225, #3883, #4203, #4095, #1882 ) ) ;
#1687 = DIRECTION ( 'NONE',  ( 1.000000000000000000, 9.308272310119528700E-015, 0.0000000000000000000 ) ) ;
#1688 = DIRECTION ( 'NONE',  ( 2.827357798649741400E-015, -0.3162277660168416000, -0.9486832980505126600 ) ) ;
#1689 = CARTESIAN_POINT ( 'NONE',  ( 2.219999999999896300, 7.200000000000000200, -5.349999999999991700 ) ) ;
#1690 = EDGE_CURVE ( 'NONE', #3784, #4990, #5525, .T. ) ;
#1691 = EDGE_CURVE ( 'NONE', #4818, #1747, #5524, .T. ) ;
#1692 = PLANE ( 'NONE',  #4693 ) ;
#1693 = LINE ( 'NONE', #3482, #4974 ) ;
#1694 = VERTEX_POINT ( 'NONE', #5702 ) ;
#1695 = COORDINATED_UNIVERSAL_TIME_OFFSET ( 8, 0, .BEHIND. ) ;
#1696 = ORIENTED_EDGE ( 'NONE', *, *, #2447, .F. ) ;
#1697 = DIRECTION ( 'NONE',  ( 1.000000000000000000, 9.308272310119528700E-015, 0.0000000000000000000 ) ) ;
#1698 = VECTOR ( 'NONE', #5303, 1000.000000000000000 ) ;
#1699 = ORIENTED_EDGE ( 'NONE', *, *, #4327, .F. ) ;
#1700 = CARTESIAN_POINT ( 'NONE',  ( -3.014999999999972100, 0.04999999999995417100, -2.659999999999973500 ) ) ;
#1701 = EDGE_CURVE ( 'NONE', #1851, #3728, #5654, .T. ) ;
#1702 = CARTESIAN_POINT ( 'NONE',  ( 2.320000000000014900, -3.300000000000005200, -2.910000000000008600 ) ) ;
#1703 = ORIENTED_EDGE ( 'NONE', *, *, #1275, .F. ) ;
#1704 = VECTOR ( 'NONE', #1627, 1000.000000000000000 ) ;
#1705 = VERTEX_POINT ( 'NONE', #3997 ) ;
#1706 = CARTESIAN_POINT ( 'NONE',  ( -2.320000000000047400, 8.299999999999959900, -3.349999999999998800 ) ) ;
#1707 = ADVANCED_FACE ( 'NONE', ( #5703 ), #5540, .F. ) ;
#1708 = LINE ( 'NONE', #1929, #1790 ) ;
#1709 = VERTEX_POINT ( 'NONE', #5027 ) ;
#1710 = DIRECTION ( 'NONE',  ( 1.224606353822377000E-016, 1.139896941408127000E-030, -1.000000000000000000 ) ) ;
#1711 = LINE ( 'NONE', #340, #1809 ) ;
#1712 = DIRECTION ( 'NONE',  ( -9.308272310119528700E-015, 1.000000000000000000, -1.836909530733555500E-016 ) ) ;
#1713 = VERTEX_POINT ( 'NONE', #4702 ) ;
#1714 = ORIENTED_EDGE ( 'NONE', *, *, #4449, .T. ) ;
#1715 = ADVANCED_FACE ( 'NONE', ( #5570 ), #4725, .F. ) ;
#1716 = CARTESIAN_POINT ( 'NONE',  ( -0.3199999999999408300, -3.000000000000030200, -3.449999999999976200 ) ) ;
#1717 = AXIS2_PLACEMENT_3D ( 'NONE', #2711, #257, #2672 ) ;
#1718 = ORIENTED_EDGE ( 'NONE', *, *, #4657, .F. ) ;
#1719 = VECTOR ( 'NONE', #1509, 1000.000000000000000 ) ;
#1720 = CARTESIAN_POINT ( 'NONE',  ( 0.3200000000000383600, 2.399999999999980400, -5.989999999999990400 ) ) ;
#1721 = CARTESIAN_POINT ( 'NONE',  ( -2.759999999999926500, -3.300000000000043300, -2.910000000000024600 ) ) ;
#1722 = DIRECTION ( 'NONE',  ( 0.0000000000000000000, -0.0000000000000000000, 1.000000000000000000 ) ) ;
#1723 = ORIENTED_EDGE ( 'NONE', *, *, #2248, .T. ) ;
#1724 = EDGE_CURVE ( 'NONE', #1540, #2290, #3166, .T. ) ;
#1725 = DIRECTION ( 'NONE',  ( -1.000000000000000000, -9.308272310119528700E-015, 0.0000000000000000000 ) ) ;
#1726 = CARTESIAN_POINT ( 'NONE',  ( -2.219999999999982400, 0.09999999999996296600, -2.810000000000002300 ) ) ;
#1727 = CARTESIAN_POINT ( 'NONE',  ( -3.682999999999967400, 5.299999999999937600, -0.08890000000001090100 ) ) ;
#1728 = AXIS2_PLACEMENT_3D ( 'NONE', #3750, #3707, #3595 ) ;
#1729 = VERTEX_POINT ( 'NONE', #4784 ) ;
#1730 = CARTESIAN_POINT ( 'NONE',  ( 0.0000000000000000000, 0.0000000000000000000, 0.0000000000000000000 ) ) ;
#1731 = DIRECTION ( 'NONE',  ( -9.859894204913363300E-045, 1.059261469412979700E-030, -1.000000000000000000 ) ) ;
#1732 = CARTESIAN_POINT ( 'NONE',  ( 2.860000000000076700, -3.149999999999989300, -5.939999999999978200 ) ) ;
#1733 = CARTESIAN_POINT ( 'NONE',  ( -7.536499999999927400, 6.851656148764531300E-014, -8.799999999999956300 ) ) ;
#1734 = ORIENTED_EDGE ( 'NONE', *, *, #5360, .F. ) ;
#1735 = AXIS2_PLACEMENT_3D ( 'NONE', #3489, #3592, #3599 ) ;
#1736 = CARTESIAN_POINT ( 'NONE',  ( -0.3200000000000357600, 7.199999999999976200, -5.989999999999987800 ) ) ;
#1737 = APPROVAL_PERSON_ORGANIZATION ( #1776, #3289, #413 ) ;
#1738 = ADVANCED_FACE ( 'NONE', ( #5728 ), #5790, .T. ) ;
#1739 = DIRECTION ( 'NONE',  ( -1.000000000000000000, -0.0000000000000000000, -1.224606353822388100E-016 ) ) ;
#1740 = ORIENTED_EDGE ( 'NONE', *, *, #3028, .T. ) ;
#1741 = ADVANCED_FACE ( 'NONE', ( #5569 ), #5506, .T. ) ;
#1742 = LINE ( 'NONE', #4166, #6 ) ;
#1743 = ORIENTED_EDGE ( 'NONE', *, *, #3273, .T. ) ;
#1744 = CARTESIAN_POINT ( 'NONE',  ( 0.3200000000000597900, 0.09999999999998378200, -3.449999999999976200 ) ) ;
#1745 =( NAMED_UNIT ( * ) PLANE_ANGLE_UNIT ( ) SI_UNIT ( $, .RADIAN. ) );
#1746 = LINE ( 'NONE', #4113, #4342 ) ;
#1747 = VERTEX_POINT ( 'NONE', #4758 ) ;
#1748 = CARTESIAN_POINT ( 'NONE',  ( 2.219999999999887000, 2.399999999999997700, -2.809999999999987200 ) ) ;
#1749 = VECTOR ( 'NONE', #2982, 1000.000000000000000 ) ;
#1750 = ORIENTED_EDGE ( 'NONE', *, *, #3138, .F. ) ;
#1751 = EDGE_CURVE ( 'NONE', #1729, #2305, #4969, .T. ) ;
#1752 = CARTESIAN_POINT ( 'NONE',  ( 9.365000000000089000, 0.1000000000000672600, -2.809999999999969000 ) ) ;
#1753 = ADVANCED_FACE ( 'NONE', ( #5556 ), #4737, .F. ) ;
#1754 = EDGE_CURVE ( 'NONE', #5364, #2041, #4628, .T. ) ;
#1755 = CIRCLE ( 'NONE', #325, 0.3000000000000651000 ) ;
#1756 = ORIENTED_EDGE ( 'NONE', *, *, #2410, .F. ) ;
#1757 = VECTOR ( 'NONE', #5588, 1000.000000000000100 ) ;
#1758 = ORIENTED_EDGE ( 'NONE', *, *, #5530, .T. ) ;
#1759 = CARTESIAN_POINT ( 'NONE',  ( -6.960000000000146500, 8.799999999999927900, -0.6499999999999184200 ) ) ;
#1760 = CARTESIAN_POINT ( 'NONE',  ( -2.220000000000004200, 2.399999999999953700, -5.350000000000000500 ) ) ;
#1761 = DIRECTION ( 'NONE',  ( 0.0000000000000000000, 0.3162277660168351100, -0.9486832980505148800 ) ) ;
#1762 = EDGE_CURVE ( 'NONE', #1540, #561, #5558, .T. ) ;
#1763 = LINE ( 'NONE', #4293, #4170 ) ;
#1764 = ORIENTED_EDGE ( 'NONE', *, *, #1164, .F. ) ;
#1765 = EDGE_CURVE ( 'NONE', #1993, #5285, #4623, .T. ) ;
#1766 = VECTOR ( 'NONE', #1687, 1000.000000000000000 ) ;
#1767 = CARTESIAN_POINT ( 'NONE',  ( -7.559999999999999600, -7.050984590429214800E-014, 5.435996257622227200E-015 ) ) ;
#1768 = AXIS2_PLACEMENT_3D ( 'NONE', #3535, #1490, #1339 ) ;
#1769 = ORIENTED_EDGE ( 'NONE', *, *, #526, .T. ) ;
#1770 = DIRECTION ( 'NONE',  ( -9.308272310119528700E-015, 1.000000000000000000, 0.0000000000000000000 ) ) ;
#1771 = ADVANCED_FACE ( 'NONE', ( #4288 ), #5013, .T. ) ;
#1772 = CARTESIAN_POINT ( 'NONE',  ( 2.760000000000019300, -3.299999999999994500, -5.449999999999993100 ) ) ;
#1773 = LINE ( 'NONE', #5103, #5292 ) ;
#1774 = VECTOR ( 'NONE', #1868, 1000.000000000000000 ) ;
#1775 = EDGE_CURVE ( 'NONE', #463, #1073, #4111, .T. ) ;
#1776 = PERSON_AND_ORGANIZATION ( #3531, #3853 ) ;
#1777 = ORIENTED_EDGE ( 'NONE', *, *, #1164, .T. ) ;
#1778 = DIRECTION ( 'NONE',  ( 1.000000000000000000, 9.308272310119528700E-015, 0.0000000000000000000 ) ) ;
#1779 = VECTOR ( 'NONE', #2774, 1000.000000000000000 ) ;
#1780 = AXIS2_PLACEMENT_3D ( 'NONE', #4015, #3677, #3626 ) ;
#1781 = ADVANCED_FACE ( 'NONE', ( #4214 ), #5279, .T. ) ;
#1782 = ORIENTED_EDGE ( 'NONE', *, *, #3525, .T. ) ;
#1783 = DIRECTION ( 'NONE',  ( 1.224606353822377300E-016, 1.139896941408127200E-030, 1.000000000000000000 ) ) ;
#1784 = CARTESIAN_POINT ( 'NONE',  ( 0.3200000000000964900, -3.000000000000022600, -5.349999999999988100 ) ) ;
#1785 = ORIENTED_EDGE ( 'NONE', *, *, #2180, .T. ) ;
#1786 = ORIENTED_EDGE ( 'NONE', *, *, #2573, .T. ) ;
#1787 = ADVANCED_FACE ( 'NONE', ( #3847 ), #5331, .T. ) ;
#1788 = VECTOR ( 'NONE', #563, 1000.000000000000000 ) ;
#1789 = EDGE_LOOP ( 'NONE', ( #4441, #3992, #4905, #353 ) ) ;
#1790 = VECTOR ( 'NONE', #1909, 1000.000000000000000 ) ;
#1791 = DIRECTION ( 'NONE',  ( 0.0000000000000000000, 0.7071067811865522400, -0.7071067811865429100 ) ) ;
#1792 = ORIENTED_EDGE ( 'NONE', *, *, #1130, .F. ) ;
#1793 = LINE ( 'NONE', #105, #2107 ) ;
#1794 = LINE ( 'NONE', #5759, #5074 ) ;
#1795 = EDGE_LOOP ( 'NONE', ( #5386, #3848, #4601, #5750 ) ) ;
#1796 = DIRECTION ( 'NONE',  ( 1.000000000000000000, 8.340706888492923400E-015, 2.780235629497612700E-015 ) ) ;
#1797 = ORIENTED_EDGE ( 'NONE', *, *, #1947, .F. ) ;
#1798 = DIRECTION ( 'NONE',  ( -1.224606353822377000E-016, -1.139896941408127000E-030, 1.000000000000000000 ) ) ;
#1799 = EDGE_CURVE ( 'NONE', #2750, #1050, #4220, .T. ) ;
#1800 = CARTESIAN_POINT ( 'NONE',  ( -2.859999999999935000, -3.000000000000048000, -2.810000000000021800 ) ) ;
#1801 = EDGE_CURVE ( 'NONE', #3436, #5555, #3836, .T. ) ;
#1802 = AXIS2_PLACEMENT_3D ( 'NONE', #2464, #2398, #2394 ) ;
#1803 = ADVANCED_FACE ( 'NONE', ( #3661 ), #5355, .F. ) ;
#1804 = ORIENTED_EDGE ( 'NONE', *, *, #4864, .T. ) ;
#1805 = DIRECTION ( 'NONE',  ( 0.0000000000000000000, -0.9486832980505123200, 0.3162277660168422700 ) ) ;
#1806 = CARTESIAN_POINT ( 'NONE',  ( 0.3199999999999880700, 7.999999999999988500, -5.349999999999981000 ) ) ;
#1807 = DIRECTION ( 'NONE',  ( -1.000000000000000000, -8.940890403973067100E-016, -2.682267121191879100E-015 ) ) ;
#1808 = AXIS2_PLACEMENT_3D ( 'NONE', #3183, #3248, #3176 ) ;
#1809 = VECTOR ( 'NONE', #234, 1000.000000000000000 ) ;
#1810 = ORIENTED_EDGE ( 'NONE', *, *, #3878, .F. ) ;
#1811 = ADVANCED_FACE ( 'NONE', ( #3675 ), #5644, .T. ) ;
#1812 = CARTESIAN_POINT ( 'NONE',  ( -5.909999999999953100, -5.576468182092455800E-014, -8.799999999999956300 ) ) ;
#1813 = AXIS2_PLACEMENT_3D ( 'NONE', #1842, #249, #3708 ) ;
#1814 = DIRECTION ( 'NONE',  ( -9.308272310119528700E-015, 1.000000000000000000, -0.0000000000000000000 ) ) ;
#1815 =( NAMED_UNIT ( * ) SI_UNIT ( $, .STERADIAN. ) SOLID_ANGLE_UNIT ( ) );
#1816 = ORIENTED_EDGE ( 'NONE', *, *, #1575, .F. ) ;
#1817 = PLANE ( 'NONE',  #2170 ) ;
#1818 = ADVANCED_FACE ( 'NONE', ( #3339 ), #5639, .T. ) ;
#1819 = CARTESIAN_POINT ( 'NONE',  ( 0.5000000000000887100, 3.901343686941988300E-015, -7.299999999999965200 ) ) ;
#1820 = LINE ( 'NONE', #618, #1840 ) ;
#1821 = ORIENTED_EDGE ( 'NONE', *, *, #2187, .T. ) ;
#1822 = DIRECTION ( 'NONE',  ( -2.827357798649747700E-015, 0.3162277660168422700, 0.9486832980505123200 ) ) ;
#1823 = LINE ( 'NONE', #371, #1236 ) ;
#1824 = EDGE_CURVE ( 'NONE', #258, #5124, #4077, .T. ) ;
#1825 = AXIS2_PLACEMENT_3D ( 'NONE', #1727, #5105, #2287 ) ;
#1826 = FACE_OUTER_BOUND ( 'NONE', #4582, .T. ) ;
#1827 = ORIENTED_EDGE ( 'NONE', *, *, #1824, .T. ) ;
#1828 = DIRECTION ( 'NONE',  ( -0.3015113445778669900, 0.9045340337332585800, -0.3015113445777572500 ) ) ;
#1829 = DIRECTION ( 'NONE',  ( -1.000000000000000000, -9.308272310119528700E-015, -0.0000000000000000000 ) ) ;
#1830 = ADVANCED_FACE ( 'NONE', ( #3726 ), #2717, .T. ) ;
#1831 = LINE ( 'NONE', #2359, #147 ) ;
#1832 = ORIENTED_EDGE ( 'NONE', *, *, #3020, .F. ) ;
#1833 = CARTESIAN_POINT ( 'NONE',  ( 0.0000000000000000000, 0.0000000000000000000, 0.0000000000000000000 ) ) ;
#1834 = LINE ( 'NONE', #1720, #3402 ) ;
#1835 = VERTEX_POINT ( 'NONE', #5109 ) ;
#1836 = EDGE_CURVE ( 'NONE', #5002, #5390, #2414, .T. ) ;
#1837 = ORIENTED_EDGE ( 'NONE', *, *, #1765, .F. ) ;
#1838 = CARTESIAN_POINT ( 'NONE',  ( -1.269999999999998000, 2.399999999999960800, -1.149999999999976400 ) ) ;
#1839 = CARTESIAN_POINT ( 'NONE',  ( 2.859999999999990100, 0.09999999999999749400, -5.989999999999979800 ) ) ;
#1840 = VECTOR ( 'NONE', #5343, 1000.000000000000100 ) ;
#1841 = VECTOR ( 'NONE', #1814, 1000.000000000000000 ) ;
#1842 = CARTESIAN_POINT ( 'NONE',  ( 5.859999999999829800, -3.824093971869114500E-014, -7.299999999999966100 ) ) ;
#1843 = EDGE_LOOP ( 'NONE', ( #3918, #2626, #1906, #1873 ) ) ;
#1844 = EDGE_CURVE ( 'NONE', #1050, #486, #2628, .T. ) ;
#1845 = EDGE_CURVE ( 'NONE', #4052, #5349, #2576, .T. ) ;
#1846 = ADVANCED_FACE ( 'NONE', ( #2185 ), #5430, .T. ) ;
#1847 = LINE ( 'NONE', #921, #1533 ) ;
#1848 = LINE ( 'NONE', #1806, #1935 ) ;
#1849 = DATE_AND_TIME ( #1888, #1907 ) ;
#1850 = ORIENTED_EDGE ( 'NONE', *, *, #3157, .F. ) ;
#1851 = VERTEX_POINT ( 'NONE', #5101 ) ;
#1852 = CARTESIAN_POINT ( 'NONE',  ( 2.859999999999971000, -3.000000000000000900, -3.449999999999973500 ) ) ;
#1853 = DIRECTION ( 'NONE',  ( -0.0000000000000000000, -1.000000000000000000, 2.449212707644743700E-016 ) ) ;
#1854 = CARTESIAN_POINT ( 'NONE',  ( -0.3200000000000451900, 7.999999999999983100, -5.349999999999983700 ) ) ;
#1855 = FACE_OUTER_BOUND ( 'NONE', #3474, .T. ) ;
#1856 = AXIS2_PLACEMENT_3D ( 'NONE', #3452, #3470, #3476 ) ;
#1857 = CARTESIAN_POINT ( 'NONE',  ( 2.859999999999989700, 8.200000000000008200, -3.449999999999976200 ) ) ;
#1858 = EDGE_LOOP ( 'NONE', ( #2928, #3272, #3338, #3396 ) ) ;
#1859 = CARTESIAN_POINT ( 'NONE',  ( -7.560000000000038700, 8.799999999999935000, 5.002315388628025400E-015 ) ) ;
#1860 = CARTESIAN_POINT ( 'NONE',  ( -0.3199999999999610400, 0.09999999999998211700, -3.449999999999973500 ) ) ;
#1861 = CC_DESIGN_PERSON_AND_ORGANIZATION_ASSIGNMENT ( #2881, #791, ( #1542 ) ) ;
#1862 = VECTOR ( 'NONE', #1798, 1000.000000000000000 ) ;
#1863 = AXIS2_PLACEMENT_3D ( 'NONE', #1638, #1538, #1537 ) ;
#1864 = ADVANCED_FACE ( 'NONE', ( #2182 ), #5257, .T. ) ;
#1865 = ORIENTED_EDGE ( 'NONE', *, *, #1086, .T. ) ;
#1866 = LINE ( 'NONE', #179, #2015 ) ;
#1867 = EDGE_CURVE ( 'NONE', #5555, #4599, #2040, .T. ) ;
#1868 = DIRECTION ( 'NONE',  ( -9.308272310119528700E-015, 1.000000000000000000, 0.0000000000000000000 ) ) ;
#1869 = CARTESIAN_POINT ( 'NONE',  ( -2.220000000000057900, 8.199999999999958400, -2.810000000000002300 ) ) ;
#1870 = EDGE_CURVE ( 'NONE', #5684, #4932, #1755, .T. ) ;
#1871 = FACE_OUTER_BOUND ( 'NONE', #4626, .T. ) ;
#1872 = ORIENTED_EDGE ( 'NONE', *, *, #3917, .F. ) ;
#1873 = ORIENTED_EDGE ( 'NONE', *, *, #4085, .F. ) ;
#1874 = CARTESIAN_POINT ( 'NONE',  ( 2.379999999999935500, 8.300000000000011400, -5.449999999999982400 ) ) ;
#1875 = CARTESIAN_POINT ( 'NONE',  ( -2.760000000000043800, 8.299999999999956300, -5.670000000000004400 ) ) ;
#1876 = EDGE_CURVE ( 'NONE', #2832, #1835, #1823, .T. ) ;
#1877 = ORIENTED_EDGE ( 'NONE', *, *, #4557, .T. ) ;
#1878 = DIRECTION ( 'NONE',  ( 6.495349725909258600E-015, -0.7071067811865438000, 0.7071067811865513500 ) ) ;
#1879 = DIRECTION ( 'NONE',  ( 0.0000000000000000000, -1.000000000000000000, 2.449212707644755500E-016 ) ) ;
#1880 = ADVANCED_FACE ( 'NONE', ( #1466 ), #5800, .T. ) ;
#1881 = CARTESIAN_POINT ( 'NONE',  ( -2.220000000000054400, 7.999999999999965400, -3.449999999999994000 ) ) ;
#1882 = ORIENTED_EDGE ( 'NONE', *, *, #180, .T. ) ;
#1883 = DIRECTION ( 'NONE',  ( -1.000000000000000000, -5.546970267633875300E-046, -2.264797275598023500E-030 ) ) ;
#1884 = DIRECTION ( 'NONE',  ( 1.224606353822354600E-016, 2.449212707644755500E-016, 1.000000000000000000 ) ) ;
#1885 = CARTESIAN_POINT ( 'NONE',  ( 7.559999999999973900, 7.123422658343032900E-014, -2.749999999999966700 ) ) ;
#1886 = ORIENTED_EDGE ( 'NONE', *, *, #5275, .T. ) ;
#1887 = VERTEX_POINT ( 'NONE', #4384 ) ;
#1888 = CALENDAR_DATE ( 2015, 31, 8 ) ;
#1889 = ADVANCED_FACE ( 'NONE', ( #1154 ), #4390, .T. ) ;
#1890 = DIRECTION ( 'NONE',  ( 0.0000000000000000000, 0.0000000000000000000, 1.000000000000000000 ) ) ;
#1891 = CARTESIAN_POINT ( 'NONE',  ( 0.3200000000000914300, -3.300000000000015800, -2.910000000000004100 ) ) ;
#1892 = FACE_OUTER_BOUND ( 'NONE', #4375, .T. ) ;
#1893 = CARTESIAN_POINT ( 'NONE',  ( -5.859999999999900800, -0.3000000000000259100, -7.299999999999936800 ) ) ;
#1894 = AXIS2_PLACEMENT_3D ( 'NONE', #4739, #3735, #3439 ) ;
#1895 = CARTESIAN_POINT ( 'NONE',  ( -0.3199999999999696400, 0.09999999999998031300, -5.989999999999990400 ) ) ;
#1896 = FACE_OUTER_BOUND ( 'NONE', #4855, .T. ) ;
#1897 = ORIENTED_EDGE ( 'NONE', *, *, #5614, .T. ) ;
#1898 = VECTOR ( 'NONE', #1010, 1000.000000000000000 ) ;
#1899 = EDGE_LOOP ( 'NONE', ( #122, #4400, #4298, #4590 ) ) ;
#1900 = DIRECTION ( 'NONE',  ( 1.000000000000000000, 9.308272310119528700E-015, 0.0000000000000000000 ) ) ;
#1901 = DIRECTION ( 'NONE',  ( 1.224606353822377300E-016, 1.139896941408127200E-030, 1.000000000000000000 ) ) ;
#1902 = FACE_OUTER_BOUND ( 'NONE', #565, .T. ) ;
#1903 = ORIENTED_EDGE ( 'NONE', *, *, #199, .F. ) ;
#1904 = ADVANCED_FACE ( 'NONE', ( #1222 ), #4416, .T. ) ;
#1905 = LINE ( 'NONE', #4185, #1451 ) ;
#1906 = ORIENTED_EDGE ( 'NONE', *, *, #2450, .T. ) ;
#1907 = LOCAL_TIME ( 23, 59, 36.00000000000000000, #2028 ) ;
#1908 = EDGE_CURVE ( 'NONE', #4026, #1705, #1094, .T. ) ;
#1909 = DIRECTION ( 'NONE',  ( -0.0000000000000000000, -0.0000000000000000000, -1.000000000000000000 ) ) ;
#1910 = VECTOR ( 'NONE', #2935, 1000.000000000000000 ) ;
#1911 = ORIENTED_EDGE ( 'NONE', *, *, #4261, .T. ) ;
#1912 = DIRECTION ( 'NONE',  ( 0.0000000000000000000, -0.7071067811865513500, -0.7071067811865438000 ) ) ;
#1913 = VERTEX_POINT ( 'NONE', #4423 ) ;
#1914 = PLANE ( 'NONE',  #2954 ) ;
#1915 = LINE ( 'NONE', #2596, #4061 ) ;
#1916 = LINE ( 'NONE', #1689, #1841 ) ;
#1917 = CARTESIAN_POINT ( 'NONE',  ( 2.219999999999940700, 2.399999999999997700, -5.989999999999990400 ) ) ;
#1918 = CARTESIAN_POINT ( 'NONE',  ( -0.1999999999999569900, -0.3000000000000190300, -1.900000000000088300 ) ) ;
#1919 = ORIENTED_EDGE ( 'NONE', *, *, #199, .T. ) ;
#1920 = AXIS2_PLACEMENT_3D ( 'NONE', #3700, #3697, #3705 ) ;
#1921 = CARTESIAN_POINT ( 'NONE',  ( -0.1999999999999568000, -0.3000000000000152000, -7.299999999999964300 ) ) ;
#1922 = ADVANCED_FACE ( 'NONE', ( #1033 ), #4593, .T. ) ;
#1923 = DIRECTION ( 'NONE',  ( -1.000000000000000000, -5.546970267633875300E-046, -2.264797275598023500E-030 ) ) ;
#1924 = LINE ( 'NONE', #1852, #2065 ) ;
#1925 = EDGE_CURVE ( 'NONE', #3816, #3058, #138, .T. ) ;
#1926 = EDGE_CURVE ( 'NONE', #5469, #3436, #955, .T. ) ;
#1927 = AXIS2_PLACEMENT_3D ( 'NONE', #3940, #3851, #3841 ) ;
#1928 = ORIENTED_EDGE ( 'NONE', *, *, #1378, .T. ) ;
#1929 = CARTESIAN_POINT ( 'NONE',  ( 5.409999999999858000, 8.200000000000034800, -8.799999999999958100 ) ) ;
#1930 = DIRECTION ( 'NONE',  ( 1.000000000000000000, 4.715366472750885600E-015, -4.715366472750884000E-015 ) ) ;
#1931 = VERTEX_POINT ( 'NONE', #4587 ) ;
#1932 = LINE ( 'NONE', #3480, #4861 ) ;
#1933 = EDGE_CURVE ( 'NONE', #5359, #2901, #2706, .T. ) ;
#1934 = PLANE ( 'NONE',  #3086 ) ;
#1935 = VECTOR ( 'NONE', #1828, 1000.000000000000000 ) ;
#1936 = EDGE_CURVE ( 'NONE', #215, #1993, #132, .T. ) ;
#1937 = ORIENTED_EDGE ( 'NONE', *, *, #4661, .F. ) ;
#1938 = ADVANCED_FACE ( 'NONE', ( #5260 ), #4001, .T. ) ;
#1939 = ORIENTED_EDGE ( 'NONE', *, *, #91, .T. ) ;
#1940 = CARTESIAN_POINT ( 'NONE',  ( 0.2000000000001095900, -0.2999999999999410400, -1.900000000000088300 ) ) ;
#1941 = CARTESIAN_POINT ( 'NONE',  ( 1.853985714953316000E-014, -9.247629626039197700E-014, -7.299999999999965200 ) ) ;
#1942 = CIRCLE ( 'NONE', #195, 0.1999999999999510800 ) ;
#1943 = CARTESIAN_POINT ( 'NONE',  ( -0.1999999999999570500, -0.3000000000000049300, -7.700000000000032200 ) ) ;
#1944 = CARTESIAN_POINT ( 'NONE',  ( -2.219999999999950900, -3.300000000000040200, -5.889999999999995200 ) ) ;
#1945 = VECTOR ( 'NONE', #1953, 1000.000000000000000 ) ;
#1946 = VERTEX_POINT ( 'NONE', #4581 ) ;
#1947 = EDGE_CURVE ( 'NONE', #620, #3159, #65, .T. ) ;
#1948 = DIRECTION ( 'NONE',  ( -1.927552798946408700E-013, 1.000000000000000000, 4.999798318415686900E-016 ) ) ;
#1949 = DIRECTION ( 'NONE',  ( 8.869327927468405400E-015, -0.9486832980505148800, 0.3162277660168347200 ) ) ;
#1950 = CARTESIAN_POINT ( 'NONE',  ( 2.219999999999887000, 7.200000000000001100, -5.349999999999988100 ) ) ;
#1951 = ORIENTED_EDGE ( 'NONE', *, *, #4533, .T. ) ;
#1952 = DIRECTION ( 'NONE',  ( -0.6882472016117212600, 0.2294157338705428200, 0.6882472016116556500 ) ) ;
#1953 = DIRECTION ( 'NONE',  ( -1.000000000000000000, -9.308272310119528700E-015, -0.0000000000000000000 ) ) ;
#1954 = CARTESIAN_POINT ( 'NONE',  ( -2.432999999999963000, 7.799999999999959000, 4.371893743294204300E-016 ) ) ;
#1955 = ADVANCED_FACE ( 'NONE', ( #4278 ), #4478, .T. ) ;
#1956 = EDGE_CURVE ( 'NONE', #3784, #5002, #4020, .T. ) ;
#1957 = CARTESIAN_POINT ( 'NONE',  ( -5.163500000000050600, 8.799999999999933200, -0.6499999999999368500 ) ) ;
#1958 = VERTEX_POINT ( 'NONE', #4457 ) ;
#1959 = DIRECTION ( 'NONE',  ( -3.673819061467636200E-017, 1.224606353822438000E-017, -1.000000000000000000 ) ) ;
#1960 = DIRECTION ( 'NONE',  ( -1.000000000000000000, -1.927552798946408700E-013, 0.0000000000000000000 ) ) ;
#1961 = EDGE_LOOP ( 'NONE', ( #2538, #2567, #2965, #3340 ) ) ;
#1962 = CARTESIAN_POINT ( 'NONE',  ( -7.559999999999996900, 6.399999999999907100, -6.049999999999951900 ) ) ;
#1963 = EDGE_CURVE ( 'NONE', #2440, #3009, #2035, .T. ) ;
#1964 = CARTESIAN_POINT ( 'NONE',  ( 7.559999999999973000, 6.961774619638478900E-014, -4.409999999999975300 ) ) ;
#1965 = VECTOR ( 'NONE', #3435, 1000.000000000000000 ) ;
#1966 = ORIENTED_EDGE ( 'NONE', *, *, #1963, .T. ) ;
#1967 = DATE_AND_TIME ( #723, #4425 ) ;
#1968 = ADVANCED_FACE ( 'NONE', ( #1826 ), #4459, .T. ) ;
#1969 = DIRECTION ( 'NONE',  ( -0.0000000000000000000, -1.000000000000000000, -1.059261469412979400E-030 ) ) ;
#1970 = CARTESIAN_POINT ( 'NONE',  ( 9.685000000000071600, 0.05000000000007204900, -3.599999999999943200 ) ) ;
#1971 = AXIS2_PLACEMENT_3D ( 'NONE', #4058, #365, #2019 ) ;
#1972 = LINE ( 'NONE', #788, #1985 ) ;
#1973 = ORIENTED_EDGE ( 'NONE', *, *, #89, .F. ) ;
#1974 = CC_DESIGN_PERSON_AND_ORGANIZATION_ASSIGNMENT ( #2196, #493, ( #702 ) ) ;
#1975 = FACE_OUTER_BOUND ( 'NONE', #3549, .T. ) ;
#1976 = ORIENTED_EDGE ( 'NONE', *, *, #4696, .T. ) ;
#1977 = ORIENTED_EDGE ( 'NONE', *, *, #5377, .T. ) ;
#1978 = DIRECTION ( 'NONE',  ( 9.859894204913363300E-045, -1.059261469412979700E-030, 1.000000000000000000 ) ) ;
#1979 = EDGE_CURVE ( 'NONE', #3728, #4194, #3850, .T. ) ;
#1980 = CARTESIAN_POINT ( 'NONE',  ( 0.6200000000000742700, -1.914441146999033500E-014, -5.049999999999986500 ) ) ;
#1981 = ADVANCED_FACE ( 'NONE', ( #1902 ), #3858, .T. ) ;
#1982 = ORIENTED_EDGE ( 'NONE', *, *, #4771, .T. ) ;
#1983 = ORIENTED_EDGE ( 'NONE', *, *, #1615, .T. ) ;
#1984 = DIRECTION ( 'NONE',  ( 9.859894204913363300E-045, -1.059261469412979700E-030, 1.000000000000000000 ) ) ;
#1985 = VECTOR ( 'NONE', #4048, 1000.000000000000100 ) ;
#1986 = LINE ( 'NONE', #1885, #1774 ) ;
#1987 = AXIS2_PLACEMENT_3D ( 'NONE', #3348, #3369, #3378 ) ;
#1988 = EDGE_LOOP ( 'NONE', ( #672, #5659, #2787, #3809 ) ) ;
#1989 = CARTESIAN_POINT ( 'NONE',  ( -5.859999999999900000, -0.3000000000000275200, -1.499999999999980200 ) ) ;
#1990 = CARTESIAN_POINT ( 'NONE',  ( 2.859999999999966600, 2.400000000000003900, -1.160000000000001300 ) ) ;
#1991 = CARTESIAN_POINT ( 'NONE',  ( 5.909999999999988600, 5.425909688468771300E-014, -8.799999999999956300 ) ) ;
#1992 = LINE ( 'NONE', #3975, #3717 ) ;
#1993 = VERTEX_POINT ( 'NONE', #3903 ) ;
#1994 = ORIENTED_EDGE ( 'NONE', *, *, #2724, .F. ) ;
#1995 = CARTESIAN_POINT ( 'NONE',  ( 2.379999999999935500, 8.150000000000012800, -5.399999999999982600 ) ) ;
#1996 = ADVANCED_FACE ( 'NONE', ( #60 ), #3756, .T. ) ;
#1997 =( BOUNDED_SURFACE ( )  B_SPLINE_SURFACE ( 3, 3, ( 
 ( #1012, #1001, #989, #982 ),
 ( #1515, #975, #964, #960 ),
 ( #958, #953, #951, #940 ),
 ( #935, #920, #915, #908 ) ),
 .UNSPECIFIED., .F., .F., .T. ) 
 B_SPLINE_SURFACE_WITH_KNOTS ( ( 4, 4 ),
 ( 4, 4 ),
 ( 0.0000000000000000000, 1.000000000000000000 ),
 ( 0.0000000000000000000, 1.000000000000000000 ),
 .UNSPECIFIED. ) 
 GEOMETRIC_REPRESENTATION_ITEM ( )  RATIONAL_B_SPLINE_SURFACE ( (
 ( 1.000000000000000000, 0.3333333333333334300, 0.3333333333333334300, 1.000000000000000000),
 ( 0.8047378541244956100, 0.2682459513748319300, 0.2682459513748319300, 0.8047378541244956100),
 ( 0.8047378541244956100, 0.2682459513748319300, 0.2682459513748319300, 0.8047378541244956100),
 ( 1.000000000000000000, 0.3333333333333334300, 0.3333333333333334300, 1.000000000000000000) ) ) 
 REPRESENTATION_ITEM ( '' )  SURFACE ( )  );
#1998 = ORIENTED_EDGE ( 'NONE', *, *, #2661, .T. ) ;
#1999 = CARTESIAN_POINT ( 'NONE',  ( -0.2503806904314868600, -7.251739330131780400E-014, -8.799999999999956300 ) ) ;
#2000 = VERTEX_POINT ( 'NONE', #4566 ) ;
#2001 = DIRECTION ( 'NONE',  ( -0.6882472016116837300, 0.2294157338705461700, -0.6882472016116919500 ) ) ;
#2002 = CARTESIAN_POINT ( 'NONE',  ( 6.233499999999910600, 2.400000000000036800, -2.749999999999967100 ) ) ;
#2003 = ORIENTED_EDGE ( 'NONE', *, *, #1445, .T. ) ;
#2004 = EDGE_CURVE ( 'NONE', #5305, #1851, #2418, .T. ) ;
#2005 = ORIENTED_EDGE ( 'NONE', *, *, #4933, .F. ) ;
#2006 = CARTESIAN_POINT ( 'NONE',  ( 2.249999999999964000, 2.399999999999996800, -1.149999999999978200 ) ) ;
#2007 = VECTOR ( 'NONE', #5007, 1000.000000000000000 ) ;
#2008 = ORIENTED_EDGE ( 'NONE', *, *, #5177, .T. ) ;
#2009 = DIRECTION ( 'NONE',  ( 0.0000000000000000000, -0.9486832980505126600, -0.3162277660168410500 ) ) ;
#2010 = LINE ( 'NONE', #1964, #2124 ) ;
#2011 = DIRECTION ( 'NONE',  ( 3.059710517561302500E-015, -0.3162277660168411100, 0.9486832980505127700 ) ) ;
#2012 = ADVANCED_FACE ( 'NONE', ( #3719 ), #3955, .T. ) ;
#2013 = ORIENTED_EDGE ( 'NONE', *, *, #3191, .F. ) ;
#2014 = LINE ( 'NONE', #1272, #4831 ) ;
#2015 = VECTOR ( 'NONE', #193, 1000.000000000000100 ) ;
#2016 = EDGE_CURVE ( 'NONE', #2458, #1003, #4164, .T. ) ;
#2017 = CARTESIAN_POINT ( 'NONE',  ( 0.3200000000000674500, 0.09999999999998117300, -2.809999999999986300 ) ) ;
#2018 = ORIENTED_EDGE ( 'NONE', *, *, #2125, .F. ) ;
#2019 = DIRECTION ( 'NONE',  ( -0.3162277660168129600, -0.9486832980505220900, 0.0000000000000000000 ) ) ;
#2020 = PLANE ( 'NONE',  #4606 ) ;
#2021 = EDGE_CURVE ( 'NONE', #4810, #608, #4360, .T. ) ;
#2022 = CARTESIAN_POINT ( 'NONE',  ( -0.3199999999999751400, 0.09999999999998836200, -3.604999999999961300 ) ) ;
#2023 = PLANE ( 'NONE',  #4789 ) ;
#2024 = ORIENTED_EDGE ( 'NONE', *, *, #3076, .T. ) ;
#2025 = ADVANCED_FACE ( 'NONE', ( #3668 ), #4028, .F. ) ;
#2026 = CARTESIAN_POINT ( 'NONE',  ( -2.539999999999939200, -3.150000000000039000, -5.400000000000007500 ) ) ;
#2027 = ORIENTED_EDGE ( 'NONE', *, *, #422, .T. ) ;
#2028 = COORDINATED_UNIVERSAL_TIME_OFFSET ( 8, 0, .BEHIND. ) ;
#2029 = EDGE_CURVE ( 'NONE', #5424, #4547, #576, .T. ) ;
#2030 = AXIS2_PLACEMENT_3D ( 'NONE', #2793, #253, #240 ) ;
#2031 = CARTESIAN_POINT ( 'NONE',  ( 2.760000000000017600, -3.299999999999997200, -2.910000000000008100 ) ) ;
#2032 = EDGE_LOOP ( 'NONE', ( #63, #1652, #44, #3843 ) ) ;
#2033 = DIRECTION ( 'NONE',  ( 1.224606353822377300E-016, 1.139896941408127200E-030, 1.000000000000000000 ) ) ;
#2034 = ADVANCED_FACE ( 'NONE', ( #1454 ), #4041, .T. ) ;
#2035 = CIRCLE ( 'NONE', #165, 0.3000000000000686000 ) ;
#2036 = ORIENTED_EDGE ( 'NONE', *, *, #5645, .F. ) ;
#2037 = EDGE_CURVE ( 'NONE', #5271, #2524, #5041, .T. ) ;
#2038 = DIRECTION ( 'NONE',  ( 1.224606353822366700E-017, -3.673819061467114100E-017, 1.000000000000000000 ) ) ;
#2039 = PLANE ( 'NONE',  #5721 ) ;
#2040 = LINE ( 'NONE', #5251, #1757 ) ;
#2041 = VERTEX_POINT ( 'NONE', #4144 ) ;
#2042 = FACE_OUTER_BOUND ( 'NONE', #4887, .T. ) ;
#2043 = ORIENTED_EDGE ( 'NONE', *, *, #2472, .F. ) ;
#2044 = CARTESIAN_POINT ( 'NONE',  ( 0.2000000000001095300, -0.2999999999999378700, -7.299999999999964300 ) ) ;
#2045 = PERSON_AND_ORGANIZATION ( #3531, #3853 ) ;
#2046 = CARTESIAN_POINT ( 'NONE',  ( 2.539999999999872100, 8.300000000000006000, -5.669999999999990200 ) ) ;
#2047 = CARTESIAN_POINT ( 'NONE',  ( -0.1999999999999569900, -0.3000000000000195800, -1.500000000000022000 ) ) ;
#2048 = EDGE_CURVE ( 'NONE', #5364, #5015, #1746, .T. ) ;
#2049 = EDGE_CURVE ( 'NONE', #1607, #1637, #5030, .T. ) ;
#2050 = FACE_OUTER_BOUND ( 'NONE', #1961, .T. ) ;
#2051 = VERTEX_POINT ( 'NONE', #4150 ) ;
#2052 = LINE ( 'NONE', #5520, #4914 ) ;
#2053 = ORIENTED_EDGE ( 'NONE', *, *, #1156, .F. ) ;
#2054 = CARTESIAN_POINT ( 'NONE',  ( -0.2200000000000553700, 8.299999999999984700, -5.889999999999983700 ) ) ;
#2055 = ADVANCED_FACE ( 'NONE', ( #3344 ), #4282, .T. ) ;
#2056 = VECTOR ( 'NONE', #5181, 1000.000000000000000 ) ;
#2057 = FACE_OUTER_BOUND ( 'NONE', #5664, .T. ) ;
#2058 = PLANE ( 'NONE',  #3257 ) ;
#2059 = CARTESIAN_POINT ( 'NONE',  ( 0.6200000000000738300, -3.905117773746712600E-014, -2.509999999999962500 ) ) ;
#2060 = EDGE_CURVE ( 'NONE', #1055, #4962, #2887, .T. ) ;
#2061 = AXIS2_PLACEMENT_3D ( 'NONE', #3288, #3321, #3324 ) ;
#2062 = VERTEX_POINT ( 'NONE', #4318 ) ;
#2063 = VECTOR ( 'NONE', #4356, 1000.000000000000000 ) ;
#2064 = CARTESIAN_POINT ( 'NONE',  ( 2.859999999999980300, 7.200000000000005500, -5.989999999999990400 ) ) ;
#2065 = VECTOR ( 'NONE', #1883, 1000.000000000000000 ) ;
#2066 = CARTESIAN_POINT ( 'NONE',  ( 2.860000000000033600, -2.999999999999998200, -5.349999999999987200 ) ) ;
#2067 = VERTEX_POINT ( 'NONE', #4324 ) ;
#2068 = EDGE_CURVE ( 'NONE', #1729, #206, #419, .T. ) ;
#2069 = LINE ( 'NONE', #1917, #2210 ) ;
#2070 = DIRECTION ( 'NONE',  ( 0.9486832980505142100, 0.3162277660168368900, 0.0000000000000000000 ) ) ;
#2071 = DIRECTION ( 'NONE',  ( 1.000000000000000000, 5.546970267633875300E-046, 2.264797275598023500E-030 ) ) ;
#2072 = DIRECTION ( 'NONE',  ( 0.3162277660168368900, -0.9486832980505142100, -3.872545315192738000E-017 ) ) ;
#2073 = ADVANCED_FACE ( 'NONE', ( #4976 ), #281, .T. ) ;
#2074 = ORIENTED_EDGE ( 'NONE', *, *, #121, .F. ) ;
#2075 = EDGE_LOOP ( 'NONE', ( #420, #2189, #5115, #4682 ) ) ;
#2076 = EDGE_LOOP ( 'NONE', ( #3446, #2501, #1872, #1614 ) ) ;
#2077 = EDGE_CURVE ( 'NONE', #1531, #5240, #4067, .T. ) ;
#2078 = LINE ( 'NONE', #314, #3310 ) ;
#2079 = DIRECTION ( 'NONE',  ( 2.264797275598023500E-030, -2.449212707644743700E-016, -1.000000000000000000 ) ) ;
#2080 = VERTEX_POINT ( 'NONE', #3680 ) ;
#2081 = LINE ( 'NONE', #2138, #2516 ) ;
#2082 = ORIENTED_EDGE ( 'NONE', *, *, #2151, .T. ) ;
#2083 = FACE_OUTER_BOUND ( 'NONE', #3693, .T. ) ;
#2084 = EDGE_CURVE ( 'NONE', #2888, #5042, #4273, .T. ) ;
#2085 = LINE ( 'NONE', #277, #1255 ) ;
#2086 = CIRCLE ( 'NONE', #2779, 0.5000000000000701700 ) ;
#2087 = EDGE_CURVE ( 'NONE', #2698, #1931, #1293, .T. ) ;
#2088 = DIRECTION ( 'NONE',  ( 1.000000000000000000, 9.308272310119528700E-015, 0.0000000000000000000 ) ) ;
#2089 = ORIENTED_EDGE ( 'NONE', *, *, #2785, .T. ) ;
#2090 = DIRECTION ( 'NONE',  ( -0.3015113445778145300, -0.9045340337332696800, -0.3015113445777766200 ) ) ;
#2091 = VECTOR ( 'NONE', #966, 1000.000000000000000 ) ;
#2092 = CARTESIAN_POINT ( 'NONE',  ( -6.460000000000030200, 8.799999999999920800, -7.649999999999961300 ) ) ;
#2093 = DIRECTION ( 'NONE',  ( 9.308272310119528700E-015, -1.000000000000000000, 0.0000000000000000000 ) ) ;
#2094 = ORIENTED_EDGE ( 'NONE', *, *, #3238, .T. ) ;
#2095 = AXIS2_PLACEMENT_3D ( 'NONE', #3281, #3293, #3300 ) ;
#2096 = VECTOR ( 'NONE', #2349, 1000.000000000000000 ) ;
#2097 = ADVANCED_FACE ( 'NONE', ( #440 ), #3650, .T. ) ;
#2098 = CARTESIAN_POINT ( 'NONE',  ( -7.975496956624700100E-015, -3.150000000000014100, -2.860000000000006100 ) ) ;
#2099 = CARTESIAN_POINT ( 'NONE',  ( -0.4700000000000082400, 0.04999999999997752100, -3.604999999999961300 ) ) ;
#2100 = EDGE_CURVE ( 'NONE', #4697, #4826, #140, .T. ) ;
#2101 = VERTEX_POINT ( 'NONE', #3736 ) ;
#2102 = CARTESIAN_POINT ( 'NONE',  ( 0.2000000000001098100, -0.2999999999999278200, -7.700000000000032200 ) ) ;
#2103 = PLANE ( 'NONE',  #5233 ) ;
#2104 = VECTOR ( 'NONE', #5680, 1000.000000000000000 ) ;
#2105 = ORIENTED_EDGE ( 'NONE', *, *, #1870, .F. ) ;
#2106 = EDGE_CURVE ( 'NONE', #5390, #5359, #5552, .T. ) ;
#2107 = VECTOR ( 'NONE', #1007, 1000.000000000000000 ) ;
#2108 = AXIS2_PLACEMENT_3D ( 'NONE', #3140, #3241, #3085 ) ;
#2109 = DIRECTION ( 'NONE',  ( -1.000000000000000000, -4.765598459455782000E-062, 4.498982165467396500E-032 ) ) ;
#2110 = ADVANCED_FACE ( 'NONE', ( #494 ), #3637, .T. ) ;
#2111 = LINE ( 'NONE', #2545, #2625 ) ;
#2112 = ORIENTED_EDGE ( 'NONE', *, *, #1617, .T. ) ;
#2113 = DIRECTION ( 'NONE',  ( -9.308272310119528700E-015, 1.000000000000000000, 0.0000000000000000000 ) ) ;
#2114 = DIRECTION ( 'NONE',  ( 0.0000000000000000000, 1.000000000000000000, -2.449212707644743700E-016 ) ) ;
#2115 = VECTOR ( 'NONE', #2137, 1000.000000000000000 ) ;
#2116 = ORIENTED_EDGE ( 'NONE', *, *, #1653, .F. ) ;
#2117 = DIRECTION ( 'NONE',  ( -0.0000000000000000000, 0.0000000000000000000, -1.000000000000000000 ) ) ;
#2118 = CIRCLE ( 'NONE', #892, 0.3000000000000063200 ) ;
#2119 = ORIENTED_EDGE ( 'NONE', *, *, #5242, .F. ) ;
#2120 = CARTESIAN_POINT ( 'NONE',  ( 0.2503806904314469500, 1.843143693225357500E-015, -8.849999999999948100 ) ) ;
#2121 = CARTESIAN_POINT ( 'NONE',  ( 1.270000000000042400, -3.300103077641226800, -1.849999999999928100 ) ) ;
#2122 = DIRECTION ( 'NONE',  ( -1.000000000000000000, -1.927552798946408700E-013, 0.0000000000000000000 ) ) ;
#2123 = ORIENTED_EDGE ( 'NONE', *, *, #3213, .T. ) ;
#2124 = VECTOR ( 'NONE', #1978, 1000.000000000000000 ) ;
#2125 = EDGE_CURVE ( 'NONE', #189, #4700, #578, .T. ) ;
#2126 = CARTESIAN_POINT ( 'NONE',  ( 2.219999999999893200, 8.000000000000007100, -5.989999999999986900 ) ) ;
#2127 = PLANE ( 'NONE',  #1205 ) ;
#2128 = EDGE_CURVE ( 'NONE', #4317, #5469, #205, .T. ) ;
#2129 = VECTOR ( 'NONE', #209, 1000.000000000000000 ) ;
#2130 = ORIENTED_EDGE ( 'NONE', *, *, #1130, .T. ) ;
#2131 = CARTESIAN_POINT ( 'NONE',  ( 0.6200000000000727200, -1.979600743651469300E-014, -3.749999999999966700 ) ) ;
#2132 = ADVANCED_FACE ( 'NONE', ( #3042 ), #3572, .F. ) ;
#2133 = FACE_OUTER_BOUND ( 'NONE', #5531, .T. ) ;
#2134 = VERTEX_POINT ( 'NONE', #3596 ) ;
#2135 = AXIS2_PLACEMENT_3D ( 'NONE', #127, #130, #134 ) ;
#2136 = EDGE_LOOP ( 'NONE', ( #2247, #2339, #2694, #5553 ) ) ;
#2137 = DIRECTION ( 'NONE',  ( 9.308272310119528700E-015, -1.000000000000000000, 0.0000000000000000000 ) ) ;
#2138 = CARTESIAN_POINT ( 'NONE',  ( 2.219999999999888700, 8.000000000000008900, -5.989999999999990400 ) ) ;
#2139 = CARTESIAN_POINT ( 'NONE',  ( -0.3199999999999904000, 8.199999999999983300, -3.449999999999976200 ) ) ;
#2140 = VECTOR ( 'NONE', #2038, 1000.000000000000000 ) ;
#2141 = EDGE_CURVE ( 'NONE', #4142, #2101, #3129, .T. ) ;
#2142 = ADVANCED_FACE ( 'NONE', ( #865 ), #154, .T. ) ;
#2143 = EDGE_LOOP ( 'NONE', ( #4509, #4274 ) ) ;
#2144 = PRODUCT_DEFINITION_SHAPE ( 'NONE', 'NONE',  #4998 ) ;
#2145 = CARTESIAN_POINT ( 'NONE',  ( -2.539999999999939200, -3.300000000000043800, -2.910000000000022300 ) ) ;
#2146 = ORIENTED_EDGE ( 'NONE', *, *, #4461, .T. ) ;
#2147 = DIRECTION ( 'NONE',  ( 0.3162277660169107700, -0.9486832980504894500, 0.0000000000000000000 ) ) ;
#2148 = ORIENTED_EDGE ( 'NONE', *, *, #2537, .F. ) ;
#2149 = LINE ( 'NONE', #780, #1655 ) ;
#2150 = LINE ( 'NONE', #2022, #2140 ) ;
#2151 = EDGE_CURVE ( 'NONE', #2888, #3058, #1693, .T. ) ;
#2152 = DIRECTION ( 'NONE',  ( -9.308272310119528700E-015, 1.000000000000000000, 0.0000000000000000000 ) ) ;
#2153 = DIRECTION ( 'NONE',  ( -0.9486832980504895700, -0.3162277660169108300, 1.936272657596506200E-016 ) ) ;
#2154 = AXIS2_PLACEMENT_3D ( 'NONE', #3164, #3188, #3205 ) ;
#2155 = ORIENTED_EDGE ( 'NONE', *, *, #1210, .F. ) ;
#2156 = CARTESIAN_POINT ( 'NONE',  ( -5.660000000000007200, -5.275394295848033800E-014, -7.299999999999936800 ) ) ;
#2157 = VECTOR ( 'NONE', #1352, 1000.000000000000000 ) ;
#2158 = AXIS2_PLACEMENT_3D ( 'NONE', #2760, #5738, #1025 ) ;
#2159 = VECTOR ( 'NONE', #971, 1000.000000000000000 ) ;
#2160 = DIRECTION ( 'NONE',  ( 1.000000000000000000, 5.546970267633875300E-046, 2.264797275598023500E-030 ) ) ;
#2161 = PLANE ( 'NONE',  #1235 ) ;
#2162 = DIRECTION ( 'NONE',  ( 1.000000000000000000, 9.675654216266433100E-016, -2.902696264879897400E-015 ) ) ;
#2163 = VERTEX_POINT ( 'NONE', #3475 ) ;
#2164 = DIRECTION ( 'NONE',  ( -9.308272310119743200E-015, 1.000000000000000000, 1.367341569830488700E-015 ) ) ;
#2165 = CARTESIAN_POINT ( 'NONE',  ( -2.219999999999950900, -3.300000000000039300, -3.350000000000001900 ) ) ;
#2166 = ADVANCED_FACE ( 'NONE', ( #5489 ), #3467, .T. ) ;
#2167 = PLANE ( 'NONE',  #2397 ) ;
#2168 = ORIENTED_EDGE ( 'NONE', *, *, #2151, .F. ) ;
#2169 = CC_DESIGN_DATE_AND_TIME_ASSIGNMENT ( #730, #542, ( #1542 ) ) ;
#2170 = AXIS2_PLACEMENT_3D ( 'NONE', #1869, #1778, #1770 ) ;
#2171 = EDGE_CURVE ( 'NONE', #4665, #2134, #275, .T. ) ;
#2172 = EDGE_LOOP ( 'NONE', ( #1172, #1180, #4426, #4469 ) ) ;
#2173 = ADVANCED_FACE ( 'NONE', ( #3271 ), #458, .T. ) ;
#2174 = LINE ( 'NONE', #1054, #2543 ) ;
#2175 = DIRECTION ( 'NONE',  ( -1.000000000000000000, -9.308272310119755900E-015, 0.0000000000000000000 ) ) ;
#2176 = CARTESIAN_POINT ( 'NONE',  ( -2.220000000000048600, 0.09999999999995515300, -5.990000000000002000 ) ) ;
#2177 = ORIENTED_EDGE ( 'NONE', *, *, #2100, .F. ) ;
#2178 = DIRECTION ( 'NONE',  ( -1.224606353822377000E-016, -1.139896941408127000E-030, 1.000000000000000000 ) ) ;
#2179 = CARTESIAN_POINT ( 'NONE',  ( -7.560000000000045800, 8.799999999999906600, -8.809999999999981000 ) ) ;
#2180 = EDGE_CURVE ( 'NONE', #5744, #5509, #1013, .T. ) ;
#2181 = EDGE_CURVE ( 'NONE', #1260, #3667, #285, .T. ) ;
#2182 = FACE_OUTER_BOUND ( 'NONE', #4862, .T. ) ;
#2183 = EDGE_LOOP ( 'NONE', ( #477, #5393, #614, #471 ) ) ;
#2184 = CARTESIAN_POINT ( 'NONE',  ( -2.809999999999931700, -3.150000000000040800, -3.449999999999985500 ) ) ;
#2185 = FACE_OUTER_BOUND ( 'NONE', #5087, .T. ) ;
#2186 = ORIENTED_EDGE ( 'NONE', *, *, #2328, .T. ) ;
#2187 = EDGE_CURVE ( 'NONE', #1055, #5015, #3142, .T. ) ;
#2188 = VECTOR ( 'NONE', #271, 1000.000000000000000 ) ;
#2189 = ORIENTED_EDGE ( 'NONE', *, *, #4518, .F. ) ;
#2190 = AXIS2_PLACEMENT_3D ( 'NONE', #726, #664, #653 ) ;
#2191 = VECTOR ( 'NONE', #2936, 1000.000000000000000 ) ;
#2192 = ORIENTED_EDGE ( 'NONE', *, *, #3471, .T. ) ;
#2193 = CARTESIAN_POINT ( 'NONE',  ( 6.233499999999910600, 5.666781665093008000E-014, -6.049999999999950100 ) ) ;
#2194 = ADVANCED_FACE ( 'NONE', ( #1100 ), #4285, .T. ) ;
#2195 = CIRCLE ( 'NONE', #4083, 0.2500000000000279800 ) ;
#2196 = PERSON_AND_ORGANIZATION ( #3531, #3853 ) ;
#2197 = CARTESIAN_POINT ( 'NONE',  ( 0.3200000000000586300, 0.09999999999997825900, -5.989999999999985100 ) ) ;
#2198 = EDGE_CURVE ( 'NONE', #5314, #5271, #3356, .T. ) ;
#2199 = EDGE_CURVE ( 'NONE', #1570, #2718, #5273, .T. ) ;
#2200 = CARTESIAN_POINT ( 'NONE',  ( 2.860000000000023000, -2.999999999999999600, -5.989999999999978000 ) ) ;
#2201 = VECTOR ( 'NONE', #3748, 1000.000000000000000 ) ;
#2202 = LINE ( 'NONE', #986, #1390 ) ;
#2203 = DIRECTION ( 'NONE',  ( 9.308272310119528700E-015, -1.000000000000000000, 0.0000000000000000000 ) ) ;
#2204 = CARTESIAN_POINT ( 'NONE',  ( -5.659999999999953100, -5.603969895736002700E-014, -1.499999999999979800 ) ) ;
#2205 = ORIENTED_EDGE ( 'NONE', *, *, #2171, .F. ) ;
#2206 = AXIS2_PLACEMENT_3D ( 'NONE', #5503, #5468, #5461 ) ;
#2207 = ADVANCED_FACE ( 'NONE', ( #1975 ), #3269, .T. ) ;
#2208 = CARTESIAN_POINT ( 'NONE',  ( -0.2199999999999311400, -3.300000000000021100, -5.990000000000000200 ) ) ;
#2209 = FACE_OUTER_BOUND ( 'NONE', #2950, .T. ) ;
#2210 = VECTOR ( 'NONE', #2033, 1000.000000000000000 ) ;
#2211 = PLANE ( 'NONE',  #3454 ) ;
#2212 = EDGE_CURVE ( 'NONE', #4031, #3033, #2879, .T. ) ;
#2213 = DIRECTION ( 'NONE',  ( 1.000000000000000000, 9.308272310119528700E-015, 0.0000000000000000000 ) ) ;
#2214 = EDGE_CURVE ( 'NONE', #2916, #4251, #1027, .T. ) ;
#2215 = ORIENTED_EDGE ( 'NONE', *, *, #3059, .F. ) ;
#2216 = ADVANCED_FACE ( 'NONE', ( #781 ), #5270, .T. ) ;
#2217 = ORIENTED_EDGE ( 'NONE', *, *, #1068, .T. ) ;
#2218 = ORIENTED_EDGE ( 'NONE', *, *, #1122, .F. ) ;
#2219 = DIRECTION ( 'NONE',  ( -1.451244273804982700E-014, 1.000000000000000000, 1.367341569830078300E-015 ) ) ;
#2220 = DIRECTION ( 'NONE',  ( 9.308272310119528700E-015, -1.000000000000000000, 1.224606353822367400E-016 ) ) ;
#2221 = DIRECTION ( 'NONE',  ( -1.000000000000000000, -1.451244273804984300E-014, 0.0000000000000000000 ) ) ;
#2222 = AXIS2_PLACEMENT_3D ( 'NONE', #2746, #3039, #2967 ) ;
#2223 = CARTESIAN_POINT ( 'NONE',  ( 0.3200000000000951500, -3.000000000000025300, -2.809999999999994700 ) ) ;
#2224 = VECTOR ( 'NONE', #443, 1000.000000000000000 ) ;
#2225 = PLANE ( 'NONE',  #143 ) ;
#2226 = ORIENTED_EDGE ( 'NONE', *, *, #4892, .F. ) ;
#2227 = LINE ( 'NONE', #5696, #5725 ) ;
#2228 = CARTESIAN_POINT ( 'NONE',  ( 2.320000000000004300, -3.300000000000009100, -3.449999999999971800 ) ) ;
#2229 = LINE ( 'NONE', #2059, #2286 ) ;
#2230 = ORIENTED_EDGE ( 'NONE', *, *, #4807, .T. ) ;
#2231 = DIRECTION ( 'NONE',  ( -1.927552798946408700E-013, 1.000000000000000000, 4.999798318415686900E-016 ) ) ;
#2232 = ADVANCED_FACE ( 'NONE', ( #3738 ), #3173, .T. ) ;
#2233 = ORIENTED_EDGE ( 'NONE', *, *, #2897, .T. ) ;
#2234 = PLANE ( 'NONE',  #3534 ) ;
#2235 = DIRECTION ( 'NONE',  ( 0.3015113445777369800, 0.9045340337332973300, 0.3015113445777709600 ) ) ;
#2236 = LINE ( 'NONE', #3082, #1566 ) ;
#2237 = AXIS2_PLACEMENT_3D ( 'NONE', #4280, #4296, #4302 ) ;
#2238 = LINE ( 'NONE', #2092, #2351 ) ;
#2239 = ORIENTED_EDGE ( 'NONE', *, *, #3422, .F. ) ;
#2240 = ADVANCED_FACE ( 'NONE', ( #502 ), #3116, .T. ) ;
#2241 = DIRECTION ( 'NONE',  ( -1.224606353822377300E-016, -1.139896941408127200E-030, -1.000000000000000000 ) ) ;
#2242 = EDGE_CURVE ( 'NONE', #388, #2839, #366, .T. ) ;
#2243 = ORIENTED_EDGE ( 'NONE', *, *, #1099, .F. ) ;
#2244 =( LENGTH_UNIT ( ) NAMED_UNIT ( * ) SI_UNIT ( .MILLI., .METRE. ) );
#2245 = ADVANCED_FACE ( 'NONE', ( #4108 ), #3044, .T. ) ;
#2246 = EDGE_CURVE ( 'NONE', #3810, #2503, #3855, .T. ) ;
#2247 = ORIENTED_EDGE ( 'NONE', *, *, #91, .F. ) ;
#2248 = EDGE_CURVE ( 'NONE', #3286, #3660, #5641, .T. ) ;
#2249 = LINE ( 'NONE', #483, #316 ) ;
#2250 = CARTESIAN_POINT ( 'NONE',  ( 1.853985714953316000E-014, -9.247629626039197700E-014, -7.299999999999965200 ) ) ;
#2251 = CARTESIAN_POINT ( 'NONE',  ( -2.860000000000031900, 7.999999999999963600, -3.449999999999997100 ) ) ;
#2252 = ORIENTED_EDGE ( 'NONE', *, *, #1617, .F. ) ;
#2253 = FACE_OUTER_BOUND ( 'NONE', #5310, .T. ) ;
#2254 = EDGE_CURVE ( 'NONE', #3185, #4052, #3483, .T. ) ;
#2255 = EDGE_CURVE ( 'NONE', #3911, #5096, #5754, .T. ) ;
#2256 = LINE ( 'NONE', #176, #2115 ) ;
#2257 = VERTEX_POINT ( 'NONE', #2931 ) ;
#2258 = CARTESIAN_POINT ( 'NONE',  ( -2.220000000000040600, 7.999999999999963600, -5.349999999999997000 ) ) ;
#2259 = ADVANCED_FACE ( 'NONE', ( #4414 ), #2905, .T. ) ;
#2260 = VECTOR ( 'NONE', #2422, 1000.000000000000000 ) ;
#2261 = CARTESIAN_POINT ( 'NONE',  ( 5.659999999999963700, -0.2999999999999564100, -1.499999999999971800 ) ) ;
#2262 = CARTESIAN_POINT ( 'NONE',  ( -6.459999999999977800, 2.399999999999916900, -6.049999999999951000 ) ) ;
#2263 = ORIENTED_EDGE ( 'NONE', *, *, #5255, .T. ) ;
#2264 = VECTOR ( 'NONE', #4897, 1000.000000000000200 ) ;
#2265 = ORIENTED_EDGE ( 'NONE', *, *, #1262, .T. ) ;
#2266 = DIRECTION ( 'NONE',  ( -9.741953179113801400E-015, 1.000000000000000000, -2.535786251118052600E-015 ) ) ;
#2267 = ADVANCED_FACE ( 'NONE', ( #1356 ), #2869, .F. ) ;
#2268 = LINE ( 'NONE', #3469, #1965 ) ;
#2269 = ORIENTED_EDGE ( 'NONE', *, *, #4449, .F. ) ;
#2270 = VECTOR ( 'NONE', #5133, 1000.000000000000100 ) ;
#2271 = VERTEX_POINT ( 'NONE', #2873 ) ;
#2272 = CARTESIAN_POINT ( 'NONE',  ( -5.459999999999998200, -0.3000000000000216400, -1.499999999999980000 ) ) ;
#2273 = EDGE_CURVE ( 'NONE', #2565, #5440, #4354, .T. ) ;
#2274 = FACE_OUTER_BOUND ( 'NONE', #1593, .T. ) ;
#2275 = ORIENTED_EDGE ( 'NONE', *, *, #3157, .T. ) ;
#2276 = EDGE_LOOP ( 'NONE', ( #4267, #3669 ) ) ;
#2277 = ADVANCED_FACE ( 'NONE', ( #4007 ), #2805, .F. ) ;
#2278 = AXIS2_PLACEMENT_3D ( 'NONE', #2723, #2753, #2755 ) ;
#2279 = AXIS2_PLACEMENT_3D ( 'NONE', #5691, #94, #507 ) ;
#2280 = DIRECTION ( 'NONE',  ( -1.000000000000000000, -9.757819552764847600E-015, 0.0000000000000000000 ) ) ;
#2281 = CARTESIAN_POINT ( 'NONE',  ( -6.459999999999966200, 2.399999999999976800, -7.649999999999960400 ) ) ;
#2282 = LINE ( 'NONE', #1954, #2557 ) ;
#2283 = ORIENTED_EDGE ( 'NONE', *, *, #4507, .F. ) ;
#2284 = PERSON_AND_ORGANIZATION ( #3531, #3853 ) ;
#2285 = VECTOR ( 'NONE', #1930, 1000.000000000000000 ) ;
#2286 = VECTOR ( 'NONE', #2001, 1000.000000000000100 ) ;
#2287 = DIRECTION ( 'NONE',  ( 0.4472135954999563700, 0.8944271909999166300, 0.0000000000000000000 ) ) ;
#2288 = CARTESIAN_POINT ( 'NONE',  ( -2.859999999999956400, 0.09999999999995776200, -3.449999999999990000 ) ) ;
#2289 = SECURITY_CLASSIFICATION ( '', '', #478 ) ;
#2290 = VERTEX_POINT ( 'NONE', #2802 ) ;
#2291 = DIRECTION ( 'NONE',  ( 0.3015113445778178100, 0.9045340337332756800, -0.3015113445777550800 ) ) ;
#2292 = ADVANCED_FACE ( 'NONE', ( #868 ), #2740, .T. ) ;
#2293 = DIRECTION ( 'NONE',  ( 0.0000000000000000000, -0.3162277660168347200, -0.9486832980505148800 ) ) ;
#2294 = CIRCLE ( 'NONE', #2683, 0.5000000000000177600 ) ;
#2295 = ORIENTED_EDGE ( 'NONE', *, *, #2441, .T. ) ;
#2296 = ORIENTED_EDGE ( 'NONE', *, *, #2171, .T. ) ;
#2297 = ADVANCED_FACE ( 'NONE', ( #2338 ), #2689, .T. ) ;
#2298 = CARTESIAN_POINT ( 'NONE',  ( -7.559999999999938300, -6.950685074557613000E-014, -6.049999999999950100 ) ) ;
#2299 = DIRECTION ( 'NONE',  ( -1.000000000000000000, -9.308272310119528700E-015, 0.0000000000000000000 ) ) ;
#2300 = VERTEX_POINT ( 'NONE', #2697 ) ;
#2301 = AXIS2_PLACEMENT_3D ( 'NONE', #2682, #2696, #2700 ) ;
#2302 = LINE ( 'NONE', #1503, #5003 ) ;
#2303 = CARTESIAN_POINT ( 'NONE',  ( 6.459999999999934200, 6.400000000000037700, -6.049999999999951000 ) ) ;
#2304 = ORIENTED_EDGE ( 'NONE', *, *, #1936, .F. ) ;
#2305 = VERTEX_POINT ( 'NONE', #2652 ) ;
#2306 = DIRECTION ( 'NONE',  ( 9.308272310119528700E-015, -1.000000000000000000, 3.673819061467121400E-016 ) ) ;
#2307 = CARTESIAN_POINT ( 'NONE',  ( -0.1999999999999565700, -0.3000000000000188600, -1.900000000000088700 ) ) ;
#2308 = ADVANCED_FACE ( 'NONE', ( #4980 ), #2644, .T. ) ;
#2309 = ORIENTED_EDGE ( 'NONE', *, *, #4348, .F. ) ;
#2310 = CARTESIAN_POINT ( 'NONE',  ( -0.2200000000000542100, 8.299999999999988300, -5.829999999999983200 ) ) ;
#2311 = VECTOR ( 'NONE', #4249, 1000.000000000000000 ) ;
#2312 = CARTESIAN_POINT ( 'NONE',  ( -0.1999999999999570700, -0.3000000000000236900, -1.500000000000021800 ) ) ;
#2313 = DIRECTION ( 'NONE',  ( 1.836909530733639600E-016, 6.123031769113701900E-017, 1.000000000000000000 ) ) ;
#2314 = EDGE_CURVE ( 'NONE', #5023, #558, #1915, .T. ) ;
#2315 = DIRECTION ( 'NONE',  ( -1.000000000000000000, -4.765598459455782000E-062, 4.498982165467396500E-032 ) ) ;
#2316 = ORIENTED_EDGE ( 'NONE', *, *, #5541, .F. ) ;
#2317 = DIRECTION ( 'NONE',  ( -9.308272310119528700E-015, 1.000000000000000000, -0.0000000000000000000 ) ) ;
#2318 = EDGE_LOOP ( 'NONE', ( #2963, #2860, #5413, #5334 ) ) ;
#2319 = EDGE_CURVE ( 'NONE', #5302, #2257, #5362, .T. ) ;
#2320 = VECTOR ( 'NONE', #1969, 1000.000000000000000 ) ;
#2321 = DIRECTION ( 'NONE',  ( -1.224606353822377300E-016, -1.139896941408127200E-030, -1.000000000000000000 ) ) ;
#2322 = EDGE_CURVE ( 'NONE', #104, #3199, #2494, .T. ) ;
#2323 = ADVANCED_FACE ( 'NONE', ( #1516 ), #2529, .T. ) ;
#2324 = CARTESIAN_POINT ( 'NONE',  ( -0.3200000000000451900, 7.999999999999983100, -2.809999999999990700 ) ) ;
#2325 = ORIENTED_EDGE ( 'NONE', *, *, #4391, .T. ) ;
#2326 = VECTOR ( 'NONE', #4118, 1000.000000000000000 ) ;
#2327 = CARTESIAN_POINT ( 'NONE',  ( 0.2000000000001099800, -0.2999999999999458100, -1.500000000000021800 ) ) ;
#2328 = EDGE_CURVE ( 'NONE', #5015, #5314, #136, .T. ) ;
#2329 = FACE_OUTER_BOUND ( 'NONE', #1899, .T. ) ;
#2330 = ORIENTED_EDGE ( 'NONE', *, *, #5575, .T. ) ;
#2331 = CARTESIAN_POINT ( 'NONE',  ( -2.319999999999956300, -3.300000000000034900, -3.350000000000000100 ) ) ;
#2332 = VECTOR ( 'NONE', #4815, 1000.000000000000000 ) ;
#2333 = CARTESIAN_POINT ( 'NONE',  ( 7.559999999999892100, 8.800000000000048700, -0.009999999999988316800 ) ) ;
#2334 = LINE ( 'NONE', #1266, #5766 ) ;
#2335 = ORIENTED_EDGE ( 'NONE', *, *, #1270, .F. ) ;
#2336 = ADVANCED_FACE ( 'NONE', ( #355, #3729 ), #2463, .T. ) ;
#2337 = AXIS2_PLACEMENT_3D ( 'NONE', #2586, #2618, #2623 ) ;
#2338 = FACE_OUTER_BOUND ( 'NONE', #2663, .T. ) ;
#2339 = ORIENTED_EDGE ( 'NONE', *, *, #8, .F. ) ;
#2340 = LINE ( 'NONE', #5748, #5618 ) ;
#2341 = CARTESIAN_POINT ( 'NONE',  ( -2.859999999999938100, -3.000000000000053300, -5.350000000000004100 ) ) ;
#2342 = DIRECTION ( 'NONE',  ( 0.0000000000000000000, 1.000000000000000000, -2.449212707644743700E-016 ) ) ;
#2343 = PLANE ( 'NONE',  #4029 ) ;
#2344 = VECTOR ( 'NONE', #3278, 1000.000000000000000 ) ;
#2345 = ORIENTED_EDGE ( 'NONE', *, *, #5530, .F. ) ;
#2346 = EDGE_CURVE ( 'NONE', #4932, #4916, #3899, .T. ) ;
#2347 = VECTOR ( 'NONE', #5097, 1000.000000000000000 ) ;
#2348 = CARTESIAN_POINT ( 'NONE',  ( 50.71649999999998900, 8.800000000000453700, -0.6499999999999368500 ) ) ;
#2349 = DIRECTION ( 'NONE',  ( 1.000000000000000000, 9.308272310119528700E-015, -0.0000000000000000000 ) ) ;
#2350 = ADVANCED_FACE ( 'NONE', ( #1608 ), #2424, .T. ) ;
#2351 = VECTOR ( 'NONE', #2113, 1000.000000000000000 ) ;
#2352 = CARTESIAN_POINT ( 'NONE',  ( -6.349999999999967700, 2.049999999999924300, 2.093091054210933400E-014 ) ) ;
#2353 = ORIENTED_EDGE ( 'NONE', *, *, #41, .T. ) ;
#2354 = CARTESIAN_POINT ( 'NONE',  ( -2.219999999999982900, 0.09999999999996209100, -5.350000000000002300 ) ) ;
#2355 = EDGE_CURVE ( 'NONE', #5305, #4708, #4408, .T. ) ;
#2356 = LINE ( 'NONE', #3523, #2285 ) ;
#2357 = ORIENTED_EDGE ( 'NONE', *, *, #1068, .F. ) ;
#2358 = EDGE_LOOP ( 'NONE', ( #3627, #4078, #3795, #3819, #740, #2583, #4145, #1983, #1837, #2304, #2382, #4082, #3511, #2997, #3676, #24, #1785, #319, #4383, #1042, #2809, #1161, #1405, #3306, #4132 ) ) ;
#2359 = CARTESIAN_POINT ( 'NONE',  ( 2.219999999999983300, 7.200000000000005500, -5.989999999999990400 ) ) ;
#2360 = CARTESIAN_POINT ( 'NONE',  ( 2.860000000000026100, -2.999999999999997800, -5.989999999999976200 ) ) ;
#2361 = EDGE_CURVE ( 'NONE', #5440, #3674, #1831, .T. ) ;
#2362 = DIRECTION ( 'NONE',  ( -1.000000000000000000, -9.308272310119528700E-015, -0.0000000000000000000 ) ) ;
#2363 = CIRCLE ( 'NONE', #2727, 0.4999999999999553700 ) ;
#2364 = EDGE_CURVE ( 'NONE', #66, #2544, #728, .T. ) ;
#2365 = EDGE_CURVE ( 'NONE', #5332, #3964, #5127, .T. ) ;
#2366 = ORIENTED_EDGE ( 'NONE', *, *, #1523, .T. ) ;
#2367 = ADVANCED_FACE ( 'NONE', ( #4124 ), #2225, .F. ) ;
#2368 = DIRECTION ( 'NONE',  ( -0.3015113445777784000, -0.9045340337332854500, 0.3015113445777652400 ) ) ;
#2369 = CARTESIAN_POINT ( 'NONE',  ( 5.659999999999961100, 5.066413568159874500E-014, -1.499999999999972700 ) ) ;
#2370 = ORIENTED_EDGE ( 'NONE', *, *, #2212, .F. ) ;
#2371 = ORIENTED_EDGE ( 'NONE', *, *, #994, .T. ) ;
#2372 = VECTOR ( 'NONE', #1026, 1000.000000000000000 ) ;
#2373 = EDGE_CURVE ( 'NONE', #3316, #3217, #5802, .T. ) ;
#2374 = CARTESIAN_POINT ( 'NONE',  ( 0.3199999999999843500, 7.999999999999986700, -3.449999999999976200 ) ) ;
#2375 = CARTESIAN_POINT ( 'NONE',  ( 3.159999999999906000, 2.866134803185826600E-014, -4.409999999999975300 ) ) ;
#2376 = EDGE_CURVE ( 'NONE', #5124, #5263, #3151, .T. ) ;
#2377 = LINE ( 'NONE', #2121, #2438 ) ;
#2378 = APPROVAL_DATE_TIME ( #2539, #1024 ) ;
#2379 = ORIENTED_EDGE ( 'NONE', *, *, #5504, .T. ) ;
#2380 = LINE ( 'NONE', #4734, #1644 ) ;
#2381 = DIRECTION ( 'NONE',  ( -9.741953179113801400E-015, 1.000000000000000000, -2.535786251118052600E-015 ) ) ;
#2382 = ORIENTED_EDGE ( 'NONE', *, *, #3798, .T. ) ;
#2383 = DIRECTION ( 'NONE',  ( -9.308272310119528700E-015, 1.000000000000000000, 0.0000000000000000000 ) ) ;
#2384 = ADVANCED_FACE ( 'NONE', ( #2484 ), #2161, .T. ) ;
#2385 = DIRECTION ( 'NONE',  ( 0.3015113445778133100, 0.9045340337332752300, 0.3015113445777610200 ) ) ;
#2386 = EDGE_CURVE ( 'NONE', #3373, #4697, #4559, .T. ) ;
#2387 = CARTESIAN_POINT ( 'NONE',  ( 7.559999999999914300, 6.400000000000048300, -2.749999999999968900 ) ) ;
#2388 = CARTESIAN_POINT ( 'NONE',  ( 2.219999999999886100, 8.000000000000005300, -5.989999999999984200 ) ) ;
#2389 = ORIENTED_EDGE ( 'NONE', *, *, #3182, .T. ) ;
#2390 = DIRECTION ( 'NONE',  ( -1.000000000000000000, -9.741953179113803000E-015, 0.0000000000000000000 ) ) ;
#2391 = DIRECTION ( 'NONE',  ( 0.3015113445777841700, -0.9045340337332833400, -0.3015113445777658500 ) ) ;
#2392 = EDGE_CURVE ( 'NONE', #957, #665, #5344, .T. ) ;
#2393 = EDGE_CURVE ( 'NONE', #3179, #1372, #4428, .T. ) ;
#2394 = DIRECTION ( 'NONE',  ( 9.308272310119528700E-015, -1.000000000000000000, 0.0000000000000000000 ) ) ;
#2395 = CARTESIAN_POINT ( 'NONE',  ( 0.3200000000000405900, 2.399999999999978600, -5.349999999999984500 ) ) ;
#2396 = CARTESIAN_POINT ( 'NONE',  ( 0.2503806904314100900, 8.199999999999969100, -8.849999999999951700 ) ) ;
#2397 = AXIS2_PLACEMENT_3D ( 'NONE', #3119, #3821, #5497 ) ;
#2398 = DIRECTION ( 'NONE',  ( -1.000000000000000000, -9.308272310119528700E-015, 1.224606353822377300E-016 ) ) ;
#2399 = ORIENTED_EDGE ( 'NONE', *, *, #697, .T. ) ;
#2400 = ADVANCED_FACE ( 'NONE', ( #447 ), #2103, .T. ) ;
#2401 = EDGE_LOOP ( 'NONE', ( #4968, #2488, #3047, #4279 ) ) ;
#2402 = DIRECTION ( 'NONE',  ( -1.000000000000000000, -9.308272310119755900E-015, 0.0000000000000000000 ) ) ;
#2403 = CARTESIAN_POINT ( 'NONE',  ( 0.2200000000000279500, -3.300000000000016300, -3.449999999999971800 ) ) ;
#2404 = CARTESIAN_POINT ( 'NONE',  ( -2.320000000000048200, 8.299999999999961600, -2.910000000000007200 ) ) ;
#2405 = AXIS2_PLACEMENT_3D ( 'NONE', #3224, #3259, #3160 ) ;
#2406 = DIRECTION ( 'NONE',  ( -9.308272310119743200E-015, 1.000000000000000000, 1.367341569830488700E-015 ) ) ;
#2407 = LINE ( 'NONE', #3714, #3666 ) ;
#2408 = ORIENTED_EDGE ( 'NONE', *, *, #2785, .F. ) ;
#2409 = CARTESIAN_POINT ( 'NONE',  ( 2.249999999999916100, 8.299999999999963400, -1.149999999999979700 ) ) ;
#2410 = EDGE_CURVE ( 'NONE', #3728, #997, #361, .T. ) ;
#2411 = CARTESIAN_POINT ( 'NONE',  ( -2.220000000000057900, 2.399999999999955900, -3.449999999999988600 ) ) ;
#2412 = VERTEX_POINT ( 'NONE', #2031 ) ;
#2413 = ADVANCED_FACE ( 'NONE', ( #2209 ), #2023, .T. ) ;
#2414 = LINE ( 'NONE', #5213, #2270 ) ;
#2415 = VERTEX_POINT ( 'NONE', #2054 ) ;
#2416 = CARTESIAN_POINT ( 'NONE',  ( -5.660000000000007200, -5.275394295848033800E-014, -7.299999999999936800 ) ) ;
#2417 = PLANE ( 'NONE',  #2561 ) ;
#2418 = LINE ( 'NONE', #3982, #3962 ) ;
#2419 = ORIENTED_EDGE ( 'NONE', *, *, #2910, .F. ) ;
#2420 = VECTOR ( 'NONE', #3204, 1000.000000000000000 ) ;
#2421 = EDGE_LOOP ( 'NONE', ( #4857, #4115, #832, #2036 ) ) ;
#2422 = DIRECTION ( 'NONE',  ( -1.000000000000000000, -5.546970267633875300E-046, -2.264797275598023500E-030 ) ) ;
#2423 = AXIS2_PLACEMENT_3D ( 'NONE', #2548, #2555, #2577 ) ;
#2424 = PLANE ( 'NONE',  #1802 ) ;
#2425 = DIRECTION ( 'NONE',  ( -9.859894204913363300E-045, 1.059261469412979700E-030, -1.000000000000000000 ) ) ;
#2426 = LINE ( 'NONE', #4320, #1459 ) ;
#2427 = ORIENTED_EDGE ( 'NONE', *, *, #2482, .F. ) ;
#2428 = LINE ( 'NONE', #2776, #4931 ) ;
#2429 = EDGE_CURVE ( 'NONE', #4031, #2101, #2476, .T. ) ;
#2430 = DIRECTION ( 'NONE',  ( 1.000000000000000000, 0.0000000000000000000, -1.224606353822376800E-016 ) ) ;
#2431 = ADVANCED_FACE ( 'NONE', ( #929 ), #2020, .T. ) ;
#2432 = VECTOR ( 'NONE', #3631, 1000.000000000000000 ) ;
#2433 = CIRCLE ( 'NONE', #2653, 0.1999999999918976300 ) ;
#2434 = DIRECTION ( 'NONE',  ( 3.419690824224371900E-030, -3.673819061467120900E-016, -1.000000000000000000 ) ) ;
#2435 = DIRECTION ( 'NONE',  ( 6.668535217323685400E-015, -0.7071067811865476800, 0.7071067811865474600 ) ) ;
#2436 = ORIENTED_EDGE ( 'NONE', *, *, #1053, .F. ) ;
#2437 = AXIS2_PLACEMENT_3D ( 'NONE', #3868, #3916, #4328 ) ;
#2438 = VECTOR ( 'NONE', #2152, 1000.000000000000000 ) ;
#2439 = DIRECTION ( 'NONE',  ( 1.224606353822376800E-016, 8.063547199514710600E-032, 1.000000000000000000 ) ) ;
#2440 = VERTEX_POINT ( 'NONE', #1989 ) ;
#2441 = EDGE_CURVE ( 'NONE', #1148, #4962, #1441, .T. ) ;
#2442 = EDGE_LOOP ( 'NONE', ( #5370, #4636, #5040, #139 ) ) ;
#2443 = DIRECTION ( 'NONE',  ( 1.224606353822377000E-016, 1.139896941408127000E-030, -1.000000000000000000 ) ) ;
#2444 = DIRECTION ( 'NONE',  ( 0.0000000000000000000, -0.7071067811865474600, -0.7071067811865476800 ) ) ;
#2445 = ADVANCED_FACE ( 'NONE', ( #1892 ), #1914, .T. ) ;
#2446 = EDGE_LOOP ( 'NONE', ( #1624, #2082, #677, #2243 ) ) ;
#2447 = EDGE_CURVE ( 'NONE', #4599, #2775, #5414, .T. ) ;
#2448 = EDGE_CURVE ( 'NONE', #1318, #5271, #3860, .T. ) ;
#2449 = LINE ( 'NONE', #5723, #2674 ) ;
#2450 = EDGE_CURVE ( 'NONE', #976, #3286, #1362, .T. ) ;
#2451 = ORIENTED_EDGE ( 'NONE', *, *, #3777, .T. ) ;
#2452 = CARTESIAN_POINT ( 'NONE',  ( -2.249999999999974200, 2.049999999999972300, 8.613303246910026700E-016 ) ) ;
#2453 = VECTOR ( 'NONE', #1494, 1000.000000000000000 ) ;
#2454 = EDGE_LOOP ( 'NONE', ( #133, #2427, #1419, #1792 ) ) ;
#2455 = CARTESIAN_POINT ( 'NONE',  ( -2.859999999999952800, 0.09999999999995021200, -3.449999999999983300 ) ) ;
#2456 = VECTOR ( 'NONE', #2317, 1000.000000000000000 ) ;
#2457 = DIRECTION ( 'NONE',  ( -0.4472135954999550400, -0.8944271909999171900, 5.476606105649967500E-017 ) ) ;
#2458 = VERTEX_POINT ( 'NONE', #219 ) ;
#2459 = EDGE_CURVE ( 'NONE', #4782, #2832, #943, .T. ) ;
#2460 = ADVANCED_FACE ( 'NONE', ( #1383 ), #1817, .T. ) ;
#2461 = DIRECTION ( 'NONE',  ( 9.859894204913363300E-045, -1.059261469412979700E-030, 1.000000000000000000 ) ) ;
#2462 = EDGE_LOOP ( 'NONE', ( #1599, #1136, #3498, #2722 ) ) ;
#2463 = PLANE ( 'NONE',  #3335 ) ;
#2465 = EDGE_CURVE ( 'NONE', #869, #4575, #4484, .T. ) ;
#2464 = CARTESIAN_POINT ( 'NONE',  ( -2.860000000000022500, 7.199999999999953100, -5.990000000000003800 ) ) ;
#2466 = EDGE_CURVE ( 'NONE', #4308, #4575, #5499, .T. ) ;
#2467 = ORIENTED_EDGE ( 'NONE', *, *, #2255, .F. ) ;
#2468 = CARTESIAN_POINT ( 'NONE',  ( -6.460000000000008000, 6.399999999999917800, -2.749999999999968900 ) ) ;
#2469 = EDGE_LOOP ( 'NONE', ( #383, #3384, #1797, #49 ) ) ;
#2470 = CARTESIAN_POINT ( 'NONE',  ( 2.319999999999900400, 8.300000000000009600, -2.909999999999993500 ) ) ;
#2471 = ADVANCED_FACE ( 'NONE', ( #586 ), #1692, .T. ) ;
#2472 = EDGE_CURVE ( 'NONE', #4117, #2062, #500, .T. ) ;
#2473 = EDGE_CURVE ( 'NONE', #4711, #4529, #3548, .T. ) ;
#2474 = CARTESIAN_POINT ( 'NONE',  ( -2.219999999999946900, -3.000000000000050200, -5.350000000000004100 ) ) ;
#2475 = CARTESIAN_POINT ( 'NONE',  ( -0.3199999999999531000, -3.000000000000031100, -3.449999999999979300 ) ) ;
#2476 = LINE ( 'NONE', #1990, #3473 ) ;
#2477 = ORIENTED_EDGE ( 'NONE', *, *, #87, .F. ) ;
#2478 = CARTESIAN_POINT ( 'NONE',  ( 49.56650000000019000, 2.400000000000438700, -1.849999999999928100 ) ) ;
#2479 = APPROVAL_PERSON_ORGANIZATION ( #504, #2486, #2999 ) ;
#2480 = EDGE_CURVE ( 'NONE', #1396, #5705, #4618, .T. ) ;
#2481 = CARTESIAN_POINT ( 'NONE',  ( -0.2700000000000500900, 8.149999999999987900, -5.829999999999983200 ) ) ;
#2482 = EDGE_CURVE ( 'NONE', #189, #2948, #1621, .T. ) ;
#2483 = DIRECTION ( 'NONE',  ( 9.308272310119528700E-015, -1.000000000000000000, 0.0000000000000000000 ) ) ;
#2484 = FACE_OUTER_BOUND ( 'NONE', #1442, .T. ) ;
#2485 = ORIENTED_EDGE ( 'NONE', *, *, #1844, .F. ) ;
#2486 = APPROVAL ( #4201, 'UNSPECIFIED' ) ;
#2487 = AXIS2_PLACEMENT_3D ( 'NONE', #1493, #1483, #1471 ) ;
#2488 = ORIENTED_EDGE ( 'NONE', *, *, #4335, .F. ) ;
#2489 = ADVANCED_FACE ( 'NONE', ( #5562 ), #1549, .T. ) ;
#2490 = LINE ( 'NONE', #926, #2264 ) ;
#2491 = ORIENTED_EDGE ( 'NONE', *, *, #3763, .F. ) ;
#2492 = DIRECTION ( 'NONE',  ( -1.139896941408118100E-030, 1.224606353822367400E-016, 1.000000000000000000 ) ) ;
#2493 = EDGE_CURVE ( 'NONE', #5684, #1058, #4180, .T. ) ;
#2494 = LINE ( 'NONE', #2534, #1679 ) ;
#2495 = ORIENTED_EDGE ( 'NONE', *, *, #3956, .T. ) ;
#2496 = CARTESIAN_POINT ( 'NONE',  ( -0.3200000000000188200, 2.399999999999974200, -5.349999999999986300 ) ) ;
#2497 = VECTOR ( 'NONE', #3051, 1000.000000000000000 ) ;
#2498 = CARTESIAN_POINT ( 'NONE',  ( -6.460000000000030200, 8.799999999999920800, -1.149999999999965900 ) ) ;
#2499 = DIRECTION ( 'NONE',  ( -1.000000000000000000, -9.308272310119528700E-015, 1.224606353822376800E-016 ) ) ;
#2500 = VECTOR ( 'NONE', #4667, 1000.000000000000000 ) ;
#2501 = ORIENTED_EDGE ( 'NONE', *, *, #1762, .F. ) ;
#2502 = AXIS2_PLACEMENT_3D ( 'NONE', #2498, #2511, #2512 ) ;
#2503 = VERTEX_POINT ( 'NONE', #1527 ) ;
#2504 = DIRECTION ( 'NONE',  ( 0.3015113445778359600, -0.9045340337332759000, 0.3015113445777359800 ) ) ;
#2505 = PLANE ( 'NONE',  #2502 ) ;
#2506 = ADVANCED_FACE ( 'NONE', ( #4364 ), #1462, .T. ) ;
#2507 = FACE_OUTER_BOUND ( 'NONE', #2318, .T. ) ;
#2508 = CARTESIAN_POINT ( 'NONE',  ( 2.249999999999882300, 11.84999999999995700, 0.6280000000000217600 ) ) ;
#2509 = VERTEX_POINT ( 'NONE', #1510 ) ;
#2510 = EDGE_CURVE ( 'NONE', #3179, #721, #4741, .T. ) ;
#2511 = DIRECTION ( 'NONE',  ( 1.000000000000000000, 9.308272310119528700E-015, 0.0000000000000000000 ) ) ;
#2512 = DIRECTION ( 'NONE',  ( -9.308272310119528700E-015, 1.000000000000000000, 0.0000000000000000000 ) ) ;
#2513 = LINE ( 'NONE', #2228, #2678 ) ;
#2514 = AXIS2_PLACEMENT_3D ( 'NONE', #3993, #2639, #4668 ) ;
#2515 = EDGE_LOOP ( 'NONE', ( #3879, #3946, #4147, #4270 ) ) ;
#2516 = VECTOR ( 'NONE', #2241, 1000.000000000000000 ) ;
#2517 = ADVANCED_FACE ( 'NONE', ( #1308, #2566, #517, #1015, #1550, #197, #4620, #4886, #720, #5034, #3790, #4175, #3410 ), #1420, .T. ) ;
#2518 = EDGE_LOOP ( 'NONE', ( #5714, #3492, #5396, #126 ) ) ;
#2519 = CARTESIAN_POINT ( 'NONE',  ( 1.919999999999949100, -3.633660332687566200E-015, -6.289999999999964500 ) ) ;
#2520 = VECTOR ( 'NONE', #5581, 1000.000000000000000 ) ;
#2521 = EDGE_LOOP ( 'NONE', ( #4520, #5637, #3496, #3568 ) ) ;
#2522 = AXIS2_PLACEMENT_3D ( 'NONE', #4671, #4655, #4578 ) ;
#2523 = DIRECTION ( 'NONE',  ( 1.836909530733639600E-016, 6.123031769113701900E-017, 1.000000000000000000 ) ) ;
#2524 = VERTEX_POINT ( 'NONE', #1393 ) ;
#2525 = DIRECTION ( 'NONE',  ( -0.3015113445778320700, 0.9045340337332648000, 0.3015113445777732300 ) ) ;
#2526 = EDGE_LOOP ( 'NONE', ( #806, #5519, #5661, #883 ) ) ;
#2527 = EDGE_CURVE ( 'NONE', #2412, #976, #2874, .T. ) ;
#2528 = LINE ( 'NONE', #4584, #489 ) ;
#2529 = PLANE ( 'NONE',  #5264 ) ;
#2530 = LINE ( 'NONE', #183, #4776 ) ;
#2531 = ORIENTED_EDGE ( 'NONE', *, *, #2493, .T. ) ;
#2532 = PLANE ( 'NONE',  #2423 ) ;
#2533 = ADVANCED_FACE ( 'NONE', ( #3945 ), #1320, .T. ) ;
#2534 = CARTESIAN_POINT ( 'NONE',  ( 2.320000000000000300, -3.299999999999997200, -5.449999999999995700 ) ) ;
#2535 = EDGE_CURVE ( 'NONE', #544, #3718, #2334, .T. ) ;
#2536 = DIRECTION ( 'NONE',  ( 9.308272310119528700E-015, -1.000000000000000000, 0.0000000000000000000 ) ) ;
#2537 = EDGE_CURVE ( 'NONE', #2503, #3810, #649, .T. ) ;
#2538 = ORIENTED_EDGE ( 'NONE', *, *, #4955, .F. ) ;
#2539 = DATE_AND_TIME ( #2589, #2607 ) ;
#2540 = CARTESIAN_POINT ( 'NONE',  ( 7.559999999999973000, 6.378677335673416500E-014, -2.749999999999966700 ) ) ;
#2541 = VERTEX_POINT ( 'NONE', #1287 ) ;
#2542 = CARTESIAN_POINT ( 'NONE',  ( 2.860000000000076700, -3.299999999999994000, -3.349999999999988500 ) ) ;
#2543 = VECTOR ( 'NONE', #948, 1000.000000000000000 ) ;
#2544 = VERTEX_POINT ( 'NONE', #1271 ) ;
#2545 = CARTESIAN_POINT ( 'NONE',  ( -7.536499999999927400, 8.199999999999935300, -8.799999999999956300 ) ) ;
#2546 = ADVANCED_FACE ( 'NONE', ( #4745 ), #1239, .T. ) ;
#2547 = DIRECTION ( 'NONE',  ( -1.000000000000000000, -8.940890403973025700E-016, -2.682267121191873200E-015 ) ) ;
#2548 = CARTESIAN_POINT ( 'NONE',  ( 6.233499999999910600, 5.788017694121422600E-014, -2.749999999999966700 ) ) ;
#2549 = EDGE_CURVE ( 'NONE', #558, #3598, #426, .T. ) ;
#2550 = LINE ( 'NONE', #5585, #2736 ) ;
#2551 = ORIENTED_EDGE ( 'NONE', *, *, #1333, .T. ) ;
#2552 = EDGE_CURVE ( 'NONE', #4123, #2565, #4832, .T. ) ;
#2553 = DIRECTION ( 'NONE',  ( -1.000000000000000000, 1.499660721822124000E-032, 1.224606353822365400E-016 ) ) ;
#2554 = CARTESIAN_POINT ( 'NONE',  ( 0.2000000000001099200, -0.2999999999999409300, -1.900000000000088700 ) ) ;
#2555 = DIRECTION ( 'NONE',  ( -1.224606353822388100E-016, 1.224606353822355600E-016, 1.000000000000000000 ) ) ;
#2556 = VERTEX_POINT ( 'NONE', #1224 ) ;
#2557 = VECTOR ( 'NONE', #2457, 1000.000000000000100 ) ;
#2558 = EDGE_LOOP ( 'NONE', ( #4915, #2743 ) ) ;
#2559 = CARTESIAN_POINT ( 'NONE',  ( 6.459999999999959100, 2.400000000000037700, -1.160000000000001300 ) ) ;
#2560 = CARTESIAN_POINT ( 'NONE',  ( 0.2200000000000291400, -3.300000000000025100, -5.449999999999998400 ) ) ;
#2561 = AXIS2_PLACEMENT_3D ( 'NONE', #2348, #2435, #2444 ) ;
#2562 = ADVANCED_FACE ( 'NONE', ( #5686 ), #1195, .T. ) ;
#2563 = VECTOR ( 'NONE', #611, 1000.000000000000000 ) ;
#2564 = ORIENTED_EDGE ( 'NONE', *, *, #4533, .F. ) ;
#2565 = VERTEX_POINT ( 'NONE', #1208 ) ;
#2566 = FACE_BOUND ( 'NONE', #2526, .T. ) ;
#2567 = ORIENTED_EDGE ( 'NONE', *, *, #2037, .F. ) ;
#2568 = LINE ( 'NONE', #1330, #5675 ) ;
#2569 = LINE ( 'NONE', #5456, #4552 ) ;
#2570 = EDGE_LOOP ( 'NONE', ( #2177, #4987, #1223, #3513 ) ) ;
#2571 = LINE ( 'NONE', #2298, #2456 ) ;
#2572 = DIRECTION ( 'NONE',  ( -0.0000000000000000000, 0.7071067811865474600, 0.7071067811865476800 ) ) ;
#2573 = EDGE_CURVE ( 'NONE', #5693, #2556, #704, .T. ) ;
#2574 = CARTESIAN_POINT ( 'NONE',  ( 49.56650000000019000, 2.400000000000438700, -1.149999999999977900 ) ) ;
#2575 = DIRECTION ( 'NONE',  ( 0.3015113445779363200, 0.9045340337332378200, 0.3015113445777498600 ) ) ;
#2576 = LINE ( 'NONE', #5066, #2056 ) ;
#2577 = DIRECTION ( 'NONE',  ( 1.000000000000000000, 0.0000000000000000000, 1.224606353822388100E-016 ) ) ;
#2578 = LINE ( 'NONE', #2288, #2593 ) ;
#2579 = CARTESIAN_POINT ( 'NONE',  ( -0.3200000000000357600, 7.199999999999976200, -5.989999999999986900 ) ) ;
#2580 = EDGE_LOOP ( 'NONE', ( #1609, #4006, #3591, #5762 ) ) ;
#2581 = ADVANCED_FACE ( 'NONE', ( #2507 ), #1209, .T. ) ;
#2582 = CARTESIAN_POINT ( 'NONE',  ( -0.6199999999999921100, -6.523921300392621900E-015, -4.409999999999975300 ) ) ;
#2583 = ORIENTED_EDGE ( 'NONE', *, *, #5652, .T. ) ;
#2584 = CARTESIAN_POINT ( 'NONE',  ( -6.233499999999929200, 2.399999999999920000, -2.749999999999967100 ) ) ;
#2585 = DIRECTION ( 'NONE',  ( -0.6882472016118146300, 0.2294157338705193300, 0.6882472016115699400 ) ) ;
#2586 = CARTESIAN_POINT ( 'NONE',  ( -3.009999999999939400, 0.04999999999995375500, -3.924999999999962500 ) ) ;
#2587 = ORIENTED_EDGE ( 'NONE', *, *, #4686, .T. ) ;
#2588 = EDGE_CURVE ( 'NONE', #322, #858, #5635, .T. ) ;
#2589 = CALENDAR_DATE ( 2015, 31, 8 ) ;
#2590 = VERTEX_POINT ( 'NONE', #1072 ) ;
#2591 = EDGE_CURVE ( 'NONE', #1572, #4226, #352, .T. ) ;
#2592 = LINE ( 'NONE', #2630, #2655 ) ;
#2593 = VECTOR ( 'NONE', #2321, 1000.000000000000000 ) ;
#2594 = CARTESIAN_POINT ( 'NONE',  ( -2.220000000000048600, 7.199999999999959300, -5.990000000000002900 ) ) ;
#2595 = ORIENTED_EDGE ( 'NONE', *, *, #2549, .F. ) ;
#2596 = CARTESIAN_POINT ( 'NONE',  ( 7.559999999999914300, 6.400000000000048300, -2.749999999999968000 ) ) ;
#2597 = LINE ( 'NONE', #887, #1502 ) ;
#2598 = LINE ( 'NONE', #4495, #5169 ) ;
#2599 = CIRCLE ( 'NONE', #2638, 0.4999999999999241200 ) ;
#2600 = EDGE_CURVE ( 'NONE', #3089, #2715, #5633, .T. ) ;
#2601 = DIRECTION ( 'NONE',  ( -1.000000000000000000, -5.546970267633875300E-046, -2.264797275598023500E-030 ) ) ;
#2602 = ADVANCED_FACE ( 'NONE', ( #3275 ), #1049, .T. ) ;
#2603 = VERTEX_POINT ( 'NONE', #1067 ) ;
#2604 = CC_DESIGN_PERSON_AND_ORGANIZATION_ASSIGNMENT ( #2045, #438, ( #2289 ) ) ;
#2605 = DIRECTION ( 'NONE',  ( 2.279793882816244900E-030, -2.449212707644743700E-016, -1.000000000000000000 ) ) ;
#2606 = DIRECTION ( 'NONE',  ( -0.3162277660168129600, -0.9486832980505220900, 0.0000000000000000000 ) ) ;
#2607 = LOCAL_TIME ( 23, 59, 36.00000000000000000, #2709 ) ;
#2608 = ORIENTED_EDGE ( 'NONE', *, *, #3533, .T. ) ;
#2609 = EDGE_CURVE ( 'NONE', #2839, #4697, #2195, .T. ) ;
#2610 = ORIENTED_EDGE ( 'NONE', *, *, #28, .F. ) ;
#2611 = CARTESIAN_POINT ( 'NONE',  ( -1.919999999999909600, -4.944703401456764000E-014, -6.289999999999963600 ) ) ;
#2612 = ADVANCED_FACE ( 'NONE', ( #2640 ), #1997, .T. ) ;
#2613 = ORIENTED_EDGE ( 'NONE', *, *, #1165, .T. ) ;
#2614 = DIRECTION ( 'NONE',  ( -0.9486832980505220900, 0.3162277660168129600, 3.872545315193255700E-017 ) ) ;
#2615 = EDGE_CURVE ( 'NONE', #5744, #561, #2714, .T. ) ;
#2616 = PLANE ( 'NONE',  #2337 ) ;
#2617 = DIRECTION ( 'NONE',  ( -1.000000000000000000, -9.308272310119528700E-015, -0.0000000000000000000 ) ) ;
#2618 = DIRECTION ( 'NONE',  ( 0.3162277660168366600, -0.9486832980505143200, -3.872545315192753400E-017 ) ) ;
#2619 = ORIENTED_EDGE ( 'NONE', *, *, #2016, .F. ) ;
#2620 = LINE ( 'NONE', #5300, #3979 ) ;
#2621 = CARTESIAN_POINT ( 'NONE',  ( -0.3200000000000357600, 7.199999999999976200, -5.349999999999988100 ) ) ;
#2622 = CARTESIAN_POINT ( 'NONE',  ( 2.859999999999933300, 8.000000000000008900, -2.809999999999990700 ) ) ;
#2623 = DIRECTION ( 'NONE',  ( 0.9486832980505143200, 0.3162277660168366600, 0.0000000000000000000 ) ) ;
#2624 = DIRECTION ( 'NONE',  ( -1.000000000000000000, -9.308272310119528700E-015, -0.0000000000000000000 ) ) ;
#2625 = VECTOR ( 'NONE', #2109, 1000.000000000000000 ) ;
#2626 = ORIENTED_EDGE ( 'NONE', *, *, #1216, .T. ) ;
#2627 = LINE ( 'NONE', #4148, #4377 ) ;
#2628 = LINE ( 'NONE', #5117, #2800 ) ;
#2629 = VERTEX_POINT ( 'NONE', #834 ) ;
#2630 = CARTESIAN_POINT ( 'NONE',  ( -2.250000000000043500, 8.800000000000203200, -0.6499999999996870500 ) ) ;
#2631 = ORIENTED_EDGE ( 'NONE', *, *, #1801, .T. ) ;
#2632 = ADVANCED_FACE ( 'NONE', ( #2274 ), #995, .T. ) ;
#2633 = CARTESIAN_POINT ( 'NONE',  ( -2.760000000000043800, 8.299999999999958100, -3.130000000000003000 ) ) ;
#2634 = EDGE_CURVE ( 'NONE', #5349, #4674, #1601, .T. ) ;
#2635 = CARTESIAN_POINT ( 'NONE',  ( 21.59000000000013100, 2.002128067073632400E-013, 1.214306433183765000E-014 ) ) ;
#2636 = FACE_OUTER_BOUND ( 'NONE', #1347, .T. ) ;
#2637 = ORIENTED_EDGE ( 'NONE', *, *, #1504, .F. ) ;
#2638 = AXIS2_PLACEMENT_3D ( 'NONE', #2369, #2381, #2390 ) ;
#2639 = DIRECTION ( 'NONE',  ( 9.308272310119528700E-015, -1.000000000000000000, 3.673819061467121400E-016 ) ) ;
#2640 = FACE_OUTER_BOUND ( 'NONE', #3233, .T. ) ;
#2641 = ORIENTED_EDGE ( 'NONE', *, *, #607, .T. ) ;
#2642 = CARTESIAN_POINT ( 'NONE',  ( -2.220000000000056200, 7.999999999999967100, -5.350000000000002300 ) ) ;
#2643 = DIRECTION ( 'NONE',  ( -0.6882472016117275900, -0.2294157338705527500, -0.6882472016116459900 ) ) ;
#2644 = PLANE ( 'NONE',  #967 ) ;
#2645 = ADVANCED_FACE ( 'NONE', ( #3907 ), #5214, .T. ) ;
#2646 = CARTESIAN_POINT ( 'NONE',  ( -2.220000000000057900, -3.000000000000052800, -3.449999999999987300 ) ) ;
#2647 = VECTOR ( 'NONE', #3299, 1000.000000000000000 ) ;
#2648 = ORIENTED_EDGE ( 'NONE', *, *, #50, .T. ) ;
#2649 = ORIENTED_EDGE ( 'NONE', *, *, #4798, .T. ) ;
#2650 = CARTESIAN_POINT ( 'NONE',  ( 6.459999999999946700, 2.400000000000036800, -7.649999999999963100 ) ) ;
#2651 = CARTESIAN_POINT ( 'NONE',  ( 0.2000000000001099500, -0.2999999999999416500, -1.500000000000021800 ) ) ;
#2652 = CARTESIAN_POINT ( 'NONE',  ( 1.269999999999989400, 2.399999999999988800, -1.149999999999977500 ) ) ;
#2653 = AXIS2_PLACEMENT_3D ( 'NONE', #2261, #2266, #2280 ) ;
#2654 = FACE_OUTER_BOUND ( 'NONE', #3845, .T. ) ;
#2655 = VECTOR ( 'NONE', #2572, 1000.000000000000000 ) ;
#2656 = EDGE_LOOP ( 'NONE', ( #652, #3575, #332, #872 ) ) ;
#2657 = PLANE ( 'NONE',  #2301 ) ;
#2658 = VECTOR ( 'NONE', #1213, 1000.000000000000000 ) ;
#2659 = EDGE_CURVE ( 'NONE', #1254, #544, #508, .T. ) ;
#2660 = VECTOR ( 'NONE', #2547, 1000.000000000000000 ) ;
#2661 = EDGE_CURVE ( 'NONE', #1142, #5042, #1, .T. ) ;
#2662 = DIRECTION ( 'NONE',  ( 0.6882472016116854000, 0.2294157338705606600, 0.6882472016116854000 ) ) ;
#2663 = EDGE_LOOP ( 'NONE', ( #3624, #4014, #3258, #1756 ) ) ;
#2664 = CARTESIAN_POINT ( 'NONE',  ( 2.859999999999991000, 0.1000000000000011300, -3.449999999999976200 ) ) ;
#2665 = CARTESIAN_POINT ( 'NONE',  ( -0.2503806904314868600, 8.199999999999965500, -8.849999999999951700 ) ) ;
#2666 = CARTESIAN_POINT ( 'NONE',  ( 50.71650000000007500, 4.729503543541661800E-013, -6.071532165918824800E-015 ) ) ;
#2667 = EDGE_LOOP ( 'NONE', ( #1103, #3648, #307, #2295 ) ) ;
#2668 = ORIENTED_EDGE ( 'NONE', *, *, #862, .T. ) ;
#2669 = CARTESIAN_POINT ( 'NONE',  ( -7.559999999999996900, 6.399999999999906200, -0.009999999999988316800 ) ) ;
#2670 = EDGE_CURVE ( 'NONE', #2067, #1578, #5751, .T. ) ;
#2671 = ADVANCED_FACE ( 'NONE', ( #5039 ), #554, .T. ) ;
#2672 = DIRECTION ( 'NONE',  ( 0.0000000000000000000, -0.9486832980505126600, -0.3162277660168410500 ) ) ;
#2673 = CARTESIAN_POINT ( 'NONE',  ( -1.145552149074932800E-013, 8.299999999999982900, -5.889999999999983700 ) ) ;
#2674 = VECTOR ( 'NONE', #13, 1000.000000000000200 ) ;
#2675 = CARTESIAN_POINT ( 'NONE',  ( -2.810000000000036900, 8.149999999999964800, -5.829999999999996500 ) ) ;
#2676 = ORIENTED_EDGE ( 'NONE', *, *, #479, .T. ) ;
#2677 = LINE ( 'NONE', #2411, #2260 ) ;
#2678 = VECTOR ( 'NONE', #2523, 1000.000000000000000 ) ;
#2679 = LINE ( 'NONE', #2360, #2749 ) ;
#2680 = ADVANCED_FACE ( 'NONE', ( #1606 ), #695, .T. ) ;
#2681 = EDGE_CURVE ( 'NONE', #5677, #5673, #5220, .T. ) ;
#2682 = CARTESIAN_POINT ( 'NONE',  ( 0.2699999999999903600, 8.149999999999993200, -3.289999999999982700 ) ) ;
#2683 = AXIS2_PLACEMENT_3D ( 'NONE', #2204, #2219, #2221 ) ;
#2684 = VERTEX_POINT ( 'NONE', #636 ) ;
#2685 = CARTESIAN_POINT ( 'NONE',  ( -3.159999999999925500, -4.176254169417116000E-014, -6.289999999999963600 ) ) ;
#2686 = LINE ( 'NONE', #3519, #4519 ) ;
#2687 = CARTESIAN_POINT ( 'NONE',  ( -2.219999999999980700, 0.09999999999997150100, -2.810000000000003600 ) ) ;
#2688 = CARTESIAN_POINT ( 'NONE',  ( -1.269999999999996500, 2.049999999999976700, -1.849999999999928100 ) ) ;
#2689 = PLANE ( 'NONE',  #1717 ) ;
#2690 = ADVANCED_FACE ( 'NONE', ( #711 ), #4168, .T. ) ;
#2691 = ORIENTED_EDGE ( 'NONE', *, *, #5657, .T. ) ;
#2692 = CARTESIAN_POINT ( 'NONE',  ( -0.3200000000000357600, 7.999999999999988500, -5.349999999999988100 ) ) ;
#2693 = CARTESIAN_POINT ( 'NONE',  ( -2.250000000000042600, 8.799999999999956300, -0.6499999999999329600 ) ) ;
#2694 = ORIENTED_EDGE ( 'NONE', *, *, #41, .F. ) ;
#2695 = CARTESIAN_POINT ( 'NONE',  ( 2.760000000000019800, -3.299999999999992300, -5.889999999999978400 ) ) ;
#2696 = DIRECTION ( 'NONE',  ( 0.9486832980505162100, 0.3162277660168306100, 3.872545315193257600E-017 ) ) ;
#2697 = CARTESIAN_POINT ( 'NONE',  ( 5.460000000004055400, -0.2999999999999583600, -1.499999999999971800 ) ) ;
#2698 = VERTEX_POINT ( 'NONE', #570 ) ;
#2699 = ADVANCED_FACE ( 'NONE', ( #581 ), #1283, .T. ) ;
#2700 = DIRECTION ( 'NONE',  ( -0.3162277660168306100, 0.9486832980505162100, 0.0000000000000000000 ) ) ;
#2701 = CARTESIAN_POINT ( 'NONE',  ( 5.909999999999989500, 5.350141061884594800E-014, -8.849999999999976600 ) ) ;
#2702 = ORIENTED_EDGE ( 'NONE', *, *, #3715, .T. ) ;
#2703 = CARTESIAN_POINT ( 'NONE',  ( 0.3200000000000397000, 2.399999999999976800, -2.809999999999988100 ) ) ;
#2704 = CARTESIAN_POINT ( 'NONE',  ( 2.249999999999881900, 11.84999999999995700, -1.149999999999979700 ) ) ;
#2705 = ADVANCED_FACE ( 'NONE', ( #4223 ), #467, .F. ) ;
#2706 = LINE ( 'NONE', #4617, #5697 ) ;
#2707 = VERTEX_POINT ( 'NONE', #538 ) ;
#2708 = DIRECTION ( 'NONE',  ( -1.000000000000000000, -1.949236842396173600E-013, 0.0000000000000000000 ) ) ;
#2709 = COORDINATED_UNIVERSAL_TIME_OFFSET ( 8, 0, .BEHIND. ) ;
#2710 = CARTESIAN_POINT ( 'NONE',  ( -0.3757359312879785500, -0.3000000000000528900, -2.251471862576132300 ) ) ;
#2711 = CARTESIAN_POINT ( 'NONE',  ( 2.539999999999978700, -3.149999999999991900, -5.399999999999993200 ) ) ;
#2712 = LINE ( 'NONE', #11, #2786 ) ;
#2713 = EDGE_LOOP ( 'NONE', ( #539, #897, #1994, #4079 ) ) ;
#2714 = LINE ( 'NONE', #870, #1898 ) ;
#2715 = VERTEX_POINT ( 'NONE', #273 ) ;
#2716 = ADVANCED_FACE ( 'NONE', ( #4909 ), #262, .T. ) ;
#2717 = TOROIDAL_SURFACE ( 'NONE', #398, 0.1999999999999493600, 0.3000000000000686000 ) ;
#2718 = VERTEX_POINT ( 'NONE', #300 ) ;
#2719 = PLANE ( 'NONE',  #2278 ) ;
#2720 = DIRECTION ( 'NONE',  ( 1.836909530733639600E-016, 6.123031769113701900E-017, 1.000000000000000000 ) ) ;
#2721 = FACE_OUTER_BOUND ( 'NONE', #5139, .T. ) ;
#2722 = ORIENTED_EDGE ( 'NONE', *, *, #2429, .F. ) ;
#2723 = CARTESIAN_POINT ( 'NONE',  ( -2.220000000000048600, 7.199999999999959300, -5.350000000000002300 ) ) ;
#2724 = EDGE_CURVE ( 'NONE', #3217, #276, #5814, .T. ) ;
#2725 = CARTESIAN_POINT ( 'NONE',  ( -3.159999999999926000, -4.054867290098641400E-014, -2.509999999999964300 ) ) ;
#2726 = EDGE_CURVE ( 'NONE', #388, #4826, #5123, .T. ) ;
#2727 = AXIS2_PLACEMENT_3D ( 'NONE', #2156, #2164, #2175 ) ;
#2728 = CARTESIAN_POINT ( 'NONE',  ( -0.3757359312879790500, -0.3000000000000541700, -1.500000000000022000 ) ) ;
#2729 = VECTOR ( 'NONE', #1829, 1000.000000000000000 ) ;
#2730 = ORIENTED_EDGE ( 'NONE', *, *, #80, .F. ) ;
#2731 = FACE_OUTER_BOUND ( 'NONE', #5487, .T. ) ;
#2732 =( GEOMETRIC_REPRESENTATION_CONTEXT ( 3 ) GLOBAL_UNCERTAINTY_ASSIGNED_CONTEXT ( ( #4420 ) ) GLOBAL_UNIT_ASSIGNED_CONTEXT ( ( #2244, #1745, #1815 ) ) REPRESENTATION_CONTEXT ( 'NONE', 'WORKASPACE' ) );
#2733 = VERTEX_POINT ( 'NONE', #3974 ) ;
#2734 = DIRECTION ( 'NONE',  ( -1.949236842396173300E-013, 1.000000000000000000, 1.801022438824055900E-015 ) ) ;
#2735 = ADVANCED_FACE ( 'NONE', ( #1530 ), #5076, .F. ) ;
#2736 = VECTOR ( 'NONE', #5476, 1000.000000000000000 ) ;
#2737 = LINE ( 'NONE', #457, #86 ) ;
#2738 = CARTESIAN_POINT ( 'NONE',  ( 2.219999999999990900, -3.000000000000006200, -3.449999999999976200 ) ) ;
#2739 = EDGE_CURVE ( 'NONE', #5710, #3822, #3430, .T. ) ;
#2740 = PLANE ( 'NONE',  #2030 ) ;
#2741 = EDGE_CURVE ( 'NONE', #1318, #5770, #2569, .T. ) ;
#2742 = ORIENTED_EDGE ( 'NONE', *, *, #3020, .T. ) ;
#2743 = ORIENTED_EDGE ( 'NONE', *, *, #2346, .T. ) ;
#2744 = ADVANCED_FACE ( 'NONE', ( #3564 ), #2039, .T. ) ;
#2745 = ORIENTED_EDGE ( 'NONE', *, *, #822, .F. ) ;
#2746 = CARTESIAN_POINT ( 'NONE',  ( -2.379999999999995500, 8.149999999999970200, -3.399999999999995500 ) ) ;
#2747 = EDGE_CURVE ( 'NONE', #4575, #5673, #1230, .T. ) ;
#2748 = CARTESIAN_POINT ( 'NONE',  ( -2.760000000000043800, 8.299999999999956300, -2.910000000000008100 ) ) ;
#2749 = VECTOR ( 'NONE', #2368, 1000.000000000000100 ) ;
#2750 = VERTEX_POINT ( 'NONE', #2496 ) ;
#2751 = CARTESIAN_POINT ( 'NONE',  ( 0.3757359312881318700, -0.2999999999999077300, -1.500000000000021800 ) ) ;
#2752 = ADVANCED_FACE ( 'NONE', ( #220 ), #424, .T. ) ;
#2753 = DIRECTION ( 'NONE',  ( 1.000000000000000000, 9.308272310119528700E-015, 0.0000000000000000000 ) ) ;
#2754 = LINE ( 'NONE', #2704, #3136 ) ;
#2755 = DIRECTION ( 'NONE',  ( -9.308272310119528700E-015, 1.000000000000000000, 0.0000000000000000000 ) ) ;
#2756 = FACE_OUTER_BOUND ( 'NONE', #4305, .T. ) ;
#2757 = EDGE_CURVE ( 'NONE', #4599, #3479, #3953, .T. ) ;
#2758 = CARTESIAN_POINT ( 'NONE',  ( 1.799775606328525500E-014, -9.356049843287770900E-014, -1.500000000000021300 ) ) ;
#2759 = ORIENTED_EDGE ( 'NONE', *, *, #76, .F. ) ;
#2760 = CARTESIAN_POINT ( 'NONE',  ( -2.700000000000037900, 8.149999999999964800, -5.399999999999996800 ) ) ;
#2761 = CARTESIAN_POINT ( 'NONE',  ( -0.4999999999999247300, -0.1757359312882130200, -1.500000000000021800 ) ) ;
#2762 = VECTOR ( 'NONE', #4781, 1000.000000000000000 ) ;
#2763 = AXIS2_PLACEMENT_3D ( 'NONE', #3163, #3189, #3153 ) ;
#2764 = FACE_OUTER_BOUND ( 'NONE', #448, .T. ) ;
#2765 = ORIENTED_EDGE ( 'NONE', *, *, #4321, .T. ) ;
#2766 = EDGE_CURVE ( 'NONE', #5566, #5332, #1681, .T. ) ;
#2767 = PLANE ( 'NONE',  #2222 ) ;
#2768 = DIRECTION ( 'NONE',  ( 1.109903726971674800E-030, -1.224606353822366900E-016, -1.000000000000000000 ) ) ;
#2769 = AXIS2_PLACEMENT_3D ( 'NONE', #1618, #1631, #1633 ) ;
#2770 = ADVANCED_FACE ( 'NONE', ( #1896 ), #703, .F. ) ;
#2771 = DIRECTION ( 'NONE',  ( -1.139896941408118100E-030, 1.224606353822367400E-016, 1.000000000000000000 ) ) ;
#2772 = VERTEX_POINT ( 'NONE', #5156 ) ;
#2773 = EDGE_LOOP ( 'NONE', ( #5602, #5792, #5736, #5775 ) ) ;
#2774 = DIRECTION ( 'NONE',  ( 1.000000000000000000, 9.308272310119528700E-015, 0.0000000000000000000 ) ) ;
#2775 = VERTEX_POINT ( 'NONE', #1498 ) ;
#2776 = CARTESIAN_POINT ( 'NONE',  ( -4.932999999999983000, 7.799999999999930500, -0.08890000000001181700 ) ) ;
#2777 = ORIENTED_EDGE ( 'NONE', *, *, #1867, .F. ) ;
#2778 = ADVANCED_FACE ( 'NONE', ( #3134 ), #2923, .T. ) ;
#2779 = AXIS2_PLACEMENT_3D ( 'NONE', #1941, #1948, #1960 ) ;
#2780 = DIRECTION ( 'NONE',  ( 0.0000000000000000000, 1.000000000000000000, 1.059261469412979400E-030 ) ) ;
#2781 = DIRECTION ( 'NONE',  ( 0.0000000000000000000, -0.0000000000000000000, 1.000000000000000000 ) ) ;
#2782 = DIRECTION ( 'NONE',  ( 1.687264209974689800E-044, -1.396299209680758300E-030, 1.000000000000000000 ) ) ;
#2783 = ORIENTED_EDGE ( 'NONE', *, *, #3590, .T. ) ;
#2784 = ADVANCED_FACE ( 'NONE', ( #3604 ), #2167, .T. ) ;
#2785 = EDGE_CURVE ( 'NONE', #3911, #1913, #1296, .T. ) ;
#2786 = VECTOR ( 'NONE', #15, 1000.000000000000000 ) ;
#2787 = ORIENTED_EDGE ( 'NONE', *, *, #4890, .T. ) ;
#2788 = CARTESIAN_POINT ( 'NONE',  ( 2.810000000000026700, -3.149999999999989700, -5.990000000000000200 ) ) ;
#2789 = DIRECTION ( 'NONE',  ( -4.498982165467396500E-032, 1.059261469412979400E-030, -1.000000000000000000 ) ) ;
#2790 = CARTESIAN_POINT ( 'NONE',  ( -0.3200000000000450800, 8.199999999999978000, -2.809999999999988500 ) ) ;
#2791 = CARTESIAN_POINT ( 'NONE',  ( -5.460000000000108300, -0.3000000000000221900, -7.299999999999936800 ) ) ;
#2792 = EDGE_CURVE ( 'NONE', #4764, #3784, #3122, .T. ) ;
#2793 = CARTESIAN_POINT ( 'NONE',  ( -0.2699999999999449500, -3.150000000000018100, -5.990000000000000200 ) ) ;
#2794 = VECTOR ( 'NONE', #4189, 1000.000000000000000 ) ;
#2795 = VERTEX_POINT ( 'NONE', #5223 ) ;
#2796 = DIRECTION ( 'NONE',  ( 1.224606353822354600E-016, 2.449212707644755500E-016, 1.000000000000000000 ) ) ;
#2797 = VECTOR ( 'NONE', #3939, 1000.000000000000000 ) ;
#2798 = ORIENTED_EDGE ( 'NONE', *, *, #3354, .F. ) ;
#2799 = ADVANCED_FACE ( 'NONE', ( #2050 ), #3612, .T. ) ;
#2800 = VECTOR ( 'NONE', #5089, 1000.000000000000000 ) ;
#2801 = ORIENTED_EDGE ( 'NONE', *, *, #2459, .T. ) ;
#2802 = CARTESIAN_POINT ( 'NONE',  ( 5.409999999999858000, 8.200000000000036600, -8.799999999999956300 ) ) ;
#2803 = CARTESIAN_POINT ( 'NONE',  ( 0.3757359312881319300, -0.2999999999999063400, -2.251471862576131900 ) ) ;
#2804 = CARTESIAN_POINT ( 'NONE',  ( 5.909999999999914000, 8.200000000000040100, -8.799999999999958100 ) ) ;
#2805 = PLANE ( 'NONE',  #840 ) ;
#2806 = EDGE_CURVE ( 'NONE', #1073, #2795, #3966, .T. ) ;
#2807 = VECTOR ( 'NONE', #4786, 1000.000000000000000 ) ;
#2808 = ORIENTED_EDGE ( 'NONE', *, *, #2346, .F. ) ;
#2809 = ORIENTED_EDGE ( 'NONE', *, *, #2724, .T. ) ;
#2810 = AXIS2_PLACEMENT_3D ( 'NONE', #1529, #1558, #1565 ) ;
#2811 = AXIS2_PLACEMENT_3D ( 'NONE', #4499, #2829, #5112 ) ;
#2812 = DIRECTION ( 'NONE',  ( 0.0000000000000000000, -1.000000000000000000, 2.449212707644755500E-016 ) ) ;
#2813 = VECTOR ( 'NONE', #2720, 1000.000000000000000 ) ;
#2814 = LINE ( 'NONE', #2468, #2838 ) ;
#2815 = EDGE_CURVE ( 'NONE', #3598, #4706, #293, .T. ) ;
#2816 = CARTESIAN_POINT ( 'NONE',  ( -1.919999999999910000, -3.664557343775764900E-014, -2.509999999999962000 ) ) ;
#2817 = ORIENTED_EDGE ( 'NONE', *, *, #3525, .F. ) ;
#2818 = DIRECTION ( 'NONE',  ( 0.3162277660168932300, 0.9486832980504954500, 0.0000000000000000000 ) ) ;
#2819 = ADVANCED_FACE ( 'NONE', ( #4350 ), #3107, .T. ) ;
#2820 = VECTOR ( 'NONE', #2443, 1000.000000000000000 ) ;
#2821 = FACE_OUTER_BOUND ( 'NONE', #2136, .T. ) ;
#2822 = DIRECTION ( 'NONE',  ( -1.000000000000000000, -4.765598459455782000E-062, 4.498982165467396500E-032 ) ) ;
#2823 = CC_DESIGN_APPROVAL ( #2486, ( #1542 ) ) ;
#2824 = ORIENTED_EDGE ( 'NONE', *, *, #5290, .T. ) ;
#2825 = DIRECTION ( 'NONE',  ( -9.308272310119528700E-015, 1.000000000000000000, -0.0000000000000000000 ) ) ;
#2826 = CARTESIAN_POINT ( 'NONE',  ( -0.4999999999999246700, -0.1757359312882111600, -2.499999999999975600 ) ) ;
#2827 = DIRECTION ( 'NONE',  ( 1.000000000000000000, 9.308272310119528700E-015, 0.0000000000000000000 ) ) ;
#2828 = EDGE_LOOP ( 'NONE', ( #1256, #3547, #860, #3002 ) ) ;
#2829 = DIRECTION ( 'NONE',  ( 2.827357798649741400E-015, -0.3162277660168416000, -0.9486832980505126600 ) ) ;
#2830 = AXIS2_PLACEMENT_3D ( 'NONE', #1429, #1475, #1482 ) ;
#2831 = ORIENTED_EDGE ( 'NONE', *, *, #4646, .F. ) ;
#2832 = VERTEX_POINT ( 'NONE', #5020 ) ;
#2833 = ADVANCED_FACE ( 'NONE', ( #5692 ), #648, .T. ) ;
#2834 = VERTEX_POINT ( 'NONE', #3960 ) ;
#2835 = PLANE ( 'NONE',  #3789 ) ;
#2836 = EDGE_CURVE ( 'NONE', #4194, #5440, #4611, .T. ) ;
#2837 = LINE ( 'NONE', #1950, #5400 ) ;
#2838 = VECTOR ( 'NONE', #2492, 1000.000000000000000 ) ;
#2839 = VERTEX_POINT ( 'NONE', #3429 ) ;
#2840 = DIRECTION ( 'NONE',  ( 1.000000000000000000, 9.308272310119528700E-015, 0.0000000000000000000 ) ) ;
#2841 = DIRECTION ( 'NONE',  ( 0.9486832980504954500, -0.3162277660168932300, 1.936272657596506200E-016 ) ) ;
#2842 = ORIENTED_EDGE ( 'NONE', *, *, #3917, .T. ) ;
#2843 = PLANE ( 'NONE',  #3453 ) ;
#2844 = LINE ( 'NONE', #1065, #2372 ) ;
#2845 = CARTESIAN_POINT ( 'NONE',  ( -3.159999999999924200, -4.285699821409579300E-014, -3.749999999999951600 ) ) ;
#2846 = EDGE_CURVE ( 'NONE', #5710, #2795, #5743, .T. ) ;
#2847 = CARTESIAN_POINT ( 'NONE',  ( 49.56650000000012600, 8.800000000000439500, -7.649999999999957700 ) ) ;
#2848 = VERTEX_POINT ( 'NONE', #895 ) ;
#2849 = CARTESIAN_POINT ( 'NONE',  ( -0.3200000000000357600, 7.199999999999976200, -5.989999999999990400 ) ) ;
#2850 = AXIS2_PLACEMENT_3D ( 'NONE', #671, #609, #601 ) ;
#2851 = CARTESIAN_POINT ( 'NONE',  ( 2.319999999999996700, -3.299999999999995400, -5.889999999999977500 ) ) ;
#2852 = VECTOR ( 'NONE', #446, 1000.000000000000000 ) ;
#2853 = ADVANCED_FACE ( 'NONE', ( #5647 ), #4209, .F. ) ;
#2854 = ORIENTED_EDGE ( 'NONE', *, *, #3274, .T. ) ;
#2855 = EDGE_CURVE ( 'NONE', #1467, #2509, #5335, .T. ) ;
#2856 = CARTESIAN_POINT ( 'NONE',  ( -0.3199999999999700300, 0.09999999999998221400, -5.349999999999991700 ) ) ;
#2857 = DIRECTION ( 'NONE',  ( 0.0000000000000000000, 1.000000000000000000, -1.224606353822366900E-016 ) ) ;
#2858 = CARTESIAN_POINT ( 'NONE',  ( 2.760000000000018900, -3.299999999999994500, -3.349999999999985900 ) ) ;
#2859 = ORIENTED_EDGE ( 'NONE', *, *, #4732, .F. ) ;
#2860 = ORIENTED_EDGE ( 'NONE', *, *, #4917, .F. ) ;
#2861 = DIRECTION ( 'NONE',  ( 1.000000000000000000, 9.675654216266433100E-016, -2.902696264879897400E-015 ) ) ;
#2862 = DIRECTION ( 'NONE',  ( 9.308272310119528700E-015, -1.000000000000000000, 2.449212707644743700E-016 ) ) ;
#2863 = ORIENTED_EDGE ( 'NONE', *, *, #822, .T. ) ;
#2864 = ADVANCED_FACE ( 'NONE', ( #4984 ), #779, .T. ) ;
#2865 = APPROVAL_PERSON_ORGANIZATION ( #2872, #1024, #759 ) ;
#2866 = DIRECTION ( 'NONE',  ( -0.3015113445778068700, 0.9045340337332769000, -0.3015113445777624100 ) ) ;
#2867 = PLANE ( 'NONE',  #3538 ) ;
#2868 = DIRECTION ( 'NONE',  ( 0.9486832980504954500, -0.3162277660168932300, 1.936272657596506200E-016 ) ) ;
#2869 = PLANE ( 'NONE',  #34 ) ;
#2870 = VECTOR ( 'NONE', #1579, 1000.000000000000000 ) ;
#2871 = ORIENTED_EDGE ( 'NONE', *, *, #1876, .F. ) ;
#2872 = PERSON_AND_ORGANIZATION ( #3531, #3853 ) ;
#2873 = CARTESIAN_POINT ( 'NONE',  ( 0.6200000000000777100, -1.558190630045759200E-014, -2.509999999999964700 ) ) ;
#2874 = LINE ( 'NONE', #1380, #5761 ) ;
#2875 = ORIENTED_EDGE ( 'NONE', *, *, #3231, .F. ) ;
#2876 = DIRECTION ( 'NONE',  ( 0.3162277660168932300, 0.9486832980504954500, 0.0000000000000000000 ) ) ;
#2877 = CARTESIAN_POINT ( 'NONE',  ( 5.460000000000039000, -4.196424864273700400E-014, -7.299999999999966100 ) ) ;
#2878 = EDGE_LOOP ( 'NONE', ( #3619, #3162, #1194, #5398 ) ) ;
#2879 = LINE ( 'NONE', #3219, #2420 ) ;
#2880 = ORIENTED_EDGE ( 'NONE', *, *, #1575, .T. ) ;
#2881 = PERSON_AND_ORGANIZATION ( #3531, #3853 ) ;
#2882 = DIRECTION ( 'NONE',  ( -0.0000000000000000000, 1.000000000000000000, -2.449212707644755500E-016 ) ) ;
#2883 = CARTESIAN_POINT ( 'NONE',  ( 7.559999999999973900, 6.901523987030420300E-014, -6.049999999999950100 ) ) ;
#2884 = CARTESIAN_POINT ( 'NONE',  ( 0.2700000000000955000, -3.150000000000012300, -3.449999999999971800 ) ) ;
#2885 = ORIENTED_EDGE ( 'NONE', *, *, #2952, .T. ) ;
#2886 = ADVANCED_FACE ( 'NONE', ( #4825 ), #4309, .T. ) ;
#2887 = LINE ( 'NONE', #4330, #4549 ) ;
#2888 = VERTEX_POINT ( 'NONE', #5747 ) ;
#2889 = PLANE ( 'NONE',  #3689 ) ;
#2890 = AXIS2_PLACEMENT_3D ( 'NONE', #3323, #3261, #3256 ) ;
#2891 = CARTESIAN_POINT ( 'NONE',  ( -2.220000000000054400, 7.999999999999963600, -5.990000000000000200 ) ) ;
#2892 = PRODUCT ( '11091, SBH11-_BPC-D03-ST-_ _', '11091, SBH11-_BPC-D03-ST-_ _', '', ( #375 ) ) ;
#2893 = VECTOR ( 'NONE', #2090, 999.9999999999998900 ) ;
#2894 = ORIENTED_EDGE ( 'NONE', *, *, #2181, .F. ) ;
#2895 = FACE_OUTER_BOUND ( 'NONE', #4075, .T. ) ;
#2896 = PLANE ( 'NONE',  #3764 ) ;
#2897 = EDGE_CURVE ( 'NONE', #5208, #206, #5548, .T. ) ;
#2898 = EDGE_CURVE ( 'NONE', #3484, #2101, #4822, .T. ) ;
#2899 = EDGE_CURVE ( 'NONE', #2503, #1931, #5107, .T. ) ;
#2900 = VECTOR ( 'NONE', #3898, 1000.000000000000000 ) ;
#2901 = VERTEX_POINT ( 'NONE', #3381 ) ;
#2902 = AXIS2_PLACEMENT_3D ( 'NONE', #3018, #2989, #5776 ) ;
#2903 = ORIENTED_EDGE ( 'NONE', *, *, #837, .F. ) ;
#2904 = DIRECTION ( 'NONE',  ( 1.169890155844560300E-030, -1.224606353822366900E-016, -1.000000000000000000 ) ) ;
#2905 = PLANE ( 'NONE',  #343 ) ;
#2906 = ADVANCED_FACE ( 'NONE', ( #4607 ), #4485, .T. ) ;
#2907 = CARTESIAN_POINT ( 'NONE',  ( 0.1599999999999913400, 8.149999999999991500, -3.399999999999981700 ) ) ;
#2908 = CARTESIAN_POINT ( 'NONE',  ( -2.219999999999948700, 8.199999999999953100, -2.810000000000002300 ) ) ;
#2909 = EDGE_LOOP ( 'NONE', ( #1911, #3875, #5008, #109 ) ) ;
#2910 = EDGE_CURVE ( 'NONE', #1184, #4224, #4539, .T. ) ;
#2911 = AXIS2_PLACEMENT_3D ( 'NONE', #5313, #5050, #5328 ) ;
#2912 = CARTESIAN_POINT ( 'NONE',  ( 5.409999999999858000, 8.200000000000034800, -8.799999999999958100 ) ) ;
#2913 = CARTESIAN_POINT ( 'NONE',  ( -3.682999999999966500, 5.299999999999938500, -3.189743520042638500E-015 ) ) ;
#2914 = DIRECTION ( 'NONE',  ( -1.000000000000000000, -9.308272310119528700E-015, 1.224606353822377300E-016 ) ) ;
#2915 = DIRECTION ( 'NONE',  ( 9.308272310119528700E-015, -1.000000000000000000, 0.0000000000000000000 ) ) ;
#2916 = VERTEX_POINT ( 'NONE', #3977 ) ;
#2917 = CARTESIAN_POINT ( 'NONE',  ( 7.559999999999893000, 8.800000000000013100, -8.799999999999956300 ) ) ;
#2918 = DATE_AND_TIME ( #3110, #3137 ) ;
#2919 = ORIENTED_EDGE ( 'NONE', *, *, #3059, .T. ) ;
#2920 = DIRECTION ( 'NONE',  ( 1.000000000000000000, 9.308272310119528700E-015, 0.0000000000000000000 ) ) ;
#2921 = LINE ( 'NONE', #1962, #4271 ) ;
#2922 = CARTESIAN_POINT ( 'NONE',  ( -3.682999999999979800, 5.299999999999938500, -0.08890000000001112300 ) ) ;
#2923 = PLANE ( 'NONE',  #1768 ) ;
#2924 = AXIS2_PLACEMENT_3D ( 'NONE', #1306, #1340, #1346 ) ;
#2925 = LINE ( 'NONE', #2579, #4447 ) ;
#2926 = EDGE_LOOP ( 'NONE', ( #708, #1777, #4491, #111 ) ) ;
#2927 = ADVANCED_FACE ( 'NONE', ( #4482 ), #1310, .T. ) ;
#2928 = ORIENTED_EDGE ( 'NONE', *, *, #2106, .F. ) ;
#2929 = CARTESIAN_POINT ( 'NONE',  ( 6.159999999999885600, 5.553511227115490500E-014, -1.499999999999972700 ) ) ;
#2930 = VECTOR ( 'NONE', #5443, 1000.000000000000000 ) ;
#2931 = CARTESIAN_POINT ( 'NONE',  ( -6.459999999999970700, 2.399999999999917800, -2.749999999999967600 ) ) ;
#2932 = LINE ( 'NONE', #2542, #2660 ) ;
#2933 = EDGE_CURVE ( 'NONE', #1669, #5075, #4475, .T. ) ;
#2934 = VERTEX_POINT ( 'NONE', #4536 ) ;
#2935 = DIRECTION ( 'NONE',  ( 0.0000000000000000000, 1.000000000000000000, -2.449212707644743700E-016 ) ) ;
#2936 = DIRECTION ( 'NONE',  ( 1.224606353822377300E-016, 1.139896941408127200E-030, 1.000000000000000000 ) ) ;
#2937 = B_SPLINE_CURVE_WITH_KNOTS ( 'NONE', 3,
 ( #5323, #5329, #5294, #5283, #5267, #5250, #5243, #5229, #5210, #5201, #5191, #5187, #5180, #5173, #5170, #5158, #5148, #5126 ),
 .UNSPECIFIED., .F., .F.,
 ( 4, 2, 2, 2, 2, 2, 2, 2, 4 ),
 ( 0.0000000000000000000, 0.2500000000000047200, 0.2812500000000044400, 0.3125000000000041100, 0.3750000000000034400, 0.4375000000000028300, 0.5000000000000021100, 0.7500000000000010000, 1.000000000000000000 ),
 .UNSPECIFIED. ) ;
#2938 = ORIENTED_EDGE ( 'NONE', *, *, #2242, .T. ) ;
#2939 = DIRECTION ( 'NONE',  ( -3.059710517561310000E-015, 0.3162277660168419900, -0.9486832980505125500 ) ) ;
#2940 = DIRECTION ( 'NONE',  ( 1.836909530733639600E-016, 6.123031769113701900E-017, 1.000000000000000000 ) ) ;
#2941 = EDGE_CURVE ( 'NONE', #1148, #356, #4602, .T. ) ;
#2942 = ADVANCED_FACE ( 'NONE', ( #4229 ), #737, .T. ) ;
#2943 = EDGE_CURVE ( 'NONE', #2305, #5208, #4116, .T. ) ;
#2944 = CARTESIAN_POINT ( 'NONE',  ( 50.71649999999998900, 8.800000000000450100, -0.6499999999999284100 ) ) ;
#2945 = DIRECTION ( 'NONE',  ( 0.0000000000000000000, 0.9486832980505124400, 0.3162277660168419400 ) ) ;
#2946 = AXIS2_PLACEMENT_3D ( 'NONE', #3826, #529, #3656 ) ;
#2947 = CARTESIAN_POINT ( 'NONE',  ( 2.859999999999969200, 2.400000000000001200, -5.349999999999984500 ) ) ;
#2948 = VERTEX_POINT ( 'NONE', #2650 ) ;
#2949 = DIRECTION ( 'NONE',  ( -9.308272310119528700E-015, 1.000000000000000000, -0.0000000000000000000 ) ) ;
#2950 = EDGE_LOOP ( 'NONE', ( #4040, #1786, #4195, #1495 ) ) ;
#2951 = CARTESIAN_POINT ( 'NONE',  ( -0.6199999999999920000, -1.659780572290520500E-014, -3.749999999999966200 ) ) ;
#2952 = EDGE_CURVE ( 'NONE', #2832, #3864, #4421, .T. ) ;
#2953 = CC_DESIGN_DATE_AND_TIME_ASSIGNMENT ( #1849, #460, ( #2289 ) ) ;
#2954 = AXIS2_PLACEMENT_3D ( 'NONE', #406, #1884, #1879 ) ;
#2955 = DIRECTION ( 'NONE',  ( -1.000000000000000000, -9.308272310119528700E-015, -0.0000000000000000000 ) ) ;
#2956 = VECTOR ( 'NONE', #5584, 1000.000000000000000 ) ;
#2957 = ORIENTED_EDGE ( 'NONE', *, *, #429, .T. ) ;
#2958 = CARTESIAN_POINT ( 'NONE',  ( -2.320000000000047400, 8.299999999999959900, -5.509999999999996200 ) ) ;
#2959 = ADVANCED_FACE ( 'NONE', ( #4472 ), #3808, .T. ) ;
#2960 = DIRECTION ( 'NONE',  ( -0.9486832980505220900, 0.3162277660168129600, 3.872545315193255700E-017 ) ) ;
#2961 = EDGE_CURVE ( 'NONE', #511, #3598, #3910, .T. ) ;
#2962 = DIRECTION ( 'NONE',  ( 1.224606353822377300E-016, 1.139896941408127200E-030, 1.000000000000000000 ) ) ;
#2963 = ORIENTED_EDGE ( 'NONE', *, *, #5347, .F. ) ;
#2964 = LINE ( 'NONE', #4239, #4294 ) ;
#2965 = ORIENTED_EDGE ( 'NONE', *, *, #2448, .F. ) ;
#2966 = CARTESIAN_POINT ( 'NONE',  ( 0.5000000000000287500, -0.1757359312880162600, -2.499999999999975600 ) ) ;
#2967 = DIRECTION ( 'NONE',  ( 0.0000000000000000000, 0.9486832980505124400, 0.3162277660168419400 ) ) ;
#2968 = DIRECTION ( 'NONE',  ( -1.000000000000000000, -9.215718467522044400E-015, 0.0000000000000000000 ) ) ;
#2969 = VECTOR ( 'NONE', #5649, 1000.000000000000000 ) ;
#2970 = ORIENTED_EDGE ( 'NONE', *, *, #4033, .T. ) ;
#2971 = VECTOR ( 'NONE', #3670, 1000.000000000000000 ) ;
#2972 = ORIENTED_EDGE ( 'NONE', *, *, #5575, .F. ) ;
#2973 = DIRECTION ( 'NONE',  ( 0.0000000000000000000, -1.000000000000000000, 2.449212707644755500E-016 ) ) ;
#2974 = AXIS2_PLACEMENT_3D ( 'NONE', #1324, #1332, #1338 ) ;
#2975 = DIRECTION ( 'NONE',  ( -9.308272310119517600E-015, 1.000000000000000000, -3.673819061467158900E-016 ) ) ;
#2976 = CARTESIAN_POINT ( 'NONE',  ( 5.659999999999937100, -0.3000000000000315200, -7.299999999999966100 ) ) ;
#2977 = ADVANCED_FACE ( 'NONE', ( #3839 ), #1651, .T. ) ;
#2978 = FACE_OUTER_BOUND ( 'NONE', #4985, .T. ) ;
#2979 = ORIENTED_EDGE ( 'NONE', *, *, #4451, .F. ) ;
#2980 = FACE_OUTER_BOUND ( 'NONE', #2075, .T. ) ;
#2981 = DIRECTION ( 'NONE',  ( -9.308272310119528700E-015, 1.000000000000000000, -0.0000000000000000000 ) ) ;
#2982 = DIRECTION ( 'NONE',  ( 1.836909530733536300E-016, 6.123031769111629900E-017, 1.000000000000000000 ) ) ;
#2983 = EDGE_CURVE ( 'NONE', #3144, #620, #3731, .T. ) ;
#2984 = VECTOR ( 'NONE', #3577, 1000.000000000000000 ) ;
#2985 = EDGE_LOOP ( 'NONE', ( #1484, #287, #4779, #4141 ) ) ;
#2986 = CARTESIAN_POINT ( 'NONE',  ( -0.2503806904314051000, -0.5830951894845859400, -8.849999999999948100 ) ) ;
#2987 = ORIENTED_EDGE ( 'NONE', *, *, #5685, .F. ) ;
#2988 = CARTESIAN_POINT ( 'NONE',  ( 21.59000000000013100, 2.002128067073632400E-013, -6.289999999999967200 ) ) ;
#2989 = DIRECTION ( 'NONE',  ( 1.000000000000000000, 9.308272310119528700E-015, 0.0000000000000000000 ) ) ;
#2990 = CIRCLE ( 'NONE', #1610, 0.5000000000000177600 ) ;
#2991 = CARTESIAN_POINT ( 'NONE',  ( 5.460000000000042600, 4.799747139597192900E-014, -1.499999999999972700 ) ) ;
#2992 = ORIENTED_EDGE ( 'NONE', *, *, #5568, .F. ) ;
#2993 = DIRECTION ( 'NONE',  ( -9.308272310119528700E-015, 1.000000000000000000, 0.0000000000000000000 ) ) ;
#2994 = ORIENTED_EDGE ( 'NONE', *, *, #658, .T. ) ;
#2995 = ADVANCED_FACE ( 'NONE', ( #3616 ), #5608, .T. ) ;
#2996 = AXIS2_PLACEMENT_3D ( 'NONE', #1176, #1181, #1182 ) ;
#2997 = ORIENTED_EDGE ( 'NONE', *, *, #1514, .F. ) ;
#2998 = DIRECTION ( 'NONE',  ( 1.000000000000000000, -2.999321443644220700E-032, -1.224606353822354600E-016 ) ) ;
#2999 = APPROVAL_ROLE ( '' ) ;
#3000 = DIRECTION ( 'NONE',  ( 2.470351093063258200E-029, -2.535786251118052600E-015, -1.000000000000000000 ) ) ;
#3001 = ORIENTED_EDGE ( 'NONE', *, *, #3274, .F. ) ;
#3002 = ORIENTED_EDGE ( 'NONE', *, *, #5360, .T. ) ;
#3003 = EDGE_CURVE ( 'NONE', #4708, #5146, #4010, .T. ) ;
#3004 = CARTESIAN_POINT ( 'NONE',  ( 2.859999999999943500, 2.400000000000003500, -3.449999999999977500 ) ) ;
#3005 = ORIENTED_EDGE ( 'NONE', *, *, #4415, .F. ) ;
#3006 = DIRECTION ( 'NONE',  ( 0.0000000000000000000, 1.000000000000000000, -2.891205793294617500E-015 ) ) ;
#3007 = VECTOR ( 'NONE', #2291, 1000.000000000000000 ) ;
#3008 = PLANE ( 'NONE',  #3642 ) ;
#3009 = VERTEX_POINT ( 'NONE', #985 ) ;
#3010 = VECTOR ( 'NONE', #4988, 1000.000000000000000 ) ;
#3011 = ADVANCED_FACE ( 'NONE', ( #3551 ), #1189, .T. ) ;
#3012 = CARTESIAN_POINT ( 'NONE',  ( 2.219999999999887000, 8.200000000000001100, -2.809999999999995200 ) ) ;
#3013 = ORIENTED_EDGE ( 'NONE', *, *, #2815, .F. ) ;
#3014 = CARTESIAN_POINT ( 'NONE',  ( 0.5000000000000292000, -0.1757359312880180400, -1.500000000000021800 ) ) ;
#3015 = DIRECTION ( 'NONE',  ( -1.000000000000000000, -9.308272310119528700E-015, 0.0000000000000000000 ) ) ;
#3016 = DIRECTION ( 'NONE',  ( -0.0000000000000000000, 0.0000000000000000000, -1.000000000000000000 ) ) ;
#3017 = ORIENTED_EDGE ( 'NONE', *, *, #3559, .T. ) ;
#3018 = CARTESIAN_POINT ( 'NONE',  ( 1.270000000000042400, -3.300103077641226800, -9.467934338834895800 ) ) ;
#3019 = DIRECTION ( 'NONE',  ( 9.308272310119528700E-015, -1.000000000000000000, 0.0000000000000000000 ) ) ;
#3020 = EDGE_CURVE ( 'NONE', #4640, #1544, #3613, .T. ) ;
#3021 = ORIENTED_EDGE ( 'NONE', *, *, #2933, .F. ) ;
#3022 = ORIENTED_EDGE ( 'NONE', *, *, #1099, .T. ) ;
#3023 = VECTOR ( 'NONE', #5031, 1000.000000000000000 ) ;
#3024 = CARTESIAN_POINT ( 'NONE',  ( -0.5000000000000378600, -1.910223405526972200E-013, -1.500000000000021300 ) ) ;
#3025 = ADVANCED_FACE ( 'NONE', ( #3610 ), #1344, .F. ) ;
#3026 = CARTESIAN_POINT ( 'NONE',  ( 2.269999999999881000, 8.150000000000011000, -3.289999999999982700 ) ) ;
#3027 = ORIENTED_EDGE ( 'NONE', *, *, #2386, .T. ) ;
#3028 = EDGE_CURVE ( 'NONE', #1191, #5740, #3290, .T. ) ;
#3029 = EDGE_CURVE ( 'NONE', #5440, #3199, #3285, .T. ) ;
#3030 = DIRECTION ( 'NONE',  ( -1.224606353822377000E-016, -1.139896941408127000E-030, 1.000000000000000000 ) ) ;
#3031 = PLANE ( 'NONE',  #2902 ) ;
#3032 = DIRECTION ( 'NONE',  ( 0.3162277660168932300, 0.9486832980504954500, 0.0000000000000000000 ) ) ;
#3033 = VERTEX_POINT ( 'NONE', #4856 ) ;
#3034 = DIRECTION ( 'NONE',  ( 1.000000000000000000, 9.308272310119528700E-015, 0.0000000000000000000 ) ) ;
#3035 = EDGE_CURVE ( 'NONE', #3908, #2556, #3265, .T. ) ;
#3036 = DIRECTION ( 'NONE',  ( 0.9486832980504954500, -0.3162277660168932300, -3.872545315190966200E-017 ) ) ;
#3037 = CARTESIAN_POINT ( 'NONE',  ( -2.320000000000048200, 8.299999999999961600, -2.970000000000009100 ) ) ;
#3038 = EDGE_CURVE ( 'NONE', #4221, #744, #3543, .T. ) ;
#3039 = DIRECTION ( 'NONE',  ( -3.059710517561310000E-015, 0.3162277660168419900, -0.9486832980505125500 ) ) ;
#3040 = AXIS2_PLACEMENT_3D ( 'NONE', #1062, #1082, #1090 ) ;
#3041 = ADVANCED_FACE ( 'NONE', ( #2636 ), #928, .T. ) ;
#3042 = FACE_OUTER_BOUND ( 'NONE', #5733, .T. ) ;
#3043 = ORIENTED_EDGE ( 'NONE', *, *, #3213, .F. ) ;
#3044 = PLANE ( 'NONE',  #1354 ) ;
#3045 = VECTOR ( 'NONE', #4444, 1000.000000000000000 ) ;
#3046 = ORIENTED_EDGE ( 'NONE', *, *, #2615, .F. ) ;
#3047 = ORIENTED_EDGE ( 'NONE', *, *, #4193, .F. ) ;
#3048 = DIRECTION ( 'NONE',  ( -0.3162277660168129600, -0.9486832980505220900, 0.0000000000000000000 ) ) ;
#3049 = EDGE_CURVE ( 'NONE', #1946, #4615, #2712, .T. ) ;
#3050 = ORIENTED_EDGE ( 'NONE', *, *, #2836, .T. ) ;
#3051 = DIRECTION ( 'NONE',  ( 9.308272310119528700E-015, -1.000000000000000000, 3.673819061467120900E-016 ) ) ;
#3052 = CIRCLE ( 'NONE', #980, 0.2500000000000279800 ) ;
#3053 = ORIENTED_EDGE ( 'NONE', *, *, #121, .T. ) ;
#3054 = CARTESIAN_POINT ( 'NONE',  ( 2.374222763241963200E-014, -0.5830951894845838300, -9.099999710149399200 ) ) ;
#3055 = ADVANCED_FACE ( 'NONE', ( #2978 ), #3333, .T. ) ;
#3056 = DIRECTION ( 'NONE',  ( 1.224606353822354600E-016, 2.449212707644755500E-016, 1.000000000000000000 ) ) ;
#3057 = VECTOR ( 'NONE', #1796, 1000.000000000000000 ) ;
#3058 = VERTEX_POINT ( 'NONE', #2947 ) ;
#3059 = EDGE_CURVE ( 'NONE', #1913, #5472, #2356, .T. ) ;
#3060 = FACE_OUTER_BOUND ( 'NONE', #5412, .T. ) ;
#3061 = ORIENTED_EDGE ( 'NONE', *, *, #5340, .T. ) ;
#3062 = DIRECTION ( 'NONE',  ( -3.673819061465360800E-017, 1.224606353822024600E-017, -1.000000000000000000 ) ) ;
#3063 = VECTOR ( 'NONE', #1901, 1000.000000000000000 ) ;
#3064 = VERTEX_POINT ( 'NONE', #4179 ) ;
#3065 = ORIENTED_EDGE ( 'NONE', *, *, #2373, .T. ) ;
#3066 = EDGE_CURVE ( 'NONE', #1073, #987, #2490, .T. ) ;
#3067 = CARTESIAN_POINT ( 'NONE',  ( -2.860000000000031900, 8.199999999999953100, -3.449999999999990000 ) ) ;
#3068 = DIRECTION ( 'NONE',  ( 0.9486832980505162100, 0.3162277660168306100, -1.936272657596343000E-016 ) ) ;
#3069 = FACE_OUTER_BOUND ( 'NONE', #3105, .T. ) ;
#3070 = AXIS2_PLACEMENT_3D ( 'NONE', #2098, #5729, #824 ) ;
#3071 = ADVANCED_FACE ( 'NONE', ( #2329 ), #2127, .T. ) ;
#3072 = ORIENTED_EDGE ( 'NONE', *, *, #227, .T. ) ;
#3073 = DIRECTION ( 'NONE',  ( 1.000000000000000000, -2.999321443644220700E-032, -1.224606353822354600E-016 ) ) ;
#3074 = CARTESIAN_POINT ( 'NONE',  ( -2.319999999999956300, -3.300000000000036200, -5.670000000000013300 ) ) ;
#3075 = CARTESIAN_POINT ( 'NONE',  ( -2.269999999999946700, -3.150000000000035400, -3.130000000000012300 ) ) ;
#3076 = EDGE_CURVE ( 'NONE', #3144, #4158, #2282, .T. ) ;
#3077 = VECTOR ( 'NONE', #2605, 1000.000000000000000 ) ;
#3078 = CARTESIAN_POINT ( 'NONE',  ( 5.659999999999963700, -0.2999999999999564100, -1.499999999999971800 ) ) ;
#3079 = EDGE_CURVE ( 'NONE', #3235, #1887, #2256, .T. ) ;
#3080 = EDGE_CURVE ( 'NONE', #1637, #4810, #2118, .T. ) ;
#3081 = ORIENTED_EDGE ( 'NONE', *, *, #2447, .T. ) ;
#3082 = CARTESIAN_POINT ( 'NONE',  ( -2.219999999999953600, -3.000000000000044400, -2.810000000000002300 ) ) ;
#3083 = VECTOR ( 'NONE', #5140, 1000.000000000000000 ) ;
#3084 = EDGE_LOOP ( 'NONE', ( #691, #2783, #4496, #2970 ) ) ;
#3085 = DIRECTION ( 'NONE',  ( 9.308272310119528700E-015, -1.000000000000000000, 0.0000000000000000000 ) ) ;
#3086 = AXIS2_PLACEMENT_3D ( 'NONE', #1957, #1878, #1912 ) ;
#3087 = DIRECTION ( 'NONE',  ( -9.741953179113801400E-015, 1.000000000000000000, -2.535786251118052600E-015 ) ) ;
#3088 = VECTOR ( 'NONE', #170, 1000.000000000000000 ) ;
#3089 = VERTEX_POINT ( 'NONE', #683 ) ;
#3090 = AXIS2_PLACEMENT_3D ( 'NONE', #852, #888, #818 ) ;
#3091 = LINE ( 'NONE', #5116, #3690 ) ;
#3092 = LINE ( 'NONE', #2633, #3077 ) ;
#3093 = ADVANCED_FACE ( 'NONE', ( #2042 ), #545, .T. ) ;
#3094 = ORIENTED_EDGE ( 'NONE', *, *, #1331, .T. ) ;
#3095 = DIRECTION ( 'NONE',  ( -1.000000000000000000, -9.757819552764847600E-015, 0.0000000000000000000 ) ) ;
#3096 = ORIENTED_EDGE ( 'NONE', *, *, #3723, .T. ) ;
#3097 = EDGE_CURVE ( 'NONE', #621, #1254, #1972, .T. ) ;
#3098 = CARTESIAN_POINT ( 'NONE',  ( 2.249999999999881900, 11.84999999999995700, -1.149999999999977900 ) ) ;
#3099 = AXIS2_PLACEMENT_3D ( 'NONE', #934, #938, #952 ) ;
#3100 = ORIENTED_EDGE ( 'NONE', *, *, #3506, .F. ) ;
#3101 = VECTOR ( 'NONE', #5625, 1000.000000000000000 ) ;
#3102 = CARTESIAN_POINT ( 'NONE',  ( 6.233499999999910600, 5.666781665093008000E-014, -2.749999999999966700 ) ) ;
#3103 = LINE ( 'NONE', #1187, #472 ) ;
#3104 = DIRECTION ( 'NONE',  ( 0.0000000000000000000, -0.9486832980505126600, -0.3162277660168410500 ) ) ;
#3105 = EDGE_LOOP ( 'NONE', ( #401, #284, #192, #2875 ) ) ;
#3106 = CARTESIAN_POINT ( 'NONE',  ( -2.760000000000043800, 8.299999999999956300, -3.349999999999997900 ) ) ;
#3107 = PLANE ( 'NONE',  #3653 ) ;
#3108 = AXIS2_PLACEMENT_3D ( 'NONE', #3341, #3447, #3331 ) ;
#3109 = ORIENTED_EDGE ( 'NONE', *, *, #2670, .T. ) ;
#3110 = CALENDAR_DATE ( 2015, 31, 8 ) ;
#3111 = CARTESIAN_POINT ( 'NONE',  ( -0.3199999999999524900, -3.000000000000026600, -5.349999999999993400 ) ) ;
#3112 = ADVANCED_FACE ( 'NONE', ( #2133 ), #844, .T. ) ;
#3113 = CARTESIAN_POINT ( 'NONE',  ( -1.145552149074933000E-013, 8.299999999999982900, -3.129999999999989200 ) ) ;
#3114 = FACE_OUTER_BOUND ( 'NONE', #3629, .T. ) ;
#3115 = VERTEX_POINT ( 'NONE', #4379 ) ;
#3116 = PLANE ( 'NONE',  #2108 ) ;
#3117 = DIRECTION ( 'NONE',  ( 9.874671134872346600E-048, -1.000000000000000000, 8.063547199514710600E-032 ) ) ;
#3118 = CARTESIAN_POINT ( 'NONE',  ( -5.806347325957184800E-014, 8.199999999999967300, -9.099999710149402800 ) ) ;
#3119 = CARTESIAN_POINT ( 'NONE',  ( 0.3200000000000914300, -3.300000000000015800, -3.449999999999971800 ) ) ;
#3120 = CARTESIAN_POINT ( 'NONE',  ( 1.269999999999992500, 2.049999999999995400, 2.093091054210933400E-014 ) ) ;
#3121 = ADVANCED_FACE ( 'NONE', ( #1684 ), #2211, .T. ) ;
#3122 = LINE ( 'NONE', #4514, #4967 ) ;
#3123 = ORIENTED_EDGE ( 'NONE', *, *, #2361, .T. ) ;
#3124 = DIRECTION ( 'NONE',  ( 0.3015113445777697400, 0.9045340337332884500, 0.3015113445777645700 ) ) ;
#3125 = CARTESIAN_POINT ( 'NONE',  ( -2.860000000000022500, -3.000000000000052800, -5.349999999999999600 ) ) ;
#3126 = CARTESIAN_POINT ( 'NONE',  ( 2.319999999999907000, 8.300000000000007800, -2.909999999999995700 ) ) ;
#3127 = CARTESIAN_POINT ( 'NONE',  ( 0.2000000000001099500, -0.2999999999999417000, -1.500000000000022000 ) ) ;
#3128 = AXIS2_PLACEMENT_3D ( 'NONE', #830, #843, #851 ) ;
#3129 = LINE ( 'NONE', #3561, #5486 ) ;
#3130 = ORIENTED_EDGE ( 'NONE', *, *, #4033, .F. ) ;
#3131 = LINE ( 'NONE', #2179, #783 ) ;
#3132 = EDGE_LOOP ( 'NONE', ( #765, #3930, #4084, #2018, #4588, #5054, #3345, #5557 ) ) ;
#3133 = DIRECTION ( 'NONE',  ( 1.836909530733536300E-016, 6.123031769111629900E-017, 1.000000000000000000 ) ) ;
#3134 = FACE_OUTER_BOUND ( 'NONE', #4996, .T. ) ;
#3135 = ORIENTED_EDGE ( 'NONE', *, *, #5657, .F. ) ;
#3136 = VECTOR ( 'NONE', #3019, 1000.000000000000000 ) ;
#3137 = LOCAL_TIME ( 23, 59, 36.00000000000000000, #3192 ) ;
#3138 = EDGE_CURVE ( 'NONE', #2916, #189, #1820, .T. ) ;
#3139 =( BOUNDED_CURVE ( )  B_SPLINE_CURVE ( 3, ( #5330, #5395, #5354, #5337 ),
 .UNSPECIFIED., .F., .F. ) 
 B_SPLINE_CURVE_WITH_KNOTS ( ( 4, 4 ),
 ( 0.0000000000000000000, 1.000000000000000000 ),
 .UNSPECIFIED. ) 
 CURVE ( )  GEOMETRIC_REPRESENTATION_ITEM ( )  RATIONAL_B_SPLINE_CURVE ( ( 1.000000000000000000, 0.3333333333333333700, 0.3333333333333333700, 1.000000000000000000 ) ) 
 REPRESENTATION_ITEM ( '' )  );
#3140 = CARTESIAN_POINT ( 'NONE',  ( -2.860000000000031900, 8.199999999999953100, -3.449999999999990000 ) ) ;
#3141 = CARTESIAN_POINT ( 'NONE',  ( -0.5000000000000377500, -1.892213181138729500E-013, -2.500000000000132800 ) ) ;
#3142 = LINE ( 'NONE', #3406, #932 ) ;
#3143 = DIRECTION ( 'NONE',  ( -0.3015113445778172500, -0.9045340337332740100, 0.3015113445777610200 ) ) ;
#3144 = VERTEX_POINT ( 'NONE', #4094 ) ;
#3145 = DIRECTION ( 'NONE',  ( 3.419690824224402700E-030, -3.673819061467158900E-016, -1.000000000000000000 ) ) ;
#3146 = ORIENTED_EDGE ( 'NONE', *, *, #1200, .F. ) ;
#3147 = EDGE_CURVE ( 'NONE', #2556, #621, #1905, .T. ) ;
#3148 = CARTESIAN_POINT ( 'NONE',  ( 2.859999999999919100, 8.000000000000010700, -5.989999999999986900 ) ) ;
#3149 = EDGE_CURVE ( 'NONE', #2257, #3941, #1847, .T. ) ;
#3150 = ADVANCED_FACE ( 'NONE', ( #1214 ), #5629, .T. ) ;
#3151 = LINE ( 'NONE', #2333, #3793 ) ;
#3152 = ORIENTED_EDGE ( 'NONE', *, *, #4261, .F. ) ;
#3153 = DIRECTION ( 'NONE',  ( 0.9486832980505202100, -0.3162277660168188500, 0.0000000000000000000 ) ) ;
#3154 = PLANE ( 'NONE',  #2154 ) ;
#3155 = ORIENTED_EDGE ( 'NONE', *, *, #5466, .T. ) ;
#3156 = EDGE_LOOP ( 'NONE', ( #5249, #5537, #5564, #5596 ) ) ;
#3157 = EDGE_CURVE ( 'NONE', #1030, #2707, #1240, .T. ) ;
#3158 = ADVANCED_FACE ( 'NONE', ( #1074 ), #5458, .T. ) ;
#3159 = VERTEX_POINT ( 'NONE', #5373 ) ;
#3160 = DIRECTION ( 'NONE',  ( 0.0000000000000000000, -1.000000000000000000, 2.449212707644755500E-016 ) ) ;
#3161 = LINE ( 'NONE', #3120, #3216 ) ;
#3162 = ORIENTED_EDGE ( 'NONE', *, *, #5204, .F. ) ;
#3163 = CARTESIAN_POINT ( 'NONE',  ( 0.4699999999999881500, 0.04999999999998579900, -4.874999999999968900 ) ) ;
#3164 = CARTESIAN_POINT ( 'NONE',  ( 50.71649999999998900, 8.800000000000450100, -8.809999999999981000 ) ) ;
#3165 = FACE_OUTER_BOUND ( 'NONE', #933, .T. ) ;
#3166 = LINE ( 'NONE', #4600, #5767 ) ;
#3167 = ORIENTED_EDGE ( 'NONE', *, *, #2198, .T. ) ;
#3168 = ORIENTED_EDGE ( 'NONE', *, *, #2128, .T. ) ;
#3169 = LINE ( 'NONE', #4403, #4032 ) ;
#3170 = CARTESIAN_POINT ( 'NONE',  ( 2.759999999999924700, 8.300000000000009600, -2.909999999999993500 ) ) ;
#3171 = CC_DESIGN_SECURITY_CLASSIFICATION ( #1542, ( #5796 ) ) ;
#3172 = CARTESIAN_POINT ( 'NONE',  ( -2.220000000000029900, 2.399999999999955900, -3.449999999999988200 ) ) ;
#3173 = PLANE ( 'NONE',  #2763 ) ;
#3174 = VERTEX_POINT ( 'NONE', #5142 ) ;
#3175 = AXIS2_PLACEMENT_3D ( 'NONE', #716, #732, #747 ) ;
#3176 = DIRECTION ( 'NONE',  ( -1.000000000000000000, -9.308272310119517600E-015, -3.962290158815415600E-045 ) ) ;
#3177 = ADVANCED_FACE ( 'NONE', ( #1147 ), #5439, .T. ) ;
#3178 = DIRECTION ( 'NONE',  ( -1.224606353822376800E-016, -1.139896941408126800E-030, -1.000000000000000000 ) ) ;
#3179 = VERTEX_POINT ( 'NONE', #5001 ) ;
#3180 = DIRECTION ( 'NONE',  ( -0.3015113445777316500, -0.9045340337332994400, 0.3015113445777695700 ) ) ;
#3181 = DIRECTION ( 'NONE',  ( 1.000000000000000000, 9.308272310119528700E-015, 0.0000000000000000000 ) ) ;
#3182 = EDGE_CURVE ( 'NONE', #1564, #1247, #941, .T. ) ;
#3183 = CARTESIAN_POINT ( 'NONE',  ( 5.659999999999934400, -4.010259418071407400E-014, -7.299999999999966100 ) ) ;
#3184 = EDGE_CURVE ( 'NONE', #1835, #2934, #848, .T. ) ;
#3185 = VERTEX_POINT ( 'NONE', #4819 ) ;
#3186 = ADVANCED_FACE ( 'NONE', ( #1083 ), #4573, .T. ) ;
#3187 = DATE_AND_TIME ( #74, #242 ) ;
#3188 = DIRECTION ( 'NONE',  ( 9.308272310119528700E-015, -1.000000000000000000, -1.059261469412979700E-030 ) ) ;
#3189 = DIRECTION ( 'NONE',  ( -0.3162277660168188500, -0.9486832980505202100, -3.872545315192725700E-017 ) ) ;
#3190 = ORIENTED_EDGE ( 'NONE', *, *, #2319, .T. ) ;
#3191 = EDGE_CURVE ( 'NONE', #4221, #858, #776, .T. ) ;
#3192 = COORDINATED_UNIVERSAL_TIME_OFFSET ( 8, 0, .BEHIND. ) ;
#3193 = ADVANCED_FACE ( 'NONE', ( #510 ), #4609, .T. ) ;
#3194 = AXIS2_PLACEMENT_3D ( 'NONE', #575, #568, #597 ) ;
#3195 = VECTOR ( 'NONE', #1076, 999.9999999999998900 ) ;
#3196 = ORIENTED_EDGE ( 'NONE', *, *, #5514, .F. ) ;
#3197 = DIRECTION ( 'NONE',  ( -1.000000000000000000, -9.308272310119528700E-015, -0.0000000000000000000 ) ) ;
#3198 = LINE ( 'NONE', #1436, #2157 ) ;
#3199 = VERTEX_POINT ( 'NONE', #4212 ) ;
#3200 = VECTOR ( 'NONE', #4329, 1000.000000000000100 ) ;
#3201 = VERTEX_POINT ( 'NONE', #3897 ) ;
#3202 = CARTESIAN_POINT ( 'NONE',  ( 0.5000000000000738300, 3.901343686941902300E-015, -1.500000000000021300 ) ) ;
#3203 = CALENDAR_DATE ( 2015, 31, 8 ) ;
#3204 = DIRECTION ( 'NONE',  ( -9.308272310119528700E-015, 1.000000000000000000, 0.0000000000000000000 ) ) ;
#3205 = DIRECTION ( 'NONE',  ( 1.000000000000000000, 9.308272310119528700E-015, 0.0000000000000000000 ) ) ;
#3206 = AXIS2_PLACEMENT_3D ( 'NONE', #4596, #4497, #4471 ) ;
#3207 = CARTESIAN_POINT ( 'NONE',  ( -0.3200000000000357600, 7.199999999999976200, -5.349999999999988100 ) ) ;
#3208 = VECTOR ( 'NONE', #3073, 1000.000000000000000 ) ;
#3209 = ORIENTED_EDGE ( 'NONE', *, *, #4433, .T. ) ;
#3210 = ADVANCED_FACE ( 'NONE', ( #435 ), #3835, .T. ) ;
#3211 = EDGE_LOOP ( 'NONE', ( #2119, #3752, #3958, #3022 ) ) ;
#3212 = CARTESIAN_POINT ( 'NONE',  ( 0.2199999999999581200, 8.299999999999991800, -5.889999999999983700 ) ) ;
#3213 = EDGE_CURVE ( 'NONE', #1913, #4640, #430, .T. ) ;
#3214 = DIRECTION ( 'NONE',  ( 0.0000000000000000000, 1.000000000000000000, 0.0000000000000000000 ) ) ;
#3215 = AXIS2_PLACEMENT_3D ( 'NONE', #808, #809, #823 ) ;
#3216 = VECTOR ( 'NONE', #2771, 1000.000000000000000 ) ;
#3217 = VERTEX_POINT ( 'NONE', #3733 ) ;
#3218 = ADVANCED_FACE ( 'NONE', ( #794 ), #3799, .T. ) ;
#3219 = CARTESIAN_POINT ( 'NONE',  ( 2.859999999999915500, 8.200000000000008200, -3.449999999999979300 ) ) ;
#3220 = CARTESIAN_POINT ( 'NONE',  ( 2.249999999999910300, 8.800000000000002500, 0.6280000000000217600 ) ) ;
#3221 = VECTOR ( 'NONE', #1658, 1000.000000000000000 ) ;
#3222 = ORIENTED_EDGE ( 'NONE', *, *, #4307, .T. ) ;
#3223 = EDGE_CURVE ( 'NONE', #4052, #4516, #85, .T. ) ;
#3224 = CARTESIAN_POINT ( 'NONE',  ( -2.860000000000022500, 7.199999999999953100, -5.350000000000002300 ) ) ;
#3225 = ORIENTED_EDGE ( 'NONE', *, *, #67, .F. ) ;
#3226 = CARTESIAN_POINT ( 'NONE',  ( 6.233499999999909700, 5.727032297701066600E-014, -4.409999999999975300 ) ) ;
#3227 = ADVANCED_FACE ( 'NONE', ( #1157 ), #4595, .T. ) ;
#3228 = ORIENTED_EDGE ( 'NONE', *, *, #5125, .T. ) ;
#3229 = DIRECTION ( 'NONE',  ( 0.0000000000000000000, 1.000000000000000000, 1.059261469412979400E-030 ) ) ;
#3230 = CARTESIAN_POINT ( 'NONE',  ( -2.319999999999950100, -3.300000000000038900, -2.910000000000021500 ) ) ;
#3231 = EDGE_CURVE ( 'NONE', #5677, #4308, #4904, .T. ) ;
#3232 = CARTESIAN_POINT ( 'NONE',  ( 0.3199999999999936800, 7.199999999999982400, -5.989999999999978900 ) ) ;
#3233 = EDGE_LOOP ( 'NONE', ( #2357, #2094, #5815, #5470 ) ) ;
#3234 = AXIS2_PLACEMENT_3D ( 'NONE', #451, #3420, #3418 ) ;
#3235 = VERTEX_POINT ( 'NONE', #1450 ) ;
#3236 = VECTOR ( 'NONE', #1077, 1000.000000000000000 ) ;
#3237 = ORIENTED_EDGE ( 'NONE', *, *, #4391, .F. ) ;
#3238 = EDGE_CURVE ( 'NONE', #1022, #61, #345, .T. ) ;
#3239 = LINE ( 'NONE', #252, #1309 ) ;
#3240 = CARTESIAN_POINT ( 'NONE',  ( 0.2000000000001095300, -0.2999999999999378700, -7.299999999999964300 ) ) ;
#3241 = DIRECTION ( 'NONE',  ( -1.000000000000000000, -9.308272310119528700E-015, 1.224606353822377300E-016 ) ) ;
#3242 = ADVANCED_FACE ( 'NONE', ( #2721 ), #3986, .T. ) ;
#3243 = ORIENTED_EDGE ( 'NONE', *, *, #370, .F. ) ;
#3244 = LINE ( 'NONE', #2403, #2453 ) ;
#3245 = PLANE ( 'NONE',  #2405 ) ;
#3246 = VECTOR ( 'NONE', #4908, 1000.000000000000100 ) ;
#3247 = ORIENTED_EDGE ( 'NONE', *, *, #1156, .T. ) ;
#3248 = DIRECTION ( 'NONE',  ( -9.308272310119517600E-015, 1.000000000000000000, -3.673819061467158900E-016 ) ) ;
#3249 = ORIENTED_EDGE ( 'NONE', *, *, #3763, .T. ) ;
#3250 = CARTESIAN_POINT ( 'NONE',  ( 7.559999999999973900, 7.123422658343032900E-014, 1.017286569652414700E-014 ) ) ;
#3251 = ADVANCED_FACE ( 'NONE', ( #936 ), #278, .T. ) ;
#3252 = CARTESIAN_POINT ( 'NONE',  ( -0.3199999999999484900, -3.000000000000030200, -3.449999999999980600 ) ) ;
#3253 = DIRECTION ( 'NONE',  ( 0.0000000000000000000, 1.000000000000000000, -2.449212707644743700E-016 ) ) ;
#3254 = ORIENTED_EDGE ( 'NONE', *, *, #2410, .T. ) ;
#3255 = CARTESIAN_POINT ( 'NONE',  ( -0.3200000000000482500, 7.999999999999981300, -2.809999999999990700 ) ) ;
#3256 = DIRECTION ( 'NONE',  ( 1.000000000000000000, 9.308272310119528700E-015, 0.0000000000000000000 ) ) ;
#3257 = AXIS2_PLACEMENT_3D ( 'NONE', #2064, #2079, #2114 ) ;
#3258 = ORIENTED_EDGE ( 'NONE', *, *, #3820, .F. ) ;
#3259 = DIRECTION ( 'NONE',  ( 1.224606353822354600E-016, 2.449212707644755500E-016, 1.000000000000000000 ) ) ;
#3260 = ORIENTED_EDGE ( 'NONE', *, *, #2181, .T. ) ;
#3261 = DIRECTION ( 'NONE',  ( 9.308272310119528700E-015, -1.000000000000000000, 2.449212707644743700E-016 ) ) ;
#3262 = PERSON_AND_ORGANIZATION ( #3531, #3853 ) ;
#3263 = DIRECTION ( 'NONE',  ( 0.3015113445777369300, 0.9045340337332900000, -0.3015113445777929900 ) ) ;
#3264 = DIRECTION ( 'NONE',  ( -9.308272310119528700E-015, 1.000000000000000000, 0.0000000000000000000 ) ) ;
#3265 = LINE ( 'NONE', #5179, #2813 ) ;
#3266 = ORIENTED_EDGE ( 'NONE', *, *, #3820, .T. ) ;
#3267 = CARTESIAN_POINT ( 'NONE',  ( 7.559999999999943700, 6.400000000000048300, -2.749999999999967600 ) ) ;
#3268 = ADVANCED_FACE ( 'NONE', ( #1160 ), #245, .T. ) ;
#3269 = PLANE ( 'NONE',  #2890 ) ;
#3270 = CARTESIAN_POINT ( 'NONE',  ( 50.71649999999998900, 8.800000000000450100, -8.150000000000000400 ) ) ;
#3271 = FACE_OUTER_BOUND ( 'NONE', #965, .T. ) ;
#3272 = ORIENTED_EDGE ( 'NONE', *, *, #1836, .F. ) ;
#3273 = EDGE_CURVE ( 'NONE', #1851, #2163, #3672, .T. ) ;
#3274 = EDGE_CURVE ( 'NONE', #4442, #2412, #3895, .T. ) ;
#3275 = FACE_OUTER_BOUND ( 'NONE', #1843, .T. ) ;
#3276 = EDGE_LOOP ( 'NONE', ( #208, #4286, #4264, #2265 ) ) ;
#3277 = PLANE ( 'NONE',  #2095 ) ;
#3278 = DIRECTION ( 'NONE',  ( -1.224606353822377000E-016, -1.139896941408127000E-030, 1.000000000000000000 ) ) ;
#3279 = VECTOR ( 'NONE', #330, 1000.000000000000000 ) ;
#3280 = EDGE_LOOP ( 'NONE', ( #3005, #2205, #2283, #3368 ) ) ;
#3281 = CARTESIAN_POINT ( 'NONE',  ( 2.269999999999986300, -3.149999999999994600, -5.990000000000000200 ) ) ;
#3282 = EDGE_CURVE ( 'NONE', #518, #5693, #359, .T. ) ;
#3283 = EDGE_CURVE ( 'NONE', #5670, #2772, #4051, .T. ) ;
#3284 = AXIS2_PLACEMENT_3D ( 'NONE', #3870, #4004, #513 ) ;
#3285 = LINE ( 'NONE', #354, #3063 ) ;
#3286 = VERTEX_POINT ( 'NONE', #5768 ) ;
#3287 = LINE ( 'NONE', #3126, #3314 ) ;
#3288 = CARTESIAN_POINT ( 'NONE',  ( 2.069999999999978500, 0.05000000000000116200, -3.604999999999961300 ) ) ;
#3289 = APPROVAL ( #309, 'UNSPECIFIED' ) ;
#3290 = LINE ( 'NONE', #1039, #3485 ) ;
#3291 = FACE_OUTER_BOUND ( 'NONE', #4092, .T. ) ;
#3292 = EDGE_CURVE ( 'NONE', #2290, #1958, #1438, .T. ) ;
#3293 = DIRECTION ( 'NONE',  ( -0.9486832980504895700, -0.3162277660169108300, 1.936272657596506200E-016 ) ) ;
#3294 = AXIS2_PLACEMENT_3D ( 'NONE', #5182, #5159, #684 ) ;
#3295 = ORIENTED_EDGE ( 'NONE', *, *, #2100, .T. ) ;
#3296 = LINE ( 'NONE', #3647, #733 ) ;
#3297 = FACE_OUTER_BOUND ( 'NONE', #4894, .T. ) ;
#3298 = ORIENTED_EDGE ( 'NONE', *, *, #4661, .T. ) ;
#3299 = DIRECTION ( 'NONE',  ( 1.836909530733639600E-016, 6.123031769113701900E-017, 1.000000000000000000 ) ) ;
#3300 = DIRECTION ( 'NONE',  ( 0.3162277660169107700, -0.9486832980504894500, 0.0000000000000000000 ) ) ;
#3301 = EDGE_CURVE ( 'NONE', #2440, #4174, #598, .T. ) ;
#3302 = LINE ( 'NONE', #3232, #3431 ) ;
#3303 = CARTESIAN_POINT ( 'NONE',  ( -0.2199999999999314200, -3.300000000000019400, -3.449999999999971800 ) ) ;
#3304 = ORIENTED_EDGE ( 'NONE', *, *, #1052, .T. ) ;
#3305 = PLANE ( 'NONE',  #2061 ) ;
#3306 = ORIENTED_EDGE ( 'NONE', *, *, #5685, .T. ) ;
#3307 = DIRECTION ( 'NONE',  ( -9.859894204913363300E-045, 1.059261469412979700E-030, -1.000000000000000000 ) ) ;
#3308 = EDGE_CURVE ( 'NONE', #4417, #5632, #5689, .T. ) ;
#3309 = ORIENTED_EDGE ( 'NONE', *, *, #57, .F. ) ;
#3310 = VECTOR ( 'NONE', #237, 1000.000000000000000 ) ;
#3311 = DIRECTION ( 'NONE',  ( 0.6882472016115998000, 0.2294157338705910500, -0.6882472016117610100 ) ) ;
#3312 = PLANE ( 'NONE',  #3472 ) ;
#3313 = DIRECTION ( 'NONE',  ( 9.308272310119528700E-015, -1.000000000000000000, 2.449212707644743700E-016 ) ) ;
#3314 = VECTOR ( 'NONE', #3143, 999.9999999999998900 ) ;
#3315 = VECTOR ( 'NONE', #3178, 1000.000000000000000 ) ;
#3316 = VERTEX_POINT ( 'NONE', #5611 ) ;
#3317 = EDGE_CURVE ( 'NONE', #2000, #1142, #4072, .T. ) ;
#3318 = ORIENTED_EDGE ( 'NONE', *, *, #1086, .F. ) ;
#3319 = CARTESIAN_POINT ( 'NONE',  ( 2.219999999999982400, -3.000000000000004900, -3.449999999999980600 ) ) ;
#3320 = ORIENTED_EDGE ( 'NONE', *, *, #5665, .F. ) ;
#3321 = DIRECTION ( 'NONE',  ( 0.3162277660168368900, -0.9486832980505142100, 3.872545315192559300E-017 ) ) ;
#3322 = LINE ( 'NONE', #1196, #4907 ) ;
#3323 = CARTESIAN_POINT ( 'NONE',  ( 2.860000000000078000, -3.299999999999992300, -3.449999999999971800 ) ) ;
#3324 = DIRECTION ( 'NONE',  ( 0.9486832980505142100, 0.3162277660168368900, 0.0000000000000000000 ) ) ;
#3325 = ORIENTED_EDGE ( 'NONE', *, *, #59, .T. ) ;
#3326 = VECTOR ( 'NONE', #3124, 1000.000000000000200 ) ;
#3327 = AXIS2_PLACEMENT_3D ( 'NONE', #2804, #1712, #1725 ) ;
#3328 = EDGE_LOOP ( 'NONE', ( #2745, #849, #2854, #767 ) ) ;
#3329 = APPROVAL_DATE_TIME ( #3347, #5325 ) ;
#3330 = CARTESIAN_POINT ( 'NONE',  ( 2.219999999999959800, 0.09999999999999152600, -3.449999999999973100 ) ) ;
#3331 = DIRECTION ( 'NONE',  ( -1.000000000000000000, -9.308272310119517600E-015, -3.962290158815415600E-045 ) ) ;
#3332 = CARTESIAN_POINT ( 'NONE',  ( -0.3200000000000378100, 7.999999999999986700, -3.449999999999982000 ) ) ;
#3333 = PLANE ( 'NONE',  #591 ) ;
#3334 = ORIENTED_EDGE ( 'NONE', *, *, #114, .F. ) ;
#3335 = AXIS2_PLACEMENT_3D ( 'NONE', #2666, #2439, #2430 ) ;
#3336 = DIRECTION ( 'NONE',  ( 9.308272310119528700E-015, -1.000000000000000000, 0.0000000000000000000 ) ) ;
#3337 = CARTESIAN_POINT ( 'NONE',  ( -6.233499999999952300, 2.399999999999918600, -6.049999999999950100 ) ) ;
#3338 = ORIENTED_EDGE ( 'NONE', *, *, #5495, .F. ) ;
#3339 = FACE_OUTER_BOUND ( 'NONE', #431, .T. ) ;
#3340 = ORIENTED_EDGE ( 'NONE', *, *, #2741, .T. ) ;
#3341 = CARTESIAN_POINT ( 'NONE',  ( 5.659999999999934400, -4.010259418071407400E-014, -7.299999999999966100 ) ) ;
#3342 = PLANE ( 'NONE',  #1987 ) ;
#3343 = DIRECTION ( 'NONE',  ( 0.5773502691896705800, -0.5773502691896004200, -0.5773502691896063000 ) ) ;
#3344 = FACE_OUTER_BOUND ( 'NONE', #2032, .T. ) ;
#3345 = ORIENTED_EDGE ( 'NONE', *, *, #114, .T. ) ;
#3346 = ORIENTED_EDGE ( 'NONE', *, *, #5065, .T. ) ;
#3347 = DATE_AND_TIME ( #3376, #3398 ) ;
#3348 = CARTESIAN_POINT ( 'NONE',  ( 2.219999999999896300, 7.200000000000000200, -5.989999999999990400 ) ) ;
#3349 = CARTESIAN_POINT ( 'NONE',  ( -406.3905678623204400, 11.84999999999615400, -0.08890000000001330200 ) ) ;
#3350 = VECTOR ( 'NONE', #3117, 1000.000000000000000 ) ;
#3351 = LINE ( 'NONE', #3220, #3315 ) ;
#3352 = CARTESIAN_POINT ( 'NONE',  ( -2.320000000000047800, 8.299999999999959900, -5.449999999999994800 ) ) ;
#3353 = ORIENTED_EDGE ( 'NONE', *, *, #3641, .T. ) ;
#3354 = EDGE_CURVE ( 'NONE', #2715, #1694, #2052, .T. ) ;
#3355 = CARTESIAN_POINT ( 'NONE',  ( -6.233499999999951400, 2.399999999999919100, -6.049999999999950100 ) ) ;
#3356 = LINE ( 'NONE', #3303, #2647 ) ;
#3357 = ORIENTED_EDGE ( 'NONE', *, *, #4541, .T. ) ;
#3358 = DIRECTION ( 'NONE',  ( -1.000000000000000000, -9.308272310119528700E-015, 1.224606353822377300E-016 ) ) ;
#3359 = ORIENTED_EDGE ( 'NONE', *, *, #1432, .T. ) ;
#3360 = DIRECTION ( 'NONE',  ( 0.3015113445777560200, -0.9045340337332915500, 0.3015113445777690700 ) ) ;
#3361 = CARTESIAN_POINT ( 'NONE',  ( 0.3199999999999862400, 7.999999999999986700, -5.989999999999990400 ) ) ;
#3362 = LINE ( 'NONE', #3255, #3380 ) ;
#3363 = AXIS2_PLACEMENT_3D ( 'NONE', #1421, #3068, #1456 ) ;
#3364 = ORIENTED_EDGE ( 'NONE', *, *, #80, .T. ) ;
#3365 = EDGE_LOOP ( 'NONE', ( #3135, #4, #2325, #198 ) ) ;
#3366 = ORIENTED_EDGE ( 'NONE', *, *, #40, .T. ) ;
#3367 = DIRECTION ( 'NONE',  ( 9.308272310119528700E-015, -1.000000000000000000, 0.0000000000000000000 ) ) ;
#3368 = ORIENTED_EDGE ( 'NONE', *, *, #1691, .F. ) ;
#3369 = DIRECTION ( 'NONE',  ( -1.000000000000000000, -9.308272310119528700E-015, 1.224606353822377300E-016 ) ) ;
#3370 = EDGE_CURVE ( 'NONE', #2901, #4764, #2550, .T. ) ;
#3371 = FACE_OUTER_BOUND ( 'NONE', #705, .T. ) ;
#3372 = DIRECTION ( 'NONE',  ( -9.859894204913363300E-045, 1.059261469412979700E-030, -1.000000000000000000 ) ) ;
#3373 = VERTEX_POINT ( 'NONE', #5498 ) ;
#3374 = FACE_OUTER_BOUND ( 'NONE', #466, .T. ) ;
#3375 = DIRECTION ( 'NONE',  ( -1.000000000000000000, -9.308272310119528700E-015, 1.224606353822377300E-016 ) ) ;
#3376 = CALENDAR_DATE ( 2015, 31, 8 ) ;
#3377 = EDGE_LOOP ( 'NONE', ( #954, #4751, #4567, #286 ) ) ;
#3378 = DIRECTION ( 'NONE',  ( 9.308272310119528700E-015, -1.000000000000000000, 0.0000000000000000000 ) ) ;
#3379 = VECTOR ( 'NONE', #405, 1000.000000000000000 ) ;
#3380 = VECTOR ( 'NONE', #3263, 1000.000000000000000 ) ;
#3381 = CARTESIAN_POINT ( 'NONE',  ( -3.159999999999932200, -4.776071061217372200E-014, -6.289999999999961800 ) ) ;
#3382 = ORIENTED_EDGE ( 'NONE', *, *, #1487, .T. ) ;
#3383 = DIRECTION ( 'NONE',  ( 0.0000000000000000000, -0.0000000000000000000, 1.000000000000000000 ) ) ;
#3384 = ORIENTED_EDGE ( 'NONE', *, *, #267, .F. ) ;
#3385 = EDGE_CURVE ( 'NONE', #4516, #5752, #5197, .T. ) ;
#3386 = DIRECTION ( 'NONE',  ( 9.308272310119528700E-015, -1.000000000000000000, 0.0000000000000000000 ) ) ;
#3387 = CARTESIAN_POINT ( 'NONE',  ( -2.319999999999956300, -3.300000000000035300, -3.130000000000012300 ) ) ;
#3388 = DIRECTION ( 'NONE',  ( -1.224606353822376800E-016, -1.139896941408126800E-030, -1.000000000000000000 ) ) ;
#3389 = DIRECTION ( 'NONE',  ( -1.000000000000000000, -5.546970267633875300E-046, -2.264797275598023500E-030 ) ) ;
#3390 = CARTESIAN_POINT ( 'NONE',  ( 0.6200000000000774900, -1.766585474791090600E-014, -6.289999999999968900 ) ) ;
#3391 = CARTESIAN_POINT ( 'NONE',  ( -0.1999999999999570700, -0.3000000000000236900, -1.500000000000021800 ) ) ;
#3392 = ORIENTED_EDGE ( 'NONE', *, *, #227, .F. ) ;
#3393 = ADVANCED_FACE ( 'NONE', ( #4401 ), #5366, .T. ) ;
#3394 = CARTESIAN_POINT ( 'NONE',  ( -0.1999999999999570700, -0.3000000000000236900, -1.500000000000021800 ) ) ;
#3395 = EDGE_CURVE ( 'NONE', #1637, #5315, #2937, .T. ) ;
#3396 = ORIENTED_EDGE ( 'NONE', *, *, #4159, .F. ) ;
#3397 = DIRECTION ( 'NONE',  ( 1.000000000000000000, 5.546970267633875300E-046, 2.264797275598023500E-030 ) ) ;
#3398 = LOCAL_TIME ( 23, 59, 36.00000000000000000, #3481 ) ;
#3399 = CARTESIAN_POINT ( 'NONE',  ( -2.249999999999975100, 2.049999999999961600, 0.6280000000000217600 ) ) ;
#3400 = CARTESIAN_POINT ( 'NONE',  ( -6.459999999999998200, 6.399999999999917800, -2.749999999999967600 ) ) ;
#3401 = PLANE ( 'NONE',  #3516 ) ;
#3402 = VECTOR ( 'NONE', #1710, 1000.000000000000000 ) ;
#3403 = EDGE_LOOP ( 'NONE', ( #4970, #5574, #4795, #4701 ) ) ;
#3404 = CARTESIAN_POINT ( 'NONE',  ( -2.219999999999972700, 0.09999999999996661600, -5.349999999999998800 ) ) ;
#3405 = ORIENTED_EDGE ( 'NONE', *, *, #2029, .F. ) ;
#3406 = CARTESIAN_POINT ( 'NONE',  ( -0.3200000000000450800, 8.199999999999978000, -3.449999999999972200 ) ) ;
#3407 = ORIENTED_EDGE ( 'NONE', *, *, #2429, .T. ) ;
#3408 = CARTESIAN_POINT ( 'NONE',  ( 5.909999999999988600, 5.425909688468771300E-014, -4.409999999999975300 ) ) ;
#3409 = CARTESIAN_POINT ( 'NONE',  ( 2.249999999999911600, 4.729503543541661800E-013, -1.362937811655826400E-016 ) ) ;
#3410 = FACE_BOUND ( 'NONE', #2276, .T. ) ;
#3411 = VERTEX_POINT ( 'NONE', #5312 ) ;
#3412 = VECTOR ( 'NONE', #4942, 1000.000000000000200 ) ;
#3413 = ORIENTED_EDGE ( 'NONE', *, *, #831, .F. ) ;
#3414 = DIRECTION ( 'NONE',  ( -3.673819061465360800E-017, 1.224606353822024600E-017, -1.000000000000000000 ) ) ;
#3415 = CARTESIAN_POINT ( 'NONE',  ( 2.859999999999971000, 8.000000000000005300, -3.449999999999976200 ) ) ;
#3416 = EDGE_LOOP ( 'NONE', ( #880, #804, #688, #582 ) ) ;
#3417 = VECTOR ( 'NONE', #329, 1000.000000000000200 ) ;
#3418 = DIRECTION ( 'NONE',  ( 0.0000000000000000000, -0.9486832980505126600, -0.3162277660168410500 ) ) ;
#3419 = DIRECTION ( 'NONE',  ( -0.6882472016117215900, 0.2294157338705473400, 0.6882472016116538700 ) ) ;
#3420 = DIRECTION ( 'NONE',  ( 3.059710517561302500E-015, -0.3162277660168411100, 0.9486832980505127700 ) ) ;
#3421 = EDGE_CURVE ( 'NONE', #2750, #3540, #1141, .T. ) ;
#3422 = EDGE_CURVE ( 'NONE', #2544, #4155, #1773, .T. ) ;
#3423 = DIRECTION ( 'NONE',  ( 1.836909530733650900E-016, -6.123031769113359200E-017, -1.000000000000000000 ) ) ;
#3424 = VECTOR ( 'NONE', #1625, 1000.000000000000000 ) ;
#3425 = VECTOR ( 'NONE', #2643, 1000.000000000000100 ) ;
#3426 = EDGE_LOOP ( 'NONE', ( #1290, #5351, #4343, #2043, #3539, #5755, #2894, #1328 ) ) ;
#3427 = DIRECTION ( 'NONE',  ( 9.859894204913363300E-045, -1.059261469412979700E-030, 1.000000000000000000 ) ) ;
#3428 = CARTESIAN_POINT ( 'NONE',  ( 0.2200000000000566200, -3.300000000000025100, -2.910000000000005000 ) ) ;
#3429 = CARTESIAN_POINT ( 'NONE',  ( 1.826435968340766500E-014, -2.898681738346539400E-016, -9.099999710149399200 ) ) ;
#3430 = LINE ( 'NONE', #4538, #2063 ) ;
#3431 = VECTOR ( 'NONE', #3264, 1000.000000000000000 ) ;
#3432 = AXIS2_PLACEMENT_3D ( 'NONE', #5795, #4846, #5777 ) ;
#3433 = DIRECTION ( 'NONE',  ( 0.0000000000000000000, -1.000000000000000000, 2.449212707644755500E-016 ) ) ;
#3434 = ORIENTED_EDGE ( 'NONE', *, *, #3559, .F. ) ;
#3435 = DIRECTION ( 'NONE',  ( 0.0000000000000000000, 1.000000000000000000, 1.059261469412979400E-030 ) ) ;
#3436 = VERTEX_POINT ( 'NONE', #5077 ) ;
#3437 = ADVANCED_FACE ( 'NONE', ( #3601 ), #5061, .T. ) ;
#3438 = ORIENTED_EDGE ( 'NONE', *, *, #76, .T. ) ;
#3439 = DIRECTION ( 'NONE',  ( -1.000000000000000000, -9.308272310119528700E-015, 0.0000000000000000000 ) ) ;
#3440 = ORIENTED_EDGE ( 'NONE', *, *, #1473, .F. ) ;
#3441 = ORIENTED_EDGE ( 'NONE', *, *, #97, .F. ) ;
#3442 = PLANE ( 'NONE',  #1170 ) ;
#3443 = LINE ( 'NONE', #4424, #3236 ) ;
#3444 = FACE_OUTER_BOUND ( 'NONE', #441, .T. ) ;
#3445 = CARTESIAN_POINT ( 'NONE',  ( 2.859999999999917300, 8.000000000000012400, -3.449999999999976200 ) ) ;
#3446 = ORIENTED_EDGE ( 'NONE', *, *, #2615, .T. ) ;
#3447 = DIRECTION ( 'NONE',  ( -9.308272310119517600E-015, 1.000000000000000000, -3.673819061467158900E-016 ) ) ;
#3448 = ORIENTED_EDGE ( 'NONE', *, *, #4136, .F. ) ;
#3449 = VECTOR ( 'NONE', #1368, 1000.000000000000000 ) ;
#3450 = CARTESIAN_POINT ( 'NONE',  ( 0.2503806904314523900, -0.5830951894845812800, -8.849999999999948100 ) ) ;
#3451 = ORIENTED_EDGE ( 'NONE', *, *, #2739, .T. ) ;
#3452 = CARTESIAN_POINT ( 'NONE',  ( 0.3200000000000899900, -3.150000000000012800, -5.939999999999978200 ) ) ;
#3453 = AXIS2_PLACEMENT_3D ( 'NONE', #3113, #2862, #2827 ) ;
#3454 = AXIS2_PLACEMENT_3D ( 'NONE', #4096, #4037, #4202 ) ;
#3455 = CARTESIAN_POINT ( 'NONE',  ( 0.1599999999999913400, 8.299999999999982900, -3.349999999999984100 ) ) ;
#3456 = ORIENTED_EDGE ( 'NONE', *, *, #931, .F. ) ;
#3457 = ORIENTED_EDGE ( 'NONE', *, *, #2355, .F. ) ;
#3458 = AXIS2_PLACEMENT_3D ( 'NONE', #1185, #1174, #1171 ) ;
#3459 = DIRECTION ( 'NONE',  ( 9.308272310119528700E-015, -1.000000000000000000, 0.0000000000000000000 ) ) ;
#3460 = ORIENTED_EDGE ( 'NONE', *, *, #1497, .F. ) ;
#3461 = EDGE_CURVE ( 'NONE', #4034, #4158, #949, .T. ) ;
#3462 = PLANE ( 'NONE',  #1856 ) ;
#3463 = ORIENTED_EDGE ( 'NONE', *, *, #2128, .F. ) ;
#3464 = DIRECTION ( 'NONE',  ( -1.000000000000000000, -9.308272310119528700E-015, 1.224606353822377300E-016 ) ) ;
#3465 = EDGE_CURVE ( 'NONE', #5042, #2934, #4468, .T. ) ;
#3466 = PRODUCT_RELATED_PRODUCT_CATEGORY ( 'detail', '', ( #2892 ) ) ;
#3467 = PLANE ( 'NONE',  #3780 ) ;
#3468 = ORIENTED_EDGE ( 'NONE', *, *, #4890, .F. ) ;
#3469 = CARTESIAN_POINT ( 'NONE',  ( 5.909999999999989500, -7.251739330131780400E-014, -8.799999999999956300 ) ) ;
#3470 = DIRECTION ( 'NONE',  ( 2.827357798649741400E-015, -0.3162277660168416000, -0.9486832980505126600 ) ) ;
#3471 = EDGE_CURVE ( 'NONE', #3667, #5494, #643, .T. ) ;
#3472 = AXIS2_PLACEMENT_3D ( 'NONE', #5068, #5212, #4551 ) ;
#3473 = VECTOR ( 'NONE', #1984, 1000.000000000000000 ) ;
#3474 = EDGE_LOOP ( 'NONE', ( #3747, #3999, #2972, #4119 ) ) ;
#3475 = CARTESIAN_POINT ( 'NONE',  ( 2.219999999999962000, 0.1000000000000035700, -5.349999999999988100 ) ) ;
#3476 = DIRECTION ( 'NONE',  ( 0.0000000000000000000, 0.9486832980505125500, -0.3162277660168415500 ) ) ;
#3477 = VECTOR ( 'NONE', #762, 1000.000000000000000 ) ;
#3478 = ORIENTED_EDGE ( 'NONE', *, *, #432, .T. ) ;
#3479 = VERTEX_POINT ( 'NONE', #4889 ) ;
#3480 = CARTESIAN_POINT ( 'NONE',  ( 2.539999999999872100, 8.300000000000007800, -3.349999999999985000 ) ) ;
#3481 = COORDINATED_UNIVERSAL_TIME_OFFSET ( 8, 0, .BEHIND. ) ;
#3482 = CARTESIAN_POINT ( 'NONE',  ( 2.859999999999966600, 2.400000000000003900, -1.160000000000001300 ) ) ;
#3483 = LINE ( 'NONE', #2988, #203 ) ;
#3484 = VERTEX_POINT ( 'NONE', #4850 ) ;
#3485 = VECTOR ( 'NONE', #668, 1000.000000000000000 ) ;
#3486 = DIRECTION ( 'NONE',  ( 9.859894204913363300E-045, -1.059261469412979700E-030, 1.000000000000000000 ) ) ;
#3487 = VECTOR ( 'NONE', #2981, 1000.000000000000000 ) ;
#3488 = ORIENTED_EDGE ( 'NONE', *, *, #4848, .F. ) ;
#3489 = CARTESIAN_POINT ( 'NONE',  ( 0.2699999999999903600, 8.149999999999991500, -5.829999999999983200 ) ) ;
#3490 = AXIS2_PLACEMENT_3D ( 'NONE', #633, #363, #312 ) ;
#3491 = EDGE_LOOP ( 'NONE', ( #2330, #4260, #4372, #1630 ) ) ;
#3492 = ORIENTED_EDGE ( 'NONE', *, *, #1129, .T. ) ;
#3493 = DIRECTION ( 'NONE',  ( 1.000000000000000000, 9.308272310119528700E-015, 0.0000000000000000000 ) ) ;
#3494 = VECTOR ( 'NONE', #1388, 1000.000000000000000 ) ;
#3495 = CARTESIAN_POINT ( 'NONE',  ( -7.559999999999938300, -7.251739330131780400E-014, -8.799999999999956300 ) ) ;
#3496 = ORIENTED_EDGE ( 'NONE', *, *, #891, .T. ) ;
#3497 = DIRECTION ( 'NONE',  ( 9.308272310119528700E-015, -1.000000000000000000, 2.449212707644743700E-016 ) ) ;
#3498 = ORIENTED_EDGE ( 'NONE', *, *, #2141, .T. ) ;
#3499 = CARTESIAN_POINT ( 'NONE',  ( -2.859999999999955000, 0.09999999999994897700, -5.989999999999994900 ) ) ;
#3500 = ORIENTED_EDGE ( 'NONE', *, *, #3862, .T. ) ;
#3501 = CARTESIAN_POINT ( 'NONE',  ( 2.860000000000078000, -3.299999999999993200, -5.990000000000000200 ) ) ;
#3502 = AXIS2_PLACEMENT_3D ( 'NONE', #2758, #2734, #2708 ) ;
#3503 = CARTESIAN_POINT ( 'NONE',  ( -0.3200000000000308700, 7.999999999999983100, -5.989999999999986000 ) ) ;
#3504 = ORIENTED_EDGE ( 'NONE', *, *, #3924, .T. ) ;
#3505 = LINE ( 'NONE', #3330, #3425 ) ;
#3506 = EDGE_CURVE ( 'NONE', #3316, #521, #5699, .T. ) ;
#3507 = ORIENTED_EDGE ( 'NONE', *, *, #3149, .T. ) ;
#3508 = CARTESIAN_POINT ( 'NONE',  ( -0.1999999999999569600, -0.3000000000000203600, -1.099999999999955000 ) ) ;
#3509 = LINE ( 'NONE', #5491, #981 ) ;
#3510 = CARTESIAN_POINT ( 'NONE',  ( 2.219999999999962400, 0.1000000000000011300, -3.449999999999976200 ) ) ;
#3511 = ORIENTED_EDGE ( 'NONE', *, *, #2386, .F. ) ;
#3512 = VECTOR ( 'NONE', #108, 1000.000000000000000 ) ;
#3513 = ORIENTED_EDGE ( 'NONE', *, *, #2726, .T. ) ;
#3514 = DIRECTION ( 'NONE',  ( -1.000000000000000000, -4.654136155059703600E-015, -4.654136155059765100E-015 ) ) ;
#3515 = DIRECTION ( 'NONE',  ( 9.308272310119528700E-015, -1.000000000000000000, -0.0000000000000000000 ) ) ;
#3516 = AXIS2_PLACEMENT_3D ( 'NONE', #3067, #3358, #3336 ) ;
#3517 = LINE ( 'NONE', #4948, #3931 ) ;
#3518 = ORIENTED_EDGE ( 'NONE', *, *, #1085, .F. ) ;
#3519 = CARTESIAN_POINT ( 'NONE',  ( 0.2200000000000765500, -3.300000000000040700, -5.990000000000000200 ) ) ;
#3520 = APPROVAL_PERSON_ORGANIZATION ( #3685, #5325, #854 ) ;
#3521 = ORIENTED_EDGE ( 'NONE', *, *, #1526, .T. ) ;
#3522 = DIRECTION ( 'NONE',  ( -1.224606353822377000E-016, -1.139896941408127000E-030, 1.000000000000000000 ) ) ;
#3524 = EDGE_CURVE ( 'NONE', #5023, #4448, #3844, .T. ) ;
#3523 = CARTESIAN_POINT ( 'NONE',  ( 50.71649999999998900, 8.300000000000153500, -1.150000000000237100 ) ) ;
#3525 = EDGE_CURVE ( 'NONE', #3667, #1544, #4747, .T. ) ;
#3526 = EDGE_LOOP ( 'NONE', ( #3732, #1998, #3925, #2146 ) ) ;
#3527 = VECTOR ( 'NONE', #4316, 1000.000000000000000 ) ;
#3528 = CARTESIAN_POINT ( 'NONE',  ( 0.2000000000001098400, -0.2999999999999424200, -1.099999999999955000 ) ) ;
#3529 = ORIENTED_EDGE ( 'NONE', *, *, #5568, .T. ) ;
#3530 = VERTEX_POINT ( 'NONE', #4743 ) ;
#3531 = PERSON ( 'UNSPECIFIED', 'UNSPECIFIED', 'UNSPECIFIED', ('UNSPECIFIED'), ('UNSPECIFIED'), ('UNSPECIFIED') ) ;
#3532 = VECTOR ( 'NONE', #724, 1000.000000000000000 ) ;
#3533 = EDGE_CURVE ( 'NONE', #5124, #4939, #5357, .T. ) ;
#3534 = AXIS2_PLACEMENT_3D ( 'NONE', #4003, #1152, #5163 ) ;
#3535 = CARTESIAN_POINT ( 'NONE',  ( 2.219999999999887000, 8.200000000000001100, -3.449999999999976200 ) ) ;
#3536 = DIRECTION ( 'NONE',  ( -1.000000000000000000, -1.451244273804984300E-014, 0.0000000000000000000 ) ) ;
#3537 = CARTESIAN_POINT ( 'NONE',  ( 0.2000000000001099800, -0.2999999999999458100, -1.500000000000021800 ) ) ;
#3538 = AXIS2_PLACEMENT_3D ( 'NONE', #2884, #2841, #2818 ) ;
#3539 = ORIENTED_EDGE ( 'NONE', *, *, #1487, .F. ) ;
#3540 = VERTEX_POINT ( 'NONE', #4709 ) ;
#3541 = CARTESIAN_POINT ( 'NONE',  ( 7.559999999999944500, 6.927883638796447300E-014, -6.049999999999951000 ) ) ;
#3542 = CARTESIAN_POINT ( 'NONE',  ( 21.59000000000013100, 2.002128067073632400E-013, -6.289999999999966300 ) ) ;
#3543 = LINE ( 'NONE', #630, #2820 ) ;
#3544 = ORIENTED_EDGE ( 'NONE', *, *, #2328, .F. ) ;
#3545 = DIRECTION ( 'NONE',  ( -1.451244273804982700E-014, 1.000000000000000000, 1.367341569830078300E-015 ) ) ;
#3546 = EDGE_LOOP ( 'NONE', ( #956, #3366, #4129, #1046 ) ) ;
#3547 = ORIENTED_EDGE ( 'NONE', *, *, #2480, .T. ) ;
#3548 = CIRCLE ( 'NONE', #1663, 0.3000000000000386200 ) ;
#3549 = EDGE_LOOP ( 'NONE', ( #4849, #5376, #2335, #2668 ) ) ;
#3550 = COORDINATED_UNIVERSAL_TIME_OFFSET ( 8, 0, .BEHIND. ) ;
#3551 = FACE_OUTER_BOUND ( 'NONE', #2985, .T. ) ;
#3552 = ORIENTED_EDGE ( 'NONE', *, *, #1933, .F. ) ;
#3553 = VECTOR ( 'NONE', #813, 1000.000000000000000 ) ;
#3554 = ORIENTED_EDGE ( 'NONE', *, *, #1701, .F. ) ;
#3555 = CARTESIAN_POINT ( 'NONE',  ( 0.5000000000000738300, 5.702366125766157000E-015, -2.500000000000132800 ) ) ;
#3556 = DIRECTION ( 'NONE',  ( -1.943454430809747400E-013, 1.000000000000000000, 3.673819061467596200E-016 ) ) ;
#3557 = DIRECTION ( 'NONE',  ( 0.9486832980505201000, -0.3162277660168192300, 0.0000000000000000000 ) ) ;
#3558 = ORIENTED_EDGE ( 'NONE', *, *, #3972, .T. ) ;
#3559 = EDGE_CURVE ( 'NONE', #5240, #4224, #4300, .T. ) ;
#3560 = FACE_OUTER_BOUND ( 'NONE', #5441, .T. ) ;
#3561 = CARTESIAN_POINT ( 'NONE',  ( 2.859999999999915500, 8.200000000000008200, -2.809999999999991200 ) ) ;
#3562 = CARTESIAN_POINT ( 'NONE',  ( -5.659999999999953100, -5.603969895736002700E-014, -1.499999999999979800 ) ) ;
#3563 = CARTESIAN_POINT ( 'NONE',  ( 7.651822942205007100E-014, -0.2999999999999909400, -1.500000000000034900 ) ) ;
#3564 = FACE_OUTER_BOUND ( 'NONE', #1789, .T. ) ;
#3565 = ORIENTED_EDGE ( 'NONE', *, *, #4892, .T. ) ;
#3566 = ORIENTED_EDGE ( 'NONE', *, *, #429, .F. ) ;
#3567 = CARTESIAN_POINT ( 'NONE',  ( 2.320000000000016300, -3.300000000000005200, -3.349999999999986300 ) ) ;
#3568 = ORIENTED_EDGE ( 'NONE', *, *, #4522, .T. ) ;
#3569 = AXIS2_PLACEMENT_3D ( 'NONE', #5311, #5365, #3104 ) ;
#3570 = ORIENTED_EDGE ( 'NONE', *, *, #4159, .T. ) ;
#3571 =( BOUNDED_CURVE ( )  B_SPLINE_CURVE ( 3, ( #2044, #2102, #1943, #1921 ),
 .UNSPECIFIED., .F., .T. ) 
 B_SPLINE_CURVE_WITH_KNOTS ( ( 4, 4 ),
 ( 0.0000000000000000000, 1.000000000000000000 ),
 .UNSPECIFIED. ) 
 CURVE ( )  GEOMETRIC_REPRESENTATION_ITEM ( )  RATIONAL_B_SPLINE_CURVE ( ( 1.000000000000000000, 0.3333333333333333700, 0.3333333333333333700, 1.000000000000000000 ) ) 
 REPRESENTATION_ITEM ( '' )  );
#3572 = PLANE ( 'NONE',  #5269 ) ;
#3573 = LINE ( 'NONE', #3387, #3687 ) ;
#3574 = EDGE_CURVE ( 'NONE', #2934, #4782, #857, .T. ) ;
#3575 = ORIENTED_EDGE ( 'NONE', *, *, #3421, .T. ) ;
#3576 = CARTESIAN_POINT ( 'NONE',  ( -6.459999999999989300, 2.399999999999916900, -1.149999999999972200 ) ) ;
#3577 = DIRECTION ( 'NONE',  ( 9.859894204913363300E-045, -1.059261469412979700E-030, 1.000000000000000000 ) ) ;
#3578 = CC_DESIGN_APPROVAL ( #3289, ( #2289 ) ) ;
#3579 = VECTOR ( 'NONE', #3419, 1000.000000000000000 ) ;
#3580 = ORIENTED_EDGE ( 'NONE', *, *, #3797, .F. ) ;
#3581 = FACE_OUTER_BOUND ( 'NONE', #2172, .T. ) ;
#3582 = FACE_OUTER_BOUND ( 'NONE', #5619, .T. ) ;
#3583 = CARTESIAN_POINT ( 'NONE',  ( -6.960000000000154500, 8.799999999999947400, -0.6499999999999179800 ) ) ;
#3584 = ORIENTED_EDGE ( 'NONE', *, *, #3282, .F. ) ;
#3585 = DIRECTION ( 'NONE',  ( 1.224606353822354600E-016, 2.449212707644755500E-016, 1.000000000000000000 ) ) ;
#3586 = ORIENTED_EDGE ( 'NONE', *, *, #3301, .F. ) ;
#3587 = CARTESIAN_POINT ( 'NONE',  ( 1.919999999999946000, 1.711909036731041200E-014, -4.409999999999975300 ) ) ;
#3588 = PLANE ( 'NONE',  #1735 ) ;
#3589 = CARTESIAN_POINT ( 'NONE',  ( 6.459999999999906700, 8.299999999999988300, -8.809999999999981000 ) ) ;
#3590 = EDGE_CURVE ( 'NONE', #4427, #5332, #3842, .T. ) ;
#3591 = ORIENTED_EDGE ( 'NONE', *, *, #5605, .F. ) ;
#3592 = DIRECTION ( 'NONE',  ( 0.9486832980505162100, 0.3162277660168306100, 3.872545315193257600E-017 ) ) ;
#3593 = DIRECTION ( 'NONE',  ( -0.3162277660168192300, -0.9486832980505201000, 3.872545315192558700E-017 ) ) ;
#3594 = ORIENTED_EDGE ( 'NONE', *, *, #5304, .T. ) ;
#3595 = DIRECTION ( 'NONE',  ( -9.308272310119528700E-015, 1.000000000000000000, 0.0000000000000000000 ) ) ;
#3596 = CARTESIAN_POINT ( 'NONE',  ( 0.2199999999999434400, 8.299999999999991800, -3.349999999999984500 ) ) ;
#3597 = EDGE_CURVE ( 'NONE', #561, #3235, #5474, .T. ) ;
#3598 = VERTEX_POINT ( 'NONE', #4639 ) ;
#3599 = DIRECTION ( 'NONE',  ( -0.3162277660168306100, 0.9486832980505162100, 0.0000000000000000000 ) ) ;
#3600 = CARTESIAN_POINT ( 'NONE',  ( -6.233499999999929200, -5.937841423932860100E-014, -6.049999999999950100 ) ) ;
#3601 = FACE_OUTER_BOUND ( 'NONE', #1795, .T. ) ;
#3602 = VERTEX_POINT ( 'NONE', #4545 ) ;
#3603 = DIRECTION ( 'NONE',  ( -9.308272310119528700E-015, 1.000000000000000000, 0.0000000000000000000 ) ) ;
#3604 = FACE_OUTER_BOUND ( 'NONE', #485, .T. ) ;
#3605 = ORIENTED_EDGE ( 'NONE', *, *, #2659, .T. ) ;
#3606 = LINE ( 'NONE', #4103, #5280 ) ;
#3607 = EDGE_LOOP ( 'NONE', ( #5781, #509, #3346, #714 ) ) ;
#3608 = VECTOR ( 'NONE', #1267, 1000.000000000000000 ) ;
#3609 = ORIENTED_EDGE ( 'NONE', *, *, #1342, .F. ) ;
#3610 = FACE_OUTER_BOUND ( 'NONE', #3840, .T. ) ;
#3611 = EDGE_LOOP ( 'NONE', ( #5132, #5064, #4991, #4874 ) ) ;
#3612 = PLANE ( 'NONE',  #3070 ) ;
#3613 = LINE ( 'NONE', #1449, #3553 ) ;
#3614 = AXIS2_PLACEMENT_3D ( 'NONE', #3026, #2960, #3048 ) ;
#3615 = CARTESIAN_POINT ( 'NONE',  ( -2.860000000000022500, 7.199999999999953100, -5.990000000000003800 ) ) ;
#3616 = FACE_OUTER_BOUND ( 'NONE', #503, .T. ) ;
#3617 = ORIENTED_EDGE ( 'NONE', *, *, #1762, .T. ) ;
#3618 = DIRECTION ( 'NONE',  ( 1.000000000000000000, 9.308272310119528700E-015, 1.224606353822377000E-016 ) ) ;
#3619 = ORIENTED_EDGE ( 'NONE', *, *, #5275, .F. ) ;
#3620 = LINE ( 'NONE', #2958, #1749 ) ;
#3621 = LINE ( 'NONE', #2673, #4772 ) ;
#3622 = CARTESIAN_POINT ( 'NONE',  ( 2.859999999999924800, 7.200000000000005500, -5.989999999999990400 ) ) ;
#3623 = EDGE_LOOP ( 'NONE', ( #4473, #4248, #4056, #5549 ) ) ;
#3624 = ORIENTED_EDGE ( 'NONE', *, *, #18, .F. ) ;
#3625 = AXIS2_PLACEMENT_3D ( 'NONE', #1417, #481, #416 ) ;
#3626 = DIRECTION ( 'NONE',  ( 9.308272310119528700E-015, -1.000000000000000000, 0.0000000000000000000 ) ) ;
#3627 = ORIENTED_EDGE ( 'NONE', *, *, #4703, .T. ) ;
#3628 = DIRECTION ( 'NONE',  ( 4.880827835578948800E-031, -4.880827835578927700E-031, 1.000000000000000000 ) ) ;
#3629 = EDGE_LOOP ( 'NONE', ( #1177, #5092, #1064, #4165 ) ) ;
#3630 = CARTESIAN_POINT ( 'NONE',  ( -0.6199999999999905600, -1.675992539738359500E-014, -6.289999999999965400 ) ) ;
#3631 = DIRECTION ( 'NONE',  ( -9.859894204913363300E-045, 1.059261469412979700E-030, -1.000000000000000000 ) ) ;
#3632 = VECTOR ( 'NONE', #5320, 1000.000000000000000 ) ;
#3633 = CIRCLE ( 'NONE', #3696, 0.3000000000000063200 ) ;
#3634 = AXIS2_PLACEMENT_3D ( 'NONE', #3078, #3087, #3095 ) ;
#3635 = PLANE ( 'NONE',  #3759 ) ;
#3636 = VERTEX_POINT ( 'NONE', #4556 ) ;
#3637 = PLANE ( 'NONE',  #5749 ) ;
#3638 = VECTOR ( 'NONE', #2601, 1000.000000000000000 ) ;
#3639 = ORIENTED_EDGE ( 'NONE', *, *, #4291, .T. ) ;
#3640 = ORIENTED_EDGE ( 'NONE', *, *, #1751, .T. ) ;
#3641 = EDGE_CURVE ( 'NONE', #1260, #1572, #373, .T. ) ;
#3642 = AXIS2_PLACEMENT_3D ( 'NONE', #2986, #3015, #4812 ) ;
#3643 = FACE_OUTER_BOUND ( 'NONE', #141, .T. ) ;
#3644 = CARTESIAN_POINT ( 'NONE',  ( 0.2503806904314523900, -0.5830951894845812800, -8.849999999999948100 ) ) ;
#3645 = ORIENTED_EDGE ( 'NONE', *, *, #4019, .T. ) ;
#3646 = DIRECTION ( 'NONE',  ( -9.308272310119528700E-015, 1.000000000000000000, 0.0000000000000000000 ) ) ;
#3647 = CARTESIAN_POINT ( 'NONE',  ( 50.71649999999998900, 8.300000000000199700, -7.649999999999758800 ) ) ;
#3648 = ORIENTED_EDGE ( 'NONE', *, *, #5586, .F. ) ;
#3649 = CARTESIAN_POINT ( 'NONE',  ( -2.069999999999943000, 0.04999999999996262300, -3.604999999999961300 ) ) ;
#3650 = PLANE ( 'NONE',  #223 ) ;
#3651 = CARTESIAN_POINT ( 'NONE',  ( 2.219999999999886100, 8.000000000000008900, -5.349999999999983700 ) ) ;
#3652 = EDGE_LOOP ( 'NONE', ( #5403, #1198, #1723, #1769 ) ) ;
#3653 = AXIS2_PLACEMENT_3D ( 'NONE', #3834, #1400, #2993 ) ;
#3654 = VECTOR ( 'NONE', #2617, 1000.000000000000000 ) ;
#3655 = ORIENTED_EDGE ( 'NONE', *, *, #5753, .F. ) ;
#3656 = DIRECTION ( 'NONE',  ( 0.0000000000000000000, 1.000000000000000000, -2.449212707644743700E-016 ) ) ;
#3657 = VECTOR ( 'NONE', #118, 1000.000000000000000 ) ;
#3658 = EDGE_CURVE ( 'NONE', #4368, #2541, #3949, .T. ) ;
#3659 = DIRECTION ( 'NONE',  ( -9.308272310119528700E-015, 1.000000000000000000, 0.0000000000000000000 ) ) ;
#3660 = VERTEX_POINT ( 'NONE', #4438 ) ;
#3661 = FACE_OUTER_BOUND ( 'NONE', #5481, .T. ) ;
#3662 = ORIENTED_EDGE ( 'NONE', *, *, #5369, .F. ) ;
#3663 = CARTESIAN_POINT ( 'NONE',  ( -2.759999999999928300, -3.300000000000038900, -5.889999999999994400 ) ) ;
#3664 = CC_DESIGN_PERSON_AND_ORGANIZATION_ASSIGNMENT ( #3922, #351, ( #2892 ) ) ;
#3665 = DIRECTION ( 'NONE',  ( -0.0000000000000000000, 1.000000000000000000, -2.449212707644755500E-016 ) ) ;
#3666 = VECTOR ( 'NONE', #3683, 1000.000000000000100 ) ;
#3667 = VERTEX_POINT ( 'NONE', #4405 ) ;
#3668 = FACE_OUTER_BOUND ( 'NONE', #4644, .T. ) ;
#3669 = ORIENTED_EDGE ( 'NONE', *, *, #2021, .T. ) ;
#3670 = DIRECTION ( 'NONE',  ( -9.308272310119528700E-015, 1.000000000000000000, 0.0000000000000000000 ) ) ;
#3671 = EDGE_CURVE ( 'NONE', #858, #4674, #4680, .T. ) ;
#3672 = LINE ( 'NONE', #38, #2129 ) ;
#3673 = ORIENTED_EDGE ( 'NONE', *, *, #123, .T. ) ;
#3674 = VERTEX_POINT ( 'NONE', #4334 ) ;
#3675 = FACE_OUTER_BOUND ( 'NONE', #3276, .T. ) ;
#3676 = ORIENTED_EDGE ( 'NONE', *, *, #1473, .T. ) ;
#3677 = DIRECTION ( 'NONE',  ( -1.000000000000000000, -9.308272310119528700E-015, 1.224606353822377300E-016 ) ) ;
#3678 = EDGE_LOOP ( 'NONE', ( #3237, #3228, #2992, #2230 ) ) ;
#3679 = ORIENTED_EDGE ( 'NONE', *, *, #3003, .F. ) ;
#3680 = CARTESIAN_POINT ( 'NONE',  ( -2.219999999999946900, -3.000000000000049300, -2.810000000000012000 ) ) ;
#3681 = ORIENTED_EDGE ( 'NONE', *, *, #2573, .F. ) ;
#3682 = CARTESIAN_POINT ( 'NONE',  ( 0.3200000000000572400, 0.09999999999997712100, -3.449999999999979700 ) ) ;
#3683 = DIRECTION ( 'NONE',  ( -0.6882472016116031300, 0.2294157338705828400, 0.6882472016117604500 ) ) ;
#3684 = LINE ( 'NONE', #3390, #3579 ) ;
#3685 = PERSON_AND_ORGANIZATION ( #3531, #3853 ) ;
#3686 = VERTEX_POINT ( 'NONE', #4399 ) ;
#3687 = VECTOR ( 'NONE', #3414, 1000.000000000000000 ) ;
#3688 = CARTESIAN_POINT ( 'NONE',  ( 2.809999999999921400, 8.150000000000016300, -5.829999999999983200 ) ) ;
#3689 = AXIS2_PLACEMENT_3D ( 'NONE', #2907, #2939, #2945 ) ;
#3690 = VECTOR ( 'NONE', #5073, 1000.000000000000000 ) ;
#3691 = PLANE ( 'NONE',  #1780 ) ;
#3692 = LINE ( 'NONE', #2669, #4936 ) ;
#3693 = EDGE_LOOP ( 'NONE', ( #5587, #5368, #4780, #4624, #4290, #3973, #3518, #5597 ) ) ;
#3694 = ORIENTED_EDGE ( 'NONE', *, *, #3757, .F. ) ;
#3695 = CARTESIAN_POINT ( 'NONE',  ( 2.219999999999887000, 8.200000000000001100, -2.809999999999988500 ) ) ;
#3696 = AXIS2_PLACEMENT_3D ( 'NONE', #2991, #3000, #3006 ) ;
#3697 = DIRECTION ( 'NONE',  ( -9.308272310119517600E-015, 1.000000000000000000, -3.673819061467158900E-016 ) ) ;
#3698 = VERTEX_POINT ( 'NONE', #4311 ) ;
#3699 = DIRECTION ( 'NONE',  ( -1.000000000000000000, -9.308272310119528700E-015, -0.0000000000000000000 ) ) ;
#3700 = CARTESIAN_POINT ( 'NONE',  ( 5.659999999999934400, 5.193202880715825000E-014, -7.299999999999966100 ) ) ;
#3701 = ORIENTED_EDGE ( 'NONE', *, *, #2199, .F. ) ;
#3702 = DIRECTION ( 'NONE',  ( 0.0000000000000000000, 1.000000000000000000, 1.059261469412979400E-030 ) ) ;
#3703 = DIRECTION ( 'NONE',  ( 0.9486832980505162100, 0.3162277660168306100, 3.872545315193257600E-017 ) ) ;
#3704 = ORIENTED_EDGE ( 'NONE', *, *, #2048, .F. ) ;
#3705 = DIRECTION ( 'NONE',  ( -1.000000000000000000, -9.308272310119528700E-015, 0.0000000000000000000 ) ) ;
#3706 = LINE ( 'NONE', #4805, #1489 ) ;
#3707 = DIRECTION ( 'NONE',  ( 1.000000000000000000, 9.308272310119528700E-015, -1.224606353822376800E-016 ) ) ;
#3708 = DIRECTION ( 'NONE',  ( 0.0000000000000000000, -1.000000000000000000, 0.0000000000000000000 ) ) ;
#3709 = VECTOR ( 'NONE', #5372, 1000.000000000000000 ) ;
#3710 = ORIENTED_EDGE ( 'NONE', *, *, #87, .T. ) ;
#3711 = DIRECTION ( 'NONE',  ( 1.000000000000000000, -2.999321443644220700E-032, -1.224606353822354600E-016 ) ) ;
#3712 =( BOUNDED_SURFACE ( )  B_SPLINE_SURFACE ( 3, 3, ( 
 ( #537, #564, #569, #583 ),
 ( #584, #596, #604, #916 ),
 ( #610, #619, #627, #634 ),
 ( #638, #625, #639, #647 ) ),
 .UNSPECIFIED., .F., .F., .T. ) 
 B_SPLINE_SURFACE_WITH_KNOTS ( ( 4, 4 ),
 ( 4, 4 ),
 ( 0.0000000000000000000, 1.000000000000000000 ),
 ( 0.0000000000000000000, 1.000000000000000000 ),
 .UNSPECIFIED. ) 
 GEOMETRIC_REPRESENTATION_ITEM ( )  RATIONAL_B_SPLINE_SURFACE ( (
 ( 1.000000000000000000, 0.3333333333333334300, 0.3333333333333334300, 1.000000000000000000),
 ( 0.8047378541244956100, 0.2682459513748319300, 0.2682459513748319300, 0.8047378541244956100),
 ( 0.8047378541244956100, 0.2682459513748319300, 0.2682459513748319300, 0.8047378541244956100),
 ( 1.000000000000000000, 0.3333333333333334300, 0.3333333333333334300, 1.000000000000000000) ) ) 
 REPRESENTATION_ITEM ( '' )  SURFACE ( )  );
#3713 = CARTESIAN_POINT ( 'NONE',  ( 2.859999999999924800, 7.200000000000005500, -5.989999999999989600 ) ) ;
#3714 = CARTESIAN_POINT ( 'NONE',  ( 3.159999999999913100, -1.358376165217650400E-015, -6.289999999999961800 ) ) ;
#3715 = EDGE_CURVE ( 'NONE', #1184, #4368, #1763, .T. ) ;
#3716 = AXIS2_PLACEMENT_3D ( 'NONE', #1353, #1382, #1391 ) ;
#3717 = VECTOR ( 'NONE', #3948, 1000.000000000000000 ) ;
#3718 = VERTEX_POINT ( 'NONE', #4281 ) ;
#3719 = FACE_OUTER_BOUND ( 'NONE', #1666, .T. ) ;
#3720 = ORIENTED_EDGE ( 'NONE', *, *, #462, .T. ) ;
#3721 = CARTESIAN_POINT ( 'NONE',  ( -5.909999999999953100, -5.576468182092455800E-014, -4.409999999999975300 ) ) ;
#3722 = EDGE_CURVE ( 'NONE', #5332, #1073, #2426, .T. ) ;
#3723 = EDGE_CURVE ( 'NONE', #1709, #2163, #1078, .T. ) ;
#3724 = DIRECTION ( 'NONE',  ( -0.3162277660168306100, 0.9486832980505162100, 0.0000000000000000000 ) ) ;
#3725 = CARTESIAN_POINT ( 'NONE',  ( 2.860000000000078000, -3.299999999999993200, -5.449999999999992200 ) ) ;
#3726 = FACE_OUTER_BOUND ( 'NONE', #4526, .T. ) ;
#3727 = ORIENTED_EDGE ( 'NONE', *, *, #1226, .F. ) ;
#3728 = VERTEX_POINT ( 'NONE', #4208 ) ;
#3729 = FACE_OUTER_BOUND ( 'NONE', #1468, .T. ) ;
#3730 = DIRECTION ( 'NONE',  ( 9.859894204913363300E-045, -1.059261469412979700E-030, 1.000000000000000000 ) ) ;
#3731 = LINE ( 'NONE', #410, #4016 ) ;
#3732 = ORIENTED_EDGE ( 'NONE', *, *, #3317, .T. ) ;
#3733 = CARTESIAN_POINT ( 'NONE',  ( 6.233499999999910600, 6.310512477827739800E-014, -6.049999999999950100 ) ) ;
#3734 = EDGE_CURVE ( 'NONE', #4123, #997, #2964, .T. ) ;
#3735 = DIRECTION ( 'NONE',  ( -9.308272310119528700E-015, 1.000000000000000000, -3.673819061467120900E-016 ) ) ;
#3736 = CARTESIAN_POINT ( 'NONE',  ( 2.859999999999969200, 2.400000000000000800, -2.809999999999988500 ) ) ;
#3737 = EDGE_LOOP ( 'NONE', ( #362, #297, #222, #181 ) ) ;
#3738 = FACE_OUTER_BOUND ( 'NONE', #3611, .T. ) ;
#3739 = LINE ( 'NONE', #4802, #3932 ) ;
#3740 = EDGE_CURVE ( 'NONE', #2629, #37, #877, .T. ) ;
#3741 = AXIS2_PLACEMENT_3D ( 'NONE', #1463, #1470, #1474 ) ;
#3742 = LINE ( 'NONE', #3445, #3856 ) ;
#3743 = CARTESIAN_POINT ( 'NONE',  ( 9.365000000000089000, 0.1000000000000774000, -5.349999999999959700 ) ) ;
#3744 = FACE_OUTER_BOUND ( 'NONE', #1215, .T. ) ;
#3745 = CARTESIAN_POINT ( 'NONE',  ( 0.6200000000000788200, 5.018336364156268400E-015, -4.409999999999975300 ) ) ;
#3746 = EDGE_CURVE ( 'NONE', #4117, #2707, #1742, .T. ) ;
#3747 = ORIENTED_EDGE ( 'NONE', *, *, #1275, .T. ) ;
#3748 = DIRECTION ( 'NONE',  ( 1.000000000000000000, 8.340706888492901300E-015, 2.780235629497636000E-015 ) ) ;
#3749 = LINE ( 'NONE', #5094, #2007 ) ;
#3750 = CARTESIAN_POINT ( 'NONE',  ( -2.250000000000066200, 11.84999999999991600, 0.6280000000000217600 ) ) ;
#3751 = DIRECTION ( 'NONE',  ( 1.224606353822377300E-016, 1.139896941408127200E-030, 1.000000000000000000 ) ) ;
#3752 = ORIENTED_EDGE ( 'NONE', *, *, #1183, .T. ) ;
#3753 = ORIENTED_EDGE ( 'NONE', *, *, #666, .F. ) ;
#3754 = ORIENTED_EDGE ( 'NONE', *, *, #1956, .F. ) ;
#3755 = VECTOR ( 'NONE', #4134, 1000.000000000000200 ) ;
#3756 = PLANE ( 'NONE',  #4830 ) ;
#3757 = EDGE_CURVE ( 'NONE', #3286, #4442, #3606, .T. ) ;
#3758 = VERTEX_POINT ( 'NONE', #4091 ) ;
#3759 = AXIS2_PLACEMENT_3D ( 'NONE', #3649, #3593, #3557 ) ;
#3760 = PRODUCT ( '11091, SBH11-_BPC-D03-ST-_ _', '11091, SBH11-_BPC-D03-ST-_ _', '', ( #1263 ) ) ;
#3761 = DIRECTION ( 'NONE',  ( -1.000000000000000000, -9.308272310119528700E-015, 1.224606353822377300E-016 ) ) ;
#3762 = ORIENTED_EDGE ( 'NONE', *, *, #697, .F. ) ;
#3763 = EDGE_CURVE ( 'NONE', #4034, #620, #3951, .T. ) ;
#3764 = AXIS2_PLACEMENT_3D ( 'NONE', #2849, #2914, #2915 ) ;
#3765 = CARTESIAN_POINT ( 'NONE',  ( -0.3200000000000450800, -3.000000000000025300, -2.809999999999985800 ) ) ;
#3766 = PERSON_AND_ORGANIZATION ( #3531, #3853 ) ;
#3767 = CARTESIAN_POINT ( 'NONE',  ( 5.859999999969656600, -0.3000000000000296900, -7.299999999999966100 ) ) ;
#3768 = AXIS2_PLACEMENT_3D ( 'NONE', #1506, #1435, #1422 ) ;
#3769 = ORIENTED_EDGE ( 'NONE', *, *, #135, .T. ) ;
#3770 = ORIENTED_EDGE ( 'NONE', *, *, #1183, .F. ) ;
#3771 = CARTESIAN_POINT ( 'NONE',  ( -2.859999999999978100, 2.399999999999950600, -5.990000000000003800 ) ) ;
#3772 = EDGE_LOOP ( 'NONE', ( #4219, #682, #2871, #4878 ) ) ;
#3773 = CARTESIAN_POINT ( 'NONE',  ( 2.860000000000019900, -2.999999999999996400, -5.989999999999990400 ) ) ;
#3774 = VECTOR ( 'NONE', #4000, 1000.000000000000000 ) ;
#3775 = EDGE_LOOP ( 'NONE', ( #4726, #1370, #552, #4190 ) ) ;
#3776 = CARTESIAN_POINT ( 'NONE',  ( -6.460000000000043500, 8.799999999999920800, -1.149999999999979700 ) ) ;
#3777 = EDGE_CURVE ( 'NONE', #3784, #5693, #5189, .T. ) ;
#3778 = VERTEX_POINT ( 'NONE', #4022 ) ;
#3779 = MANIFOLD_SOLID_BREP ( 'Cut-Extrude3', #1206 ) ;
#3780 = AXIS2_PLACEMENT_3D ( 'NONE', #161, #3464, #3459 ) ;
#3781 = CARTESIAN_POINT ( 'NONE',  ( 2.219999999999982400, -3.000000000000003600, -5.989999999999979800 ) ) ;
#3782 = ORIENTED_EDGE ( 'NONE', *, *, #4397, .T. ) ;
#3783 = LINE ( 'NONE', #1660, #3424 ) ;
#3784 = VERTEX_POINT ( 'NONE', #3996 ) ;
#3785 = CARTESIAN_POINT ( 'NONE',  ( -2.760000000000043300, 8.299999999999959900, -2.910000000000007200 ) ) ;
#3786 = EDGE_CURVE ( 'NONE', #4308, #4553, #1992, .T. ) ;
#3787 = VECTOR ( 'NONE', #5534, 1000.000000000000000 ) ;
#3788 = ORIENTED_EDGE ( 'NONE', *, *, #3746, .T. ) ;
#3789 = AXIS2_PLACEMENT_3D ( 'NONE', #2788, #2868, #2876 ) ;
#3790 = FACE_BOUND ( 'NONE', #4310, .T. ) ;
#3791 = EDGE_LOOP ( 'NONE', ( #4439, #675, #2296, #4999 ) ) ;
#3792 = CARTESIAN_POINT ( 'NONE',  ( -0.2699999999999449500, -3.150000000000017200, -3.449999999999971800 ) ) ;
#3793 = VECTOR ( 'NONE', #2178, 1000.000000000000000 ) ;
#3794 = EDGE_LOOP ( 'NONE', ( #2451, #3558, #1125, #3754 ) ) ;
#3795 = ORIENTED_EDGE ( 'NONE', *, *, #4453, .T. ) ;
#3796 = CARTESIAN_POINT ( 'NONE',  ( -1.919999999999908000, -3.890994415072450300E-014, -3.749999999999952000 ) ) ;
#3797 = EDGE_CURVE ( 'NONE', #4155, #215, #1228, .T. ) ;
#3798 = EDGE_CURVE ( 'NONE', #215, #2839, #3052, .T. ) ;
#3799 = PLANE ( 'NONE',  #1728 ) ;
#3800 = VECTOR ( 'NONE', #2553, 1000.000000000000000 ) ;
#3801 = LINE ( 'NONE', #514, #963 ) ;
#3802 = EDGE_LOOP ( 'NONE', ( #427, #637, #866, #972 ) ) ;
#3803 = CARTESIAN_POINT ( 'NONE',  ( -2.220000000000006900, 2.399999999999956400, -1.160000000000001300 ) ) ;
#3804 = ADVANCED_FACE ( 'NONE', ( #5818 ), #3909, .T. ) ;
#3805 = CARTESIAN_POINT ( 'NONE',  ( -5.859999999999902600, 4.110250622555426500E-014, -1.499999999999979800 ) ) ;
#3806 = DIRECTION ( 'NONE',  ( 9.874671134872346600E-048, -1.000000000000000000, 8.063547199514710600E-032 ) ) ;
#3807 = ORIENTED_EDGE ( 'NONE', *, *, #3035, .T. ) ;
#3808 = PLANE ( 'NONE',  #2946 ) ;
#3809 = ORIENTED_EDGE ( 'NONE', *, *, #4941, .F. ) ;
#3810 = VERTEX_POINT ( 'NONE', #3767 ) ;
#3811 = DIRECTION ( 'NONE',  ( -1.984346623551417100E-029, 1.367341569830078300E-015, -1.000000000000000000 ) ) ;
#3812 = ORIENTED_EDGE ( 'NONE', *, *, #4591, .T. ) ;
#3813 = FACE_OUTER_BOUND ( 'NONE', #814, .T. ) ;
#3814 = FACE_OUTER_BOUND ( 'NONE', #5459, .T. ) ;
#3815 = DIRECTION ( 'NONE',  ( 0.0000000000000000000, 1.000000000000000000, 1.445602896647008800E-015 ) ) ;
#3816 = VERTEX_POINT ( 'NONE', #3823 ) ;
#3817 = VECTOR ( 'NONE', #2391, 1000.000000000000100 ) ;
#3818 = TOROIDAL_SURFACE ( 'NONE', #5758, 0.1999999999998903800, 0.3000000000000651000 ) ;
#3819 = ORIENTED_EDGE ( 'NONE', *, *, #3740, .T. ) ;
#3820 = EDGE_CURVE ( 'NONE', #997, #104, #1089, .T. ) ;
#3821 = DIRECTION ( 'NONE',  ( 9.308272310119528700E-015, -1.000000000000000000, 2.449212707644743700E-016 ) ) ;
#3822 = VERTEX_POINT ( 'NONE', #3785 ) ;
#3823 = CARTESIAN_POINT ( 'NONE',  ( 2.219999999999926500, 2.399999999999998100, -5.349999999999984500 ) ) ;
#3824 = ORIENTED_EDGE ( 'NONE', *, *, #2766, .T. ) ;
#3825 = DIRECTION ( 'NONE',  ( -0.9486832980504895700, -0.3162277660169108300, 1.936272657596506200E-016 ) ) ;
#3826 = CARTESIAN_POINT ( 'NONE',  ( 2.859999999999971000, 8.200000000000008200, -3.449999999999976200 ) ) ;
#3827 = AXIS2_PLACEMENT_3D ( 'NONE', #2790, #2796, #2812 ) ;
#3828 = ORIENTED_EDGE ( 'NONE', *, *, #5645, .T. ) ;
#3829 = CC_DESIGN_SECURITY_CLASSIFICATION ( #2289, ( #702 ) ) ;
#3830 = CARTESIAN_POINT ( 'NONE',  ( -7.559999999999937400, -7.172583745870224400E-014, -6.049999999999950100 ) ) ;
#3831 = DIRECTION ( 'NONE',  ( 0.6882472016117279200, 0.2294157338705747600, 0.6882472016116383300 ) ) ;
#3832 = ORIENTED_EDGE ( 'NONE', *, *, #5679, .F. ) ;
#3833 = CARTESIAN_POINT ( 'NONE',  ( 0.2199999999999837900, 8.300000000000016700, -2.910000000000001900 ) ) ;
#3834 = CARTESIAN_POINT ( 'NONE',  ( 0.3199999999999843500, 8.199999999999983300, -3.449999999999976200 ) ) ;
#3835 = PLANE ( 'NONE',  #1091 ) ;
#3836 = LINE ( 'NONE', #5032, #3709 ) ;
#3837 = EDGE_CURVE ( 'NONE', #4708, #1038, #2407, .T. ) ;
#3838 = DIRECTION ( 'NONE',  ( 0.3162277660169107700, -0.9486832980504894500, 0.0000000000000000000 ) ) ;
#3839 = FACE_OUTER_BOUND ( 'NONE', #4704, .T. ) ;
#3840 = EDGE_LOOP ( 'NONE', ( #1810, #1750, #1675, #1903 ) ) ;
#3841 = DIRECTION ( 'NONE',  ( -0.7071067811865592300, 0.7071067811865358000, 0.0000000000000000000 ) ) ;
#3842 = LINE ( 'NONE', #4604, #1668 ) ;
#3843 = ORIENTED_EDGE ( 'NONE', *, *, #1021, .T. ) ;
#3844 = LINE ( 'NONE', #4800, #2807 ) ;
#3845 = EDGE_LOOP ( 'NONE', ( #3094, #3640, #1128, #1764 ) ) ;
#3846 = AXIS2_PLACEMENT_3D ( 'NONE', #1109, #1102, #1098 ) ;
#3847 = FACE_OUTER_BOUND ( 'NONE', #1858, .T. ) ;
#3848 = ORIENTED_EDGE ( 'NONE', *, *, #5433, .F. ) ;
#3849 = DIRECTION ( 'NONE',  ( 1.224606353822377000E-016, 1.139896941408127000E-030, -1.000000000000000000 ) ) ;
#3850 = LINE ( 'NONE', #3773, #1602 ) ;
#3851 = DIRECTION ( 'NONE',  ( 0.7071067811865358000, 0.7071067811865592300, 6.902532920683851500E-031 ) ) ;
#3852 = CARTESIAN_POINT ( 'NONE',  ( -1.145552149074932800E-013, 8.299999999999982900, -5.449999999999989500 ) ) ;
#3853 = ORGANIZATION ( 'UNSPECIFIED', 'UNSPECIFIED', '' ) ;
#3854 = CARTESIAN_POINT ( 'NONE',  ( 2.219999999999896300, 8.000000000000014200, -5.349999999999988100 ) ) ;
#3855 = CIRCLE ( 'NONE', #1477, 0.1999999999697200700 ) ;
#3856 = VECTOR ( 'NONE', #3522, 1000.000000000000000 ) ;
#3857 = ORIENTED_EDGE ( 'NONE', *, *, #4272, .T. ) ;
#3858 = PLANE ( 'NONE',  #4946 ) ;
#3859 = PLANE ( 'NONE',  #3284 ) ;
#3860 = LINE ( 'NONE', #1891, #2729 ) ;
#3861 = LINE ( 'NONE', #83, #5786 ) ;
#3862 = EDGE_CURVE ( 'NONE', #3009, #3602, #2990, .T. ) ;
#3863 = DIRECTION ( 'NONE',  ( -0.6882472016115647200, 0.2294157338705061800, -0.6882472016118244000 ) ) ;
#3864 = VERTEX_POINT ( 'NONE', #3651 ) ;
#3865 = DIRECTION ( 'NONE',  ( -1.000000000000000000, -9.308272310119528700E-015, 0.0000000000000000000 ) ) ;
#3866 = FACE_OUTER_BOUND ( 'NONE', #1016, .T. ) ;
#3867 = ORIENTED_EDGE ( 'NONE', *, *, #1165, .F. ) ;
#3868 = CARTESIAN_POINT ( 'NONE',  ( -6.159999999999977900, -0.3000000000000712100, -7.299999999999965200 ) ) ;
#3869 = DIRECTION ( 'NONE',  ( 9.308272310119528700E-015, -1.000000000000000000, 3.673819061467121400E-016 ) ) ;
#3870 = CARTESIAN_POINT ( 'NONE',  ( 49.56650000000019000, 2.400000000000438700, -1.160000000000001300 ) ) ;
#3871 = ORIENTED_EDGE ( 'NONE', *, *, #5005, .T. ) ;
#3872 = ORIENTED_EDGE ( 'NONE', *, *, #1341, .T. ) ;
#3873 = DIRECTION ( 'NONE',  ( -1.000000000000000000, -8.340706888492887100E-015, 2.780235629497657700E-015 ) ) ;
#3874 = LINE ( 'NONE', #1944, #5093 ) ;
#3875 = ORIENTED_EDGE ( 'NONE', *, *, #5290, .F. ) ;
#3876 = DIRECTION ( 'NONE',  ( 9.308272310119528700E-015, -1.000000000000000000, 2.449212707644743700E-016 ) ) ;
#3877 = LINE ( 'NONE', #4794, #3912 ) ;
#3878 = EDGE_CURVE ( 'NONE', #189, #2603, #3296, .T. ) ;
#3879 = ORIENTED_EDGE ( 'NONE', *, *, #3370, .F. ) ;
#3880 = CIRCLE ( 'NONE', #5436, 0.2500000000000279800 ) ;
#3881 = CARTESIAN_POINT ( 'NONE',  ( -7.536499999999927400, -7.251739330131780400E-014, -8.799999999999956300 ) ) ;
#3882 = CARTESIAN_POINT ( 'NONE',  ( -0.0003806904314380618600, -2.168404344971008900E-016, -8.849999999999948100 ) ) ;
#3883 = ORIENTED_EDGE ( 'NONE', *, *, #2815, .T. ) ;
#3884 = AXIS2_PLACEMENT_3D ( 'NONE', #476, #487, #490 ) ;
#3885 = CARTESIAN_POINT ( 'NONE',  ( -0.3200000000000357600, 7.199999999999976200, -5.989999999999990400 ) ) ;
#3886 = ORIENTED_EDGE ( 'NONE', *, *, #735, .T. ) ;
#3887 = FACE_OUTER_BOUND ( 'NONE', #3491, .T. ) ;
#3888 = CARTESIAN_POINT ( 'NONE',  ( 7.559999999999954300, 6.911651014691971100E-014, -8.799999999999956300 ) ) ;
#3889 = DIRECTION ( 'NONE',  ( -1.000000000000000000, -9.308272310119528700E-015, 1.224606353822377300E-016 ) ) ;
#3890 = ORIENTED_EDGE ( 'NONE', *, *, #2473, .T. ) ;
#3891 = DIRECTION ( 'NONE',  ( 1.000000000000000000, 9.308272310119528700E-015, 0.0000000000000000000 ) ) ;
#3892 = SHAPE_DEFINITION_REPRESENTATION ( #842, #5488 ) ;
#3893 = DIRECTION ( 'NONE',  ( 9.308272310119528700E-015, -1.000000000000000000, 0.0000000000000000000 ) ) ;
#3894 = ORIENTED_EDGE ( 'NONE', *, *, #4824, .F. ) ;
#3895 = LINE ( 'NONE', #5783, #155 ) ;
#3896 = ORIENTED_EDGE ( 'NONE', *, *, #2510, .T. ) ;
#3897 = CARTESIAN_POINT ( 'NONE',  ( -2.859999999999991900, 2.399999999999949700, -2.810000000000000900 ) ) ;
#3898 = DIRECTION ( 'NONE',  ( -9.859894204913363300E-045, 1.059261469412979700E-030, -1.000000000000000000 ) ) ;
#3899 = CIRCLE ( 'NONE', #4943, 0.4999999999999553700 ) ;
#3900 = ORIENTED_EDGE ( 'NONE', *, *, #605, .T. ) ;
#3901 = EDGE_LOOP ( 'NONE', ( #5813, #3325, #100, #1659 ) ) ;
#3902 = AXIS2_PLACEMENT_3D ( 'NONE', #412, #425, #437 ) ;
#3903 = CARTESIAN_POINT ( 'NONE',  ( -0.2503806904314486700, -2.734302413954212900E-015, -8.799999999999956300 ) ) ;
#3904 = DIRECTION ( 'NONE',  ( 1.000000000000000000, 9.308272310119528700E-015, 0.0000000000000000000 ) ) ;
#3905 = VECTOR ( 'NONE', #2203, 1000.000000000000000 ) ;
#3906 = ORIENTED_EDGE ( 'NONE', *, *, #3715, .F. ) ;
#3907 = FACE_OUTER_BOUND ( 'NONE', #4353, .T. ) ;
#3908 = VERTEX_POINT ( 'NONE', #3663 ) ;
#3909 = PLANE ( 'NONE',  #1927 ) ;
#3910 = LINE ( 'NONE', #2559, #4063 ) ;
#3911 = VERTEX_POINT ( 'NONE', #3583 ) ;
#3912 = VECTOR ( 'NONE', #3702, 1000.000000000000000 ) ;
#3913 = DIRECTION ( 'NONE',  ( 1.000000000000000000, 9.308272310119528700E-015, 0.0000000000000000000 ) ) ;
#3914 = VECTOR ( 'NONE', #5352, 1000.000000000000000 ) ;
#3915 = FACE_OUTER_BOUND ( 'NONE', #3950, .T. ) ;
#3916 = DIRECTION ( 'NONE',  ( 9.308272310119528700E-015, -1.000000000000000000, 1.224606353822367400E-016 ) ) ;
#3917 = EDGE_CURVE ( 'NONE', #5509, #1540, #2268, .T. ) ;
#3918 = ORIENTED_EDGE ( 'NONE', *, *, #1443, .F. ) ;
#3919 = LINE ( 'NONE', #3567, #3980 ) ;
#3920 = DIRECTION ( 'NONE',  ( 2.264797275598023500E-030, -2.449212707644743700E-016, -1.000000000000000000 ) ) ;
#3921 = AXIS2_PLACEMENT_3D ( 'NONE', #1730, #1448, #1317 ) ;
#3922 = PERSON_AND_ORGANIZATION ( #3531, #3853 ) ;
#3923 = CARTESIAN_POINT ( 'NONE',  ( -2.220000000000057900, 8.199999999999958400, -3.449999999999990000 ) ) ;
#3924 = EDGE_CURVE ( 'NONE', #5035, #5302, #4735, .T. ) ;
#3925 = ORIENTED_EDGE ( 'NONE', *, *, #2084, .F. ) ;
#3926 = AXIS2_PLACEMENT_3D ( 'NONE', #349, #382, #386 ) ;
#3927 = VERTEX_POINT ( 'NONE', #3212 ) ;
#3928 = VECTOR ( 'NONE', #5056, 1000.000000000000000 ) ;
#3929 = FACE_OUTER_BOUND ( 'NONE', #148, .T. ) ;
#3930 = ORIENTED_EDGE ( 'NONE', *, *, #2961, .F. ) ;
#3931 = VECTOR ( 'NONE', #2949, 1000.000000000000000 ) ;
#3932 = VECTOR ( 'NONE', #4774, 1000.000000000000000 ) ;
#3933 = CARTESIAN_POINT ( 'NONE',  ( -5.160000000000051700, -4.809980680342088100E-014, -7.299999999999936800 ) ) ;
#3934 = EDGE_LOOP ( 'NONE', ( #3500, #3247 ) ) ;
#3935 = DIRECTION ( 'NONE',  ( 0.0000000000000000000, 0.0000000000000000000, 1.000000000000000000 ) ) ;
#3936 = LINE ( 'NONE', #324, #3657 ) ;
#3937 = ORIENTED_EDGE ( 'NONE', *, *, #3757, .T. ) ;
#3938 = ORIENTED_EDGE ( 'NONE', *, *, #3079, .F. ) ;
#3939 = DIRECTION ( 'NONE',  ( -0.0000000000000000000, -1.000000000000000000, -1.059261469412979400E-030 ) ) ;
#3940 = CARTESIAN_POINT ( 'NONE',  ( -6.960000000000085200, 8.799999999999913700, -8.809999999999981000 ) ) ;
#3941 = VERTEX_POINT ( 'NONE', #3400 ) ;
#3942 = FACE_OUTER_BOUND ( 'NONE', #4284, .T. ) ;
#3943 = CARTESIAN_POINT ( 'NONE',  ( -9.685000000000092900, 0.09999999999988676300, -5.989999999999943400 ) ) ;
#3944 = DIRECTION ( 'NONE',  ( 0.0000000000000000000, 1.000000000000000000, -2.449212707644743700E-016 ) ) ;
#3945 = FACE_OUTER_BOUND ( 'NONE', #2401, .T. ) ;
#3946 = ORIENTED_EDGE ( 'NONE', *, *, #5679, .T. ) ;
#3947 = LINE ( 'NONE', #1800, #3817 ) ;
#3948 = DIRECTION ( 'NONE',  ( 0.0000000000000000000, -1.000000000000000000, 2.449212707644755500E-016 ) ) ;
#3949 = LINE ( 'NONE', #4479, #5276 ) ;
#3950 = EDGE_LOOP ( 'NONE', ( #5363, #4924, #4306, #667 ) ) ;
#3951 = LINE ( 'NONE', #4217, #5683 ) ;
#3952 = VERTEX_POINT ( 'NONE', #3170 ) ;
#3953 = LINE ( 'NONE', #2664, #572 ) ;
#3954 = ORIENTED_EDGE ( 'NONE', *, *, #1291, .F. ) ;
#3955 = PLANE ( 'NONE',  #2437 ) ;
#3956 = EDGE_CURVE ( 'NONE', #5571, #734, #5348, .T. ) ;
#3957 = VECTOR ( 'NONE', #760, 1000.000000000000000 ) ;
#3958 = ORIENTED_EDGE ( 'NONE', *, *, #3317, .F. ) ;
#3959 = VECTOR ( 'NONE', #3062, 1000.000000000000000 ) ;
#3960 = CARTESIAN_POINT ( 'NONE',  ( -4.932999999999975000, 7.799999999999935900, -3.073547540338293600E-015 ) ) ;
#3961 = CARTESIAN_POINT ( 'NONE',  ( -0.2503806904314051000, -0.5830951894845859400, -8.849999999999951700 ) ) ;
#3962 = VECTOR ( 'NONE', #3863, 1000.000000000000000 ) ;
#3963 = ORIENTED_EDGE ( 'NONE', *, *, #850, .T. ) ;
#3964 = VERTEX_POINT ( 'NONE', #3106 ) ;
#3965 = ORIENTED_EDGE ( 'NONE', *, *, #526, .F. ) ;
#3966 = LINE ( 'NONE', #5601, #268 ) ;
#3967 = FACE_OUTER_BOUND ( 'NONE', #2421, .T. ) ;
#3968 = AXIS2_PLACEMENT_3D ( 'NONE', #5572, #5547, #5505 ) ;
#3969 = CARTESIAN_POINT ( 'NONE',  ( 6.959999999999958200, 8.800000000000041600, -8.809999999999981000 ) ) ;
#3970 = EDGE_LOOP ( 'NONE', ( #811, #2217 ) ) ;
#3971 = DIRECTION ( 'NONE',  ( 9.308272310119528700E-015, -1.000000000000000000, 0.0000000000000000000 ) ) ;
#3972 = EDGE_CURVE ( 'NONE', #5693, #1254, #1377, .T. ) ;
#3973 = ORIENTED_EDGE ( 'NONE', *, *, #67, .T. ) ;
#3974 = CARTESIAN_POINT ( 'NONE',  ( -0.3200000000000060600, 2.399999999999973700, -2.809999999999987200 ) ) ;
#3975 = CARTESIAN_POINT ( 'NONE',  ( -2.859999999999959000, 8.199999999999953100, -2.810000000000002300 ) ) ;
#3976 = LINE ( 'NONE', #4718, #4030 ) ;
#3977 = CARTESIAN_POINT ( 'NONE',  ( 6.959999999999944000, 8.800000000000029100, -8.149999999999989700 ) ) ;
#3978 = ORIENTED_EDGE ( 'NONE', *, *, #3385, .T. ) ;
#3979 = VECTOR ( 'NONE', #4341, 1000.000000000000100 ) ;
#3980 = VECTOR ( 'NONE', #4744, 1000.000000000000000 ) ;
#3981 = LINE ( 'NONE', #346, #3417 ) ;
#3982 = CARTESIAN_POINT ( 'NONE',  ( 3.159999999999903300, 1.803986287066648600E-014, -5.049999999999949200 ) ) ;
#3983 = DIRECTION ( 'NONE',  ( -0.7071067811865460200, -0.7071067811865490200, 0.0000000000000000000 ) ) ;
#3984 = LINE ( 'NONE', #1895, #1719 ) ;
#3985 = DIRECTION ( 'NONE',  ( -9.308272310119528700E-015, 1.000000000000000000, -0.0000000000000000000 ) ) ;
#3986 = PLANE ( 'NONE',  #3625 ) ;
#3987 = ORIENTED_EDGE ( 'NONE', *, *, #2255, .T. ) ;
#3988 = DIRECTION ( 'NONE',  ( -0.6882472016115854800, 0.2294157338705132800, -0.6882472016118012000 ) ) ;
#3989 = PLANE ( 'NONE',  #947 ) ;
#3990 = ORIENTED_EDGE ( 'NONE', *, *, #1963, .F. ) ;
#3991 = EDGE_CURVE ( 'NONE', #987, #5710, #4839, .T. ) ;
#3992 = ORIENTED_EDGE ( 'NONE', *, *, #3282, .T. ) ;
#3993 = CARTESIAN_POINT ( 'NONE',  ( 0.0003806904313981632200, 8.199999999999967300, -8.849999999999951700 ) ) ;
#3994 = DIRECTION ( 'NONE',  ( -0.7071067811865490200, 0.7071067811865460200, 6.902532920683853300E-031 ) ) ;
#3995 = APPROVAL_DATE_TIME ( #3187, #279 ) ;
#3996 = CARTESIAN_POINT ( 'NONE',  ( -2.859999999999956400, 0.09999999999995928800, -5.350000000000000500 ) ) ;
#3997 = CARTESIAN_POINT ( 'NONE',  ( 0.2000000000001099800, -0.2999999999999458100, -1.500000000000021800 ) ) ;
#3998 = ADVANCED_FACE ( 'NONE', ( #2654 ), #3031, .F. ) ;
#3999 = ORIENTED_EDGE ( 'NONE', *, *, #727, .T. ) ;
#4000 = DIRECTION ( 'NONE',  ( 1.000000000000000000, 0.0000000000000000000, -1.224606353822376800E-016 ) ) ;
#4001 = PLANE ( 'NONE',  #171 ) ;
#4002 = DIRECTION ( 'NONE',  ( 0.0000000000000000000, -1.000000000000000000, 2.449212707644755500E-016 ) ) ;
#4003 = CARTESIAN_POINT ( 'NONE',  ( 2.859999999999915500, 8.200000000000008200, -3.449999999999976200 ) ) ;
#4004 = DIRECTION ( 'NONE',  ( -9.308272310119528700E-015, 1.000000000000000000, 1.059261469412979700E-030 ) ) ;
#4005 = VECTOR ( 'NONE', #3388, 1000.000000000000000 ) ;
#4006 = ORIENTED_EDGE ( 'NONE', *, *, #3461, .F. ) ;
#4007 = FACE_OUTER_BOUND ( 'NONE', #2454, .T. ) ;
#4008 = ORIENTED_EDGE ( 'NONE', *, *, #2846, .F. ) ;
#4009 = AXIS2_PLACEMENT_3D ( 'NONE', #1415, #1373, #1361 ) ;
#4010 = LINE ( 'NONE', #3542, #3654 ) ;
#4011 = ORIENTED_EDGE ( 'NONE', *, *, #5543, .T. ) ;
#4012 = DIRECTION ( 'NONE',  ( -1.000000000000000000, -1.208382987168241800E-014, 0.0000000000000000000 ) ) ;
#4013 = VECTOR ( 'NONE', #347, 1000.000000000000100 ) ;
#4014 = ORIENTED_EDGE ( 'NONE', *, *, #2322, .F. ) ;
#4015 = CARTESIAN_POINT ( 'NONE',  ( -5.909999999999952200, -5.737748838890863000E-014, -8.799999999999956300 ) ) ;
#4016 = VECTOR ( 'NONE', #559, 1000.000000000000000 ) ;
#4017 = EDGE_LOOP ( 'NONE', ( #469, #454, #5763, #3617 ) ) ;
#4018 = FACE_OUTER_BOUND ( 'NONE', #4783, .T. ) ;
#4019 = EDGE_CURVE ( 'NONE', #2848, #5655, #3620, .T. ) ;
#4020 = LINE ( 'NONE', #3743, #2201 ) ;
#4021 = EDGE_LOOP ( 'NONE', ( #1897, #1877, #1696, #1680 ) ) ;
#4022 = CARTESIAN_POINT ( 'NONE',  ( -2.760000000000044600, 8.299999999999954500, -5.889999999999999700 ) ) ;
#4023 = CARTESIAN_POINT ( 'NONE',  ( 6.386499999999842600, 8.800000000000039800, -1.149999999999979700 ) ) ;
#4024 = EDGE_LOOP ( 'NONE', ( #3580, #1517, #2938, #821 ) ) ;
#4025 = AXIS2_PLACEMENT_3D ( 'NONE', #4121, #4122, #4127 ) ;
#4026 = VERTEX_POINT ( 'NONE', #5730 ) ;
#4027 = ORIENTED_EDGE ( 'NONE', *, *, #1775, .F. ) ;
#4028 = PLANE ( 'NONE',  #5356 ) ;
#4029 = AXIS2_PLACEMENT_3D ( 'NONE', #1995, #1822, #1805 ) ;
#4030 = VECTOR ( 'NONE', #4705, 1000.000000000000000 ) ;
#4031 = VERTEX_POINT ( 'NONE', #3004 ) ;
#4032 = VECTOR ( 'NONE', #4349, 1000.000000000000100 ) ;
#4033 = EDGE_CURVE ( 'NONE', #5566, #3201, #2340, .T. ) ;
#4034 = VERTEX_POINT ( 'NONE', #2922 ) ;
#4035 = LINE ( 'NONE', #4836, #4140 ) ;
#4036 = ORIENTED_EDGE ( 'NONE', *, *, #3722, .T. ) ;
#4037 = DIRECTION ( 'NONE',  ( -0.3162277660168187900, -0.9486832980505202100, -3.872545315192719500E-017 ) ) ;
#4038 = LINE ( 'NONE', #2165, #1199 ) ;
#4039 = ORIENTED_EDGE ( 'NONE', *, *, #4773, .T. ) ;
#4040 = ORIENTED_EDGE ( 'NONE', *, *, #3972, .F. ) ;
#4041 = PLANE ( 'NONE',  #4025 ) ;
#4042 = ORIENTED_EDGE ( 'NONE', *, *, #5136, .F. ) ;
#4043 = DIRECTION ( 'NONE',  ( -0.6882472016118148500, 0.2294157338705147000, 0.6882472016115712700 ) ) ;
#4044 = DIRECTION ( 'NONE',  ( 0.4472135954999563700, 0.8944271909999166300, 0.0000000000000000000 ) ) ;
#4045 = EDGE_LOOP ( 'NONE', ( #5207, #5128, #5624, #5178, #5388 ) ) ;
#4046 = CARTESIAN_POINT ( 'NONE',  ( 3.159999999999910400, 1.609585156673622000E-014, -2.509999999999966000 ) ) ;
#4047 = CARTESIAN_POINT ( 'NONE',  ( -2.859999999999955500, 7.199999999999953100, -5.350000000000002300 ) ) ;
#4048 = DIRECTION ( 'NONE',  ( 0.3015113445777728400, 0.9045340337332873300, 0.3015113445777650200 ) ) ;
#4049 = ORIENTED_EDGE ( 'NONE', *, *, #3308, .F. ) ;
#4050 = AXIS2_PLACEMENT_3D ( 'NONE', #3349, #5485, #4730 ) ;
#4051 = LINE ( 'NONE', #5700, #2104 ) ;
#4052 = VERTEX_POINT ( 'NONE', #1573 ) ;
#4053 = CARTESIAN_POINT ( 'NONE',  ( 5.659999999999961100, 5.066413568159874500E-014, -1.499999999999972700 ) ) ;
#4054 = ADVANCED_FACE ( 'NONE', ( #3114 ), #2867, .T. ) ;
#4055 = VECTOR ( 'NONE', #1722, 1000.000000000000000 ) ;
#4056 = ORIENTED_EDGE ( 'NONE', *, *, #2314, .T. ) ;
#4057 = DIRECTION ( 'NONE',  ( 0.0000000000000000000, -1.000000000000000000, 2.449212707644755500E-016 ) ) ;
#4058 = CARTESIAN_POINT ( 'NONE',  ( -0.2700000000000500900, 8.149999999999989700, -3.289999999999982700 ) ) ;
#4059 = PRODUCT_RELATED_PRODUCT_CATEGORY ( 'detail', '', ( #3760 ) ) ;
#4060 = CARTESIAN_POINT ( 'NONE',  ( 2.219999999999893200, 8.000000000000007100, -3.449999999999982900 ) ) ;
#4061 = VECTOR ( 'NONE', #2624, 1000.000000000000000 ) ;
#4062 = ORIENTED_EDGE ( 'NONE', *, *, #2846, .T. ) ;
#4063 = VECTOR ( 'NONE', #4347, 1000.000000000000000 ) ;
#4064 = ORIENTED_EDGE ( 'NONE', *, *, #5347, .T. ) ;
#4065 = DIRECTION ( 'NONE',  ( -9.741953179113801400E-015, 1.000000000000000000, -2.535786251118052600E-015 ) ) ;
#4066 = DIRECTION ( 'NONE',  ( -1.000000000000000000, -9.741953179113803000E-015, 0.0000000000000000000 ) ) ;
#4067 = LINE ( 'NONE', #3771, #713 ) ;
#4068 = ORIENTED_EDGE ( 'NONE', *, *, #912, .F. ) ;
#4069 = LINE ( 'NONE', #5374, #4192 ) ;
#4070 = CARTESIAN_POINT ( 'NONE',  ( -2.220000000000029900, 2.399999999999956800, -5.990000000000002000 ) ) ;
#4071 = DIRECTION ( 'NONE',  ( -1.224606353822376800E-016, -2.199158410821106700E-030, 1.000000000000000000 ) ) ;
#4072 = LINE ( 'NONE', #5577, #3787 ) ;
#4073 = FACE_OUTER_BOUND ( 'NONE', #3328, .T. ) ;
#4074 = DIRECTION ( 'NONE',  ( 9.308272310119528700E-015, -1.000000000000000000, -0.0000000000000000000 ) ) ;
#4075 = EDGE_LOOP ( 'NONE', ( #120, #1832, #3043, #2919 ) ) ;
#4076 = ORIENTED_EDGE ( 'NONE', *, *, #1440, .F. ) ;
#4077 = LINE ( 'NONE', #5671, #2956 ) ;
#4078 = ORIENTED_EDGE ( 'NONE', *, *, #2855, .T. ) ;
#4079 = ORIENTED_EDGE ( 'NONE', *, *, #2373, .F. ) ;
#4080 = CARTESIAN_POINT ( 'NONE',  ( 0.3200000000000390300, 7.199999999999976200, -5.349999999999988100 ) ) ;
#4081 = DIRECTION ( 'NONE',  ( 1.224606353822354600E-016, 2.449212707644755500E-016, 1.000000000000000000 ) ) ;
#4082 = ORIENTED_EDGE ( 'NONE', *, *, #2609, .T. ) ;
#4083 = AXIS2_PLACEMENT_3D ( 'NONE', #439, #2306, #2299 ) ;
#4084 = ORIENTED_EDGE ( 'NONE', *, *, #4352, .T. ) ;
#4085 = EDGE_CURVE ( 'NONE', #5670, #3286, #5631, .T. ) ;
#4086 = FACE_OUTER_BOUND ( 'NONE', #3280, .T. ) ;
#4087 = ORIENTED_EDGE ( 'NONE', *, *, #5155, .F. ) ;
#4088 = LINE ( 'NONE', #746, #4788 ) ;
#4089 = LINE ( 'NONE', #3074, #3959 ) ;
#4090 = VECTOR ( 'NONE', #516, 1000.000000000000000 ) ;
#4091 = CARTESIAN_POINT ( 'NONE',  ( -1.919999999999908400, -3.713896642711428200E-014, -3.749999999999952900 ) ) ;
#4092 = EDGE_LOOP ( 'NONE', ( #1982, #5256, #4431, #282 ) ) ;
#4093 = DIRECTION ( 'NONE',  ( 0.3015113445778352900, -0.9045340337332731200, 0.3015113445777450900 ) ) ;
#4094 = CARTESIAN_POINT ( 'NONE',  ( -2.432999999999967000, 7.799999999999951900, -3.400807189839465100E-015 ) ) ;
#4095 = ORIENTED_EDGE ( 'NONE', *, *, #3506, .T. ) ;
#4096 = CARTESIAN_POINT ( 'NONE',  ( 3.009999999999919400, 0.05000000000000932900, -5.194999999999969200 ) ) ;
#4097 = LINE ( 'NONE', #3854, #56 ) ;
#4098 = ORIENTED_EDGE ( 'NONE', *, *, #3597, .F. ) ;
#4099 = DIRECTION ( 'NONE',  ( 1.000000000000000000, 0.0000000000000000000, 1.224606353822376800E-016 ) ) ;
#4100 = PLANE ( 'NONE',  #1133 ) ;
#4101 = ORIENTED_EDGE ( 'NONE', *, *, #2049, .T. ) ;
#4102 = CARTESIAN_POINT ( 'NONE',  ( -7.559999999999969400, -7.112333113262193600E-014, -4.409999999999975300 ) ) ;
#4103 = CARTESIAN_POINT ( 'NONE',  ( 2.219999999999887000, -3.000000000000002700, -2.809999999999985800 ) ) ;
#4104 = CARTESIAN_POINT ( 'NONE',  ( 50.71650000000007500, 7.799999999999933200, -6.071532165918825600E-015 ) ) ;
#4105 = VECTOR ( 'NONE', #1151, 1000.000000000000000 ) ;
#4106 = VERTEX_POINT ( 'NONE', #2703 ) ;
#4107 = AXIS2_PLACEMENT_3D ( 'NONE', #364, #1322, #162 ) ;
#4108 = FACE_OUTER_BOUND ( 'NONE', #4676, .T. ) ;
#4109 = ORIENTED_EDGE ( 'NONE', *, *, #2983, .T. ) ;
#4110 = DIRECTION ( 'NONE',  ( -0.3015113445778294100, 0.9045340337332568000, 0.3015113445777998200 ) ) ;
#4111 = LINE ( 'NONE', #4957, #5044 ) ;
#4112 = DIRECTION ( 'NONE',  ( 0.4472135954999579800, -0.8944271909999158600, 0.0000000000000000000 ) ) ;
#4113 = CARTESIAN_POINT ( 'NONE',  ( 0.3199999999999843500, -3.000000000000028900, -3.449999999999973500 ) ) ;
#4114 = LINE ( 'NONE', #1677, #4172 ) ;
#4115 = ORIENTED_EDGE ( 'NONE', *, *, #4814, .F. ) ;
#4116 = LINE ( 'NONE', #2574, #4161 ) ;
#4117 = VERTEX_POINT ( 'NONE', #2688 ) ;
#4118 = DIRECTION ( 'NONE',  ( -1.000000000000000000, 1.499660721822124000E-032, 1.224606353822365400E-016 ) ) ;
#4119 = ORIENTED_EDGE ( 'NONE', *, *, #4685, .T. ) ;
#4120 = EDGE_LOOP ( 'NONE', ( #1919, #1951, #2089, #5687 ) ) ;
#4121 = CARTESIAN_POINT ( 'NONE',  ( 0.2700000000000955000, -3.150000000000013200, -5.990000000000000200 ) ) ;
#4122 = DIRECTION ( 'NONE',  ( 0.9486832980504954500, -0.3162277660168932300, 1.936272657596506200E-016 ) ) ;
#4123 = VERTEX_POINT ( 'NONE', #2695 ) ;
#4124 = FACE_OUTER_BOUND ( 'NONE', #3426, .T. ) ;
#4125 = LINE ( 'NONE', #5295, #4295 ) ;
#4126 = ORIENTED_EDGE ( 'NONE', *, *, #1144, .F. ) ;
#4127 = DIRECTION ( 'NONE',  ( 0.3162277660168932300, 0.9486832980504954500, 0.0000000000000000000 ) ) ;
#4128 = CARTESIAN_POINT ( 'NONE',  ( -0.2199999999999327200, -3.300000000000015400, -2.910000000000005500 ) ) ;
#4129 = ORIENTED_EDGE ( 'NONE', *, *, #1799, .F. ) ;
#4130 = ORIENTED_EDGE ( 'NONE', *, *, #1754, .T. ) ;
#4131 = DIRECTION ( 'NONE',  ( 0.0000000000000000000, 1.000000000000000000, -3.673819061467120900E-016 ) ) ;
#4132 = ORIENTED_EDGE ( 'NONE', *, *, #2029, .T. ) ;
#4133 = CARTESIAN_POINT ( 'NONE',  ( -2.859999999999939000, -3.000000000000056800, -3.449999999999991700 ) ) ;
#4134 = DIRECTION ( 'NONE',  ( -0.4472135954999627600, 0.8944271909999134100, 5.476606105650035900E-017 ) ) ;
#4135 = ORIENTED_EDGE ( 'NONE', *, *, #1018, .F. ) ;
#4136 = EDGE_CURVE ( 'NONE', #5075, #1184, #593, .T. ) ;
#4137 = VECTOR ( 'NONE', #264, 1000.000000000000000 ) ;
#4138 = CARTESIAN_POINT ( 'NONE',  ( -2.860000000000031900, 8.199999999999953100, -2.810000000000002300 ) ) ;
#4139 = AXIS2_PLACEMENT_3D ( 'NONE', #2481, #5322, #5513 ) ;
#4140 = VECTOR ( 'NONE', #5402, 1000.000000000000000 ) ;
#4141 = ORIENTED_EDGE ( 'NONE', *, *, #4348, .T. ) ;
#4142 = VERTEX_POINT ( 'NONE', #2622 ) ;
#4143 = LINE ( 'NONE', #2646, #3638 ) ;
#4144 = CARTESIAN_POINT ( 'NONE',  ( 0.2200000000000405800, -3.300000000000026000, -3.349999999999988500 ) ) ;
#4145 = ORIENTED_EDGE ( 'NONE', *, *, #2670, .F. ) ;
#4146 = CARTESIAN_POINT ( 'NONE',  ( 5.659999999999962800, -0.2999999999999559100, -1.300000000002568700 ) ) ;
#4147 = ORIENTED_EDGE ( 'NONE', *, *, #1690, .F. ) ;
#4148 = CARTESIAN_POINT ( 'NONE',  ( -4.932999999999964300, 7.799999999999930500, -0.08890000000001181700 ) ) ;
#4149 = AXIS2_PLACEMENT_3D ( 'NONE', #1833, #1890, #1360 ) ;
#4150 = CARTESIAN_POINT ( 'NONE',  ( 2.319999999999892400, 8.300000000000011400, -3.349999999999985000 ) ) ;
#4151 = DIRECTION ( 'NONE',  ( 1.000000000000000000, -2.999321443644220700E-032, -1.224606353822354600E-016 ) ) ;
#4152 = ORIENTED_EDGE ( 'NONE', *, *, #4541, .F. ) ;
#4153 = CARTESIAN_POINT ( 'NONE',  ( 0.3199999999999936800, 7.199999999999982400, -5.989999999999990400 ) ) ;
#4154 = CARTESIAN_POINT ( 'NONE',  ( 5.686159899499053900, -0.2999999999999555800, -1.300000000001073400 ) ) ;
#4155 = VERTEX_POINT ( 'NONE', #2665 ) ;
#4156 = CARTESIAN_POINT ( 'NONE',  ( -5.410000000000028600, 8.199999999999935300, -8.849999999999976600 ) ) ;
#4157 = DIRECTION ( 'NONE',  ( -1.000000000000000000, -5.546970267633875300E-046, -2.264797275598023500E-030 ) ) ;
#4158 = VERTEX_POINT ( 'NONE', #2913 ) ;
#4159 = EDGE_CURVE ( 'NONE', #5359, #3718, #1371, .T. ) ;
#4160 = DIRECTION ( 'NONE',  ( -1.224646799147600200E-016, 2.535786251118051400E-015, 1.000000000000000000 ) ) ;
#4161 = VECTOR ( 'NONE', #4237, 1000.000000000000000 ) ;
#4162 = ORIENTED_EDGE ( 'NONE', *, *, #2248, .F. ) ;
#4163 = DIRECTION ( 'NONE',  ( -1.000000000000000000, 2.999321443644220700E-032, 1.224606353822354600E-016 ) ) ;
#4164 = LINE ( 'NONE', #4243, #2797 ) ;
#4165 = ORIENTED_EDGE ( 'NONE', *, *, #5452, .F. ) ;
#4166 = CARTESIAN_POINT ( 'NONE',  ( -1.269999999999994200, -2.815439342957654700, -1.849999999999926100 ) ) ;
#4167 = EDGE_CURVE ( 'NONE', #742, #4221, #78, .T. ) ;
#4168 = CYLINDRICAL_SURFACE ( 'NONE', #2850, 0.2500000000000279800 ) ;
#4169 = EDGE_LOOP ( 'NONE', ( #5510, #5234, #5603, #5576 ) ) ;
#4170 = VECTOR ( 'NONE', #4287, 1000.000000000000000 ) ;
#4171 = CARTESIAN_POINT ( 'NONE',  ( -6.233499999999929200, 6.399999999999917800, -2.749999999999967600 ) ) ;
#4172 = VECTOR ( 'NONE', #1616, 1000.000000000000100 ) ;
#4173 = ORIENTED_EDGE ( 'NONE', *, *, #1201, .T. ) ;
#4174 = VERTEX_POINT ( 'NONE', #2272 ) ;
#4175 = FACE_BOUND ( 'NONE', #5651, .T. ) ;
#4176 = TOROIDAL_SURFACE ( 'NONE', #1507, 0.1999999999999179100, 0.3000000000000063200 ) ;
#4177 = ORIENTED_EDGE ( 'NONE', *, *, #5176, .T. ) ;
#4178 = CARTESIAN_POINT ( 'NONE',  ( -6.159999999999962000, -5.740807911353979400E-014, -7.299999999999936800 ) ) ;
#4179 = CARTESIAN_POINT ( 'NONE',  ( 2.859999999999932800, 8.000000000000010700, -5.349999999999983700 ) ) ;
#4180 = CIRCLE ( 'NONE', #2487, 0.1999999999998964300 ) ;
#4181 = ORIENTED_EDGE ( 'NONE', *, *, #4955, .T. ) ;
#4182 = CARTESIAN_POINT ( 'NONE',  ( -2.220000000000057900, 8.199999999999958400, -2.810000000000004900 ) ) ;
#4183 = ORIENTED_EDGE ( 'NONE', *, *, #3292, .F. ) ;
#4184 = CARTESIAN_POINT ( 'NONE',  ( 5.712312474837514900, -0.3000001681890930900, -1.305000401461582100 ) ) ;
#4185 = CARTESIAN_POINT ( 'NONE',  ( -2.539999999999939200, -3.300000000000043300, -5.450000000000009900 ) ) ;
#4186 = ORIENTED_EDGE ( 'NONE', *, *, #1443, .T. ) ;
#4187 = VERTEX_POINT ( 'NONE', #2395 ) ;
#4188 = CARTESIAN_POINT ( 'NONE',  ( 5.739736889821950100, -0.2999994113373410400, -1.315903388384351600 ) ) ;
#4189 = DIRECTION ( 'NONE',  ( -9.859894204913363300E-045, 1.059261469412979700E-030, -1.000000000000000000 ) ) ;
#4190 = ORIENTED_EDGE ( 'NONE', *, *, #2077, .T. ) ;
#4191 = LINE ( 'NONE', #4171, #2326 ) ;
#4192 = VECTOR ( 'NONE', #5361, 1000.000000000000000 ) ;
#4193 = EDGE_CURVE ( 'NONE', #1946, #2458, #2111, .T. ) ;
#4194 = VERTEX_POINT ( 'NONE', #2200 ) ;
#4195 = ORIENTED_EDGE ( 'NONE', *, *, #3147, .T. ) ;
#4196 = DIRECTION ( 'NONE',  ( -2.279793882816244900E-030, 2.449212707644743700E-016, 1.000000000000000000 ) ) ;
#4197 = DIRECTION ( 'NONE',  ( 0.3015113445779052400, 0.9045340337332477000, 0.3015113445777513600 ) ) ;
#4198 = ADVANCED_FACE ( 'NONE', ( #1289 ), #2343, .T. ) ;
#4199 = ORIENTED_EDGE ( 'NONE', *, *, #2037, .T. ) ;
#4200 = CARTESIAN_POINT ( 'NONE',  ( 5.742756459146972900, -0.2999993115160297700, -1.317187349048361700 ) ) ;
#4201 = APPROVAL_STATUS ( 'not_yet_approved' ) ;
#4202 = DIRECTION ( 'NONE',  ( 0.9486832980505202100, -0.3162277660168187900, 0.0000000000000000000 ) ) ;
#4203 = ORIENTED_EDGE ( 'NONE', *, *, #4480, .T. ) ;
#4204 = CARTESIAN_POINT ( 'NONE',  ( -7.559999999999938300, -7.112333113262164600E-014, -4.409999999999975300 ) ) ;
#4205 = ORIENTED_EDGE ( 'NONE', *, *, #2246, .F. ) ;
#4206 = LINE ( 'NONE', #5248, #3246 ) ;
#4207 = CARTESIAN_POINT ( 'NONE',  ( 5.748733837659036900, -0.2999990720434858000, -1.319897770906269600 ) ) ;
#4208 = CARTESIAN_POINT ( 'NONE',  ( 2.860000000000026500, -2.999999999999996900, -5.349999999999989900 ) ) ;
#4209 = PLANE ( 'NONE',  #4679 ) ;
#4210 = EDGE_LOOP ( 'NONE', ( #5316, #5272, #5299, #2777 ) ) ;
#4211 = FACE_OUTER_BOUND ( 'NONE', #4021, .T. ) ;
#4212 = CARTESIAN_POINT ( 'NONE',  ( 2.219999999999977100, -2.999999999999999100, -5.349999999999989900 ) ) ;
#4213 = DIRECTION ( 'NONE',  ( -9.308272310119528700E-015, 1.000000000000000000, 0.0000000000000000000 ) ) ;
#4214 = FACE_OUTER_BOUND ( 'NONE', #2878, .T. ) ;
#4215 = EDGE_LOOP ( 'NONE', ( #3824, #4036, #4027, #4177 ) ) ;
#4216 = CARTESIAN_POINT ( 'NONE',  ( 0.3199999999999936800, 7.199999999999982400, -5.989999999999990400 ) ) ;
#4217 = CARTESIAN_POINT ( 'NONE',  ( -3.682999999999967400, 5.299999999999937600, -0.08890000000001090100 ) ) ;
#4218 = VECTOR ( 'NONE', #1127, 1000.000000000000000 ) ;
#4219 = ORIENTED_EDGE ( 'NONE', *, *, #3574, .F. ) ;
#4220 = LINE ( 'NONE', #5338, #3914 ) ;
#4221 = VERTEX_POINT ( 'NONE', #1784 ) ;
#4222 = DIRECTION ( 'NONE',  ( 9.308272310119528700E-015, -1.000000000000000000, -0.0000000000000000000 ) ) ;
#4223 = FACE_OUTER_BOUND ( 'NONE', #1343, .T. ) ;
#4224 = VERTEX_POINT ( 'NONE', #1760 ) ;
#4225 = CARTESIAN_POINT ( 'NONE',  ( 5.748113850686187300, -0.2999991154825631400, -1.319638160935810300 ) ) ;
#4226 = VERTEX_POINT ( 'NONE', #1859 ) ;
#4227 = CARTESIAN_POINT ( 'NONE',  ( -2.219999999999950900, -3.300000000000040200, -5.990000000000014400 ) ) ;
#4228 = CARTESIAN_POINT ( 'NONE',  ( 5.752348175504348400, -0.2999991689149745800, -1.321773092822832800 ) ) ;
#4229 = FACE_OUTER_BOUND ( 'NONE', #3403, .T. ) ;
#4230 = LINE ( 'NONE', #5033, #4365 ) ;
#4231 = ORIENTED_EDGE ( 'NONE', *, *, #3421, .F. ) ;
#4232 = DIRECTION ( 'NONE',  ( 0.6882472016116602000, 0.2294157338705752300, -0.6882472016117059400 ) ) ;
#4233 = CARTESIAN_POINT ( 'NONE',  ( 5.757226016253920200, -0.2999993049783092900, -1.324303111863864400 ) ) ;
#4234 = VECTOR ( 'NONE', #4983, 1000.000000000000000 ) ;
#4235 = EDGE_LOOP ( 'NONE', ( #92, #4982, #3871, #1395 ) ) ;
#4236 = EDGE_CURVE ( 'NONE', #4187, #5245, #1834, .T. ) ;
#4237 = DIRECTION ( 'NONE',  ( 1.000000000000000000, 9.308272310119528700E-015, -0.0000000000000000000 ) ) ;
#4238 = EDGE_LOOP ( 'NONE', ( #5274, #5277, #5345, #5381 ) ) ;
#4239 = CARTESIAN_POINT ( 'NONE',  ( 2.760000000000023300, -3.299999999999994000, -5.990000000000000200 ) ) ;
#4240 = AXIS2_PLACEMENT_3D ( 'NONE', #186, #184, #1244 ) ;
#4241 = ORIENTED_EDGE ( 'NONE', *, *, #379, .T. ) ;
#4242 = ORIENTED_EDGE ( 'NONE', *, *, #2214, .F. ) ;
#4243 = CARTESIAN_POINT ( 'NONE',  ( -5.910000000000028600, -7.251739330131780400E-014, -8.799999999999956300 ) ) ;
#4244 = CARTESIAN_POINT ( 'NONE',  ( 1.919999999999944400, 4.822976347379446700E-015, -5.049999999999948300 ) ) ;
#4245 = CARTESIAN_POINT ( 'NONE',  ( 5.770482033171995300, -0.2999996516761870800, -1.332544202795173500 ) ) ;
#4246 = EDGE_CURVE ( 'NONE', #4226, #258, #3131, .T. ) ;
#4247 = LINE ( 'NONE', #4922, #686 ) ;
#4248 = ORIENTED_EDGE ( 'NONE', *, *, #3524, .F. ) ;
#4249 = DIRECTION ( 'NONE',  ( 9.308272310119528700E-015, -1.000000000000000000, -0.0000000000000000000 ) ) ;
#4250 = LINE ( 'NONE', #4369, #616 ) ;
#4251 = VERTEX_POINT ( 'NONE', #1670 ) ;
#4252 = CARTESIAN_POINT ( 'NONE',  ( 5.781143582620716300, -0.2999998790510197700, -1.340338503260588300 ) ) ;
#4253 = DIRECTION ( 'NONE',  ( 1.000000000000000000, 5.546970267633875300E-046, 2.264797275598023500E-030 ) ) ;
#4254 = VECTOR ( 'NONE', #497, 1000.000000000000000 ) ;
#4255 = CARTESIAN_POINT ( 'NONE',  ( 5.792373945229070600, -0.2999999965120490600, -1.349761267138254200 ) ) ;
#4256 = EDGE_LOOP ( 'NONE', ( #4039, #3807, #3681, #3584 ) ) ;
#4257 = LINE ( 'NONE', #1093, #2762 ) ;
#4258 = LINE ( 'NONE', #4440, #751 ) ;
#4259 = LINE ( 'NONE', #58, #4752 ) ;
#4260 = ORIENTED_EDGE ( 'NONE', *, *, #491, .T. ) ;
#4261 = EDGE_CURVE ( 'NONE', #4782, #3064, #4114, .T. ) ;
#4262 = CARTESIAN_POINT ( 'NONE',  ( 5.797532665470932900, -0.2999999977507339400, -1.354575558269398300 ) ) ;
#4263 = CARTESIAN_POINT ( 'NONE',  ( 5.821238442364084200, -0.3000000057798706800, -1.378739386095843900 ) ) ;
#4264 = ORIENTED_EDGE ( 'NONE', *, *, #5216, .T. ) ;
#4265 = CARTESIAN_POINT ( 'NONE',  ( 1.269999999999986500, 2.399999999999988800, -1.160000000000001300 ) ) ;
#4266 = CARTESIAN_POINT ( 'NONE',  ( 5.835342391595416300, -0.2999998484117030200, -1.399725680845164800 ) ) ;
#4267 = ORIENTED_EDGE ( 'NONE', *, *, #1226, .T. ) ;
#4268 = CARTESIAN_POINT ( 'NONE',  ( 5.855206709252144900, -0.2999997919787992800, -1.447895437277747500 ) ) ;
#4269 = LINE ( 'NONE', #2331, #3007 ) ;
#4270 = ORIENTED_EDGE ( 'NONE', *, *, #2792, .F. ) ;
#4271 = VECTOR ( 'NONE', #1697, 1000.000000000000000 ) ;
#4272 = EDGE_CURVE ( 'NONE', #3952, #5145, #3783, .T. ) ;
#4273 = LINE ( 'NONE', #3713, #2971 ) ;
#4274 = ORIENTED_EDGE ( 'NONE', *, *, #1485, .F. ) ;
#4275 = CARTESIAN_POINT ( 'NONE',  ( 5.860244742108021900, -0.2999999999999716800, -1.473990356806781400 ) ) ;
#4276 = LINE ( 'NONE', #585, #4652 ) ;
#4277 = CARTESIAN_POINT ( 'NONE',  ( 5.859999999978733800, -0.2999999999999544700, -1.500000015941340000 ) ) ;
#4278 = FACE_OUTER_BOUND ( 'NONE', #2183, .T. ) ;
#4279 = ORIENTED_EDGE ( 'NONE', *, *, #3049, .T. ) ;
#4280 = CARTESIAN_POINT ( 'NONE',  ( -0.1600000000000511300, 8.149999999999989700, -5.399999999999982600 ) ) ;
#4281 = CARTESIAN_POINT ( 'NONE',  ( -2.219999999999983300, 0.09999999999995690100, -5.989999999999998400 ) ) ;
#4282 = PLANE ( 'NONE',  #2237 ) ;
#4283 = VECTOR ( 'NONE', #2117, 1000.000000000000000 ) ;
#4284 = EDGE_LOOP ( 'NONE', ( #2008, #1560, #1117, #588 ) ) ;
#4285 = TOROIDAL_SURFACE ( 'NONE', #3108, 0.1999999999998955700, 0.2999999999999913800 ) ;
#4286 = ORIENTED_EDGE ( 'NONE', *, *, #4647, .F. ) ;
#4287 = DIRECTION ( 'NONE',  ( -1.000000000000000000, 2.999321443644220700E-032, 1.224606353822354600E-016 ) ) ;
#4288 = FACE_OUTER_BOUND ( 'NONE', #452, .T. ) ;
#4289 = ORIENTED_EDGE ( 'NONE', *, *, #666, .T. ) ;
#4290 = ORIENTED_EDGE ( 'NONE', *, *, #2376, .T. ) ;
#4291 = EDGE_CURVE ( 'NONE', #3033, #4540, #4694, .T. ) ;
#4292 = DIRECTION ( 'NONE',  ( 1.000000000000000000, 9.308272310119528700E-015, 0.0000000000000000000 ) ) ;
#4293 = CARTESIAN_POINT ( 'NONE',  ( -2.860000000000022500, 7.999999999999967100, -5.350000000000002300 ) ) ;
#4294 = VECTOR ( 'NONE', #4196, 1000.000000000000000 ) ;
#4295 = VECTOR ( 'NONE', #5306, 1000.000000000000000 ) ;
#4296 = DIRECTION ( 'NONE',  ( -2.827357798649747700E-015, 0.3162277660168422700, 0.9486832980505123200 ) ) ;
#4297 = ORIENTED_EDGE ( 'NONE', *, *, #1628, .T. ) ;
#4298 = ORIENTED_EDGE ( 'NONE', *, *, #658, .F. ) ;
#4299 = DIRECTION ( 'NONE',  ( -0.0000000000000000000, -1.000000000000000000, 1.224606353822366900E-016 ) ) ;
#4300 = LINE ( 'NONE', #4683, #4534 ) ;
#4301 = VECTOR ( 'NONE', #5174, 1000.000000000000000 ) ;
#4302 = DIRECTION ( 'NONE',  ( 0.0000000000000000000, -0.9486832980505123200, 0.3162277660168422700 ) ) ;
#4303 = PRODUCT_DEFINITION ( 'UNKNOWN', '', #5796, #673 ) ;
#4304 = CARTESIAN_POINT ( 'NONE',  ( -6.349999999999967700, 2.049999999999924300, -1.149999999999977700 ) ) ;
#4305 = EDGE_LOOP ( 'NONE', ( #2155, #2215, #2408, #3987 ) ) ;
#4306 = ORIENTED_EDGE ( 'NONE', *, *, #4327, .T. ) ;
#4307 = EDGE_CURVE ( 'NONE', #4540, #3952, #4766, .T. ) ;
#4308 = VERTEX_POINT ( 'NONE', #1600 ) ;
#4309 = PLANE ( 'NONE',  #84 ) ;
#4310 = EDGE_LOOP ( 'NONE', ( #4437, #4803, #5713, #4977 ) ) ;
#4311 = CARTESIAN_POINT ( 'NONE',  ( -0.6199999999999927800, -1.879439296979568300E-014, -2.509999999999964700 ) ) ;
#4312 = EDGE_CURVE ( 'NONE', #1564, #2684, #3198, .T. ) ;
#4313 = LINE ( 'NONE', #4919, #3632 ) ;
#4314 = FACE_OUTER_BOUND ( 'NONE', #4045, .T. ) ;
#4315 = VECTOR ( 'NONE', #272, 1000.000000000000000 ) ;
#4316 = DIRECTION ( 'NONE',  ( 9.859894204913363300E-045, -1.059261469412979700E-030, 1.000000000000000000 ) ) ;
#4317 = VERTEX_POINT ( 'NONE', #1364 ) ;
#4318 = CARTESIAN_POINT ( 'NONE',  ( 1.269999999999991100, 2.049999999999994500, -1.849999999999928100 ) ) ;
#4319 = LINE ( 'NONE', #1999, #2320 ) ;
#4320 = CARTESIAN_POINT ( 'NONE',  ( -2.220000000000057900, 7.999999999999961800, -3.449999999999990000 ) ) ;
#4321 = EDGE_CURVE ( 'NONE', #1531, #2541, #5389, .T. ) ;
#4322 = ORIENTED_EDGE ( 'NONE', *, *, #2493, .F. ) ;
#4323 = AXIS2_PLACEMENT_3D ( 'NONE', #1040, #1032, #1019 ) ;
#4324 = CARTESIAN_POINT ( 'NONE',  ( -5.409999999999953100, -5.151274232516768700E-014, -8.849999999999976600 ) ) ;
#4325 = EDGE_LOOP ( 'NONE', ( #4152, #3407, #1401, #3662 ) ) ;
#4326 = CARTESIAN_POINT ( 'NONE',  ( 2.859999999999915500, 8.200000000000008200, -2.809999999999985400 ) ) ;
#4327 = EDGE_CURVE ( 'NONE', #5411, #3484, #2014, .T. ) ;
#4328 = DIRECTION ( 'NONE',  ( 1.000000000000000000, 9.308272310119528700E-015, 0.0000000000000000000 ) ) ;
#4329 = DIRECTION ( 'NONE',  ( 0.6882472016117144900, -0.2294157338705474200, 0.6882472016116608600 ) ) ;
#4330 = CARTESIAN_POINT ( 'NONE',  ( 0.3199999999999843500, 0.09999999999998204800, -3.449999999999974000 ) ) ;
#4331 = ORIENTED_EDGE ( 'NONE', *, *, #5153, .T. ) ;
#4332 = LINE ( 'NONE', #3230, #3326 ) ;
#4333 = DIRECTION ( 'NONE',  ( 1.000000000000000000, 5.546970267633875300E-046, 2.264797275598023500E-030 ) ) ;
#4334 = CARTESIAN_POINT ( 'NONE',  ( 2.219999999999968700, 0.09999999999999895100, -5.989999999999983300 ) ) ;
#4335 = EDGE_CURVE ( 'NONE', #2458, #158, #2568, .T. ) ;
#4336 = EDGE_CURVE ( 'NONE', #4823, #4619, #3322, .T. ) ;
#4337 = ORIENTED_EDGE ( 'NONE', *, *, #3066, .T. ) ;
#4338 = LINE ( 'NONE', #4326, #5383 ) ;
#4339 = ORIENTED_EDGE ( 'NONE', *, *, #4583, .F. ) ;
#4340 = EDGE_CURVE ( 'NONE', #1038, #4194, #3103, .T. ) ;
#4341 = DIRECTION ( 'NONE',  ( 0.6882472016117096000, 0.2294157338705690400, 0.6882472016116585300 ) ) ;
#4342 = VECTOR ( 'NONE', #4157, 1000.000000000000000 ) ;
#4343 = ORIENTED_EDGE ( 'NONE', *, *, #1331, .F. ) ;
#4344 = DIRECTION ( 'NONE',  ( -9.308272310119528700E-015, 1.000000000000000000, -3.673819061467121400E-016 ) ) ;
#4345 = ORIENTED_EDGE ( 'NONE', *, *, #1577, .T. ) ;
#4346 = PLANE ( 'NONE',  #5160 ) ;
#4347 = DIRECTION ( 'NONE',  ( -9.859894204913363300E-045, 1.059261469412979700E-030, -1.000000000000000000 ) ) ;
#4348 = EDGE_CURVE ( 'NONE', #3179, #2733, #5522, .T. ) ;
#4349 = DIRECTION ( 'NONE',  ( 0.3015113445777561900, -0.9045340337332908900, 0.3015113445777706200 ) ) ;
#4350 = FACE_OUTER_BOUND ( 'NONE', #641, .T. ) ;
#4351 = ORIENTED_EDGE ( 'NONE', *, *, #2600, .F. ) ;
#4352 = EDGE_CURVE ( 'NONE', #511, #4700, #4386, .T. ) ;
#4353 = EDGE_LOOP ( 'NONE', ( #116, #2676, #1410, #3990 ) ) ;
#4354 = LINE ( 'NONE', #2851, #523 ) ;
#4355 = EDGE_LOOP ( 'NONE', ( #4101, #942, #3727, #1430, #2613 ) ) ;
#4356 = DIRECTION ( 'NONE',  ( -1.000000000000000000, -8.940890403973067100E-016, -2.682267121191879100E-015 ) ) ;
#4357 = CARTESIAN_POINT ( 'NONE',  ( 0.3200000000000947100, 7.199999999999976200, -5.349999999999988100 ) ) ;
#4358 = DIRECTION ( 'NONE',  ( -1.000000000000000000, -9.107298248877218000E-015, 0.0000000000000000000 ) ) ;
#4359 = AXIS2_PLACEMENT_3D ( 'NONE', #3501, #3497, #3493 ) ;
#4360 = CIRCLE ( 'NONE', #970, 0.4999999999999241200 ) ;
#4361 = LINE ( 'NONE', #5218, #4494 ) ;
#4362 = ORIENTED_EDGE ( 'NONE', *, *, #4397, .F. ) ;
#4363 = CARTESIAN_POINT ( 'NONE',  ( -0.0003806904314326342400, -0.5830951894845837200, -8.849999999999948100 ) ) ;
#4364 = FACE_OUTER_BOUND ( 'NONE', #79, .T. ) ;
#4365 = VECTOR ( 'NONE', #4918, 1000.000000000000000 ) ;
#4366 = AXIS2_PLACEMENT_3D ( 'NONE', #5607, #5599, #5593 ) ;
#4367 = DIRECTION ( 'NONE',  ( 0.0000000000000000000, -1.000000000000000000, 2.449212707644755500E-016 ) ) ;
#4368 = VERTEX_POINT ( 'NONE', #1121 ) ;
#4369 = CARTESIAN_POINT ( 'NONE',  ( -1.919999999999911300, -1.862467530354725900E-014, -4.409999999999975300 ) ) ;
#4370 = EDGE_CURVE ( 'NONE', #2948, #1191, #3443, .T. ) ;
#4371 = LINE ( 'NONE', #218, #3088 ) ;
#4372 = ORIENTED_EDGE ( 'NONE', *, *, #3191, .T. ) ;
#4373 = CARTESIAN_POINT ( 'NONE',  ( 0.3200000000000899900, -3.150000000000011900, -3.399999999999991000 ) ) ;
#4374 = FACE_OUTER_BOUND ( 'NONE', #712, .T. ) ;
#4375 = EDGE_LOOP ( 'NONE', ( #4135, #602, #3554, #1743 ) ) ;
#4376 = ORIENTED_EDGE ( 'NONE', *, *, #3837, .T. ) ;
#4377 = VECTOR ( 'NONE', #4112, 1000.000000000000000 ) ;
#4378 = LINE ( 'NONE', #5194, #4512 ) ;
#4379 = CARTESIAN_POINT ( 'NONE',  ( 0.3199999999999890700, 7.999999999999989300, -3.449999999999977500 ) ) ;
#4380 = ORIENTED_EDGE ( 'NONE', *, *, #2448, .T. ) ;
#4381 = CARTESIAN_POINT ( 'NONE',  ( -0.3199999999999701400, 7.199999999999976200, -5.349999999999988100 ) ) ;
#4382 = VECTOR ( 'NONE', #5371, 1000.000000000000000 ) ;
#4383 = ORIENTED_EDGE ( 'NONE', *, *, #4398, .T. ) ;
#4384 = CARTESIAN_POINT ( 'NONE',  ( 5.409999999999933500, 4.914344676456233300E-014, -8.849999999999980100 ) ) ;
#4385 = EDGE_LOOP ( 'NONE', ( #1850, #2116, #3382, #3788 ) ) ;
#4386 = LINE ( 'NONE', #1132, #4105 ) ;
#4387 = CARTESIAN_POINT ( 'NONE',  ( 2.859999999999990100, 0.09999999999999800700, -3.449999999999980200 ) ) ;
#4388 = ORIENTED_EDGE ( 'NONE', *, *, #2364, .F. ) ;
#4389 = CARTESIAN_POINT ( 'NONE',  ( 0.3200000000000594000, 0.09999999999999052700, -5.349999999999981000 ) ) ;
#4390 = PLANE ( 'NONE',  #228 ) ;
#4391 = EDGE_CURVE ( 'NONE', #5405, #869, #4088, .T. ) ;
#4392 = ORIENTED_EDGE ( 'NONE', *, *, #2591, .T. ) ;
#4393 = DIRECTION ( 'NONE',  ( 2.827357798649741400E-015, -0.3162277660168416000, -0.9486832980505126600 ) ) ;
#4394 = EDGE_CURVE ( 'NONE', #3758, #5122, #2844, .T. ) ;
#4395 = DIRECTION ( 'NONE',  ( 9.308272310119528700E-015, -1.000000000000000000, 0.0000000000000000000 ) ) ;
#4396 = ORIENTED_EDGE ( 'NONE', *, *, #5232, .T. ) ;
#4397 = EDGE_CURVE ( 'NONE', #2795, #4427, #5538, .T. ) ;
#4398 = EDGE_CURVE ( 'NONE', #4939, #4981, #2149, .T. ) ;
#4399 = CARTESIAN_POINT ( 'NONE',  ( -2.319999999999951400, -3.300000000000038900, -5.889999999999994400 ) ) ;
#4400 = ORIENTED_EDGE ( 'NONE', *, *, #1556, .F. ) ;
#4401 = FACE_OUTER_BOUND ( 'NONE', #3156, .T. ) ;
#4402 = ORIENTED_EDGE ( 'NONE', *, *, #1052, .F. ) ;
#4403 = CARTESIAN_POINT ( 'NONE',  ( 2.759999999999925200, 8.300000000000009600, -2.909999999999992600 ) ) ;
#4404 = DIRECTION ( 'NONE',  ( 0.0000000000000000000, 0.9486832980505125500, -0.3162277660168415500 ) ) ;
#4405 = CARTESIAN_POINT ( 'NONE',  ( -2.249999999999974700, 2.049999999999964300, -1.149999999999977300 ) ) ;
#4406 = CARTESIAN_POINT ( 'NONE',  ( -0.3200000000000450800, 8.199999999999978000, -2.809999999999988500 ) ) ;
#4407 = EDGE_LOOP ( 'NONE', ( #3081, #3304, #1439, #626 ) ) ;
#4408 = LINE ( 'NONE', #2375, #3279 ) ;
#4409 = ORIENTED_EDGE ( 'NONE', *, *, #4340, .F. ) ;
#4410 = VECTOR ( 'NONE', #2235, 1000.000000000000100 ) ;
#4411 = ORIENTED_EDGE ( 'NONE', *, *, #1562, .T. ) ;
#4412 = DIRECTION ( 'NONE',  ( 1.000000000000000000, 9.308272310119528700E-015, 0.0000000000000000000 ) ) ;
#4413 = EDGE_LOOP ( 'NONE', ( #5465, #3027, #3295, #3566 ) ) ;
#4414 = FACE_OUTER_BOUND ( 'NONE', #930, .T. ) ;
#4415 = EDGE_CURVE ( 'NONE', #2134, #4818, #2597, .T. ) ;
#4416 = PLANE ( 'NONE',  #1367 ) ;
#4417 = VERTEX_POINT ( 'NONE', #881 ) ;
#4418 = LINE ( 'NONE', #5175, #4301 ) ;
#4419 = CARTESIAN_POINT ( 'NONE',  ( -6.460000000000008000, -7.172583745870224400E-014, -6.049999999999950100 ) ) ;
#4420 = UNCERTAINTY_MEASURE_WITH_UNIT (LENGTH_MEASURE( 1.000000000000000100E-005 ), #2244, 'distance_accuracy_value', 'NONE');
#4421 = LINE ( 'NONE', #4978, #4013 ) ;
#4422 = ORIENTED_EDGE ( 'NONE', *, *, #1523, .F. ) ;
#4423 = CARTESIAN_POINT ( 'NONE',  ( -6.460000000000033700, 8.299999999999888800, -1.149999999999970600 ) ) ;
#4424 = CARTESIAN_POINT ( 'NONE',  ( 49.56650000000019000, 2.400000000000438700, -7.649999999999963100 ) ) ;
#4425 = LOCAL_TIME ( 23, 59, 36.00000000000000000, #3550 ) ;
#4426 = ORIENTED_EDGE ( 'NONE', *, *, #2681, .F. ) ;
#4427 = VERTEX_POINT ( 'NONE', #902 ) ;
#4428 = LINE ( 'NONE', #2139, #2188 ) ;
#4429 = LINE ( 'NONE', #119, #3512 ) ;
#4430 = ADVANCED_FACE ( 'NONE', ( #2083 ), #859, .T. ) ;
#4431 = ORIENTED_EDGE ( 'NONE', *, *, #3722, .F. ) ;
#4432 = DIRECTION ( 'NONE',  ( 0.0000000000000000000, -1.000000000000000000, 2.449212707644755500E-016 ) ) ;
#4433 = EDGE_CURVE ( 'NONE', #2590, #4547, #1433, .T. ) ;
#4434 = CARTESIAN_POINT ( 'NONE',  ( 2.249999999999910700, 8.800000000000013100, 6.164478581999069600E-016 ) ) ;
#4435 = VECTOR ( 'NONE', #4891, 1000.000000000000000 ) ;
#4436 = DIRECTION ( 'NONE',  ( 1.224606353822354600E-016, 2.449212707644755500E-016, 1.000000000000000000 ) ) ;
#4437 = ORIENTED_EDGE ( 'NONE', *, *, #2355, .T. ) ;
#4438 = CARTESIAN_POINT ( 'NONE',  ( 2.219999999999963300, 0.1000000000000013100, -2.809999999999988500 ) ) ;
#4439 = ORIENTED_EDGE ( 'NONE', *, *, #432, .F. ) ;
#4440 = CARTESIAN_POINT ( 'NONE',  ( 6.959999999999959100, 8.800000000000041600, -8.809999999999981000 ) ) ;
#4441 = ORIENTED_EDGE ( 'NONE', *, *, #5408, .T. ) ;
#4442 = VERTEX_POINT ( 'NONE', #715 ) ;
#4443 = VECTOR ( 'NONE', #4926, 1000.000000000000000 ) ;
#4444 = DIRECTION ( 'NONE',  ( -9.874671134872346600E-048, 1.000000000000000000, -8.063547199514710600E-032 ) ) ;
#4445 = DIRECTION ( 'NONE',  ( -9.308272310119528700E-015, 1.000000000000000000, 0.0000000000000000000 ) ) ;
#4446 = FACE_OUTER_BOUND ( 'NONE', #5324, .T. ) ;
#4447 = VECTOR ( 'NONE', #2536, 1000.000000000000000 ) ;
#4448 = VERTEX_POINT ( 'NONE', #761 ) ;
#4449 = EDGE_CURVE ( 'NONE', #4106, #721, #33, .T. ) ;
#4450 = ORIENTED_EDGE ( 'NONE', *, *, #1956, .T. ) ;
#4451 = EDGE_CURVE ( 'NONE', #1669, #4224, #1412, .T. ) ;
#4452 = DIRECTION ( 'NONE',  ( 0.3162277660168365000, -0.9486832980505143200, -3.872545315192722000E-017 ) ) ;
#4453 = EDGE_CURVE ( 'NONE', #2509, #2629, #1636, .T. ) ;
#4454 = ORIENTED_EDGE ( 'NONE', *, *, #2084, .T. ) ;
#4455 = VECTOR ( 'NONE', #3711, 1000.000000000000000 ) ;
#4456 = DIRECTION ( 'NONE',  ( -9.859894204913363300E-045, 1.059261469412979700E-030, -1.000000000000000000 ) ) ;
#4457 = CARTESIAN_POINT ( 'NONE',  ( 5.409999999999923800, 4.960496072962743600E-014, -8.799999999999956300 ) ) ;
#4458 = DIRECTION ( 'NONE',  ( 0.9486832980505143200, 0.3162277660168365000, 0.0000000000000000000 ) ) ;
#4459 = PLANE ( 'NONE',  #42 ) ;
#4460 = ORIENTED_EDGE ( 'NONE', *, *, #445, .T. ) ;
#4461 = EDGE_CURVE ( 'NONE', #2888, #2000, #396, .T. ) ;
#4462 = AXIS2_PLACEMENT_3D ( 'NONE', #5258, #5224, #5134 ) ;
#4463 = ORIENTED_EDGE ( 'NONE', *, *, #1359, .F. ) ;
#4464 = DIRECTION ( 'NONE',  ( 0.0000000000000000000, 1.000000000000000000, -2.449212707644743700E-016 ) ) ;
#4465 = VECTOR ( 'NONE', #3397, 1000.000000000000000 ) ;
#4466 = EDGE_CURVE ( 'NONE', #3674, #5146, #5088, .T. ) ;
#4467 = DIRECTION ( 'NONE',  ( 2.264797275598023500E-030, -2.449212707644743700E-016, -1.000000000000000000 ) ) ;
#4468 = LINE ( 'NONE', #4950, #3412 ) ;
#4469 = ORIENTED_EDGE ( 'NONE', *, *, #3231, .T. ) ;
#4470 = CARTESIAN_POINT ( 'NONE',  ( -2.249999999999974200, 4.729503543541661800E-013, 4.147790780544729500E-016 ) ) ;
#4471 = DIRECTION ( 'NONE',  ( -1.000000000000000000, -1.943454430809747400E-013, 0.0000000000000000000 ) ) ;
#4472 = FACE_OUTER_BOUND ( 'NONE', #4407, .T. ) ;
#4473 = ORIENTED_EDGE ( 'NONE', *, *, #1497, .T. ) ;
#4474 = ORIENTED_EDGE ( 'NONE', *, *, #5515, .T. ) ;
#4475 = LINE ( 'NONE', #2594, #4546 ) ;
#4476 = ORIENTED_EDGE ( 'NONE', *, *, #445, .F. ) ;
#4477 = AXIS2_PLACEMENT_3D ( 'NONE', #315, #303, #295 ) ;
#4478 = PLANE ( 'NONE',  #125 ) ;
#4479 = CARTESIAN_POINT ( 'NONE',  ( -2.860000000000030100, 7.999999999999960000, -5.990000000000003800 ) ) ;
#4480 = EDGE_CURVE ( 'NONE', #4706, #3316, #1264, .T. ) ;
#4481 = CARTESIAN_POINT ( 'NONE',  ( 0.3199999999999843500, 8.199999999999983300, -3.449999999999976200 ) ) ;
#4482 = FACE_OUTER_BOUND ( 'NONE', #4896, .T. ) ;
#4483 = ORIENTED_EDGE ( 'NONE', *, *, #1979, .F. ) ;
#4484 = LINE ( 'NONE', #1726, #4055 ) ;
#4485 = PLANE ( 'NONE',  #1011 ) ;
#4486 = VECTOR ( 'NONE', #4057, 1000.000000000000000 ) ;
#4487 = EDGE_CURVE ( 'NONE', #5740, #5035, #5460, .T. ) ;
#4488 = FACE_OUTER_BOUND ( 'NONE', #4603, .T. ) ;
#4489 = EDGE_CURVE ( 'NONE', #5673, #3758, #4250, .T. ) ;
#4490 = CARTESIAN_POINT ( 'NONE',  ( -2.859999999999979000, 2.399999999999951500, -3.449999999999989500 ) ) ;
#4491 = ORIENTED_EDGE ( 'NONE', *, *, #5153, .F. ) ;
#4492 = ADVANCED_FACE ( 'NONE', ( #3581 ), #4346, .T. ) ;
#4493 = VECTOR ( 'NONE', #5550, 1000.000000000000000 ) ;
#4494 = VECTOR ( 'NONE', #4938, 1000.000000000000000 ) ;
#4495 = CARTESIAN_POINT ( 'NONE',  ( -2.220000000000048600, -3.000000000000050200, -5.990000000000001100 ) ) ;
#4496 = ORIENTED_EDGE ( 'NONE', *, *, #2766, .F. ) ;
#4497 = DIRECTION ( 'NONE',  ( -1.943454430809747400E-013, 1.000000000000000000, -3.673819061467120900E-016 ) ) ;
#4498 = ORIENTED_EDGE ( 'NONE', *, *, #1926, .T. ) ;
#4499 = CARTESIAN_POINT ( 'NONE',  ( -2.219999999999952200, -3.150000000000035400, -3.400000000000004800 ) ) ;
#4500 = DIRECTION ( 'NONE',  ( -1.000000000000000000, -6.938893903907222100E-015, 0.0000000000000000000 ) ) ;
#4501 = LINE ( 'NONE', #2310, #5308 ) ;
#4502 = DIRECTION ( 'NONE',  ( 1.000000000000000000, 1.949236842396172800E-013, 0.0000000000000000000 ) ) ;
#4503 = ORIENTED_EDGE ( 'NONE', *, *, #4272, .F. ) ;
#4504 = EDGE_CURVE ( 'NONE', #5744, #1887, #5333, .T. ) ;
#4505 = LINE ( 'NONE', #5004, #4690 ) ;
#4506 = DIRECTION ( 'NONE',  ( 0.6882472016115910300, 0.2294157338705959100, -0.6882472016117682200 ) ) ;
#4507 = EDGE_CURVE ( 'NONE', #1747, #4665, #5797, .T. ) ;
#4508 = ADVANCED_FACE ( 'NONE', ( #3371 ), #3818, .T. ) ;
#4509 = ORIENTED_EDGE ( 'NONE', *, *, #5205, .F. ) ;
#4510 = ORIENTED_EDGE ( 'NONE', *, *, #2004, .T. ) ;
#4511 = VECTOR ( 'NONE', #1783, 1000.000000000000000 ) ;
#4512 = VECTOR ( 'NONE', #5137, 1000.000000000000000 ) ;
#4513 = EDGE_LOOP ( 'NONE', ( #1488, #4186, #4402, #2863 ) ) ;
#4514 = CARTESIAN_POINT ( 'NONE',  ( -3.159999999999923300, -4.212572886045717500E-014, -5.049999999999949200 ) ) ;
#4515 = DIRECTION ( 'NONE',  ( -9.308272310119528700E-015, 1.000000000000000000, -1.836909530733555800E-016 ) ) ;
#4516 = VERTEX_POINT ( 'NONE', #259 ) ;
#4517 = LINE ( 'NONE', #251, #973 ) ;
#4518 = EDGE_CURVE ( 'NONE', #3115, #1396, #2078, .T. ) ;
#4519 = VECTOR ( 'NONE', #3423, 1000.000000000000000 ) ;
#4520 = ORIENTED_EDGE ( 'NONE', *, *, #2941, .T. ) ;
#4521 = CARTESIAN_POINT ( 'NONE',  ( -0.4700000000000082400, 0.04999999999997704900, -4.874999999999968900 ) ) ;
#4522 = EDGE_CURVE ( 'NONE', #2271, #1148, #4579, .T. ) ;
#4523 = ORIENTED_EDGE ( 'NONE', *, *, #3076, .F. ) ;
#4524 = DIRECTION ( 'NONE',  ( 0.0000000000000000000, -1.000000000000000000, 2.891205793294617500E-015 ) ) ;
#4525 = DIRECTION ( 'NONE',  ( 1.000000000000000000, -2.999321443644220700E-032, -1.224606353822354600E-016 ) ) ;
#4526 = EDGE_LOOP ( 'NONE', ( #1647, #1758, #1966, #2053 ) ) ;
#4527 = CARTESIAN_POINT ( 'NONE',  ( -2.432999999999961600, 7.799999999999960700, -0.08890000000001181700 ) ) ;
#4528 = CARTESIAN_POINT ( 'NONE',  ( 5.659999999999884700, 8.200000000000036600, -8.849999999999978300 ) ) ;
#4529 = VERTEX_POINT ( 'NONE', #217 ) ;
#4530 = DIRECTION ( 'NONE',  ( 0.0000000000000000000, 1.000000000000000000, 1.059261469412979400E-030 ) ) ;
#4531 = DIRECTION ( 'NONE',  ( -1.224606353822377300E-016, -1.139896941408127200E-030, -1.000000000000000000 ) ) ;
#4532 = CARTESIAN_POINT ( 'NONE',  ( 0.3757359312881318700, -0.2999999999999077800, -1.500000000000022000 ) ) ;
#4533 = EDGE_CURVE ( 'NONE', #4251, #3911, #4517, .T. ) ;
#4534 = VECTOR ( 'NONE', #4884, 1000.000000000000000 ) ;
#4535 = AXIS2_PLACEMENT_3D ( 'NONE', #815, #803, #793 ) ;
#4536 = CARTESIAN_POINT ( 'NONE',  ( 2.759999999999924700, 8.300000000000009600, -5.889999999999984600 ) ) ;
#4537 = ORIENTED_EDGE ( 'NONE', *, *, #2726, .F. ) ;
#4538 = CARTESIAN_POINT ( 'NONE',  ( -2.700000000000037900, 8.299999999999961600, -2.910000000000009900 ) ) ;
#4539 = LINE ( 'NONE', #4672, #4673 ) ;
#4540 = VERTEX_POINT ( 'NONE', #182 ) ;
#4541 = EDGE_CURVE ( 'NONE', #4031, #4823, #3936, .T. ) ;
#4542 = CARTESIAN_POINT ( 'NONE',  ( 3.159999999999909100, 1.773365254736766400E-014, -3.749999999999953800 ) ) ;
#4543 = EDGE_CURVE ( 'NONE', #2134, #3115, #5164, .T. ) ;
#4544 = DIRECTION ( 'NONE',  ( -4.498982165467396500E-032, 1.059261469412979400E-030, -1.000000000000000000 ) ) ;
#4545 = CARTESIAN_POINT ( 'NONE',  ( -5.159999999999935300, -4.878347758833486100E-014, -1.499999999999979800 ) ) ;
#4546 = VECTOR ( 'NONE', #4213, 1000.000000000000000 ) ;
#4547 = VERTEX_POINT ( 'NONE', #167 ) ;
#4548 = ORIENTED_EDGE ( 'NONE', *, *, #2527, .F. ) ;
#4549 = VECTOR ( 'NONE', #4333, 1000.000000000000000 ) ;
#4550 = ORIENTED_EDGE ( 'NONE', *, *, #3028, .F. ) ;
#4551 = DIRECTION ( 'NONE',  ( 1.000000000000000000, 0.0000000000000000000, -1.224606353822376800E-016 ) ) ;
#4552 = VECTOR ( 'NONE', #4197, 1000.000000000000100 ) ;
#4553 = VERTEX_POINT ( 'NONE', #82 ) ;
#4554 = LINE ( 'NONE', #224, #231 ) ;
#4555 = ORIENTED_EDGE ( 'NONE', *, *, #5515, .F. ) ;
#4556 = CARTESIAN_POINT ( 'NONE',  ( -0.2200000000000519300, 8.299999999999995400, -5.449999999999989500 ) ) ;
#4557 = EDGE_CURVE ( 'NONE', #4442, #2775, #5621, .T. ) ;
#4558 = EDGE_CURVE ( 'NONE', #1372, #4665, #5235, .T. ) ;
#4559 = LINE ( 'NONE', #2120, #4283 ) ;
#4560 = LINE ( 'NONE', #5011, #4570 ) ;
#4561 = EDGE_LOOP ( 'NONE', ( #3456, #3544, #3704, #4130 ) ) ;
#4562 = DIRECTION ( 'NONE',  ( 9.308272310119528700E-015, -1.000000000000000000, 0.0000000000000000000 ) ) ;
#4563 = ORIENTED_EDGE ( 'NONE', *, *, #241, .F. ) ;
#4564 = DIRECTION ( 'NONE',  ( -1.000000000000000000, -9.308272310119528700E-015, 0.0000000000000000000 ) ) ;
#4565 = ORIENTED_EDGE ( 'NONE', *, *, #3097, .F. ) ;
#4566 = CARTESIAN_POINT ( 'NONE',  ( 2.219999999999938900, 2.399999999999999500, -5.989999999999988700 ) ) ;
#4567 = ORIENTED_EDGE ( 'NONE', *, *, #2068, .T. ) ;
#4568 = DIRECTION ( 'NONE',  ( 1.000000000000000000, 9.308272310119528700E-015, 0.0000000000000000000 ) ) ;
#4569 = EDGE_LOOP ( 'NONE', ( #4722, #3954, #1534, #1158 ) ) ;
#4570 = VECTOR ( 'NONE', #5084, 1000.000000000000000 ) ;
#4571 = ORIENTED_EDGE ( 'NONE', *, *, #4853, .F. ) ;
#4572 = DIRECTION ( 'NONE',  ( -1.000000000000000000, -9.308272310119528700E-015, -0.0000000000000000000 ) ) ;
#4573 = PLANE ( 'NONE',  #5688 ) ;
#4574 = AXIS2_PLACEMENT_3D ( 'NONE', #260, #3375, #3367 ) ;
#4575 = VERTEX_POINT ( 'NONE', #52 ) ;
#4576 = ADVANCED_FACE ( 'NONE', ( #5660 ), #5663, .T. ) ;
#4577 = ORIENTED_EDGE ( 'NONE', *, *, #1701, .T. ) ;
#4578 = DIRECTION ( 'NONE',  ( -1.000000000000000000, -9.308272310119743200E-015, 0.0000000000000000000 ) ) ;
#4579 = LINE ( 'NONE', #229, #4137 ) ;
#4580 = FACE_OUTER_BOUND ( 'NONE', #1075, .T. ) ;
#4581 = CARTESIAN_POINT ( 'NONE',  ( -5.409999999999997500, 8.199999999999935300, -8.799999999999956300 ) ) ;
#4582 = EDGE_LOOP ( 'NONE', ( #2186, #3167, #4199, #845 ) ) ;
#4583 = EDGE_CURVE ( 'NONE', #5705, #1372, #5321, .T. ) ;
#4584 = CARTESIAN_POINT ( 'NONE',  ( -2.220000000000048600, 2.399999999999956800, -5.990000000000002900 ) ) ;
#4585 = EDGE_LOOP ( 'NONE', ( #1023, #2353, #1977, #2485 ) ) ;
#4586 = APPROVAL ( #68, 'UNSPECIFIED' ) ;
#4587 = CARTESIAN_POINT ( 'NONE',  ( 5.160000000000047200, 4.727789265209954500E-014, -7.299999999999966100 ) ) ;
#4588 = ORIENTED_EDGE ( 'NONE', *, *, #2482, .T. ) ;
#4589 = EDGE_CURVE ( 'NONE', #4700, #2684, #4206, .T. ) ;
#4590 = ORIENTED_EDGE ( 'NONE', *, *, #1129, .F. ) ;
#4591 = EDGE_CURVE ( 'NONE', #5145, #2051, #2227, .T. ) ;
#4592 = LINE ( 'NONE', #5043, #1113 ) ;
#4593 = PLANE ( 'NONE',  #470 ) ;
#4594 = ORIENTED_EDGE ( 'NONE', *, *, #5095, .T. ) ;
#4595 =( BOUNDED_SURFACE ( )  B_SPLINE_SURFACE ( 3, 3, ( 
 ( #3202, #3555, #3141, #3024 ),
 ( #3014, #2966, #2826, #2761 ),
 ( #2751, #2803, #2710, #2728 ),
 ( #2651, #2554, #2307, #2047 ) ),
 .UNSPECIFIED., .F., .F., .T. ) 
 B_SPLINE_SURFACE_WITH_KNOTS ( ( 4, 4 ),
 ( 4, 4 ),
 ( 0.0000000000000000000, 1.000000000000000000 ),
 ( 0.0000000000000000000, 1.000000000000000000 ),
 .UNSPECIFIED. ) 
 GEOMETRIC_REPRESENTATION_ITEM ( )  RATIONAL_B_SPLINE_SURFACE ( (
 ( 1.000000000000000000, 0.3333333333333334300, 0.3333333333333334300, 1.000000000000000000),
 ( 0.8047378541244703000, 0.2682459513748234900, 0.2682459513748234900, 0.8047378541244703000),
 ( 0.8047378541244703000, 0.2682459513748234900, 0.2682459513748234900, 0.8047378541244703000),
 ( 1.000000000000000000, 0.3333333333333334300, 0.3333333333333334300, 1.000000000000000000) ) ) 
 REPRESENTATION_ITEM ( '' )  SURFACE ( )  );
#4596 = CARTESIAN_POINT ( 'NONE',  ( 7.651822942205007100E-014, -0.2999999999999912700, -7.299999999999965200 ) ) ;
#4597 = EDGE_CURVE ( 'NONE', #1570, #5245, #244, .T. ) ;
#4598 = CARTESIAN_POINT ( 'NONE',  ( 2.219999999999896300, 2.399999999999998600, -5.349999999999987200 ) ) ;
#4599 = VERTEX_POINT ( 'NONE', #4387 ) ;
#4600 = CARTESIAN_POINT ( 'NONE',  ( -7.536499999999927400, 8.200000000000040100, -8.799999999999956300 ) ) ;
#4601 = ORIENTED_EDGE ( 'NONE', *, *, #5416, .F. ) ;
#4602 = LINE ( 'NONE', #4769, #4218 ) ;
#4603 = EDGE_LOOP ( 'NONE', ( #5735, #1111, #2691, #1387 ) ) ;
#4604 = CARTESIAN_POINT ( 'NONE',  ( -2.860000000000030100, 7.999999999999960000, -3.449999999999990000 ) ) ;
#4605 = ORIENTED_EDGE ( 'NONE', *, *, #4685, .F. ) ;
#4606 = AXIS2_PLACEMENT_3D ( 'NONE', #1970, #1949, #2293 ) ;
#4607 = FACE_OUTER_BOUND ( 'NONE', #3623, .T. ) ;
#4608 = CARTESIAN_POINT ( 'NONE',  ( -0.2503806904314105400, -2.493664996716660200E-015, -8.849999999999948100 ) ) ;
#4609 = PLANE ( 'NONE',  #473 ) ;
#4610 = CARTESIAN_POINT ( 'NONE',  ( 0.3757359312881322600, -0.2999999999999091200, -0.7485281374239115500 ) ) ;
#4611 = LINE ( 'NONE', #4692, #5367 ) ;
#4612 = ORIENTED_EDGE ( 'NONE', *, *, #57, .T. ) ;
#4613 = EDGE_CURVE ( 'NONE', #3941, #2590, #4191, .T. ) ;
#4614 = VECTOR ( 'NONE', #117, 1000.000000000000000 ) ;
#4615 = VERTEX_POINT ( 'NONE', #4156 ) ;
#4616 = DIRECTION ( 'NONE',  ( 9.308272310119528700E-015, -1.000000000000000000, 0.0000000000000000000 ) ) ;
#4617 = CARTESIAN_POINT ( 'NONE',  ( 21.59000000000013100, 2.002128067073632400E-013, -6.289999999999966300 ) ) ;
#4618 = LINE ( 'NONE', #1619, #128 ) ;
#4619 = VERTEX_POINT ( 'NONE', #4060 ) ;
#4620 = FACE_BOUND ( 'NONE', #2521, .T. ) ;
#4621 = DIRECTION ( 'NONE',  ( 6.581942471616446400E-015, -0.7071067811865429100, -0.7071067811865522400 ) ) ;
#4622 = DIRECTION ( 'NONE',  ( -1.224606353822377300E-016, -1.139896941408127200E-030, -1.000000000000000000 ) ) ;
#4623 = LINE ( 'NONE', #403, #4234 ) ;
#4624 = ORIENTED_EDGE ( 'NONE', *, *, #3533, .F. ) ;
#4625 = DIRECTION ( 'NONE',  ( 0.0000000000000000000, -1.000000000000000000, 2.449212707644755500E-016 ) ) ;
#4626 = EDGE_LOOP ( 'NONE', ( #1315, #2831, #3890, #1480 ) ) ;
#4627 = CARTESIAN_POINT ( 'NONE',  ( 21.59000000000013100, 2.002128067073632400E-013, -2.509999999999965100 ) ) ;
#4628 = LINE ( 'NONE', #4960, #4677 ) ;
#4629 = LINE ( 'NONE', #4973, #3010 ) ;
#4630 = EDGE_CURVE ( 'NONE', #4187, #2718, #22, .T. ) ;
#4631 = ORIENTED_EDGE ( 'NONE', *, *, #4813, .F. ) ;
#4632 = PLANE ( 'NONE',  #3206 ) ;
#4633 = LINE ( 'NONE', #4912, #4435 ) ;
#4634 = CARTESIAN_POINT ( 'NONE',  ( 2.759999999999924700, 8.300000000000011400, -5.829999999999983200 ) ) ;
#4635 = DIRECTION ( 'NONE',  ( -9.308272310119528700E-015, 1.000000000000000000, 0.0000000000000000000 ) ) ;
#4636 = ORIENTED_EDGE ( 'NONE', *, *, #912, .T. ) ;
#4637 = LINE ( 'NONE', #393, #5053 ) ;
#4638 = DIRECTION ( 'NONE',  ( 1.000000000000000000, 9.308272310119528700E-015, 1.224606353822377000E-016 ) ) ;
#4639 = CARTESIAN_POINT ( 'NONE',  ( 6.459999999999952000, 2.400000000000036800, -2.749999999999967600 ) ) ;
#4640 = VERTEX_POINT ( 'NONE', #3576 ) ;
#4641 = LINE ( 'NONE', #2208, #4868 ) ;
#4642 = FACE_OUTER_BOUND ( 'NONE', #3737, .T. ) ;
#4643 = EDGE_CURVE ( 'NONE', #4818, #1396, #1576, .T. ) ;
#4644 = EDGE_LOOP ( 'NONE', ( #782, #4297, #88, #750 ) ) ;
#4645 = ADVANCED_FACE ( 'NONE', ( #3887 ), #3442, .T. ) ;
#4646 = EDGE_CURVE ( 'NONE', #4711, #1022, #5609, .T. ) ;
#4647 = EDGE_CURVE ( 'NONE', #731, #2590, #3692, .T. ) ;
#4648 = DIRECTION ( 'NONE',  ( -0.8944271909999158600, -0.4472135954999579800, 1.095321221129997400E-016 ) ) ;
#4649 = VERTEX_POINT ( 'NONE', #2455 ) ;
#4650 = DIRECTION ( 'NONE',  ( -0.0000000000000000000, 1.000000000000000000, -2.449212707644755500E-016 ) ) ;
#4651 = AXIS2_PLACEMENT_3D ( 'NONE', #910, #1251, #145 ) ;
#4652 = VECTOR ( 'NONE', #421, 1000.000000000000000 ) ;
#4653 = LINE ( 'NONE', #907, #5241 ) ;
#4654 = LINE ( 'NONE', #444, #2224 ) ;
#4655 = DIRECTION ( 'NONE',  ( -9.308272310119743200E-015, 1.000000000000000000, 1.367341569830488700E-015 ) ) ;
#4656 = EDGE_LOOP ( 'NONE', ( #4913, #4866, #4791, #4796 ) ) ;
#4657 = EDGE_CURVE ( 'NONE', #2544, #1993, #4319, .T. ) ;
#4658 = ORIENTED_EDGE ( 'NONE', *, *, #2588, .T. ) ;
#4659 = DIRECTION ( 'NONE',  ( 0.4472135954999579800, -0.8944271909999158600, 0.0000000000000000000 ) ) ;
#4660 = DIRECTION ( 'NONE',  ( 0.0000000000000000000, -0.7071067811865513500, -0.7071067811865438000 ) ) ;
#4661 = EDGE_CURVE ( 'NONE', #4553, #957, #3947, .T. ) ;
#4662 = DIRECTION ( 'NONE',  ( 3.419690824224371900E-030, -3.673819061467120900E-016, -1.000000000000000000 ) ) ;
#4663 = ORIENTED_EDGE ( 'NONE', *, *, #1403, .F. ) ;
#4664 = ORIENTED_EDGE ( 'NONE', *, *, #4813, .T. ) ;
#4665 = VERTEX_POINT ( 'NONE', #1431 ) ;
#4666 = CARTESIAN_POINT ( 'NONE',  ( 5.659999999999961100, 4.994586203179388800E-014, -1.499999999999972700 ) ) ;
#4667 = DIRECTION ( 'NONE',  ( -3.673819061467615800E-017, -1.224606353822506900E-017, 1.000000000000000000 ) ) ;
#4668 = DIRECTION ( 'NONE',  ( -1.000000000000000000, -6.938893903906452100E-015, 0.0000000000000000000 ) ) ;
#4669 = EDGE_LOOP ( 'NONE', ( #2419, #2702, #2648, #3017 ) ) ;
#4670 = ORIENTED_EDGE ( 'NONE', *, *, #2634, .F. ) ;
#4671 = CARTESIAN_POINT ( 'NONE',  ( -5.660000000000007200, 4.104350754937395000E-014, -7.299999999999936800 ) ) ;
#4672 = CARTESIAN_POINT ( 'NONE',  ( -2.220000000000048600, 7.199999999999959300, -5.349999999999999600 ) ) ;
#4673 = VECTOR ( 'NONE', #5462, 1000.000000000000000 ) ;
#4674 = VERTEX_POINT ( 'NONE', #1980 ) ;
#4675 = LINE ( 'NONE', #3415, #4465 ) ;
#4676 = EDGE_LOOP ( 'NONE', ( #550, #461, #216, #1928 ) ) ;
#4677 = VECTOR ( 'NONE', #4971, 1000.000000000000100 ) ;
#4678 = ORIENTED_EDGE ( 'NONE', *, *, #4941, .T. ) ;
#4679 = AXIS2_PLACEMENT_3D ( 'NONE', #3830, #2768, #1464 ) ;
#4680 = LINE ( 'NONE', #4389, #3200 ) ;
#4681 = ORIENTED_EDGE ( 'NONE', *, *, #2910, .T. ) ;
#4682 = ORIENTED_EDGE ( 'NONE', *, *, #4415, .T. ) ;
#4683 = CARTESIAN_POINT ( 'NONE',  ( -2.860000000000022500, 2.399999999999950600, -5.350000000000001400 ) ) ;
#4684 = CARTESIAN_POINT ( 'NONE',  ( -406.3905678623204400, 11.84999999999615400, -1.149999999999980800 ) ) ;
#4685 = EDGE_CURVE ( 'NONE', #322, #4516, #3984, .T. ) ;
#4686 = EDGE_CURVE ( 'NONE', #486, #1570, #2174, .T. ) ;
#4687 = CARTESIAN_POINT ( 'NONE',  ( 0.2503806904313903800, 8.199999999999969100, -8.849999999999949900 ) ) ;
#4688 = VECTOR ( 'NONE', #3197, 1000.000000000000000 ) ;
#4689 = ORIENTED_EDGE ( 'NONE', *, *, #1836, .T. ) ;
#4690 = VECTOR ( 'NONE', #4986, 1000.000000000000100 ) ;
#4691 = CC_DESIGN_PERSON_AND_ORGANIZATION_ASSIGNMENT ( #3766, #939, ( #3760 ) ) ;
#4692 = CARTESIAN_POINT ( 'NONE',  ( 2.859999999999980300, -2.999999999999998200, -5.989999999999987800 ) ) ;
#4693 = AXIS2_PLACEMENT_3D ( 'NONE', #1732, #1688, #1678 ) ;
#4694 = LINE ( 'NONE', #1561, #4895 ) ;
#4695 = LINE ( 'NONE', #5757, #4834 ) ;
#4696 = EDGE_CURVE ( 'NONE', #486, #3540, #389, .T. ) ;
#4697 = VERTEX_POINT ( 'NONE', #1006 ) ;
#4698 = DIRECTION ( 'NONE',  ( -0.0000000000000000000, -1.000000000000000000, -1.059261469412979400E-030 ) ) ;
#4699 = ORIENTED_EDGE ( 'NONE', *, *, #2004, .F. ) ;
#4700 = VERTEX_POINT ( 'NONE', #574 ) ;
#4701 = ORIENTED_EDGE ( 'NONE', *, *, #3723, .F. ) ;
#4702 = CARTESIAN_POINT ( 'NONE',  ( -0.2199999999999386600, -3.300000000000021600, -5.449999999999998400 ) ) ;
#4703 = EDGE_CURVE ( 'NONE', #4547, #1467, #2249, .T. ) ;
#4704 = EDGE_LOOP ( 'NONE', ( #5419, #3594, #1886, #5358 ) ) ;
#4705 = DIRECTION ( 'NONE',  ( 1.000000000000000000, 9.308272310119528700E-015, 0.0000000000000000000 ) ) ;
#4706 = VERTEX_POINT ( 'NONE', #566 ) ;
#4707 = CARTESIAN_POINT ( 'NONE',  ( 0.2199999999999423500, 8.299999999999995400, -2.910000000000001000 ) ) ;
#4708 = VERTEX_POINT ( 'NONE', #9 ) ;
#4709 = CARTESIAN_POINT ( 'NONE',  ( -0.3199999999999914600, 2.399999999999977300, -5.989999999999988700 ) ) ;
#4710 = PLANE ( 'NONE',  #1894 ) ;
#4711 = VERTEX_POINT ( 'NONE', #5745 ) ;
#4712 = EDGE_CURVE ( 'NONE', #206, #734, #5667, .T. ) ;
#4713 = ORIENTED_EDGE ( 'NONE', *, *, #2198, .F. ) ;
#4714 = LINE ( 'NONE', #5342, #4928 ) ;
#4715 = ORIENTED_EDGE ( 'NONE', *, *, #4935, .T. ) ;
#4716 = VECTOR ( 'NONE', #3988, 1000.000000000000100 ) ;
#4717 = ORIENTED_EDGE ( 'NONE', *, *, #946, .T. ) ;
#4718 = CARTESIAN_POINT ( 'NONE',  ( 21.59000000000013100, 2.002128067073632400E-013, -5.049999999999948300 ) ) ;
#4719 = ORIENTED_EDGE ( 'NONE', *, *, #1584, .T. ) ;
#4720 = PLANE ( 'NONE',  #1620 ) ;
#4721 = DIRECTION ( 'NONE',  ( 0.0000000000000000000, 1.000000000000000000, -3.673819061467120900E-016 ) ) ;
#4722 = ORIENTED_EDGE ( 'NONE', *, *, #4771, .F. ) ;
#4723 = CARTESIAN_POINT ( 'NONE',  ( 2.219999999999887000, 8.200000000000001100, -2.809999999999988500 ) ) ;
#4724 = CARTESIAN_POINT ( 'NONE',  ( 2.219999999999938900, 2.399999999999999500, -3.449999999999980200 ) ) ;
#4725 = PLANE ( 'NONE',  #863 ) ;
#4726 = ORIENTED_EDGE ( 'NONE', *, *, #50, .F. ) ;
#4727 = DIRECTION ( 'NONE',  ( 0.9486832980504954500, -0.3162277660168932300, 1.936272657596506200E-016 ) ) ;
#4728 = EDGE_CURVE ( 'NONE', #1396, #4106, #4879, .T. ) ;
#4729 = ORIENTED_EDGE ( 'NONE', *, *, #1350, .T. ) ;
#4730 = DIRECTION ( 'NONE',  ( 0.0000000000000000000, -1.000000000000000000, 3.673819061467120900E-016 ) ) ;
#4731 = ADVANCED_FACE ( 'NONE', ( #3942 ), #5511, .T. ) ;
#4732 = EDGE_CURVE ( 'NONE', #276, #5129, #326, .T. ) ;
#4733 = EDGE_CURVE ( 'NONE', #1694, #744, #3509, .T. ) ;
#4734 = CARTESIAN_POINT ( 'NONE',  ( -2.860000000000031900, 8.199999999999953100, -3.449999999999981500 ) ) ;
#4735 = LINE ( 'NONE', #3355, #5028 ) ;
#4736 = ORIENTED_EDGE ( 'NONE', *, *, #758, .F. ) ;
#4737 = PLANE ( 'NONE',  #679 ) ;
#4738 = DIRECTION ( 'NONE',  ( -9.308272310119528700E-015, 1.000000000000000000, 0.0000000000000000000 ) ) ;
#4739 = CARTESIAN_POINT ( 'NONE',  ( -0.0003806904315143896900, 8.199999999999967300, -8.849999999999951700 ) ) ;
#4740 = ORIENTED_EDGE ( 'NONE', *, *, #3671, .T. ) ;
#4741 = LINE ( 'NONE', #1581, #3494 ) ;
#4742 = ORIENTED_EDGE ( 'NONE', *, *, #2552, .F. ) ;
#4743 = CARTESIAN_POINT ( 'NONE',  ( -2.760000000000043800, 8.299999999999956300, -5.449999999999994800 ) ) ;
#4744 = DIRECTION ( 'NONE',  ( -0.3015113445778538300, 0.9045340337332621300, -0.3015113445777596900 ) ) ;
#4745 = FACE_OUTER_BOUND ( 'NONE', #3132, .T. ) ;
#4746 = ORIENTED_EDGE ( 'NONE', *, *, #4864, .F. ) ;
#4747 = LINE ( 'NONE', #4768, #4961 ) ;
#4748 = ORIENTED_EDGE ( 'NONE', *, *, #3991, .T. ) ;
#4749 = VECTOR ( 'NONE', #2160, 1000.000000000000000 ) ;
#4750 = VECTOR ( 'NONE', #4721, 1000.000000000000000 ) ;
#4751 = ORIENTED_EDGE ( 'NONE', *, *, #1751, .F. ) ;
#4752 = VECTOR ( 'NONE', #32, 1000.000000000000000 ) ;
#4753 = DIRECTION ( 'NONE',  ( 9.308272310119528700E-015, -1.000000000000000000, 2.449212707644743700E-016 ) ) ;
#4754 = EDGE_CURVE ( 'NONE', #2733, #5705, #5391, .T. ) ;
#4755 = ORIENTED_EDGE ( 'NONE', *, *, #4507, .T. ) ;
#4756 = VECTOR ( 'NONE', #4012, 1000.000000000000000 ) ;
#4757 = CARTESIAN_POINT ( 'NONE',  ( -0.3200000000000357600, 2.399999999999974200, -5.349999999999987200 ) ) ;
#4758 = CARTESIAN_POINT ( 'NONE',  ( -0.2200000000000526000, 8.299999999999991800, -2.910000000000001000 ) ) ;
#4759 = CARTESIAN_POINT ( 'NONE',  ( 2.539999999999872100, 8.300000000000006000, -5.889999999999985500 ) ) ;
#4760 = VECTOR ( 'NONE', #4616, 1000.000000000000000 ) ;
#4761 = ORIENTED_EDGE ( 'NONE', *, *, #4848, .T. ) ;
#4762 = DIRECTION ( 'NONE',  ( 1.000000000000000000, 9.308272310119528700E-015, 0.0000000000000000000 ) ) ;
#4763 = CARTESIAN_POINT ( 'NONE',  ( 0.3200000000000020600, 7.999999999999986700, -2.809999999999990300 ) ) ;
#4764 = VERTEX_POINT ( 'NONE', #5184 ) ;
#4765 = DIRECTION ( 'NONE',  ( 2.279793882816244900E-030, -2.449212707644743700E-016, -1.000000000000000000 ) ) ;
#4766 = LINE ( 'NONE', #1481, #5200 ) ;
#4767 = FACE_OUTER_BOUND ( 'NONE', #617, .T. ) ;
#4768 = CARTESIAN_POINT ( 'NONE',  ( -2.250000000000066600, 11.84999999999991600, -1.149999999999977300 ) ) ;
#4769 = CARTESIAN_POINT ( 'NONE',  ( 21.59000000000013100, 2.002128067073632400E-013, -3.749999999999966200 ) ) ;
#4770 = ORIENTED_EDGE ( 'NONE', *, *, #4335, .T. ) ;
#4771 = EDGE_CURVE ( 'NONE', #3964, #987, #4947, .T. ) ;
#4772 = VECTOR ( 'NONE', #255, 1000.000000000000000 ) ;
#4773 = EDGE_CURVE ( 'NONE', #518, #3908, #3091, .T. ) ;
#4774 = DIRECTION ( 'NONE',  ( -1.224606353822377000E-016, -1.139896941408127000E-030, 1.000000000000000000 ) ) ;
#4775 = DIRECTION ( 'NONE',  ( 1.224606353822354600E-016, 2.449212707644755500E-016, 1.000000000000000000 ) ) ;
#4776 = VECTOR ( 'NONE', #188, 1000.000000000000000 ) ;
#4777 = DIRECTION ( 'NONE',  ( 2.264797275598023500E-030, -2.449212707644743700E-016, -1.000000000000000000 ) ) ;
#4778 = ORIENTED_EDGE ( 'NONE', *, *, #1210, .T. ) ;
#4779 = ORIENTED_EDGE ( 'NONE', *, *, #2393, .F. ) ;
#4780 = ORIENTED_EDGE ( 'NONE', *, *, #4398, .F. ) ;
#4781 = DIRECTION ( 'NONE',  ( 9.308272310119528700E-015, -1.000000000000000000, -0.0000000000000000000 ) ) ;
#4782 = VERTEX_POINT ( 'NONE', #5051 ) ;
#4783 = EDGE_LOOP ( 'NONE', ( #5722, #5662, #4565, #4241 ) ) ;
#4784 = CARTESIAN_POINT ( 'NONE',  ( 1.269999999999992700, 2.049999999999997200, -1.149999999999977500 ) ) ;
#4785 = TOROIDAL_SURFACE ( 'NONE', #2522, 0.1999999999998903800, 0.3000000000000651000 ) ;
#4786 = DIRECTION ( 'NONE',  ( 1.224606353822377000E-016, 1.139896941408127000E-030, -1.000000000000000000 ) ) ;
#4787 = CARTESIAN_POINT ( 'NONE',  ( 0.2000000000001104000, -0.2999999999999424200, -1.099999999999955200 ) ) ;
#4788 = VECTOR ( 'NONE', #1061, 1000.000000000000000 ) ;
#4789 = AXIS2_PLACEMENT_3D ( 'NONE', #2026, #2011, #2009 ) ;
#4790 = VERTEX_POINT ( 'NONE', #5166 ) ;
#4791 = ORIENTED_EDGE ( 'NONE', *, *, #2254, .F. ) ;
#4792 = CARTESIAN_POINT ( 'NONE',  ( -6.233499999999930100, -6.460657666807047300E-014, -2.749999999999966700 ) ) ;
#4793 = DIRECTION ( 'NONE',  ( 1.000000000000000000, 9.308272310119528700E-015, 1.224606353822377000E-016 ) ) ;
#4794 = CARTESIAN_POINT ( 'NONE',  ( 0.2503806904314729900, -7.251739330131780400E-014, -8.799999999999956300 ) ) ;
#4795 = ORIENTED_EDGE ( 'NONE', *, *, #1584, .F. ) ;
#4796 = ORIENTED_EDGE ( 'NONE', *, *, #1379, .T. ) ;
#4797 = VECTOR ( 'NONE', #5726, 1000.000000000000000 ) ;
#4798 = EDGE_CURVE ( 'NONE', #4790, #957, #5746, .T. ) ;
#4799 = EDGE_CURVE ( 'NONE', #1003, #37, #3749, .T. ) ;
#4800 = CARTESIAN_POINT ( 'NONE',  ( 7.559999999999914300, 6.400000000000048300, -0.009999999999988316800 ) ) ;
#4801 = CARTESIAN_POINT ( 'NONE',  ( -2.540000000000045800, 8.299999999999959900, -3.130000000000003000 ) ) ;
#4802 = CARTESIAN_POINT ( 'NONE',  ( 2.859999999999990500, 0.1000000000000011300, -5.989999999999990400 ) ) ;
#4803 = ORIENTED_EDGE ( 'NONE', *, *, #3003, .T. ) ;
#4804 = LINE ( 'NONE', #3796, #1426 ) ;
#4805 = CARTESIAN_POINT ( 'NONE',  ( 2.319999999999999400, -3.299999999999995800, -5.990000000000000200 ) ) ;
#4806 = DIRECTION ( 'NONE',  ( 1.224646799143160700E-016, 1.801022438824079500E-015, -1.000000000000000000 ) ) ;
#4807 = EDGE_CURVE ( 'NONE', #4649, #869, #4592, .T. ) ;
#4808 = DIRECTION ( 'NONE',  ( 1.000000000000000000, -2.999321443644220700E-032, -1.224606353822354600E-016 ) ) ;
#4809 = ORIENTED_EDGE ( 'NONE', *, *, #4925, .T. ) ;
#4810 = VERTEX_POINT ( 'NONE', #2929 ) ;
#4811 = CARTESIAN_POINT ( 'NONE',  ( -5.909999999999953100, -5.636776969586180400E-014, -8.849999999999980100 ) ) ;
#4812 = DIRECTION ( 'NONE',  ( 9.308272310119528700E-015, -1.000000000000000000, 0.0000000000000000000 ) ) ;
#4813 = EDGE_CURVE ( 'NONE', #5424, #4226, #3517, .T. ) ;
#4814 = EDGE_CURVE ( 'NONE', #5302, #1467, #4257, .T. ) ;
#4815 = DIRECTION ( 'NONE',  ( -1.000000000000000000, -5.546970267633875300E-046, -2.264797275598023500E-030 ) ) ;
#4816 = ORIENTED_EDGE ( 'NONE', *, *, #3029, .T. ) ;
#4817 = DIRECTION ( 'NONE',  ( 9.308272310119528700E-015, -1.000000000000000000, -0.0000000000000000000 ) ) ;
#4818 = VERTEX_POINT ( 'NONE', #4707 ) ;
#4819 = CARTESIAN_POINT ( 'NONE',  ( 0.6200000000000732700, -2.192715809482222500E-014, -6.289999999999967200 ) ) ;
#4820 = CARTESIAN_POINT ( 'NONE',  ( 2.810000000000026700, -3.149999999999988800, -3.449999999999971800 ) ) ;
#4821 = CARTESIAN_POINT ( 'NONE',  ( 0.3199999999999886800, 7.199999999999982400, -5.989999999999990400 ) ) ;
#4822 = LINE ( 'NONE', #1748, #4898 ) ;
#4823 = VERTEX_POINT ( 'NONE', #4724 ) ;
#4824 = EDGE_CURVE ( 'NONE', #2565, #104, #3706, .T. ) ;
#4825 = FACE_OUTER_BOUND ( 'NONE', #3416, .T. ) ;
#4826 = VERTEX_POINT ( 'NONE', #4687 ) ;
#4827 = DIRECTION ( 'NONE',  ( 0.0000000000000000000, -0.0000000000000000000, 1.000000000000000000 ) ) ;
#4828 = CARTESIAN_POINT ( 'NONE',  ( 7.559999999999973900, 2.400000000000035000, -6.049999999999950100 ) ) ;
#4829 = DIRECTION ( 'NONE',  ( -1.224606353822377300E-016, -1.139896941408127200E-030, -1.000000000000000000 ) ) ;
#4830 = AXIS2_PLACEMENT_3D ( 'NONE', #3923, #3920, #3944 ) ;
#4831 = VECTOR ( 'NONE', #1409, 1000.000000000000000 ) ;
#4832 = LINE ( 'NONE', #1233, #3608 ) ;
#4833 = ORIENTED_EDGE ( 'NONE', *, *, #547, .F. ) ;
#4834 = VECTOR ( 'NONE', #4867, 1000.000000000000000 ) ;
#4835 = ADVANCED_FACE ( 'NONE', ( #5082 ), #4785, .T. ) ;
#4836 = CARTESIAN_POINT ( 'NONE',  ( 5.409999999999932600, 4.960496072962743600E-014, -4.409999999999975300 ) ) ;
#4837 = DIRECTION ( 'NONE',  ( 0.0000000000000000000, 1.000000000000000000, -3.673819061467120900E-016 ) ) ;
#4838 = CARTESIAN_POINT ( 'NONE',  ( 2.219999999999962000, 0.1000000000000028600, -5.989999999999990400 ) ) ;
#4839 = LINE ( 'NONE', #3037, #5052 ) ;
#4840 = VECTOR ( 'NONE', #4829, 1000.000000000000000 ) ;
#4841 = AXIS2_PLACEMENT_3D ( 'NONE', #385, #378, #335 ) ;
#4842 = DIRECTION ( 'NONE',  ( 1.000000000000000000, 9.308272310119528700E-015, 0.0000000000000000000 ) ) ;
#4843 = CARTESIAN_POINT ( 'NONE',  ( 7.559999999999893900, -7.251739330131780400E-014, -8.799999999999956300 ) ) ;
#4844 = ADVANCED_FACE ( 'NONE', ( #5478 ), #4632, .F. ) ;
#4845 = FACE_OUTER_BOUND ( 'NONE', #1640, .T. ) ;
#4846 = DIRECTION ( 'NONE',  ( 8.869327927468397500E-015, -0.9486832980505137700, -0.3162277660168381600 ) ) ;
#4847 = CARTESIAN_POINT ( 'NONE',  ( 7.559999999999974700, 3.491013273607409000E-014, 7.925558992460168800E-015 ) ) ;
#4848 = EDGE_CURVE ( 'NONE', #3952, #4142, #3169, .T. ) ;
#4849 = ORIENTED_EDGE ( 'NONE', *, *, #2527, .T. ) ;
#4850 = CARTESIAN_POINT ( 'NONE',  ( 2.219999999999926500, 2.399999999999997700, -2.809999999999987200 ) ) ;
#4851 = LINE ( 'NONE', #4838, #4840 ) ;
#4852 = ORIENTED_EDGE ( 'NONE', *, *, #1445, .F. ) ;
#4853 = EDGE_CURVE ( 'NONE', #2684, #2916, #4258, .T. ) ;
#4854 = LINE ( 'NONE', #5765, #4906 ) ;
#4855 = EDGE_LOOP ( 'NONE', ( #3309, #4068, #3441, #1096 ) ) ;
#4856 = CARTESIAN_POINT ( 'NONE',  ( 2.859999999999919100, 8.000000000000010700, -3.449999999999981100 ) ) ;
#4857 = ORIENTED_EDGE ( 'NONE', *, *, #2855, .F. ) ;
#4858 = DIRECTION ( 'NONE',  ( -9.308272310119528700E-015, 1.000000000000000000, 0.0000000000000000000 ) ) ;
#4859 = VECTOR ( 'NONE', #2461, 1000.000000000000000 ) ;
#4860 = DIRECTION ( 'NONE',  ( -1.000000000000000000, -1.463672932855789100E-014, 0.0000000000000000000 ) ) ;
#4861 = VECTOR ( 'NONE', #3034, 1000.000000000000000 ) ;
#4862 = EDGE_LOOP ( 'NONE', ( #5072, #4460, #807, #5429 ) ) ;
#4863 = DIRECTION ( 'NONE',  ( -0.3162277660168306100, 0.9486832980505162100, 0.0000000000000000000 ) ) ;
#4864 = EDGE_CURVE ( 'NONE', #304, #5740, #5806, .T. ) ;
#4865 = ORIENTED_EDGE ( 'NONE', *, *, #51, .T. ) ;
#4866 = ORIENTED_EDGE ( 'NONE', *, *, #3223, .F. ) ;
#4867 = DIRECTION ( 'NONE',  ( 1.224606353822376800E-016, 1.139896941408126800E-030, 1.000000000000000000 ) ) ;
#4868 = VECTOR ( 'NONE', #2313, 1000.000000000000000 ) ;
#4869 = DIRECTION ( 'NONE',  ( 1.000000000000000000, 9.308272310119528700E-015, 1.224606353822377000E-016 ) ) ;
#4870 = VECTOR ( 'NONE', #2362, 1000.000000000000000 ) ;
#4871 = EDGE_LOOP ( 'NONE', ( #2309, #3896, #2269, #1734 ) ) ;
#4872 = DIRECTION ( 'NONE',  ( 0.9486832980505162100, 0.3162277660168306100, -1.936272657596343000E-016 ) ) ;
#4873 = CARTESIAN_POINT ( 'NONE',  ( 0.3199999999999843500, 8.199999999999983300, -3.449999999999976200 ) ) ;
#4874 = ORIENTED_EDGE ( 'NONE', *, *, #1379, .F. ) ;
#4875 = CARTESIAN_POINT ( 'NONE',  ( 1.269999999999993400, 11.84999999999615400, -1.149999999999980800 ) ) ;
#4876 = EDGE_CURVE ( 'NONE', #631, #2305, #5100, .T. ) ;
#4877 = ORIENTED_EDGE ( 'NONE', *, *, #4336, .F. ) ;
#4878 = ORIENTED_EDGE ( 'NONE', *, *, #2459, .F. ) ;
#4879 = LINE ( 'NONE', #5544, #2520 ) ;
#4880 = PLANE ( 'NONE',  #1203 ) ;
#4881 = CARTESIAN_POINT ( 'NONE',  ( -5.659999999999948600, -0.3000000000000245800, -1.499999999999980200 ) ) ;
#4882 = ORIENTED_EDGE ( 'NONE', *, *, #1615, .F. ) ;
#4883 = DIRECTION ( 'NONE',  ( 0.0000000000000000000, -0.3162277660168347200, -0.9486832980505148800 ) ) ;
#4884 = DIRECTION ( 'NONE',  ( 1.000000000000000000, -2.999321443644220700E-032, -1.224606353822354600E-016 ) ) ;
#4885 = CC_DESIGN_APPROVAL ( #4586, ( #4303 ) ) ;
#4886 = FACE_BOUND ( 'NONE', #4235, .T. ) ;
#4887 = EDGE_LOOP ( 'NONE', ( #367, #3769, #3906, #2074 ) ) ;
#4888 = DIRECTION ( 'NONE',  ( 0.3015113445777559700, -0.9045340337332902200, 0.3015113445777730100 ) ) ;
#4889 = CARTESIAN_POINT ( 'NONE',  ( 2.859999999999998100, 0.09999999999999992200, -2.809999999999985800 ) ) ;
#4890 = EDGE_CURVE ( 'NONE', #2795, #757, #261, .T. ) ;
#4891 = DIRECTION ( 'NONE',  ( -1.224606353822377000E-016, -1.139896941408127000E-030, 1.000000000000000000 ) ) ;
#4892 = EDGE_CURVE ( 'NONE', #5435, #4790, #5782, .T. ) ;
#4893 = VECTOR ( 'NONE', #2575, 1000.000000000000200 ) ;
#4894 = EDGE_LOOP ( 'NONE', ( #1146, #1268, #1816, #2467, #2564, #4242, #4571, #5261, #5787, #5756, #5769, #5794 ) ) ;
#4895 = VECTOR ( 'NONE', #1528, 1000.000000000000200 ) ;
#4896 = EDGE_LOOP ( 'NONE', ( #5450, #2587, #4910, #3963 ) ) ;
#4897 = DIRECTION ( 'NONE',  ( -0.3015113445777580800, 0.9045340337332953300, 0.3015113445777555200 ) ) ;
#4898 = VECTOR ( 'NONE', #2998, 1000.000000000000000 ) ;
#4899 = ORIENTED_EDGE ( 'NONE', *, *, #2943, .T. ) ;
#4900 = DIRECTION ( 'NONE',  ( 0.3015113445777383700, 0.9045340337332947700, -0.3015113445777771200 ) ) ;
#4901 = DIRECTION ( 'NONE',  ( -1.451244273804982700E-014, 1.000000000000000000, 1.367341569830078300E-015 ) ) ;
#4902 = DIRECTION ( 'NONE',  ( -1.224606353822377300E-016, -1.139896941408127200E-030, -1.000000000000000000 ) ) ;
#4903 = DIRECTION ( 'NONE',  ( 1.000000000000000000, 1.432654918121487600E-046, 1.169890155844560300E-030 ) ) ;
#4904 = LINE ( 'NONE', #1649, #661 ) ;
#4905 = ORIENTED_EDGE ( 'NONE', *, *, #3777, .F. ) ;
#4906 = VECTOR ( 'NONE', #5737, 1000.000000000000000 ) ;
#4907 = VECTOR ( 'NONE', #1179, 1000.000000000000000 ) ;
#4908 = DIRECTION ( 'NONE',  ( 0.5773502691896285100, 0.5773502691896303900, 0.5773502691896184000 ) ) ;
#4909 = FACE_OUTER_BOUND ( 'NONE', #4169, .T. ) ;
#4910 = ORIENTED_EDGE ( 'NONE', *, *, #4597, .T. ) ;
#4911 = CARTESIAN_POINT ( 'NONE',  ( -2.859999999999977200, 8.199999999999958400, -3.449999999999990000 ) ) ;
#4912 = CARTESIAN_POINT ( 'NONE',  ( 0.3200000000000597900, 0.09999999999998031300, -5.989999999999990400 ) ) ;
#4913 = ORIENTED_EDGE ( 'NONE', *, *, #3385, .F. ) ;
#4914 = VECTOR ( 'NONE', #5640, 1000.000000000000000 ) ;
#4915 = ORIENTED_EDGE ( 'NONE', *, *, #1144, .T. ) ;
#4916 = VERTEX_POINT ( 'NONE', #4178 ) ;
#4917 = EDGE_CURVE ( 'NONE', #3436, #3479, #1595, .T. ) ;
#4918 = DIRECTION ( 'NONE',  ( -0.0000000000000000000, 1.000000000000000000, -2.449212707644755500E-016 ) ) ;
#4919 = CARTESIAN_POINT ( 'NONE',  ( 0.3200000000000575200, 8.199999999999983300, -3.449999999999976200 ) ) ;
#4920 = LINE ( 'NONE', #5528, #4997 ) ;
#4921 = ORIENTED_EDGE ( 'NONE', *, *, #3590, .F. ) ;
#4922 = CARTESIAN_POINT ( 'NONE',  ( 1.919999999999946000, -1.668684160377313500E-015, -2.509999999999965600 ) ) ;
#4923 = DIRECTION ( 'NONE',  ( 0.0000000000000000000, 0.3162277660168381600, -0.9486832980505137700 ) ) ;
#4924 = ORIENTED_EDGE ( 'NONE', *, *, #5341, .T. ) ;
#4925 = EDGE_CURVE ( 'NONE', #2834, #3144, #685, .T. ) ;
#4926 = DIRECTION ( 'NONE',  ( -1.224606353822377300E-016, -1.139896941408127200E-030, -1.000000000000000000 ) ) ;
#4927 = ORIENTED_EDGE ( 'NONE', *, *, #1844, .T. ) ;
#4928 = VECTOR ( 'NONE', #5282, 1000.000000000000100 ) ;
#4929 = DIRECTION ( 'NONE',  ( 8.791877021164539500E-015, -0.9486832980505137700, -0.3162277660168381600 ) ) ;
#4930 = FACE_OUTER_BOUND ( 'NONE', #2713, .T. ) ;
#4931 = VECTOR ( 'NONE', #2782, 1000.000000000000000 ) ;
#4932 = VERTEX_POINT ( 'NONE', #3933 ) ;
#4933 = EDGE_CURVE ( 'NONE', #1038, #3674, #5678, .T. ) ;
#4934 = ORIENTED_EDGE ( 'NONE', *, *, #5177, .F. ) ;
#4935 = EDGE_CURVE ( 'NONE', #3064, #3864, #4097, .T. ) ;
#4936 = VECTOR ( 'NONE', #2962, 1000.000000000000000 ) ;
#4937 = VECTOR ( 'NONE', #1611, 1000.000000000000000 ) ;
#4938 = DIRECTION ( 'NONE',  ( 9.308272310119528700E-015, -1.000000000000000000, -0.0000000000000000000 ) ) ;
#4939 = VERTEX_POINT ( 'NONE', #3888 ) ;
#4940 = CARTESIAN_POINT ( 'NONE',  ( 0.3199999999999936800, -3.000000000000021800, -5.989999999999987800 ) ) ;
#4941 = EDGE_CURVE ( 'NONE', #463, #757, #5151, .T. ) ;
#4942 = DIRECTION ( 'NONE',  ( -0.3015113445777556900, 0.9045340337332908900, 0.3015113445777714600 ) ) ;
#4943 = AXIS2_PLACEMENT_3D ( 'NONE', #2416, #2406, #2402 ) ;
#4944 = EDGE_LOOP ( 'NONE', ( #3938, #4098, #3046, #5803 ) ) ;
#4945 = CARTESIAN_POINT ( 'NONE',  ( -3.014999999999972100, 0.04999999999995324200, -5.199999999999962000 ) ) ;
#4946 = AXIS2_PLACEMENT_3D ( 'NONE', #3885, #3889, #3893 ) ;
#4947 = LINE ( 'NONE', #5228, #3083 ) ;
#4948 = CARTESIAN_POINT ( 'NONE',  ( -7.559999999999937400, -6.950685074557611800E-014, 7.470830594782929000E-015 ) ) ;
#4949 = DIRECTION ( 'NONE',  ( -9.308272310119528700E-015, 1.000000000000000000, 0.0000000000000000000 ) ) ;
#4950 = CARTESIAN_POINT ( 'NONE',  ( 2.859999999999921700, 8.000000000000012400, -5.989999999999987800 ) ) ;
#4951 = CARTESIAN_POINT ( 'NONE',  ( 2.249999999999912100, 8.800000000000006000, -0.6499999999999296300 ) ) ;
#4952 = CARTESIAN_POINT ( 'NONE',  ( -0.1999999999999569900, -0.3000000000000196400, -1.500000000000021800 ) ) ;
#4953 = ORIENTED_EDGE ( 'NONE', *, *, #1556, .T. ) ;
#4954 = VECTOR ( 'NONE', #1037, 1000.000000000000000 ) ;
#4955 = EDGE_CURVE ( 'NONE', #2524, #5770, #5162, .T. ) ;
#4956 = AXIS2_PLACEMENT_3D ( 'NONE', #5565, #5559, #5551 ) ;
#4957 = CARTESIAN_POINT ( 'NONE',  ( -2.220000000000057900, 8.199999999999958400, -3.449999999999987700 ) ) ;
#4958 = ORIENTED_EDGE ( 'NONE', *, *, #2792, .T. ) ;
#4959 = DIRECTION ( 'NONE',  ( -9.308272310119528700E-015, 1.000000000000000000, 0.0000000000000000000 ) ) ;
#4960 = CARTESIAN_POINT ( 'NONE',  ( 0.3200000000000928200, -3.000000000000029800, -3.449999999999985500 ) ) ;
#4961 = VECTOR ( 'NONE', #4738, 1000.000000000000000 ) ;
#4962 = VERTEX_POINT ( 'NONE', #3682 ) ;
#4963 = CARTESIAN_POINT ( 'NONE',  ( 2.249999999999916100, 8.799999999999967000, -0.6499999999999709300 ) ) ;
#4964 = ADVANCED_FACE ( 'NONE', ( #678 ), #3635, .T. ) ;
#4965 = PLANE ( 'NONE',  #1243 ) ;
#4966 = DIRECTION ( 'NONE',  ( -0.0000000000000000000, -1.000000000000000000, 2.449212707644743700E-016 ) ) ;
#4967 = VECTOR ( 'NONE', #4506, 999.9999999999998900 ) ;
#4968 = ORIENTED_EDGE ( 'NONE', *, *, #89, .T. ) ;
#4969 = LINE ( 'NONE', #4875, #4750 ) ;
#4970 = ORIENTED_EDGE ( 'NONE', *, *, #571, .F. ) ;
#4971 = DIRECTION ( 'NONE',  ( -0.3015113445779438200, -0.9045340337332361500, 0.3015113445777475900 ) ) ;
#4972 = CARTESIAN_POINT ( 'NONE',  ( -3.682999999999968300, 5.299999999999939400, -0.08890000000001181700 ) ) ;
#4973 = CARTESIAN_POINT ( 'NONE',  ( 49.56650000000019000, 2.400000000000438700, -1.149999999999977900 ) ) ;
#4974 = VECTOR ( 'NONE', #3486, 1000.000000000000000 ) ;
#4975 = ORIENTED_EDGE ( 'NONE', *, *, #605, .F. ) ;
#4976 = FACE_OUTER_BOUND ( 'NONE', #4024, .T. ) ;
#4977 = ORIENTED_EDGE ( 'NONE', *, *, #241, .T. ) ;
#4978 = CARTESIAN_POINT ( 'NONE',  ( 2.319999999999907000, 8.300000000000011400, -5.449999999999983300 ) ) ;
#4979 = DIRECTION ( 'NONE',  ( -9.741953179113801400E-015, 1.000000000000000000, -2.535786251118052600E-015 ) ) ;
#4980 = FACE_OUTER_BOUND ( 'NONE', #2442, .T. ) ;
#4981 = VERTEX_POINT ( 'NONE', #3541 ) ;
#4982 = ORIENTED_EDGE ( 'NONE', *, *, #2634, .T. ) ;
#4983 = DIRECTION ( 'NONE',  ( -1.000000000000000000, -4.765598459455782000E-062, 4.498982165467396500E-032 ) ) ;
#4984 = FACE_OUTER_BOUND ( 'NONE', #3546, .T. ) ;
#4985 = EDGE_LOOP ( 'NONE', ( #2148, #4205 ) ) ;
#4986 = DIRECTION ( 'NONE',  ( -0.6882472016116779600, -0.2294157338705584700, 0.6882472016116937300 ) ) ;
#4987 = ORIENTED_EDGE ( 'NONE', *, *, #2609, .F. ) ;
#4988 = DIRECTION ( 'NONE',  ( 1.000000000000000000, 9.308272310119528700E-015, -0.0000000000000000000 ) ) ;
#4989 = VECTOR ( 'NONE', #5681, 1000.000000000000000 ) ;
#4990 = VERTEX_POINT ( 'NONE', #3499 ) ;
#4991 = ORIENTED_EDGE ( 'NONE', *, *, #1577, .F. ) ;
#4992 = FACE_OUTER_BOUND ( 'NONE', #3791, .T. ) ;
#4993 = EDGE_CURVE ( 'NONE', #742, #1694, #2686, .T. ) ;
#4994 = DIRECTION ( 'NONE',  ( -1.000000000000000000, -9.741953179113801400E-015, -7.813994677751118900E-045 ) ) ;
#4995 = EDGE_CURVE ( 'NONE', #4619, #3033, #4675, .T. ) ;
#4996 = EDGE_LOOP ( 'NONE', ( #1699, #5298, #4877, #771 ) ) ;
#4997 = VECTOR ( 'NONE', #5536, 1000.000000000000000 ) ;
#4998 = PRODUCT_DEFINITION ( 'UNKNOWN', '', #702, #1452 ) ;
#4999 = ORIENTED_EDGE ( 'NONE', *, *, #4543, .T. ) ;
#5000 = CARTESIAN_POINT ( 'NONE',  ( 0.3199999999999936800, 7.199999999999982400, -5.989999999999990400 ) ) ;
#5001 = CARTESIAN_POINT ( 'NONE',  ( -0.3199999999999916200, 2.399999999999975000, -3.449999999999980600 ) ) ;
#5002 = VERTEX_POINT ( 'NONE', #3404 ) ;
#5003 = VECTOR ( 'NONE', #5589, 1000.000000000000200 ) ;
#5004 = CARTESIAN_POINT ( 'NONE',  ( -0.3199999999999723100, 0.09999999999998926400, -2.809999999999989800 ) ) ;
#5005 = EDGE_CURVE ( 'NONE', #4674, #3185, #5318, .T. ) ;
#5006 = VECTOR ( 'NONE', #3360, 1000.000000000000100 ) ;
#5007 = DIRECTION ( 'NONE',  ( -1.000000000000000000, -4.765598459455782000E-062, 4.498982165467396500E-032 ) ) ;
#5008 = ORIENTED_EDGE ( 'NONE', *, *, #3465, .T. ) ;
#5009 = ORIENTED_EDGE ( 'NONE', *, *, #931, .T. ) ;
#5010 = DIRECTION ( 'NONE',  ( 1.000000000000000000, 9.308272310119528700E-015, 0.0000000000000000000 ) ) ;
#5011 = CARTESIAN_POINT ( 'NONE',  ( -3.159999999999924200, -4.095538998541945900E-014, -3.749999999999952500 ) ) ;
#5012 = EDGE_LOOP ( 'NONE', ( #226, #5610, #137, #151, #254, #248 ) ) ;
#5013 = PLANE ( 'NONE',  #632 ) ;
#5014 = VECTOR ( 'NONE', #4093, 1000.000000000000200 ) ;
#5015 = VERTEX_POINT ( 'NONE', #3252 ) ;
#5016 = CARTESIAN_POINT ( 'NONE',  ( 9.685000000000071600, 0.05000000000007111300, -6.139999999999929500 ) ) ;
#5017 = LINE ( 'NONE', #2582, #4859 ) ;
#5018 = DIRECTION ( 'NONE',  ( 0.0000000000000000000, 1.000000000000000000, -2.449212707644743700E-016 ) ) ;
#5019 = ORIENTED_EDGE ( 'NONE', *, *, #112, .T. ) ;
#5020 = CARTESIAN_POINT ( 'NONE',  ( 2.319999999999900400, 8.300000000000009600, -5.449999999999986000 ) ) ;
#5021 = DIRECTION ( 'NONE',  ( 0.0000000000000000000, 0.9486832980505125500, -0.3162277660168415500 ) ) ;
#5022 = DIRECTION ( 'NONE',  ( 2.264797275598023500E-030, -2.449212707644743700E-016, -1.000000000000000000 ) ) ;
#5023 = VERTEX_POINT ( 'NONE', #3267 ) ;
#5024 = CARTESIAN_POINT ( 'NONE',  ( -1.145552149074933000E-013, 8.299999999999982900, -2.910000000000002400 ) ) ;
#5025 = DIRECTION ( 'NONE',  ( 2.827357798649741400E-015, -0.3162277660168416000, -0.9486832980505126600 ) ) ;
#5026 = PLANE ( 'NONE',  #1319 ) ;
#5027 = CARTESIAN_POINT ( 'NONE',  ( 1.919999999999947700, 1.269073437295694000E-015, -5.049999999999951000 ) ) ;
#5028 = VECTOR ( 'NONE', #3383, 1000.000000000000000 ) ;
#5029 = ORIENTED_EDGE ( 'NONE', *, *, #2361, .F. ) ;
#5030 = B_SPLINE_CURVE_WITH_KNOTS ( 'NONE', 3,
 ( #4146, #4154, #4184, #4188, #4200, #4207, #4225, #4228, #4233, #4245, #4252, #4255, #4262, #4263, #4266, #4268, #4275, #4277 ),
 .UNSPECIFIED., .F., .F.,
 ( 4, 2, 2, 2, 2, 2, 2, 2, 4 ),
 ( 0.0000000000000000000, 0.2500000000000021600, 0.2812500000000082200, 0.3125000000000142700, 0.3750000000000129900, 0.4375000000000116600, 0.5000000000000103300, 0.7500000000000051100, 1.000000000000000000 ),
 .UNSPECIFIED. ) ;
#5031 = DIRECTION ( 'NONE',  ( 1.836909530733639600E-016, 6.123031769113701900E-017, 1.000000000000000000 ) ) ;
#5032 = CARTESIAN_POINT ( 'NONE',  ( 3.159999999999913100, 2.866134803185831600E-014, -4.409999999999975300 ) ) ;
#5033 = CARTESIAN_POINT ( 'NONE',  ( -2.219999999999948200, 7.199999999999953100, -5.350000000000002300 ) ) ;
#5034 = FACE_BOUND ( 'NONE', #937, .T. ) ;
#5035 = VERTEX_POINT ( 'NONE', #3337 ) ;
#5036 = EDGE_CURVE ( 'NONE', #665, #2080, #4332, .T. ) ;
#5037 = CARTESIAN_POINT ( 'NONE',  ( 0.3200000000000914300, -3.300000000000016300, -5.990000000000000200 ) ) ;
#5038 = CARTESIAN_POINT ( 'NONE',  ( -2.270000000000052000, 8.149999999999970200, -5.509999999999996200 ) ) ;
#5039 = FACE_OUTER_BOUND ( 'NONE', #3678, .T. ) ;
#5040 = ORIENTED_EDGE ( 'NONE', *, *, #1672, .F. ) ;
#5041 = LINE ( 'NONE', #4128, #1002 ) ;
#5042 = VERTEX_POINT ( 'NONE', #3148 ) ;
#5043 = CARTESIAN_POINT ( 'NONE',  ( -2.220000000000057900, 0.09999999999995429200, -3.449999999999987700 ) ) ;
#5044 = VECTOR ( 'NONE', #4949, 1000.000000000000000 ) ;
#5045 = ORIENTED_EDGE ( 'NONE', *, *, #2806, .F. ) ;
#5046 = FACE_OUTER_BOUND ( 'NONE', #1084, .T. ) ;
#5047 = DIRECTION ( 'NONE',  ( 0.0000000000000000000, -0.3162277660168408800, -0.9486832980505127700 ) ) ;
#5048 = CARTESIAN_POINT ( 'NONE',  ( -6.349999999999967700, 2.049999999999924300, -1.149999999999977300 ) ) ;
#5049 = CARTESIAN_POINT ( 'NONE',  ( -2.249999999999978700, 2.399999999999947500, -1.149999999999975700 ) ) ;
#5050 = DIRECTION ( 'NONE',  ( -0.3162277660168188500, -0.9486832980505202100, 3.872545315192554400E-017 ) ) ;
#5051 = CARTESIAN_POINT ( 'NONE',  ( 2.759999999999924700, 8.300000000000009600, -5.449999999999986000 ) ) ;
#5052 = VECTOR ( 'NONE', #3133, 1000.000000000000000 ) ;
#5053 = VECTOR ( 'NONE', #945, 1000.000000000000000 ) ;
#5054 = ORIENTED_EDGE ( 'NONE', *, *, #180, .F. ) ;
#5055 = DIRECTION ( 'NONE',  ( 8.869327927468389600E-015, -0.9486832980505128800, 0.3162277660168409400 ) ) ;
#5056 = DIRECTION ( 'NONE',  ( 1.000000000000000000, -2.999321443644220700E-032, -1.224606353822354600E-016 ) ) ;
#5057 = EDGE_CURVE ( 'NONE', #2080, #5405, #2236, .T. ) ;
#5058 = VECTOR ( 'NONE', #4232, 1000.000000000000000 ) ;
#5059 = ORIENTED_EDGE ( 'NONE', *, *, #556, .T. ) ;
#5060 = LINE ( 'NONE', #2176, #4749 ) ;
#5061 = PLANE ( 'NONE',  #663 ) ;
#5062 = DIRECTION ( 'NONE',  ( 0.0000000000000000000, -1.000000000000000000, 2.449212707644755500E-016 ) ) ;
#5063 = CIRCLE ( 'NONE', #2135, 0.2500000000000002200 ) ;
#5064 = ORIENTED_EDGE ( 'NONE', *, *, #3671, .F. ) ;
#5065 = EDGE_CURVE ( 'NONE', #2051, #4540, #1932, .T. ) ;
#5066 = CARTESIAN_POINT ( 'NONE',  ( -0.6199999999999921100, -6.523921300392621900E-015, -4.409999999999975300 ) ) ;
#5067 = CARTESIAN_POINT ( 'NONE',  ( -2.219999999999952200, -3.150000000000036300, -5.939999999999992400 ) ) ;
#5068 = CARTESIAN_POINT ( 'NONE',  ( -6.386500000000024700, 8.799999999999920800, -1.149999999999979700 ) ) ;
#5069 = AXIS2_PLACEMENT_3D ( 'NONE', #5038, #4872, #4863 ) ;
#5070 = LINE ( 'NONE', #1592, #1779 ) ;
#5071 = VECTOR ( 'NONE', #2662, 1000.000000000000000 ) ;
#5072 = ORIENTED_EDGE ( 'NONE', *, *, #2661, .F. ) ;
#5073 = DIRECTION ( 'NONE',  ( 0.3015113445778317400, -0.9045340337332663500, 0.3015113445777689600 ) ) ;
#5074 = VECTOR ( 'NONE', #5384, 1000.000000000000000 ) ;
#5075 = VERTEX_POINT ( 'NONE', #2891 ) ;
#5076 = PLANE ( 'NONE',  #5106 ) ;
#5077 = CARTESIAN_POINT ( 'NONE',  ( 3.159999999999912200, 1.694154134478805600E-014, -2.509999999999967800 ) ) ;
#5078 = FACE_OUTER_BOUND ( 'NONE', #3211, .T. ) ;
#5079 = EDGE_CURVE ( 'NONE', #4417, #4026, #1664, .T. ) ;
#5080 = FACE_OUTER_BOUND ( 'NONE', #5634, .T. ) ;
#5081 = ORIENTED_EDGE ( 'NONE', *, *, #4558, .F. ) ;
#5082 = FACE_OUTER_BOUND ( 'NONE', #5131, .T. ) ;
#5083 = CARTESIAN_POINT ( 'NONE',  ( -2.540000000000045800, 8.299999999999958100, -5.670000000000004400 ) ) ;
#5084 = DIRECTION ( 'NONE',  ( 0.6882472016116821800, 0.2294157338705596900, 0.6882472016116891700 ) ) ;
#5085 = ORIENTED_EDGE ( 'NONE', *, *, #812, .T. ) ;
#5086 = DIRECTION ( 'NONE',  ( 0.0000000000000000000, -1.000000000000000000, 2.449212707644755500E-016 ) ) ;
#5087 = EDGE_LOOP ( 'NONE', ( #3857, #2551, #1284, #3488 ) ) ;
#5088 = LINE ( 'NONE', #642, #1519 ) ;
#5089 = DIRECTION ( 'NONE',  ( -1.224606353822377300E-016, -1.139896941408127200E-030, -1.000000000000000000 ) ) ;
#5090 = DIRECTION ( 'NONE',  ( -0.0000000000000000000, -0.0000000000000000000, -1.000000000000000000 ) ) ;
#5091 = DIRECTION ( 'NONE',  ( 1.224606353822354600E-016, 2.449212707644755500E-016, 1.000000000000000000 ) ) ;
#5092 = ORIENTED_EDGE ( 'NONE', *, *, #5255, .F. ) ;
#5093 = VECTOR ( 'NONE', #993, 1000.000000000000000 ) ;
#5094 = CARTESIAN_POINT ( 'NONE',  ( -7.536499999999927400, -5.576468182092455800E-014, -8.799999999999956300 ) ) ;
#5095 = EDGE_CURVE ( 'NONE', #276, #4706, #5604, .T. ) ;
#5096 = VERTEX_POINT ( 'NONE', #2693 ) ;
#5097 = DIRECTION ( 'NONE',  ( -9.859894204913363300E-045, 1.059261469412979700E-030, -1.000000000000000000 ) ) ;
#5098 = CARTESIAN_POINT ( 'NONE',  ( 2.219999999999896300, 7.200000000000001100, -5.349999999999988100 ) ) ;
#5099 = EDGE_LOOP ( 'NONE', ( #4612, #2759, #2730, #694 ) ) ;
#5100 = LINE ( 'NONE', #4265, #3527 ) ;
#5101 = CARTESIAN_POINT ( 'NONE',  ( 2.859999999999994500, 0.1000000000000035300, -5.349999999999984500 ) ) ;
#5102 = EDGE_LOOP ( 'NONE', ( #5296, #5281, #5108, #5636 ) ) ;
#5103 = CARTESIAN_POINT ( 'NONE',  ( -0.2503806904314868600, 8.199999999999965500, -8.849999999999948100 ) ) ;
#5104 = CARTESIAN_POINT ( 'NONE',  ( 0.2503806904314081500, 8.199999999999969100, -8.799999999999956300 ) ) ;
#5105 = DIRECTION ( 'NONE',  ( 0.8944271909999166300, -0.4472135954999563700, -1.095321221129998200E-016 ) ) ;
#5106 = AXIS2_PLACEMENT_3D ( 'NONE', #2046, #3313, #3904 ) ;
#5107 = CIRCLE ( 'NONE', #5616, 0.2999999999999913800 ) ;
#5108 = ORIENTED_EDGE ( 'NONE', *, *, #2899, .T. ) ;
#5109 = CARTESIAN_POINT ( 'NONE',  ( 2.319999999999892800, 8.300000000000011400, -5.889999999999984600 ) ) ;
#5110 = CARTESIAN_POINT ( 'NONE',  ( -0.3199999999999939000, 2.399999999999974200, -1.160000000000001300 ) ) ;
#5111 = PLANE ( 'NONE',  #1408 ) ;
#5112 = DIRECTION ( 'NONE',  ( 0.0000000000000000000, 0.9486832980505125500, -0.3162277660168415500 ) ) ;
#5113 = ORIENTED_EDGE ( 'NONE', *, *, #4489, .F. ) ;
#5114 = VECTOR ( 'NONE', #3646, 1000.000000000000000 ) ;
#5115 = ORIENTED_EDGE ( 'NONE', *, *, #4543, .F. ) ;
#5116 = CARTESIAN_POINT ( 'NONE',  ( -2.859999999999939500, -3.000000000000056000, -5.989999999999994000 ) ) ;
#5117 = CARTESIAN_POINT ( 'NONE',  ( -0.3200000000000431900, 7.999999999999981300, -5.989999999999990400 ) ) ;
#5118 = AXIS2_PLACEMENT_3D ( 'NONE', #1635, #1250, #1192 ) ;
#5119 = CARTESIAN_POINT ( 'NONE',  ( 5.909999999999940600, 8.200000000000040100, -8.799999999999956300 ) ) ;
#5120 = CARTESIAN_POINT ( 'NONE',  ( -0.1999999999999569900, -0.3000000000000203100, -1.099999999999955000 ) ) ;
#5121 = VECTOR ( 'NONE', #1118, 1000.000000000000100 ) ;
#5122 = VERTEX_POINT ( 'NONE', #2845 ) ;
#5123 = CIRCLE ( 'NONE', #2514, 0.2500000000000279800 ) ;
#5124 = VERTEX_POINT ( 'NONE', #2917 ) ;
#5125 = EDGE_CURVE ( 'NONE', #5405, #5435, #4143, .T. ) ;
#5126 = CARTESIAN_POINT ( 'NONE',  ( 5.660000002371741200, -0.2999999999999568600, -1.699999999993874900 ) ) ;
#5127 = LINE ( 'NONE', #2251, #4410 ) ;
#5128 = ORIENTED_EDGE ( 'NONE', *, *, #3395, .T. ) ;
#5129 = VERTEX_POINT ( 'NONE', #2540 ) ;
#5130 = CARTESIAN_POINT ( 'NONE',  ( 2.859999999999971000, 8.200000000000008200, -3.449999999999976200 ) ) ;
#5131 = EDGE_LOOP ( 'NONE', ( #2105, #2531, #2641, #2808 ) ) ;
#5132 = ORIENTED_EDGE ( 'NONE', *, *, #5005, .F. ) ;
#5133 = DIRECTION ( 'NONE',  ( 0.6882472016117197100, -0.2294157338705459000, 0.6882472016116562000 ) ) ;
#5134 = DIRECTION ( 'NONE',  ( 0.9486832980505201000, -0.3162277660168190700, 0.0000000000000000000 ) ) ;
#5135 = VECTOR ( 'NONE', #2425, 1000.000000000000000 ) ;
#5136 = EDGE_CURVE ( 'NONE', #356, #3698, #5017, .T. ) ;
#5137 = DIRECTION ( 'NONE',  ( -0.0000000000000000000, -1.000000000000000000, 2.449212707644743700E-016 ) ) ;
#5138 = LINE ( 'NONE', #5701, #4989 ) ;
#5139 = EDGE_LOOP ( 'NONE', ( #5732, #3478, #3521, #71 ) ) ;
#5140 = DIRECTION ( 'NONE',  ( 1.000000000000000000, 9.308272310119528700E-015, 0.0000000000000000000 ) ) ;
#5141 = FACE_OUTER_BOUND ( 'NONE', #434, .T. ) ;
#5142 = CARTESIAN_POINT ( 'NONE',  ( 0.2199999999999658300, 8.300000000000002500, -5.449999999999987700 ) ) ;
#5143 = CARTESIAN_POINT ( 'NONE',  ( -2.859999999999979000, 2.399999999999952400, -5.990000000000002000 ) ) ;
#5144 = DIRECTION ( 'NONE',  ( 0.0000000000000000000, -0.9486832980505123200, 0.3162277660168422700 ) ) ;
#5145 = VERTEX_POINT ( 'NONE', #2470 ) ;
#5146 = VERTEX_POINT ( 'NONE', #2519 ) ;
#5147 = LINE ( 'NONE', #5484, #5215 ) ;
#5148 = CARTESIAN_POINT ( 'NONE',  ( 5.686009647806964800, -0.2999999999999633000, -1.700244741191406600 ) ) ;
#5149 = LOCAL_TIME ( 23, 59, 36.00000000000000000, #1000 ) ;
#5150 = EDGE_LOOP ( 'NONE', ( #606, #5059 ) ) ;
#5151 = LINE ( 'NONE', #3803, #1190 ) ;
#5152 = ORIENTED_EDGE ( 'NONE', *, *, #1406, .F. ) ;
#5153 = EDGE_CURVE ( 'NONE', #2707, #631, #5453, .T. ) ;
#5154 = FACE_OUTER_BOUND ( 'NONE', #344, .T. ) ;
#5155 = EDGE_CURVE ( 'NONE', #662, #5405, #4269, .T. ) ;
#5156 = CARTESIAN_POINT ( 'NONE',  ( 2.219999999999967300, 0.09999999999999874300, -3.449999999999975300 ) ) ;
#5157 = ORIENTED_EDGE ( 'NONE', *, *, #5614, .F. ) ;
#5158 = CARTESIAN_POINT ( 'NONE',  ( 5.712104566957880700, -0.2999997919793772600, -1.695206707597279600 ) ) ;
#5159 = DIRECTION ( 'NONE',  ( -1.224646799147154800E-016, -1.367341569830080100E-015, 1.000000000000000000 ) ) ;
#5160 = AXIS2_PLACEMENT_3D ( 'NONE', #522, #496, #484 ) ;
#5161 = DIRECTION ( 'NONE',  ( -2.827357798649747700E-015, 0.3162277660168422700, 0.9486832980505123200 ) ) ;
#5162 = LINE ( 'NONE', #3765, #4455 ) ;
#5163 = DIRECTION ( 'NONE',  ( -9.308272310119528700E-015, 1.000000000000000000, 0.0000000000000000000 ) ) ;
#5164 = LINE ( 'NONE', #194, #5613 ) ;
#5165 = LINE ( 'NONE', #505, #4090 ) ;
#5166 = CARTESIAN_POINT ( 'NONE',  ( -2.759999999999927000, -3.300000000000040200, -3.350000000000003200 ) ) ;
#5167 = EDGE_LOOP ( 'NONE', ( #5580, #4746, #456, #3146, #587, #3828 ) ) ;
#5168 = CARTESIAN_POINT ( 'NONE',  ( 2.699999999999923400, 8.150000000000014600, -5.939999999999981700 ) ) ;
#5169 = VECTOR ( 'NONE', #3389, 1000.000000000000000 ) ;
#5170 = CARTESIAN_POINT ( 'NONE',  ( 5.760274322533476300, -0.2999998484123084800, -1.675342388953589700 ) ) ;
#5171 = CARTESIAN_POINT ( 'NONE',  ( 2.379999999999935500, 8.150000000000012800, -2.859999999999996800 ) ) ;
#5172 = ORIENTED_EDGE ( 'NONE', *, *, #5452, .T. ) ;
#5173 = CARTESIAN_POINT ( 'NONE',  ( 5.781260616707892400, -0.3000000057797850300, -1.661238439575336800 ) ) ;
#5174 = DIRECTION ( 'NONE',  ( -1.000000000000000000, -4.765598459455782000E-062, 4.498982165467396500E-032 ) ) ;
#5175 = CARTESIAN_POINT ( 'NONE',  ( -7.536499999999927400, 4.960496072962743600E-014, -8.799999999999956300 ) ) ;
#5176 = EDGE_CURVE ( 'NONE', #463, #5566, #2677, .T. ) ;
#5177 = EDGE_CURVE ( 'NONE', #4790, #662, #4038, .T. ) ;
#5178 = ORIENTED_EDGE ( 'NONE', *, *, #348, .T. ) ;
#5179 = CARTESIAN_POINT ( 'NONE',  ( -2.759999999999919900, -3.300000000000038000, -5.990000000000014400 ) ) ;
#5180 = CARTESIAN_POINT ( 'NONE',  ( 5.805424443689886100, -0.2999999977507856700, -1.637532662909163300 ) ) ;
#5181 = DIRECTION ( 'NONE',  ( 9.859894204913363300E-045, -1.059261469412979700E-030, 1.000000000000000000 ) ) ;
#5182 = CARTESIAN_POINT ( 'NONE',  ( -5.460000000000003500, 4.690748332077272800E-014, -1.499999999999979800 ) ) ;
#5183 = ORIENTED_EDGE ( 'NONE', *, *, #3049, .F. ) ;
#5184 = CARTESIAN_POINT ( 'NONE',  ( -3.159999999999923800, -3.833106724672739600E-014, -5.049999999999948300 ) ) ;
#5185 = VECTOR ( 'NONE', #3180, 1000.000000000000100 ) ;
#5186 = DIRECTION ( 'NONE',  ( 0.0000000000000000000, -1.000000000000000000, 0.0000000000000000000 ) ) ;
#5187 = CARTESIAN_POINT ( 'NONE',  ( 5.810238734693641900, -0.2999999965121608000, -1.632373942682924700 ) ) ;
#5188 = DIRECTION ( 'NONE',  ( -1.224646799147226000E-016, -1.367341569830489900E-015, 1.000000000000000000 ) ) ;
#5189 = LINE ( 'NONE', #4047, #4486 ) ;
#5190 = ORIENTED_EDGE ( 'NONE', *, *, #1799, .T. ) ;
#5191 = CARTESIAN_POINT ( 'NONE',  ( 5.819661498376008900, -0.2999998790512762900, -1.621143580025826300 ) ) ;
#5192 = VECTOR ( 'NONE', #4888, 1000.000000000000100 ) ;
#5193 = EDGE_LOOP ( 'NONE', ( #1119, #5817, #3434, #5622 ) ) ;
#5194 = CARTESIAN_POINT ( 'NONE',  ( 0.3199999999999881300, 8.199999999999983300, -3.449999999999976200 ) ) ;
#5195 = ORIENTED_EDGE ( 'NONE', *, *, #5623, .T. ) ;
#5196 = AXIS2_PLACEMENT_3D ( 'NONE', #629, #4621, #1791 ) ;
#5197 = LINE ( 'NONE', #5407, #5707 ) ;
#5198 = ORIENTED_EDGE ( 'NONE', *, *, #2747, .F. ) ;
#5199 = ORIENTED_EDGE ( 'NONE', *, *, #659, .T. ) ;
#5200 = VECTOR ( 'NONE', #1518, 1000.000000000000000 ) ;
#5201 = CARTESIAN_POINT ( 'NONE',  ( 5.827455798310284200, -0.2999996516765590100, -1.610482031051975200 ) ) ;
#5202 = CARTESIAN_POINT ( 'NONE',  ( -0.3200000000000357600, -3.000000000000026200, -5.349999999999985400 ) ) ;
#5203 = CARTESIAN_POINT ( 'NONE',  ( -2.859999999999935000, -3.000000000000052800, -5.989999999999994000 ) ) ;
#5204 = EDGE_CURVE ( 'NONE', #2715, #1713, #4641, .T. ) ;
#5205 = EDGE_CURVE ( 'NONE', #61, #4529, #3571, .T. ) ;
#5206 = CARTESIAN_POINT ( 'NONE',  ( -2.759999999999919400, -3.300000000000038900, -3.449999999999985500 ) ) ;
#5207 = ORIENTED_EDGE ( 'NONE', *, *, #3080, .F. ) ;
#5208 = VERTEX_POINT ( 'NONE', #2006 ) ;
#5209 = DIRECTION ( 'NONE',  ( -1.000000000000000000, -1.451244273804982700E-014, 0.0000000000000000000 ) ) ;
#5210 = CARTESIAN_POINT ( 'NONE',  ( 5.835696888879375900, -0.2999993049787511600, -1.597226014477114700 ) ) ;
#5211 = CC_DESIGN_PERSON_AND_ORGANIZATION_ASSIGNMENT ( #846, #48, ( #4303 ) ) ;
#5212 = DIRECTION ( 'NONE',  ( 1.224606353822376800E-016, 8.063547199514710600E-032, 1.000000000000000000 ) ) ;
#5213 = CARTESIAN_POINT ( 'NONE',  ( -2.219999999999978900, 0.09999999999998167300, -5.349999999999994300 ) ) ;
#5214 = TOROIDAL_SURFACE ( 'NONE', #628, 0.1999999999999493600, 0.3000000000000686000 ) ;
#5215 = VECTOR ( 'NONE', #5493, 1000.000000000000000 ) ;
#5216 = EDGE_CURVE ( 'NONE', #731, #304, #2921, .T. ) ;
#5217 = ORIENTED_EDGE ( 'NONE', *, *, #1724, .T. ) ;
#5218 = CARTESIAN_POINT ( 'NONE',  ( 2.859999999999924800, 7.200000000000005500, -5.349999999999984500 ) ) ;
#5219 = DIRECTION ( 'NONE',  ( -1.451244273804982700E-014, 1.000000000000000000, 1.367341569830078300E-015 ) ) ;
#5220 = LINE ( 'NONE', #622, #2563 ) ;
#5221 = VECTOR ( 'NONE', #1394, 1000.000000000000000 ) ;
#5222 = ORIENTED_EDGE ( 'NONE', *, *, #1122, .T. ) ;
#5223 = CARTESIAN_POINT ( 'NONE',  ( -2.220000000000041100, 7.999999999999961800, -2.810000000000004900 ) ) ;
#5224 = DIRECTION ( 'NONE',  ( -0.3162277660168190700, -0.9486832980505201000, -3.872545315192756500E-017 ) ) ;
#5225 = LINE ( 'NONE', #5600, #5286 ) ;
#5226 = DIRECTION ( 'NONE',  ( -0.3162277660168306100, 0.9486832980505162100, 0.0000000000000000000 ) ) ;
#5227 = ORIENTED_EDGE ( 'NONE', *, *, #1440, .T. ) ;
#5228 = CARTESIAN_POINT ( 'NONE',  ( -2.540000000000045800, 8.299999999999959900, -3.349999999999998300 ) ) ;
#5229 = CARTESIAN_POINT ( 'NONE',  ( 5.838226907853743900, -0.2999991689154201100, -1.592348173789616100 ) ) ;
#5230 = DIRECTION ( 'NONE',  ( 0.9486832980505162100, 0.3162277660168306100, 3.872545315193257600E-017 ) ) ;
#5231 = LINE ( 'NONE', #5448, #5385 ) ;
#5232 = EDGE_CURVE ( 'NONE', #5015, #2524, #5467, .T. ) ;
#5233 = AXIS2_PLACEMENT_3D ( 'NONE', #2099, #2072, #2070 ) ;
#5234 = ORIENTED_EDGE ( 'NONE', *, *, #5079, .F. ) ;
#5235 = LINE ( 'NONE', #5, #1207 ) ;
#5236 = AXIS2_PLACEMENT_3D ( 'NONE', #690, #207, #196 ) ;
#5237 = ORIENTED_EDGE ( 'NONE', *, *, #2365, .F. ) ;
#5238 = LINE ( 'NONE', #3250, #977 ) ;
#5239 = LINE ( 'NONE', #2685, #5071 ) ;
#5240 = VERTEX_POINT ( 'NONE', #1596 ) ;
#5241 = VECTOR ( 'NONE', #839, 1000.000000000000100 ) ;
#5242 = EDGE_CURVE ( 'NONE', #3864, #3816, #2837, .T. ) ;
#5243 = CARTESIAN_POINT ( 'NONE',  ( 5.840361839754814700, -0.2999991154830022900, -1.588113848860910100 ) ) ;
#5244 = DIRECTION ( 'NONE',  ( -3.059710517561310000E-015, 0.3162277660168419900, -0.9486832980505125500 ) ) ;
#5245 = VERTEX_POINT ( 'NONE', #1554 ) ;
#5246 = ORIENTED_EDGE ( 'NONE', *, *, #3837, .F. ) ;
#5247 = PLANE ( 'NONE',  #1423 ) ;
#5248 = CARTESIAN_POINT ( 'NONE',  ( 6.459999999999909400, 8.299999999999991800, -1.149999999999973900 ) ) ;
#5249 = ORIENTED_EDGE ( 'NONE', *, *, #2535, .F. ) ;
#5250 = CARTESIAN_POINT ( 'NONE',  ( 5.840102229866082500, -0.2999990720439482100, -1.588733835666801700 ) ) ;
#5251 = CARTESIAN_POINT ( 'NONE',  ( 3.159999999999906000, 8.765361620366191400E-015, -3.749999999999950700 ) ) ;
#5252 = ORIENTED_EDGE ( 'NONE', *, *, #2087, .T. ) ;
#5253 = ORIENTED_EDGE ( 'NONE', *, *, #4466, .T. ) ;
#5254 = EDGE_CURVE ( 'NONE', #4553, #2080, #5326, .T. ) ;
#5255 = EDGE_CURVE ( 'NONE', #5770, #5364, #1513, .T. ) ;
#5256 = ORIENTED_EDGE ( 'NONE', *, *, #3066, .F. ) ;
#5257 = PLANE ( 'NONE',  #311 ) ;
#5258 = CARTESIAN_POINT ( 'NONE',  ( 3.009999999999919400, 0.05000000000000979400, -3.924999999999962500 ) ) ;
#5259 = DIRECTION ( 'NONE',  ( 0.0000000000000000000, 0.9486832980505124400, 0.3162277660168419400 ) ) ;
#5260 = FACE_OUTER_BOUND ( 'NONE', #998, .T. ) ;
#5261 = ORIENTED_EDGE ( 'NONE', *, *, #4312, .F. ) ;
#5262 = CARTESIAN_POINT ( 'NONE',  ( -0.3200000000000432500, 7.999999999999981300, -3.449999999999976200 ) ) ;
#5263 = VERTEX_POINT ( 'NONE', #1307 ) ;
#5264 = AXIS2_PLACEMENT_3D ( 'NONE', #2508, #2499, #2483 ) ;
#5265 = ADVANCED_FACE ( 'NONE', ( #1045 ), #1285, .F. ) ;
#5266 = DIRECTION ( 'NONE',  ( 2.264797275598023500E-030, -2.449212707644743700E-016, -1.000000000000000000 ) ) ;
#5267 = CARTESIAN_POINT ( 'NONE',  ( 5.842812651616257300, -0.2999993115163786500, -1.582756457279347100 ) ) ;
#5268 = DIRECTION ( 'NONE',  ( 9.308272310119528700E-015, -1.000000000000000000, 2.449212707644743700E-016 ) ) ;
#5269 = AXIS2_PLACEMENT_3D ( 'NONE', #3563, #3556, #164 ) ;
#5270 = TOROIDAL_SURFACE ( 'NONE', #1808, 0.1999999999998955700, 0.2999999999999913800 ) ;
#5271 = VERTEX_POINT ( 'NONE', #1522 ) ;
#5272 = ORIENTED_EDGE ( 'NONE', *, *, #4917, .T. ) ;
#5273 = LINE ( 'NONE', #3361, #2344 ) ;
#5274 = ORIENTED_EDGE ( 'NONE', *, *, #2552, .T. ) ;
#5275 = EDGE_CURVE ( 'NONE', #1713, #742, #541, .T. ) ;
#5276 = VECTOR ( 'NONE', #4531, 1000.000000000000000 ) ;
#5277 = ORIENTED_EDGE ( 'NONE', *, *, #2273, .T. ) ;
#5278 = CARTESIAN_POINT ( 'NONE',  ( 2.809999999999921400, 8.150000000000016300, -3.289999999999982700 ) ) ;
#5279 = PLANE ( 'NONE',  #589 ) ;
#5280 = VECTOR ( 'NONE', #4151, 1000.000000000000000 ) ;
#5281 = ORIENTED_EDGE ( 'NONE', *, *, #2246, .T. ) ;
#5282 = DIRECTION ( 'NONE',  ( 0.6882472016117126000, 0.2294157338705595200, -0.6882472016116587500 ) ) ;
#5283 = CARTESIAN_POINT ( 'NONE',  ( 5.844096612229203700, -0.2999994113376422400, -1.579736888018148400 ) ) ;
#5284 = VECTOR ( 'NONE', #1807, 1000.000000000000000 ) ;
#5285 = VERTEX_POINT ( 'NONE', #1017 ) ;
#5286 = VECTOR ( 'NONE', #3985, 1000.000000000000000 ) ;
#5287 = DIRECTION ( 'NONE',  ( 1.000000000000000000, 9.308272310119528700E-015, 0.0000000000000000000 ) ) ;
#5288 = CARTESIAN_POINT ( 'NONE',  ( 5.659999999999961100, 4.994586203179388800E-014, -1.499999999999972700 ) ) ;
#5289 = ORIENTED_EDGE ( 'NONE', *, *, #4246, .T. ) ;
#5290 = EDGE_CURVE ( 'NONE', #5042, #3064, #107, .T. ) ;
#5291 = ORIENTED_EDGE ( 'NONE', *, *, #659, .F. ) ;
#5292 = VECTOR ( 'NONE', #5090, 1000.000000000000000 ) ;
#5293 = ORIENTED_EDGE ( 'NONE', *, *, #3370, .T. ) ;
#5294 = CARTESIAN_POINT ( 'NONE',  ( 5.854999598718190900, -0.3000001681890299100, -1.552312473620327800 ) ) ;
#5295 = CARTESIAN_POINT ( 'NONE',  ( 7.559999999999973900, 6.400000000000037700, -6.049999999999951000 ) ) ;
#5296 = ORIENTED_EDGE ( 'NONE', *, *, #59, .F. ) ;
#5297 = FACE_OUTER_BOUND ( 'NONE', #4017, .T. ) ;
#5298 = ORIENTED_EDGE ( 'NONE', *, *, #547, .T. ) ;
#5299 = ORIENTED_EDGE ( 'NONE', *, *, #2757, .F. ) ;
#5300 = CARTESIAN_POINT ( 'NONE',  ( -0.6199999999999916700, -1.676592531799601800E-014, -3.749999999999966200 ) ) ;
#5301 = VECTOR ( 'NONE', #4625, 1000.000000000000000 ) ;
#5302 = VERTEX_POINT ( 'NONE', #1031 ) ;
#5303 = DIRECTION ( 'NONE',  ( 9.796850830579013400E-017, 4.898425415289507300E-017, 1.000000000000000000 ) ) ;
#5304 = EDGE_CURVE ( 'NONE', #1321, #1713, #4653, .T. ) ;
#5305 = VERTEX_POINT ( 'NONE', #864 ) ;
#5306 = DIRECTION ( 'NONE',  ( 1.000000000000000000, 1.432654918121487600E-046, 1.169890155844560300E-030 ) ) ;
#5307 = FACE_BOUND ( 'NONE', #5193, .T. ) ;
#5308 = VECTOR ( 'NONE', #1959, 1000.000000000000000 ) ;
#5309 = ADVANCED_FACE ( 'NONE', ( #1120 ), #800, .F. ) ;
#5310 = EDGE_LOOP ( 'NONE', ( #3710, #1043, #2619, #4770 ) ) ;
#5311 = CARTESIAN_POINT ( 'NONE',  ( -7.975496956624693800E-015, -3.150000000000015500, -5.399999999999993200 ) ) ;
#5312 = CARTESIAN_POINT ( 'NONE',  ( -0.3199999999999704700, 0.09999999999998307500, -2.809999999999988500 ) ) ;
#5313 = CARTESIAN_POINT ( 'NONE',  ( -2.069999999999943000, 0.04999999999996215800, -4.874999999999968900 ) ) ;
#5314 = VERTEX_POINT ( 'NONE', #992 ) ;
#5315 = VERTEX_POINT ( 'NONE', #687 ) ;
#5316 = ORIENTED_EDGE ( 'NONE', *, *, #1801, .F. ) ;
#5317 = AXIS2_PLACEMENT_3D ( 'NONE', #2621, #1300, #3433 ) ;
#5318 = LINE ( 'NONE', #3745, #5720 ) ;
#5319 = EDGE_LOOP ( 'NONE', ( #3266, #3894, #4742, #1155 ) ) ;
#5320 = DIRECTION ( 'NONE',  ( -0.0000000000000000000, -1.000000000000000000, 2.449212707644743700E-016 ) ) ;
#5321 = LINE ( 'NONE', #5262, #4443 ) ;
#5322 = DIRECTION ( 'NONE',  ( -0.9486832980505220900, 0.3162277660168129600, 3.872545315193255700E-017 ) ) ;
#5323 = CARTESIAN_POINT ( 'NONE',  ( 5.859999999978733800, -0.2999999999999544700, -1.500000015941340000 ) ) ;
#5324 = EDGE_LOOP ( 'NONE', ( #4422, #4715, #1253, #5708 ) ) ;
#5325 = APPROVAL ( #879, 'UNSPECIFIED' ) ;
#5326 = LINE ( 'NONE', #1478, #4937 ) ;
#5327 = DIRECTION ( 'NONE',  ( 0.3015113445778184700, 0.9045340337332790100, -0.3015113445777444200 ) ) ;
#5328 = DIRECTION ( 'NONE',  ( 0.9486832980505202100, -0.3162277660168188500, 0.0000000000000000000 ) ) ;
#5329 = CARTESIAN_POINT ( 'NONE',  ( 5.859999999978734700, -0.2999999999999544700, -1.526159898890250900 ) ) ;
#5330 = CARTESIAN_POINT ( 'NONE',  ( -0.1999999999999568000, -0.3000000000000152000, -7.299999999999964300 ) ) ;
#5331 = PLANE ( 'NONE',  #2911 ) ;
#5332 = VERTEX_POINT ( 'NONE', #646 ) ;
#5333 = CIRCLE ( 'NONE', #4841, 0.2500000000000002200 ) ;
#5334 = ORIENTED_EDGE ( 'NONE', *, *, #28, .T. ) ;
#5335 = LINE ( 'NONE', #856, #5135 ) ;
#5336 = ORIENTED_EDGE ( 'NONE', *, *, #2465, .F. ) ;
#5337 = CARTESIAN_POINT ( 'NONE',  ( 0.2000000000001095300, -0.2999999999999378700, -7.299999999999964300 ) ) ;
#5338 = CARTESIAN_POINT ( 'NONE',  ( -0.3200000000000357000, 7.199999999999976200, -5.349999999999984500 ) ) ;
#5339 = VECTOR ( 'NONE', #1166, 1000.000000000000000 ) ;
#5340 = EDGE_CURVE ( 'NONE', #734, #1260, #5454, .T. ) ;
#5341 = EDGE_CURVE ( 'NONE', #4142, #5411, #1574, .T. ) ;
#5342 = CARTESIAN_POINT ( 'NONE',  ( -0.6199999999999925600, -1.561971957747439000E-014, -5.049999999999988300 ) ) ;
#5343 = DIRECTION ( 'NONE',  ( -0.5773502691896297300, -0.5773502691896317300, 0.5773502691896157400 ) ) ;
#5344 = LINE ( 'NONE', #2145, #1301 ) ;
#5345 = ORIENTED_EDGE ( 'NONE', *, *, #2836, .F. ) ;
#5346 = DIRECTION ( 'NONE',  ( 0.0000000000000000000, 1.000000000000000000, -2.449212707644743700E-016 ) ) ;
#5347 = EDGE_CURVE ( 'NONE', #3479, #3660, #4276, .T. ) ;
#5348 = LINE ( 'NONE', #3409, #3350 ) ;
#5349 = VERTEX_POINT ( 'NONE', #465 ) ;
#5350 = VECTOR ( 'NONE', #1097, 1000.000000000000000 ) ;
#5351 = ORIENTED_EDGE ( 'NONE', *, *, #2068, .F. ) ;
#5352 = DIRECTION ( 'NONE',  ( -9.308272310119528700E-015, 1.000000000000000000, -0.0000000000000000000 ) ) ;
#5353 = DIRECTION ( 'NONE',  ( 2.264797275598023500E-030, -2.449212707644743700E-016, -1.000000000000000000 ) ) ;
#5354 = CARTESIAN_POINT ( 'NONE',  ( 0.2000000000001096500, -0.2999999999999283200, -6.899999999999899100 ) ) ;
#5355 = PLANE ( 'NONE',  #535 ) ;
#5356 = AXIS2_PLACEMENT_3D ( 'NONE', #4023, #4071, #4099 ) ;
#5357 = LINE ( 'NONE', #4843, #786 ) ;
#5358 = ORIENTED_EDGE ( 'NONE', *, *, #4167, .T. ) ;
#5359 = VERTEX_POINT ( 'NONE', #358 ) ;
#5360 = EDGE_CURVE ( 'NONE', #2733, #4106, #1711, .T. ) ;
#5361 = DIRECTION ( 'NONE',  ( 1.139896941408118100E-030, -1.224606353822367400E-016, -1.000000000000000000 ) ) ;
#5362 = LINE ( 'NONE', #2584, #3800 ) ;
#5363 = ORIENTED_EDGE ( 'NONE', *, *, #2141, .F. ) ;
#5364 = VERTEX_POINT ( 'NONE', #256 ) ;
#5365 = DIRECTION ( 'NONE',  ( 3.059710517561302500E-015, -0.3162277660168411100, 0.9486832980505127700 ) ) ;
#5366 = PLANE ( 'NONE',  #43 ) ;
#5367 = VECTOR ( 'NONE', #1923, 1000.000000000000000 ) ;
#5368 = ORIENTED_EDGE ( 'NONE', *, *, #831, .T. ) ;
#5369 = EDGE_CURVE ( 'NONE', #4823, #3484, #2085, .T. ) ;
#5370 = ORIENTED_EDGE ( 'NONE', *, *, #135, .F. ) ;
#5371 = DIRECTION ( 'NONE',  ( 1.000000000000000000, 0.0000000000000000000, 1.224606353822388100E-016 ) ) ;
#5372 = DIRECTION ( 'NONE',  ( -9.859894204913363300E-045, 1.059261469412979700E-030, -1.000000000000000000 ) ) ;
#5373 = CARTESIAN_POINT ( 'NONE',  ( -4.932999999999973200, 7.799999999999945600, -0.08890000000001181700 ) ) ;
#5374 = CARTESIAN_POINT ( 'NONE',  ( -1.270000000000002900, 2.049999999999971400, 2.093091054210933400E-014 ) ) ;
#5375 = FACE_OUTER_BOUND ( 'NONE', #4385, .T. ) ;
#5376 = ORIENTED_EDGE ( 'NONE', *, *, #1216, .F. ) ;
#5377 = EDGE_CURVE ( 'NONE', #2415, #486, #1866, .T. ) ;
#5378 = FACE_OUTER_BOUND ( 'NONE', #1686, .T. ) ;
#5379 = DIRECTION ( 'NONE',  ( 0.3162277660168932300, 0.9486832980504954500, 0.0000000000000000000 ) ) ;
#5380 = CARTESIAN_POINT ( 'NONE',  ( 6.159999999999964600, -0.2999999999999565200, -7.299999999999965200 ) ) ;
#5381 = ORIENTED_EDGE ( 'NONE', *, *, #1234, .T. ) ;
#5382 = DIRECTION ( 'NONE',  ( 0.9486832980504954500, -0.3162277660168932300, -3.872545315190966200E-017 ) ) ;
#5383 = VECTOR ( 'NONE', #4074, 1000.000000000000000 ) ;
#5384 = DIRECTION ( 'NONE',  ( -1.000000000000000000, -1.432654918121487600E-046, -1.169890155844560300E-030 ) ) ;
#5385 = VECTOR ( 'NONE', #5473, 999.9999999999998900 ) ;
#5386 = ORIENTED_EDGE ( 'NONE', *, *, #5442, .F. ) ;
#5387 = DIRECTION ( 'NONE',  ( 9.308272310119528700E-015, -1.000000000000000000, 1.224606353822367400E-016 ) ) ;
#5388 = ORIENTED_EDGE ( 'NONE', *, *, #2021, .F. ) ;
#5389 = LINE ( 'NONE', #1345, #904 ) ;
#5390 = VERTEX_POINT ( 'NONE', #99 ) ;
#5391 = LINE ( 'NONE', #5423, #2930 ) ;
#5392 = CARTESIAN_POINT ( 'NONE',  ( 6.233499999999910600, 5.772771345016332300E-014, -2.749999999999966700 ) ) ;
#5393 = ORIENTED_EDGE ( 'NONE', *, *, #2048, .T. ) ;
#5394 = DIRECTION ( 'NONE',  ( 1.000000000000000000, 5.546970267633875300E-046, 2.264797275598023500E-030 ) ) ;
#5395 = CARTESIAN_POINT ( 'NONE',  ( -0.1999999999999569600, -0.3000000000000053700, -6.899999999999899100 ) ) ;
#5396 = ORIENTED_EDGE ( 'NONE', *, *, #994, .F. ) ;
#5397 = DIRECTION ( 'NONE',  ( 3.419690824224371900E-030, -3.673819061467120900E-016, -1.000000000000000000 ) ) ;
#5398 = ORIENTED_EDGE ( 'NONE', *, *, #4993, .F. ) ;
#5399 = ORIENTED_EDGE ( 'NONE', *, *, #1867, .T. ) ;
#5400 = VECTOR ( 'NONE', #1535, 1000.000000000000000 ) ;
#5401 = CARTESIAN_POINT ( 'NONE',  ( -406.3905678623204400, 11.84999999999615400, -1.149999999999980800 ) ) ;
#5402 = DIRECTION ( 'NONE',  ( -9.859894204913363300E-045, 1.059261469412979700E-030, -1.000000000000000000 ) ) ;
#5403 = ORIENTED_EDGE ( 'NONE', *, *, #3283, .F. ) ;
#5404 = PLANE ( 'NONE',  #455 ) ;
#5405 = VERTEX_POINT ( 'NONE', #55 ) ;
#5406 = DIRECTION ( 'NONE',  ( 8.791877021164553700E-015, -0.9486832980505148800, 0.3162277660168347200 ) ) ;
#5407 = CARTESIAN_POINT ( 'NONE',  ( 0.3199999999999936800, 0.09999999999998204800, -5.989999999999988700 ) ) ;
#5408 = EDGE_CURVE ( 'NONE', #4990, #518, #1793, .T. ) ;
#5409 = EDGE_CURVE ( 'NONE', #4158, #2834, #106, .T. ) ;
#5410 = ORIENTED_EDGE ( 'NONE', *, *, #187, .T. ) ;
#5411 = VERTEX_POINT ( 'NONE', #5444 ) ;
#5412 = EDGE_LOOP ( 'NONE', ( #3013, #2595, #5698, #2436, #2859, #4594 ) ) ;
#5413 = ORIENTED_EDGE ( 'NONE', *, *, #1926, .F. ) ;
#5414 = LINE ( 'NONE', #1857, #1069 ) ;
#5415 = ORIENTED_EDGE ( 'NONE', *, *, #5254, .F. ) ;
#5416 = EDGE_CURVE ( 'NONE', #3908, #3686, #3874, .T. ) ;
#5417 = DIRECTION ( 'NONE',  ( -1.000000000000000000, -6.938893903906452100E-015, 0.0000000000000000000 ) ) ;
#5418 = CARTESIAN_POINT ( 'NONE',  ( -9.685000000000092900, 0.04999999999989174200, -3.599999999999943200 ) ) ;
#5419 = ORIENTED_EDGE ( 'NONE', *, *, #491, .F. ) ;
#5420 = ORIENTED_EDGE ( 'NONE', *, *, #5623, .F. ) ;
#5421 = CARTESIAN_POINT ( 'NONE',  ( -2.269999999999946700, -3.150000000000036800, -5.670000000000013300 ) ) ;
#5422 = DIRECTION ( 'NONE',  ( 0.3162277660168932300, 0.9486832980504954500, 0.0000000000000000000 ) ) ;
#5423 = CARTESIAN_POINT ( 'NONE',  ( -0.3200000000000450300, 8.199999999999978000, -2.809999999999986700 ) ) ;
#5424 = VERTEX_POINT ( 'NONE', #1767 ) ;
#5425 = DIRECTION ( 'NONE',  ( -0.3162277660168129600, -0.9486832980505220900, 0.0000000000000000000 ) ) ;
#5426 = CARTESIAN_POINT ( 'NONE',  ( -2.220000000000048600, 7.199999999999959300, -5.990000000000003800 ) ) ;
#5427 = VECTOR ( 'NONE', #3628, 1000.000000000000000 ) ;
#5428 = FACE_BOUND ( 'NONE', #2656, .T. ) ;
#5429 = ORIENTED_EDGE ( 'NONE', *, *, #3465, .F. ) ;
#5430 = PLANE ( 'NONE',  #331 ) ;
#5431 = PLANE ( 'NONE',  #1585 ) ;
#5432 = CARTESIAN_POINT ( 'NONE',  ( -7.559999999999996900, 6.399999999999907100, -2.749999999999968900 ) ) ;
#5433 = EDGE_CURVE ( 'NONE', #3686, #544, #2302, .T. ) ;
#5434 = DIRECTION ( 'NONE',  ( -9.308272310119528700E-015, 1.000000000000000000, -3.673819061467121400E-016 ) ) ;
#5435 = VERTEX_POINT ( 'NONE', #1458 ) ;
#5436 = AXIS2_PLACEMENT_3D ( 'NONE', #5739, #5434, #5417 ) ;
#5437 = DIRECTION ( 'NONE',  ( -0.9486832980505220900, 0.3162277660168129600, 3.872545315193255700E-017 ) ) ;
#5438 = EDGE_LOOP ( 'NONE', ( #5019, #5183, #5490, #4882 ) ) ;
#5439 = PLANE ( 'NONE',  #5069 ) ;
#5440 = VERTEX_POINT ( 'NONE', #3781 ) ;
#5441 = EDGE_LOOP ( 'NONE', ( #5029, #4816, #1041, #4719 ) ) ;
#5442 = EDGE_CURVE ( 'NONE', #544, #518, #2598, .T. ) ;
#5443 = DIRECTION ( 'NONE',  ( -9.308272310119528700E-015, 1.000000000000000000, -0.0000000000000000000 ) ) ;
#5444 = CARTESIAN_POINT ( 'NONE',  ( 2.219999999999886100, 8.000000000000007100, -2.809999999999989800 ) ) ;
#5445 = APPROVAL_DATE_TIME ( #1967, #2486 ) ;
#5446 = EDGE_LOOP ( 'NONE', ( #3468, #3782, #3673, #3900 ) ) ;
#5447 = VECTOR ( 'NONE', #3873, 1000.000000000000000 ) ;
#5448 = CARTESIAN_POINT ( 'NONE',  ( -2.860000000000031900, 7.999999999999956500, -5.989999999999997500 ) ) ;
#5449 = FACE_BOUND ( 'NONE', #501, .T. ) ;
#5450 = ORIENTED_EDGE ( 'NONE', *, *, #4696, .F. ) ;
#5451 = EDGE_LOOP ( 'NONE', ( #903, #3050, #3123, #2005 ) ) ;
#5452 = EDGE_CURVE ( 'NONE', #2041, #1318, #3244, .T. ) ;
#5453 = LINE ( 'NONE', #2478, #2096 ) ;
#5454 = LINE ( 'NONE', #592, #1496 ) ;
#5455 = FACE_BOUND ( 'NONE', #4871, .T. ) ;
#5456 = CARTESIAN_POINT ( 'NONE',  ( 0.2200000000000407700, -3.300000000000018900, -2.910000000000009000 ) ) ;
#5457 = DIRECTION ( 'NONE',  ( 0.0000000000000000000, -0.3162277660168347200, -0.9486832980505148800 ) ) ;
#5458 = PLANE ( 'NONE',  #4462 ) ;
#5459 = EDGE_LOOP ( 'NONE', ( #2013, #645, #4729, #4345 ) ) ;
#5460 = LINE ( 'NONE', #590, #1788 ) ;
#5461 = DIRECTION ( 'NONE',  ( 1.000000000000000000, 9.308272310119528700E-015, 0.0000000000000000000 ) ) ;
#5462 = DIRECTION ( 'NONE',  ( 9.308272310119528700E-015, -1.000000000000000000, -0.0000000000000000000 ) ) ;
#5463 = DIRECTION ( 'NONE',  ( -9.859894204913363300E-045, 1.059261469412979700E-030, -1.000000000000000000 ) ) ;
#5464 = CARTESIAN_POINT ( 'NONE',  ( 5.909999999999902400, 8.200000000000040100, -8.799999999999958100 ) ) ;
#5465 = ORIENTED_EDGE ( 'NONE', *, *, #1432, .F. ) ;
#5466 = EDGE_CURVE ( 'NONE', #1669, #1531, #2528, .T. ) ;
#5467 = LINE ( 'NONE', #1716, #4511 ) ;
#5468 = DIRECTION ( 'NONE',  ( 9.308272310119528700E-015, -1.000000000000000000, 2.449212707644743700E-016 ) ) ;
#5469 = VERTEX_POINT ( 'NONE', #113 ) ;
#5470 = ORIENTED_EDGE ( 'NONE', *, *, #2473, .F. ) ;
#5471 = VECTOR ( 'NONE', #3665, 1000.000000000000000 ) ;
#5472 = VERTEX_POINT ( 'NONE', #1623 ) ;
#5473 = DIRECTION ( 'NONE',  ( 0.3015113445777311000, 0.9045340337333004400, 0.3015113445777676300 ) ) ;
#5474 = CIRCLE ( 'NONE', #350, 0.2500000000000002200 ) ;
#5475 = ORIENTED_EDGE ( 'NONE', *, *, #2016, .T. ) ;
#5476 = DIRECTION ( 'NONE',  ( 9.859894204913363300E-045, -1.059261469412979700E-030, 1.000000000000000000 ) ) ;
#5477 = ORIENTED_EDGE ( 'NONE', *, *, #1359, .T. ) ;
#5478 = FACE_OUTER_BOUND ( 'NONE', #2143, .T. ) ;
#5479 = LINE ( 'NONE', #2908, #5694 ) ;
#5480 = DIRECTION ( 'NONE',  ( 0.0000000000000000000, 1.000000000000000000, -2.449212707644743700E-016 ) ) ;
#5481 = EDGE_LOOP ( 'NONE', ( #3392, #2817, #2192, #327 ) ) ;
#5482 = CARTESIAN_POINT ( 'NONE',  ( -1.269999999999944300, -3.300103077641250300, -9.467934338834895800 ) ) ;
#5483 = CARTESIAN_POINT ( 'NONE',  ( -1.270000000000007100, 2.399999999999965700, -1.160000000000001300 ) ) ;
#5484 = CARTESIAN_POINT ( 'NONE',  ( -1.269999999999944300, -3.300103077641250300, -1.149999999999977500 ) ) ;
#5485 = DIRECTION ( 'NONE',  ( -3.419690824224371900E-030, 3.673819061467120900E-016, 1.000000000000000000 ) ) ;
#5486 = VECTOR ( 'NONE', #3515, 1000.000000000000000 ) ;
#5487 = EDGE_LOOP ( 'NONE', ( #1804, #4550, #2130, #787, #2123, #3762, #3507, #736 ) ) ;
#5488 = ADVANCED_BREP_SHAPE_REPRESENTATION ( '11091, SBH11-_BPC-D03-ST-_ _', ( #3779, #4149 ), #2732 ) ;
#5489 = FACE_OUTER_BOUND ( 'NONE', #1087, .T. ) ;
#5490 = ORIENTED_EDGE ( 'NONE', *, *, #152, .F. ) ;
#5491 = CARTESIAN_POINT ( 'NONE',  ( 0.2200000000000756600, -3.300000000000043300, -5.889999999999977500 ) ) ;
#5492 = PLANE ( 'NONE',  #978 ) ;
#5493 = DIRECTION ( 'NONE',  ( -9.308272310119528700E-015, 1.000000000000000000, -0.0000000000000000000 ) ) ;
#5494 = VERTEX_POINT ( 'NONE', #5807 ) ;
#5495 = EDGE_CURVE ( 'NONE', #3718, #5002, #5727, .T. ) ;
#5496 = FACE_BOUND ( 'NONE', #4325, .T. ) ;
#5497 = DIRECTION ( 'NONE',  ( 1.000000000000000000, 9.308272310119528700E-015, 0.0000000000000000000 ) ) ;
#5498 = CARTESIAN_POINT ( 'NONE',  ( 0.2503806904314599400, 7.747039694372580100E-015, -8.799999999999956300 ) ) ;
#5499 = LINE ( 'NONE', #1752, #3057 ) ;
#5500 = FACE_BOUND ( 'NONE', #2446, .T. ) ;
#5501 = PLANE ( 'NONE',  #1971 ) ;
#5502 = ORIENTED_EDGE ( 'NONE', *, *, #1628, .F. ) ;
#5503 = CARTESIAN_POINT ( 'NONE',  ( -2.219999999999950900, -3.300000000000039300, -3.449999999999985500 ) ) ;
#5504 = EDGE_CURVE ( 'NONE', #388, #4155, #3880, .T. ) ;
#5505 = DIRECTION ( 'NONE',  ( 0.0000000000000000000, -0.3162277660168408800, -0.9486832980505127700 ) ) ;
#5506 = TOROIDAL_SURFACE ( 'NONE', #749, 0.1999999999999179100, 0.3000000000000063200 ) ;
#5507 = ORIENTED_EDGE ( 'NONE', *, *, #1526, .F. ) ;
#5508 = CARTESIAN_POINT ( 'NONE',  ( -5.659999999999953100, 4.400499477316350000E-014, -1.499999999999979800 ) ) ;
#5509 = VERTEX_POINT ( 'NONE', #1991 ) ;
#5510 = ORIENTED_EDGE ( 'NONE', *, *, #1908, .F. ) ;
#5511 = PLANE ( 'NONE',  #2206 ) ;
#5512 = VECTOR ( 'NONE', #4902, 1000.000000000000000 ) ;
#5513 = DIRECTION ( 'NONE',  ( -0.3162277660168129600, -0.9486832980505220900, 0.0000000000000000000 ) ) ;
#5514 = EDGE_CURVE ( 'NONE', #4981, #3217, #1794, .T. ) ;
#5515 = EDGE_CURVE ( 'NONE', #5349, #322, #4714, .T. ) ;
#5516 = ORIENTED_EDGE ( 'NONE', *, *, #1342, .T. ) ;
#5517 = ORIENTED_EDGE ( 'NONE', *, *, #4933, .T. ) ;
#5518 = CC_DESIGN_DATE_AND_TIME_ASSIGNMENT ( #533, #3, ( #4303 ) ) ;
#5519 = ORIENTED_EDGE ( 'NONE', *, *, #2681, .T. ) ;
#5520 = CARTESIAN_POINT ( 'NONE',  ( 0.3200000000000914300, -3.300000000000016300, -5.889999999999977500 ) ) ;
#5521 = CARTESIAN_POINT ( 'NONE',  ( 5.859999999978733800, -0.2999999999999544700, -1.500000015941340000 ) ) ;
#5522 = LINE ( 'NONE', #1175, #5339 ) ;
#5523 = DIRECTION ( 'NONE',  ( -1.000000000000000000, -9.308272310119528700E-015, 0.0000000000000000000 ) ) ;
#5524 = LINE ( 'NONE', #5024, #5658 ) ;
#5525 = LINE ( 'NONE', #5772, #5512 ) ;
#5526 = DIRECTION ( 'NONE',  ( -9.741953179113801400E-015, 1.000000000000000000, -2.535786251118052600E-015 ) ) ;
#5527 = ORIENTED_EDGE ( 'NONE', *, *, #3029, .F. ) ;
#5528 = CARTESIAN_POINT ( 'NONE',  ( 0.3200000000000943200, 8.199999999999978000, -2.809999999999988500 ) ) ;
#5529 = CARTESIAN_POINT ( 'NONE',  ( 2.859999999999915500, 8.200000000000008200, -3.449999999999976200 ) ) ;
#5530 = EDGE_CURVE ( 'NONE', #4174, #2440, #1942, .T. ) ;
#5531 = EDGE_LOOP ( 'NONE', ( #464, #4087, #4934, #2226 ) ) ;
#5532 = CARTESIAN_POINT ( 'NONE',  ( -4.932999999999964300, 7.799999999999930500, -0.08890000000001181700 ) ) ;
#5533 = PLANE ( 'NONE',  #1112 ) ;
#5534 = DIRECTION ( 'NONE',  ( 0.0000000000000000000, 1.000000000000000000, -2.449212707644743700E-016 ) ) ;
#5535 = CARTESIAN_POINT ( 'NONE',  ( 6.233499999999910600, 5.666781665093008000E-014, -6.049999999999950100 ) ) ;
#5536 = DIRECTION ( 'NONE',  ( -0.0000000000000000000, 1.000000000000000000, -2.449212707644755500E-016 ) ) ;
#5537 = ORIENTED_EDGE ( 'NONE', *, *, #5442, .T. ) ;
#5538 = LINE ( 'NONE', #1104, #2091 ) ;
#5539 = CARTESIAN_POINT ( 'NONE',  ( 0.2000000000000520500, 8.015781172815157600E-014, -1.500000000000021300 ) ) ;
#5540 = PLANE ( 'NONE',  #917 ) ;
#5541 = EDGE_CURVE ( 'NONE', #4962, #5364, #4313, .T. ) ;
#5542 = ORIENTED_EDGE ( 'NONE', *, *, #4193, .T. ) ;
#5543 = EDGE_CURVE ( 'NONE', #744, #3089, #177, .T. ) ;
#5544 = CARTESIAN_POINT ( 'NONE',  ( 0.3199999999999843000, 8.199999999999983300, -2.809999999999990300 ) ) ;
#5545 = LINE ( 'NONE', #2635, #4870 ) ;
#5546 = CARTESIAN_POINT ( 'NONE',  ( -3.334999999999959100, 0.04999999999995085500, -3.599999999999970300 ) ) ;
#5547 = DIRECTION ( 'NONE',  ( 8.791877021164533200E-015, -0.9486832980505128800, 0.3162277660168409400 ) ) ;
#5548 = LINE ( 'NONE', #3098, #4760 ) ;
#5549 = ORIENTED_EDGE ( 'NONE', *, *, #874, .T. ) ;
#5550 = DIRECTION ( 'NONE',  ( 1.709845412112181400E-030, -1.836909530733555500E-016, -1.000000000000000000 ) ) ;
#5551 = DIRECTION ( 'NONE',  ( -1.000000000000000000, -1.949236842396173300E-013, 0.0000000000000000000 ) ) ;
#5552 = LINE ( 'NONE', #342, #2432 ) ;
#5553 = ORIENTED_EDGE ( 'NONE', *, *, #17, .F. ) ;
#5554 = VECTOR ( 'NONE', #1060, 1000.000000000000000 ) ;
#5555 = VERTEX_POINT ( 'NONE', #4542 ) ;
#5556 = FACE_OUTER_BOUND ( 'NONE', #3377, .T. ) ;
#5557 = ORIENTED_EDGE ( 'NONE', *, *, #874, .F. ) ;
#5558 = LINE ( 'NONE', #5464, #4493 ) ;
#5559 = DIRECTION ( 'NONE',  ( 4.192536730186718400E-028, -1.801022438824055900E-015, 1.000000000000000000 ) ) ;
#5560 = EDGE_CURVE ( 'NONE', #2750, #4187, #250, .T. ) ;
#5561 = DIRECTION ( 'NONE',  ( 2.264797275598023500E-030, -2.449212707644743700E-016, -1.000000000000000000 ) ) ;
#5562 = FACE_OUTER_BOUND ( 'NONE', #595, .T. ) ;
#5563 = ORIENTED_EDGE ( 'NONE', *, *, #4518, .T. ) ;
#5564 = ORIENTED_EDGE ( 'NONE', *, *, #5408, .F. ) ;
#5565 = CARTESIAN_POINT ( 'NONE',  ( -0.2000000000000160500, 2.188338032291373400E-015, -1.500000000000021300 ) ) ;
#5566 = VERTEX_POINT ( 'NONE', #4490 ) ;
#5567 = DIRECTION ( 'NONE',  ( 1.000000000000000000, 9.308272310119528700E-015, 0.0000000000000000000 ) ) ;
#5568 = EDGE_CURVE ( 'NONE', #4649, #5435, #2380, .T. ) ;
#5569 = FACE_OUTER_BOUND ( 'NONE', #4355, .T. ) ;
#5570 = FACE_OUTER_BOUND ( 'NONE', #4569, .T. ) ;
#5571 = VERTEX_POINT ( 'NONE', #4434 ) ;
#5572 = CARTESIAN_POINT ( 'NONE',  ( -9.685000000000092900, 0.04999999999989081200, -6.139999999999929500 ) ) ;
#5573 = ORIENTED_EDGE ( 'NONE', *, *, #1933, .T. ) ;
#5574 = ORIENTED_EDGE ( 'NONE', *, *, #4466, .F. ) ;
#5575 = EDGE_CURVE ( 'NONE', #322, #1321, #898, .T. ) ;
#5576 = ORIENTED_EDGE ( 'NONE', *, *, #1403, .T. ) ;
#5577 = CARTESIAN_POINT ( 'NONE',  ( 2.219999999999941100, 7.200000000000005500, -5.989999999999990400 ) ) ;
#5578 = FACE_OUTER_BOUND ( 'NONE', #103, .T. ) ;
#5579 = LINE ( 'NONE', #2748, #5185 ) ;
#5580 = ORIENTED_EDGE ( 'NONE', *, *, #4487, .F. ) ;
#5581 = DIRECTION ( 'NONE',  ( 9.308272310119528700E-015, -1.000000000000000000, -0.0000000000000000000 ) ) ;
#5582 = VECTOR ( 'NONE', #669, 1000.000000000000000 ) ;
#5583 = ORIENTED_EDGE ( 'NONE', *, *, #607, .F. ) ;
#5584 = DIRECTION ( 'NONE',  ( 1.000000000000000000, 4.765598459455782000E-062, -4.498982165467396500E-032 ) ) ;
#5585 = CARTESIAN_POINT ( 'NONE',  ( -3.159999999999926900, -3.016693296809562700E-014, -4.409999999999975300 ) ) ;
#5586 = EDGE_CURVE ( 'NONE', #356, #1055, #2620, .T. ) ;
#5587 = ORIENTED_EDGE ( 'NONE', *, *, #3524, .T. ) ;
#5588 = DIRECTION ( 'NONE',  ( -0.6882472016116160100, 0.2294157338705744800, 0.6882472016117502400 ) ) ;
#5589 = DIRECTION ( 'NONE',  ( 0.3015113445778150300, 0.9045340337332700200, -0.3015113445777745100 ) ) ;
#5590 = ORIENTED_EDGE ( 'NONE', *, *, #837, .T. ) ;
#5591 = VECTOR ( 'NONE', #654, 1000.000000000000000 ) ;
#5592 = VECTOR ( 'NONE', #2825, 1000.000000000000000 ) ;
#5593 = DIRECTION ( 'NONE',  ( -1.000000000000000000, -1.463672932855789100E-014, 0.0000000000000000000 ) ) ;
#5594 = FACE_OUTER_BOUND ( 'NONE', #1297, .T. ) ;
#5595 = PLANE ( 'NONE',  #1825 ) ;
#5596 = ORIENTED_EDGE ( 'NONE', *, *, #5753, .T. ) ;
#5597 = ORIENTED_EDGE ( 'NONE', *, *, #1053, .T. ) ;
#5598 = CARTESIAN_POINT ( 'NONE',  ( -2.810000000000036900, 8.149999999999964800, -3.289999999999996000 ) ) ;
#5599 = DIRECTION ( 'NONE',  ( -1.451244273804982700E-014, 1.000000000000000000, 1.367341569830078300E-015 ) ) ;
#5600 = CARTESIAN_POINT ( 'NONE',  ( -0.3200000000000450300, 8.199999999999978000, -2.809999999999994300 ) ) ;
#5601 = CARTESIAN_POINT ( 'NONE',  ( -2.220000000000056200, 7.999999999999967100, -2.810000000000002300 ) ) ;
#5602 = ORIENTED_EDGE ( 'NONE', *, *, #5416, .T. ) ;
#5603 = ORIENTED_EDGE ( 'NONE', *, *, #3308, .T. ) ;
#5604 = LINE ( 'NONE', #3102, #5592 ) ;
#5605 = EDGE_CURVE ( 'NONE', #3159, #4034, #2627, .T. ) ;
#5606 = EDGE_LOOP ( 'NONE', ( #1682, #3109, #2477, #1973 ) ) ;
#5607 = CARTESIAN_POINT ( 'NONE',  ( -5.659999999999948600, -0.3000000000000245800, -1.499999999999980200 ) ) ;
#5608 = PLANE ( 'NONE',  #4050 ) ;
#5609 = CIRCLE ( 'NONE', #853, 0.5000000000000701700 ) ;
#5610 = ORIENTED_EDGE ( 'NONE', *, *, #3149, .F. ) ;
#5611 = CARTESIAN_POINT ( 'NONE',  ( 6.233499999999891900, 2.400000000000035000, -6.049999999999950100 ) ) ;
#5612 = VECTOR ( 'NONE', #3372, 1000.000000000000000 ) ;
#5613 = VECTOR ( 'NONE', #95, 1000.000000000000200 ) ;
#5614 = EDGE_CURVE ( 'NONE', #3479, #4442, #4338, .T. ) ;
#5615 = DIRECTION ( 'NONE',  ( 9.308272310119528700E-015, -1.000000000000000000, 0.0000000000000000000 ) ) ;
#5616 = AXIS2_PLACEMENT_3D ( 'NONE', #2877, #3145, #3214 ) ;
#5617 = ADVANCED_FACE ( 'NONE', ( #3643 ), #4100, .T. ) ;
#5618 = VECTOR ( 'NONE', #1591, 1000.000000000000000 ) ;
#5619 = EDGE_LOOP ( 'NONE', ( #4388, #2957, #4537, #2379, #2239 ) ) ;
#5620 = DIRECTION ( 'NONE',  ( 1.000000000000000000, 9.308272310119528700E-015, 0.0000000000000000000 ) ) ;
#5621 = LINE ( 'NONE', #101, #847 ) ;
#5622 = ORIENTED_EDGE ( 'NONE', *, *, #2077, .F. ) ;
#5623 = EDGE_CURVE ( 'NONE', #3758, #869, #4804, .T. ) ;
#5624 = ORIENTED_EDGE ( 'NONE', *, *, #370, .T. ) ;
#5625 = DIRECTION ( 'NONE',  ( -1.139896941408118100E-030, 1.224606353822367400E-016, 1.000000000000000000 ) ) ;
#5626 = LINE ( 'NONE', #3721, #5612 ) ;
#5627 = ORIENTED_EDGE ( 'NONE', *, *, #1845, .F. ) ;
#5628 = ADVANCED_FACE ( 'NONE', ( #2253 ), #3691, .T. ) ;
#5629 = PLANE ( 'NONE',  #3968 ) ;
#5630 = CC_DESIGN_APPROVAL ( #5325, ( #4998 ) ) ;
#5631 = LINE ( 'NONE', #2738, #2191 ) ;
#5632 = VERTEX_POINT ( 'NONE', #3391 ) ;
#5633 = LINE ( 'NONE', #1057, #3195 ) ;
#5634 = EDGE_LOOP ( 'NONE', ( #913, #909, #890, #5502 ) ) ;
#5635 = LINE ( 'NONE', #1088, #5350 ) ;
#5636 = ORIENTED_EDGE ( 'NONE', *, *, #2087, .F. ) ;
#5637 = ORIENTED_EDGE ( 'NONE', *, *, #5136, .T. ) ;
#5638 = DIRECTION ( 'NONE',  ( -1.000000000000000000, -9.308272310119528700E-015, 1.224606353822377300E-016 ) ) ;
#5639 = PLANE ( 'NONE',  #407 ) ;
#5640 = DIRECTION ( 'NONE',  ( 1.000000000000000000, 9.308272310119528700E-015, 0.0000000000000000000 ) ) ;
#5641 = LINE ( 'NONE', #3012, #3487 ) ;
#5642 = PLANE ( 'NONE',  #1059 ) ;
#5643 = LINE ( 'NONE', #266, #4315 ) ;
#5644 = PLANE ( 'NONE',  #492 ) ;
#5645 = EDGE_CURVE ( 'NONE', #2509, #5035, #5709, .T. ) ;
#5646 = EDGE_LOOP ( 'NONE', ( #790, #129, #1865, #4049 ) ) ;
#5647 = FACE_OUTER_BOUND ( 'NONE', #5167, .T. ) ;
#5648 = EDGE_LOOP ( 'NONE', ( #4454, #2824, #2366, #2168 ) ) ;
#5649 = DIRECTION ( 'NONE',  ( -0.0000000000000000000, -1.000000000000000000, -1.059261469412979400E-030 ) ) ;
#5650 = DIRECTION ( 'NONE',  ( 0.0000000000000000000, 1.000000000000000000, -3.673819061467120900E-016 ) ) ;
#5651 = EDGE_LOOP ( 'NONE', ( #5085, #5252 ) ) ;
#5652 = EDGE_CURVE ( 'NONE', #1003, #1578, #5626, .T. ) ;
#5653 = EDGE_LOOP ( 'NONE', ( #5113, #5198, #5336, #5420 ) ) ;
#5654 = LINE ( 'NONE', #5715, #5711 ) ;
#5655 = VERTEX_POINT ( 'NONE', #3352 ) ;
#5656 = ADVANCED_FACE ( 'NONE', ( #5771 ), #3245, .T. ) ;
#5657 = EDGE_CURVE ( 'NONE', #2080, #4575, #5479, .T. ) ;
#5658 = VECTOR ( 'NONE', #5784, 1000.000000000000000 ) ;
#5659 = ORIENTED_EDGE ( 'NONE', *, *, #2806, .T. ) ;
#5660 = FACE_OUTER_BOUND ( 'NONE', #5451, .T. ) ;
#5661 = ORIENTED_EDGE ( 'NONE', *, *, #4489, .T. ) ;
#5662 = ORIENTED_EDGE ( 'NONE', *, *, #2659, .F. ) ;
#5663 = PLANE ( 'NONE',  #557 ) ;
#5664 = EDGE_LOOP ( 'NONE', ( #1718, #1363, #1559, #1081 ) ) ;
#5665 = EDGE_CURVE ( 'NONE', #3822, #4427, #5579, .T. ) ;
#5666 = DIRECTION ( 'NONE',  ( 9.308272310119528700E-015, -1.000000000000000000, 1.224606353822367400E-016 ) ) ;
#5667 = LINE ( 'NONE', #320, #3101 ) ;
#5668 = CARTESIAN_POINT ( 'NONE',  ( 5.409999999999857100, -7.251739330131780400E-014, -8.799999999999956300 ) ) ;
#5669 =( BOUNDED_CURVE ( )  B_SPLINE_CURVE ( 3, ( #2327, #1940, #1918, #2312 ),
 .UNSPECIFIED., .F., .F. ) 
 B_SPLINE_CURVE_WITH_KNOTS ( ( 4, 4 ),
 ( 0.0000000000000000000, 1.000000000000000000 ),
 .UNSPECIFIED. ) 
 CURVE ( )  GEOMETRIC_REPRESENTATION_ITEM ( )  RATIONAL_B_SPLINE_CURVE ( ( 1.000000000000000000, 0.3333333333333337000, 0.3333333333333337000, 1.000000000000000000 ) ) 
 REPRESENTATION_ITEM ( '' )  );
#5670 = VERTEX_POINT ( 'NONE', #3319 ) ;
#5671 = CARTESIAN_POINT ( 'NONE',  ( -7.536499999999927400, 8.799999999999908300, -8.799999999999956300 ) ) ;
#5672 = DIRECTION ( 'NONE',  ( 0.0000000000000000000, -1.000000000000000000, 2.449212707644755500E-016 ) ) ;
#5673 = VERTEX_POINT ( 'NONE', #2816 ) ;
#5674 = ORIENTED_EDGE ( 'NONE', *, *, #3223, .T. ) ;
#5675 = VECTOR ( 'NONE', #1231, 1000.000000000000000 ) ;
#5676 = PLANE ( 'NONE',  #1665 ) ;
#5677 = VERTEX_POINT ( 'NONE', #2725 ) ;
#5678 = LINE ( 'NONE', #3943, #5447 ) ;
#5679 = EDGE_CURVE ( 'NONE', #2901, #4990, #5239, .T. ) ;
#5680 = DIRECTION ( 'NONE',  ( 0.0000000000000000000, 1.000000000000000000, -2.449212707644743700E-016 ) ) ;
#5681 = DIRECTION ( 'NONE',  ( 1.000000000000000000, 4.592905837368595000E-015, -4.592905837368643900E-015 ) ) ;
#5682 = DIRECTION ( 'NONE',  ( 8.869327927468405400E-015, -0.9486832980505148800, 0.3162277660168347200 ) ) ;
#5683 = VECTOR ( 'NONE', #4044, 1000.000000000000100 ) ;
#5684 = VERTEX_POINT ( 'NONE', #2791 ) ;
#5685 = EDGE_CURVE ( 'NONE', #1589, #5424, #5545, .T. ) ;
#5686 = FACE_OUTER_BOUND ( 'NONE', #4669, .T. ) ;
#5687 = ORIENTED_EDGE ( 'NONE', *, *, #805, .T. ) ;
#5688 = AXIS2_PLACEMENT_3D ( 'NONE', #4521, #4452, #4458 ) ;
#5689 = CIRCLE ( 'NONE', #4956, 0.3000000000000218000 ) ;
#5690 = ORIENTED_EDGE ( 'NONE', *, *, #4487, .T. ) ;
#5691 = CARTESIAN_POINT ( 'NONE',  ( 2.069999999999978500, 0.05000000000000069700, -4.874999999999968900 ) ) ;
#5692 = FACE_OUTER_BOUND ( 'NONE', #4585, .T. ) ;
#5693 = VERTEX_POINT ( 'NONE', #2341 ) ;
#5694 = VECTOR ( 'NONE', #2882, 1000.000000000000000 ) ;
#5695 = PLANE ( 'NONE',  #1135 ) ;
#5696 = CARTESIAN_POINT ( 'NONE',  ( 2.319999999999907000, 8.300000000000006000, -3.129999999999989200 ) ) ;
#5697 = VECTOR ( 'NONE', #4572, 1000.000000000000000 ) ;
#5698 = ORIENTED_EDGE ( 'NONE', *, *, #2314, .F. ) ;
#5699 = LINE ( 'NONE', #4828, #1389 ) ;
#5700 = CARTESIAN_POINT ( 'NONE',  ( 2.219999999999984200, 8.200000000000008200, -3.449999999999976200 ) ) ;
#5701 = CARTESIAN_POINT ( 'NONE',  ( -5.163500000000050600, 8.299999999999920800, -1.149999999999944800 ) ) ;
#5702 = CARTESIAN_POINT ( 'NONE',  ( 0.2200000000000393600, -3.300000000000025100, -5.889999999999976600 ) ) ;
#5703 = FACE_OUTER_BOUND ( 'NONE', #2580, .T. ) ;
#5704 = VECTOR ( 'NONE', #3659, 1000.000000000000000 ) ;
#5705 = VERTEX_POINT ( 'NONE', #2324 ) ;
#5706 = PLANE ( 'NONE',  #996 ) ;
#5707 = VECTOR ( 'NONE', #5394, 1000.000000000000000 ) ;
#5708 = ORIENTED_EDGE ( 'NONE', *, *, #1925, .T. ) ;
#5709 = LINE ( 'NONE', #3600, #5704 ) ;
#5710 = VERTEX_POINT ( 'NONE', #2404 ) ;
#5711 = VECTOR ( 'NONE', #4817, 1000.000000000000000 ) ;
#5712 = CARTESIAN_POINT ( 'NONE',  ( 2.219999999999896300, 7.200000000000000200, -5.989999999999990400 ) ) ;
#5713 = ORIENTED_EDGE ( 'NONE', *, *, #571, .T. ) ;
#5714 = ORIENTED_EDGE ( 'NONE', *, *, #4522, .F. ) ;
#5715 = CARTESIAN_POINT ( 'NONE',  ( 2.859999999999924800, 7.200000000000005500, -5.349999999999984500 ) ) ;
#5716 = DIRECTION ( 'NONE',  ( -0.0000000000000000000, 1.000000000000000000, -1.224606353822378200E-016 ) ) ;
#5717 = CARTESIAN_POINT ( 'NONE',  ( 6.159999999999964600, -0.2999999999999543600, -1.499999999999979300 ) ) ;
#5718 = VERTEX_POINT ( 'NONE', #2303 ) ;
#5719 = ORIENTED_EDGE ( 'NONE', *, *, #3740, .F. ) ;
#5720 = VECTOR ( 'NONE', #3307, 1000.000000000000000 ) ;
#5721 = AXIS2_PLACEMENT_3D ( 'NONE', #3615, #3761, #2093 ) ;
#5722 = ORIENTED_EDGE ( 'NONE', *, *, #5433, .T. ) ;
#5723 = CARTESIAN_POINT ( 'NONE',  ( -2.220000000000052200, 7.999999999999967100, -5.990000000000001100 ) ) ;
#5724 = DIRECTION ( 'NONE',  ( 9.308272310119528700E-015, -1.000000000000000000, 0.0000000000000000000 ) ) ;
#5725 = VECTOR ( 'NONE', #4765, 1000.000000000000000 ) ;
#5726 = DIRECTION ( 'NONE',  ( 0.0000000000000000000, -0.0000000000000000000, 1.000000000000000000 ) ) ;
#5727 = LINE ( 'NONE', #2354, #4797 ) ;
#5728 = FACE_OUTER_BOUND ( 'NONE', #2667, .T. ) ;
#5729 = DIRECTION ( 'NONE',  ( 3.059710517561302500E-015, -0.3162277660168411100, 0.9486832980505127700 ) ) ;
#5730 = CARTESIAN_POINT ( 'NONE',  ( 0.5000000000000738300, 3.901343686941828200E-015, -1.500000000000021300 ) ) ;
#5731 = PERSON_AND_ORGANIZATION ( #3531, #3853 ) ;
#5732 = ORIENTED_EDGE ( 'NONE', *, *, #2393, .T. ) ;
#5733 = EDGE_LOOP ( 'NONE', ( #3318, #4663 ) ) ;
#5734 = AXIS2_PLACEMENT_3D ( 'NONE', #778, #743, #719 ) ;
#5735 = ORIENTED_EDGE ( 'NONE', *, *, #3786, .T. ) ;
#5736 = ORIENTED_EDGE ( 'NONE', *, *, #3147, .F. ) ;
#5737 = DIRECTION ( 'NONE',  ( 9.859894204913363300E-045, -1.059261469412979700E-030, 1.000000000000000000 ) ) ;
#5738 = DIRECTION ( 'NONE',  ( -2.827357798649747700E-015, 0.3162277660168422700, 0.9486832980505123200 ) ) ;
#5739 = CARTESIAN_POINT ( 'NONE',  ( -0.0003806904315143896900, 8.199999999999967300, -8.849999999999951700 ) ) ;
#5740 = VERTEX_POINT ( 'NONE', #2262 ) ;
#5741 = VECTOR ( 'NONE', #4966, 1000.000000000000000 ) ;
#5742 = DIRECTION ( 'NONE',  ( 1.224606353822377300E-016, 1.139896941408127200E-030, 1.000000000000000000 ) ) ;
#5743 = LINE ( 'NONE', #1469, #5192 ) ;
#5744 = VERTEX_POINT ( 'NONE', #2701 ) ;
#5745 = CARTESIAN_POINT ( 'NONE',  ( -0.5000000000000516300, -1.888539362077259300E-013, -7.299999999999965200 ) ) ;
#5746 = LINE ( 'NONE', #5206, #3023 ) ;
#5747 = CARTESIAN_POINT ( 'NONE',  ( 2.859999999999943500, 2.400000000000003900, -5.989999999999988700 ) ) ;
#5748 = CARTESIAN_POINT ( 'NONE',  ( -2.859999999999978100, 2.399999999999949700, -3.449999999999990000 ) ) ;
#5749 = AXIS2_PLACEMENT_3D ( 'NONE', #3622, #3618, #3603 ) ;
#5750 = ORIENTED_EDGE ( 'NONE', *, *, #4773, .F. ) ;
#5751 = CIRCLE ( 'NONE', #5236, 0.2500000000000002200 ) ;
#5752 = VERTEX_POINT ( 'NONE', #2197 ) ;
#5753 = EDGE_CURVE ( 'NONE', #4990, #3718, #5060, .T. ) ;
#5754 = LINE ( 'NONE', #2944, #144 ) ;
#5755 = ORIENTED_EDGE ( 'NONE', *, *, #3471, .F. ) ;
#5756 = ORIENTED_EDGE ( 'NONE', *, *, #51, .F. ) ;
#5757 = CARTESIAN_POINT ( 'NONE',  ( -2.250000000000038200, 8.799999999999958100, 0.6280000000000217600 ) ) ;
#5758 = AXIS2_PLACEMENT_3D ( 'NONE', #449, #301, #292 ) ;
#5759 = CARTESIAN_POINT ( 'NONE',  ( 7.559999999999973900, 6.916586645182435900E-014, -6.049999999999950100 ) ) ;
#5760 = DIRECTION ( 'NONE',  ( -0.3015113445778134200, -0.9045340337332650200, -0.3015113445777911600 ) ) ;
#5761 = VECTOR ( 'NONE', #1316, 1000.000000000000000 ) ;
#5762 = ORIENTED_EDGE ( 'NONE', *, *, #267, .T. ) ;
#5763 = ORIENTED_EDGE ( 'NONE', *, *, #1724, .F. ) ;
#5764 = PLANE ( 'NONE',  #3614 ) ;
#5765 = CARTESIAN_POINT ( 'NONE',  ( -5.409999999999953100, -5.111054566586477900E-014, -4.409999999999975300 ) ) ;
#5766 = VECTOR ( 'NONE', #1259, 1000.000000000000000 ) ;
#5767 = VECTOR ( 'NONE', #377, 1000.000000000000000 ) ;
#5768 = CARTESIAN_POINT ( 'NONE',  ( 2.219999999999978000, -2.999999999999999100, -2.809999999999998300 ) ) ;
#5769 = ORIENTED_EDGE ( 'NONE', *, *, #2376, .F. ) ;
#5770 = VERTEX_POINT ( 'NONE', #2223 ) ;
#5771 = FACE_OUTER_BOUND ( 'NONE', #3794, .T. ) ;
#5772 = CARTESIAN_POINT ( 'NONE',  ( -2.859999999999956800, 0.09999999999995949600, -5.990000000000003800 ) ) ;
#5773 = CARTESIAN_POINT ( 'NONE',  ( 0.3199999999999889600, 7.999999999999986700, -5.989999999999987800 ) ) ;
#5774 = EDGE_LOOP ( 'NONE', ( #3886, #4778, #2880, #919, #3260, #1782 ) ) ;
#5775 = ORIENTED_EDGE ( 'NONE', *, *, #3035, .F. ) ;
#5776 = DIRECTION ( 'NONE',  ( -9.308272310119528700E-015, 1.000000000000000000, 0.0000000000000000000 ) ) ;
#5777 = DIRECTION ( 'NONE',  ( 0.0000000000000000000, 0.3162277660168381600, -0.9486832980505137700 ) ) ;
#5778 = ORIENTED_EDGE ( 'NONE', *, *, #2106, .T. ) ;
#5779 = DIRECTION ( 'NONE',  ( 0.3015113445777340400, 0.9045340337332985500, 0.3015113445777705100 ) ) ;
#5780 = ADVANCED_FACE ( 'NONE', ( #5080 ), #1934, .F. ) ;
#5781 = ORIENTED_EDGE ( 'NONE', *, *, #4995, .F. ) ;
#5782 = LINE ( 'NONE', #4133, #5014 ) ;
#5783 = CARTESIAN_POINT ( 'NONE',  ( 2.860000000000033200, -2.999999999999999100, -2.809999999999995600 ) ) ;
#5784 = DIRECTION ( 'NONE',  ( -1.000000000000000000, -9.308272310119528700E-015, -0.0000000000000000000 ) ) ;
#5785 = CIRCLE ( 'NONE', #3634, 0.1999999999918976300 ) ;
#5786 = VECTOR ( 'NONE', #90, 1000.000000000000000 ) ;
#5787 = ORIENTED_EDGE ( 'NONE', *, *, #1341, .F. ) ;
#5788 = AXIS2_PLACEMENT_3D ( 'NONE', #4216, #4777, #1115 ) ;
#5789 = DIRECTION ( 'NONE',  ( 9.308272310119528700E-015, -1.000000000000000000, 1.224606353822367400E-016 ) ) ;
#5790 = PLANE ( 'NONE',  #797 ) ;
#5791 = PLANE ( 'NONE',  #3432 ) ;
#5792 = ORIENTED_EDGE ( 'NONE', *, *, #379, .F. ) ;
#5793 = CARTESIAN_POINT ( 'NONE',  ( 5.659999999999962800, -0.2999999999999559100, -1.300000000002568700 ) ) ;
#5794 = ORIENTED_EDGE ( 'NONE', *, *, #1824, .F. ) ;
#5795 = CARTESIAN_POINT ( 'NONE',  ( -9.364999999999994900, 0.04999999999989413600, -5.199999999999932700 ) ) ;
#5796 = PRODUCT_DEFINITION_FORMATION_WITH_SPECIFIED_SOURCE ( 'ANY', '', #2892, .NOT_KNOWN. ) ;
#5797 = LINE ( 'NONE', #399, #3379 ) ;
#5798 = CARTESIAN_POINT ( 'NONE',  ( 2.859999999999980300, 7.200000000000005500, -5.989999999999990400 ) ) ;
#5799 = CARTESIAN_POINT ( 'NONE',  ( 0.5000000000000292000, -0.1757359312880180400, -1.500000000000021800 ) ) ;
#5800 = PLANE ( 'NONE',  #274 ) ;
#5801 = ORIENTED_EDGE ( 'NONE', *, *, #5176, .F. ) ;
#5802 = LINE ( 'NONE', #2193, #3905 ) ;
#5803 = ORIENTED_EDGE ( 'NONE', *, *, #4504, .T. ) ;
#5804 = DIRECTION ( 'NONE',  ( 0.0000000000000000000, -0.9486832980505123200, 0.3162277660168422700 ) ) ;
#5805 = CARTESIAN_POINT ( 'NONE',  ( -0.3757359312879790000, -0.3000000000000556100, -0.7485281374239112200 ) ) ;
#5806 = LINE ( 'NONE', #4419, #1334 ) ;
#5807 = CARTESIAN_POINT ( 'NONE',  ( -1.269999999999996000, 2.049999999999970500, -1.149999999999977500 ) ) ;
#5808 = VECTOR ( 'NONE', #1739, 1000.000000000000000 ) ;
#5809 = EDGE_LOOP ( 'NONE', ( #4042, #777, #5222, #4953 ) ) ;
#5810 = CARTESIAN_POINT ( 'NONE',  ( -2.250000000000025300, 8.799999999999958100, 8.072580737282074200E-015 ) ) ;
#5811 = DIRECTION ( 'NONE',  ( -2.827357798649747700E-015, 0.3162277660168422700, 0.9486832980505123200 ) ) ;
#5812 = DIRECTION ( 'NONE',  ( 1.000000000000000000, -1.499660721822124000E-032, -1.224606353822365400E-016 ) ) ;
#5813 = ORIENTED_EDGE ( 'NONE', *, *, #2537, .T. ) ;
#5814 = LINE ( 'NONE', #3226, #4614 ) ;
#5815 = ORIENTED_EDGE ( 'NONE', *, *, #5205, .T. ) ;
#5816 = CARTESIAN_POINT ( 'NONE',  ( -2.859999999999927500, -3.000000000000054600, -5.990000000000003800 ) ) ;
#5817 = ORIENTED_EDGE ( 'NONE', *, *, #4451, .T. ) ;
#5818 = FACE_OUTER_BOUND ( 'NONE', #4120, .T. ) ;
ENDSEC;
END-ISO-10303-21;
