ISO-10303-21;
HEADER;
FILE_DESCRIPTION (( 'STEP AP214' ),
    '1' );
FILE_NAME ('59FC36DE-5286-44DF-A28C-5CE39C69A673.STEP',
    '2026-02-24T10:08:02',
    ( '' ),
    ( '' ),
    'SwSTEP 2.0',
    'SolidWorks 2022',
    '' );
FILE_SCHEMA (( 'AUTOMOTIVE_DESIGN' ));
ENDSEC;

DATA;
#1 = ORIENTED_EDGE ( 'NONE', *, *, #101, .T. ) ;
#2 = DIRECTION ( 'NONE',  ( 1.000000000000000000, 1.908195823574515824E-13, 0.0000000000000000000 ) ) ;
#3 = CARTESIAN_POINT ( 'NONE',  ( -0.1346039785175880132, -1.316449875027960070, -0.5795416606113010793 ) ) ;
#4 = EDGE_CURVE ( 'NONE', #2113, #348, #2397, .T. ) ;
#5 = EDGE_CURVE ( 'NONE', #2303, #676, #459, .T. ) ;
#6 = CARTESIAN_POINT ( 'NONE',  ( 2.951121866803800398, -1.098999999999999977, -0.003948154439976540170 ) ) ;
#7 = CARTESIAN_POINT ( 'NONE',  ( -0.5188455870937018766, -0.9577841992519272596, -0.5800000000000000711 ) ) ;
#8 = EDGE_CURVE ( 'NONE', #1615, #1031, #2716, .T. ) ;
#9 = ORIENTED_EDGE ( 'NONE', *, *, #3215, .F. ) ;
#10 = CARTESIAN_POINT ( 'NONE',  ( 0.02122562956174139925, 1.350400521521350150, -0.5795416606113010793 ) ) ;
#11 = PLANE ( 'NONE',  #2089 ) ;
#12 = CARTESIAN_POINT ( 'NONE',  ( 0.6374583205238228967, -0.1836835931749189743, -0.6115416606113011078 ) ) ;
#13 = ORIENTED_EDGE ( 'NONE', *, *, #1222, .F. ) ;
#14 = PRESENTATION_STYLE_ASSIGNMENT (( #2368 ) ) ;
#15 = CARTESIAN_POINT ( 'NONE',  ( 1.408046146095540019, 8.621796029338370252E-17, -1.112646234352169916 ) ) ;
#16 = CARTESIAN_POINT ( 'NONE',  ( -2.941598925124079944, 0.3989999999999930269, 0.1777603974200540060 ) ) ;
#17 = CARTESIAN_POINT ( 'NONE',  ( 1.535258723415149795, 1.585239793857332602, 0.5537088055453025515 ) ) ;
#18 = B_SPLINE_CURVE_WITH_KNOTS ( 'NONE', 1,
 ( #3633, #3284 ),
 .UNSPECIFIED., .F., .F.,
 ( 2, 2 ),
 ( 0.0000000000000000000, 1.379999999999999893 ),
 .UNSPECIFIED. ) ;
#19 = ORIENTED_EDGE ( 'NONE', *, *, #3279, .T. ) ;
#20 = CARTESIAN_POINT ( 'NONE',  ( 0.5092928732776810241, -1.527878619833199725, 0.8704583393884408604 ) ) ;
#21 = CARTESIAN_POINT ( 'NONE',  ( 0.09061483364182111588, 0.2824640832897150067, -0.6115416606113011078 ) ) ;
#22 = COLOUR_RGB ( '',0.5725490196078431016, 0.5725490196078431016, 0.5725490196078431016 ) ;
#23 = VERTEX_POINT ( 'NONE', #1071 ) ;
#24 = CARTESIAN_POINT ( 'NONE',  ( 1.349125053503040128, -1.414045613021710057, -0.5795416606113010793 ) ) ;
#25 = B_SPLINE_CURVE_WITH_KNOTS ( 'NONE', 1,
 ( #3543, #3578 ),
 .UNSPECIFIED., .F., .F.,
 ( 2, 2 ),
 ( 0.0000000000000000000, 0.2339458956822389746 ),
 .UNSPECIFIED. ) ;
#26 = CARTESIAN_POINT ( 'NONE',  ( 0.3519999999999999796, -2.546735226440004991E-17, 0.8704583393886989873 ) ) ;
#27 = CARTESIAN_POINT ( 'NONE',  ( 1.349125053503040128, -1.414045613021710057, -0.6115416606113011078 ) ) ;
#28 = CARTESIAN_POINT ( 'NONE',  ( 1.264515591790740023, 0.3989999999999939706, 0.1777603974200540060 ) ) ;
#29 = EDGE_LOOP ( 'NONE', ( #783, #1752, #2157, #2228, #219 ) ) ;
#30 = ADVANCED_FACE ( 'NONE', ( #2560 ), #1464, .F. ) ;
#31 = CARTESIAN_POINT ( 'NONE',  ( -0.3096449070851289842, 0.1309918475817540007, -0.6115416606113011078 ) ) ;
#32 = PRESENTATION_STYLE_ASSIGNMENT (( #304 ) ) ;
#33 = CARTESIAN_POINT ( 'NONE',  ( 0.1172256295617419841, -0.1836835931749189743, -0.6115416606113011078 ) ) ;
#34 = EDGE_CURVE ( 'NONE', #2780, #2834, #777, .T. ) ;
#35 = SURFACE_SIDE_STYLE ('',( #2039 ) ) ;
#36 = EDGE_CURVE ( 'NONE', #3662, #1035, #3542, .T. ) ;
#37 = FILL_AREA_STYLE_COLOUR ( '', #3506 ) ;
#38 = CARTESIAN_POINT ( 'NONE',  ( -0.05566739192251591445, -0.3488511799924855494, 0.7872583393886987135 ) ) ;
#39 = CARTESIAN_POINT ( 'NONE',  ( 1.542638827056419970, -1.592619897521352357, 0.2855835509354188728 ) ) ;
#40 = ORIENTED_EDGE ( 'NONE', *, *, #2954, .F. ) ;
#41 = CARTESIAN_POINT ( 'NONE',  ( -1.527878619852929942, -1.884699917033399949E-14, 0.8204583393886989429 ) ) ;
#42 = AXIS2_PLACEMENT_3D ( 'NONE', #3586, #947, #1275 ) ;
#43 = ORIENTED_EDGE ( 'NONE', *, *, #3115, .T. ) ;
#44 = DIRECTION ( 'NONE',  ( 0.0000000000000000000, 0.0000000000000000000, 1.000000000000000000 ) ) ;
#45 = MECHANICAL_DESIGN_GEOMETRIC_PRESENTATION_REPRESENTATION (  '', ( #1909 ), #2216 ) ;
#46 = CYLINDRICAL_SURFACE ( 'NONE', #1047, 0.3519999999999999796 ) ;
#47 = PLANE ( 'NONE',  #3333 ) ;
#48 = CARTESIAN_POINT ( 'NONE',  ( -0.2306039785175890144, 0.3885176989456339824, -0.5795416606113010793 ) ) ;
#49 = AXIS2_PLACEMENT_3D ( 'NONE', #27, #1215, #3568 ) ;
#50 = DIRECTION ( 'NONE',  ( 0.0000000000000000000, -1.000000000000000000, 0.0000000000000000000 ) ) ;
#51 = CARTESIAN_POINT ( 'NONE',  ( 1.527879262335414490, -1.551790507219216408, 0.8669530877682846137 ) ) ;
#52 = EDGE_CURVE ( 'NONE', #2266, #1523, #2767, .T. ) ;
#53 = VERTEX_POINT ( 'NONE', #2229 ) ;
#54 = B_SPLINE_CURVE_WITH_KNOTS ( 'NONE', 3,
 ( #3117, #3717, #2243, #239 ),
 .UNSPECIFIED., .F., .F.,
 ( 4, 4 ),
 ( 0.0000000000000000000, 1.000000000000000000 ),
 .UNSPECIFIED. ) ;
#55 = ORIENTED_EDGE ( 'NONE', *, *, #446, .T. ) ;
#56 = CARTESIAN_POINT ( 'NONE',  ( 2.951121866803800398, -1.098999999999999977, -0.003948154439976540170 ) ) ;
#57 = EDGE_CURVE ( 'NONE', #2870, #3354, #1331, .T. ) ;
#58 = ORIENTED_EDGE ( 'NONE', *, *, #3729, .T. ) ;
#59 = ADVANCED_FACE ( 'NONE', ( #332 ), #2119, .F. ) ;
#60 = EDGE_LOOP ( 'NONE', ( #1827, #2779, #241, #1187 ) ) ;
#61 = DIRECTION ( 'NONE',  ( -3.448613674826399897E-13, -1.000000000000000000, 3.636173071111790075E-13 ) ) ;
#62 = FACE_OUTER_BOUND ( 'NONE', #881, .T. ) ;
#63 = ORIENTED_EDGE ( 'NONE', *, *, #2683, .T. ) ;
#64 = PLANE ( 'NONE',  #2955 ) ;
#65 = CARTESIAN_POINT ( 'NONE',  ( 2.721395269780749970, 1.028411764705880138, -0.003948154439976979922 ) ) ;
#66 = CARTESIAN_POINT ( 'NONE',  ( 1.264515591790740023, -0.3989999999999930269, 0.1777603974200540060 ) ) ;
#67 = CARTESIAN_POINT ( 'NONE',  ( 0.7334583205238240922, -0.4663931160698699951, -0.5795416606113010793 ) ) ;
#68 = B_SPLINE_CURVE_WITH_KNOTS ( 'NONE', 1,
 ( #3691, #1312 ),
 .UNSPECIFIED., .F., .F.,
 ( 2, 2 ),
 ( 0.0000000000000000000, 1.379999999999999893 ),
 .UNSPECIFIED. ) ;
#69 = B_SPLINE_CURVE_WITH_KNOTS ( 'NONE', 1,
 ( #750, #2556 ),
 .UNSPECIFIED., .F., .F.,
 ( 2, 2 ),
 ( -0.2339458956822389746, 0.0000000000000000000 ),
 .UNSPECIFIED. ) ;
#70 = CARTESIAN_POINT ( 'NONE',  ( 1.527966699348551671, 1.551156419580235868, 0.8648462466078542521 ) ) ;
#71 = CARTESIAN_POINT ( 'NONE',  ( 1.576168745717603459, 1.599937838951712710, 0.01618581468440991739 ) ) ;
#72 = B_SPLINE_CURVE_WITH_KNOTS ( 'NONE', 1,
 ( #3436, #1426 ),
 .UNSPECIFIED., .F., .F.,
 ( 2, 2 ),
 ( 0.0000000000000000000, 1.000000000000000000 ),
 .UNSPECIFIED. ) ;
#73 = ORIENTED_EDGE ( 'NONE', *, *, #3710, .T. ) ;
#74 = ORIENTED_EDGE ( 'NONE', *, *, #3303, .F. ) ;
#75 = CARTESIAN_POINT ( 'NONE',  ( -1.507243796629831101, -1.543415623493179734, -0.8995416610968307580 ) ) ;
#76 = B_SPLINE_CURVE_WITH_KNOTS ( 'NONE', 1,
 ( #2777, #1021 ),
 .UNSPECIFIED., .F., .F.,
 ( 2, 2 ),
 ( -0.05000000000000000278, 6.938893903907228378E-18 ),
 .UNSPECIFIED. ) ;
#77 =( NAMED_UNIT ( * ) SI_UNIT ( $, .STERADIAN. ) SOLID_ANGLE_UNIT ( ) );
#78 = CARTESIAN_POINT ( 'NONE',  ( -1.600000000000000089, 1.600000000000000089, 0.01745833938869869803 ) ) ;
#79 = ORIENTED_EDGE ( 'NONE', *, *, #1610, .F. ) ;
#80 = ADVANCED_FACE ( 'NONE', ( #589 ), #1524, .T. ) ;
#81 = CARTESIAN_POINT ( 'NONE',  ( -1.264515591790740023, -0.3989999999999930269, 0.1777603974200540060 ) ) ;
#82 = ADVANCED_FACE ( 'NONE', ( #1812 ), #2678, .T. ) ;
#83 = CARTESIAN_POINT ( 'NONE',  ( -1.543415623493179956, 1.507243796629831323, -0.8995416610968214322 ) ) ;
#84 = ORIENTED_EDGE ( 'NONE', *, *, #3683, .F. ) ;
#85 = CYLINDRICAL_SURFACE ( 'NONE', #1043, 0.09600000000000000200 ) ;
#86 = CARTESIAN_POINT ( 'NONE',  ( -1.555205804274729875, -1.555205804274729875, -0.8995416606113010305 ) ) ;
#87 = FACE_OUTER_BOUND ( 'NONE', #3524, .T. ) ;
#88 = CARTESIAN_POINT ( 'NONE',  ( 1.599999999998600098, -1.600000000000000089, 0.01745833938869869803 ) ) ;
#89 = EDGE_LOOP ( 'NONE', ( #143, #1267, #3403, #2133 ) ) ;
#90 = FACE_OUTER_BOUND ( 'NONE', #2453, .T. ) ;
#91 = CARTESIAN_POINT ( 'NONE',  ( -1.550039235149234917, -1.599999995418635024, 0.01745824771571029971 ) ) ;
#92 = CARTESIAN_POINT ( 'NONE',  ( -1.527878619591870546, 1.576500495448378336, 0.8712147246992056893 ) ) ;
#93 = EDGE_LOOP ( 'NONE', ( #2750, #2181, #3225, #2168 ) ) ;
#94 = ORIENTED_EDGE ( 'NONE', *, *, #2162, .T. ) ;
#95 = CARTESIAN_POINT ( 'NONE',  ( -1.527878619754239997, 1.577859690180330121, 0.8218340601544209534 ) ) ;
#96 = CARTESIAN_POINT ( 'NONE',  ( -1.507588616034714946, 1.557529068452969900, -0.8519811833704229453 ) ) ;
#97 = CARTESIAN_POINT ( 'NONE',  ( -1.528824077170159779, -1.528824077170159779, -0.4148220071143240428 ) ) ;
#98 = ORIENTED_EDGE ( 'NONE', *, *, #1339, .F. ) ;
#99 = CARTESIAN_POINT ( 'NONE',  ( -1.527878619754239997, 1.577859690180330121, 0.8218340601544209534 ) ) ;
#100 = CARTESIAN_POINT ( 'NONE',  ( -1.507588615711104918, 1.507243796185490092, -0.8995416606135769877 ) ) ;
#101 = EDGE_CURVE ( 'NONE', #478, #545, #1195, .T. ) ;
#102 = VERTEX_POINT ( 'NONE', #1777 ) ;
#103 = B_SPLINE_CURVE_WITH_KNOTS ( 'NONE', 1,
 ( #1855, #134 ),
 .UNSPECIFIED., .F., .F.,
 ( 2, 2 ),
 ( -0.9021119223511939733, 0.0000000000000000000 ),
 .UNSPECIFIED. ) ;
#104 = EDGE_LOOP ( 'NONE', ( #2796, #1235, #397, #1532 ) ) ;
#105 = CARTESIAN_POINT ( 'NONE',  ( -0.1088145320648791076, 0.3349790162299789986, 0.8704583393886992093 ) ) ;
#106 = CARTESIAN_POINT ( 'NONE',  ( 1.555205804274729875, -1.555205804274729875, -0.8995416606113010305 ) ) ;
#107 = CARTESIAN_POINT ( 'NONE',  ( 1.075205804257563846, 1.556367436404664906, -0.8507614219928659738 ) ) ;
#108 = CARTESIAN_POINT ( 'NONE',  ( 1.073558389620030029, -0.3412604950904100098, -0.9988184606113008623 ) ) ;
#109 = EDGE_CURVE ( 'NONE', #545, #136, #1470, .T. ) ;
#110 = EDGE_CURVE ( 'NONE', #2367, #2064, #2991, .T. ) ;
#111 = ORIENTED_EDGE ( 'NONE', *, *, #2858, .F. ) ;
#112 = CARTESIAN_POINT ( 'NONE',  ( 1.527983772232106352, 1.548138710231309556, 0.8662802328320343692 ) ) ;
#113 =( LENGTH_UNIT ( ) NAMED_UNIT ( * ) SI_UNIT ( .MILLI., .METRE. ) );
#114 = CARTESIAN_POINT ( 'NONE',  ( 1.599999995416805154, 1.550039235149549999, 0.01745824772352990231 ) ) ;
#115 = AXIS2_PLACEMENT_3D ( 'NONE', #2551, #3342, #2720 ) ;
#116 = ORIENTED_EDGE ( 'NONE', *, *, #918, .T. ) ;
#117 = ORIENTED_EDGE ( 'NONE', *, *, #2035, .T. ) ;
#118 = DIRECTION ( 'NONE',  ( 0.0000000000000000000, -1.000000000000000000, 0.0000000000000000000 ) ) ;
#119 = CARTESIAN_POINT ( 'NONE',  ( -1.545115886799534044, 1.540603884187550898, -0.8529876946261644166 ) ) ;
#120 = CARTESIAN_POINT ( 'NONE',  ( -1.527878619833199947, -1.527878619833199947, 0.8704583393890320542 ) ) ;
#121 = ORIENTED_EDGE ( 'NONE', *, *, #1173, .F. ) ;
#122 = B_SPLINE_CURVE_WITH_KNOTS ( 'NONE', 1,
 ( #2619, #1479 ),
 .UNSPECIFIED., .F., .F.,
 ( 2, 2 ),
 ( -0.2000000000000000111, 2.775557561562891351E-17 ),
 .UNSPECIFIED. ) ;
#123 = CARTESIAN_POINT ( 'NONE',  ( 1.555205804274729875, 1.075205804274729893, -0.6435416606113011362 ) ) ;
#124 = CARTESIAN_POINT ( 'NONE',  ( -1.507588615706829893, 1.507588616707379758, -0.8995416606113280089 ) ) ;
#125 = B_SPLINE_CURVE_WITH_KNOTS ( 'NONE', 1,
 ( #2391, #350 ),
 .UNSPECIFIED., .F., .F.,
 ( 2, 2 ),
 ( 0.0000000000000000000, 1.379999999999999893 ),
 .UNSPECIFIED. ) ;
#126 = VERTEX_POINT ( 'NONE', #3263 ) ;
#127 = ORIENTED_EDGE ( 'NONE', *, *, #3489, .F. ) ;
#128 = DIRECTION ( 'NONE',  ( -1.000000000000000000, 0.0000000000000000000, 0.0000000000000000000 ) ) ;
#129 = B_SPLINE_CURVE_WITH_KNOTS ( 'NONE', 1,
 ( #683, #1865 ),
 .UNSPECIFIED., .F., .F.,
 ( 2, 2 ),
 ( -1.284875716667239987, 0.0000000000000000000 ),
 .UNSPECIFIED. ) ;
#130 = EDGE_LOOP ( 'NONE', ( #190, #2758, #736, #2414 ) ) ;
#131 = ADVANCED_FACE ( 'NONE', ( #3035 ), #3627, .T. ) ;
#132 = ADVANCED_FACE ( 'NONE', ( #3564 ), #1796, .T. ) ;
#133 = CARTESIAN_POINT ( 'NONE',  ( 1.527878619849509789, 1.533366036808325505, 0.8704583394004790087 ) ) ;
#134 = CARTESIAN_POINT ( 'NONE',  ( 0.6679664639465859866, -0.1013795830118039837, -0.6115416606113011078 ) ) ;
#135 = FACE_BOUND ( 'NONE', #704, .T. ) ;
#136 = VERTEX_POINT ( 'NONE', #1236 ) ;
#137 = ORIENTED_EDGE ( 'NONE', *, *, #2737, .F. ) ;
#138 = CARTESIAN_POINT ( 'NONE',  ( -1.527878619593451059, 1.576521314830871656, 0.8704583393567068006 ) ) ;
#139 = CARTESIAN_POINT ( 'NONE',  ( -1.235779548787830029, -1.316449875027960070, -0.6115416606113011078 ) ) ;
#140 = ORIENTED_EDGE ( 'NONE', *, *, #2010, .F. ) ;
#141 = CARTESIAN_POINT ( 'NONE',  ( 1.228337105872019830, -1.316449875027960070, -0.5795416606113010793 ) ) ;
#142 = CARTESIAN_POINT ( 'NONE',  ( 1.228337105872019830, -1.316449875027960070, -0.5795416606113010793 ) ) ;
#143 = ORIENTED_EDGE ( 'NONE', *, *, #1316, .T. ) ;
#144 = VERTEX_POINT ( 'NONE', #2693 ) ;
#145 = CARTESIAN_POINT ( 'NONE',  ( 0.2315678836693766118, 0.2661823382702868113, 0.8704583393886988762 ) ) ;
#146 = B_SPLINE_CURVE_WITH_KNOTS ( 'NONE', 1,
 ( #187, #1086 ),
 .UNSPECIFIED., .F., .F.,
 ( 2, 2 ),
 ( 0.0000000000000000000, 1.379999999999999893 ),
 .UNSPECIFIED. ) ;
#147 = PRODUCT_DEFINITION_SHAPE ( 'NONE', 'NONE',  #2458 ) ;
#148 = FACE_OUTER_BOUND ( 'NONE', #660, .T. ) ;
#149 = FILL_AREA_STYLE ('',( #2807 ) ) ;
#150 = CARTESIAN_POINT ( 'NONE',  ( 1.502833758523615115, 1.563825360481415183, 0.8445562297266160368 ) ) ;
#151 = ADVANCED_FACE ( 'NONE', ( #2415 ), #64, .T. ) ;
#152 = ORIENTED_EDGE ( 'NONE', *, *, #1763, .T. ) ;
#153 = AXIS2_PLACEMENT_3D ( 'NONE', #3480, #3499, #3233 ) ;
#154 = CARTESIAN_POINT ( 'NONE',  ( 1.507588616215439936, -1.557529068452645049, -0.8519811833704818982 ) ) ;
#155 = CARTESIAN_POINT ( 'NONE',  ( -1.482999342112671926, -1.544153405782870081, -0.8731743216581230316 ) ) ;
#156 = PLANE ( 'NONE',  #1111 ) ;
#157 = ADVANCED_FACE ( 'NONE', ( #966 ), #986, .F. ) ;
#158 = EDGE_CURVE ( 'NONE', #467, #2343, #1990, .T. ) ;
#159 = CARTESIAN_POINT ( 'NONE',  ( -1.550039235149234917, 1.599999995418695198, 0.01745824771571165279 ) ) ;
#160 = CARTESIAN_POINT ( 'NONE',  ( 1.274038533470460033, 1.098999999999999977, -0.003948154439976540170 ) ) ;
#161 = EDGE_LOOP ( 'NONE', ( #3246, #1208, #3833, #693, #2702 ) ) ;
#162 = CARTESIAN_POINT ( 'NONE',  ( -1.527878619754239997, 1.577859690180330121, 0.8218340601544209534 ) ) ;
#163 = B_SPLINE_CURVE_WITH_KNOTS ( 'NONE', 1,
 ( #2617, #1130 ),
 .UNSPECIFIED., .F., .F.,
 ( 2, 2 ),
 ( -0.6232481021065490179, 0.0000000000000000000 ),
 .UNSPECIFIED. ) ;
#164 = UNCERTAINTY_MEASURE_WITH_UNIT (LENGTH_MEASURE( 1.000000000000000082E-05 ), #3427, 'distance_accuracy_value', 'NONE');
#165 = VERTEX_POINT ( 'NONE', #903 ) ;
#166 = DIRECTION ( 'NONE',  ( -1.000000000000000000, 0.0000000000000000000, 0.0000000000000000000 ) ) ;
#167 = DIRECTION ( 'NONE',  ( 0.9996216932577873804, 0.0007567566546237176764, 0.02749359357741136198 ) ) ;
#168 = DIRECTION ( 'NONE',  ( 0.0000000000000000000, 0.0000000000000000000, -1.000000000000000000 ) ) ;
#169 = ORIENTED_EDGE ( 'NONE', *, *, #1528, .T. ) ;
#170 = AXIS2_PLACEMENT_3D ( 'NONE', #3793, #2907, #3463 ) ;
#171 = B_SPLINE_CURVE_WITH_KNOTS ( 'NONE', 1,
 ( #3472, #1697 ),
 .UNSPECIFIED., .F., .F.,
 ( 2, 2 ),
 ( -0.2000000000000000111, 2.775557561562891351E-17 ),
 .UNSPECIFIED. ) ;
#172 = CARTESIAN_POINT ( 'NONE',  ( -1.557529068452949916, -1.507588616095869805, -0.8519811833704409310 ) ) ;
#173 = CARTESIAN_POINT ( 'NONE',  ( 1.577839887939740615, -1.554036041946917690, 0.8225534938571557042 ) ) ;
#174 = STYLED_ITEM ( 'NONE', ( #3100 ), #3167 ) ;
#175 = CARTESIAN_POINT ( 'NONE',  ( 1.203937748050473600, 1.355763182380333332, -0.8995416606113234570 ) ) ;
#176 = B_SPLINE_CURVE_WITH_KNOTS ( 'NONE', 3,
 ( #159, #2527, #741, #99 ),
 .UNSPECIFIED., .F., .F.,
 ( 4, 4 ),
 ( 0.0000000000000000000, 1.000000000000000000 ),
 .UNSPECIFIED. ) ;
#177 =( NAMED_UNIT ( * ) PLANE_ANGLE_UNIT ( ) SI_UNIT ( $, .RADIAN. ) );
#178 = ORIENTED_EDGE ( 'NONE', *, *, #2736, .T. ) ;
#179 = CARTESIAN_POINT ( 'NONE',  ( 0.7334583205238240922, 0.4320800628543140509, -0.5795416606113010793 ) ) ;
#180 = CARTESIAN_POINT ( 'NONE',  ( -0.6543549732304467792, 1.507588616707389972, -0.8995416606113010305 ) ) ;
#181 = ADVANCED_FACE ( 'NONE', ( #2081 ), #85, .T. ) ;
#182 = CARTESIAN_POINT ( 'NONE',  ( 2.703723993086669442, 1.046058823529410153, -0.003948154439976979922 ) ) ;
#183 = B_SPLINE_SURFACE_WITH_KNOTS ( 'NONE', 1, 1, ( 
 ( #1580, #2756 ),
 ( #1022, #1288 ) ),
 .UNSPECIFIED., .F., .F., .F.,
 ( 2, 2 ),
 ( 2, 2 ),
 ( 0.0000000000000000000, 0.2339458956822389746 ),
 ( 0.0000000000000000000, 1.379999999999999893 ),
 .UNSPECIFIED. ) ;
#184 = CARTESIAN_POINT ( 'NONE',  ( 0.08760210576150008477, 0.3438287815882001275, 0.8704583393886990983 ) ) ;
#185 = ORIENTED_EDGE ( 'NONE', *, *, #1253, .F. ) ;
#186 = PLANE ( 'NONE',  #2281 ) ;
#187 = CARTESIAN_POINT ( 'NONE',  ( -1.274038533470460033, -0.3989999999999939706, -0.003948154439976309452 ) ) ;
#188 = CYLINDRICAL_SURFACE ( 'NONE', #3744, 0.04999999999999944073 ) ;
#189 = ORIENTED_EDGE ( 'NONE', *, *, #2334, .F. ) ;
#190 = ORIENTED_EDGE ( 'NONE', *, *, #1192, .F. ) ;
#191 = CARTESIAN_POINT ( 'NONE',  ( -0.9038754831954058933, 0.2925176989456339527, -0.5795416606113010793 ) ) ;
#192 = CARTESIAN_POINT ( 'NONE',  ( -1.264515591790740023, 0.3989999999999930269, 0.1777603974200540060 ) ) ;
#193 = ORIENTED_EDGE ( 'NONE', *, *, #619, .T. ) ;
#194 = CARTESIAN_POINT ( 'NONE',  ( 1.264515591790740023, 0.3989999999999939706, 0.1777603974200540060 ) ) ;
#195 = CARTESIAN_POINT ( 'NONE',  ( -1.264515591790740023, 0.3989999999999939706, 0.1777603974200540060 ) ) ;
#196 = FACE_OUTER_BOUND ( 'NONE', #3548, .T. ) ;
#197 = EDGE_CURVE ( 'NONE', #1378, #3280, #2260, .T. ) ;
#198 = ORIENTED_EDGE ( 'NONE', *, *, #3660, .F. ) ;
#199 = DIRECTION ( 'NONE',  ( 0.9986295347545741663, 7.464644217867134459E-16, -0.05233595624293971293 ) ) ;
#200 = B_SPLINE_CURVE_WITH_KNOTS ( 'NONE', 1,
 ( #1727, #2851 ),
 .UNSPECIFIED., .F., .F.,
 ( 2, 2 ),
 ( -0.05000000000000000278, 6.938893903907228378E-18 ),
 .UNSPECIFIED. ) ;
#201 = ADVANCED_FACE ( 'NONE', ( #1828 ), #3281, .F. ) ;
#202 = ORIENTED_EDGE ( 'NONE', *, *, #2971, .F. ) ;
#203 = FACE_OUTER_BOUND ( 'NONE', #1375, .T. ) ;
#204 = CYLINDRICAL_SURFACE ( 'NONE', #2478, 0.04999999999999881622 ) ;
#205 = B_SPLINE_CURVE_WITH_KNOTS ( 'NONE', 3,
 ( #114, #3020, #71, #1300 ),
 .UNSPECIFIED., .F., .F.,
 ( 4, 4 ),
 ( 0.0000000000000000000, 1.000000000000000000 ),
 .UNSPECIFIED. ) ;
#206 = CARTESIAN_POINT ( 'NONE',  ( 1.527878619926581472, 1.563907073559009486, 0.8704583394660304618 ) ) ;
#207 = ORIENTED_EDGE ( 'NONE', *, *, #3797, .T. ) ;
#208 = CARTESIAN_POINT ( 'NONE',  ( -2.941598925124079944, 1.098999999999999977, 0.1777603974200540060 ) ) ;
#209 = CARTESIAN_POINT ( 'NONE',  ( -0.3096449070851289842, -0.3118014392384789724, -0.6755416606113010536 ) ) ;
#210 = PLANE ( 'NONE',  #856 ) ;
#211 = ORIENTED_EDGE ( 'NONE', *, *, #1178, .F. ) ;
#212 = B_SPLINE_CURVE_WITH_KNOTS ( 'NONE', 1,
 ( #2715, #1172 ),
 .UNSPECIFIED., .F., .F.,
 ( 2, 2 ),
 ( -0.2000000000000000111, 2.775557561562891351E-17 ),
 .UNSPECIFIED. ) ;
#213 = CARTESIAN_POINT ( 'NONE',  ( 0.6374583205238228967, -0.3412604950904100098, -0.5795416606113010793 ) ) ;
#214 = DIRECTION ( 'NONE',  ( -0.0000000000000000000, 1.000000000000000000, 0.0000000000000000000 ) ) ;
#215 = SURFACE_SIDE_STYLE ('',( #1097 ) ) ;
#216 = ORIENTED_EDGE ( 'NONE', *, *, #2073, .F. ) ;
#217 = CARTESIAN_POINT ( 'NONE',  ( 1.527878619773975100, 1.577859690180084984, 0.8218340601549120050 ) ) ;
#218 = EDGE_CURVE ( 'NONE', #3770, #3141, #2952, .T. ) ;
#219 = ORIENTED_EDGE ( 'NONE', *, *, #1646, .T. ) ;
#220 = FACE_OUTER_BOUND ( 'NONE', #1853, .T. ) ;
#221 = EDGE_CURVE ( 'NONE', #2378, #2834, #3646, .T. ) ;
#222 = DIRECTION ( 'NONE',  ( 1.000000000000000000, 0.0000000000000000000, 0.0000000000000000000 ) ) ;
#223 = CARTESIAN_POINT ( 'NONE',  ( 0.6374583205238228967, -0.1836835931749189743, -0.6115416606113011078 ) ) ;
#224 = ADVANCED_FACE ( 'NONE', ( #1545 ), #1915, .T. ) ;
#225 = ORIENTED_EDGE ( 'NONE', *, *, #1273, .F. ) ;
#226 = DIRECTION ( 'NONE',  ( 1.000000000000000000, 0.0000000000000000000, 0.0000000000000000000 ) ) ;
#227 = DIRECTION ( 'NONE',  ( 0.0000000000000000000, -1.000000000000000000, 0.0000000000000000000 ) ) ;
#228 = CYLINDRICAL_SURFACE ( 'NONE', #153, 0.04999999999999991257 ) ;
#229 = ORIENTED_EDGE ( 'NONE', *, *, #1604, .T. ) ;
#230 = CARTESIAN_POINT ( 'NONE',  ( -0.1346039785175880132, 0.6240800628543150541, -0.6115416606113011078 ) ) ;
#231 = COLOUR_RGB ( '',0.0000000000000000000, 0.0000000000000000000, 1.000000000000000000 ) ;
#232 = CARTESIAN_POINT ( 'NONE',  ( -1.576521314881200064, 1.576521314881200064, 0.8704583393886989873 ) ) ;
#233 = AXIS2_PLACEMENT_3D ( 'NONE', #3551, #2920, #906 ) ;
#234 = ORIENTED_EDGE ( 'NONE', *, *, #1747, .T. ) ;
#235 = CARTESIAN_POINT ( 'NONE',  ( -0.3096449070851289842, 0.2589918475817539756, -0.6115416606113011078 ) ) ;
#236 = VERTEX_POINT ( 'NONE', #2238 ) ;
#237 =( BOUNDED_CURVE ( )  B_SPLINE_CURVE ( 2, ( #1058, #376, #1345 ),
 .UNSPECIFIED., .F., .T. ) 
 B_SPLINE_CURVE_WITH_KNOTS ( ( 3, 3 ),
 ( 0.0000000000000000000, 0.2356194490192360103 ),
 .UNSPECIFIED. ) 
 CURVE ( )  GEOMETRIC_REPRESENTATION_ITEM ( )  RATIONAL_B_SPLINE_CURVE ( ( 1.000000000000000000, 0.7071067811865450192, 1.000000000000000000 ) ) 
 REPRESENTATION_ITEM ( '' )  );
#238 = CARTESIAN_POINT ( 'NONE',  ( -0.2315678836693841613, -0.2661823382702832586, 0.8704583393886989873 ) ) ;
#239 = CARTESIAN_POINT ( 'NONE',  ( 1.517770602220990028, 1.567711054117240099, -0.6435416606127359884 ) ) ;
#240 = CARTESIAN_POINT ( 'NONE',  ( -0.9561179765511879092, -0.5404620642731442492, -0.5800000000000000711 ) ) ;
#241 = ORIENTED_EDGE ( 'NONE', *, *, #2782, .T. ) ;
#242 = EDGE_CURVE ( 'NONE', #632, #1772, #3407, .T. ) ;
#243 = EDGE_CURVE ( 'NONE', #1807, #1789, #2211, .T. ) ;
#244 = CARTESIAN_POINT ( 'NONE',  ( -0.3096449070851289842, -0.3118014392384789724, -0.6755416606113010536 ) ) ;
#245 = CARTESIAN_POINT ( 'NONE',  ( -0.1816449070851290093, 0.1309918475817540007, -0.6755416606113010536 ) ) ;
#246 = ORIENTED_EDGE ( 'NONE', *, *, #1815, .T. ) ;
#247 = EDGE_CURVE ( 'NONE', #1427, #2017, #2905, .T. ) ;
#248 = CARTESIAN_POINT ( 'NONE',  ( 1.261828496021739854, 0.4457712169876109631, -0.9988184606113008623 ) ) ;
#249 = CARTESIAN_POINT ( 'NONE',  ( 1.261828496021739854, 0.5280800628543149688, -0.5795416606113010793 ) ) ;
#250 = FACE_OUTER_BOUND ( 'NONE', #320, .T. ) ;
#251 = DIRECTION ( 'NONE',  ( 0.0000000000000000000, 0.0000000000000000000, 1.000000000000000000 ) ) ;
#252 = B_SPLINE_CURVE_WITH_KNOTS ( 'NONE', 1,
 ( #265, #1451 ),
 .UNSPECIFIED., .F., .F.,
 ( 2, 2 ),
 ( 0.0000000000000000000, 0.05000000000000000971 ),
 .UNSPECIFIED. ) ;
#253 = B_SPLINE_CURVE_WITH_KNOTS ( 'NONE', 3,
 ( #2108, #1816, #2963, #3000 ),
 .UNSPECIFIED., .F., .F.,
 ( 4, 4 ),
 ( 0.0000000000000000000, 1.000000000000000000 ),
 .UNSPECIFIED. ) ;
#254 = DIRECTION ( 'NONE',  ( 0.7071067811866993402, 0.7071067811863956942, -2.081668171172165737E-13 ) ) ;
#255 = B_SPLINE_CURVE_WITH_KNOTS ( 'NONE', 1,
 ( #721, #1888 ),
 .UNSPECIFIED., .F., .F.,
 ( 2, 2 ),
 ( 0.0000000000000000000, 0.9000000000000000222 ),
 .UNSPECIFIED. ) ;
#256 = VERTEX_POINT ( 'NONE', #2177 ) ;
#257 = B_SPLINE_CURVE_WITH_KNOTS ( 'NONE', 3,
 ( #1886, #2735, #1561, #3108 ),
 .UNSPECIFIED., .F., .F.,
 ( 4, 4 ),
 ( 0.0000000000000000000, 1.000000000000000000 ),
 .UNSPECIFIED. ) ;
#258 = CARTESIAN_POINT ( 'NONE',  ( 0.1088145320648757769, -0.3349790162299784435, 0.8704583393886988762 ) ) ;
#259 = CARTESIAN_POINT ( 'NONE',  ( -0.9038754831954058933, 0.2925176989456339527, -0.6115416606113011078 ) ) ;
#260 = CARTESIAN_POINT ( 'NONE',  ( 1.062536557182531372, -0.2716697820578232170, -0.5800000000000000711 ) ) ;
#261 = ORIENTED_EDGE ( 'NONE', *, *, #1632, .F. ) ;
#262 =( BOUNDED_SURFACE ( )  B_SPLINE_SURFACE ( 2, 2, ( 
 ( #493, #837, #3429 ),
 ( #779, #472, #2583 ),
 ( #3783, #3764, #2912 ) ),
 .UNSPECIFIED., .F., .F., .T. ) 
 B_SPLINE_SURFACE_WITH_KNOTS ( ( 3, 3 ),
 ( 3, 3 ),
 ( 0.03968968776735449372, 0.1176252488707800054 ),
 ( 0.1089614339101880047, 0.1872807610499550024 ),
 .UNSPECIFIED. ) 
 GEOMETRIC_REPRESENTATION_ITEM ( )  RATIONAL_B_SPLINE_SURFACE ( (
 ( 1.000000000000000000, 0.7086641551917660653, 1.000000000000000000),
 ( 0.7113665758796410277, 0.5041199935274049970, 0.7113665758796410277),
 ( 1.000000000000000000, 0.7086641551917660653, 1.000000000000000000) ) ) 
 REPRESENTATION_ITEM ( '' )  SURFACE ( )  );
#263 = CARTESIAN_POINT ( 'NONE',  ( -1.235779548787830029, -1.316449875027960070, -0.6115416606113011078 ) ) ;
#264 = CARTESIAN_POINT ( 'NONE',  ( 1.527878539494737398, -1.564113384166292642, 0.8549647288497224107 ) ) ;
#265 = CARTESIAN_POINT ( 'NONE',  ( -0.8078754831954050308, 0.3885176989456339824, -0.5795416606113010793 ) ) ;
#266 = ADVANCED_FACE ( 'NONE', ( #3413 ), #1025, .F. ) ;
#267 = ORIENTED_EDGE ( 'NONE', *, *, #197, .F. ) ;
#268 = CARTESIAN_POINT ( 'NONE',  ( 0.6374583205238228967, -0.3412604950904100098, -0.6115416606113011078 ) ) ;
#269 = CARTESIAN_POINT ( 'NONE',  ( -2.941598925124079944, -0.3989999999999930269, 0.1777603974200540060 ) ) ;
#270 = CARTESIAN_POINT ( 'NONE',  ( 1.078451208941680672, 0.1712753701650951976, -0.5799999999999999600 ) ) ;
#271 = ADVANCED_FACE ( 'NONE', ( #1955 ), #2781, .T. ) ;
#272 = EDGE_CURVE ( 'NONE', #3449, #2187, #1325, .T. ) ;
#273 = ORIENTED_EDGE ( 'NONE', *, *, #2436, .T. ) ;
#274 = CARTESIAN_POINT ( 'NONE',  ( 1.075205804274729893, 1.555205804274729431, -0.7122083272779675678 ) ) ;
#275 = CARTESIAN_POINT ( 'NONE',  ( 1.556367436403109927, 1.075205804257609810, -0.8507614219928359978 ) ) ;
#276 = ORIENTED_EDGE ( 'NONE', *, *, #623, .T. ) ;
#277 = ORIENTED_EDGE ( 'NONE', *, *, #3148, .F. ) ;
#278 = CARTESIAN_POINT ( 'NONE',  ( 0.2143400843924384014, -0.2835689935942250495, 0.8704583393886989873 ) ) ;
#279 = CARTESIAN_POINT ( 'NONE',  ( 1.264515591790740023, -1.098999999999999977, 0.1777603974200540060 ) ) ;
#280 = PLANE ( 'NONE',  #964 ) ;
#281 = EDGE_LOOP ( 'NONE', ( #1105, #718, #3127, #1933 ) ) ;
#282 = CARTESIAN_POINT ( 'NONE',  ( 2.941598925124079944, 0.3989999999999930269, 0.1777603974200540060 ) ) ;
#283 = SURFACE_STYLE_USAGE ( .BOTH. , #1450 ) ;
#284 = ORIENTED_EDGE ( 'NONE', *, *, #2637, .T. ) ;
#285 =( LENGTH_UNIT ( ) NAMED_UNIT ( * ) SI_UNIT ( .MILLI., .METRE. ) );
#286 = CLOSED_SHELL ( 'NONE', ( #2830, #3782, #131, #2291, #1994, #1943 ) ) ;
#287 = CARTESIAN_POINT ( 'NONE',  ( -1.576168745720223363, 1.599937838951581259, 0.01618581467979783930 ) ) ;
#288 = ORIENTED_EDGE ( 'NONE', *, *, #2759, .F. ) ;
#289 = AXIS2_PLACEMENT_3D ( 'NONE', #663, #3582, #329 ) ;
#290 = EDGE_CURVE ( 'NONE', #1991, #1281, #1698, .T. ) ;
#291 = CARTESIAN_POINT ( 'NONE',  ( -1.447962946752839809E-12, -1.507588616707389972, -0.8495416606113019853 ) ) ;
#292 = CARTESIAN_POINT ( 'NONE',  ( 1.576521314973520216, -1.597325680652890378, 0.8704583394865708090 ) ) ;
#293 = EDGE_CURVE ( 'NONE', #1795, #792, #2254, .T. ) ;
#294 = B_SPLINE_CURVE_WITH_KNOTS ( 'NONE', 1,
 ( #3728, #354 ),
 .UNSPECIFIED., .F., .F.,
 ( 2, 2 ),
 ( -0.1000000000000000056, 1.387778780781445676E-17 ),
 .UNSPECIFIED. ) ;
#295 = AXIS2_PLACEMENT_3D ( 'NONE', #2420, #731, #3591 ) ;
#296 = EDGE_LOOP ( 'NONE', ( #1954, #225, #2232, #2555 ) ) ;
#297 = CARTESIAN_POINT ( 'NONE',  ( 0.7334583205238240922, -0.5237367587778429812, -0.9988184606113008623 ) ) ;
#298 = CARTESIAN_POINT ( 'NONE',  ( -0.9038754831954058933, -0.4390502318310640084, -0.5795416606113010793 ) ) ;
#299 = CARTESIAN_POINT ( 'NONE',  ( -0.9038754831954077806, 0.3885176989456351482, -0.6115416606113012188 ) ) ;
#300 = CARTESIAN_POINT ( 'NONE',  ( 0.6679664639465859866, 0.2824640832897150067, -0.6115416606113011078 ) ) ;
#301 = B_SPLINE_CURVE_WITH_KNOTS ( 'NONE', 3,
 ( #2349, #2966, #1166, #3219 ),
 .UNSPECIFIED., .F., .F.,
 ( 4, 4 ),
 ( 0.0000000000000000000, 1.000000000000000000 ),
 .UNSPECIFIED. ) ;
#302 = ORIENTED_EDGE ( 'NONE', *, *, #3121, .T. ) ;
#303 = CARTESIAN_POINT ( 'NONE',  ( -1.557048502860275629, 1.507588616269037951, -0.8618190299929928688 ) ) ;
#304 = SURFACE_STYLE_USAGE ( .BOTH. , #3287 ) ;
#305 = CARTESIAN_POINT ( 'NONE',  ( -2.951121866803800398, 0.3989999999999939706, -0.003948154439976309452 ) ) ;
#306 = CARTESIAN_POINT ( 'NONE',  ( 0.8294583205238239554, 0.5280800628543149688, -0.6115416606113011078 ) ) ;
#307 = B_SPLINE_CURVE_WITH_KNOTS ( 'NONE', 3,
 ( #3450, #2600, #1691, #1731 ),
 .UNSPECIFIED., .F., .F.,
 ( 4, 4 ),
 ( 0.0000000000000000000, 1.000000000000000000 ),
 .UNSPECIFIED. ) ;
#308 = CARTESIAN_POINT ( 'NONE',  ( -0.1750587009861308274, -0.3091994056413367997, 0.7872583393886990466 ) ) ;
#309 = CARTESIAN_POINT ( 'NONE',  ( 0.02122562956174139925, -0.08768359317491850047, -0.6115416606113011078 ) ) ;
#310 = ORIENTED_EDGE ( 'NONE', *, *, #2118, .T. ) ;
#311 = CARTESIAN_POINT ( 'NONE',  ( 1.075205804257563846, 1.556367436404664906, -0.8507614219928659738 ) ) ;
#312 = CARTESIAN_POINT ( 'NONE',  ( -1.557529068452949916, -1.507588616095869805, -0.8519811833704409310 ) ) ;
#313 = ADVANCED_FACE ( 'NONE', ( #1012 ), #3359, .T. ) ;
#314 = ORIENTED_EDGE ( 'NONE', *, *, #1318, .F. ) ;
#315 = DIRECTION ( 'NONE',  ( 1.000000000000000000, 0.0000000000000000000, 0.0000000000000000000 ) ) ;
#316 = UNCERTAINTY_MEASURE_WITH_UNIT (LENGTH_MEASURE( 1.000000000000000082E-05 ), #113, 'distance_accuracy_value', 'NONE');
#317 = CARTESIAN_POINT ( 'NONE',  ( 0.6374583205238228967, -0.1836835931749189743, -0.5795416606113010793 ) ) ;
#318 = CARTESIAN_POINT ( 'NONE',  ( -0.2306039785175890144, 0.3885176989456339824, -0.6115416606113011078 ) ) ;
#319 = EDGE_CURVE ( 'NONE', #451, #681, #1141, .T. ) ;
#320 = EDGE_LOOP ( 'NONE', ( #1879, #2606, #804, #560 ) ) ;
#321 = CARTESIAN_POINT ( 'NONE',  ( -0.1346039785175880132, 0.6240800628543150541, -0.6115416606113011078 ) ) ;
#322 = CARTESIAN_POINT ( 'NONE',  ( -1.563363816872509915, 1.553480575035209865, 0.7962645245407371508 ) ) ;
#323 =( NAMED_UNIT ( * ) SI_UNIT ( $, .STERADIAN. ) SOLID_ANGLE_UNIT ( ) );
#324 = PLANE ( 'NONE',  #2149 ) ;
#325 = CARTESIAN_POINT ( 'NONE',  ( 0.2315678836693808029, -0.2661823382702803165, 0.7872583393886991576 ) ) ;
#326 = DIRECTION ( 'NONE',  ( 1.000000000000000000, 0.0000000000000000000, 0.0000000000000000000 ) ) ;
#327 = VERTEX_POINT ( 'NONE', #3712 ) ;
#328 = DIRECTION ( 'NONE',  ( 1.000000000000000000, -3.448613674826405955E-13, 0.0000000000000000000 ) ) ;
#329 = DIRECTION ( 'NONE',  ( 0.0000000000000000000, 0.0000000000000000000, 1.000000000000000000 ) ) ;
#330 =( GEOMETRIC_REPRESENTATION_CONTEXT ( 3 ) GLOBAL_UNCERTAINTY_ASSIGNED_CONTEXT ( ( #2416 ) ) GLOBAL_UNIT_ASSIGNED_CONTEXT ( ( #2563, #3701, #3145 ) ) REPRESENTATION_CONTEXT ( 'NONE', 'WORKASPACE' ) );
#331 = EDGE_LOOP ( 'NONE', ( #3715, #3021 ) ) ;
#332 = FACE_OUTER_BOUND ( 'NONE', #1755, .T. ) ;
#333 = CARTESIAN_POINT ( 'NONE',  ( 2.933450590109719869, 0.8166470588235239525, -0.003948154439975979854 ) ) ;
#334 = CARTESIAN_POINT ( 'NONE',  ( -0.1346039785175880132, -1.316449875027960070, -0.5795416606113010793 ) ) ;
#335 = CARTESIAN_POINT ( 'NONE',  ( -1.280000000000000027, -1.045031935272410152E-16, -0.8995416606113020297 ) ) ;
#336 = EDGE_CURVE ( 'NONE', #1286, #365, #1987, .T. ) ;
#337 = FACE_OUTER_BOUND ( 'NONE', #2981, .T. ) ;
#338 = CARTESIAN_POINT ( 'NONE',  ( 1.527878619846170016, -1.538851793839166593, 0.8704583394122533679 ) ) ;
#339 = EDGE_CURVE ( 'NONE', #2266, #2113, #2757, .T. ) ;
#340 = CARTESIAN_POINT ( 'NONE',  ( -1.235779548787830029, 1.350400521521350150, -0.6115416606113011078 ) ) ;
#341 = B_SPLINE_CURVE_WITH_KNOTS ( 'NONE', 1,
 ( #645, #1276 ),
 .UNSPECIFIED., .F., .F.,
 ( 2, 2 ),
 ( -0.1000000000000000056, 1.387778780781445676E-17 ),
 .UNSPECIFIED. ) ;
#342 = EDGE_LOOP ( 'NONE', ( #884, #3275, #2005, #743 ) ) ;
#343 = CARTESIAN_POINT ( 'NONE',  ( 1.530187911783774002, 1.066537043131639440, -0.8995416606111961144 ) ) ;
#344 = B_SPLINE_CURVE_WITH_KNOTS ( 'NONE', 1,
 ( #1674, #1439 ),
 .UNSPECIFIED., .F., .F.,
 ( 2, 2 ),
 ( -0.9021119223511939733, 0.0000000000000000000 ),
 .UNSPECIFIED. ) ;
#345 = CARTESIAN_POINT ( 'NONE',  ( -1.507588616218239919, -1.557529068453474830, -0.8519811833705228654 ) ) ;
#346 = CARTESIAN_POINT ( 'NONE',  ( -1.235779548787830029, -1.316449875027960070, -0.5795416606113010793 ) ) ;
#347 = FACE_OUTER_BOUND ( 'NONE', #2292, .T. ) ;
#348 = VERTEX_POINT ( 'NONE', #2045 ) ;
#349 = CARTESIAN_POINT ( 'NONE',  ( 0.1172256295617419841, -0.1836835931749189743, -0.5795416606113010793 ) ) ;
#350 = CARTESIAN_POINT ( 'NONE',  ( 2.941598925124079944, -1.098999999999999977, 0.1777603974200540060 ) ) ;
#351 = AXIS2_PLACEMENT_3D ( 'NONE', #3104, #3350, #385 ) ;
#352 = ORIENTED_EDGE ( 'NONE', *, *, #3148, .T. ) ;
#353 = DIRECTION ( 'NONE',  ( 0.0000000000000000000, 0.0000000000000000000, 1.000000000000000000 ) ) ;
#354 = CARTESIAN_POINT ( 'NONE',  ( -0.1816449070851290093, 0.7144464410663780018, -0.6115416606113011078 ) ) ;
#355 = CARTESIAN_POINT ( 'NONE',  ( 0.8294583205238239554, 0.5280800628543149688, -0.5795416606113010793 ) ) ;
#356 = CARTESIAN_POINT ( 'NONE',  ( 0.3519999999999999796, -2.546735226440004991E-17, 0.7872583393886990466 ) ) ;
#357 = AXIS2_PLACEMENT_3D ( 'NONE', #2433, #3600, #962 ) ;
#358 = ORIENTED_EDGE ( 'NONE', *, *, #918, .F. ) ;
#359 = CARTESIAN_POINT ( 'NONE',  ( 0.02122562956174077128, -0.1836835931749198347, -0.5795416606113010793 ) ) ;
#360 = CARTESIAN_POINT ( 'NONE',  ( -0.1816449070851290093, 0.1309918475817540007, -0.6115416606113011078 ) ) ;
#361 = CARTESIAN_POINT ( 'NONE',  ( 1.589237012766697932, 1.539296560865520025, -0.2028751018206941814 ) ) ;
#362 = EDGE_CURVE ( 'NONE', #1352, #3293, #2624, .T. ) ;
#363 = ORIENTED_EDGE ( 'NONE', *, *, #3255, .T. ) ;
#364 = EDGE_CURVE ( 'NONE', #2117, #2888, #171, .T. ) ;
#365 = VERTEX_POINT ( 'NONE', #3224 ) ;
#366 = FACE_OUTER_BOUND ( 'NONE', #1326, .T. ) ;
#367 = CARTESIAN_POINT ( 'NONE',  ( -0.1088145320648700454, -0.3349790162299773888, 0.7872583393886989356 ) ) ;
#368 = CARTESIAN_POINT ( 'NONE',  ( -0.1816449070851290093, -0.3118014392384789724, -0.6115416606113011078 ) ) ;
#369 = ADVANCED_FACE ( 'NONE', ( #1754 ), #1443, .F. ) ;
#370 = ORIENTED_EDGE ( 'NONE', *, *, #1889, .T. ) ;
#371 = ORIENTED_EDGE ( 'NONE', *, *, #2286, .F. ) ;
#372 = CARTESIAN_POINT ( 'NONE',  ( -0.1816449070851290093, 0.2589918475817539756, -0.6115416606113011078 ) ) ;
#373 = SURFACE_STYLE_USAGE ( .BOTH. , #901 ) ;
#374 = EDGE_LOOP ( 'NONE', ( #216, #690 ) ) ;
#375 = CARTESIAN_POINT ( 'NONE',  ( 0.1172256295617419841, -0.3412604950904100098, -0.6115416606113011078 ) ) ;
#376 = CARTESIAN_POINT ( 'NONE',  ( 0.7334583205238247583, -0.1836835931749198625, -0.5795416606113007463 ) ) ;
#377 = DIRECTION ( 'NONE',  ( 1.000000000000000000, 0.0000000000000000000, 0.0000000000000000000 ) ) ;
#378 = PLANE ( 'NONE',  #896 ) ;
#379 = CARTESIAN_POINT ( 'NONE',  ( 0.09061483364182111588, -0.1013795830118039837, -0.6755416606113010536 ) ) ;
#380 = DIRECTION ( 'NONE',  ( 0.0000000000000000000, 0.0000000000000000000, -1.000000000000000000 ) ) ;
#381 = SURFACE_SIDE_STYLE ('',( #631 ) ) ;
#382 = ORIENTED_EDGE ( 'NONE', *, *, #2976, .F. ) ;
#383 = ORIENTED_EDGE ( 'NONE', *, *, #1481, .F. ) ;
#384 = B_SPLINE_CURVE_WITH_KNOTS ( 'NONE', 1,
 ( #2886, #1746 ),
 .UNSPECIFIED., .F., .F.,
 ( 2, 2 ),
 ( -0.05000000000000000278, 6.938893903907228378E-18 ),
 .UNSPECIFIED. ) ;
#385 = DIRECTION ( 'NONE',  ( 0.0000000000000000000, 1.000000000000000000, 0.0000000000000000000 ) ) ;
#386 = EDGE_CURVE ( 'NONE', #3585, #3365, #2526, .T. ) ;
#387 = CARTESIAN_POINT ( 'NONE',  ( -0.3096449070851289842, -0.3118014392384789724, -0.6115416606113011078 ) ) ;
#388 = FILL_AREA_STYLE_COLOUR ( '', #642 ) ;
#389 = ORIENTED_EDGE ( 'NONE', *, *, #3515, .T. ) ;
#390 =( BOUNDED_CURVE ( )  B_SPLINE_CURVE ( 2, ( #833, #2561, #755 ),
 .UNSPECIFIED., .F., .F. ) 
 B_SPLINE_CURVE_WITH_KNOTS ( ( 3, 3 ),
 ( -0.2356194490192370095, 0.0000000000000000000 ),
 .UNSPECIFIED. ) 
 CURVE ( )  GEOMETRIC_REPRESENTATION_ITEM ( )  RATIONAL_B_SPLINE_CURVE ( ( 1.000000000000000000, 0.7071067811865430208, 1.000000000000000000 ) ) 
 REPRESENTATION_ITEM ( '' )  );
#391 = CARTESIAN_POINT ( 'NONE',  ( 1.592619897520288097, 1.542638827057313256, 0.2855835509378429338 ) ) ;
#392 = DIRECTION ( 'NONE',  ( 0.05233595624294270360, 0.0000000000000000000, -0.9986295347545740553 ) ) ;
#393 = ADVANCED_FACE ( 'NONE', ( #2859 ), #1154, .F. ) ;
#394 = B_SPLINE_CURVE_WITH_KNOTS ( 'NONE', 1,
 ( #67, #1258 ),
 .UNSPECIFIED., .F., .F.,
 ( 2, 2 ),
 ( -0.04551972028040520563, 0.0000000000000000000 ),
 .UNSPECIFIED. ) ;
#395 = EDGE_CURVE ( 'NONE', #2299, #3594, #1188, .T. ) ;
#396 = PRODUCT ( '59FC36DE-5286-44DF-A28C-5CE39C69A673', '59FC36DE-5286-44DF-A28C-5CE39C69A673', '', ( #1226 ) ) ;
#397 = ORIENTED_EDGE ( 'NONE', *, *, #1989, .F. ) ;
#398 = ORIENTED_EDGE ( 'NONE', *, *, #2293, .F. ) ;
#399 = CARTESIAN_POINT ( 'NONE',  ( -0.05566739192253590540, 0.3488511799924875478, 0.8704583393886990983 ) ) ;
#400 = CARTESIAN_POINT ( 'NONE',  ( -0.9998754831954069777, -0.5350502318310639271, -0.5795416606113010793 ) ) ;
#401 = DIRECTION ( 'NONE',  ( 0.0000000000000000000, -1.000000000000000000, 0.0000000000000000000 ) ) ;
#402 = B_SPLINE_CURVE_WITH_KNOTS ( 'NONE', 3,
 ( #3389, #1322, #2511, #123 ),
 .UNSPECIFIED., .F., .F.,
 ( 4, 4 ),
 ( 0.0000000000000000000, 1.000000000000000000 ),
 .UNSPECIFIED. ) ;
#403 = ORIENTED_EDGE ( 'NONE', *, *, #580, .T. ) ;
#404 = CARTESIAN_POINT ( 'NONE',  ( 1.527878830931028054, 1.566344253880178838, 0.8527944185449454206 ) ) ;
#405 = CARTESIAN_POINT ( 'NONE',  ( -2.951121866803800398, 1.098999999999999977, -0.003948154439976569660 ) ) ;
#406 = CARTESIAN_POINT ( 'NONE',  ( 1.228337105872019830, -1.391932350923759998, -0.9988184606113008623 ) ) ;
#407 = ORIENTED_EDGE ( 'NONE', *, *, #2435, .F. ) ;
#408 = ORIENTED_EDGE ( 'NONE', *, *, #995, .T. ) ;
#409 = CARTESIAN_POINT ( 'NONE',  ( -2.951121866803800398, 0.3989999999999939706, -0.003948154439976309452 ) ) ;
#410 = CARTESIAN_POINT ( 'NONE',  ( -1.527887297574639147, 1.553275105793099353, -0.8528830614506235364 ) ) ;
#411 = CARTESIAN_POINT ( 'NONE',  ( -0.9998754831954069777, -0.5350502318310639271, -0.6115416606113011078 ) ) ;
#412 = EDGE_LOOP ( 'NONE', ( #2739, #3404, #3349, #1027 ) ) ;
#413 = CARTESIAN_POINT ( 'NONE',  ( -0.1816449070851290093, 0.7144464410663780018, -0.6115416606113011078 ) ) ;
#414 = FACE_OUTER_BOUND ( 'NONE', #281, .T. ) ;
#415 = VERTEX_POINT ( 'NONE', #1118 ) ;
#416 = EDGE_CURVE ( 'NONE', #1819, #2399, #3135, .T. ) ;
#417 = EDGE_CURVE ( 'NONE', #236, #365, #3452, .T. ) ;
#418 = CLOSED_SHELL ( 'NONE', ( #1409, #2877, #2028, #2100, #2192, #1829 ) ) ;
#419 = ORIENTED_EDGE ( 'NONE', *, *, #2337, .T. ) ;
#420 = EDGE_CURVE ( 'NONE', #3786, #2610, #1425, .T. ) ;
#421 = CARTESIAN_POINT ( 'NONE',  ( 0.3417022841558227109, 0.08769141793283026509, 0.8704583393886988762 ) ) ;
#422 =( GEOMETRIC_REPRESENTATION_CONTEXT ( 3 ) GLOBAL_UNCERTAINTY_ASSIGNED_CONTEXT ( ( #2339 ) ) GLOBAL_UNIT_ASSIGNED_CONTEXT ( ( #641, #587, #2412 ) ) REPRESENTATION_CONTEXT ( 'NONE', 'WORKASPACE' ) );
#423 = FACE_OUTER_BOUND ( 'NONE', #2448, .T. ) ;
#424 = AXIS2_PLACEMENT_3D ( 'NONE', #3178, #502, #2845 ) ;
#425 = CARTESIAN_POINT ( 'NONE',  ( -1.235779548787830029, 1.350400521521350150, -0.5795416606113010793 ) ) ;
#426 = SURFACE_SIDE_STYLE ('',( #1629 ) ) ;
#427 = CARTESIAN_POINT ( 'NONE',  ( -1.527878619694589934, 1.527107011264040137, 0.8704523852368500902 ) ) ;
#428 = AXIS2_PLACEMENT_3D ( 'NONE', #291, #2638, #1232 ) ;
#429 = EDGE_LOOP ( 'NONE', ( #578, #3806, #3262, #2744 ) ) ;
#430 = ORIENTED_EDGE ( 'NONE', *, *, #1940, .F. ) ;
#431 = CARTESIAN_POINT ( 'NONE',  ( -1.507243796185490092, -1.507588615711104918, -0.8995416606135859805 ) ) ;
#432 = CARTESIAN_POINT ( 'NONE',  ( 1.228337105872019830, -0.5623931160698699694, -0.6115416606113011078 ) ) ;
#433 = CARTESIAN_POINT ( 'NONE',  ( -1.527878619833199947, -0.5092928732777340928, 0.8704583393888841725 ) ) ;
#434 = ORIENTED_EDGE ( 'NONE', *, *, #822, .T. ) ;
#435 = B_SPLINE_CURVE_WITH_KNOTS ( 'NONE', 3,
 ( #96, #2774, #756, #410, #1861, #470, #1947, #2508, #1320, #119, #2792, #3045 ),
 .UNSPECIFIED., .F., .F.,
 ( 4, 2, 2, 2, 2, 4 ),
 ( 0.0000000000000000000, 0.2500000000000140998, 0.3750000000000157652, 0.4375000000000165978, 0.5000000000000174305, 1.000000000000000000 ),
 .UNSPECIFIED. ) ;
#436 = FACE_OUTER_BOUND ( 'NONE', #665, .T. ) ;
#437 = CARTESIAN_POINT ( 'NONE',  ( -1.543179161508679842, 1.533930591344039973, -0.8263163844538409242 ) ) ;
#438 = VERTEX_POINT ( 'NONE', #1389 ) ;
#439 = ORIENTED_EDGE ( 'NONE', *, *, #791, .T. ) ;
#440 = CARTESIAN_POINT ( 'NONE',  ( -0.3096449070851289842, -0.7086782392384790574, -0.2210648606113009840 ) ) ;
#441 = UNCERTAINTY_MEASURE_WITH_UNIT (LENGTH_MEASURE( 1.000000000000000082E-05 ), #3270, 'distance_accuracy_value', 'NONE');
#442 = ADVANCED_FACE ( 'NONE', ( #499 ), #2279, .F. ) ;
#443 = FACE_OUTER_BOUND ( 'NONE', #1347, .T. ) ;
#444 = ORIENTED_EDGE ( 'NONE', *, *, #3048, .F. ) ;
#445 = CYLINDRICAL_SURFACE ( 'NONE', #1292, 0.04999999999999991257 ) ;
#446 = EDGE_CURVE ( 'NONE', #2586, #1368, #820, .T. ) ;
#447 = B_SPLINE_CURVE_WITH_KNOTS ( 'NONE', 3,
 ( #550, #1114, #3409, #510 ),
 .UNSPECIFIED., .F., .F.,
 ( 4, 4 ),
 ( 0.0000000000000000000, 1.000000000000000000 ),
 .UNSPECIFIED. ) ;
#448 = CARTESIAN_POINT ( 'NONE',  ( 2.747214881489189686, 0.9931176470588171101, 0.1777603974200550052 ) ) ;
#449 = EDGE_CURVE ( 'NONE', #2146, #1631, #72, .T. ) ;
#450 = EDGE_LOOP ( 'NONE', ( #2522, #686, #1079, #3181, #2124, #2900 ) ) ;
#451 = VERTEX_POINT ( 'NONE', #217 ) ;
#452 = CARTESIAN_POINT ( 'NONE',  ( -1.506898976105103927, -1.543186988640343760, -0.8995416610959964254 ) ) ;
#453 = FACE_OUTER_BOUND ( 'NONE', #1011, .T. ) ;
#454 = SURFACE_STYLE_USAGE ( .BOTH. , #3125 ) ;
#455 = ORIENTED_EDGE ( 'NONE', *, *, #2309, .T. ) ;
#456 = CARTESIAN_POINT ( 'NONE',  ( -1.274038533470460033, -0.3989999999999939706, -0.003948154439976199297 ) ) ;
#457 = CARTESIAN_POINT ( 'NONE',  ( 1.264515591790740023, 1.098999999999999977, 0.1777603974200540060 ) ) ;
#458 = EDGE_LOOP ( 'NONE', ( #981, #3616, #2675, #1171 ) ) ;
#459 = B_SPLINE_CURVE_WITH_KNOTS ( 'NONE', 1,
 ( #2849, #506 ),
 .UNSPECIFIED., .F., .F.,
 ( 2, 2 ),
 ( 0.0000000000000000000, 0.9000000000000000222 ),
 .UNSPECIFIED. ) ;
#460 = DIRECTION ( 'NONE',  ( 0.0000000000000000000, -1.000000000000000000, 0.0000000000000000000 ) ) ;
#461 = DIRECTION ( 'NONE',  ( -0.05233595624293971293, 0.0000000000000000000, 0.9986295347545741663 ) ) ;
#462 = ADVANCED_FACE ( 'NONE', ( #784 ), #3768, .T. ) ;
#463 = ORIENTED_EDGE ( 'NONE', *, *, #1126, .T. ) ;
#464 = CARTESIAN_POINT ( 'NONE',  ( -2.941598925124079944, -0.3989999999999930269, 0.1777603974200540060 ) ) ;
#465 = PLANE ( 'NONE',  #1916 ) ;
#466 = CARTESIAN_POINT ( 'NONE',  ( 2.641187221324699852, 1.098999999999999977, 0.1777603974200540060 ) ) ;
#467 = VERTEX_POINT ( 'NONE', #1735 ) ;
#468 = ORIENTED_EDGE ( 'NONE', *, *, #1559, .F. ) ;
#469 = CARTESIAN_POINT ( 'NONE',  ( -1.577839887940064134, -1.554036041947024938, 0.8225534938572371946 ) ) ;
#470 = CARTESIAN_POINT ( 'NONE',  ( -1.535533111522174421, 1.548946644950528917, -0.8529819893760829386 ) ) ;
#471 = ORIENTED_EDGE ( 'NONE', *, *, #2011, .F. ) ;
#472 = CARTESIAN_POINT ( 'NONE',  ( -1.597856405176310002, -1.576500495591580009, 0.8712147248494011009 ) ) ;
#473 = CARTESIAN_POINT ( 'NONE',  ( 1.274038533470460033, -1.098999999999999977, -0.003948154439976540170 ) ) ;
#474 = CARTESIAN_POINT ( 'NONE',  ( 1.264515591790740023, -0.3989999999999939706, 0.1777603974200540060 ) ) ;
#475 = ORIENTED_EDGE ( 'NONE', *, *, #2574, .F. ) ;
#476 = ORIENTED_EDGE ( 'NONE', *, *, #1108, .T. ) ;
#477 = CARTESIAN_POINT ( 'NONE',  ( -0.1750587009861421239, 0.3091994056413200354, 0.8704583393886988762 ) ) ;
#478 = VERTEX_POINT ( 'NONE', #3750 ) ;
#479 = CARTESIAN_POINT ( 'NONE',  ( 0.02122562956174139925, -1.316449875027960070, -0.6115416606113011078 ) ) ;
#480 = CARTESIAN_POINT ( 'NONE',  ( 1.507588616215439936, -1.557529068452645049, -0.8519811833704818982 ) ) ;
#481 = CARTESIAN_POINT ( 'NONE',  ( 2.923927648429999859, 0.8166470588235229533, 0.1777603974200530068 ) ) ;
#482 = ORIENTED_EDGE ( 'NONE', *, *, #1173, .T. ) ;
#483 = AXIS2_PLACEMENT_3D ( 'NONE', #1504, #2137, #2 ) ;
#484 = ORIENTED_EDGE ( 'NONE', *, *, #700, .F. ) ;
#485 = CARTESIAN_POINT ( 'NONE',  ( -1.555205804274729875, 1.555205804274729875, -0.8995416606113010305 ) ) ;
#486 = B_SPLINE_CURVE_WITH_KNOTS ( 'NONE', 3,
 ( #3226, #847, #1214, #1156 ),
 .UNSPECIFIED., .F., .F.,
 ( 4, 4 ),
 ( 0.0000000000000000000, 1.000000000000000000 ),
 .UNSPECIFIED. ) ;
#487 = DIRECTION ( 'NONE',  ( 0.0000000000000000000, 0.0000000000000000000, -1.000000000000000000 ) ) ;
#488 = ADVANCED_FACE ( 'NONE', ( #1099 ), #1184, .F. ) ;
#489 = ORIENTED_EDGE ( 'NONE', *, *, #727, .F. ) ;
#490 = ORIENTED_EDGE ( 'NONE', *, *, #3050, .F. ) ;
#491 = AXIS2_PLACEMENT_3D ( 'NONE', #2721, #3301, #1567 ) ;
#492 = B_SPLINE_CURVE_WITH_KNOTS ( 'NONE', 1,
 ( #507, #209 ),
 .UNSPECIFIED., .F., .F.,
 ( 2, 2 ),
 ( -0.2000000000000000111, 2.775557561562891351E-17 ),
 .UNSPECIFIED. ) ;
#493 = CARTESIAN_POINT ( 'NONE',  ( -1.563529191715069988, -1.502614279984529899, 0.8447636856282318973 ) ) ;
#494 = DIRECTION ( 'NONE',  ( 1.000000000000000000, 0.0000000000000000000, 0.0000000000000000000 ) ) ;
#495 = CARTESIAN_POINT ( 'NONE',  ( 1.264515591790740023, -0.3989999999999939706, 0.1777603974200540060 ) ) ;
#496 = ADVANCED_FACE ( 'NONE', ( #3842 ), #2690, .T. ) ;
#497 = B_SPLINE_CURVE_WITH_KNOTS ( 'NONE', 3,
 ( #1518, #39, #2969, #3560 ),
 .UNSPECIFIED., .F., .F.,
 ( 4, 4 ),
 ( 0.0000000000000000000, 1.000000000000000000 ),
 .UNSPECIFIED. ) ;
#498 = ORIENTED_EDGE ( 'NONE', *, *, #1253, .T. ) ;
#499 = FACE_OUTER_BOUND ( 'NONE', #3257, .T. ) ;
#500 = ORIENTED_EDGE ( 'NONE', *, *, #1791, .T. ) ;
#501 = B_SPLINE_CURVE_WITH_KNOTS ( 'NONE', 1,
 ( #1007, #141 ),
 .UNSPECIFIED., .F., .F.,
 ( 2, 2 ),
 ( -1.886111681734800039, 0.0000000000000000000 ),
 .UNSPECIFIED. ) ;
#502 = DIRECTION ( 'NONE',  ( -0.9986295347545741663, 9.292985413877530607E-16, -0.05233595624293971293 ) ) ;
#503 = CARTESIAN_POINT ( 'NONE',  ( 0.1172256295617419841, -0.3412604950904100098, -0.6115416606113011078 ) ) ;
#504 = CARTESIAN_POINT ( 'NONE',  ( 2.658858498018779937, 1.081352941176459970, 0.1777603974200540060 ) ) ;
#505 = EDGE_LOOP ( 'NONE', ( #3775, #1621, #1175, #2287 ) ) ;
#506 = CARTESIAN_POINT ( 'NONE',  ( 1.274038533470460033, 1.098999999999999977, -0.003948154439976540170 ) ) ;
#507 = CARTESIAN_POINT ( 'NONE',  ( -0.1816449070851290093, -0.3118014392384789724, -0.6755416606113010536 ) ) ;
#508 = CARTESIAN_POINT ( 'NONE',  ( 1.527878619833120011, 0.5092928732777333156, 0.8704583393889145926 ) ) ;
#509 = ORIENTED_EDGE ( 'NONE', *, *, #1914, .T. ) ;
#510 = CARTESIAN_POINT ( 'NONE',  ( 1.507588616704579998, 1.052112313726220050, -0.8995416606112149882 ) ) ;
#511 = DIRECTION ( 'NONE',  ( 0.0000000000000000000, 0.0000000000000000000, 1.000000000000000000 ) ) ;
#512 = CARTESIAN_POINT ( 'NONE',  ( 1.576521314881200064, 1.576521314881200064, 0.8704583393886989873 ) ) ;
#513 = ORIENTED_EDGE ( 'NONE', *, *, #2996, .T. ) ;
#514 = ADVANCED_FACE ( 'NONE', ( #2717 ), #3295, .T. ) ;
#515 = ORIENTED_EDGE ( 'NONE', *, *, #727, .T. ) ;
#516 = CARTESIAN_POINT ( 'NONE',  ( -1.279999999999997362, 1.279999999999997362, -0.8995416606113011415 ) ) ;
#517 = EDGE_CURVE ( 'NONE', #2910, #3354, #1883, .T. ) ;
#518 = ORIENTED_EDGE ( 'NONE', *, *, #1890, .T. ) ;
#519 =( BOUNDED_CURVE ( )  B_SPLINE_CURVE ( 2, ( #2227, #3401, #2808 ),
 .UNSPECIFIED., .F., .T. ) 
 B_SPLINE_CURVE_WITH_KNOTS ( ( 3, 3 ),
 ( 0.0000000000000000000, 0.2356194490192370095 ),
 .UNSPECIFIED. ) 
 CURVE ( )  GEOMETRIC_REPRESENTATION_ITEM ( )  RATIONAL_B_SPLINE_CURVE ( ( 1.000000000000000000, 0.7071067811865430208, 1.000000000000000000 ) ) 
 REPRESENTATION_ITEM ( '' )  );
#520 = CARTESIAN_POINT ( 'NONE',  ( -0.3519999999999999796, 3.200940417558240124E-17, 0.7872583393886980474 ) ) ;
#521 = AXIS2_PLACEMENT_3D ( 'NONE', #1806, #1519, #2687 ) ;
#522 = CARTESIAN_POINT ( 'NONE',  ( 1.280000000000000027, 1.045031935272410152E-16, -0.8995416606113020297 ) ) ;
#523 = CARTESIAN_POINT ( 'NONE',  ( -0.1816449070851290093, 0.5864464410663779992, -0.6755416606113010536 ) ) ;
#524 = ORIENTED_EDGE ( 'NONE', *, *, #1722, .F. ) ;
#525 = CARTESIAN_POINT ( 'NONE',  ( 1.541456676275523741, -1.544263114821772254, -0.8529874887553656748 ) ) ;
#526 = CARTESIAN_POINT ( 'NONE',  ( -1.507765276543899136, -1.547179602795929254, -0.8801607386952913226 ) ) ;
#527 = CARTESIAN_POINT ( 'NONE',  ( -1.507588616707379758, -1.507588616457249842, -0.8995416606114789992 ) ) ;
#528 = ORIENTED_EDGE ( 'NONE', *, *, #2854, .F. ) ;
#529 = ORIENTED_EDGE ( 'NONE', *, *, #536, .T. ) ;
#530 = DIRECTION ( 'NONE',  ( 0.0000000000000000000, -1.000000000000000000, 0.0000000000000000000 ) ) ;
#531 = CARTESIAN_POINT ( 'NONE',  ( -1.571686043054673521, -1.521745590874012954, -0.5621680630623169250 ) ) ;
#532 = PLANE ( 'NONE',  #2776 ) ;
#533 = VERTEX_POINT ( 'NONE', #2355 ) ;
#534 = CARTESIAN_POINT ( 'NONE',  ( 0.6374583205238228967, -0.1836835931749189743, -0.6115416606113011078 ) ) ;
#535 = B_SPLINE_CURVE_WITH_KNOTS ( 'NONE', 3,
 ( #674, #133, #1549, #112, #70, #653, #1874, #996, #2501, #404, #1920, #1028 ),
 .UNSPECIFIED., .F., .F.,
 ( 4, 2, 2, 2, 2, 4 ),
 ( 0.0000000000000000000, 0.2500000000000331957, 0.3750000000000465183, 0.4375000000000541789, 0.5000000000000618394, 1.000000000000000000 ),
 .UNSPECIFIED. ) ;
#536 = EDGE_CURVE ( 'NONE', #3647, #2615, #866, .T. ) ;
#537 = EDGE_CURVE ( 'NONE', #1904, #1197, #1936, .T. ) ;
#538 = ORIENTED_EDGE ( 'NONE', *, *, #3599, .F. ) ;
#539 = B_SPLINE_CURVE_WITH_KNOTS ( 'NONE', 1,
 ( #2007, #2023 ),
 .UNSPECIFIED., .F., .F.,
 ( 2, 2 ),
 ( 0.0000000000000000000, 1.132804083730799993 ),
 .UNSPECIFIED. ) ;
#540 = CARTESIAN_POINT ( 'NONE',  ( 1.507588616704579998, -1.507588615706829893, -0.8995416606113280089 ) ) ;
#541 = CARTESIAN_POINT ( 'NONE',  ( 1.228337105872019830, -1.316449875027960070, -0.5795416606113010793 ) ) ;
#542 = CARTESIAN_POINT ( 'NONE',  ( 0.5404620642716954082, -0.9561179765497967997, -0.5799999999999999600 ) ) ;
#543 = EDGE_CURVE ( 'NONE', #1420, #3626, #1056, .T. ) ;
#544 = B_SPLINE_CURVE_WITH_KNOTS ( 'NONE', 1,
 ( #1971, #3149 ),
 .UNSPECIFIED., .F., .F.,
 ( 2, 2 ),
 ( -1.220936942495139954, 0.0000000000000000000 ),
 .UNSPECIFIED. ) ;
#545 = VERTEX_POINT ( 'NONE', #1826 ) ;
#546 = CARTESIAN_POINT ( 'NONE',  ( 2.641187221324699852, 1.098999999999999977, 0.1777603974200540060 ) ) ;
#547 = DIRECTION ( 'NONE',  ( 0.0000000000000000000, 0.0000000000000000000, -1.000000000000000000 ) ) ;
#548 = ORIENTED_EDGE ( 'NONE', *, *, #1836, .F. ) ;
#549 = ORIENTED_EDGE ( 'NONE', *, *, #3734, .T. ) ;
#550 = CARTESIAN_POINT ( 'NONE',  ( 1.507588616704579998, -1.507588616457249842, -0.8995416606110100410 ) ) ;
#551 = MECHANICAL_DESIGN_GEOMETRIC_PRESENTATION_REPRESENTATION (  '', ( #174 ), #1351 ) ;
#552 = CARTESIAN_POINT ( 'NONE',  ( 0.8294583205238239554, 0.5280800628543149688, -0.5795416606113010793 ) ) ;
#553 = CARTESIAN_POINT ( 'NONE',  ( -1.235779548787830029, -1.316449875027960070, -0.6115416606113011078 ) ) ;
#554 = CARTESIAN_POINT ( 'NONE',  ( -1.527878619833199947, 1.527878619833199947, 0.8704583393886750065 ) ) ;
#555 = ORIENTED_EDGE ( 'NONE', *, *, #2218, .T. ) ;
#556 = EDGE_CURVE ( 'NONE', #1155, #2297, #1513, .T. ) ;
#557 = CARTESIAN_POINT ( 'NONE',  ( 1.075205804257563846, 1.556367436404664906, -0.8507614219928659738 ) ) ;
#558 = CARTESIAN_POINT ( 'NONE',  ( 1.264515591790740023, -0.3989999999999939706, 0.1777603974200540060 ) ) ;
#559 = CARTESIAN_POINT ( 'NONE',  ( -0.7160703412183615502, -0.8225413195692515833, -0.5800000000000000711 ) ) ;
#560 = ORIENTED_EDGE ( 'NONE', *, *, #1534, .T. ) ;
#561 = EDGE_CURVE ( 'NONE', #1220, #3428, #3730, .T. ) ;
#562 = CARTESIAN_POINT ( 'NONE',  ( -1.544335133366600887, 1.507646074444100925, -0.8834603971503650621 ) ) ;
#563 = CARTESIAN_POINT ( 'NONE',  ( -1.576168745720063047, -1.599937838951214442, 0.01618581467983345318 ) ) ;
#564 = EDGE_CURVE ( 'NONE', #1772, #3312, #125, .T. ) ;
#565 = PLANE ( 'NONE',  #728 ) ;
#566 = FACE_OUTER_BOUND ( 'NONE', #908, .T. ) ;
#567 = CARTESIAN_POINT ( 'NONE',  ( 0.2714995962177020328, 1.062603838810151302, -0.5799999999999999600 ) ) ;
#568 = CARTESIAN_POINT ( 'NONE',  ( -1.576521314881200064, 1.576521314881200064, 0.8704583393886989873 ) ) ;
#569 = B_SPLINE_CURVE_WITH_KNOTS ( 'NONE', 1,
 ( #495, #1676 ),
 .UNSPECIFIED., .F., .F.,
 ( 2, 2 ),
 ( 0.0000000000000000000, 0.2339458956822389746 ),
 .UNSPECIFIED. ) ;
#570 = ORIENTED_EDGE ( 'NONE', *, *, #1178, .T. ) ;
#571 = CARTESIAN_POINT ( 'NONE',  ( 0.8294583205238239554, -0.5623931160698699694, -0.5795416606113010793 ) ) ;
#572 = CARTESIAN_POINT ( 'NONE',  ( -1.235779548787830029, 0.5280800628543149688, -0.6115416606113011078 ) ) ;
#573 = CARTESIAN_POINT ( 'NONE',  ( 1.507597213584952689, -1.539325278067655622, -0.8882195609263572322 ) ) ;
#574 = ADVANCED_FACE ( 'NONE', ( #62 ), #2917, .F. ) ;
#575 = ORIENTED_EDGE ( 'NONE', *, *, #1437, .T. ) ;
#576 = CARTESIAN_POINT ( 'NONE',  ( -1.527878619754239997, -1.577859690180404950, 0.8218340601544249502 ) ) ;
#577 = EDGE_CURVE ( 'NONE', #2586, #53, #2022, .T. ) ;
#578 = ORIENTED_EDGE ( 'NONE', *, *, #1935, .T. ) ;
#579 = EDGE_CURVE ( 'NONE', #1910, #3786, #938, .T. ) ;
#580 = EDGE_CURVE ( 'NONE', #3666, #676, #3821, .T. ) ;
#581 =( LENGTH_UNIT ( ) NAMED_UNIT ( * ) SI_UNIT ( .MILLI., .METRE. ) );
#582 = FACE_OUTER_BOUND ( 'NONE', #3298, .T. ) ;
#583 = CARTESIAN_POINT ( 'NONE',  ( -0.3519999999999999796, 3.200940417558240124E-17, 0.7872583393886980474 ) ) ;
#584 = CARTESIAN_POINT ( 'NONE',  ( 0.4350736786233034281, 0.9974337363745212626, -0.5799999999999999600 ) ) ;
#585 = ORIENTED_EDGE ( 'NONE', *, *, #1132, .F. ) ;
#586 = CARTESIAN_POINT ( 'NONE',  ( 0.7334583205238240922, 0.4320800628543140509, -0.6115416606113011078 ) ) ;
#587 =( NAMED_UNIT ( * ) PLANE_ANGLE_UNIT ( ) SI_UNIT ( $, .RADIAN. ) );
#588 = ORIENTED_EDGE ( 'NONE', *, *, #3774, .F. ) ;
#589 = FACE_OUTER_BOUND ( 'NONE', #60, .T. ) ;
#590 = CARTESIAN_POINT ( 'NONE',  ( -0.3417022841558232105, -0.08769141793282980712, 0.8704583393886987652 ) ) ;
#591 = CARTESIAN_POINT ( 'NONE',  ( 1.075205804257563846, 1.556367436404664906, -0.8507614219928659738 ) ) ;
#592 = FACE_OUTER_BOUND ( 'NONE', #2153, .T. ) ;
#593 = VERTEX_POINT ( 'NONE', #3706 ) ;
#594 = DIRECTION ( 'NONE',  ( 0.0000000000000000000, 0.0000000000000000000, 1.000000000000000000 ) ) ;
#595 = CARTESIAN_POINT ( 'NONE',  ( 2.941598925124079944, -1.098999999999999977, 0.1777603974200540060 ) ) ;
#596 = CARTESIAN_POINT ( 'NONE',  ( 0.02122562956174139925, -0.4372604950904099841, -0.5795416606113010793 ) ) ;
#597 = ADVANCED_FACE ( 'NONE', ( #1344 ), #2234, .T. ) ;
#598 = CARTESIAN_POINT ( 'NONE',  ( 0.3091994056413283620, -0.1750587009861457044, 0.7872583393886990466 ) ) ;
#599 = CARTESIAN_POINT ( 'NONE',  ( 1.023943526666480919, 0.3682932402314181841, -0.5799999999999998490 ) ) ;
#600 = ORIENTED_EDGE ( 'NONE', *, *, #293, .T. ) ;
#601 = AXIS2_PLACEMENT_3D ( 'NONE', #1669, #2596, #2850 ) ;
#602 = DIRECTION ( 'NONE',  ( 1.000000000000000000, 0.0000000000000000000, 0.0000000000000000000 ) ) ;
#603 = CARTESIAN_POINT ( 'NONE',  ( -1.235779548787830029, -1.316449875027960070, -0.6115416606113011078 ) ) ;
#604 = ADVANCED_FACE ( 'NONE', ( #2529 ), #1637, .T. ) ;
#605 =( GEOMETRIC_REPRESENTATION_CONTEXT ( 3 ) GLOBAL_UNCERTAINTY_ASSIGNED_CONTEXT ( ( #1176 ) ) GLOBAL_UNIT_ASSIGNED_CONTEXT ( ( #3577, #3273, #77 ) ) REPRESENTATION_CONTEXT ( 'NONE', 'WORKASPACE' ) );
#606 = ORIENTED_EDGE ( 'NONE', *, *, #3491, .F. ) ;
#607 = DIRECTION ( 'NONE',  ( 1.000000000000000000, 0.0000000000000000000, 0.0000000000000000000 ) ) ;
#608 = CARTESIAN_POINT ( 'NONE',  ( -0.04510997108777655556, -0.3520680060048665960, 0.8704583393886989873 ) ) ;
#609 = CARTESIAN_POINT ( 'NONE',  ( -0.9038754831954058933, -0.4390502318310640084, -0.5795416606113010793 ) ) ;
#610 = CARTESIAN_POINT ( 'NONE',  ( -0.8758558513574020710, -0.6629138946514188113, -0.5800000000000000711 ) ) ;
#611 = B_SPLINE_CURVE_WITH_KNOTS ( 'NONE', 3,
 ( #2450, #2231, #2525, #1597, #3619, #978, #1284, #2189, #2171, #3351, #3406, #3065 ),
 .UNSPECIFIED., .F., .F.,
 ( 4, 2, 2, 2, 2, 4 ),
 ( 0.0000000000000000000, 0.2500000000000042188, 0.3750000000000023315, 0.4375000000000036637, 0.5000000000000049960, 1.000000000000000000 ),
 .UNSPECIFIED. ) ;
#612 = CARTESIAN_POINT ( 'NONE',  ( 0.09061483364182111588, 0.2824640832897150067, -0.6755416606113010536 ) ) ;
#613 = CARTESIAN_POINT ( 'NONE',  ( 1.599999999998600098, -1.600000000000000089, 0.01745833938869869803 ) ) ;
#614 = CARTESIAN_POINT ( 'NONE',  ( -1.545547615841651012, -1.540004467836470825, -0.8529900108507596501 ) ) ;
#615 = CARTESIAN_POINT ( 'NONE',  ( -1.264515591790740023, 1.098999999999999977, 0.1777603974200540060 ) ) ;
#616 = CARTESIAN_POINT ( 'NONE',  ( 0.8758558513543920343, 0.6629138946522019626, -0.5800000000000001821 ) ) ;
#617 = B_SPLINE_CURVE_WITH_KNOTS ( 'NONE', 1,
 ( #3269, #3286 ),
 .UNSPECIFIED., .F., .F.,
 ( 2, 2 ),
 ( -0.1000000000000000056, 1.387778780781445676E-17 ),
 .UNSPECIFIED. ) ;
#618 = ORIENTED_EDGE ( 'NONE', *, *, #2167, .F. ) ;
#619 = EDGE_CURVE ( 'NONE', #1197, #2833, #2444, .T. ) ;
#620 = CARTESIAN_POINT ( 'NONE',  ( 1.395205804274729955, 1.235205804274729591, -0.6435416606113010252 ) ) ;
#621 = SURFACE_STYLE_FILL_AREA ( #3259 ) ;
#622 = APPLICATION_CONTEXT ( 'automotive_design' ) ;
#623 = EDGE_CURVE ( 'NONE', #2020, #2647, #2944, .T. ) ;
#624 = ORIENTED_EDGE ( 'NONE', *, *, #1699, .F. ) ;
#625 = ADVANCED_FACE ( 'NONE', ( #414 ), #1270, .T. ) ;
#626 = CARTESIAN_POINT ( 'NONE',  ( -1.274038533470460033, 0.3989999999999939706, -0.003948154439976309452 ) ) ;
#627 = CARTESIAN_POINT ( 'NONE',  ( -0.3520000000000000351, -0.02246946257583658929, 0.8704583393886988762 ) ) ;
#628 = CARTESIAN_POINT ( 'NONE',  ( -1.264515591790740023, 0.3989999999999939706, 0.1777603974200540060 ) ) ;
#629 = CARTESIAN_POINT ( 'NONE',  ( -1.599999995418695198, 1.550039235149234917, 0.01745824771570915132 ) ) ;
#630 =( NAMED_UNIT ( * ) SI_UNIT ( $, .STERADIAN. ) SOLID_ANGLE_UNIT ( ) );
#631 = SURFACE_STYLE_FILL_AREA ( #675 ) ;
#632 = VERTEX_POINT ( 'NONE', #473 ) ;
#633 = CARTESIAN_POINT ( 'NONE',  ( -1.600000000000000089, -1.600000000000000089, 0.01745833938869869803 ) ) ;
#634 =( BOUNDED_SURFACE ( )  B_SPLINE_SURFACE ( 2, 2, ( 
 ( #322, #911, #1818 ),
 ( #1897, #2467, #92 ),
 ( #2748, #3001, #427 ) ),
 .UNSPECIFIED., .F., .F., .T. ) 
 B_SPLINE_SURFACE_WITH_KNOTS ( ( 3, 3 ),
 ( 3, 3 ),
 ( 0.03945438380870890105, 0.1173899449121370009 ),
 ( 0.1089614339101870055, 0.1872807610499550024 ),
 .UNSPECIFIED. ) 
 GEOMETRIC_REPRESENTATION_ITEM ( )  RATIONAL_B_SPLINE_SURFACE ( (
 ( 1.000000000000000000, 0.7086641551917590709, 1.000000000000000000),
 ( 0.7113665758796190453, 0.5041199935273840138, 0.7113665758796190453),
 ( 1.000000000000000000, 0.7086641551917590709, 1.000000000000000000) ) ) 
 REPRESENTATION_ITEM ( '' )  SURFACE ( )  );
#635 = CARTESIAN_POINT ( 'NONE',  ( 0.02122562956174058740, -0.3412604950904092327, -0.5795416606113010793 ) ) ;
#636 = CARTESIAN_POINT ( 'NONE',  ( -0.2143400843924429811, -0.2835689935942165563, 0.7872583393886991576 ) ) ;
#637 = CARTESIAN_POINT ( 'NONE',  ( 1.599999999997190114, -1.600000000000000089, 0.01745833938869869803 ) ) ;
#638 = MECHANICAL_DESIGN_GEOMETRIC_PRESENTATION_REPRESENTATION (  '', ( #1511 ), #1199 ) ;
#639 = VERTEX_POINT ( 'NONE', #142 ) ;
#640 = CARTESIAN_POINT ( 'NONE',  ( -1.507588616034714946, 1.557529068452969900, -0.8519811833704229453 ) ) ;
#641 =( LENGTH_UNIT ( ) NAMED_UNIT ( * ) SI_UNIT ( .MILLI., .METRE. ) );
#642 = COLOUR_RGB ( '',1.000000000000000000, 0.0000000000000000000, 0.0000000000000000000 ) ;
#643 = ORIENTED_EDGE ( 'NONE', *, *, #3489, .T. ) ;
#644 = DIRECTION ( 'NONE',  ( 0.0000000000000000000, 0.0000000000000000000, 1.000000000000000000 ) ) ;
#645 = CARTESIAN_POINT ( 'NONE',  ( -0.1816449070851290093, -0.1838014392384790252, -0.6755416606113010536 ) ) ;
#646 = ADVANCED_FACE ( 'NONE', ( #1866 ), #2496, .F. ) ;
#647 = EDGE_CURVE ( 'NONE', #1368, #3462, #1379, .T. ) ;
#648 = FACE_OUTER_BOUND ( 'NONE', #937, .T. ) ;
#649 = CARTESIAN_POINT ( 'NONE',  ( 1.576521314881200064, 1.576521314881200064, 0.8704583393886989873 ) ) ;
#650 = EDGE_CURVE ( 'NONE', #2253, #1795, #3086, .T. ) ;
#651 = ORIENTED_EDGE ( 'NONE', *, *, #3170, .T. ) ;
#652 = B_SPLINE_CURVE_WITH_KNOTS ( 'NONE', 1,
 ( #522, #3157 ),
 .UNSPECIFIED., .F., .F.,
 ( 2, 2 ),
 ( 0.0000000000000000000, 1.000000000000000000 ),
 .UNSPECIFIED. ) ;
#653 = CARTESIAN_POINT ( 'NONE',  ( 1.527927321213943923, 1.555606679843158258, 0.8621019441967243679 ) ) ;
#654 = ADVANCED_FACE ( 'NONE', ( #3687 ), #183, .T. ) ;
#655 = CYLINDRICAL_SURFACE ( 'NONE', #3488, 0.05000000000000127259 ) ;
#656 = ORIENTED_EDGE ( 'NONE', *, *, #1651, .F. ) ;
#657 = ORIENTED_EDGE ( 'NONE', *, *, #3303, .T. ) ;
#658 = CARTESIAN_POINT ( 'NONE',  ( -0.1816449070851290093, 0.1309918475817540007, -0.6755416606113010536 ) ) ;
#659 = CARTESIAN_POINT ( 'NONE',  ( 2.951121866803800398, -0.3989999999999939706, -0.003948154439976309452 ) ) ;
#660 = EDGE_LOOP ( 'NONE', ( #3155, #2136, #3152, #246 ) ) ;
#661 =( BOUNDED_CURVE ( )  B_SPLINE_CURVE ( 2, ( #95, #138, #2471 ),
 .UNSPECIFIED., .F., .T. ) 
 B_SPLINE_CURVE_WITH_KNOTS ( ( 3, 3 ),
 ( 0.0000000000000000000, 1.000000000000000000 ),
 .UNSPECIFIED. ) 
 CURVE ( )  GEOMETRIC_REPRESENTATION_ITEM ( )  RATIONAL_B_SPLINE_CURVE ( ( 1.000000000000000000, 0.7145255828086954919, 0.9937511349232701630 ) ) 
 REPRESENTATION_ITEM ( '' )  );
#662 = CARTESIAN_POINT ( 'NONE',  ( -2.941598925124079944, 1.098999999999999977, 0.1777603974200540060 ) ) ;
#663 = CARTESIAN_POINT ( 'NONE',  ( 0.02122562956174139925, -1.404445613021710004, -0.1922648606113009917 ) ) ;
#664 = AXIS2_PLACEMENT_3D ( 'NONE', #1092, #1072, #226 ) ;
#665 = EDGE_LOOP ( 'NONE', ( #2272, #3200, #2761, #2521 ) ) ;
#666 = CARTESIAN_POINT ( 'NONE',  ( -0.1816449070851290093, -0.2658849524182460011, -0.2210648606113009840 ) ) ;
#667 = B_SPLINE_CURVE_WITH_KNOTS ( 'NONE', 1,
 ( #2082, #3607 ),
 .UNSPECIFIED., .F., .F.,
 ( 2, 2 ),
 ( -0.1000000000000000056, 1.387778780781445676E-17 ),
 .UNSPECIFIED. ) ;
#668 = COLOUR_RGB ( '',0.8980392156862745390, 0.9215686274509803377, 0.9294117647058823817 ) ;
#669 = CARTESIAN_POINT ( 'NONE',  ( -0.1346039785175880132, 1.350400521521350150, -0.6115416606113011078 ) ) ;
#670 = PLANE ( 'NONE',  #923 ) ;
#671 = CARTESIAN_POINT ( 'NONE',  ( -0.02440962149056320057, 0.4457712169876099639, -0.5795416606113010793 ) ) ;
#672 = B_SPLINE_CURVE_WITH_KNOTS ( 'NONE', 1,
 ( #780, #1972 ),
 .UNSPECIFIED., .F., .F.,
 ( 2, 2 ),
 ( -1.178213685872010030, 0.0000000000000000000 ),
 .UNSPECIFIED. ) ;
#673 = EDGE_CURVE ( 'NONE', #3481, #2378, #3580, .T. ) ;
#674 = CARTESIAN_POINT ( 'NONE',  ( 1.527878619838055174, 1.527878619798149984, 0.8704583393887469489 ) ) ;
#675 = FILL_AREA_STYLE ('',( #1531 ) ) ;
#676 = VERTEX_POINT ( 'NONE', #3070 ) ;
#677 = EDGE_CURVE ( 'NONE', #2064, #708, #255, .T. ) ;
#678 = ORIENTED_EDGE ( 'NONE', *, *, #2730, .T. ) ;
#679 = DIRECTION ( 'NONE',  ( 0.0000000000000000000, 0.0000000000000000000, -1.000000000000000000 ) ) ;
#680 = CARTESIAN_POINT ( 'NONE',  ( -0.1346039785175880132, -1.316449875027960070, -0.5795416606113010793 ) ) ;
#681 = VERTEX_POINT ( 'NONE', #857 ) ;
#682 = B_SPLINE_CURVE_WITH_KNOTS ( 'NONE', 3,
 ( #2933, #274, #2689, #311 ),
 .UNSPECIFIED., .F., .F.,
 ( 4, 4 ),
 ( 0.0000000000000000000, 1.000000000000000000 ),
 .UNSPECIFIED. ) ;
#683 = CARTESIAN_POINT ( 'NONE',  ( 1.261828496021739854, 1.350400521521350150, -0.6115416606113011078 ) ) ;
#684 = CARTESIAN_POINT ( 'NONE',  ( -1.507588615715385050, 1.506898975663595097, -0.8995416606158259665 ) ) ;
#685 = ORIENTED_EDGE ( 'NONE', *, *, #1912, .T. ) ;
#686 = ORIENTED_EDGE ( 'NONE', *, *, #3098, .F. ) ;
#687 = CARTESIAN_POINT ( 'NONE',  ( -0.3519999999999999796, 3.200940417558240124E-17, 0.8704583393886989873 ) ) ;
#688 = CARTESIAN_POINT ( 'NONE',  ( -1.274038533470460033, -1.098999999999999977, -0.003948154439976540170 ) ) ;
#689 = CARTESIAN_POINT ( 'NONE',  ( 2.650710163004419861, 1.098999999999999977, -0.003948154439976869767 ) ) ;
#690 = ORIENTED_EDGE ( 'NONE', *, *, #1862, .T. ) ;
#691 = DIRECTION ( 'NONE',  ( 0.0000000000000000000, 0.0000000000000000000, 1.000000000000000000 ) ) ;
#692 = CARTESIAN_POINT ( 'NONE',  ( 1.527181308810070304, 1.563428005402889065, 0.8704583394657354756 ) ) ;
#693 = ORIENTED_EDGE ( 'NONE', *, *, #2116, .T. ) ;
#694 = ORIENTED_EDGE ( 'NONE', *, *, #2782, .F. ) ;
#695 = CARTESIAN_POINT ( 'NONE',  ( -1.507588616707379758, -1.507588615706829893, -0.8995416606113370017 ) ) ;
#696 = CARTESIAN_POINT ( 'NONE',  ( -0.1346039785175880132, 0.2925176989456330090, -0.6115416606113011078 ) ) ;
#697 = EDGE_CURVE ( 'NONE', #3354, #1241, #2898, .T. ) ;
#698 = ADVANCED_FACE ( 'NONE', ( #2040 ), #3431, .T. ) ;
#699 = ORIENTED_EDGE ( 'NONE', *, *, #52, .T. ) ;
#700 = EDGE_CURVE ( 'NONE', #415, #1991, #163, .T. ) ;
#701 = CARTESIAN_POINT ( 'NONE',  ( 1.599999995416805154, 1.550039235149549999, 0.01745824772352990231 ) ) ;
#702 = CARTESIAN_POINT ( 'NONE',  ( 1.577859690179940211, -1.527878619754239997, 0.8218340601543319135 ) ) ;
#703 = VERTEX_POINT ( 'NONE', #1077 ) ;
#704 = EDGE_LOOP ( 'NONE', ( #3635, #3731 ) ) ;
#705 = CARTESIAN_POINT ( 'NONE',  ( -0.1816449070851290093, 0.7144464410663780018, -0.6755416606113010536 ) ) ;
#706 = DIRECTION ( 'NONE',  ( -0.0000000000000000000, 1.000000000000000000, 0.0000000000000000000 ) ) ;
#707 = B_SPLINE_CURVE_WITH_KNOTS ( 'NONE', 1,
 ( #2493, #696 ),
 .UNSPECIFIED., .F., .F.,
 ( 2, 2 ),
 ( 0.0000000000000000000, 0.05000000000000000971 ),
 .UNSPECIFIED. ) ;
#708 = VERTEX_POINT ( 'NONE', #195 ) ;
#709 = CARTESIAN_POINT ( 'NONE',  ( 5.773307815971221812E-16, 0.0000000000000000000, 1.230736076797360745 ) ) ;
#710 =( LENGTH_UNIT ( ) NAMED_UNIT ( * ) SI_UNIT ( .MILLI., .METRE. ) );
#711 = CARTESIAN_POINT ( 'NONE',  ( -0.9038754831954058933, -0.4390502318310640084, -0.6115416606113011078 ) ) ;
#712 = EDGE_LOOP ( 'NONE', ( #2923, #1485, #892, #314 ) ) ;
#713 = B_SPLINE_CURVE_WITH_KNOTS ( 'NONE', 1,
 ( #523, #2882 ),
 .UNSPECIFIED., .F., .F.,
 ( 2, 2 ),
 ( -0.1000000000000000056, 1.387778780781445676E-17 ),
 .UNSPECIFIED. ) ;
#714 = ORIENTED_EDGE ( 'NONE', *, *, #1431, .F. ) ;
#715 = CARTESIAN_POINT ( 'NONE',  ( -1.509441037861918300, -1.576609722406429492, -0.8497696548433222308 ) ) ;
#716 = CARTESIAN_POINT ( 'NONE',  ( -1.599999995418635024, -1.550039235149234917, 0.01745824771571315159 ) ) ;
#717 = CARTESIAN_POINT ( 'NONE',  ( -1.088000000002809831, 0.1381741007238396213, -0.5799999999999999600 ) ) ;
#718 = ORIENTED_EDGE ( 'NONE', *, *, #293, .F. ) ;
#719 = EDGE_CURVE ( 'NONE', #1335, #3840, #1372, .T. ) ;
#720 = CARTESIAN_POINT ( 'NONE',  ( -0.3096449070851289842, 0.1895696410663779974, -0.2210648606113009840 ) ) ;
#721 = CARTESIAN_POINT ( 'NONE',  ( -1.264515591790740023, 1.098999999999999977, 0.1777603974200540060 ) ) ;
#722 = B_SPLINE_CURVE_WITH_KNOTS ( 'NONE', 1,
 ( #2549, #1992 ),
 .UNSPECIFIED., .F., .F.,
 ( 2, 2 ),
 ( -1.134875716667240075, 0.0000000000000000000 ),
 .UNSPECIFIED. ) ;
#723 = EDGE_LOOP ( 'NONE', ( #3781, #2945, #1384, #1662 ) ) ;
#724 = CLOSED_SHELL ( 'NONE', ( #1061, #890, #80, #1390, #1810, #1364 ) ) ;
#725 = ADVANCED_FACE ( 'NONE', ( #3202 ), #565, .T. ) ;
#726 = CARTESIAN_POINT ( 'NONE',  ( 0.04510997108778674186, 0.3520680060048680948, 0.8704583393886989873 ) ) ;
#727 = EDGE_CURVE ( 'NONE', #1991, #3720, #672, .T. ) ;
#728 = AXIS2_PLACEMENT_3D ( 'NONE', #2872, #3188, #3727 ) ;
#729 = CARTESIAN_POINT ( 'NONE',  ( 0.2152318929148709925, 0.7144464410663780018, -1.066018460611300123 ) ) ;
#730 = PRESENTATION_LAYER_ASSIGNMENT (  '', '', ( #3207 ) ) ;
#731 = DIRECTION ( 'NONE',  ( 0.0000000000000000000, 0.0000000000000000000, 1.000000000000000000 ) ) ;
#732 = SURFACE_STYLE_USAGE ( .BOTH. , #3613 ) ;
#733 = CARTESIAN_POINT ( 'NONE',  ( 2.888585095041829920, 0.8519411764705819845, 0.1777603974200540060 ) ) ;
#734 = STYLED_ITEM ( 'NONE', ( #3520 ), #3167 ) ;
#735 = ORIENTED_EDGE ( 'NONE', *, *, #1957, .T. ) ;
#736 = ORIENTED_EDGE ( 'NONE', *, *, #1391, .T. ) ;
#737 = CARTESIAN_POINT ( 'NONE',  ( -1.264515591790740023, 1.098999999999999977, 0.1777603974200540060 ) ) ;
#738 = PLANE ( 'NONE',  #3565 ) ;
#739 = B_SPLINE_SURFACE_WITH_KNOTS ( 'NONE', 1, 1, ( 
 ( #66, #1257 ),
 ( #2140, #1294 ) ),
 .UNSPECIFIED., .F., .F., .F.,
 ( 2, 2 ),
 ( 2, 2 ),
 ( 0.0000000000000000000, 1.379999999999999893 ),
 ( 0.0000000000000000000, 0.2339458956822389746 ),
 .UNSPECIFIED. ) ;
#740 = VERTEX_POINT ( 'NONE', #1733 ) ;
#741 = CARTESIAN_POINT ( 'NONE',  ( -1.535258723415669824, 1.585239793857352364, 0.5537088055453015523 ) ) ;
#742 = CARTESIAN_POINT ( 'NONE',  ( -1.542461036932950114, 1.557529068641548164, -0.8519811838288864347 ) ) ;
#743 = ORIENTED_EDGE ( 'NONE', *, *, #999, .T. ) ;
#744 = VERTEX_POINT ( 'NONE', #3150 ) ;
#745 = CARTESIAN_POINT ( 'NONE',  ( 1.228337105872019830, -0.5623931160698699694, -0.6115416606113011078 ) ) ;
#746 = CARTESIAN_POINT ( 'NONE',  ( 1.527878619838055174, 1.527878619798149984, 0.8704583393887469489 ) ) ;
#747 = ADVANCED_FACE ( 'NONE', ( #2913 ), #838, .F. ) ;
#748 = EDGE_CURVE ( 'NONE', #256, #126, #2802, .T. ) ;
#749 = ORIENTED_EDGE ( 'NONE', *, *, #290, .T. ) ;
#750 = CARTESIAN_POINT ( 'NONE',  ( -2.951121866803800398, -0.3989999999999939706, -0.003948154439976309452 ) ) ;
#751 = DIRECTION ( 'NONE',  ( 3.833759981302970139E-16, 1.000000000000000000, 0.0000000000000000000 ) ) ;
#752 = DIRECTION ( 'NONE',  ( 0.9996216932577531855, -0.0007567566546453922873, -0.02749359357865025985 ) ) ;
#753 = ORIENTED_EDGE ( 'NONE', *, *, #3683, .T. ) ;
#754 = ORIENTED_EDGE ( 'NONE', *, *, #1646, .F. ) ;
#755 = CARTESIAN_POINT ( 'NONE',  ( -0.9038754831954058933, -0.4390502318310640084, -0.6115416606113011078 ) ) ;
#756 = CARTESIAN_POINT ( 'NONE',  ( -1.518796354838748419, 1.556648770273723725, -0.8525936810689880296 ) ) ;
#757 = FILL_AREA_STYLE_COLOUR ( '', #22 ) ;
#758 = ORIENTED_EDGE ( 'NONE', *, *, #2703, .F. ) ;
#759 = EDGE_LOOP ( 'NONE', ( #185, #1899, #3792, #3650 ) ) ;
#760 = CARTESIAN_POINT ( 'NONE',  ( -0.1816449070851290093, 0.5864464410663779992, -0.6115416606113011078 ) ) ;
#761 = CARTESIAN_POINT ( 'NONE',  ( -1.544386748892369932, 1.483189443397999963, -0.8730060549445899376 ) ) ;
#762 = CARTESIAN_POINT ( 'NONE',  ( 2.827422929945229590, 0.9225294117647000469, -0.003948154439976540170 ) ) ;
#763 = CARTESIAN_POINT ( 'NONE',  ( -0.1816449070851290093, 0.5864464410663779992, -0.6755416606113010536 ) ) ;
#764 =( BOUNDED_CURVE ( )  B_SPLINE_CURVE ( 2, ( #2366, #876, #1762 ),
 .UNSPECIFIED., .F., .F. ) 
 B_SPLINE_CURVE_WITH_KNOTS ( ( 3, 3 ),
 ( 0.0000000000000000000, 0.2356194490192370095 ),
 .UNSPECIFIED. ) 
 CURVE ( )  GEOMETRIC_REPRESENTATION_ITEM ( )  RATIONAL_B_SPLINE_CURVE ( ( 1.000000000000000000, 0.7071067811865430208, 1.000000000000000000 ) ) 
 REPRESENTATION_ITEM ( '' )  );
#765 =( NAMED_UNIT ( * ) PLANE_ANGLE_UNIT ( ) SI_UNIT ( $, .RADIAN. ) );
#766 = EDGE_LOOP ( 'NONE', ( #2423, #3193, #234, #2203 ) ) ;
#767 = ADVANCED_FACE ( 'NONE', ( #801 ), #2550, .F. ) ;
#768 = EDGE_CURVE ( 'NONE', #1838, #2331, #539, .T. ) ;
#769 = CARTESIAN_POINT ( 'NONE',  ( 0.02122562956174139925, -0.4372604950904099841, -0.5795416606113010793 ) ) ;
#770 = CARTESIAN_POINT ( 'NONE',  ( 1.527529964295084808, 1.527878619693705087, 0.8704583393890680254 ) ) ;
#771 = ORIENTED_EDGE ( 'NONE', *, *, #319, .F. ) ;
#772 = EDGE_CURVE ( 'NONE', #2593, #3670, #812, .T. ) ;
#773 = ORIENTED_EDGE ( 'NONE', *, *, #1486, .T. ) ;
#774 = CARTESIAN_POINT ( 'NONE',  ( -2.951121866803800398, 1.098999999999999977, -0.003948154439976540170 ) ) ;
#775 = FACE_OUTER_BOUND ( 'NONE', #3725, .T. ) ;
#776 =( NAMED_UNIT ( * ) SI_UNIT ( $, .STERADIAN. ) SOLID_ANGLE_UNIT ( ) );
#777 = B_SPLINE_CURVE_WITH_KNOTS ( 'NONE', 3,
 ( #154, #1398, #1358, #3741, #2247, #2545, #1091, #2065, #525, #3444, #1336, #2643 ),
 .UNSPECIFIED., .F., .F.,
 ( 4, 2, 2, 2, 2, 4 ),
 ( 0.0000000000000000000, 0.2500000000000106026, 0.3750000000000102141, 0.4375000000000101585, 0.5000000000000101030, 1.000000000000000000 ),
 .UNSPECIFIED. ) ;
#778 = ORIENTED_EDGE ( 'NONE', *, *, #3256, .F. ) ;
#779 = CARTESIAN_POINT ( 'NONE',  ( -1.598164991302879923, -1.528212203918551726, 0.8205685390383800071 ) ) ;
#780 = CARTESIAN_POINT ( 'NONE',  ( 1.228337105872019830, -0.5623931160698699694, -0.6115416606113011078 ) ) ;
#781 = CARTESIAN_POINT ( 'NONE',  ( -0.3096449070851289842, -0.1838014392384790252, -0.6755416606113010536 ) ) ;
#782 = ORIENTED_EDGE ( 'NONE', *, *, #243, .T. ) ;
#783 = ORIENTED_EDGE ( 'NONE', *, *, #2510, .F. ) ;
#784 = FACE_OUTER_BOUND ( 'NONE', #2540, .T. ) ;
#785 = ORIENTED_EDGE ( 'NONE', *, *, #3630, .F. ) ;
#786 =( BOUNDED_CURVE ( )  B_SPLINE_CURVE ( 2, ( #213, #1655, #2307 ),
 .UNSPECIFIED., .F., .F. ) 
 B_SPLINE_CURVE_WITH_KNOTS ( ( 3, 3 ),
 ( 0.0000000000000000000, 0.2356194490192370095 ),
 .UNSPECIFIED. ) 
 CURVE ( )  GEOMETRIC_REPRESENTATION_ITEM ( )  RATIONAL_B_SPLINE_CURVE ( ( 1.000000000000000000, 0.7071067811865420216, 1.000000000000000000 ) ) 
 REPRESENTATION_ITEM ( '' )  );
#787 = AXIS2_PLACEMENT_3D ( 'NONE', #24, #44, #2460 ) ;
#788 = CARTESIAN_POINT ( 'NONE',  ( 0.1172256295617419841, -0.1836835931749189743, -0.5795416606113010793 ) ) ;
#789 = CARTESIAN_POINT ( 'NONE',  ( 2.641187221324699852, 1.098999999999999977, 0.1777603974200540060 ) ) ;
#790 = CARTESIAN_POINT ( 'NONE',  ( 1.576521314831399678, 1.527878619593448617, 0.8704583393375118217 ) ) ;
#791 = EDGE_CURVE ( 'NONE', #3597, #2297, #344, .T. ) ;
#792 = VERTEX_POINT ( 'NONE', #3765 ) ;
#793 = CARTESIAN_POINT ( 'NONE',  ( -2.951121866803800398, 1.098999999999999977, -0.003948154439976540170 ) ) ;
#794 = PRESENTATION_LAYER_ASSIGNMENT (  '', '', ( #174 ) ) ;
#795 = CARTESIAN_POINT ( 'NONE',  ( 0.02122562956174139925, 1.350400521521350150, -0.5795416606113010793 ) ) ;
#796 = ADVANCED_FACE ( 'NONE', ( #1386 ), #2566, .T. ) ;
#797 = ORIENTED_EDGE ( 'NONE', *, *, #561, .T. ) ;
#798 = AXIS2_PLACEMENT_3D ( 'NONE', #3196, #830, #222 ) ;
#799 = EDGE_CURVE ( 'NONE', #3354, #2819, #1233, .T. ) ;
#800 = CARTESIAN_POINT ( 'NONE',  ( 1.264515591790740023, 1.098999999999999977, 0.1777603974200540060 ) ) ;
#801 = FACE_OUTER_BOUND ( 'NONE', #2257, .T. ) ;
#802 = CARTESIAN_POINT ( 'NONE',  ( -1.576521314881200064, -1.576521314881200064, 0.8704583393886989873 ) ) ;
#803 = B_SPLINE_CURVE_WITH_KNOTS ( 'NONE', 3,
 ( #3447, #2270, #2004, #2925, #2612, #3184, #3723, #2325, #3794, #1687 ),
 .UNSPECIFIED., .F., .F.,
 ( 4, 2, 2, 2, 4 ),
 ( 0.0000000000000000000, 0.2500000000000000000, 0.5000000000000000000, 0.7500000000000000000, 1.000000000000000000 ),
 .UNSPECIFIED. ) ;
#804 = ORIENTED_EDGE ( 'NONE', *, *, #1890, .F. ) ;
#805 = ORIENTED_EDGE ( 'NONE', *, *, #3072, .T. ) ;
#806 = CARTESIAN_POINT ( 'NONE',  ( 1.560923063726603166, 1.075205804274729893, -0.7825013424533926454 ) ) ;
#807 = B_SPLINE_CURVE_WITH_KNOTS ( 'NONE', 1,
 ( #3486, #2295 ),
 .UNSPECIFIED., .F., .F.,
 ( 2, 2 ),
 ( -0.1000000000000000056, 1.387778780781445676E-17 ),
 .UNSPECIFIED. ) ;
#808 = ORIENTED_EDGE ( 'NONE', *, *, #1506, .T. ) ;
#809 = DIRECTION ( 'NONE',  ( 0.0000000000000000000, 0.0000000000000000000, 1.000000000000000000 ) ) ;
#810 = CARTESIAN_POINT ( 'NONE',  ( 0.2152318929148709925, 0.5864464410663779992, -0.2210648606113009840 ) ) ;
#811 = CARTESIAN_POINT ( 'NONE',  ( 2.729543604795110046, 1.010764705882349901, 0.1777603974200540060 ) ) ;
#812 = B_SPLINE_CURVE_WITH_KNOTS ( 'NONE', 1,
 ( #552, #249 ),
 .UNSPECIFIED., .F., .F.,
 ( 2, 2 ),
 ( -0.6755783992154860140, 0.0000000000000000000 ),
 .UNSPECIFIED. ) ;
#813 = EDGE_LOOP ( 'NONE', ( #1133, #929, #13, #3456 ) ) ;
#814 = DIRECTION ( 'NONE',  ( -0.0000000000000000000, 1.000000000000000000, 0.0000000000000000000 ) ) ;
#815 = B_SPLINE_CURVE_WITH_KNOTS ( 'NONE', 1,
 ( #2656, #3523 ),
 .UNSPECIFIED., .F., .F.,
 ( 2, 2 ),
 ( -0.5997557285961230278, 0.0000000000000000000 ),
 .UNSPECIFIED. ) ;
#816 = CARTESIAN_POINT ( 'NONE',  ( -1.599937838951214442, -1.576168745720062603, 0.01618581467983511157 ) ) ;
#817 = ORIENTED_EDGE ( 'NONE', *, *, #999, .F. ) ;
#818 = ORIENTED_EDGE ( 'NONE', *, *, #2463, .F. ) ;
#819 = CARTESIAN_POINT ( 'NONE',  ( -0.1816449070851290093, 0.5864464410663779992, -0.6115416606113011078 ) ) ;
#820 = B_SPLINE_CURVE_WITH_KNOTS ( 'NONE', 1,
 ( #3154, #235 ),
 .UNSPECIFIED., .F., .F.,
 ( 2, 2 ),
 ( -0.1000000000000000056, 1.387778780781445676E-17 ),
 .UNSPECIFIED. ) ;
#821 = CARTESIAN_POINT ( 'NONE',  ( -1.557516209436961230, -1.512990336590323892, -0.8522444219007088151 ) ) ;
#822 = EDGE_CURVE ( 'NONE', #2113, #3054, #1929, .T. ) ;
#823 = EDGE_CURVE ( 'NONE', #3598, #1259, #2889, .T. ) ;
#824 = CARTESIAN_POINT ( 'NONE',  ( -1.235779548787830029, -1.316449875027960070, -0.5795416606113010793 ) ) ;
#825 = ORIENTED_EDGE ( 'NONE', *, *, #3713, .F. ) ;
#826 = B_SPLINE_CURVE_WITH_KNOTS ( 'NONE', 1,
 ( #2233, #2616 ),
 .UNSPECIFIED., .F., .F.,
 ( 2, 2 ),
 ( 0.0000000000000000000, 0.9000000000000000222 ),
 .UNSPECIFIED. ) ;
#827 = CARTESIAN_POINT ( 'NONE',  ( -0.1346039785175880132, 1.350400521521350150, -0.5795416606113010793 ) ) ;
#828 = ORIENTED_EDGE ( 'NONE', *, *, #3532, .T. ) ;
#829 = CARTESIAN_POINT ( 'NONE',  ( 0.02122562956174139925, -0.08768359317491850047, -0.5795416606113010793 ) ) ;
#830 = DIRECTION ( 'NONE',  ( 0.0000000000000000000, 0.0000000000000000000, 1.000000000000000000 ) ) ;
#831 = DIRECTION ( 'NONE',  ( 0.0000000000000000000, -1.000000000000000000, 0.0000000000000000000 ) ) ;
#832 = ORIENTED_EDGE ( 'NONE', *, *, #697, .T. ) ;
#833 = CARTESIAN_POINT ( 'NONE',  ( -0.9998754831954069777, -0.5350502318310639271, -0.6115416606113011078 ) ) ;
#834 = CARTESIAN_POINT ( 'NONE',  ( 1.527878619838055174, -1.527878619798149984, 0.8704583393883430498 ) ) ;
#835 = AXIS2_PLACEMENT_3D ( 'NONE', #406, #2185, #3639 ) ;
#836 = VERTEX_POINT ( 'NONE', #3252 ) ;
#837 = CARTESIAN_POINT ( 'NONE',  ( -1.563372671017489557, -1.527107011336678477, 0.8704523853130313737 ) ) ;
#838 = PLANE ( 'NONE',  #2895 ) ;
#839 = FACE_OUTER_BOUND ( 'NONE', #2874, .T. ) ;
#840 = APPLICATION_PROTOCOL_DEFINITION ( 'draft international standard', 'automotive_design', 1998, #3615 ) ;
#841 = EDGE_LOOP ( 'NONE', ( #3751, #1863, #1023, #2861 ) ) ;
#842 = ADVANCED_FACE ( 'NONE', ( #2947 ), #2992, .T. ) ;
#843 = CARTESIAN_POINT ( 'NONE',  ( 1.502650393869675138, -1.563584770112520062, 0.8447295917064210347 ) ) ;
#844 = EDGE_CURVE ( 'NONE', #1048, #467, #3310, .T. ) ;
#845 = VERTEX_POINT ( 'NONE', #1786 ) ;
#846 = ADVANCED_FACE ( 'NONE', ( #2092 ), #878, .T. ) ;
#847 = CARTESIAN_POINT ( 'NONE',  ( 1.577839887939915808, 1.554036041946994517, 0.8225534938571544830 ) ) ;
#848 = CARTESIAN_POINT ( 'NONE',  ( 0.7334583205238238701, -0.5623931160698713017, -0.6115416606113013298 ) ) ;
#849 = CARTESIAN_POINT ( 'NONE',  ( -1.088000000000000078, -0.06926542266539935377, -0.5800000000000000711 ) ) ;
#850 = B_SPLINE_CURVE_WITH_KNOTS ( 'NONE', 1,
 ( #1417, #1434 ),
 .UNSPECIFIED., .F., .F.,
 ( 2, 2 ),
 ( -0.2000000000000000111, 2.775557561562891351E-17 ),
 .UNSPECIFIED. ) ;
#851 = EDGE_LOOP ( 'NONE', ( #1393, #3363, #2818, #3758 ) ) ;
#852 = CARTESIAN_POINT ( 'NONE',  ( -1.548822200866609711, 1.507825487106954521, -0.8780000044790896574 ) ) ;
#853 = DIRECTION ( 'NONE',  ( -1.000000000000000000, 0.0000000000000000000, 0.0000000000000000000 ) ) ;
#854 = AXIS2_PLACEMENT_3D ( 'NONE', #1416, #1706, #1686 ) ;
#855 =( NAMED_UNIT ( * ) SI_UNIT ( $, .STERADIAN. ) SOLID_ANGLE_UNIT ( ) );
#856 = AXIS2_PLACEMENT_3D ( 'NONE', #3464, #547, #227 ) ;
#857 = CARTESIAN_POINT ( 'NONE',  ( -1.527878619754239997, 1.577859690180330121, 0.8218340601544209534 ) ) ;
#858 = CARTESIAN_POINT ( 'NONE',  ( 1.527878619773975100, -1.577859690179975072, 0.8218340601549090074 ) ) ;
#859 = CARTESIAN_POINT ( 'NONE',  ( -0.06935070881970240020, 1.087966189159365049, -0.5800000000000001821 ) ) ;
#860 = AXIS2_PLACEMENT_3D ( 'NONE', #3467, #530, #3500 ) ;
#861 = B_SPLINE_CURVE_WITH_KNOTS ( 'NONE', 1,
 ( #2345, #1782 ),
 .UNSPECIFIED., .F., .F.,
 ( 2, 2 ),
 ( -0.6232481021065490179, 0.0000000000000000000 ),
 .UNSPECIFIED. ) ;
#862 = ORIENTED_EDGE ( 'NONE', *, *, #2484, .F. ) ;
#863 = CARTESIAN_POINT ( 'NONE',  ( 1.564317058920566827, 1.075205804274729893, -0.7130215015323463357 ) ) ;
#864 = EDGE_CURVE ( 'NONE', #327, #3735, #2751, .T. ) ;
#865 = EDGE_LOOP ( 'NONE', ( #2152, #3136, #2941, #3749 ) ) ;
#866 = B_SPLINE_CURVE_WITH_KNOTS ( 'NONE', 1,
 ( #2973, #883 ),
 .UNSPECIFIED., .F., .F.,
 ( 2, 2 ),
 ( -0.05000000000000000278, 6.938893903907228378E-18 ),
 .UNSPECIFIED. ) ;
#867 = UNCERTAINTY_MEASURE_WITH_UNIT (LENGTH_MEASURE( 1.000000000000000082E-05 ), #1243, 'distance_accuracy_value', 'NONE');
#868 = CARTESIAN_POINT ( 'NONE',  ( 0.08769969039537500732, -0.3411406442352681867, 0.8704583393886992093 ) ) ;
#869 = ADVANCED_FACE ( 'NONE', ( #582 ), #1732, .F. ) ;
#870 = CARTESIAN_POINT ( 'NONE',  ( 0.1172256295617409988, -0.4372604950904099841, -0.5955416606113009825 ) ) ;
#871 = CARTESIAN_POINT ( 'NONE',  ( 1.507588616316827057, -1.556568095813167796, -0.8716536359702864445 ) ) ;
#872 = ORIENTED_EDGE ( 'NONE', *, *, #1219, .T. ) ;
#873 = B_SPLINE_CURVE_WITH_KNOTS ( 'NONE', 1,
 ( #2890, #3187 ),
 .UNSPECIFIED., .F., .F.,
 ( 2, 2 ),
 ( 0.0000000000000000000, 0.9000000000000000222 ),
 .UNSPECIFIED. ) ;
#874 = CARTESIAN_POINT ( 'NONE',  ( -1.545010921324226683, 1.507675410729563348, -0.8827201913005898737 ) ) ;
#875 =( LENGTH_UNIT ( ) NAMED_UNIT ( * ) SI_UNIT ( .MILLI., .METRE. ) );
#876 = CARTESIAN_POINT ( 'NONE',  ( -0.1346039785175879577, 0.5280800628543141917, -0.5795416606113010793 ) ) ;
#877 = ORIENTED_EDGE ( 'NONE', *, *, #1040, .F. ) ;
#878 = PLANE ( 'NONE',  #3820 ) ;
#879 = CARTESIAN_POINT ( 'NONE',  ( -0.3437618273246593192, -0.08777195610439519902, 0.7872583393886990466 ) ) ;
#880 = CARTESIAN_POINT ( 'NONE',  ( 1.550039235147134820, 1.599999995418695198, 0.01745824771571865414 ) ) ;
#881 = EDGE_LOOP ( 'NONE', ( #3375, #685, #3818 ) ) ;
#882 = CARTESIAN_POINT ( 'NONE',  ( 0.02122562956174139925, 1.350400521521350150, -0.6115416606113011078 ) ) ;
#883 = CARTESIAN_POINT ( 'NONE',  ( 0.1172256295617419841, -0.1836835931749189743, -0.5795416606113010793 ) ) ;
#884 = ORIENTED_EDGE ( 'NONE', *, *, #673, .T. ) ;
#885 = ORIENTED_EDGE ( 'NONE', *, *, #2632, .T. ) ;
#886 = CARTESIAN_POINT ( 'NONE',  ( -0.3499404568311647590, -0.04450163867756978114, 0.8704583393886990983 ) ) ;
#887 = FACE_OUTER_BOUND ( 'NONE', #3250, .T. ) ;
#888 = CARTESIAN_POINT ( 'NONE',  ( -0.1029114570842590004, -0.3371688046445470155, -0.6115416606113011078 ) ) ;
#889 = ORIENTED_EDGE ( 'NONE', *, *, #3797, .F. ) ;
#890 = ADVANCED_FACE ( 'NONE', ( #2386 ), #324, .T. ) ;
#891 = CARTESIAN_POINT ( 'NONE',  ( 0.8294583205238239554, 0.5280800628543149688, -0.5795416606113010793 ) ) ;
#892 = ORIENTED_EDGE ( 'NONE', *, *, #1578, .T. ) ;
#893 = EDGE_CURVE ( 'NONE', #2297, #1639, #1009, .T. ) ;
#894 = CARTESIAN_POINT ( 'NONE',  ( 1.555205804274729875, 1.075205804274729893, -0.6435416606113011362 ) ) ;
#895 = CARTESIAN_POINT ( 'NONE',  ( -0.9038754831954058933, 0.2925176989456339527, -0.5795416606113010793 ) ) ;
#896 = AXIS2_PLACEMENT_3D ( 'NONE', #671, #2180, #3360 ) ;
#897 = CARTESIAN_POINT ( 'NONE',  ( 0.8294583205238239554, -0.5623931160698699694, -0.5795416606113010793 ) ) ;
#898 = SHAPE_DEFINITION_REPRESENTATION ( #147, #1736 ) ;
#899 = ORIENTED_EDGE ( 'NONE', *, *, #3757, .F. ) ;
#900 = CARTESIAN_POINT ( 'NONE',  ( -0.3096449070851289842, 0.1309918475817540007, -0.6755416606113010536 ) ) ;
#901 = SURFACE_SIDE_STYLE ('',( #621 ) ) ;
#902 = ORIENTED_EDGE ( 'NONE', *, *, #1914, .F. ) ;
#903 = CARTESIAN_POINT ( 'NONE',  ( -1.264515591790740023, -1.098999999999999977, 0.1777603974200540060 ) ) ;
#904 = UNCERTAINTY_MEASURE_WITH_UNIT (LENGTH_MEASURE( 1.000000000000000082E-05 ), #1570, 'distance_accuracy_value', 'NONE');
#905 = CARTESIAN_POINT ( 'NONE',  ( -0.5025295387403255765, -1.557529068534882821, -0.8519811833744359575 ) ) ;
#906 = DIRECTION ( 'NONE',  ( 1.000000000000000000, 0.0000000000000000000, 0.0000000000000000000 ) ) ;
#907 = CARTESIAN_POINT ( 'NONE',  ( -1.235779548787830029, 1.350400521521350150, -0.5795416606113010793 ) ) ;
#908 = EDGE_LOOP ( 'NONE', ( #1708, #3182, #960, #3340 ) ) ;
#909 = CARTESIAN_POINT ( 'NONE',  ( -1.543421937297050572, 1.507588539542977557, -0.8844623576027814682 ) ) ;
#910 = B_SPLINE_CURVE_WITH_KNOTS ( 'NONE', 3,
 ( #1820, #343, #3003, #1535 ),
 .UNSPECIFIED., .F., .F.,
 ( 4, 4 ),
 ( 0.0000000000000000000, 1.000000000000000000 ),
 .UNSPECIFIED. ) ;
#911 = CARTESIAN_POINT ( 'NONE',  ( -1.563208022238619987, 1.577859690213098132, 0.8218340602279423646 ) ) ;
#912 = EDGE_CURVE ( 'NONE', #126, #2681, #3285, .T. ) ;
#913 = CARTESIAN_POINT ( 'NONE',  ( 1.599999995416925058, -1.550039235149549999, 0.01745824772352220014 ) ) ;
#914 = CARTESIAN_POINT ( 'NONE',  ( -1.543141892631252121, -1.542577892304783260, -0.8529875518489210551 ) ) ;
#915 = DIRECTION ( 'NONE',  ( 0.0000000000000000000, -1.000000000000000000, 1.078374031226916108E-14 ) ) ;
#916 = CARTESIAN_POINT ( 'NONE',  ( 0.7160703412150365432, 0.8225413195703468183, -0.5799999999999999600 ) ) ;
#917 = ADVANCED_FACE ( 'NONE', ( #2791 ), #3027, .T. ) ;
#918 = EDGE_CURVE ( 'NONE', #2064, #1615, #2936, .T. ) ;
#919 = ORIENTED_EDGE ( 'NONE', *, *, #3072, .F. ) ;
#920 = AXIS2_PLACEMENT_3D ( 'NONE', #1150, #3189, #1734 ) ;
#921 = CYLINDRICAL_SURFACE ( 'NONE', #428, 0.04999999999999991257 ) ;
#922 = CARTESIAN_POINT ( 'NONE',  ( 1.527181308810070304, -1.563428005402890175, 0.8704583394657372519 ) ) ;
#923 = AXIS2_PLACEMENT_3D ( 'NONE', #3037, #3057, #401 ) ;
#924 = B_SPLINE_SURFACE_WITH_KNOTS ( 'NONE', 1, 1, ( 
 ( #86, #2763 ),
 ( #106, #3010 ) ),
 .UNSPECIFIED., .F., .F., .F.,
 ( 2, 2 ),
 ( 2, 2 ),
 ( 0.0000000000000000000, 3.200000000000000178 ),
 ( 0.0000000000000000000, 0.9191855307506470174 ),
 .UNSPECIFIED. ) ;
#925 = DIRECTION ( 'NONE',  ( -1.000000000000000000, 0.0000000000000000000, 0.0000000000000000000 ) ) ;
#926 = CARTESIAN_POINT ( 'NONE',  ( 0.6679664639465859866, -0.1013795830118039837, -0.6115416606113011078 ) ) ;
#927 = FACE_OUTER_BOUND ( 'NONE', #3345, .T. ) ;
#928 = CARTESIAN_POINT ( 'NONE',  ( -2.941598925124079944, -0.3989999999999930269, 0.1777603974200540060 ) ) ;
#929 = ORIENTED_EDGE ( 'NONE', *, *, #1484, .F. ) ;
#930 = DIRECTION ( 'NONE',  ( -1.000000000000000000, 0.0000000000000000000, 0.0000000000000000000 ) ) ;
#931 = FILL_AREA_STYLE ('',( #3534 ) ) ;
#932 = FACE_OUTER_BOUND ( 'NONE', #1274, .T. ) ;
#933 = ORIENTED_EDGE ( 'NONE', *, *, #1881, .F. ) ;
#934 = CARTESIAN_POINT ( 'NONE',  ( 2.941598925124079944, -0.3989999999999930269, 0.1777603974200540060 ) ) ;
#935 = CARTESIAN_POINT ( 'NONE',  ( 1.563542637501263322, 1.075205804274729893, -0.6435416606113000260 ) ) ;
#936 = CARTESIAN_POINT ( 'NONE',  ( 0.1172256295617419841, -0.1836835931749189743, -0.6115416606113011078 ) ) ;
#937 = EDGE_LOOP ( 'NONE', ( #1308, #785, #2036, #382 ) ) ;
#938 =( BOUNDED_CURVE ( )  B_SPLINE_CURVE ( 2, ( #1931, #1602, #1907 ),
 .UNSPECIFIED., .F., .F. ) 
 B_SPLINE_CURVE_WITH_KNOTS ( ( 3, 3 ),
 ( 0.0000000000000000000, 1.000000000000000000 ),
 .UNSPECIFIED. ) 
 CURVE ( )  GEOMETRIC_REPRESENTATION_ITEM ( )  RATIONAL_B_SPLINE_CURVE ( ( 1.000000000000000000, 0.7167685875924419969, 1.000000000000000000 ) ) 
 REPRESENTATION_ITEM ( '' )  );
#939 = EDGE_CURVE ( 'NONE', #3141, #1824, #3625, .T. ) ;
#940 = CARTESIAN_POINT ( 'NONE',  ( 0.02122562956174139925, 1.350400521521350150, -0.6115416606113011078 ) ) ;
#941 = EDGE_CURVE ( 'NONE', #681, #2610, #661, .T. ) ;
#942 = CARTESIAN_POINT ( 'NONE',  ( -1.235779548787830029, -0.5350502318310639271, -0.6115416606113011078 ) ) ;
#943 = B_SPLINE_CURVE_WITH_KNOTS ( 'NONE', 3,
 ( #1682, #2881, #1411, #591 ),
 .UNSPECIFIED., .F., .F.,
 ( 4, 4 ),
 ( 0.0000000000000000000, 1.000000000000000000 ),
 .UNSPECIFIED. ) ;
#944 = EDGE_CURVE ( 'NONE', #1475, #3597, #2059, .T. ) ;
#945 = ADVANCED_FACE ( 'NONE', ( #366 ), #1319, .T. ) ;
#946 = ORIENTED_EDGE ( 'NONE', *, *, #2996, .F. ) ;
#947 = DIRECTION ( 'NONE',  ( 0.02750400640667880620, 0.02750400640832180790, -0.9992432432911781959 ) ) ;
#948 = DIRECTION ( 'NONE',  ( 0.0000000000000000000, 0.0000000000000000000, 1.000000000000000000 ) ) ;
#949 = FACE_OUTER_BOUND ( 'NONE', #29, .T. ) ;
#950 = CARTESIAN_POINT ( 'NONE',  ( 1.279999999999997362, -1.279999999999997362, -0.8995416606113011415 ) ) ;
#951 = B_SPLINE_CURVE_WITH_KNOTS ( 'NONE', 3,
 ( #3567, #1756, #2938, #2375 ),
 .UNSPECIFIED., .F., .F.,
 ( 4, 4 ),
 ( 0.0000000000000000000, 1.000000000000000000 ),
 .UNSPECIFIED. ) ;
#952 = ORIENTED_EDGE ( 'NONE', *, *, #449, .F. ) ;
#953 = CARTESIAN_POINT ( 'NONE',  ( -1.507588616034714946, 1.557529068452969900, -0.8519811833704229453 ) ) ;
#954 = CARTESIAN_POINT ( 'NONE',  ( -1.565579544124558575, -1.527972106117736928, 0.8533196978308706937 ) ) ;
#955 =( NAMED_UNIT ( * ) SI_UNIT ( $, .STERADIAN. ) SOLID_ANGLE_UNIT ( ) );
#956 = ORIENTED_EDGE ( 'NONE', *, *, #1147, .F. ) ;
#957 = B_SPLINE_CURVE_WITH_KNOTS ( 'NONE', 1,
 ( #194, #2273 ),
 .UNSPECIFIED., .F., .F.,
 ( 2, 2 ),
 ( 0.0000000000000000000, 0.2339458956822389746 ),
 .UNSPECIFIED. ) ;
#958 = ORIENTED_EDGE ( 'NONE', *, *, #2854, .T. ) ;
#959 = CARTESIAN_POINT ( 'NONE',  ( 1.261828496021739854, 0.5280800628543149688, -0.6115416606113011078 ) ) ;
#960 = ORIENTED_EDGE ( 'NONE', *, *, #1857, .T. ) ;
#961 = VERTEX_POINT ( 'NONE', #1554 ) ;
#962 = DIRECTION ( 'NONE',  ( 0.0000000000000000000, 1.000000000000000000, 0.0000000000000000000 ) ) ;
#963 = CARTESIAN_POINT ( 'NONE',  ( 1.502833758523615115, -1.563825360481415183, 0.8445562297266149265 ) ) ;
#964 = AXIS2_PLACEMENT_3D ( 'NONE', #888, #1139, #831 ) ;
#965 = ORIENTED_EDGE ( 'NONE', *, *, #290, .F. ) ;
#966 = FACE_OUTER_BOUND ( 'NONE', #2840, .T. ) ;
#967 = CARTESIAN_POINT ( 'NONE',  ( -1.577859690180339891, -1.527878619774075020, 0.8218340601549399826 ) ) ;
#968 = CARTESIAN_POINT ( 'NONE',  ( -1.550039235149234917, -1.599999995418635024, 0.01745824771571029971 ) ) ;
#969 = CARTESIAN_POINT ( 'NONE',  ( -0.1346039785175880132, -1.316449875027960070, -0.6115416606113011078 ) ) ;
#970 = ADVANCED_FACE ( 'NONE', ( #1840 ), #2230, .T. ) ;
#971 = ADVANCED_FACE ( 'NONE', ( #1032 ), #1454, .F. ) ;
#972 = CARTESIAN_POINT ( 'NONE',  ( -1.408046146095540019, -8.621796029338370252E-17, -1.112646234352169916 ) ) ;
#973 =( NAMED_UNIT ( * ) PLANE_ANGLE_UNIT ( ) SI_UNIT ( $, .RADIAN. ) );
#974 = CARTESIAN_POINT ( 'NONE',  ( 1.866323765129670020, -1.866323765129670020, -0.8995416606113010305 ) ) ;
#975 = ORIENTED_EDGE ( 'NONE', *, *, #2309, .F. ) ;
#976 = EDGE_LOOP ( 'NONE', ( #2489, #1327, #117, #1868 ) ) ;
#977 = CARTESIAN_POINT ( 'NONE',  ( -2.941598925124079944, 1.098999999999999977, 0.1777603974200540060 ) ) ;
#978 = CARTESIAN_POINT ( 'NONE',  ( -1.555609605483717850, 1.527927197540060344, 0.8620999822779834565 ) ) ;
#979 = CARTESIAN_POINT ( 'NONE',  ( 0.6374583205238228967, -0.1836835931749189743, -0.5795416606113010793 ) ) ;
#980 = ORIENTED_EDGE ( 'NONE', *, *, #939, .F. ) ;
#981 = ORIENTED_EDGE ( 'NONE', *, *, #3098, .T. ) ;
#982 = CARTESIAN_POINT ( 'NONE',  ( 1.075205804274729893, 1.567711054117330027, -0.6435416606113011362 ) ) ;
#983 = AXIS2_PLACEMENT_3D ( 'NONE', #3423, #2827, #2866 ) ;
#984 = CARTESIAN_POINT ( 'NONE',  ( 1.592619897520324734, -1.542638827057313700, 0.2855835509378428783 ) ) ;
#985 = ORIENTED_EDGE ( 'NONE', *, *, #4, .T. ) ;
#986 = CYLINDRICAL_SURFACE ( 'NONE', #483, 0.04999999999999926725 ) ;
#987 = MECHANICAL_DESIGN_GEOMETRIC_PRESENTATION_REPRESENTATION (  '', ( #3508 ), #2155 ) ;
#988 = UNCERTAINTY_MEASURE_WITH_UNIT (LENGTH_MEASURE( 1.000000000000000082E-05 ), #2239, 'distance_accuracy_value', 'NONE');
#989 = CARTESIAN_POINT ( 'NONE',  ( 1.603282604274729684, 1.027129004274730084, -0.2338648606113009898 ) ) ;
#990 = CARTESIAN_POINT ( 'NONE',  ( 0.6679664639465859866, 0.2824640832897150067, -0.6755416606113010536 ) ) ;
#991 = DIRECTION ( 'NONE',  ( 0.0000000000000000000, 0.0000000000000000000, -1.000000000000000000 ) ) ;
#992 = ORIENTED_EDGE ( 'NONE', *, *, #1989, .T. ) ;
#993 = B_SPLINE_SURFACE_WITH_KNOTS ( 'NONE', 1, 1, ( 
 ( #1556, #2732 ),
 ( #78, #2452 ) ),
 .UNSPECIFIED., .F., .F., .F.,
 ( 2, 2 ),
 ( 2, 2 ),
 ( 0.0000000000000000000, 0.9191855307506470174 ),
 ( 0.0000000000000000000, 3.200000000000000178 ),
 .UNSPECIFIED. ) ;
#994 = ADVANCED_FACE ( 'NONE', ( #2813 ), #3618, .T. ) ;
#995 = EDGE_CURVE ( 'NONE', #3720, #1378, #3177, .T. ) ;
#996 = CARTESIAN_POINT ( 'NONE',  ( 1.527888000241331756, 1.559960917321318696, 0.8588517836637251657 ) ) ;
#997 = B_SPLINE_CURVE_WITH_KNOTS ( 'NONE', 1,
 ( #2466, #3380 ),
 .UNSPECIFIED., .F., .F.,
 ( 2, 2 ),
 ( -0.2000000000000000111, 2.775557561562891351E-17 ),
 .UNSPECIFIED. ) ;
#998 = PRESENTATION_STYLE_ASSIGNMENT (( #2165 ) ) ;
#999 = EDGE_CURVE ( 'NONE', #593, #3481, #2984, .T. ) ;
#1000 = FACE_OUTER_BOUND ( 'NONE', #3107, .T. ) ;
#1001 = ORIENTED_EDGE ( 'NONE', *, *, #2093, .T. ) ;
#1002 = ORIENTED_EDGE ( 'NONE', *, *, #2047, .T. ) ;
#1003 = CARTESIAN_POINT ( 'NONE',  ( -1.507588616034714946, 1.557529068452969900, -0.8519811833704229453 ) ) ;
#1004 = FACE_OUTER_BOUND ( 'NONE', #976, .T. ) ;
#1005 = ORIENTED_EDGE ( 'NONE', *, *, #3576, .T. ) ;
#1006 = B_SPLINE_CURVE_WITH_KNOTS ( 'NONE', 1,
 ( #2130, #16 ),
 .UNSPECIFIED., .F., .F.,
 ( 2, 2 ),
 ( 0.0000000000000000000, 0.9000000000000000222 ),
 .UNSPECIFIED. ) ;
#1007 = CARTESIAN_POINT ( 'NONE',  ( 0.02122562956174139925, -1.316449875027960070, -0.5795416606113010793 ) ) ;
#1008 = CARTESIAN_POINT ( 'NONE',  ( 1.599999995416925058, -1.550039235149549999, 0.01745824772352220014 ) ) ;
#1009 = B_SPLINE_CURVE_WITH_KNOTS ( 'NONE', 1,
 ( #3313, #3664 ),
 .UNSPECIFIED., .F., .F.,
 ( 2, 2 ),
 ( -0.5997557285961230278, 0.0000000000000000000 ),
 .UNSPECIFIED. ) ;
#1010 = EDGE_LOOP ( 'NONE', ( #975, #1544, #735 ) ) ;
#1011 = EDGE_LOOP ( 'NONE', ( #2918, #284, #782, #1594 ) ) ;
#1012 = FACE_OUTER_BOUND ( 'NONE', #1098, .T. ) ;
#1013 = B_SPLINE_CURVE_WITH_KNOTS ( 'NONE', 1,
 ( #3271, #2352 ),
 .UNSPECIFIED., .F., .F.,
 ( 2, 2 ),
 ( -0.3686001024881629951, -5.551115123125782702E-17 ),
 .UNSPECIFIED. ) ;
#1014 = CARTESIAN_POINT ( 'NONE',  ( 0.6679664639465859866, 0.2824640832897150067, -0.6115416606113011078 ) ) ;
#1015 = CARTESIAN_POINT ( 'NONE',  ( 0.7334583205238240922, -0.4663931160698699951, -0.5795416606113010793 ) ) ;
#1016 = ORIENTED_EDGE ( 'NONE', *, *, #449, .T. ) ;
#1017 = VERTEX_POINT ( 'NONE', #1617 ) ;
#1018 = DIRECTION ( 'NONE',  ( 1.000000000000000000, 0.0000000000000000000, 0.0000000000000000000 ) ) ;
#1019 = ADVANCED_FACE ( 'NONE', ( #1360 ), #3478, .T. ) ;
#1020 = ORIENTED_EDGE ( 'NONE', *, *, #768, .T. ) ;
#1021 = CARTESIAN_POINT ( 'NONE',  ( 0.8294583205238239554, -0.5623931160698699694, -0.5795416606113010793 ) ) ;
#1022 = CARTESIAN_POINT ( 'NONE',  ( 1.274038533470460033, 0.3989999999999939706, -0.003948154439976199297 ) ) ;
#1023 = ORIENTED_EDGE ( 'NONE', *, *, #2594, .T. ) ;
#1024 = ORIENTED_EDGE ( 'NONE', *, *, #2730, .F. ) ;
#1025 = CYLINDRICAL_SURFACE ( 'NONE', #1289, 0.04999999999999991257 ) ;
#1026 = CARTESIAN_POINT ( 'NONE',  ( 1.264515591790740023, 1.098999999999999977, 0.1777603974200540060 ) ) ;
#1027 = ORIENTED_EDGE ( 'NONE', *, *, #697, .F. ) ;
#1028 = CARTESIAN_POINT ( 'NONE',  ( 1.527878619773975100, 1.577859690180084984, 0.8218340601549120050 ) ) ;
#1029 = FACE_OUTER_BOUND ( 'NONE', #851, .T. ) ;
#1030 = ORIENTED_EDGE ( 'NONE', *, *, #3373, .T. ) ;
#1031 = VERTEX_POINT ( 'NONE', #774 ) ;
#1032 = FACE_OUTER_BOUND ( 'NONE', #2127, .T. ) ;
#1033 = ADVANCED_FACE ( 'NONE', ( #2611 ), #2828, .T. ) ;
#1034 = CARTESIAN_POINT ( 'NONE',  ( -2.951121866803800398, -1.098999999999999977, -0.003948154439976540170 ) ) ;
#1035 = VERTEX_POINT ( 'NONE', #1142 ) ;
#1036 = FACE_OUTER_BOUND ( 'NONE', #3378, .T. ) ;
#1037 = CARTESIAN_POINT ( 'NONE',  ( -1.543644258346019260, 1.507588617154558941, -0.8995416610976558758 ) ) ;
#1038 = EDGE_CURVE ( 'NONE', #2833, #3449, #390, .T. ) ;
#1039 = B_SPLINE_CURVE_WITH_KNOTS ( 'NONE', 3,
 ( #3777, #3479, #2365, #3836, #3555, #3307, #1817, #2382, #264, #51, #338, #3248 ),
 .UNSPECIFIED., .F., .F.,
 ( 4, 2, 2, 2, 2, 4 ),
 ( 0.0000000000000000000, 0.2500000000000127676, 0.3750000000000194844, 0.4375000000000167644, 0.5000000000000140998, 1.000000000000000000 ),
 .UNSPECIFIED. ) ;
#1040 = EDGE_CURVE ( 'NONE', #2331, #3666, #1690, .T. ) ;
#1041 = ORIENTED_EDGE ( 'NONE', *, *, #3576, .F. ) ;
#1042 = CARTESIAN_POINT ( 'NONE',  ( -5.320788058620629790E-14, 1.527878619852929942, 0.8204583393886989429 ) ) ;
#1043 = AXIS2_PLACEMENT_3D ( 'NONE', #1212, #644, #2394 ) ;
#1044 = CARTESIAN_POINT ( 'NONE',  ( 2.951121866803800398, 0.7990000000000000435, -0.003948154439975760412 ) ) ;
#1045 = B_SPLINE_CURVE_WITH_KNOTS ( 'NONE', 3,
 ( #2107, #3589, #2123, #356 ),
 .UNSPECIFIED., .F., .F.,
 ( 4, 4 ),
 ( 0.0000000000000000000, 1.000000000000000000 ),
 .UNSPECIFIED. ) ;
#1046 = B_SPLINE_CURVE_WITH_KNOTS ( 'NONE', 3,
 ( #1445, #905, #1137, #2319 ),
 .UNSPECIFIED., .F., .F.,
 ( 4, 4 ),
 ( 0.0000000000000000000, 1.000000000000000000 ),
 .UNSPECIFIED. ) ;
#1047 = AXIS2_PLACEMENT_3D ( 'NONE', #3056, #948, #2837 ) ;
#1048 = VERTEX_POINT ( 'NONE', #2546 ) ;
#1049 = DIRECTION ( 'NONE',  ( 0.0000000000000000000, 0.0000000000000000000, 1.000000000000000000 ) ) ;
#1050 = CARTESIAN_POINT ( 'NONE',  ( 2.906256371735910005, 0.8342941176470530795, 0.1777603974200540060 ) ) ;
#1051 = B_SPLINE_CURVE_WITH_KNOTS ( 'NONE', 3,
 ( #3755, #3695, #481, #1050, #733, #1961, #3718, #2864, #3139, #2000, #1104, #2285, #448, #811, #3677, #1087, #3119, #504, #2847, #466 ),
 .UNSPECIFIED., .F., .F.,
 ( 4, 1, 1, 1, 1, 1, 1, 1, 1, 1, 1, 1, 1, 1, 1, 1, 1, 4 ),
 ( -0.4245552870706519877, -0.3995814466547319976, -0.3746076062388110084, -0.3496337658228899636, -0.3246599254069700291, -0.2996860849910480407, -0.2747122445751279951, -0.2497384041592070059, -0.2247645637432869881, -0.1997907233273659988, -0.1748168829114450096, -0.1498430424955239926, -0.1248692020796040025, -0.09989536166368317982, -0.07492152124776219058, -0.04994768083184147889, -0.02497384041592065618, 0.0000000000000000000 ),
 .UNSPECIFIED. ) ;
#1052 = ORIENTED_EDGE ( 'NONE', *, *, #2359, .T. ) ;
#1053 = VERTEX_POINT ( 'NONE', #244 ) ;
#1054 = CARTESIAN_POINT ( 'NONE',  ( 0.2152318929148709925, 0.1895696410663779974, -0.6755416606113010536 ) ) ;
#1055 = CARTESIAN_POINT ( 'NONE',  ( -0.2306039785175890144, 0.3885176989456339824, -0.6115416606113011078 ) ) ;
#1056 = B_SPLINE_CURVE_WITH_KNOTS ( 'NONE', 1,
 ( #1501, #1793 ),
 .UNSPECIFIED., .F., .F.,
 ( 2, 2 ),
 ( 0.0000000000000000000, 2.514011834333729656 ),
 .UNSPECIFIED. ) ;
#1057 = CARTESIAN_POINT ( 'NONE',  ( -1.507588615116258302, 1.555205803978930712, -0.8995416603007281298 ) ) ;
#1058 = CARTESIAN_POINT ( 'NONE',  ( 0.7334583205238240922, -0.08768359317491919436, -0.5795416606113010793 ) ) ;
#1059 = EDGE_LOOP ( 'NONE', ( #9, #1179, #2956, #3544 ) ) ;
#1060 = ADVANCED_FACE ( 'NONE', ( #1946 ), #3426, .F. ) ;
#1061 = ADVANCED_FACE ( 'NONE', ( #1725 ), #3405, .T. ) ;
#1062 = CARTESIAN_POINT ( 'NONE',  ( 0.2835689935942416473, 0.2143400843924245791, 0.8704583393886988762 ) ) ;
#1063 = CARTESIAN_POINT ( 'NONE',  ( 2.941598925124079944, 0.7990000000000000435, 0.1777603974200540060 ) ) ;
#1064 = EDGE_CURVE ( 'NONE', #1031, #2367, #1418, .T. ) ;
#1065 = ORIENTED_EDGE ( 'NONE', *, *, #3022, .T. ) ;
#1066 =( BOUNDED_CURVE ( )  B_SPLINE_CURVE ( 2, ( #895, #2111, #1804 ),
 .UNSPECIFIED., .F., .F. ) 
 B_SPLINE_CURVE_WITH_KNOTS ( ( 3, 3 ),
 ( 0.0000000000000000000, 0.2356194490192370095 ),
 .UNSPECIFIED. ) 
 CURVE ( )  GEOMETRIC_REPRESENTATION_ITEM ( )  RATIONAL_B_SPLINE_CURVE ( ( 1.000000000000000000, 0.7071067811865430208, 1.000000000000000000 ) ) 
 REPRESENTATION_ITEM ( '' )  );
#1067 = DIRECTION ( 'NONE',  ( 1.000000000000000000, 0.0000000000000000000, 0.0000000000000000000 ) ) ;
#1068 = DIRECTION ( 'NONE',  ( -0.02750400640696158694, 0.02750400640860558438, 0.9992432432911625417 ) ) ;
#1069 = CARTESIAN_POINT ( 'NONE',  ( -1.274038533470460033, 0.3989999999999939706, -0.003948154439976309452 ) ) ;
#1070 = ORIENTED_EDGE ( 'NONE', *, *, #101, .F. ) ;
#1071 = CARTESIAN_POINT ( 'NONE',  ( -1.550039235149234917, 1.599999995418695198, 0.01745824771571165279 ) ) ;
#1072 = DIRECTION ( 'NONE',  ( -0.0000000000000000000, 1.000000000000000000, 0.0000000000000000000 ) ) ;
#1073 = FACE_OUTER_BOUND ( 'NONE', #759, .T. ) ;
#1074 = FILL_AREA_STYLE ('',( #757 ) ) ;
#1075 = EDGE_LOOP ( 'NONE', ( #288, #3172, #3017, #1553 ) ) ;
#1076 = DIRECTION ( 'NONE',  ( 0.0000000000000000000, 1.000000000000000000, 0.0000000000000000000 ) ) ;
#1077 = CARTESIAN_POINT ( 'NONE',  ( -1.274038533470460033, -0.3989999999999939706, -0.003948154439976309452 ) ) ;
#1078 = FACE_OUTER_BOUND ( 'NONE', #1432, .T. ) ;
#1079 = ORIENTED_EDGE ( 'NONE', *, *, #1316, .F. ) ;
#1080 = EDGE_LOOP ( 'NONE', ( #3827, #980, #1759, #2518 ) ) ;
#1081 = CARTESIAN_POINT ( 'NONE',  ( -0.3520000000000000906, 0.04458217684913688000, 0.8704583393886992093 ) ) ;
#1082 = EDGE_CURVE ( 'NONE', #1631, #1146, #2660, .T. ) ;
#1083 = EDGE_LOOP ( 'NONE', ( #2348, #79, #498, #3159 ) ) ;
#1084 = CARTESIAN_POINT ( 'NONE',  ( 1.533930591341229999, -1.543179161508679842, -0.8263163844538420344 ) ) ;
#1085 = ADVANCED_FACE ( 'NONE', ( #3722 ), #3143, .T. ) ;
#1086 = CARTESIAN_POINT ( 'NONE',  ( -2.951121866803800398, -0.3989999999999939706, -0.003948154439976309452 ) ) ;
#1087 = CARTESIAN_POINT ( 'NONE',  ( 2.694201051406950320, 1.046058823529410153, 0.1777603974200550052 ) ) ;
#1088 = ADVANCED_FACE ( 'NONE', ( #3424 ), #1110, .T. ) ;
#1089 = ORIENTED_EDGE ( 'NONE', *, *, #1040, .T. ) ;
#1090 = MECHANICAL_DESIGN_GEOMETRIC_PRESENTATION_REPRESENTATION (  '', ( #3611 ), #2627 ) ;
#1091 = CARTESIAN_POINT ( 'NONE',  ( 1.541167970884827598, -1.544474340367423704, -0.8530569073710912997 ) ) ;
#1092 = CARTESIAN_POINT ( 'NONE',  ( 1.652301784406829954, -0.5623931160698699694, -0.9988184606113008623 ) ) ;
#1093 = CARTESIAN_POINT ( 'NONE',  ( -1.599999995418635024, -1.550039235149234917, 0.01745824771571315159 ) ) ;
#1094 = ORIENTED_EDGE ( 'NONE', *, *, #1834, .T. ) ;
#1095 = CARTESIAN_POINT ( 'NONE',  ( 2.941598925124079944, 1.098999999999999977, 0.1777603974200540060 ) ) ;
#1096 = CARTESIAN_POINT ( 'NONE',  ( -0.2306039785175890144, 0.5280800628543149688, -0.5795416606113010793 ) ) ;
#1097 = SURFACE_STYLE_FILL_AREA ( #2873 ) ;
#1098 = EDGE_LOOP ( 'NONE', ( #1065, #3031, #902, #2276 ) ) ;
#1099 = FACE_OUTER_BOUND ( 'NONE', #2970, .T. ) ;
#1100 = VERTEX_POINT ( 'NONE', #191 ) ;
#1101 = AXIS2_PLACEMENT_3D ( 'NONE', #1985, #814, #3161 ) ;
#1102 = CARTESIAN_POINT ( 'NONE',  ( 0.6374583205238228967, -0.1836835931749189743, -0.5795416606113010793 ) ) ;
#1103 = CARTESIAN_POINT ( 'NONE',  ( 1.556367436403109927, 1.075205804257609810, -0.8507614219928359978 ) ) ;
#1104 = CARTESIAN_POINT ( 'NONE',  ( 2.782557434877349856, 0.9578235294117579679, 0.1777603974200550052 ) ) ;
#1105 = ORIENTED_EDGE ( 'NONE', *, *, #3828, .T. ) ;
#1106 = AXIS2_PLACEMENT_3D ( 'NONE', #2916, #3823, #3205 ) ;
#1107 = ADVANCED_FACE ( 'NONE', ( #2269 ), #3446, .T. ) ;
#1108 = EDGE_CURVE ( 'NONE', #845, #1053, #492, .T. ) ;
#1109 = CARTESIAN_POINT ( 'NONE',  ( 1.567711054114685032, 1.517770602223800003, -0.6435416606127121186 ) ) ;
#1110 = PLANE ( 'NONE',  #601 ) ;
#1111 = AXIS2_PLACEMENT_3D ( 'NONE', #1054, #487, #3425 ) ;
#1112 = PLANE ( 'NONE',  #1231 ) ;
#1113 = EDGE_LOOP ( 'NONE', ( #872, #1652, #2865, #1672, #1001, #2193, #575, #261, #3457 ) ) ;
#1114 = CARTESIAN_POINT ( 'NONE',  ( 1.507588616704579998, -0.6543549732295197430, -0.8995416606113010305 ) ) ;
#1115 = CARTESIAN_POINT ( 'NONE',  ( -1.557529068452949916, -1.507588616095869805, -0.8519811833704409310 ) ) ;
#1116 = CARTESIAN_POINT ( 'NONE',  ( -0.1346039785175880132, -1.477423432425319927, -0.1922648606113009917 ) ) ;
#1117 = ORIENTED_EDGE ( 'NONE', *, *, #3392, .F. ) ;
#1118 = CARTESIAN_POINT ( 'NONE',  ( 0.8294583205238239554, -0.5623931160698699694, -0.6115416606113011078 ) ) ;
#1119 = ORIENTED_EDGE ( 'NONE', *, *, #3114, .T. ) ;
#1120 = DIRECTION ( 'NONE',  ( 0.0000000000000000000, 0.0000000000000000000, -1.000000000000000000 ) ) ;
#1121 = DIRECTION ( 'NONE',  ( 1.000000000000000000, 0.0000000000000000000, 0.0000000000000000000 ) ) ;
#1122 = CARTESIAN_POINT ( 'NONE',  ( 0.3359353733355442961, -1.035055255002612862, -0.5799999999999999600 ) ) ;
#1123 = ORIENTED_EDGE ( 'NONE', *, *, #3121, .F. ) ;
#1124 = CARTESIAN_POINT ( 'NONE',  ( -1.577859690180339891, -1.527878619774075020, 0.8218340601549399826 ) ) ;
#1125 = CARTESIAN_POINT ( 'NONE',  ( 1.527878619838055174, 1.527878619798149984, 0.8704583393887469489 ) ) ;
#1126 = EDGE_CURVE ( 'NONE', #2819, #2870, #2197, .T. ) ;
#1127 = VERTEX_POINT ( 'NONE', #2649 ) ;
#1128 = ORIENTED_EDGE ( 'NONE', *, *, #2385, .T. ) ;
#1129 = CARTESIAN_POINT ( 'NONE',  ( -0.1346039785175880132, 1.350400521521350150, -0.6115416606113011078 ) ) ;
#1130 = CARTESIAN_POINT ( 'NONE',  ( 1.228337105872019830, -0.5623931160698699694, -0.6115416606113011078 ) ) ;
#1131 = DIRECTION ( 'NONE',  ( 1.000000000000000000, 0.0000000000000000000, 0.0000000000000000000 ) ) ;
#1132 = EDGE_CURVE ( 'NONE', #1281, #3153, #861, .T. ) ;
#1133 = ORIENTED_EDGE ( 'NONE', *, *, #3729, .F. ) ;
#1134 = CARTESIAN_POINT ( 'NONE',  ( 1.279850465215389921, 1.279850465215409905, -0.8495416606113009861 ) ) ;
#1135 = ORIENTED_EDGE ( 'NONE', *, *, #3688, .F. ) ;
#1136 = B_SPLINE_CURVE_WITH_KNOTS ( 'NONE', 1,
 ( #3399, #3771 ),
 .UNSPECIFIED., .F., .F.,
 ( 2, 2 ),
 ( -0.1000000000000000056, 1.387778780781445676E-17 ),
 .UNSPECIFIED. ) ;
#1137 = CARTESIAN_POINT ( 'NONE',  ( 0.5025295387375210421, -1.557529068533964223, -0.8519811833743912155 ) ) ;
#1138 = CARTESIAN_POINT ( 'NONE',  ( -1.577839887940080343, 1.554036041947032265, 0.8225534938572357513 ) ) ;
#1139 = DIRECTION ( 'NONE',  ( 0.0000000000000000000, 0.0000000000000000000, -1.000000000000000000 ) ) ;
#1140 = VERTEX_POINT ( 'NONE', #282 ) ;
#1141 = B_SPLINE_CURVE_WITH_KNOTS ( 'NONE', 1,
 ( #2536, #162 ),
 .UNSPECIFIED., .F., .F.,
 ( 2, 2 ),
 ( 0.0000000000000000000, 1.000000000000000000 ),
 .UNSPECIFIED. ) ;
#1142 = CARTESIAN_POINT ( 'NONE',  ( -0.3096449070851289842, -0.3118014392384789724, -0.6115416606113011078 ) ) ;
#1143 = CARTESIAN_POINT ( 'NONE',  ( 1.261828496021739854, 1.350400521521350150, -0.6115416606113011078 ) ) ;
#1144 = B_SPLINE_CURVE_WITH_KNOTS ( 'NONE', 1,
 ( #2989, #882 ),
 .UNSPECIFIED., .F., .F.,
 ( 2, 2 ),
 ( -2.247006429212920153, 0.0000000000000000000 ),
 .UNSPECIFIED. ) ;
#1145 = AXIS2_PLACEMENT_3D ( 'NONE', #974, #2145, #3329 ) ;
#1146 = VERTEX_POINT ( 'NONE', #576 ) ;
#1147 = EDGE_CURVE ( 'NONE', #2910, #126, #2296, .T. ) ;
#1148 = SURFACE_STYLE_USAGE ( .BOTH. , #35 ) ;
#1149 = CARTESIAN_POINT ( 'NONE',  ( 1.052112313723420067, 1.507588616707389972, -0.8995416606114730040 ) ) ;
#1150 = CARTESIAN_POINT ( 'NONE',  ( -2.951121866803800398, -1.098999999999999977, -0.003948154439976569660 ) ) ;
#1151 = FACE_OUTER_BOUND ( 'NONE', #1928, .T. ) ;
#1152 = FILL_AREA_STYLE ('',( #2621 ) ) ;
#1153 = EDGE_CURVE ( 'NONE', #2603, #136, #2245, .T. ) ;
#1154 = CYLINDRICAL_SURFACE ( 'NONE', #1164, 0.05000000000000006523 ) ;
#1155 = VERTEX_POINT ( 'NONE', #612 ) ;
#1156 = CARTESIAN_POINT ( 'NONE',  ( 1.527878619773975100, 1.577859690180084984, 0.8218340601549120050 ) ) ;
#1157 = CARTESIAN_POINT ( 'NONE',  ( -0.8078754831954050308, 0.3885176989456339824, -0.6115416606113011078 ) ) ;
#1158 = CARTESIAN_POINT ( 'NONE',  ( 0.9974337363718268623, -0.4350736786255596233, -0.5799999999999999600 ) ) ;
#1159 = EDGE_LOOP ( 'NONE', ( #3696, #3034, #1242, #588 ) ) ;
#1160 = OPEN_SHELL ( 'NONE', ( #2144, #393, #869, #1341, #1392, #1611, #574, #3465, #971, #2614, #1582, #157, #747, #59, #2262, #646, #3443, #369, #1252, #3277, #1627, #2240, #3230, #201, #3328, #442, #1060, #3510, #3140, #488, #3655, #3484, #1771, #3397, #1744, #3026, #3372, #30, #266, #2640, #2712, #1626, #2760, #3583 ) ) ;
#1161 = FACE_OUTER_BOUND ( 'NONE', #1677, .T. ) ;
#1162 = SURFACE_STYLE_FILL_AREA ( #931 ) ;
#1163 =( BOUNDED_CURVE ( )  B_SPLINE_CURVE ( 2, ( #1587, #2179, #3343 ),
 .UNSPECIFIED., .F., .T. ) 
 B_SPLINE_CURVE_WITH_KNOTS ( ( 3, 3 ),
 ( 0.0000000000000000000, 0.2356194490192370095 ),
 .UNSPECIFIED. ) 
 CURVE ( )  GEOMETRIC_REPRESENTATION_ITEM ( )  RATIONAL_B_SPLINE_CURVE ( ( 1.000000000000000000, 0.7071067811865420216, 1.000000000000000000 ) ) 
 REPRESENTATION_ITEM ( '' )  );
#1164 = AXIS2_PLACEMENT_3D ( 'NONE', #1134, #2876, #254 ) ;
#1165 = ORIENTED_EDGE ( 'NONE', *, *, #1064, .T. ) ;
#1166 = CARTESIAN_POINT ( 'NONE',  ( -1.535902565529856600, 1.585843017574803282, -0.2723549427502064968 ) ) ;
#1167 = CARTESIAN_POINT ( 'NONE',  ( -1.548946644950571550, -1.535533111522111360, -0.8529819893761318994 ) ) ;
#1168 = CARTESIAN_POINT ( 'NONE',  ( -1.599999995418635024, -1.550039235149234917, 0.01745824771571315159 ) ) ;
#1169 = CARTESIAN_POINT ( 'NONE',  ( -0.9577841992559836815, 0.5188455870929430391, -0.5800000000000000711 ) ) ;
#1170 = AXIS2_PLACEMENT_3D ( 'NONE', #3667, #2475, #2495 ) ;
#1171 = ORIENTED_EDGE ( 'NONE', *, *, #1912, .F. ) ;
#1172 = CARTESIAN_POINT ( 'NONE',  ( -0.1816449070851290093, 0.7144464410663780018, -0.6755416606113010536 ) ) ;
#1173 = EDGE_CURVE ( 'NONE', #2834, #1983, #2121, .T. ) ;
#1174 = ORIENTED_EDGE ( 'NONE', *, *, #1462, .T. ) ;
#1175 = ORIENTED_EDGE ( 'NONE', *, *, #1192, .T. ) ;
#1176 = UNCERTAINTY_MEASURE_WITH_UNIT (LENGTH_MEASURE( 1.000000000000000082E-05 ), #3577, 'distance_accuracy_value', 'NONE');
#1177 = CARTESIAN_POINT ( 'NONE',  ( -0.9038754831954058933, 0.2925176989456339527, -0.5795416606113010793 ) ) ;
#1178 = EDGE_CURVE ( 'NONE', #2146, #2013, #1503, .T. ) ;
#1179 = ORIENTED_EDGE ( 'NONE', *, *, #2576, .F. ) ;
#1180 = B_SPLINE_CURVE_WITH_KNOTS ( 'NONE', 1,
 ( #317, #2628 ),
 .UNSPECIFIED., .F., .F.,
 ( 2, 2 ),
 ( 0.0000000000000000000, 0.05000000000000000971 ),
 .UNSPECIFIED. ) ;
#1181 = CARTESIAN_POINT ( 'NONE',  ( 0.6374583205238228967, -0.3412604950904100098, -0.6115416606113011078 ) ) ;
#1182 = CARTESIAN_POINT ( 'NONE',  ( -1.569350669720679381, -1.528135965304789456, 0.8485728699751469151 ) ) ;
#1183 = B_SPLINE_CURVE_WITH_KNOTS ( 'NONE', 1,
 ( #2109, #2769 ),
 .UNSPECIFIED., .F., .F.,
 ( 2, 2 ),
 ( 0.0000000000000000000, 0.2339458956822389746 ),
 .UNSPECIFIED. ) ;
#1184 =( BOUNDED_SURFACE ( )  B_SPLINE_SURFACE ( 2, 2, ( 
 ( #843, #922, #1774 ),
 ( #963, #3319, #3033 ),
 ( #1483, #2099, #2062 ),
 ( #1541, #292, #3240 ),
 ( #2659, #2135, #2953 ) ),
 .UNSPECIFIED., .F., .F., .T. ) 
 B_SPLINE_SURFACE_WITH_KNOTS ( ( 3, 2, 3 ),
 ( 3, 3 ),
 ( 0.03968968776731159748, 0.04046132698615819562, 0.1176252488708210003 ),
 ( 0.1089614339101959983, 0.1872807610499669928 ),
 .UNSPECIFIED. ) 
 GEOMETRIC_REPRESENTATION_ITEM ( )  RATIONAL_B_SPLINE_SURFACE ( (
 ( 1.000000000000000000, 0.7086641551917359783, 1.000000000000000000),
 ( 1.000000000000000000, 0.7086641551917359783, 1.000000000000000000),
 ( 1.000000000000000000, 0.7086641551917359783, 1.000000000000000000),
 ( 0.7167685875924559857, 0.5079482055941820784, 0.7167685875924559857),
 ( 1.000000000000000000, 0.7086641551917359783, 1.000000000000000000) ) ) 
 REPRESENTATION_ITEM ( '' )  SURFACE ( )  );
#1185 = CARTESIAN_POINT ( 'NONE',  ( 7.497667021838889946E-16, -1.408046146095540019, -1.112646234352169916 ) ) ;
#1186 = CARTESIAN_POINT ( 'NONE',  ( 1.542638827056419526, 1.592619897521315275, 0.2855835509354177071 ) ) ;
#1187 = ORIENTED_EDGE ( 'NONE', *, *, #2213, .F. ) ;
#1188 = B_SPLINE_CURVE_WITH_KNOTS ( 'NONE', 1,
 ( #827, #2604 ),
 .UNSPECIFIED., .F., .F.,
 ( 2, 2 ),
 ( -1.720586828547250091, 0.0000000000000000000 ),
 .UNSPECIFIED. ) ;
#1189 = CARTESIAN_POINT ( 'NONE',  ( -1.527878619833199947, 1.527878619833199947, 0.8704583393886750065 ) ) ;
#1190 = ORIENTED_EDGE ( 'NONE', *, *, #420, .T. ) ;
#1191 = DIRECTION ( 'NONE',  ( 0.0000000000000000000, 1.000000000000000000, 0.0000000000000000000 ) ) ;
#1192 = EDGE_CURVE ( 'NONE', #2322, #1639, #617, .T. ) ;
#1193 = CARTESIAN_POINT ( 'NONE',  ( -1.235779548787830029, 0.5280800628543149688, -0.5795416606113010793 ) ) ;
#1194 = FACE_OUTER_BOUND ( 'NONE', #2306, .T. ) ;
#1195 = B_SPLINE_CURVE_WITH_KNOTS ( 'NONE', 1,
 ( #1849, #2374 ),
 .UNSPECIFIED., .F., .F.,
 ( 2, 2 ),
 ( -0.05000000000000000278, 6.938893903907228378E-18 ),
 .UNSPECIFIED. ) ;
#1196 = CARTESIAN_POINT ( 'NONE',  ( -0.4350736786269710499, -0.9974337363732206363, -0.5799999999999999600 ) ) ;
#1197 = VERTEX_POINT ( 'NONE', #2924 ) ;
#1198 = EDGE_CURVE ( 'NONE', #3462, #2647, #1280, .T. ) ;
#1199 =( GEOMETRIC_REPRESENTATION_CONTEXT ( 3 ) GLOBAL_UNCERTAINTY_ASSIGNED_CONTEXT ( ( #2178 ) ) GLOBAL_UNIT_ASSIGNED_CONTEXT ( ( #2711, #1247, #2427 ) ) REPRESENTATION_CONTEXT ( 'NONE', 'WORKASPACE' ) );
#1200 = CARTESIAN_POINT ( 'NONE',  ( -1.547179602795755837, 1.507765276543889144, -0.8801607386955009327 ) ) ;
#1201 = CARTESIAN_POINT ( 'NONE',  ( 1.305676799988770176, -1.305676800000000082, -0.5799999999999999600 ) ) ;
#1202 = EDGE_CURVE ( 'NONE', #2343, #102, #1979, .T. ) ;
#1203 = ORIENTED_EDGE ( 'NONE', *, *, #1415, .F. ) ;
#1204 =( NAMED_UNIT ( * ) PLANE_ANGLE_UNIT ( ) SI_UNIT ( $, .RADIAN. ) );
#1205 = CARTESIAN_POINT ( 'NONE',  ( -1.408046146095539575, -1.408046146095539575, -1.112646234352169250 ) ) ;
#1206 = CARTESIAN_POINT ( 'NONE',  ( -0.02255498554388197033, -0.3519659969975649227, 0.7872583393886990466 ) ) ;
#1207 = CARTESIAN_POINT ( 'NONE',  ( -0.3683332181176757758, 1.023927677837743078, -0.5799999999999997380 ) ) ;
#1208 = ORIENTED_EDGE ( 'NONE', *, *, #1911, .F. ) ;
#1209 = CARTESIAN_POINT ( 'NONE',  ( 1.527878619838055174, -1.527878619798149984, 0.8704583393883430498 ) ) ;
#1210 = CARTESIAN_POINT ( 'NONE',  ( -0.1346039785175880132, 0.6240800628543150541, -0.5795416606113010793 ) ) ;
#1211 = ORIENTED_EDGE ( 'NONE', *, *, #3509, .T. ) ;
#1212 = CARTESIAN_POINT ( 'NONE',  ( 0.1172256295617409988, -0.08768359317491909721, -0.5955416606113009825 ) ) ;
#1213 = UNCERTAINTY_MEASURE_WITH_UNIT (LENGTH_MEASURE( 1.000000000000000082E-05 ), #285, 'distance_accuracy_value', 'NONE');
#1214 = CARTESIAN_POINT ( 'NONE',  ( 1.554036041946915248, 1.577839887939992858, 0.8225534938571937849 ) ) ;
#1215 = DIRECTION ( 'NONE',  ( 0.0000000000000000000, 0.0000000000000000000, -1.000000000000000000 ) ) ;
#1216 = CARTESIAN_POINT ( 'NONE',  ( 0.6374583205238228967, -0.3412604950904100098, -0.5795416606113010793 ) ) ;
#1217 = ORIENTED_EDGE ( 'NONE', *, *, #57, .T. ) ;
#1218 = CARTESIAN_POINT ( 'NONE',  ( -1.507646074444106477, -1.544335133366717905, -0.8834603971502493769 ) ) ;
#1219 = EDGE_CURVE ( 'NONE', #2399, #2593, #2504, .T. ) ;
#1220 = VERTEX_POINT ( 'NONE', #321 ) ;
#1221 = ADVANCED_FACE ( 'NONE', ( #3573 ), #1449, .T. ) ;
#1222 = EDGE_CURVE ( 'NONE', #1388, #2017, #253, .T. ) ;
#1223 = FILL_AREA_STYLE ('',( #37 ) ) ;
#1224 = AXIS2_PLACEMENT_3D ( 'NONE', #1324, #3649, #1307 ) ;
#1225 = FACE_OUTER_BOUND ( 'NONE', #2172, .T. ) ;
#1226 = PRODUCT_CONTEXT ( 'NONE', #3615, 'mechanical' ) ;
#1227 = B_SPLINE_CURVE_WITH_KNOTS ( 'NONE', 1,
 ( #1527, #928 ),
 .UNSPECIFIED., .F., .F.,
 ( 2, 2 ),
 ( 0.0000000000000000000, 1.379999999999999893 ),
 .UNSPECIFIED. ) ;
#1228 = ADVANCED_FACE ( 'NONE', ( #337 ), #1529, .T. ) ;
#1229 = ORIENTED_EDGE ( 'NONE', *, *, #2359, .F. ) ;
#1230 = B_SPLINE_CURVE_WITH_KNOTS ( 'NONE', 1,
 ( #788, #1102 ),
 .UNSPECIFIED., .F., .F.,
 ( 2, 2 ),
 ( -0.8128635796282519532, 0.0000000000000000000 ),
 .UNSPECIFIED. ) ;
#1231 = AXIS2_PLACEMENT_3D ( 'NONE', #3498, #853, #2038 ) ;
#1232 = DIRECTION ( 'NONE',  ( -8.712017267261089951E-13, 1.000000000000000000, 0.0000000000000000000 ) ) ;
#1233 = B_SPLINE_CURVE_WITH_KNOTS ( 'NONE', 3,
 ( #1115, #821, #1692, #1403, #2654, #1167, #3575, #614, #914, #3595, #2129, #345 ),
 .UNSPECIFIED., .F., .F.,
 ( 4, 2, 2, 2, 2, 4 ),
 ( 0.0000000000000000000, 0.2499999999999728550, 0.3749999999999553690, 0.4374999999999453770, 0.4999999999999354405, 1.000000000000000000 ),
 .UNSPECIFIED. ) ;
#1234 = B_SPLINE_SURFACE_WITH_KNOTS ( 'NONE', 1, 1, ( 
 ( #192, #3743 ),
 ( #1986, #2305 ) ),
 .UNSPECIFIED., .F., .F., .F.,
 ( 2, 2 ),
 ( 2, 2 ),
 ( 0.0000000000000000000, 1.379999999999999893 ),
 ( 0.0000000000000000000, 0.2339458956822389746 ),
 .UNSPECIFIED. ) ;
#1235 = ORIENTED_EDGE ( 'NONE', *, *, #2666, .F. ) ;
#1236 = CARTESIAN_POINT ( 'NONE',  ( 0.02122562956174139925, 1.350400521521350150, -0.5795416606113010793 ) ) ;
#1237 = FACE_OUTER_BOUND ( 'NONE', #2217, .T. ) ;
#1238 = CARTESIAN_POINT ( 'NONE',  ( -0.1346039785175880132, -1.316449875027960070, -0.6115416606113011078 ) ) ;
#1239 = CARTESIAN_POINT ( 'NONE',  ( 2.941598925124079944, 0.3989999999999930269, 0.1777603974200540060 ) ) ;
#1240 = DIRECTION ( 'NONE',  ( 1.000000000000000000, 0.0000000000000000000, 0.0000000000000000000 ) ) ;
#1241 = VERTEX_POINT ( 'NONE', #3217 ) ;
#1242 = ORIENTED_EDGE ( 'NONE', *, *, #2510, .T. ) ;
#1243 =( LENGTH_UNIT ( ) NAMED_UNIT ( * ) SI_UNIT ( .MILLI., .METRE. ) );
#1244 = EDGE_CURVE ( 'NONE', #3626, #1904, #2483, .T. ) ;
#1245 = CARTESIAN_POINT ( 'NONE',  ( 2.951121866803800398, -0.3989999999999939706, -0.003948154439976309452 ) ) ;
#1246 = CARTESIAN_POINT ( 'NONE',  ( -1.274038533470460033, -1.098999999999999977, -0.003948154439976540170 ) ) ;
#1247 =( NAMED_UNIT ( * ) PLANE_ANGLE_UNIT ( ) SI_UNIT ( $, .RADIAN. ) );
#1248 = ORIENTED_EDGE ( 'NONE', *, *, #2162, .F. ) ;
#1249 = ORIENTED_EDGE ( 'NONE', *, *, #3050, .T. ) ;
#1250 = CARTESIAN_POINT ( 'NONE',  ( 1.075205804274729893, 1.555205804274729875, -0.6435416606113011362 ) ) ;
#1251 = CARTESIAN_POINT ( 'NONE',  ( -1.543920062673350024, 1.482809240827364095, -0.8733425883716530169 ) ) ;
#1252 = ADVANCED_FACE ( 'NONE', ( #1161 ), #445, .F. ) ;
#1253 = EDGE_CURVE ( 'NONE', #3412, #3594, #1605, .T. ) ;
#1254 = ORIENTED_EDGE ( 'NONE', *, *, #272, .F. ) ;
#1255 = DIRECTION ( 'NONE',  ( 0.0000000000000000000, 1.000000000000000000, 0.0000000000000000000 ) ) ;
#1256 = DIRECTION ( 'NONE',  ( -8.673617379884049031E-17, 0.0000000000000000000, -1.000000000000000000 ) ) ;
#1257 = CARTESIAN_POINT ( 'NONE',  ( 1.274038533470460033, -0.3989999999999939706, -0.003948154439976199297 ) ) ;
#1258 = CARTESIAN_POINT ( 'NONE',  ( 0.7334583205238240922, -0.4372604950904099841, -0.5795416606113010793 ) ) ;
#1259 = VERTEX_POINT ( 'NONE', #3076 ) ;
#1260 = DIRECTION ( 'NONE',  ( 4.487611220661899846E-13, -1.000000000000000000, 4.712175844399940652E-13 ) ) ;
#1261 = DIRECTION ( 'NONE',  ( 0.0000000000000000000, -1.000000000000000000, 0.0000000000000000000 ) ) ;
#1262 = DIRECTION ( 'NONE',  ( 0.9988118665886596137, -0.002377680162922038778, -0.04867444708181701413 ) ) ;
#1263 = ORIENTED_EDGE ( 'NONE', *, *, #3420, .F. ) ;
#1264 = ORIENTED_EDGE ( 'NONE', *, *, #3092, .F. ) ;
#1265 = CARTESIAN_POINT ( 'NONE',  ( -2.941598925124079944, 0.3989999999999930269, 0.1777603974200540060 ) ) ;
#1266 = CARTESIAN_POINT ( 'NONE',  ( -0.3074826701650443805, -0.1731792615102984156, 0.7872583393886990466 ) ) ;
#1267 = ORIENTED_EDGE ( 'NONE', *, *, #912, .F. ) ;
#1268 = EDGE_CURVE ( 'NONE', #1259, #2322, #2387, .T. ) ;
#1269 = CARTESIAN_POINT ( 'NONE',  ( -0.1816449070851290093, 0.2589918475817539756, -0.6755416606113010536 ) ) ;
#1270 = PLANE ( 'NONE',  #1224 ) ;
#1271 = B_SPLINE_CURVE_WITH_KNOTS ( 'NONE', 3,
 ( #3243, #627, #886, #590, #3830, #2901, #1505, #238, #2340, #2066, #3493, #2679, #608, #1428, #2607, #868, #258, #1778, #2032, #278, #1797, #1739, #3512, #2959, #3789, #2644, #26 ),
 .UNSPECIFIED., .F., .F.,
 ( 4, 2, 2, 2, 2, 2, 2, 1, 2, 2, 2, 2, 2, 4 ),
 ( 0.0000000000000000000, 0.06250000000000000000, 0.1250000000000000000, 0.2500000000000000555, 0.3125000000000000555, 0.3750000000000000555, 0.5000000000000000000, 0.5625000000000000000, 0.5937500000000000000, 0.6250000000000000000, 0.7500000000000000000, 0.8125000000000000000, 0.8750000000000000000, 1.000000000000000000 ),
 .UNSPECIFIED. ) ;
#1272 = STYLED_ITEM ( 'NONE', ( #3448 ), #3167 ) ;
#1273 = EDGE_CURVE ( 'NONE', #2498, #3365, #1414, .T. ) ;
#1274 = EDGE_LOOP ( 'NONE', ( #2932, #2080, #1310 ) ) ;
#1275 = DIRECTION ( 'NONE',  ( 0.9996216932577949299, -0.0007567566546063532028, 0.02749359357712884144 ) ) ;
#1276 = CARTESIAN_POINT ( 'NONE',  ( -0.1816449070851290093, -0.1838014392384790252, -0.6115416606113011078 ) ) ;
#1277 = PLANE ( 'NONE',  #3643 ) ;
#1278 = CARTESIAN_POINT ( 'NONE',  ( -1.235779548787830029, 0.5280800628543149688, -0.6115416606113011078 ) ) ;
#1279 = CARTESIAN_POINT ( 'NONE',  ( 1.264515591790740023, 1.098999999999999977, 0.1777603974200540060 ) ) ;
#1280 = B_SPLINE_CURVE_WITH_KNOTS ( 'NONE', 1,
 ( #31, #2942 ),
 .UNSPECIFIED., .F., .F.,
 ( 2, 2 ),
 ( -0.2000000000000000111, 2.775557561562891351E-17 ),
 .UNSPECIFIED. ) ;
#1281 = VERTEX_POINT ( 'NONE', #3060 ) ;
#1282 = ORIENTED_EDGE ( 'NONE', *, *, #1437, .F. ) ;
#1283 = CARTESIAN_POINT ( 'NONE',  ( 0.6679664639465859866, 0.2824640832897150067, -0.6115416606113011078 ) ) ;
#1284 = CARTESIAN_POINT ( 'NONE',  ( -1.557079155295928885, 1.527912303586776988, 0.8610866024557107812 ) ) ;
#1285 = CARTESIAN_POINT ( 'NONE',  ( -1.527878619833199947, 1.527878619833199947, 0.8704583393886750065 ) ) ;
#1286 = VERTEX_POINT ( 'NONE', #1297 ) ;
#1287 = CARTESIAN_POINT ( 'NONE',  ( -0.9998754831954069777, -0.5350502318310639271, -0.6115416606113011078 ) ) ;
#1288 = CARTESIAN_POINT ( 'NONE',  ( 2.951121866803800398, 0.3989999999999939706, -0.003948154439976199297 ) ) ;
#1289 = AXIS2_PLACEMENT_3D ( 'NONE', #1042, #3394, #1869 ) ;
#1290 = EDGE_LOOP ( 'NONE', ( #1599, #2363, #475, #1305 ) ) ;
#1291 = CARTESIAN_POINT ( 'NONE',  ( -0.9038754831954058933, 0.2925176989456339527, -0.6115416606113011078 ) ) ;
#1292 = AXIS2_PLACEMENT_3D ( 'NONE', #3039, #1260, #2164 ) ;
#1293 = ADVANCED_FACE ( 'NONE', ( #3636 ), #1628, .T. ) ;
#1294 = CARTESIAN_POINT ( 'NONE',  ( 2.951121866803800398, -0.3989999999999939706, -0.003948154439976199297 ) ) ;
#1295 = CARTESIAN_POINT ( 'NONE',  ( 7.340855718879830446E-16, -1.279999999999997806, -0.8995416606113020297 ) ) ;
#1296 = ORIENTED_EDGE ( 'NONE', *, *, #395, .T. ) ;
#1297 = CARTESIAN_POINT ( 'NONE',  ( 1.280000000000000027, 1.045031935272410152E-16, -0.8995416606113020297 ) ) ;
#1298 = EDGE_CURVE ( 'NONE', #3786, #451, #535, .T. ) ;
#1299 = CARTESIAN_POINT ( 'NONE',  ( -0.1816449070851290093, 0.2589918475817539756, -0.6115416606113011078 ) ) ;
#1300 = CARTESIAN_POINT ( 'NONE',  ( 1.550039235147134820, 1.599999995418695198, 0.01745824771571865414 ) ) ;
#1301 = ORIENTED_EDGE ( 'NONE', *, *, #1940, .T. ) ;
#1302 = ORIENTED_EDGE ( 'NONE', *, *, #2736, .F. ) ;
#1303 = CARTESIAN_POINT ( 'NONE',  ( 1.228337105872019830, -1.316449875027960070, -0.6115416606113011078 ) ) ;
#1304 = CARTESIAN_POINT ( 'NONE',  ( -1.599999995418695198, 1.550039235149234917, 0.01745824771570915132 ) ) ;
#1305 = ORIENTED_EDGE ( 'NONE', *, *, #944, .F. ) ;
#1306 = CARTESIAN_POINT ( 'NONE',  ( 1.577859690180290153, 1.527878619754239997, 0.8218340601543400181 ) ) ;
#1307 = DIRECTION ( 'NONE',  ( 0.0000000000000000000, 1.000000000000000000, 0.0000000000000000000 ) ) ;
#1308 = ORIENTED_EDGE ( 'NONE', *, *, #2191, .F. ) ;
#1309 = B_SPLINE_CURVE_WITH_KNOTS ( 'NONE', 3,
 ( #2986, #3541, #2094, #2425, #3253, #598, #2968, #325, #1555, #1517, #3028, #1787, #2708, #1206, #38, #3291, #367, #3236, #308, #636, #1822, #2731, #1266, #2388, #879, #3522, #583 ),
 .UNSPECIFIED., .F., .F.,
 ( 4, 2, 2, 2, 2, 2, 2, 1, 2, 2, 2, 2, 2, 4 ),
 ( 0.0000000000000000000, 0.06250000000000009714, 0.1250000000000001943, 0.2500000000000003331, 0.3125000000000003331, 0.3750000000000002776, 0.5000000000000003331, 0.5625000000000004441, 0.5937500000000004441, 0.6250000000000005551, 0.7500000000000004441, 0.8125000000000003331, 0.8750000000000002220, 1.000000000000000000 ),
 .UNSPECIFIED. ) ;
#1310 = ORIENTED_EDGE ( 'NONE', *, *, #1298, .T. ) ;
#1311 = DIRECTION ( 'NONE',  ( 0.0000000000000000000, -1.000000000000000000, 1.426507766784750140E-14 ) ) ;
#1312 = CARTESIAN_POINT ( 'NONE',  ( 2.951121866803800398, 0.3989999999999939706, -0.003948154439976309452 ) ) ;
#1313 = EDGE_CURVE ( 'NONE', #2013, #2910, #1323, .T. ) ;
#1314 = CARTESIAN_POINT ( 'NONE',  ( 0.6679664639465859866, -0.1013795830118039837, -0.6755416606113010536 ) ) ;
#1315 = ORIENTED_EDGE ( 'NONE', *, *, #1419, .F. ) ;
#1316 = EDGE_CURVE ( 'NONE', #1523, #2681, #3081, .T. ) ;
#1317 = ORIENTED_EDGE ( 'NONE', *, *, #2293, .T. ) ;
#1318 = EDGE_CURVE ( 'NONE', #2993, #2771, #2894, .T. ) ;
#1319 = PLANE ( 'NONE',  #3697 ) ;
#1320 = CARTESIAN_POINT ( 'NONE',  ( -1.542577892304766385, 1.543141892631264334, -0.8529875518489199449 ) ) ;
#1321 = EDGE_LOOP ( 'NONE', ( #152, #1538, #828, #40 ) ) ;
#1322 = CARTESIAN_POINT ( 'NONE',  ( 1.555205804274616632, 1.075205804274842913, -0.7808749939446343324 ) ) ;
#1323 = B_SPLINE_CURVE_WITH_KNOTS ( 'NONE', 3,
 ( #3656, #3612, #1613, #2806 ),
 .UNSPECIFIED., .F., .F.,
 ( 4, 4 ),
 ( 0.0000000000000000000, 1.000000000000000000 ),
 .UNSPECIFIED. ) ;
#1324 = CARTESIAN_POINT ( 'NONE',  ( 0.7334583205238240922, -0.8533831781678159478, -0.9988184606113008623 ) ) ;
#1325 = B_SPLINE_CURVE_WITH_KNOTS ( 'NONE', 1,
 ( #2200, #1291 ),
 .UNSPECIFIED., .F., .F.,
 ( 2, 2 ),
 ( -1.143074891838590013, 0.0000000000000000000 ),
 .UNSPECIFIED. ) ;
#1326 = EDGE_LOOP ( 'NONE', ( #2480, #3421, #2454, #1958 ) ) ;
#1327 = ORIENTED_EDGE ( 'NONE', *, *, #1318, .T. ) ;
#1328 = CARTESIAN_POINT ( 'NONE',  ( 1.557529068450250076, -1.507588616034714946, -0.8519811833704269421 ) ) ;
#1329 = DIRECTION ( 'NONE',  ( -0.0000000000000000000, 1.000000000000000000, 0.0000000000000000000 ) ) ;
#1330 = ORIENTED_EDGE ( 'NONE', *, *, #1415, .T. ) ;
#1331 =( BOUNDED_CURVE ( )  B_SPLINE_CURVE ( 2, ( #1945, #3122, #172 ),
 .UNSPECIFIED., .F., .F. ) 
 B_SPLINE_CURVE_WITH_KNOTS ( ( 3, 3 ),
 ( 0.0000000000000000000, 1.000000000000000000 ),
 .UNSPECIFIED. ) 
 CURVE ( )  GEOMETRIC_REPRESENTATION_ITEM ( )  RATIONAL_B_SPLINE_CURVE ( ( 1.000000000000062617, 0.7241513866102425867, 1.000000000000000000 ) ) 
 REPRESENTATION_ITEM ( '' )  );
#1332 = CARTESIAN_POINT ( 'NONE',  ( 1.482809240824563890, -1.543920062673350024, -0.8733425883716560145 ) ) ;
#1333 = CARTESIAN_POINT ( 'NONE',  ( -1.577859690180070107, 1.527878619774075020, 0.8218340601549309898 ) ) ;
#1334 = FACE_OUTER_BOUND ( 'NONE', #3763, .T. ) ;
#1335 = VERTEX_POINT ( 'NONE', #3675 ) ;
#1336 = CARTESIAN_POINT ( 'NONE',  ( 1.557503354407102636, -1.518390484236505245, -0.8525075837763813613 ) ) ;
#1337 = DIRECTION ( 'NONE',  ( 0.0000000000000000000, -1.000000000000000000, 0.0000000000000000000 ) ) ;
#1338 = CARTESIAN_POINT ( 'NONE',  ( -0.1816449070851290093, 0.5864464410663779992, -0.6755416606113010536 ) ) ;
#1339 = EDGE_CURVE ( 'NONE', #676, #1838, #2201, .T. ) ;
#1340 = ADVANCED_FACE ( 'NONE', ( #3306 ), #1590, .T. ) ;
#1341 = ADVANCED_FACE ( 'NONE', ( #90 ), #1586, .F. ) ;
#1342 = ORIENTED_EDGE ( 'NONE', *, *, #2073, .T. ) ;
#1343 = CARTESIAN_POINT ( 'NONE',  ( -2.951121866803800398, -0.3989999999999939706, -0.003948154439976199297 ) ) ;
#1344 = FACE_OUTER_BOUND ( 'NONE', #2723, .T. ) ;
#1345 = CARTESIAN_POINT ( 'NONE',  ( 0.6374583205238228967, -0.1836835931749189743, -0.5795416606113010793 ) ) ;
#1346 = EDGE_CURVE ( 'NONE', #2615, #3702, #3015, .T. ) ;
#1347 = EDGE_LOOP ( 'NONE', ( #1885, #3388, #500, #2068 ) ) ;
#1348 = ORIENTED_EDGE ( 'NONE', *, *, #517, .T. ) ;
#1349 = CARTESIAN_POINT ( 'NONE',  ( -0.3074826701650415495, 0.1731792615103056876, 0.8704583393886989873 ) ) ;
#1350 = DIRECTION ( 'NONE',  ( 1.000000000000000000, 0.0000000000000000000, 0.0000000000000000000 ) ) ;
#1351 =( GEOMETRIC_REPRESENTATION_CONTEXT ( 3 ) GLOBAL_UNCERTAINTY_ASSIGNED_CONTEXT ( ( #316 ) ) GLOBAL_UNIT_ASSIGNED_CONTEXT ( ( #113, #2747, #1896 ) ) REPRESENTATION_CONTEXT ( 'NONE', 'WORKASPACE' ) );
#1352 = VERTEX_POINT ( 'NONE', #3458 ) ;
#1353 = CARTESIAN_POINT ( 'NONE',  ( 1.506898975660794893, -1.507588615715385050, -0.8995416606158259665 ) ) ;
#1354 = DIRECTION ( 'NONE',  ( 1.000000000000000000, 0.0000000000000000000, 0.0000000000000000000 ) ) ;
#1355 = CARTESIAN_POINT ( 'NONE',  ( -0.1346039785175880132, 0.2925176989456330090, -0.5795416606113010793 ) ) ;
#1356 = AXIS2_PLACEMENT_3D ( 'NONE', #3494, #1354, #2542 ) ;
#1357 = EDGE_LOOP ( 'NONE', ( #2207, #2128, #3357, #3482, #1052, #2497, #352, #2950, #651 ) ) ;
#1358 = CARTESIAN_POINT ( 'NONE',  ( 1.527714801078009277, -1.553683028707061986, -0.8531885826908363057 ) ) ;
#1359 = B_SPLINE_CURVE_WITH_KNOTS ( 'NONE', 3,
 ( #2126, #2964, #3812, #1182, #1530, #954, #2401, #1493, #2669, #3574, #2698, #3592 ),
 .UNSPECIFIED., .F., .F.,
 ( 4, 2, 2, 2, 2, 4 ),
 ( 0.0000000000000000000, 0.2500000000000085487, 0.3750000000000127676, 0.4375000000000109357, 0.5000000000000091038, 1.000000000000000000 ),
 .UNSPECIFIED. ) ;
#1360 = FACE_OUTER_BOUND ( 'NONE', #1765, .T. ) ;
#1361 = CARTESIAN_POINT ( 'NONE',  ( 0.02122562956174139925, 1.350400521521350150, -0.6115416606113011078 ) ) ;
#1362 = ORIENTED_EDGE ( 'NONE', *, *, #3068, .F. ) ;
#1363 = VERTEX_POINT ( 'NONE', #2880 ) ;
#1364 = ADVANCED_FACE ( 'NONE', ( #220 ), #3195, .T. ) ;
#1365 = CARTESIAN_POINT ( 'NONE',  ( -0.2306039785175890144, 0.5280800628543149688, -0.5795416606113010793 ) ) ;
#1366 = CARTESIAN_POINT ( 'NONE',  ( -1.235779548787830029, -0.5350502318310639271, -0.6115416606113011078 ) ) ;
#1367 = B_SPLINE_CURVE_WITH_KNOTS ( 'NONE', 1,
 ( #2999, #1278 ),
 .UNSPECIFIED., .F., .F.,
 ( 2, 2 ),
 ( -1.570586828547249958, 0.0000000000000000000 ),
 .UNSPECIFIED. ) ;
#1368 = VERTEX_POINT ( 'NONE', #2242 ) ;
#1369 = ADVANCED_FACE ( 'NONE', ( #2283 ), #2519, .T. ) ;
#1370 = ORIENTED_EDGE ( 'NONE', *, *, #3392, .T. ) ;
#1371 = CARTESIAN_POINT ( 'NONE',  ( 1.274038533470460033, -1.098999999999999977, -0.003948154439976540170 ) ) ;
#1372 = B_SPLINE_CURVE_WITH_KNOTS ( 'NONE', 1,
 ( #1096, #2308 ),
 .UNSPECIFIED., .F., .F.,
 ( 2, 2 ),
 ( 0.0000000000000000000, 0.05000000000000000971 ),
 .UNSPECIFIED. ) ;
#1373 = ADVANCED_FACE ( 'NONE', ( #148 ), #1998, .T. ) ;
#1374 = B_SPLINE_CURVE_WITH_KNOTS ( 'NONE', 1,
 ( #659, #1598 ),
 .UNSPECIFIED., .F., .F.,
 ( 2, 2 ),
 ( 0.0000000000000000000, 0.9000000000000000222 ),
 .UNSPECIFIED. ) ;
#1375 = EDGE_LOOP ( 'NONE', ( #116, #2965, #2132, #2623 ) ) ;
#1376 = CARTESIAN_POINT ( 'NONE',  ( 1.557529068206249923, -1.507588615728959969, -0.8519811833585159144 ) ) ;
#1377 = FACE_OUTER_BOUND ( 'NONE', #1321, .T. ) ;
#1378 = VERTEX_POINT ( 'NONE', #479 ) ;
#1379 = B_SPLINE_CURVE_WITH_KNOTS ( 'NONE', 1,
 ( #3052, #3668 ),
 .UNSPECIFIED., .F., .F.,
 ( 2, 2 ),
 ( -0.2000000000000000111, 2.775557561562891351E-17 ),
 .UNSPECIFIED. ) ;
#1380 = VERTEX_POINT ( 'NONE', #2590 ) ;
#1381 = CARTESIAN_POINT ( 'NONE',  ( -1.527878619754239997, -1.577859690180404950, 0.8218340601544249502 ) ) ;
#1382 = CARTESIAN_POINT ( 'NONE',  ( -1.527878619833199947, -1.527878619833199947, 0.8704583393890320542 ) ) ;
#1383 = B_SPLINE_CURVE_WITH_KNOTS ( 'NONE', 1,
 ( #1269, #372 ),
 .UNSPECIFIED., .F., .F.,
 ( 2, 2 ),
 ( -0.1000000000000000056, 1.387778780781445676E-17 ),
 .UNSPECIFIED. ) ;
#1384 = ORIENTED_EDGE ( 'NONE', *, *, #673, .F. ) ;
#1385 = CARTESIAN_POINT ( 'NONE',  ( -0.3096449070851289842, -0.1838014392384790252, -0.6755416606113010536 ) ) ;
#1386 = FACE_OUTER_BOUND ( 'NONE', #1402, .T. ) ;
#1387 = DIRECTION ( 'NONE',  ( 0.0000000000000000000, 1.000000000000000000, 0.0000000000000000000 ) ) ;
#1388 = VERTEX_POINT ( 'NONE', #520 ) ;
#1389 = CARTESIAN_POINT ( 'NONE',  ( -0.2306039785175890144, 0.3885176989456339824, -0.6115416606113011078 ) ) ;
#1390 = ADVANCED_FACE ( 'NONE', ( #1702 ), #1959, .T. ) ;
#1391 = EDGE_CURVE ( 'NONE', #1259, #1475, #1136, .T. ) ;
#1392 = ADVANCED_FACE ( 'NONE', ( #2300 ), #1962, .F. ) ;
#1393 = ORIENTED_EDGE ( 'NONE', *, *, #3804, .T. ) ;
#1394 = CARTESIAN_POINT ( 'NONE',  ( -1.264515591790740023, 1.098999999999999977, 0.1777603974200540060 ) ) ;
#1395 = FACE_OUTER_BOUND ( 'NONE', #3173, .T. ) ;
#1396 = CARTESIAN_POINT ( 'NONE',  ( 1.503017123177550207, 1.564065950850310083, 0.8443828677468110389 ) ) ;
#1397 = ORIENTED_EDGE ( 'NONE', *, *, #1202, .T. ) ;
#1398 = CARTESIAN_POINT ( 'NONE',  ( 1.518825867933548013, -1.557502317872247577, -0.8525288010174960629 ) ) ;
#1399 = CARTESIAN_POINT ( 'NONE',  ( -1.507588616218239919, -1.557529068453474830, -0.8519811833705228654 ) ) ;
#1400 = CARTESIAN_POINT ( 'NONE',  ( -1.264515591790740023, 1.098999999999999977, 0.1777603974200540060 ) ) ;
#1401 = DIRECTION ( 'NONE',  ( 1.000000000000000000, 0.0000000000000000000, 0.0000000000000000000 ) ) ;
#1402 = EDGE_LOOP ( 'NONE', ( #1658, #1685, #3689, #1622 ) ) ;
#1403 = CARTESIAN_POINT ( 'NONE',  ( -1.553275105793144650, -1.527887297574535452, -0.8528830614506822672 ) ) ;
#1404 = SURFACE_STYLE_USAGE ( .BOTH. , #215 ) ;
#1405 = ORIENTED_EDGE ( 'NONE', *, *, #3249, .F. ) ;
#1406 = CARTESIAN_POINT ( 'NONE',  ( 1.567711054114530045, 1.075205804274729893, -0.6435416606113011362 ) ) ;
#1407 = B_SPLINE_CURVE_WITH_KNOTS ( 'NONE', 3,
 ( #834, #2547, #508, #1125 ),
 .UNSPECIFIED., .F., .F.,
 ( 4, 4 ),
 ( 0.0000000000000000000, 1.000000000000000000 ),
 .UNSPECIFIED. ) ;
#1408 = ORIENTED_EDGE ( 'NONE', *, *, #247, .F. ) ;
#1409 = ADVANCED_FACE ( 'NONE', ( #203 ), #186, .T. ) ;
#1410 = DIRECTION ( 'NONE',  ( 1.000000000000000000, 0.0000000000000000000, 0.0000000000000000000 ) ) ;
#1411 = CARTESIAN_POINT ( 'NONE',  ( 1.075205804274729893, 1.560923063728723470, -0.7825013424533596718 ) ) ;
#1412 = CARTESIAN_POINT ( 'NONE',  ( -0.1387014176349994909, -1.088067621679841723, -0.5799999999999999600 ) ) ;
#1413 = VERTEX_POINT ( 'NONE', #3716 ) ;
#1414 = B_SPLINE_CURVE_WITH_KNOTS ( 'NONE', 1,
 ( #1569, #1895 ),
 .UNSPECIFIED., .F., .F.,
 ( 2, 2 ),
 ( -0.8121307125456769249, 0.0000000000000000000 ),
 .UNSPECIFIED. ) ;
#1415 = EDGE_CURVE ( 'NONE', #2473, #1729, #69, .T. ) ;
#1416 = CARTESIAN_POINT ( 'NONE',  ( -0.8078754831954060300, 0.2925176989456339527, -0.5955416606113009825 ) ) ;
#1417 = CARTESIAN_POINT ( 'NONE',  ( -0.1816449070851290093, 0.7144464410663780018, -0.6115416606113011078 ) ) ;
#1418 = B_SPLINE_CURVE_WITH_KNOTS ( 'NONE', 1,
 ( #2867, #3776 ),
 .UNSPECIFIED., .F., .F.,
 ( 2, 2 ),
 ( -1.379999999999999893, 0.0000000000000000000 ),
 .UNSPECIFIED. ) ;
#1419 = EDGE_CURVE ( 'NONE', #2271, #1729, #3674, .T. ) ;
#1420 = VERTEX_POINT ( 'NONE', #1643 ) ;
#1421 = B_SPLINE_CURVE_WITH_KNOTS ( 'NONE', 3,
 ( #3292, #17, #1186, #880 ),
 .UNSPECIFIED., .F., .F.,
 ( 4, 4 ),
 ( 0.0000000000000000000, 1.000000000000000000 ),
 .UNSPECIFIED. ) ;
#1422 = CARTESIAN_POINT ( 'NONE',  ( 0.7334583205238240922, 0.4320800628543140509, -0.6115416606113011078 ) ) ;
#1423 = CARTESIAN_POINT ( 'NONE',  ( -0.3096449070851289842, 0.5864464410663779992, -0.6755416606113010536 ) ) ;
#1424 = CARTESIAN_POINT ( 'NONE',  ( -0.1816449070851290093, -0.1838014392384790252, -0.6755416606113010536 ) ) ;
#1425 = B_SPLINE_CURVE_WITH_KNOTS ( 'NONE', 3,
 ( #3507, #2639, #2333, #554 ),
 .UNSPECIFIED., .F., .F.,
 ( 4, 4 ),
 ( 0.0000000000000000000, 1.000000000000000000 ),
 .UNSPECIFIED. ) ;
#1426 = CARTESIAN_POINT ( 'NONE',  ( -1.577859690180339891, -1.527878619774075020, 0.8218340601549399826 ) ) ;
#1427 = VERTEX_POINT ( 'NONE', #2573 ) ;
#1428 = CARTESIAN_POINT ( 'NONE',  ( 0.02255498554388826044, -0.3519659969975664771, 0.8704583393886992093 ) ) ;
#1429 = CARTESIAN_POINT ( 'NONE',  ( -1.264515591790740023, -0.3989999999999939706, 0.1777603974200540060 ) ) ;
#1430 = CARTESIAN_POINT ( 'NONE',  ( 1.507588588982190947, -1.541587725123208852, -0.8862091581198616730 ) ) ;
#1431 = EDGE_CURVE ( 'NONE', #2030, #1146, #2892, .T. ) ;
#1432 = EDGE_LOOP ( 'NONE', ( #3160, #3780, #3198, #3740 ) ) ;
#1433 = CARTESIAN_POINT ( 'NONE',  ( 1.577859690179940211, -1.527878619754239997, 0.8218340601543319135 ) ) ;
#1434 = CARTESIAN_POINT ( 'NONE',  ( -0.3096449070851289842, 0.7144464410663780018, -0.6115416606113011078 ) ) ;
#1435 =( BOUNDED_CURVE ( )  B_SPLINE_CURVE ( 2, ( #2110, #3289, #268 ),
 .UNSPECIFIED., .F., .F. ) 
 B_SPLINE_CURVE_WITH_KNOTS ( ( 3, 3 ),
 ( 0.0000000000000000000, 0.2356194490192370095 ),
 .UNSPECIFIED. ) 
 CURVE ( )  GEOMETRIC_REPRESENTATION_ITEM ( )  RATIONAL_B_SPLINE_CURVE ( ( 1.000000000000000000, 0.7071067811865420216, 1.000000000000000000 ) ) 
 REPRESENTATION_ITEM ( '' )  );
#1436 = ORIENTED_EDGE ( 'NONE', *, *, #2310, .F. ) ;
#1437 = EDGE_CURVE ( 'NONE', #2615, #3332, #1230, .T. ) ;
#1438 = PLANE ( 'NONE',  #2404 ) ;
#1439 = CARTESIAN_POINT ( 'NONE',  ( 0.09061483364182111588, 0.2824640832897150067, -0.6115416606113011078 ) ) ;
#1440 = CARTESIAN_POINT ( 'NONE',  ( -0.3096449070851289842, 0.5864464410663779992, -0.6115416606113011078 ) ) ;
#1441 = CARTESIAN_POINT ( 'NONE',  ( 1.555205804271920123, -1.555205804274729875, -0.8995416606113010305 ) ) ;
#1442 = ORIENTED_EDGE ( 'NONE', *, *, #197, .T. ) ;
#1443 = CYLINDRICAL_SURFACE ( 'NONE', #2472, 0.05000000000000104361 ) ;
#1444 = B_SPLINE_CURVE_WITH_KNOTS ( 'NONE', 1,
 ( #1547, #688 ),
 .UNSPECIFIED., .F., .F.,
 ( 2, 2 ),
 ( -1.379999999999999893, 0.0000000000000000000 ),
 .UNSPECIFIED. ) ;
#1445 = CARTESIAN_POINT ( 'NONE',  ( -1.507588616218239919, -1.557529068453474830, -0.8519811833705228654 ) ) ;
#1446 = DIRECTION ( 'NONE',  ( 1.000000000000000000, 0.0000000000000000000, 0.0000000000000000000 ) ) ;
#1447 = CARTESIAN_POINT ( 'NONE',  ( 1.087999999997190104, -0.1381741007235560981, -0.5799999999999999600 ) ) ;
#1448 = ORIENTED_EDGE ( 'NONE', *, *, #218, .T. ) ;
#1449 = PLANE ( 'NONE',  #3261 ) ;
#1450 = SURFACE_SIDE_STYLE ('',( #2421 ) ) ;
#1451 = CARTESIAN_POINT ( 'NONE',  ( -0.8078754831954050308, 0.3885176989456339824, -0.6115416606113011078 ) ) ;
#1452 = AXIS2_PLACEMENT_3D ( 'NONE', #2743, #2696, #991 ) ;
#1453 = SURFACE_SIDE_STYLE ('',( #1802 ) ) ;
#1454 =( BOUNDED_SURFACE ( )  B_SPLINE_SURFACE ( 2, 2, ( 
 ( #2523, #452, #1925 ),
 ( #155, #75, #431 ),
 ( #3385, #2491, #695 ),
 ( #715, #1880, #2449 ),
 ( #1900, #3064, #1596 ) ),
 .UNSPECIFIED., .F., .F., .F. ) 
 B_SPLINE_SURFACE_WITH_KNOTS ( ( 3, 2, 3 ),
 ( 3, 3 ),
 ( 0.04060491018817390108, 0.04136590343161380273, 0.1174652277756070007 ),
 ( 0.1093205928359860107, 0.1868306918845060172 ),
 .UNSPECIFIED. ) 
 GEOMETRIC_REPRESENTATION_ITEM ( )  RATIONAL_B_SPLINE_SURFACE ( (
 ( 1.000000000000000000, 0.7143503657468800450, 1.000000000000000000),
 ( 1.000000000000000000, 0.7143503657468800450, 1.000000000000000000),
 ( 1.000000000000000000, 0.7143503657468800450, 1.000000000000000000),
 ( 0.7241513866103049812, 0.5172978078811810709, 0.7241513866103049812),
 ( 1.000000000000000000, 0.7143503657468800450, 1.000000000000000000) ) ) 
 REPRESENTATION_ITEM ( '' )  SURFACE ( )  );
#1455 = CARTESIAN_POINT ( 'NONE',  ( -1.274038533470460033, -1.098999999999999977, -0.003948154439976540170 ) ) ;
#1456 = ADVANCED_FACE ( 'NONE', ( #2357 ), #2978, .F. ) ;
#1457 = CARTESIAN_POINT ( 'NONE',  ( -0.1816449070851290093, -0.1838014392384790252, -0.6115416606113011078 ) ) ;
#1458 = CARTESIAN_POINT ( 'NONE',  ( -0.8927328625057688871, 0.6300183219420815162, -0.5800000000000000711 ) ) ;
#1459 = ORIENTED_EDGE ( 'NONE', *, *, #2594, .F. ) ;
#1460 = FACE_OUTER_BOUND ( 'NONE', #3829, .T. ) ;
#1461 = DIRECTION ( 'NONE',  ( 0.04873248569172958233, -0.04873248569172188016, -0.9976223181528225403 ) ) ;
#1462 = EDGE_CURVE ( 'NONE', #3332, #3585, #1180, .T. ) ;
#1463 = VERTEX_POINT ( 'NONE', #3528 ) ;
#1464 = CYLINDRICAL_SURFACE ( 'NONE', #983, 0.05000000000000100198 ) ;
#1465 = CARTESIAN_POINT ( 'NONE',  ( -1.235779548787830029, 1.350400521521350150, -0.5795416606113010793 ) ) ;
#1466 = CARTESIAN_POINT ( 'NONE',  ( 1.264515591790740023, -1.098999999999999977, 0.1777603974200540060 ) ) ;
#1467 = CARTESIAN_POINT ( 'NONE',  ( -0.4166104749770135895, -1.005235400647855215, -0.5799999999999999600 ) ) ;
#1468 = ORIENTED_EDGE ( 'NONE', *, *, #1339, .T. ) ;
#1469 = CLOSED_SHELL ( 'NONE', ( #2432, #2408, #698, #2530, #725, #1373 ) ) ;
#1470 = B_SPLINE_CURVE_WITH_KNOTS ( 'NONE', 1,
 ( #2957, #1487 ),
 .UNSPECIFIED., .F., .F.,
 ( 2, 2 ),
 ( -1.938441978843739921, 0.0000000000000000000 ),
 .UNSPECIFIED. ) ;
#1471 = CARTESIAN_POINT ( 'NONE',  ( -1.553738009330202230, 1.507871018987316125, -0.8698079259556115161 ) ) ;
#1472 = PRESENTATION_STYLE_ASSIGNMENT (( #283 ) ) ;
#1473 = FACE_OUTER_BOUND ( 'NONE', #3579, .T. ) ;
#1474 = AXIS2_PLACEMENT_3D ( 'NONE', #3453, #3468, #511 ) ;
#1475 = VERTEX_POINT ( 'NONE', #926 ) ;
#1476 = AXIS2_PLACEMENT_3D ( 'NONE', #3137, #809, #1410 ) ;
#1477 = CARTESIAN_POINT ( 'NONE',  ( 5.773307815971219840E-16, 0.0000000000000000000, 1.230736076797360079 ) ) ;
#1478 = CARTESIAN_POINT ( 'NONE',  ( -1.599937838951582814, 1.576168745720223363, 0.01618581467979622948 ) ) ;
#1479 = CARTESIAN_POINT ( 'NONE',  ( -0.1816449070851290093, -0.3118014392384789724, -0.6115416606113011078 ) ) ;
#1480 = ORIENTED_EDGE ( 'NONE', *, *, #2974, .T. ) ;
#1481 = EDGE_CURVE ( 'NONE', #2299, #2692, #3766, .T. ) ;
#1482 = PLANE ( 'NONE',  #3209 ) ;
#1483 = CARTESIAN_POINT ( 'NONE',  ( 1.503017123177550207, -1.564065950850310083, 0.8443828677468099286 ) ) ;
#1484 = EDGE_CURVE ( 'NONE', #2017, #1427, #1271, .T. ) ;
#1485 = ORIENTED_EDGE ( 'NONE', *, *, #243, .F. ) ;
#1486 = EDGE_CURVE ( 'NONE', #2819, #2780, #1046, .T. ) ;
#1487 = CARTESIAN_POINT ( 'NONE',  ( 0.02122562956174139925, 1.350400521521350150, -0.5795416606113010793 ) ) ;
#1488 = CARTESIAN_POINT ( 'NONE',  ( 1.228337105872019830, -1.316449875027960070, -0.5795416606113010793 ) ) ;
#1489 = CARTESIAN_POINT ( 'NONE',  ( 0.7334583205238240922, -0.4663931160698699951, -0.6115416606113011078 ) ) ;
#1490 = CARTESIAN_POINT ( 'NONE',  ( 1.507588616676577953, -1.513040000355272419, -0.8995416606848577468 ) ) ;
#1491 = EDGE_LOOP ( 'NONE', ( #1520, #1552, #1695, #797 ) ) ;
#1492 = CARTESIAN_POINT ( 'NONE',  ( -1.585239793857352364, 1.535258723415670046, 0.5537088055453011082 ) ) ;
#1493 = CARTESIAN_POINT ( 'NONE',  ( -1.563728428163147610, -1.527893609854038326, 0.8553230388223296288 ) ) ;
#1494 = VERTEX_POINT ( 'NONE', #298 ) ;
#1495 = B_SPLINE_CURVE_WITH_KNOTS ( 'NONE', 1,
 ( #3085, #3105 ),
 .UNSPECIFIED., .F., .F.,
 ( 2, 2 ),
 ( 0.0000000000000000000, 0.05000000000000000971 ),
 .UNSPECIFIED. ) ;
#1496 = CARTESIAN_POINT ( 'NONE',  ( 5.773307815971219840E-16, 0.0000000000000000000, 1.230736076797360079 ) ) ;
#1497 = CARTESIAN_POINT ( 'NONE',  ( -0.8078754831954050308, 0.3885176989456339824, -0.5795416606113010793 ) ) ;
#1498 = CARTESIAN_POINT ( 'NONE',  ( 0.1387014176309863400, 1.088067621681269470, -0.5799999999999998490 ) ) ;
#1499 = EDGE_LOOP ( 'NONE', ( #1070, #2479, #3466, #3641 ) ) ;
#1500 = CARTESIAN_POINT ( 'NONE',  ( 1.261828496021739854, 0.5280800628543149688, -0.5795416606113010793 ) ) ;
#1501 = CARTESIAN_POINT ( 'NONE',  ( -0.1346039785175880132, 0.2925176989456330090, -0.6115416606113011078 ) ) ;
#1502 = ORIENTED_EDGE ( 'NONE', *, *, #2524, .T. ) ;
#1503 = B_SPLINE_CURVE_WITH_KNOTS ( 'NONE', 3,
 ( #3835, #1492, #3247, #629 ),
 .UNSPECIFIED., .F., .F.,
 ( 4, 4 ),
 ( 0.0000000000000000000, 1.000000000000000000 ),
 .UNSPECIFIED. ) ;
#1504 = CARTESIAN_POINT ( 'NONE',  ( 1.507588616704579998, -0.2161914062681359883, -0.8495416606113019853 ) ) ;
#1505 = CARTESIAN_POINT ( 'NONE',  ( -0.2835689935942241058, -0.2143400843924284926, 0.8704583393886989873 ) ) ;
#1506 = EDGE_CURVE ( 'NONE', #1910, #451, #486, .T. ) ;
#1507 = EDGE_CURVE ( 'NONE', #3720, #639, #1641, .T. ) ;
#1508 = DIRECTION ( 'NONE',  ( 0.0000000000000000000, 0.0000000000000000000, 1.000000000000000000 ) ) ;
#1509 = B_SPLINE_CURVE_WITH_KNOTS ( 'NONE', 1,
 ( #411, #2426 ),
 .UNSPECIFIED., .F., .F.,
 ( 2, 2 ),
 ( -0.05000000000000000278, 6.938893903907228378E-18 ),
 .UNSPECIFIED. ) ;
#1510 = EDGE_LOOP ( 'NONE', ( #1041, #2795, #2208, #773 ) ) ;
#1511 = STYLED_ITEM ( 'NONE', ( #1609 ), #1736 ) ;
#1512 = CARTESIAN_POINT ( 'NONE',  ( -1.557529068453240129, 1.507588616218239919, -0.8519811833705109860 ) ) ;
#1513 = B_SPLINE_CURVE_WITH_KNOTS ( 'NONE', 1,
 ( #2677, #21 ),
 .UNSPECIFIED., .F., .F.,
 ( 2, 2 ),
 ( -0.1000000000000000056, 1.387778780781445676E-17 ),
 .UNSPECIFIED. ) ;
#1514 = ORIENTED_EDGE ( 'NONE', *, *, #2139, .T. ) ;
#1515 = CARTESIAN_POINT ( 'NONE',  ( -1.535902565529856600, -1.585843017574722902, -0.2723549427502134912 ) ) ;
#1516 = DIRECTION ( 'NONE',  ( -0.0000000000000000000, 1.000000000000000000, 0.0000000000000000000 ) ) ;
#1517 = CARTESIAN_POINT ( 'NONE',  ( 0.1731792615102860367, -0.3074826701650506533, 0.7872583393886989356 ) ) ;
#1518 = CARTESIAN_POINT ( 'NONE',  ( 1.550039235147134820, -1.599999995418815102, 0.01745824771571454978 ) ) ;
#1519 = DIRECTION ( 'NONE',  ( 0.0000000000000000000, 0.0000000000000000000, 1.000000000000000000 ) ) ;
#1520 = ORIENTED_EDGE ( 'NONE', *, *, #3391, .T. ) ;
#1521 = DIRECTION ( 'NONE',  ( 0.0000000000000000000, 0.0000000000000000000, 1.000000000000000000 ) ) ;
#1522 = FILL_AREA_STYLE_COLOUR ( '', #3324 ) ;
#1523 = VERTEX_POINT ( 'NONE', #557 ) ;
#1524 = PLANE ( 'NONE',  #3631 ) ;
#1525 = CARTESIAN_POINT ( 'NONE',  ( 2.945231441239100079, 0.8048823529411710531, -0.003948154439975760412 ) ) ;
#1526 = CARTESIAN_POINT ( 'NONE',  ( 1.556367436403109927, 1.075205804257609810, -0.8507614219928359978 ) ) ;
#1527 = CARTESIAN_POINT ( 'NONE',  ( -1.264515591790740023, -0.3989999999999939706, 0.1777603974200540060 ) ) ;
#1528 = EDGE_CURVE ( 'NONE', #3153, #3605, #2770, .T. ) ;
#1529 = PLANE ( 'NONE',  #1601 ) ;
#1530 = CARTESIAN_POINT ( 'NONE',  ( -1.567714625295792308, -1.528069757547235730, 0.8507569430786593445 ) ) ;
#1531 = FILL_AREA_STYLE_COLOUR ( '', #3430 ) ;
#1532 = ORIENTED_EDGE ( 'NONE', *, *, #2093, .F. ) ;
#1533 = CLOSED_SHELL ( 'NONE', ( #1033, #842, #313, #2831, #1794, #462 ) ) ;
#1534 = EDGE_CURVE ( 'NONE', #1589, #1898, #2194, .T. ) ;
#1535 = CARTESIAN_POINT ( 'NONE',  ( 1.556367436403109927, 1.075205804257609810, -0.8507614219928359978 ) ) ;
#1536 = EDGE_CURVE ( 'NONE', #1146, #2148, #951, .T. ) ;
#1537 =( GEOMETRIC_REPRESENTATION_CONTEXT ( 3 ) GLOBAL_UNCERTAINTY_ASSIGNED_CONTEXT ( ( #867 ) ) GLOBAL_UNIT_ASSIGNED_CONTEXT ( ( #1243, #2929, #1634 ) ) REPRESENTATION_CONTEXT ( 'NONE', 'WORKASPACE' ) );
#1538 = ORIENTED_EDGE ( 'NONE', *, *, #1918, .F. ) ;
#1539 = AXIS2_PLACEMENT_3D ( 'NONE', #2814, #1882, #2752 ) ;
#1540 = CARTESIAN_POINT ( 'NONE',  ( 0.7334583205238229819, 0.5280800628543149688, -0.6115416606113011078 ) ) ;
#1541 = CARTESIAN_POINT ( 'NONE',  ( 1.528599250674558929, -1.597631926404960545, 0.8201962637568475101 ) ) ;
#1542 = COLOUR_RGB ( '',0.5725490196078431016, 0.5725490196078431016, 0.5725490196078431016 ) ;
#1543 = B_SPLINE_SURFACE_WITH_KNOTS ( 'NONE', 1, 1, ( 
 ( #2815, #3705 ),
 ( #2134, #662 ) ),
 .UNSPECIFIED., .F., .F., .F.,
 ( 2, 2 ),
 ( 2, 2 ),
 ( 0.0000000000000000000, 1.379999999999999893 ),
 ( 0.0000000000000000000, 0.2339458956822389746 ),
 .UNSPECIFIED. ) ;
#1544 = ORIENTED_EDGE ( 'NONE', *, *, #941, .T. ) ;
#1545 = FACE_OUTER_BOUND ( 'NONE', #1159, .T. ) ;
#1546 = CARTESIAN_POINT ( 'NONE',  ( 0.09061483364182111588, -0.1013795830118039837, -0.6115416606113011078 ) ) ;
#1547 = CARTESIAN_POINT ( 'NONE',  ( -2.951121866803800398, -1.098999999999999977, -0.003948154439976540170 ) ) ;
#1548 = EDGE_LOOP ( 'NONE', ( #74, #2459, #229, #277 ) ) ;
#1549 = CARTESIAN_POINT ( 'NONE',  ( 1.527975494278931645, 1.539179096517476086, 0.8695786284905980823 ) ) ;
#1550 = B_SPLINE_CURVE_WITH_KNOTS ( 'NONE', 3,
 ( #2050, #1490, #3228, #2067, #3495, #2665, #2609, #573, #1430, #3475, #871, #2630 ),
 .UNSPECIFIED., .F., .F.,
 ( 4, 2, 2, 2, 2, 4 ),
 ( 0.0000000000000000000, 0.2499999999999962252, 0.3749999999999943379, 0.4374999999999933942, 0.4999999999999924505, 1.000000000000000000 ),
 .UNSPECIFIED. ) ;
#1551 =( NAMED_UNIT ( * ) PLANE_ANGLE_UNIT ( ) SI_UNIT ( $, .RADIAN. ) );
#1552 = ORIENTED_EDGE ( 'NONE', *, *, #719, .T. ) ;
#1553 = ORIENTED_EDGE ( 'NONE', *, *, #319, .T. ) ;
#1554 = CARTESIAN_POINT ( 'NONE',  ( 0.3519999999999999796, -2.546735226440004991E-17, 0.7872583393886990466 ) ) ;
#1555 = CARTESIAN_POINT ( 'NONE',  ( 0.2129566779142480215, -0.2813547051662804166, 0.7872583393886990466 ) ) ;
#1556 = CARTESIAN_POINT ( 'NONE',  ( -1.555205804274729875, 1.555205804274729875, -0.8995416606113010305 ) ) ;
#1557 = EDGE_CURVE ( 'NONE', #3594, #2642, #3251, .T. ) ;
#1558 = ORIENTED_EDGE ( 'NONE', *, *, #2661, .F. ) ;
#1559 = EDGE_CURVE ( 'NONE', #3462, #1363, #667, .T. ) ;
#1560 = ORIENTED_EDGE ( 'NONE', *, *, #2666, .T. ) ;
#1561 = CARTESIAN_POINT ( 'NONE',  ( 1.222727403590149864, 1.567711054117296499, -0.6435416606113011362 ) ) ;
#1562 = CARTESIAN_POINT ( 'NONE',  ( -1.557529068453240129, 1.507588616218239919, -0.8519811833705109860 ) ) ;
#1563 = EDGE_LOOP ( 'NONE', ( #2389, #1135, #2261, #2009 ) ) ;
#1564 = CARTESIAN_POINT ( 'NONE',  ( -1.274038533470460033, 1.098999999999999977, -0.003948154439976540170 ) ) ;
#1565 = CARTESIAN_POINT ( 'NONE',  ( 2.809751653251149950, 0.9401764705882299511, -0.003948154439976540170 ) ) ;
#1566 = B_SPLINE_CURVE_WITH_KNOTS ( 'NONE', 1,
 ( #1014, #990 ),
 .UNSPECIFIED., .F., .F.,
 ( 2, 2 ),
 ( -0.1000000000000000056, 1.387778780781445676E-17 ),
 .UNSPECIFIED. ) ;
#1567 = DIRECTION ( 'NONE',  ( 0.0000000000000000000, -1.000000000000000000, 0.0000000000000000000 ) ) ;
#1568 = FACE_OUTER_BOUND ( 'NONE', #429, .T. ) ;
#1569 = CARTESIAN_POINT ( 'NONE',  ( 0.7334583205238240922, 0.4320800628543140509, -0.6115416606113011078 ) ) ;
#1570 =( LENGTH_UNIT ( ) NAMED_UNIT ( * ) SI_UNIT ( .MILLI., .METRE. ) );
#1571 = ORIENTED_EDGE ( 'NONE', *, *, #1653, .F. ) ;
#1572 = ORIENTED_EDGE ( 'NONE', *, *, #3068, .T. ) ;
#1573 = CARTESIAN_POINT ( 'NONE',  ( -1.507588616457244957, 1.507588616707389972, -0.8995416606113719737 ) ) ;
#1574 = CARTESIAN_POINT ( 'NONE',  ( 2.941598925124079944, -0.3989999999999930269, 0.1777603974200540060 ) ) ;
#1575 = B_SPLINE_SURFACE_WITH_KNOTS ( 'NONE', 1, 1, ( 
 ( #1441, #637 ),
 ( #3839, #3504 ) ),
 .UNSPECIFIED., .F., .F., .F.,
 ( 2, 2 ),
 ( 2, 2 ),
 ( 0.0000000000000000000, 3.200000000000000178 ),
 ( 0.0000000000000000000, 0.9191855307506470174 ),
 .UNSPECIFIED. ) ;
#1576 = FILL_AREA_STYLE ('',( #388 ) ) ;
#1577 = ORIENTED_EDGE ( 'NONE', *, *, #1653, .T. ) ;
#1578 = EDGE_CURVE ( 'NONE', #1807, #2771, #294, .T. ) ;
#1579 = FACE_OUTER_BOUND ( 'NONE', #2688, .T. ) ;
#1580 = CARTESIAN_POINT ( 'NONE',  ( 1.264515591790740023, 0.3989999999999930269, 0.1777603974200540060 ) ) ;
#1581 = ORIENTED_EDGE ( 'NONE', *, *, #3168, .T. ) ;
#1582 = ADVANCED_FACE ( 'NONE', ( #1078 ), #3629, .F. ) ;
#1583 = ORIENTED_EDGE ( 'NONE', *, *, #1346, .T. ) ;
#1584 = CARTESIAN_POINT ( 'NONE',  ( -0.1181969969606872090, 0.3318070010571402828, 0.8704583393886988762 ) ) ;
#1585 = CARTESIAN_POINT ( 'NONE',  ( -1.235779548787830029, 1.350400521521350150, -0.6115416606113011078 ) ) ;
#1586 =( BOUNDED_SURFACE ( )  B_SPLINE_SURFACE ( 1, 2, ( 
 ( #2182, #3362, #1854, #709, #2125 ),
 ( #972, #2143, #3326, #2724, #2465 ) ),
 .UNSPECIFIED., .F., .F., .T. ) 
 B_SPLINE_SURFACE_WITH_KNOTS ( ( 2, 2 ),
 ( 3, 2, 3 ),
 ( 0.0000000000000000000, 4.271668854110449942 ),
 ( 1.570796326794899889, 3.141592653589790007, 4.712388980384689674 ),
 .UNSPECIFIED. ) 
 GEOMETRIC_REPRESENTATION_ITEM ( )  RATIONAL_B_SPLINE_SURFACE ( (
 ( 1.000000000000000000, 0.7071067811865480168, 1.000000000000000000, 0.7071067811865480168, 1.000000000000000000),
 ( 1.000000000000000000, 0.7071067811865480168, 1.000000000000000000, 0.7071067811865480168, 1.000000000000000000) ) ) 
 REPRESENTATION_ITEM ( '' )  SURFACE ( )  );
#1587 = CARTESIAN_POINT ( 'NONE',  ( 0.1172256295617419841, -0.3412604950904100098, -0.6115416606113011078 ) ) ;
#1588 = CARTESIAN_POINT ( 'NONE',  ( 1.577859690179940211, -1.527878619754239997, 0.8218340601543319135 ) ) ;
#1589 = VERTEX_POINT ( 'NONE', #3587 ) ;
#1590 = CYLINDRICAL_SURFACE ( 'NONE', #295, 0.09600000000000005751 ) ;
#1591 = SURFACE_STYLE_FILL_AREA ( #2184 ) ;
#1592 = SURFACE_STYLE_USAGE ( .BOTH. , #381 ) ;
#1593 = ORIENTED_EDGE ( 'NONE', *, *, #1769, .T. ) ;
#1594 = ORIENTED_EDGE ( 'NONE', *, *, #1918, .T. ) ;
#1595 = B_SPLINE_CURVE_WITH_KNOTS ( 'NONE', 1,
 ( #795, #3761 ),
 .UNSPECIFIED., .F., .F.,
 ( 2, 2 ),
 ( -2.247006429212920153, 0.0000000000000000000 ),
 .UNSPECIFIED. ) ;
#1596 = CARTESIAN_POINT ( 'NONE',  ( -1.557529068209049905, -1.507588615728959969, -0.8519811833585479999 ) ) ;
#1597 = CARTESIAN_POINT ( 'NONE',  ( -1.548142983925027583, 1.527983530406606949, 0.8662783569484271418 ) ) ;
#1598 = CARTESIAN_POINT ( 'NONE',  ( 2.951121866803800398, -1.098999999999999977, -0.003948154439976540170 ) ) ;
#1599 = ORIENTED_EDGE ( 'NONE', *, *, #1391, .F. ) ;
#1600 = CARTESIAN_POINT ( 'NONE',  ( 1.507588616215439936, -1.557529068452645049, -0.8519811833704818982 ) ) ;
#1601 = AXIS2_PLACEMENT_3D ( 'NONE', #2697, #50, #2324 ) ;
#1602 = CARTESIAN_POINT ( 'NONE',  ( 1.576521314831399678, 1.527878619593448395, 0.8704583393375118217 ) ) ;
#1603 = B_SPLINE_CURVE_WITH_KNOTS ( 'NONE', 3,
 ( #1758, #849, #3245, #1799, #2302, #2016, #2377, #240, #610, #559, #1780, #7, #2961, #1196, #1467, #3552, #1412, #2342, #1741, #2592, #1122, #3197, #2646, #542, #1721, #3832, #2903, #2361, #3530, #1158, #2921, #260, #1447, #3808 ),
 .UNSPECIFIED., .F., .F.,
 ( 4, 1, 1, 2, 2, 2, 1, 1, 2, 2, 2, 1, 1, 2, 2, 2, 1, 1, 2, 2, 4 ),
 ( 0.0000000000000000000, 0.06250000000000013878, 0.09375000000000020817, 0.1093750000000002776, 0.1250000000000003331, 0.2500000000000009992, 0.3125000000000013878, 0.3437500000000014433, 0.3593750000000014433, 0.3750000000000014988, 0.5000000000000014433, 0.5625000000000014433, 0.5937500000000014433, 0.6093750000000014433, 0.6250000000000015543, 0.7500000000000009992, 0.8125000000000006661, 0.8437500000000005551, 0.8593750000000004441, 0.8750000000000003331, 1.000000000000000000 ),
 .UNSPECIFIED. ) ;
#1604 = EDGE_CURVE ( 'NONE', #1197, #2224, #2842, .T. ) ;
#1605 = B_SPLINE_CURVE_WITH_KNOTS ( 'NONE', 1,
 ( #3346, #425 ),
 .UNSPECIFIED., .F., .F.,
 ( 2, 2 ),
 ( -0.05000000000000000278, 6.938893903907228378E-18 ),
 .UNSPECIFIED. ) ;
#1606 = ORIENTED_EDGE ( 'NONE', *, *, #446, .F. ) ;
#1607 = ORIENTED_EDGE ( 'NONE', *, *, #944, .T. ) ;
#1608 = CARTESIAN_POINT ( 'NONE',  ( 0.3499404568311643704, 0.04450163867757019748, 0.8704583393886988762 ) ) ;
#1609 = PRESENTATION_STYLE_ASSIGNMENT (( #1893 ) ) ;
#1610 = EDGE_CURVE ( 'NONE', #3412, #2692, #1737, .T. ) ;
#1611 = ADVANCED_FACE ( 'NONE', ( #1237 ), #3130, .F. ) ;
#1612 = B_SPLINE_SURFACE_WITH_KNOTS ( 'NONE', 1, 1, ( 
 ( #2891, #2930 ),
 ( #802, #232 ) ),
 .UNSPECIFIED., .F., .F., .F.,
 ( 2, 2 ),
 ( 2, 2 ),
 ( 0.0000000000000000000, 0.8536460023392689056 ),
 ( 0.0000000000000000000, 3.200000000000000178 ),
 .UNSPECIFIED. ) ;
#1613 = CARTESIAN_POINT ( 'NONE',  ( -1.571686043054591364, 1.521745590874013176, -0.5621680630623132613 ) ) ;
#1614 = CARTESIAN_POINT ( 'NONE',  ( 1.578474033440575575, 1.528533581544659903, -0.4232083812170564507 ) ) ;
#1615 = VERTEX_POINT ( 'NONE', #1953 ) ;
#1616 = VERTEX_POINT ( 'NONE', #474 ) ;
#1617 = CARTESIAN_POINT ( 'NONE',  ( 1.507588616704579998, 1.052112313726220050, -0.8995416606112149882 ) ) ;
#1618 = CARTESIAN_POINT ( 'NONE',  ( 1.109778426977060084, -0.5238407496419549281, -0.6115416606113011078 ) ) ;
#1619 = FACE_OUTER_BOUND ( 'NONE', #3679, .T. ) ;
#1620 = CARTESIAN_POINT ( 'NONE',  ( -1.575217056115359338, 1.555205804817680004, -0.8995416612129191192 ) ) ;
#1621 = ORIENTED_EDGE ( 'NONE', *, *, #3206, .F. ) ;
#1622 = ORIENTED_EDGE ( 'NONE', *, *, #3042, .F. ) ;
#1623 = CARTESIAN_POINT ( 'NONE',  ( 1.571686043051913728, -1.521745590874239884, -0.5621680630577058357 ) ) ;
#1624 = PLANE ( 'NONE',  #1764 ) ;
#1625 = ORIENTED_EDGE ( 'NONE', *, *, #1610, .T. ) ;
#1626 = ADVANCED_FACE ( 'NONE', ( #1870 ), #46, .T. ) ;
#1627 = ADVANCED_FACE ( 'NONE', ( #2417 ), #924, .F. ) ;
#1628 = PLANE ( 'NONE',  #2897 ) ;
#1629 = SURFACE_STYLE_FILL_AREA ( #149 ) ;
#1630 = CARTESIAN_POINT ( 'NONE',  ( 1.517770602220990028, 1.567711054117240099, -0.6435416606127359884 ) ) ;
#1631 = VERTEX_POINT ( 'NONE', #967 ) ;
#1632 = EDGE_CURVE ( 'NONE', #1819, #3332, #237, .T. ) ;
#1633 = ORIENTED_EDGE ( 'NONE', *, *, #339, .F. ) ;
#1634 =( NAMED_UNIT ( * ) SI_UNIT ( $, .STERADIAN. ) SOLID_ANGLE_UNIT ( ) );
#1635 = CARTESIAN_POINT ( 'NONE',  ( -2.941598925124079944, -1.098999999999999977, 0.1777603974200540060 ) ) ;
#1636 = FACE_OUTER_BOUND ( 'NONE', #1290, .T. ) ;
#1637 = PLANE ( 'NONE',  #1660 ) ;
#1638 = VERTEX_POINT ( 'NONE', #400 ) ;
#1639 = VERTEX_POINT ( 'NONE', #1546 ) ;
#1640 = CARTESIAN_POINT ( 'NONE',  ( 1.585843017572553526, -1.535902565530309571, -0.2723549427410315027 ) ) ;
#1641 = B_SPLINE_CURVE_WITH_KNOTS ( 'NONE', 1,
 ( #2395, #1488 ),
 .UNSPECIFIED., .F., .F.,
 ( 2, 2 ),
 ( -0.05000000000000000278, 6.938893903907228378E-18 ),
 .UNSPECIFIED. ) ;
#1642 = CARTESIAN_POINT ( 'NONE',  ( 0.7334583205238240922, -0.4663931160698699951, -0.6115416606113011078 ) ) ;
#1643 = CARTESIAN_POINT ( 'NONE',  ( -0.1346039785175880132, 0.2925176989456330090, -0.6115416606113011078 ) ) ;
#1644 = DIRECTION ( 'NONE',  ( 0.0000000000000000000, 0.0000000000000000000, -1.000000000000000000 ) ) ;
#1645 = PLANE ( 'NONE',  #3802 ) ;
#1646 = EDGE_CURVE ( 'NONE', #3666, #3590, #2431, .T. ) ;
#1647 = ORIENTED_EDGE ( 'NONE', *, *, #2785, .T. ) ;
#1648 = CARTESIAN_POINT ( 'NONE',  ( 1.235205804274687846, 1.395205804274801231, -0.8495416606113350699 ) ) ;
#1649 = CARTESIAN_POINT ( 'NONE',  ( -1.554036041947024938, -1.577839887940064134, 0.8225534938572374166 ) ) ;
#1650 = CARTESIAN_POINT ( 'NONE',  ( -0.3096449070851289842, 0.5864464410663779992, -0.6755416606113010536 ) ) ;
#1651 = EDGE_CURVE ( 'NONE', #2853, #1913, #1926, .T. ) ;
#1652 = ORIENTED_EDGE ( 'NONE', *, *, #772, .T. ) ;
#1653 = EDGE_CURVE ( 'NONE', #1127, #1878, #341, .T. ) ;
#1654 = B_SPLINE_CURVE_WITH_KNOTS ( 'NONE', 1,
 ( #800, #1673 ),
 .UNSPECIFIED., .F., .F.,
 ( 2, 2 ),
 ( 0.0000000000000000000, 0.9000000000000000222 ),
 .UNSPECIFIED. ) ;
#1655 = CARTESIAN_POINT ( 'NONE',  ( 0.7334583205238238701, -0.3412604950904092327, -0.5795416606113010793 ) ) ;
#1656 = DIRECTION ( 'NONE',  ( 1.000000000000000000, 2.917191000683380013E-13, -3.530038109081030179E-13 ) ) ;
#1657 = CARTESIAN_POINT ( 'NONE',  ( 2.650710163004419861, 1.098999999999999977, -0.003948154439976869767 ) ) ;
#1658 = ORIENTED_EDGE ( 'NONE', *, *, #1604, .F. ) ;
#1659 = DIRECTION ( 'NONE',  ( 0.9986295347545742773, 7.465764806265832806E-16, 0.05233595624293831128 ) ) ;
#1660 = AXIS2_PLACEMENT_3D ( 'NONE', #2817, #3410, #392 ) ;
#1661 = PRESENTATION_LAYER_ASSIGNMENT (  '', '', ( #3508 ) ) ;
#1662 = ORIENTED_EDGE ( 'NONE', *, *, #3688, .T. ) ;
#1663 = CARTESIAN_POINT ( 'NONE',  ( 1.507243796627020460, -1.543415623493170852, -0.8995416610968207660 ) ) ;
#1664 = CARTESIAN_POINT ( 'NONE',  ( 1.521745590871213194, -1.571686043054488557, -0.5621680630623034913 ) ) ;
#1665 = CARTESIAN_POINT ( 'NONE',  ( 1.577859690213021304, 1.563208022238590900, 0.8218340602278602081 ) ) ;
#1666 = AXIS2_PLACEMENT_3D ( 'NONE', #720, #3648, #1905 ) ;
#1667 = EDGE_LOOP ( 'NONE', ( #3176, #434, #3384 ) ) ;
#1668 = CARTESIAN_POINT ( 'NONE',  ( 1.567711054114746538, 1.222727403591086448, -0.6435416606113011362 ) ) ;
#1669 = CARTESIAN_POINT ( 'NONE',  ( 1.385965582667739948, 1.350400521521350150, -0.9988184606113008623 ) ) ;
#1670 = ADVANCED_FACE ( 'NONE', ( #250 ), #2311, .T. ) ;
#1671 = CARTESIAN_POINT ( 'NONE',  ( -0.1816449070851290093, 0.2589918475817539756, -0.6115416606113011078 ) ) ;
#1672 = ORIENTED_EDGE ( 'NONE', *, *, #109, .T. ) ;
#1673 = CARTESIAN_POINT ( 'NONE',  ( 1.264515591790740023, 0.3989999999999939706, 0.1777603974200540060 ) ) ;
#1674 = CARTESIAN_POINT ( 'NONE',  ( 0.6679664639465859866, 0.2824640832897150067, -0.6115416606113011078 ) ) ;
#1675 = EDGE_CURVE ( 'NONE', #3023, #1127, #3024, .T. ) ;
#1676 = CARTESIAN_POINT ( 'NONE',  ( 1.274038533470460033, -0.3989999999999939706, -0.003948154439976309452 ) ) ;
#1677 = EDGE_LOOP ( 'NONE', ( #1978, #956, #1348, #2800 ) ) ;
#1678 = ORIENTED_EDGE ( 'NONE', *, *, #864, .T. ) ;
#1679 = CARTESIAN_POINT ( 'NONE',  ( -1.264515591790740023, -1.098999999999999977, 0.1777603974200540060 ) ) ;
#1680 = ORIENTED_EDGE ( 'NONE', *, *, #2332, .T. ) ;
#1681 = DIRECTION ( 'NONE',  ( 0.0000000000000000000, -1.000000000000000000, 0.0000000000000000000 ) ) ;
#1682 = CARTESIAN_POINT ( 'NONE',  ( 1.075205804274729893, 1.567711054117330027, -0.6435416606113011362 ) ) ;
#1683 = CARTESIAN_POINT ( 'NONE',  ( 1.528533581541626551, 1.578474033443160618, -0.4232083812216695384 ) ) ;
#1684 = VERTEX_POINT ( 'NONE', #3469 ) ;
#1685 = ORIENTED_EDGE ( 'NONE', *, *, #537, .F. ) ;
#1686 = DIRECTION ( 'NONE',  ( 1.000000000000000000, 0.0000000000000000000, 0.0000000000000000000 ) ) ;
#1687 = CARTESIAN_POINT ( 'NONE',  ( -0.3519999999999999796, 3.200940417558240124E-17, 0.7872583393886980474 ) ) ;
#1688 = DIRECTION ( 'NONE',  ( -0.0000000000000000000, 1.000000000000000000, 0.0000000000000000000 ) ) ;
#1689 = ORIENTED_EDGE ( 'NONE', *, *, #2286, .T. ) ;
#1690 = B_SPLINE_CURVE_WITH_KNOTS ( 'NONE', 1,
 ( #546, #2003 ),
 .UNSPECIFIED., .F., .F.,
 ( 2, 2 ),
 ( -0.01572233378491109945, 0.1662355850790530054 ),
 .UNSPECIFIED. ) ;
#1691 = CARTESIAN_POINT ( 'NONE',  ( 1.599937838949692770, -1.576168745720880393, 0.01618581468893172740 ) ) ;
#1692 = CARTESIAN_POINT ( 'NONE',  ( -1.556648770273747484, -1.518796354838642282, -0.8525936810690322165 ) ) ;
#1693 = CARTESIAN_POINT ( 'NONE',  ( 1.599999999998600098, 1.600000000000000089, 0.01745833938869869803 ) ) ;
#1694 = B_SPLINE_CURVE_WITH_KNOTS ( 'NONE', 1,
 ( #2635, #2949 ),
 .UNSPECIFIED., .F., .F.,
 ( 2, 2 ),
 ( -1.720586828547250091, 0.0000000000000000000 ),
 .UNSPECIFIED. ) ;
#1695 = ORIENTED_EDGE ( 'NONE', *, *, #3048, .T. ) ;
#1696 = EDGE_CURVE ( 'NONE', #1053, #3023, #3719, .T. ) ;
#1697 = CARTESIAN_POINT ( 'NONE',  ( -0.3096449070851289842, 0.7144464410663780018, -0.6755416606113010536 ) ) ;
#1698 = B_SPLINE_CURVE_WITH_KNOTS ( 'NONE', 1,
 ( #745, #1934 ),
 .UNSPECIFIED., .F., .F.,
 ( 2, 2 ),
 ( -0.05000000000000000278, 6.938893903907228378E-18 ),
 .UNSPECIFIED. ) ;
#1699 = EDGE_CURVE ( 'NONE', #1155, #3598, #3810, .T. ) ;
#1700 = ORIENTED_EDGE ( 'NONE', *, *, #1198, .F. ) ;
#1701 = B_SPLINE_CURVE_WITH_KNOTS ( 'NONE', 1,
 ( #2871, #1365 ),
 .UNSPECIFIED., .F., .F.,
 ( 2, 2 ),
 ( -1.570586828547249958, 0.0000000000000000000 ),
 .UNSPECIFIED. ) ;
#1702 = FACE_OUTER_BOUND ( 'NONE', #1995, .T. ) ;
#1703 = CARTESIAN_POINT ( 'NONE',  ( -0.02440962149056400202, 1.350400521521350150, -0.9988184606113008623 ) ) ;
#1704 = ORIENTED_EDGE ( 'NONE', *, *, #1559, .T. ) ;
#1705 = CARTESIAN_POINT ( 'NONE',  ( 1.567711054114530045, 1.075205804274729893, -0.6435416606113011362 ) ) ;
#1706 = DIRECTION ( 'NONE',  ( 0.0000000000000000000, 0.0000000000000000000, 1.000000000000000000 ) ) ;
#1707 = CARTESIAN_POINT ( 'NONE',  ( 2.941598925124079944, 0.7990000000000000435, 0.1777603974200540060 ) ) ;
#1708 = ORIENTED_EDGE ( 'NONE', *, *, #2703, .T. ) ;
#1709 = ORIENTED_EDGE ( 'NONE', *, *, #2785, .F. ) ;
#1710 = CARTESIAN_POINT ( 'NONE',  ( 2.951121866803800398, 1.098999999999999977, -0.003948154439976540170 ) ) ;
#1711 = DIRECTION ( 'NONE',  ( 1.000000000000000000, 0.0000000000000000000, 0.0000000000000000000 ) ) ;
#1712 = CARTESIAN_POINT ( 'NONE',  ( -0.3096449070851289842, -0.3118014392384789724, -0.6755416606113010536 ) ) ;
#1713 = ORIENTED_EDGE ( 'NONE', *, *, #3757, .T. ) ;
#1714 = CARTESIAN_POINT ( 'NONE',  ( 0.7334583205238240922, -0.08768359317491919436, -0.5795416606113010793 ) ) ;
#1715 = ORIENTED_EDGE ( 'NONE', *, *, #1419, .T. ) ;
#1716 = MECHANICAL_DESIGN_GEOMETRIC_PRESENTATION_REPRESENTATION (  '', ( #3451 ), #1537 ) ;
#1717 = CARTESIAN_POINT ( 'NONE',  ( 1.482999342109881935, -1.544153405782860089, -0.8731743216581250300 ) ) ;
#1718 = EDGE_CURVE ( 'NONE', #2175, #23, #2379, .T. ) ;
#1719 = B_SPLINE_CURVE_WITH_KNOTS ( 'NONE', 1,
 ( #628, #2083 ),
 .UNSPECIFIED., .F., .F.,
 ( 2, 2 ),
 ( 0.0000000000000000000, 1.379999999999999893 ),
 .UNSPECIFIED. ) ;
#1720 = CARTESIAN_POINT ( 'NONE',  ( -0.9998754831954069777, -0.5350502318310639271, -0.5795416606113010793 ) ) ;
#1721 = CARTESIAN_POINT ( 'NONE',  ( 0.6629138946499449903, -0.8758558513560380510, -0.5799999999999999600 ) ) ;
#1722 = EDGE_CURVE ( 'NONE', #1146, #593, #3571, .T. ) ;
#1723 = ORIENTED_EDGE ( 'NONE', *, *, #577, .F. ) ;
#1724 = COLOUR_RGB ( '',0.5725490196078431016, 0.5725490196078431016, 0.5725490196078431016 ) ;
#1725 = FACE_OUTER_BOUND ( 'NONE', #1728, .T. ) ;
#1726 = AXIS2_PLACEMENT_3D ( 'NONE', #810, #2608, #1644 ) ;
#1727 = CARTESIAN_POINT ( 'NONE',  ( 1.261828496021739854, 0.5280800628543149688, -0.6115416606113011078 ) ) ;
#1728 = EDGE_LOOP ( 'NONE', ( #1606, #758, #468, #2879 ) ) ;
#1729 = VERTEX_POINT ( 'NONE', #269 ) ;
#1730 = B_SPLINE_CURVE_WITH_KNOTS ( 'NONE', 1,
 ( #2057, #1635 ),
 .UNSPECIFIED., .F., .F.,
 ( 2, 2 ),
 ( 0.0000000000000000000, 1.379999999999999893 ),
 .UNSPECIFIED. ) ;
#1731 = CARTESIAN_POINT ( 'NONE',  ( 1.599999995416925058, -1.550039235149549999, 0.01745824772352220014 ) ) ;
#1732 =( BOUNDED_SURFACE ( )  B_SPLINE_SURFACE ( 1, 2, ( 
 ( #1477, #2985, #1496, #2672, #1803 ),
 ( #15, #3837, #1185, #1205, #1766 ) ),
 .UNSPECIFIED., .F., .F., .F. ) 
 B_SPLINE_SURFACE_WITH_KNOTS ( ( 2, 2 ),
 ( 3, 2, 3 ),
 ( 0.0000000000000000000, 4.271668854110449942 ),
 ( 1.570796326794899889, 3.141592653589790007, 4.712388980384689674 ),
 .UNSPECIFIED. ) 
 GEOMETRIC_REPRESENTATION_ITEM ( )  RATIONAL_B_SPLINE_SURFACE ( (
 ( 1.000000000000000000, 0.7071067811865480168, 1.000000000000000000, 0.7071067811865480168, 1.000000000000000000),
 ( 1.000000000000000000, 0.7071067811865480168, 1.000000000000000000, 0.7071067811865480168, 1.000000000000000000) ) ) 
 REPRESENTATION_ITEM ( '' )  SURFACE ( )  );
#1733 = CARTESIAN_POINT ( 'NONE',  ( 2.951121866803800398, -1.098999999999999977, -0.003948154439976540170 ) ) ;
#1734 = DIRECTION ( 'NONE',  ( -3.821790634810040035E-16, 1.000000000000000000, 0.0000000000000000000 ) ) ;
#1735 = CARTESIAN_POINT ( 'NONE',  ( 0.1172256295617419841, -0.3412604950904100098, -0.5795416606113010793 ) ) ;
#1736 = MANIFOLD_SURFACE_SHAPE_REPRESENTATION ( '59FC36DE-5286-44DF-A28C-5CE39C69A673', ( #3167, #521 ), #2252 ) ;
#1737 = B_SPLINE_CURVE_WITH_KNOTS ( 'NONE', 1,
 ( #1585, #669 ),
 .UNSPECIFIED., .F., .F.,
 ( 2, 2 ),
 ( -1.720586828547250091, 0.0000000000000000000 ),
 .UNSPECIFIED. ) ;
#1738 = ORIENTED_EDGE ( 'NONE', *, *, #2599, .F. ) ;
#1739 = CARTESIAN_POINT ( 'NONE',  ( 0.2813547051662773080, -0.2129566779142543775, 0.8704583393886989873 ) ) ;
#1740 = CARTESIAN_POINT ( 'NONE',  ( -0.2306039785175880152, 0.6240800628543150541, -0.5955416606113009825 ) ) ;
#1741 = CARTESIAN_POINT ( 'NONE',  ( 0.1714246209283457334, -1.078392039972015715, -0.5799999999999999600 ) ) ;
#1742 = ORIENTED_EDGE ( 'NONE', *, *, #2222, .F. ) ;
#1743 = EDGE_CURVE ( 'NONE', #1904, #1848, #2935, .T. ) ;
#1744 = ADVANCED_FACE ( 'NONE', ( #196 ), #1612, .F. ) ;
#1745 = CARTESIAN_POINT ( 'NONE',  ( -0.1346039785175880132, -1.316449875027960070, -0.6115416606113011078 ) ) ;
#1746 = CARTESIAN_POINT ( 'NONE',  ( 0.02122562956174139925, -0.4372604950904099841, -0.5795416606113010793 ) ) ;
#1747 = EDGE_CURVE ( 'NONE', #1878, #3662, #2691, .T. ) ;
#1748 = CARTESIAN_POINT ( 'NONE',  ( -1.550039235149234917, -1.599999995418635024, 0.01745824771571029971 ) ) ;
#1749 = B_SPLINE_CURVE_WITH_KNOTS ( 'NONE', 3,
 ( #1792, #2676, #20, #1209 ),
 .UNSPECIFIED., .F., .F.,
 ( 4, 4 ),
 ( 0.0000000000000000000, 1.000000000000000000 ),
 .UNSPECIFIED. ) ;
#1750 = DIRECTION ( 'NONE',  ( 0.0000000000000000000, 0.0000000000000000000, -1.000000000000000000 ) ) ;
#1751 = CARTESIAN_POINT ( 'NONE',  ( 0.4166104749733610113, 1.005235400649146627, -0.5799999999999999600 ) ) ;
#1752 = ORIENTED_EDGE ( 'NONE', *, *, #3779, .F. ) ;
#1753 = CARTESIAN_POINT ( 'NONE',  ( -0.1816449070851290093, 0.2589918475817539756, -0.6115416606113011078 ) ) ;
#1754 = FACE_OUTER_BOUND ( 'NONE', #458, .T. ) ;
#1755 = EDGE_LOOP ( 'NONE', ( #3461, #1738, #3617, #985, #1689, #2766 ) ) ;
#1756 = CARTESIAN_POINT ( 'NONE',  ( -1.535258723415670046, -1.585239793857348367, 0.5537088055453019964 ) ) ;
#1757 = CARTESIAN_POINT ( 'NONE',  ( -0.9038754831954058933, -0.4390502318310640084, -0.6115416606113011078 ) ) ;
#1758 = CARTESIAN_POINT ( 'NONE',  ( -1.088000000000973966, -8.882771449820929867E-17, -0.5800000000008460610 ) ) ;
#1759 = ORIENTED_EDGE ( 'NONE', *, *, #218, .F. ) ;
#1760 = CARTESIAN_POINT ( 'NONE',  ( -1.507588616457244957, 1.507588616707389972, -0.8995416606113719737 ) ) ;
#1761 = DIRECTION ( 'NONE',  ( 0.0000000000000000000, -1.000000000000000000, 0.0000000000000000000 ) ) ;
#1762 = CARTESIAN_POINT ( 'NONE',  ( -0.2306039785175890144, 0.5280800628543149688, -0.5795416606113010793 ) ) ;
#1763 = EDGE_CURVE ( 'NONE', #3293, #2117, #2012, .T. ) ;
#1764 = AXIS2_PLACEMENT_3D ( 'NONE', #729, #1329, #1350 ) ;
#1765 = EDGE_LOOP ( 'NONE', ( #1094, #1030, #1922, #2102 ) ) ;
#1766 = CARTESIAN_POINT ( 'NONE',  ( -1.408046146095540019, -2.586538808801510089E-16, -1.112646234352169916 ) ) ;
#1767 = PRESENTATION_STYLE_ASSIGNMENT (( #1404 ) ) ;
#1768 = CARTESIAN_POINT ( 'NONE',  ( -0.3829901664723103227, 1.018546133431536216, -0.5799999999999998490 ) ) ;
#1769 = EDGE_CURVE ( 'NONE', #1241, #1631, #3208, .T. ) ;
#1770 = B_SPLINE_CURVE_WITH_KNOTS ( 'NONE', 1,
 ( #3588, #3653 ),
 .UNSPECIFIED., .F., .F.,
 ( 2, 2 ),
 ( -0.2339458956822389746, 0.0000000000000000000 ),
 .UNSPECIFIED. ) ;
#1771 = ADVANCED_FACE ( 'NONE', ( #3815 ), #2406, .F. ) ;
#1772 = VERTEX_POINT ( 'NONE', #2041 ) ;
#1773 = CARTESIAN_POINT ( 'NONE',  ( 0.2152318929148709925, -0.1838014392384790252, -1.066018460611300123 ) ) ;
#1774 = CARTESIAN_POINT ( 'NONE',  ( 1.527181308737319831, -1.527878619694414963, 0.8704583393894350651 ) ) ;
#1775 = B_SPLINE_CURVE_WITH_KNOTS ( 'NONE', 1,
 ( #1304, #716 ),
 .UNSPECIFIED., .F., .F.,
 ( 2, 2 ),
 ( 0.0000000000000000000, 1.000000000000000000 ),
 .UNSPECIFIED. ) ;
#1776 = VERTEX_POINT ( 'NONE', #2008 ) ;
#1777 = CARTESIAN_POINT ( 'NONE',  ( 0.6374583205238228967, -0.3412604950904100098, -0.6115416606113011078 ) ) ;
#1778 = CARTESIAN_POINT ( 'NONE',  ( 0.1181969969606865983, -0.3318070010571391171, 0.8704583393886989873 ) ) ;
#1779 = DIRECTION ( 'NONE',  ( 0.0000000000000000000, 0.0000000000000000000, 1.000000000000000000 ) ) ;
#1780 = CARTESIAN_POINT ( 'NONE',  ( -0.6300183219427053505, -0.8927328625017907360, -0.5800000000000000711 ) ) ;
#1781 = ORIENTED_EDGE ( 'NONE', *, *, #1202, .F. ) ;
#1782 = CARTESIAN_POINT ( 'NONE',  ( 0.8294583205238239554, -0.5623931160698699694, -0.5795416606113010793 ) ) ;
#1783 = AXIS2_PLACEMENT_3D ( 'NONE', #3784, #2274, #494 ) ;
#1784 = CARTESIAN_POINT ( 'NONE',  ( 1.599999995416805154, 1.550039235149549999, 0.01745824772352990231 ) ) ;
#1785 = AXIS2_PLACEMENT_3D ( 'NONE', #3156, #1681, #1120 ) ;
#1786 = CARTESIAN_POINT ( 'NONE',  ( -0.1816449070851290093, -0.3118014392384789724, -0.6755416606113010536 ) ) ;
#1787 = CARTESIAN_POINT ( 'NONE',  ( 0.08760210576151035433, -0.3438287815882026255, 0.7872583393886991576 ) ) ;
#1788 = CARTESIAN_POINT ( 'NONE',  ( 1.050600568363111664, 0.2869826492084689429, -0.5800000000000000711 ) ) ;
#1789 = VERTEX_POINT ( 'NONE', #2275 ) ;
#1790 = B_SPLINE_CURVE_WITH_KNOTS ( 'NONE', 1,
 ( #2372, #2390 ),
 .UNSPECIFIED., .F., .F.,
 ( 2, 2 ),
 ( -1.284875716667239987, 0.0000000000000000000 ),
 .UNSPECIFIED. ) ;
#1791 = EDGE_CURVE ( 'NONE', #2888, #1352, #807, .T. ) ;
#1792 = CARTESIAN_POINT ( 'NONE',  ( -1.527878619833199947, -1.527878619833199947, 0.8704583393890320542 ) ) ;
#1793 = CARTESIAN_POINT ( 'NONE',  ( -0.1346039785175880132, -1.316449875027960070, -0.6115416606113011078 ) ) ;
#1794 = ADVANCED_FACE ( 'NONE', ( #839 ), #2634, .T. ) ;
#1795 = VERTEX_POINT ( 'NONE', #3221 ) ;
#1796 = PLANE ( 'NONE',  #787 ) ;
#1797 = CARTESIAN_POINT ( 'NONE',  ( 0.2661823382702781515, -0.2315678836693849385, 0.8704583393886989873 ) ) ;
#1798 = CARTESIAN_POINT ( 'NONE',  ( 1.274038533470460033, -1.098999999999999977, -0.003948154439976540170 ) ) ;
#1799 = CARTESIAN_POINT ( 'NONE',  ( -1.050600568365970267, -0.2869826492080418401, -0.5800000000000000711 ) ) ;
#1800 = ORIENTED_EDGE ( 'NONE', *, *, #3168, .F. ) ;
#1801 = CARTESIAN_POINT ( 'NONE',  ( -1.507589231854350009, -1.531260521139998554, -0.8960442063851045136 ) ) ;
#1802 = SURFACE_STYLE_FILL_AREA ( #2633 ) ;
#1803 = CARTESIAN_POINT ( 'NONE',  ( 5.773307815971219840E-16, 0.0000000000000000000, 1.230736076797360079 ) ) ;
#1804 = CARTESIAN_POINT ( 'NONE',  ( -0.8078754831954050308, 0.3885176989456339824, -0.5795416606113010793 ) ) ;
#1805 = CARTESIAN_POINT ( 'NONE',  ( 0.02122562956174069843, -0.1836835931749198347, -0.6115416606113012188 ) ) ;
#1806 = CARTESIAN_POINT ( 'NONE',  ( 0.0000000000000000000, 0.0000000000000000000, 0.0000000000000000000 ) ) ;
#1807 = VERTEX_POINT ( 'NONE', #2328 ) ;
#1808 = CARTESIAN_POINT ( 'NONE',  ( 1.261828496021739854, 1.350400521521350150, -0.5795416606113010793 ) ) ;
#1809 = PRESENTATION_STYLE_ASSIGNMENT (( #373 ) ) ;
#1810 = ADVANCED_FACE ( 'NONE', ( #566 ), #3203, .T. ) ;
#1811 = EDGE_LOOP ( 'NONE', ( #2314, #899, #1577, #618 ) ) ;
#1812 = FACE_OUTER_BOUND ( 'NONE', #296, .T. ) ;
#1813 = CARTESIAN_POINT ( 'NONE',  ( 2.880436760027470289, 0.8695882352941118887, -0.003948154439975979854 ) ) ;
#1814 = CARTESIAN_POINT ( 'NONE',  ( 0.8294583205238239554, -0.5623931160698699694, -0.6115416606113011078 ) ) ;
#1815 = EDGE_CURVE ( 'NONE', #1616, #2097, #569, .T. ) ;
#1816 = CARTESIAN_POINT ( 'NONE',  ( -0.3519999999999994245, -7.286763641393498962E-16, 0.8149916727220315460 ) ) ;
#1817 = CARTESIAN_POINT ( 'NONE',  ( 1.527940666515895218, -1.564902536693407731, 0.8540734043518627416 ) ) ;
#1818 = CARTESIAN_POINT ( 'NONE',  ( -1.527878619695079987, 1.577859690140799964, 0.8218340601521130218 ) ) ;
#1819 = VERTEX_POINT ( 'NONE', #2857 ) ;
#1820 = CARTESIAN_POINT ( 'NONE',  ( 1.507588616704579998, 1.052112313726220050, -0.8995416606112149882 ) ) ;
#1821 = SURFACE_SIDE_STYLE ('',( #2350 ) ) ;
#1822 = CARTESIAN_POINT ( 'NONE',  ( -0.2661823382702758201, -0.2315678836693883802, 0.7872583393886989356 ) ) ;
#1823 = CARTESIAN_POINT ( 'NONE',  ( -1.088000000000973966, -8.882771449820929867E-17, -0.5800000000008460610 ) ) ;
#1824 = VERTEX_POINT ( 'NONE', #2673 ) ;
#1825 = FACE_OUTER_BOUND ( 'NONE', #2883, .T. ) ;
#1826 = CARTESIAN_POINT ( 'NONE',  ( 1.261828496021739854, 1.350400521521350150, -0.5795416606113010793 ) ) ;
#1827 = ORIENTED_EDGE ( 'NONE', *, *, #623, .F. ) ;
#1828 = FACE_OUTER_BOUND ( 'NONE', #3487, .T. ) ;
#1829 = ADVANCED_FACE ( 'NONE', ( #3314 ), #532, .T. ) ;
#1830 = CARTESIAN_POINT ( 'NONE',  ( 1.075205804274729893, 1.567711054117330027, -0.6435416606113011362 ) ) ;
#1831 = CARTESIAN_POINT ( 'NONE',  ( 1.066537043129758944, 1.530187911785730881, -0.8995416606114020608 ) ) ;
#1832 = CARTESIAN_POINT ( 'NONE',  ( 1.599999999998600098, 1.600000000000000089, 0.01745833938869869803 ) ) ;
#1833 = B_SPLINE_CURVE_WITH_KNOTS ( 'NONE', 1,
 ( #1930, #1846 ),
 .UNSPECIFIED., .F., .F.,
 ( 2, 2 ),
 ( -0.1000000000000000056, 1.387778780781445676E-17 ),
 .UNSPECIFIED. ) ;
#1834 = EDGE_CURVE ( 'NONE', #1100, #1839, #1066, .T. ) ;
#1835 = FACE_OUTER_BOUND ( 'NONE', #3268, .T. ) ;
#1836 = EDGE_CURVE ( 'NONE', #1615, #1824, #1006, .T. ) ;
#1837 = DIRECTION ( 'NONE',  ( 0.04873248569155601284, 0.04873248569155471527, 0.9976223181528391937 ) ) ;
#1838 = VERTEX_POINT ( 'NONE', #3838 ) ;
#1839 = VERTEX_POINT ( 'NONE', #1497 ) ;
#1840 = FACE_OUTER_BOUND ( 'NONE', #3684, .T. ) ;
#1841 = AXIS2_PLACEMENT_3D ( 'NONE', #3366, #679, #2729 ) ;
#1842 = CARTESIAN_POINT ( 'NONE',  ( 2.941598925124079944, -1.098999999999999977, 0.1777603974200540060 ) ) ;
#1843 = ORIENTED_EDGE ( 'NONE', *, *, #3557, .T. ) ;
#1844 = VERTEX_POINT ( 'NONE', #1245 ) ;
#1845 = AXIS2_PLACEMENT_3D ( 'NONE', #2862, #166, #2225 ) ;
#1846 = CARTESIAN_POINT ( 'NONE',  ( -0.3096449070851289842, -0.1838014392384790252, -0.6115416606113011078 ) ) ;
#1847 = DIRECTION ( 'NONE',  ( 1.000000000000000000, 0.0000000000000000000, 0.0000000000000000000 ) ) ;
#1848 = VERTEX_POINT ( 'NONE', #346 ) ;
#1849 = CARTESIAN_POINT ( 'NONE',  ( 1.261828496021739854, 1.350400521521350150, -0.6115416606113011078 ) ) ;
#1850 =( BOUNDED_CURVE ( )  B_SPLINE_CURVE ( 2, ( #309, #1805, #936 ),
 .UNSPECIFIED., .F., .F. ) 
 B_SPLINE_CURVE_WITH_KNOTS ( ( 3, 3 ),
 ( 0.0000000000000000000, 0.2356194490192370095 ),
 .UNSPECIFIED. ) 
 CURVE ( )  GEOMETRIC_REPRESENTATION_ITEM ( )  RATIONAL_B_SPLINE_CURVE ( ( 1.000000000000000000, 0.7071067811865430208, 1.000000000000000000 ) ) 
 REPRESENTATION_ITEM ( '' )  );
#1851 = CARTESIAN_POINT ( 'NONE',  ( 1.550039235147134820, -1.599999995418815102, 0.01745824771571454978 ) ) ;
#1852 = FACE_OUTER_BOUND ( 'NONE', #3133, .T. ) ;
#1853 = EDGE_LOOP ( 'NONE', ( #3316, #3325, #3435, #3801 ) ) ;
#1854 = CARTESIAN_POINT ( 'NONE',  ( 5.773307815971219840E-16, 0.0000000000000000000, 1.230736076797360079 ) ) ;
#1855 = CARTESIAN_POINT ( 'NONE',  ( 0.09061483364182111588, -0.1013795830118039837, -0.6115416606113011078 ) ) ;
#1856 = CARTESIAN_POINT ( 'NONE',  ( -0.1816449070851290093, -0.3118014392384789724, -0.6755416606113010536 ) ) ;
#1857 = EDGE_CURVE ( 'NONE', #53, #2020, #3759, .T. ) ;
#1858 = ORIENTED_EDGE ( 'NONE', *, *, #2029, .F. ) ;
#1859 = ORIENTED_EDGE ( 'NONE', *, *, #2906, .T. ) ;
#1860 = CARTESIAN_POINT ( 'NONE',  ( 0.6679664639465859866, -0.1013795830118039837, -0.6115416606113011078 ) ) ;
#1861 = CARTESIAN_POINT ( 'NONE',  ( -1.530970676257950247, 1.551799261266912477, -0.8529426819332489584 ) ) ;
#1862 = EDGE_CURVE ( 'NONE', #961, #1388, #1309, .T. ) ;
#1863 = ORIENTED_EDGE ( 'NONE', *, *, #158, .T. ) ;
#1864 = B_SPLINE_CURVE_WITH_KNOTS ( 'NONE', 1,
 ( #360, #1299 ),
 .UNSPECIFIED., .F., .F.,
 ( 2, 2 ),
 ( -0.2000000000000000111, 2.775557561562891351E-17 ),
 .UNSPECIFIED. ) ;
#1865 = CARTESIAN_POINT ( 'NONE',  ( 1.261828496021739854, 0.5280800628543149688, -0.6115416606113011078 ) ) ;
#1866 = FACE_OUTER_BOUND ( 'NONE', #89, .T. ) ;
#1867 = ORIENTED_EDGE ( 'NONE', *, *, #3194, .T. ) ;
#1868 = ORIENTED_EDGE ( 'NONE', *, *, #362, .T. ) ;
#1869 = DIRECTION ( 'NONE',  ( -2.788438188990225494E-13, -1.000000000000000000, 0.0000000000000000000 ) ) ;
#1870 = FACE_OUTER_BOUND ( 'NONE', #1924, .T. ) ;
#1871 = CARTESIAN_POINT ( 'NONE',  ( 2.951121866803800398, 0.3989999999999939706, -0.003948154439976309452 ) ) ;
#1872 = CARTESIAN_POINT ( 'NONE',  ( 1.261828496021739854, 0.5280800628543149688, -0.5795416606113010793 ) ) ;
#1873 = ORIENTED_EDGE ( 'NONE', *, *, #3660, .T. ) ;
#1874 = CARTESIAN_POINT ( 'NONE',  ( 1.527912391567888939, 1.557076685941966687, 0.8610884053322083176 ) ) ;
#1875 = CARTESIAN_POINT ( 'NONE',  ( -1.235779548787830029, 0.5280800628543149688, -0.5795416606113010793 ) ) ;
#1876 = B_SPLINE_CURVE_WITH_KNOTS ( 'NONE', 1,
 ( #2565, #1055 ),
 .UNSPECIFIED., .F., .F.,
 ( 2, 2 ),
 ( -0.9019867260590879177, 0.0000000000000000000 ),
 .UNSPECIFIED. ) ;
#1877 = CARTESIAN_POINT ( 'NONE',  ( 1.502650393869675138, 1.563584770112520062, 0.8447295917064220339 ) ) ;
#1878 = VERTEX_POINT ( 'NONE', #3005 ) ;
#1879 = ORIENTED_EDGE ( 'NONE', *, *, #2487, .T. ) ;
#1880 = CARTESIAN_POINT ( 'NONE',  ( -1.555205804817658910, -1.575217056115359560, -0.8995416612129305545 ) ) ;
#1881 = EDGE_CURVE ( 'NONE', #23, #2013, #1970, .T. ) ;
#1882 = DIRECTION ( 'NONE',  ( 0.0000000000000000000, 0.0000000000000000000, 1.000000000000000000 ) ) ;
#1883 = B_SPLINE_CURVE_WITH_KNOTS ( 'NONE', 3,
 ( #1562, #3546, #3601, #312 ),
 .UNSPECIFIED., .F., .F.,
 ( 4, 4 ),
 ( 0.0000000000000000000, 1.000000000000000000 ),
 .UNSPECIFIED. ) ;
#1884 = CARTESIAN_POINT ( 'NONE',  ( 0.02122562956174139925, -1.316449875027960070, -0.5795416606113010793 ) ) ;
#1885 = ORIENTED_EDGE ( 'NONE', *, *, #1578, .F. ) ;
#1886 = CARTESIAN_POINT ( 'NONE',  ( 1.517770602220990028, 1.567711054117240099, -0.6435416606127359884 ) ) ;
#1887 = PRESENTATION_LAYER_ASSIGNMENT (  '', '', ( #3611 ) ) ;
#1888 = CARTESIAN_POINT ( 'NONE',  ( -1.264515591790740023, 0.3989999999999939706, 0.1777603974200540060 ) ) ;
#1889 = EDGE_CURVE ( 'NONE', #165, #2271, #1730, .T. ) ;
#1890 = EDGE_CURVE ( 'NONE', #1589, #1420, #707, .T. ) ;
#1891 = ORIENTED_EDGE ( 'NONE', *, *, #2878, .F. ) ;
#1892 = CARTESIAN_POINT ( 'NONE',  ( -1.274038533470460033, -0.3989999999999930269, -0.003948154439976540170 ) ) ;
#1893 = SURFACE_STYLE_USAGE ( .BOTH. , #3505 ) ;
#1894 = ORIENTED_EDGE ( 'NONE', *, *, #1632, .T. ) ;
#1895 = CARTESIAN_POINT ( 'NONE',  ( 0.7334583205238240922, -0.08768359317491919436, -0.6115416606113011078 ) ) ;
#1896 =( NAMED_UNIT ( * ) SI_UNIT ( $, .STERADIAN. ) SOLID_ANGLE_UNIT ( ) );
#1897 = CARTESIAN_POINT ( 'NONE',  ( -1.598164991302878812, 1.528212203918547951, 0.8205685390383787858 ) ) ;
#1898 = VERTEX_POINT ( 'NONE', #680 ) ;
#1899 = ORIENTED_EDGE ( 'NONE', *, *, #2620, .F. ) ;
#1900 = CARTESIAN_POINT ( 'NONE',  ( -1.533930591344029981, -1.543179161508690056, -0.8263163844538580216 ) ) ;
#1901 = CARTESIAN_POINT ( 'NONE',  ( 1.507588616704579998, -1.507588616457249842, -0.8995416606110100410 ) ) ;
#1902 = CARTESIAN_POINT ( 'NONE',  ( -1.005243810855061870, 0.4165892017464500330, -0.5799999999999998490 ) ) ;
#1903 = CLOSED_SHELL ( 'NONE', ( #767, #82, #3819, #994, #181, #1369, #1088, #3047, #3527, #3584, #846 ) ) ;
#1904 = VERTEX_POINT ( 'NONE', #139 ) ;
#1905 = DIRECTION ( 'NONE',  ( 0.0000000000000000000, 0.0000000000000000000, 1.000000000000000000 ) ) ;
#1906 = AXIS2_PLACEMENT_3D ( 'NONE', #3671, #1659, #1311 ) ;
#1907 = CARTESIAN_POINT ( 'NONE',  ( 1.527878619838055174, 1.527878619798149984, 0.8704583393887469489 ) ) ;
#1908 = B_SPLINE_CURVE_WITH_KNOTS ( 'NONE', 1,
 ( #1177, #609 ),
 .UNSPECIFIED., .F., .F.,
 ( 2, 2 ),
 ( -1.143074891838590013, 0.0000000000000000000 ),
 .UNSPECIFIED. ) ;
#1909 = STYLED_ITEM ( 'NONE', ( #32 ), #3167 ) ;
#1910 = VERTEX_POINT ( 'NONE', #2150 ) ;
#1911 = EDGE_CURVE ( 'NONE', #256, #1017, #2183, .T. ) ;
#1912 = EDGE_CURVE ( 'NONE', #2681, #2910, #435, .T. ) ;
#1913 = VERTEX_POINT ( 'NONE', #2209 ) ;
#1914 = EDGE_CURVE ( 'NONE', #2473, #1380, #3344, .T. ) ;
#1915 = PLANE ( 'NONE',  #1906 ) ;
#1916 = AXIS2_PLACEMENT_3D ( 'NONE', #1703, #2557, #1121 ) ;
#1917 = CYLINDRICAL_SURFACE ( 'NONE', #3417, 0.09600000000000005751 ) ;
#1918 = EDGE_CURVE ( 'NONE', #1789, #2117, #3433, .T. ) ;
#1919 = ORIENTED_EDGE ( 'NONE', *, *, #34, .T. ) ;
#1920 = CARTESIAN_POINT ( 'NONE',  ( 1.527878619786657177, 1.577299532885540367, 0.8421850353507998044 ) ) ;
#1921 = CARTESIAN_POINT ( 'NONE',  ( -1.538948774756090154, -1.538948774756090154, 0.4182704790117859339 ) ) ;
#1922 = ORIENTED_EDGE ( 'NONE', *, *, #2435, .T. ) ;
#1923 = B_SPLINE_CURVE_WITH_KNOTS ( 'NONE', 3,
 ( #2787, #1614, #361, #2422 ),
 .UNSPECIFIED., .F., .F.,
 ( 4, 4 ),
 ( 0.0000000000000000000, 1.000000000000000000 ),
 .UNSPECIFIED. ) ;
#1924 = EDGE_LOOP ( 'NONE', ( #1408, #58, #1342, #3073 ) ) ;
#1925 = CARTESIAN_POINT ( 'NONE',  ( -1.506898975663595097, -1.507588615715385050, -0.8995416606158349593 ) ) ;
#1926 = B_SPLINE_CURVE_WITH_KNOTS ( 'NONE', 3,
 ( #1830, #3322, #3036, #2741 ),
 .UNSPECIFIED., .F., .F.,
 ( 4, 4 ),
 ( 0.0000000000000000000, 1.000000000000000000 ),
 .UNSPECIFIED. ) ;
#1927 = CARTESIAN_POINT ( 'NONE',  ( 1.507588616704579998, 1.052112313726220050, -0.8995416606112149882 ) ) ;
#1928 = EDGE_LOOP ( 'NONE', ( #818, #3337, #657, #1742 ) ) ;
#1929 = B_SPLINE_CURVE_WITH_KNOTS ( 'NONE', 3,
 ( #2369, #935, #3558, #894 ),
 .UNSPECIFIED., .F., .F.,
 ( 4, 4 ),
 ( 0.0000000000000000000, 1.000000000000000000 ),
 .UNSPECIFIED. ) ;
#1930 = CARTESIAN_POINT ( 'NONE',  ( -0.3096449070851289842, -0.1838014392384790252, -0.6755416606113010536 ) ) ;
#1931 = CARTESIAN_POINT ( 'NONE',  ( 1.577859690180290153, 1.527878619754239997, 0.8218340601543400181 ) ) ;
#1932 = B_SPLINE_CURVE_WITH_KNOTS ( 'NONE', 3,
 ( #1748, #1515, #2671, #2928 ),
 .UNSPECIFIED., .F., .F.,
 ( 4, 4 ),
 ( 0.0000000000000000000, 1.000000000000000000 ),
 .UNSPECIFIED. ) ;
#1933 = ORIENTED_EDGE ( 'NONE', *, *, #3734, .F. ) ;
#1934 = CARTESIAN_POINT ( 'NONE',  ( 1.228337105872019830, -0.5623931160698699694, -0.5795416606113010793 ) ) ;
#1935 = EDGE_CURVE ( 'NONE', #1035, #1053, #3476, .T. ) ;
#1936 = B_SPLINE_CURVE_WITH_KNOTS ( 'NONE', 1,
 ( #603, #942 ),
 .UNSPECIFIED., .F., .F.,
 ( 2, 2 ),
 ( -1.220936942495139954, 0.0000000000000000000 ),
 .UNSPECIFIED. ) ;
#1937 = DIRECTION ( 'NONE',  ( 1.000000000000000000, 0.0000000000000000000, 0.0000000000000000000 ) ) ;
#1938 = EDGE_LOOP ( 'NONE', ( #528, #2371, #548, #3110 ) ) ;
#1939 = CARTESIAN_POINT ( 'NONE',  ( -2.941598925124079944, -1.098999999999999977, 0.1777603974200540060 ) ) ;
#1940 = EDGE_CURVE ( 'NONE', #1844, #744, #2477, .T. ) ;
#1941 = CARTESIAN_POINT ( 'NONE',  ( -0.9038754831954063373, -0.5350502318310650374, -0.5795416606113010793 ) ) ;
#1942 = CARTESIAN_POINT ( 'NONE',  ( 1.577859690140720028, 1.527878619695079987, 0.8218340601520309763 ) ) ;
#1943 = ADVANCED_FACE ( 'NONE', ( #1004 ), #3335, .T. ) ;
#1944 = ORIENTED_EDGE ( 'NONE', *, *, #3603, .T. ) ;
#1945 = CARTESIAN_POINT ( 'NONE',  ( -1.507588616707379758, -1.507588616457249842, -0.8995416606114789992 ) ) ;
#1946 = FACE_OUTER_BOUND ( 'NONE', #412, .T. ) ;
#1947 = CARTESIAN_POINT ( 'NONE',  ( -1.537042598034924268, 1.547889422754509914, -0.8529872600345275169 ) ) ;
#1948 = ORIENTED_EDGE ( 'NONE', *, *, #3491, .T. ) ;
#1949 = COLOUR_RGB ( '',0.8980392156862745390, 0.9215686274509803377, 0.9294117647058823817 ) ;
#1950 = EDGE_LOOP ( 'NONE', ( #2336, #1117, #3088, #1282 ) ) ;
#1951 = FACE_OUTER_BOUND ( 'NONE', #3053, .T. ) ;
#1952 = CARTESIAN_POINT ( 'NONE',  ( -0.3096449070851289842, 0.2589918475817539756, -0.6755416606113010536 ) ) ;
#1953 = CARTESIAN_POINT ( 'NONE',  ( -2.941598925124079944, 1.098999999999999977, 0.1777603974200540060 ) ) ;
#1954 = ORIENTED_EDGE ( 'NONE', *, *, #3515, .F. ) ;
#1955 = FACE_OUTER_BOUND ( 'NONE', #93, .T. ) ;
#1956 =( NAMED_UNIT ( * ) SI_UNIT ( $, .STERADIAN. ) SOLID_ANGLE_UNIT ( ) );
#1957 = EDGE_CURVE ( 'NONE', #2610, #2146, #611, .T. ) ;
#1958 = ORIENTED_EDGE ( 'NONE', *, *, #3170, .F. ) ;
#1959 = PLANE ( 'NONE',  #1785 ) ;
#1960 = CARTESIAN_POINT ( 'NONE',  ( -1.527878619754239997, 1.577859690180330121, 0.8218340601544209534 ) ) ;
#1961 = CARTESIAN_POINT ( 'NONE',  ( 2.870913818347749835, 0.8695882352941118887, 0.1777603974200540060 ) ) ;
#1962 =( BOUNDED_SURFACE ( )  B_SPLINE_SURFACE ( 2, 2, ( 
 ( #1084, #3116, #1376 ),
 ( #2541, #2823, #3416 ),
 ( #2014, #3736, #540 ),
 ( #1717, #1663, #1980 ),
 ( #1332, #3693, #1353 ) ),
 .UNSPECIFIED., .F., .F., .T. ) 
 B_SPLINE_SURFACE_WITH_KNOTS ( ( 3, 2, 3 ),
 ( 3, 3 ),
 ( 0.03961440490386769486, 0.1157137292478840063, 0.1164747224913241924 ),
 ( 0.1093205928359970019, 0.1868306918845060172 ),
 .UNSPECIFIED. ) 
 GEOMETRIC_REPRESENTATION_ITEM ( )  RATIONAL_B_SPLINE_SURFACE ( (
 ( 1.000000000000000000, 0.7143503657469580936, 1.000000000000000000),
 ( 0.7241513866101479957, 0.5172978078811260039, 0.7241513866101479957),
 ( 1.000000000000000000, 0.7143503657469580936, 1.000000000000000000),
 ( 1.000000000000000000, 0.7143503657469580936, 1.000000000000000000),
 ( 1.000000000000000000, 0.7143503657469580936, 1.000000000000000000) ) ) 
 REPRESENTATION_ITEM ( '' )  SURFACE ( )  );
#1963 = ORIENTED_EDGE ( 'NONE', *, *, #3118, .T. ) ;
#1964 = EDGE_CURVE ( 'NONE', #2013, #1241, #1775, .T. ) ;
#1965 = ORIENTED_EDGE ( 'NONE', *, *, #2358, .F. ) ;
#1966 = ADVANCED_FACE ( 'NONE', ( #3387 ), #738, .T. ) ;
#1967 = CARTESIAN_POINT ( 'NONE',  ( -0.3096449070851289842, -0.2658849524182460011, -0.2210648606113009840 ) ) ;
#1968 = CARTESIAN_POINT ( 'NONE',  ( 1.274038533470460033, -0.3989999999999939706, -0.003948154439976309452 ) ) ;
#1969 = ORIENTED_EDGE ( 'NONE', *, *, #2385, .F. ) ;
#1970 = B_SPLINE_CURVE_WITH_KNOTS ( 'NONE', 3,
 ( #2948, #287, #1478, #3559 ),
 .UNSPECIFIED., .F., .F.,
 ( 4, 4 ),
 ( 0.0000000000000000000, 1.000000000000000000 ),
 .UNSPECIFIED. ) ;
#1971 = CARTESIAN_POINT ( 'NONE',  ( -1.235779548787830029, -0.5350502318310639271, -0.5795416606113010793 ) ) ;
#1972 = CARTESIAN_POINT ( 'NONE',  ( 1.228337105872019830, -1.316449875027960070, -0.6115416606113011078 ) ) ;
#1973 = CARTESIAN_POINT ( 'NONE',  ( 1.550039235147134820, 1.599999995418695198, 0.01745824771571865414 ) ) ;
#1974 = VERTEX_POINT ( 'NONE', #3367 ) ;
#1975 = AXIS2_PLACEMENT_3D ( 'NONE', #297, #3321, #1191 ) ;
#1976 = ORIENTED_EDGE ( 'NONE', *, *, #799, .F. ) ;
#1977 = B_SPLINE_CURVE_WITH_KNOTS ( 'NONE', 1,
 ( #1856, #3079 ),
 .UNSPECIFIED., .F., .F.,
 ( 2, 2 ),
 ( -0.1000000000000000056, 1.387778780781445676E-17 ),
 .UNSPECIFIED. ) ;
#1978 = ORIENTED_EDGE ( 'NONE', *, *, #2116, .F. ) ;
#1979 = B_SPLINE_CURVE_WITH_KNOTS ( 'NONE', 1,
 ( #3811, #1181 ),
 .UNSPECIFIED., .F., .F.,
 ( 2, 2 ),
 ( -0.8128635796282519532, 0.0000000000000000000 ),
 .UNSPECIFIED. ) ;
#1980 = CARTESIAN_POINT ( 'NONE',  ( 1.507243796182689888, -1.507588615711104918, -0.8995416606135769877 ) ) ;
#1981 = CARTESIAN_POINT ( 'NONE',  ( 1.228337105872019830, -0.5623931160698699694, -0.5795416606113010793 ) ) ;
#1982 = CARTESIAN_POINT ( 'NONE',  ( 1.577859690179940211, -1.527878619754239997, 0.8218340601543319135 ) ) ;
#1983 = VERTEX_POINT ( 'NONE', #1901 ) ;
#1984 = ORIENTED_EDGE ( 'NONE', *, *, #2316, .T. ) ;
#1985 = CARTESIAN_POINT ( 'NONE',  ( 0.2111999719501930217, 0.3885176989456339824, -0.1922648606113009917 ) ) ;
#1986 = CARTESIAN_POINT ( 'NONE',  ( -2.941598925124079944, 0.3989999999999930269, 0.1777603974200540060 ) ) ;
#1987 =( BOUNDED_CURVE ( )  B_SPLINE_CURVE ( 2, ( #3490, #1996, #2298, #516, #3174 ),
 .UNSPECIFIED., .F., .T. ) 
 B_SPLINE_CURVE_WITH_KNOTS ( ( 3, 2, 3 ),
 ( 0.0000000000000000000, 0.5000000000000015543, 1.000000000000000000 ),
 .UNSPECIFIED. ) 
 CURVE ( )  GEOMETRIC_REPRESENTATION_ITEM ( )  RATIONAL_B_SPLINE_CURVE ( ( 1.000000000000000000, 0.7071067811865481278, 1.000000000000000000, 0.7071067811865481278, 1.000000000000000000 ) ) 
 REPRESENTATION_ITEM ( '' )  );
#1988 = CARTESIAN_POINT ( 'NONE',  ( -0.5922082766361639328, -0.5350502318310650374, -0.1922648606113009917 ) ) ;
#1989 = EDGE_CURVE ( 'NONE', #3702, #3809, #1495, .T. ) ;
#1990 = B_SPLINE_CURVE_WITH_KNOTS ( 'NONE', 1,
 ( #3549, #375 ),
 .UNSPECIFIED., .F., .F.,
 ( 2, 2 ),
 ( 0.0000000000000000000, 0.05000000000000000971 ),
 .UNSPECIFIED. ) ;
#1991 = VERTEX_POINT ( 'NONE', #432 ) ;
#1992 = CARTESIAN_POINT ( 'NONE',  ( -0.1346039785175880132, 1.350400521521350150, -0.5795416606113010793 ) ) ;
#1993 = CARTESIAN_POINT ( 'NONE',  ( -1.576521314881200064, 1.576521314881200064, 0.8704583393886989873 ) ) ;
#1994 = ADVANCED_FACE ( 'NONE', ( #453 ), #156, .T. ) ;
#1995 = EDGE_LOOP ( 'NONE', ( #1704, #778, #276, #1700 ) ) ;
#1996 = CARTESIAN_POINT ( 'NONE',  ( 1.279999999999997362, 1.279999999999997362, -0.8995416606113011415 ) ) ;
#1997 = VERTEX_POINT ( 'NONE', #1707 ) ;
#1998 = PLANE ( 'NONE',  #424 ) ;
#1999 = CARTESIAN_POINT ( 'NONE',  ( 1.535902565527056618, -1.585843017574905867, -0.2723549427502106046 ) ) ;
#2000 = CARTESIAN_POINT ( 'NONE',  ( 2.800228711571429940, 0.9401764705882289519, 0.1777603974200540060 ) ) ;
#2001 = EDGE_LOOP ( 'NONE', ( #3229, #1436, #2219, #3210 ) ) ;
#2002 = CARTESIAN_POINT ( 'NONE',  ( 1.556367436403109927, 1.075205804257609810, -0.8507614219928359978 ) ) ;
#2003 = CARTESIAN_POINT ( 'NONE',  ( 2.650710163004419861, 1.098999999999999977, -0.003948154439976869767 ) ) ;
#2004 = CARTESIAN_POINT ( 'NONE',  ( 0.3140638700706545605, 0.1837393038846754922, 0.7872583393886982694 ) ) ;
#2005 = ORIENTED_EDGE ( 'NONE', *, *, #3215, .T. ) ;
#2006 = CARTESIAN_POINT ( 'NONE',  ( 1.264515591790740023, 1.098999999999999977, 0.1777603974200540060 ) ) ;
#2007 = CARTESIAN_POINT ( 'NONE',  ( 1.264515591790740023, 1.098999999999999977, 0.1777603974200540060 ) ) ;
#2008 = CARTESIAN_POINT ( 'NONE',  ( -0.2306039785175890144, 0.3885176989456339824, -0.5795416606113010793 ) ) ;
#2009 = ORIENTED_EDGE ( 'NONE', *, *, #2011, .T. ) ;
#2010 = EDGE_CURVE ( 'NONE', #836, #1048, #384, .T. ) ;
#2011 = EDGE_CURVE ( 'NONE', #1974, #3786, #1407, .T. ) ;
#2012 = B_SPLINE_CURVE_WITH_KNOTS ( 'NONE', 1,
 ( #1440, #1423 ),
 .UNSPECIFIED., .F., .F.,
 ( 2, 2 ),
 ( -0.1000000000000000056, 1.387778780781445676E-17 ),
 .UNSPECIFIED. ) ;
#2013 = VERTEX_POINT ( 'NONE', #2019 ) ;
#2014 = CARTESIAN_POINT ( 'NONE',  ( 1.483189443395199980, -1.544386748892369932, -0.8730060549445930462 ) ) ;
#2015 = CARTESIAN_POINT ( 'NONE',  ( -0.1346039785175880132, 1.350400521521350150, -0.5795416606113010793 ) ) ;
#2016 = CARTESIAN_POINT ( 'NONE',  ( -1.023943526669375270, -0.3682932402309220810, -0.5799999999999999600 ) ) ;
#2017 = VERTEX_POINT ( 'NONE', #3218 ) ;
#2018 = CARTESIAN_POINT ( 'NONE',  ( -1.600000000000000089, 1.600000000000000089, 0.01745833938869869803 ) ) ;
#2019 = CARTESIAN_POINT ( 'NONE',  ( -1.599999995418695198, 1.550039235149234917, 0.01745824771570915132 ) ) ;
#2020 = VERTEX_POINT ( 'NONE', #245 ) ;
#2021 = FACE_OUTER_BOUND ( 'NONE', #3059, .T. ) ;
#2022 = B_SPLINE_CURVE_WITH_KNOTS ( 'NONE', 1,
 ( #1952, #3339 ),
 .UNSPECIFIED., .F., .F.,
 ( 2, 2 ),
 ( -0.2000000000000000111, 2.775557561562891351E-17 ),
 .UNSPECIFIED. ) ;
#2023 = CARTESIAN_POINT ( 'NONE',  ( 2.641187221324699852, 1.098999999999999977, 0.1777603974200540060 ) ) ;
#2024 = CARTESIAN_POINT ( 'NONE',  ( -1.592619897521298844, -1.542638827057379869, 0.2855835509354148205 ) ) ;
#2025 = CARTESIAN_POINT ( 'NONE',  ( -0.02440962149056320057, 0.4457712169876099639, -0.6115416606113011078 ) ) ;
#2026 = CARTESIAN_POINT ( 'NONE',  ( -0.3096449070851289842, 0.5864464410663779992, -0.6115416606113011078 ) ) ;
#2027 = EDGE_CURVE ( 'NONE', #1241, #2148, #2096, .T. ) ;
#2028 = ADVANCED_FACE ( 'NONE', ( #775 ), #210, .T. ) ;
#2029 = EDGE_CURVE ( 'NONE', #2713, #1368, #3562, .T. ) ;
#2030 = VERTEX_POINT ( 'NONE', #1382 ) ;
#2031 = AXIS2_PLACEMENT_3D ( 'NONE', #3371, #1656, #2513 ) ;
#2032 = CARTESIAN_POINT ( 'NONE',  ( 0.1750587009861531984, -0.3091994056413183700, 0.8704583393886992093 ) ) ;
#2033 = CARTESIAN_POINT ( 'NONE',  ( 0.5025295389005934865, -1.507588616707389750, -0.8995416606113010305 ) ) ;
#2034 = CYLINDRICAL_SURFACE ( 'NONE', #3128, 0.3519999999999999796 ) ;
#2035 = EDGE_CURVE ( 'NONE', #2771, #1352, #850, .T. ) ;
#2036 = ORIENTED_EDGE ( 'NONE', *, *, #719, .F. ) ;
#2037 = AXIS2_PLACEMENT_3D ( 'NONE', #568, #1521, #602 ) ;
#2038 = DIRECTION ( 'NONE',  ( 0.0000000000000000000, 0.0000000000000000000, 1.000000000000000000 ) ) ;
#2039 = SURFACE_STYLE_FILL_AREA ( #3539 ) ;
#2040 = FACE_OUTER_BOUND ( 'NONE', #3382, .T. ) ;
#2041 = CARTESIAN_POINT ( 'NONE',  ( 1.264515591790740023, -1.098999999999999977, 0.1777603974200540060 ) ) ;
#2042 = CARTESIAN_POINT ( 'NONE',  ( -0.8225413195731314797, 0.7160703412178632821, -0.5799999999999999600 ) ) ;
#2043 = EDGE_LOOP ( 'NONE', ( #2568, #2278, #1713, #476 ) ) ;
#2044 = B_SPLINE_CURVE_WITH_KNOTS ( 'NONE', 1,
 ( #1871, #2462 ),
 .UNSPECIFIED., .F., .F.,
 ( 2, 2 ),
 ( 0.0000000000000000000, 0.5142857142857150121 ),
 .UNSPECIFIED. ) ;
#2045 = CARTESIAN_POINT ( 'NONE',  ( 1.567711054114685032, 1.517770602223800003, -0.6435416606127121186 ) ) ;
#2046 = ORIENTED_EDGE ( 'NONE', *, *, #2922, .F. ) ;
#2047 = EDGE_CURVE ( 'NONE', #2603, #478, #2790, .T. ) ;
#2048 = CARTESIAN_POINT ( 'NONE',  ( -0.1346039785175880132, 0.2925176989456330090, -0.5795416606113010793 ) ) ;
#2049 = CARTESIAN_POINT ( 'NONE',  ( 0.7334583205238240922, 0.4320800628543140509, -0.5795416606113010793 ) ) ;
#2050 = CARTESIAN_POINT ( 'NONE',  ( 1.507588616704579998, -1.507588616457249842, -0.8995416606110100410 ) ) ;
#2051 = ORIENTED_EDGE ( 'NONE', *, *, #941, .F. ) ;
#2052 = EDGE_CURVE ( 'NONE', #1997, #1140, #2650, .T. ) ;
#2053 = CARTESIAN_POINT ( 'NONE',  ( -1.531260521139815367, 1.507589231854514988, -0.8960442063852678274 ) ) ;
#2054 =( NAMED_UNIT ( * ) SI_UNIT ( $, .STERADIAN. ) SOLID_ANGLE_UNIT ( ) );
#2055 = EDGE_CURVE ( 'NONE', #327, #3670, #200, .T. ) ;
#2056 = CARTESIAN_POINT ( 'NONE',  ( 0.1172256295617419841, -0.3412604950904100098, -0.5795416606113010793 ) ) ;
#2057 = CARTESIAN_POINT ( 'NONE',  ( -1.264515591790740023, -1.098999999999999977, 0.1777603974200540060 ) ) ;
#2058 = CARTESIAN_POINT ( 'NONE',  ( 1.087999999997189882, 0.06926542266553159521, -0.5799999999999998490 ) ) ;
#2059 = B_SPLINE_CURVE_WITH_KNOTS ( 'NONE', 1,
 ( #1860, #1283 ),
 .UNSPECIFIED., .F., .F.,
 ( 2, 2 ),
 ( -0.5997557285961230278, 0.0000000000000000000 ),
 .UNSPECIFIED. ) ;
#2060 = ORIENTED_EDGE ( 'NONE', *, *, #1219, .F. ) ;
#2061 = CARTESIAN_POINT ( 'NONE',  ( -2.951121866803800398, -1.098999999999999977, -0.003948154439976540170 ) ) ;
#2062 = CARTESIAN_POINT ( 'NONE',  ( 1.527878619852850006, -1.527878619692989881, 0.8704583393887009857 ) ) ;
#2063 = B_SPLINE_CURVE_WITH_KNOTS ( 'NONE', 1,
 ( #1246, #3620 ),
 .UNSPECIFIED., .F., .F.,
 ( 2, 2 ),
 ( 0.0000000000000000000, 0.2339458956822389746 ),
 .UNSPECIFIED. ) ;
#2064 = VERTEX_POINT ( 'NONE', #1400 ) ;
#2065 = CARTESIAN_POINT ( 'NONE',  ( 1.542188239940147421, -1.543524153926183695, -0.8530042945187273906 ) ) ;
#2066 = CARTESIAN_POINT ( 'NONE',  ( -0.1731792615102916155, -0.3074826701650549277, 0.8704583393886990983 ) ) ;
#2067 = CARTESIAN_POINT ( 'NONE',  ( 1.507685542306999693, -1.527667192227274207, -0.8954406470767575232 ) ) ;
#2068 = ORIENTED_EDGE ( 'NONE', *, *, #2035, .F. ) ;
#2069 = B_SPLINE_CURVE_WITH_KNOTS ( 'NONE', 1,
 ( #2154, #3318 ),
 .UNSPECIFIED., .F., .F.,
 ( 2, 2 ),
 ( 0.0000000000000000000, 0.9000000000000000222 ),
 .UNSPECIFIED. ) ;
#2070 = AXIS2_PLACEMENT_3D ( 'NONE', #108, #706, #2980 ) ;
#2071 = CARTESIAN_POINT ( 'NONE',  ( -0.9038754831954058933, 0.3657512920233029763, -0.1922648606113009917 ) ) ;
#2072 = FILL_AREA_STYLE ('',( #3518 ) ) ;
#2073 = EDGE_CURVE ( 'NONE', #961, #1388, #803, .T. ) ;
#2074 = ADVANCED_FACE ( 'NONE', ( #1073 ), #1112, .T. ) ;
#2075 = CARTESIAN_POINT ( 'NONE',  ( 0.6679664639465859866, -0.1013795830118039837, -0.6755416606113010536 ) ) ;
#2076 = CARTESIAN_POINT ( 'NONE',  ( -0.1816449070851290093, 0.2589918475817539756, -0.6755416606113010536 ) ) ;
#2077 = CYLINDRICAL_SURFACE ( 'NONE', #2451, 0.09599999999999994649 ) ;
#2078 = ORIENTED_EDGE ( 'NONE', *, *, #3637, .T. ) ;
#2079 = FACE_BOUND ( 'NONE', #331, .T. ) ;
#2080 = ORIENTED_EDGE ( 'NONE', *, *, #579, .T. ) ;
#2081 = FACE_OUTER_BOUND ( 'NONE', #3044, .T. ) ;
#2082 = CARTESIAN_POINT ( 'NONE',  ( -0.3096449070851289842, 0.1309918475817540007, -0.6115416606113011078 ) ) ;
#2083 = CARTESIAN_POINT ( 'NONE',  ( -2.941598925124079944, 0.3989999999999930269, 0.1777603974200540060 ) ) ;
#2084 = FACE_OUTER_BOUND ( 'NONE', #813, .T. ) ;
#2085 = ORIENTED_EDGE ( 'NONE', *, *, #543, .T. ) ;
#2086 = AXIS2_PLACEMENT_3D ( 'NONE', #457, #2215, #2196 ) ;
#2087 = B_SPLINE_CURVE_WITH_KNOTS ( 'NONE', 1,
 ( #541, #1981 ),
 .UNSPECIFIED., .F., .F.,
 ( 2, 2 ),
 ( -1.178213685872010030, 0.0000000000000000000 ),
 .UNSPECIFIED. ) ;
#2088 = CARTESIAN_POINT ( 'NONE',  ( 0.02122562956174139925, 1.350400521521350150, -0.6115416606113011078 ) ) ;
#2089 = AXIS2_PLACEMENT_3D ( 'NONE', #1201, #3232, #1761 ) ;
#2090 = CARTESIAN_POINT ( 'NONE',  ( 1.576521314881200064, -1.576521314881200064, 0.8704583393886989873 ) ) ;
#2091 = AXIS2_PLACEMENT_3D ( 'NONE', #41, #61, #328 ) ;
#2092 = FACE_OUTER_BOUND ( 'NONE', #1113, .T. ) ;
#2093 = EDGE_CURVE ( 'NONE', #136, #3702, #1595, .T. ) ;
#2094 = CARTESIAN_POINT ( 'NONE',  ( 0.3499404568311646480, -0.04450163867756593006, 0.7872583393886989356 ) ) ;
#2095 = CARTESIAN_POINT ( 'NONE',  ( 0.6300183219392418987, 0.8927328625030026554, -0.5799999999999998490 ) ) ;
#2096 = B_SPLINE_CURVE_WITH_KNOTS ( 'NONE', 3,
 ( #1093, #816, #563, #2908 ),
 .UNSPECIFIED., .F., .F.,
 ( 4, 4 ),
 ( 0.0000000000000000000, 1.000000000000000000 ),
 .UNSPECIFIED. ) ;
#2097 = VERTEX_POINT ( 'NONE', #1968 ) ;
#2098 = CARTESIAN_POINT ( 'NONE',  ( -0.9038754831954058933, 0.2925176989456339527, -0.5795416606113010793 ) ) ;
#2099 = CARTESIAN_POINT ( 'NONE',  ( 1.527878619926578363, -1.563907073559009930, 0.8704583394660306839 ) ) ;
#2100 = ADVANCED_FACE ( 'NONE', ( #2249 ), #1234, .T. ) ;
#2101 = B_SPLINE_CURVE_WITH_KNOTS ( 'NONE', 1,
 ( #3112, #1642 ),
 .UNSPECIFIED., .F., .F.,
 ( 2, 2 ),
 ( -0.05000000000000000278, 6.938893903907228378E-18 ),
 .UNSPECIFIED. ) ;
#2102 = ORIENTED_EDGE ( 'NONE', *, *, #2661, .T. ) ;
#2103 = CARTESIAN_POINT ( 'NONE',  ( 0.02122562956174139925, -1.316449875027960070, -0.6115416606113011078 ) ) ;
#2104 = UNCERTAINTY_MEASURE_WITH_UNIT (LENGTH_MEASURE( 1.000000000000000082E-05 ), #581, 'distance_accuracy_value', 'NONE');
#2105 = CARTESIAN_POINT ( 'NONE',  ( -0.1346039785175880132, 1.350400521521350150, -0.6115416606113011078 ) ) ;
#2106 = DIRECTION ( 'NONE',  ( 1.000000000000000000, 0.0000000000000000000, 0.0000000000000000000 ) ) ;
#2107 = CARTESIAN_POINT ( 'NONE',  ( 0.3519999999999999796, -2.546735226440004991E-17, 0.8704583393886989873 ) ) ;
#2108 = CARTESIAN_POINT ( 'NONE',  ( -0.3519999999999999796, 3.200940417558240124E-17, 0.7872583393886980474 ) ) ;
#2109 = CARTESIAN_POINT ( 'NONE',  ( -1.264515591790740023, 0.3989999999999939706, 0.1777603974200540060 ) ) ;
#2110 = CARTESIAN_POINT ( 'NONE',  ( 0.7334583205238240922, -0.4372604950904099841, -0.6115416606113011078 ) ) ;
#2111 = CARTESIAN_POINT ( 'NONE',  ( -0.9038754831954077806, 0.3885176989456351482, -0.5795416606113010793 ) ) ;
#2112 = CARTESIAN_POINT ( 'NONE',  ( -0.9998754831954058675, -0.4390502318310640084, -0.5955416606113009825 ) ) ;
#2113 = VERTEX_POINT ( 'NONE', #2597 ) ;
#2114 = CARTESIAN_POINT ( 'NONE',  ( 1.235205804274729813, 1.395205804274729511, -0.6435416606113010252 ) ) ;
#2115 = CARTESIAN_POINT ( 'NONE',  ( -0.1346039785175880132, 0.6240800628543150541, -0.6115416606113011078 ) ) ;
#2116 = EDGE_CURVE ( 'NONE', #126, #2870, #2605, .T. ) ;
#2117 = VERTEX_POINT ( 'NONE', #3144 ) ;
#2118 = EDGE_CURVE ( 'NONE', #593, #1974, #1039, .T. ) ;
#2119 = PLANE ( 'NONE',  #2147 ) ;
#2120 = CARTESIAN_POINT ( 'NONE',  ( 2.774409099862990224, 0.9754705882352880941, -0.003948154439976759612 ) ) ;
#2121 =( BOUNDED_CURVE ( )  B_SPLINE_CURVE ( 2, ( #2982, #2682, #2668 ),
 .UNSPECIFIED., .F., .T. ) 
 B_SPLINE_CURVE_WITH_KNOTS ( ( 3, 3 ),
 ( 0.0000000000000000000, 1.000000000000000000 ),
 .UNSPECIFIED. ) 
 CURVE ( )  GEOMETRIC_REPRESENTATION_ITEM ( )  RATIONAL_B_SPLINE_CURVE ( ( 1.000000000000000000, 0.7241513866100881547, 1.000000000000059952 ) ) 
 REPRESENTATION_ITEM ( '' )  );
#2122 = CARTESIAN_POINT ( 'NONE',  ( -0.1300096214905649972, 0.5280800628543149688, -0.1922648606113009917 ) ) ;
#2123 = CARTESIAN_POINT ( 'NONE',  ( 0.3520000000000005347, 1.486791961879020418E-15, 0.8149916727220315460 ) ) ;
#2124 = ORIENTED_EDGE ( 'NONE', *, *, #2812, .F. ) ;
#2125 = CARTESIAN_POINT ( 'NONE',  ( 5.773307815971219840E-16, 0.0000000000000000000, 1.230736076797360079 ) ) ;
#2126 = CARTESIAN_POINT ( 'NONE',  ( -1.577859690180339891, -1.527878619774075020, 0.8218340601549399826 ) ) ;
#2127 = EDGE_LOOP ( 'NONE', ( #1217, #3511, #463 ) ) ;
#2128 = ORIENTED_EDGE ( 'NONE', *, *, #3535, .F. ) ;
#2129 = CARTESIAN_POINT ( 'NONE',  ( -1.530060786386764793, -1.557475573089814436, -0.8530763049705959444 ) ) ;
#2130 = CARTESIAN_POINT ( 'NONE',  ( -2.941598925124079944, 1.098999999999999977, 0.1777603974200540060 ) ) ;
#2131 = PRESENTATION_LAYER_ASSIGNMENT (  '', '', ( #2816 ) ) ;
#2132 = ORIENTED_EDGE ( 'NONE', *, *, #2380, .F. ) ;
#2133 = ORIENTED_EDGE ( 'NONE', *, *, #2524, .F. ) ;
#2134 = CARTESIAN_POINT ( 'NONE',  ( -2.951121866803800398, 1.098999999999999977, -0.003948154439976540170 ) ) ;
#2135 = CARTESIAN_POINT ( 'NONE',  ( 1.577859690213019750, -1.563208022238588901, 0.8218340602278604301 ) ) ;
#2136 = ORIENTED_EDGE ( 'NONE', *, *, #242, .T. ) ;
#2137 = DIRECTION ( 'NONE',  ( 1.910195383591569831E-13, -1.000000000000000000, -1.515572197862680035E-13 ) ) ;
#2138 = CARTESIAN_POINT ( 'NONE',  ( 2.756737823168910140, 0.9931176470588178873, -0.003948154439976430015 ) ) ;
#2139 = EDGE_CURVE ( 'NONE', #1631, #2030, #1359, .T. ) ;
#2140 = CARTESIAN_POINT ( 'NONE',  ( 2.941598925124079944, -0.3989999999999930269, 0.1777603974200540060 ) ) ;
#2141 = CARTESIAN_POINT ( 'NONE',  ( 0.1172256295617419841, -0.1836835931749189743, -0.6115416606113011078 ) ) ;
#2142 = ORIENTED_EDGE ( 'NONE', *, *, #700, .T. ) ;
#2143 = CARTESIAN_POINT ( 'NONE',  ( -1.408046146095539575, 1.408046146095539575, -1.112646234352169250 ) ) ;
#2144 = ADVANCED_FACE ( 'NONE', ( #1835 ), #11, .F. ) ;
#2145 = DIRECTION ( 'NONE',  ( 0.0000000000000000000, 0.0000000000000000000, -1.000000000000000000 ) ) ;
#2146 = VERTEX_POINT ( 'NONE', #1333 ) ;
#2147 = AXIS2_PLACEMENT_3D ( 'NONE', #2977, #2438, #2158 ) ;
#2148 = VERTEX_POINT ( 'NONE', #91 ) ;
#2149 = AXIS2_PLACEMENT_3D ( 'NONE', #2405, #1516, #2685 ) ;
#2150 = CARTESIAN_POINT ( 'NONE',  ( 1.577859690180290153, 1.527878619754239997, 0.8218340601543400181 ) ) ;
#2151 = CARTESIAN_POINT ( 'NONE',  ( 0.6374583205238228967, -0.3412604950904100098, -0.6115416606113011078 ) ) ;
#2152 = ORIENTED_EDGE ( 'NONE', *, *, #3556, .T. ) ;
#2153 = EDGE_LOOP ( 'NONE', ( #2728, #2552, #1370, #3311, #1560, #1002, #3526, #1678, #885 ) ) ;
#2154 = CARTESIAN_POINT ( 'NONE',  ( -2.951121866803800398, 0.3989999999999939706, -0.003948154439976309452 ) ) ;
#2155 =( GEOMETRIC_REPRESENTATION_CONTEXT ( 3 ) GLOBAL_UNCERTAINTY_ASSIGNED_CONTEXT ( ( #3566 ) ) GLOBAL_UNIT_ASSIGNED_CONTEXT ( ( #710, #973, #2786 ) ) REPRESENTATION_CONTEXT ( 'NONE', 'WORKASPACE' ) );
#2156 = B_SPLINE_SURFACE_WITH_KNOTS ( 'NONE', 1, 1, ( 
 ( #2090, #613 ),
 ( #2684, #633 ) ),
 .UNSPECIFIED., .F., .F., .F.,
 ( 2, 2 ),
 ( 2, 2 ),
 ( 0.0000000000000000000, 3.199999999998599964 ),
 ( 0.0000000000000000000, 0.8536460023392689056 ),
 .UNSPECIFIED. ) ;
#2157 = ORIENTED_EDGE ( 'NONE', *, *, #5, .T. ) ;
#2158 = DIRECTION ( 'NONE',  ( 0.0000000000000000000, -1.000000000000000000, 0.0000000000000000000 ) ) ;
#2159 = CARTESIAN_POINT ( 'NONE',  ( -1.235779548787830029, -0.5350502318310639271, -0.5795416606113010793 ) ) ;
#2160 = DIRECTION ( 'NONE',  ( 0.0000000000000000000, 0.0000000000000000000, 1.000000000000000000 ) ) ;
#2161 = CARTESIAN_POINT ( 'NONE',  ( 1.577859690180290153, 1.527878619754239997, 0.8218340601543400181 ) ) ;
#2162 = EDGE_CURVE ( 'NONE', #740, #632, #3805, .T. ) ;
#2163 = VERTEX_POINT ( 'NONE', #3019 ) ;
#2164 = DIRECTION ( 'NONE',  ( 1.000000000000000000, 4.487611220661908429E-13, 0.0000000000000000000 ) ) ;
#2165 = SURFACE_STYLE_USAGE ( .BOTH. , #426 ) ;
#2166 = ORIENTED_EDGE ( 'NONE', *, *, #791, .F. ) ;
#2167 = EDGE_CURVE ( 'NONE', #3331, #1878, #997, .T. ) ;
#2168 = ORIENTED_EDGE ( 'NONE', *, *, #36, .F. ) ;
#2169 = ADVANCED_FACE ( 'NONE', ( #3327 ), #2725, .T. ) ;
#2170 = DIRECTION ( 'NONE',  ( 0.0000000000000000000, 0.0000000000000000000, -1.000000000000000000 ) ) ;
#2171 = CARTESIAN_POINT ( 'NONE',  ( -1.562289197870238011, 1.527878593066928081, 0.8567393956052490323 ) ) ;
#2172 = EDGE_LOOP ( 'NONE', ( #1633, #1965, #3477, #43, #1263, #3126 ) ) ;
#2173 = DIRECTION ( 'NONE',  ( 1.000000000000000000, 0.0000000000000000000, 0.0000000000000000000 ) ) ;
#2174 = CARTESIAN_POINT ( 'NONE',  ( -1.544153405782860089, 1.482999342112681918, -0.8731743216581220324 ) ) ;
#2175 = VERTEX_POINT ( 'NONE', #3638 ) ;
#2176 = ORIENTED_EDGE ( 'NONE', *, *, #844, .F. ) ;
#2177 = CARTESIAN_POINT ( 'NONE',  ( 1.052112313723420067, 1.507588616707389972, -0.8995416606114730040 ) ) ;
#2178 = UNCERTAINTY_MEASURE_WITH_UNIT (LENGTH_MEASURE( 1.000000000000000082E-05 ), #2711, 'distance_accuracy_value', 'NONE');
#2179 = CARTESIAN_POINT ( 'NONE',  ( 0.02122562956174058740, -0.3412604950904092327, -0.6115416606113013298 ) ) ;
#2180 = DIRECTION ( 'NONE',  ( 0.0000000000000000000, 0.0000000000000000000, 1.000000000000000000 ) ) ;
#2181 = ORIENTED_EDGE ( 'NONE', *, *, #1696, .F. ) ;
#2182 = CARTESIAN_POINT ( 'NONE',  ( 5.773307815971219840E-16, 0.0000000000000000000, 1.230736076797360079 ) ) ;
#2183 = B_SPLINE_CURVE_WITH_KNOTS ( 'NONE', 3,
 ( #2829, #175, #3680, #1927 ),
 .UNSPECIFIED., .F., .F.,
 ( 4, 4 ),
 ( 0.0000000000000000000, 1.000000000000000000 ),
 .UNSPECIFIED. ) ;
#2184 = FILL_AREA_STYLE ('',( #3657 ) ) ;
#2185 = DIRECTION ( 'NONE',  ( 1.000000000000000000, 0.0000000000000000000, 0.0000000000000000000 ) ) ;
#2186 = ORIENTED_EDGE ( 'NONE', *, *, #3296, .T. ) ;
#2187 = VERTEX_POINT ( 'NONE', #2768 ) ;
#2188 = CARTESIAN_POINT ( 'NONE',  ( 0.02122562956174139925, -1.316449875027960070, -0.6115416606113011078 ) ) ;
#2189 = CARTESIAN_POINT ( 'NONE',  ( -1.559962283250404758, 1.527887973919731524, 0.8588506123064640896 ) ) ;
#2190 = CARTESIAN_POINT ( 'NONE',  ( -0.9820550300051059667, 0.4688904052231563924, -0.5800000000000000711 ) ) ;
#2191 = EDGE_CURVE ( 'NONE', #2443, #2642, #2738, .T. ) ;
#2192 = ADVANCED_FACE ( 'NONE', ( #3400 ), #3061, .T. ) ;
#2193 = ORIENTED_EDGE ( 'NONE', *, *, #1346, .F. ) ;
#2194 = B_SPLINE_CURVE_WITH_KNOTS ( 'NONE', 1,
 ( #2048, #3 ),
 .UNSPECIFIED., .F., .F.,
 ( 2, 2 ),
 ( -2.514011834333729656, 0.0000000000000000000 ),
 .UNSPECIFIED. ) ;
#2195 = PLANE ( 'NONE',  #1170 ) ;
#2196 = DIRECTION ( 'NONE',  ( 1.000000000000000000, 0.0000000000000000000, 0.0000000000000000000 ) ) ;
#2197 = B_SPLINE_CURVE_WITH_KNOTS ( 'NONE', 3,
 ( #1399, #2579, #2289, #3183, #526, #2885, #1218, #2400, #2381, #1801, #3517, #3554 ),
 .UNSPECIFIED., .F., .F.,
 ( 4, 2, 2, 2, 2, 4 ),
 ( 0.0000000000000000000, 0.2499999999999993339, 0.3749999999999967804, 0.4374999999999978351, 0.4999999999999988898, 1.000000000000000000 ),
 .UNSPECIFIED. ) ;
#2198 = ORIENTED_EDGE ( 'NONE', *, *, #3190, .T. ) ;
#2199 = ORIENTED_EDGE ( 'NONE', *, *, #3445, .T. ) ;
#2200 = CARTESIAN_POINT ( 'NONE',  ( -0.9038754831954058933, -0.4390502318310640084, -0.6115416606113011078 ) ) ;
#2201 = B_SPLINE_CURVE_WITH_KNOTS ( 'NONE', 1,
 ( #3379, #1279 ),
 .UNSPECIFIED., .F., .F.,
 ( 2, 2 ),
 ( 0.0000000000000000000, 0.2339458956822389746 ),
 .UNSPECIFIED. ) ;
#2202 = CARTESIAN_POINT ( 'NONE',  ( 0.8294583205238239554, 0.5280800628543149688, -0.6115416606113011078 ) ) ;
#2203 = ORIENTED_EDGE ( 'NONE', *, *, #36, .T. ) ;
#2204 = CARTESIAN_POINT ( 'NONE',  ( -0.1816449070851290093, 0.7144464410663780018, -0.6115416606113011078 ) ) ;
#2205 = CARTESIAN_POINT ( 'NONE',  ( 1.550039235147134820, 1.599999995418695198, 0.01745824771571865414 ) ) ;
#2206 = B_SPLINE_CURVE_WITH_KNOTS ( 'NONE', 3,
 ( #701, #391, #3069, #1306 ),
 .UNSPECIFIED., .F., .F.,
 ( 4, 4 ),
 ( 0.0000000000000000000, 1.000000000000000000 ),
 .UNSPECIFIED. ) ;
#2207 = ORIENTED_EDGE ( 'NONE', *, *, #1534, .F. ) ;
#2208 = ORIENTED_EDGE ( 'NONE', *, *, #1126, .F. ) ;
#2209 = CARTESIAN_POINT ( 'NONE',  ( 1.075205804274729893, 1.555205804274729875, -0.6435416606113011362 ) ) ;
#2210 = CLOSED_SHELL ( 'NONE', ( #597, #2909, #2595, #654, #224, #3825, #604 ) ) ;
#2211 = B_SPLINE_CURVE_WITH_KNOTS ( 'NONE', 1,
 ( #705, #763 ),
 .UNSPECIFIED., .F., .F.,
 ( 2, 2 ),
 ( -0.2000000000000000111, 2.775557561562891351E-17 ),
 .UNSPECIFIED. ) ;
#2212 = ORIENTED_EDGE ( 'NONE', *, *, #3296, .F. ) ;
#2213 = EDGE_CURVE ( 'NONE', #2647, #2713, #1864, .T. ) ;
#2214 = CARTESIAN_POINT ( 'NONE',  ( 0.6679664639465859866, -0.5238407496419549281, -1.066018460611300123 ) ) ;
#2215 = DIRECTION ( 'NONE',  ( 0.0000000000000000000, 0.0000000000000000000, 1.000000000000000000 ) ) ;
#2216 =( GEOMETRIC_REPRESENTATION_CONTEXT ( 3 ) GLOBAL_UNCERTAINTY_ASSIGNED_CONTEXT ( ( #3733 ) ) GLOBAL_UNIT_ASSIGNED_CONTEXT ( ( #875, #2943, #630 ) ) REPRESENTATION_CONTEXT ( 'NONE', 'WORKASPACE' ) );
#2217 = EDGE_LOOP ( 'NONE', ( #2572, #678, #3216, #2548 ) ) ;
#2218 = EDGE_CURVE ( 'NONE', #1639, #1475, #103, .T. ) ;
#2219 = ORIENTED_EDGE ( 'NONE', *, *, #1486, .F. ) ;
#2220 = CARTESIAN_POINT ( 'NONE',  ( -0.3190473092986348957, 0.1504680285964717090, 0.8704583393886988762 ) ) ;
#2221 = PRODUCT_DEFINITION_CONTEXT ( 'detailed design', #622, 'design' ) ;
#2222 = EDGE_CURVE ( 'NONE', #1494, #1638, #3708, .T. ) ;
#2223 = CARTESIAN_POINT ( 'NONE',  ( 0.02122562956174139925, -0.08768359317491850047, -0.6115416606113011078 ) ) ;
#2224 = VERTEX_POINT ( 'NONE', #2591 ) ;
#2225 = DIRECTION ( 'NONE',  ( 0.0000000000000000000, 0.0000000000000000000, 1.000000000000000000 ) ) ;
#2226 = CARTESIAN_POINT ( 'NONE',  ( -1.235779548787830029, 0.5280800628543149688, -0.6115416606113011078 ) ) ;
#2227 = CARTESIAN_POINT ( 'NONE',  ( -0.1346039785175880132, 0.2925176989456330090, -0.6115416606113011078 ) ) ;
#2228 = ORIENTED_EDGE ( 'NONE', *, *, #580, .F. ) ;
#2229 = CARTESIAN_POINT ( 'NONE',  ( -0.1816449070851290093, 0.2589918475817539756, -0.6755416606113010536 ) ) ;
#2230 = PLANE ( 'NONE',  #351 ) ;
#2231 = CARTESIAN_POINT ( 'NONE',  ( -1.533368424850555467, 1.527878619829757145, 0.8704583393850912065 ) ) ;
#2232 = ORIENTED_EDGE ( 'NONE', *, *, #2922, .T. ) ;
#2233 = CARTESIAN_POINT ( 'NONE',  ( -1.274038533470460033, -0.3989999999999939706, -0.003948154439976309452 ) ) ;
#2234 = PLANE ( 'NONE',  #2086 ) ;
#2235 = CARTESIAN_POINT ( 'NONE',  ( 2.668381439698499946, 1.081352941176459970, -0.003948154439976979922 ) ) ;
#2236 = EDGE_CURVE ( 'NONE', #165, #533, #3795, .T. ) ;
#2237 = ORIENTED_EDGE ( 'NONE', *, *, #417, .T. ) ;
#2238 = CARTESIAN_POINT ( 'NONE',  ( -1.088000000000973966, -8.882771449820929867E-17, -0.5800000000008460610 ) ) ;
#2239 =( LENGTH_UNIT ( ) NAMED_UNIT ( * ) SI_UNIT ( .MILLI., .METRE. ) );
#2240 = ADVANCED_FACE ( 'NONE', ( #3754 ), #204, .F. ) ;
#2241 = ORIENTED_EDGE ( 'NONE', *, *, #3206, .T. ) ;
#2242 = CARTESIAN_POINT ( 'NONE',  ( -0.3096449070851289842, 0.2589918475817539756, -0.6115416606113011078 ) ) ;
#2243 = CARTESIAN_POINT ( 'NONE',  ( 1.545230340232703226, 1.567373055355591349, -0.6435416606113011362 ) ) ;
#2244 = CARTESIAN_POINT ( 'NONE',  ( -1.274038533470460033, 1.098999999999999977, -0.003948154439976540170 ) ) ;
#2245 = B_SPLINE_CURVE_WITH_KNOTS ( 'NONE', 1,
 ( #2088, #10 ),
 .UNSPECIFIED., .F., .F.,
 ( 2, 2 ),
 ( -0.05000000000000000278, 6.938893903907228378E-18 ),
 .UNSPECIFIED. ) ;
#2246 = ORIENTED_EDGE ( 'NONE', *, *, #336, .T. ) ;
#2247 = CARTESIAN_POINT ( 'NONE',  ( 1.538231745263615391, -1.546979768065358085, -0.8531984380851812544 ) ) ;
#2248 = CARTESIAN_POINT ( 'NONE',  ( -1.555205804274729875, -1.555205804274729875, -0.8995416606113010305 ) ) ;
#2249 = FACE_OUTER_BOUND ( 'NONE', #1080, .T. ) ;
#2250 =( BOUNDED_CURVE ( )  B_SPLINE_CURVE ( 2, ( #3101, #2503, #1355 ),
 .UNSPECIFIED., .F., .F. ) 
 B_SPLINE_CURVE_WITH_KNOTS ( ( 3, 3 ),
 ( 0.0000000000000000000, 0.2356194490192370095 ),
 .UNSPECIFIED. ) 
 CURVE ( )  GEOMETRIC_REPRESENTATION_ITEM ( )  RATIONAL_B_SPLINE_CURVE ( ( 1.000000000000000000, 0.7071067811865430208, 1.000000000000000000 ) ) 
 REPRESENTATION_ITEM ( '' )  );
#2251 = SURFACE_STYLE_FILL_AREA ( #1074 ) ;
#2252 =( GEOMETRIC_REPRESENTATION_CONTEXT ( 3 ) GLOBAL_UNCERTAINTY_ASSIGNED_CONTEXT ( ( #988 ) ) GLOBAL_UNIT_ASSIGNED_CONTEXT ( ( #2239, #765, #1956 ) ) REPRESENTATION_CONTEXT ( 'NONE', 'WORKASPACE' ) );
#2253 = VERTEX_POINT ( 'NONE', #3418 ) ;
#2254 = B_SPLINE_CURVE_WITH_KNOTS ( 'NONE', 1,
 ( #3055, #2481 ),
 .UNSPECIFIED., .F., .F.,
 ( 2, 2 ),
 ( -0.04551972028040520563, 0.0000000000000000000 ),
 .UNSPECIFIED. ) ;
#2255 = CARTESIAN_POINT ( 'NONE',  ( -1.599999995418635024, -1.550039235149234917, 0.01745824771571315159 ) ) ;
#2256 = CARTESIAN_POINT ( 'NONE',  ( 2.845094206639310119, 0.9048823529411709199, -0.003948154439976759612 ) ) ;
#2257 = EDGE_LOOP ( 'NONE', ( #2046, #3164, #2437, #2060 ) ) ;
#2258 = CARTESIAN_POINT ( 'NONE',  ( 0.7334583205238247583, -0.1836835931749198625, -0.6115416606113008857 ) ) ;
#2259 = AXIS2_PLACEMENT_3D ( 'NONE', #1026, #2539, #461 ) ;
#2260 = B_SPLINE_CURVE_WITH_KNOTS ( 'NONE', 1,
 ( #2103, #2994 ),
 .UNSPECIFIED., .F., .F.,
 ( 2, 2 ),
 ( -0.05000000000000000278, 6.938893903907228378E-18 ),
 .UNSPECIFIED. ) ;
#2261 = ORIENTED_EDGE ( 'NONE', *, *, #3557, .F. ) ;
#2262 = ADVANCED_FACE ( 'NONE', ( #1395 ), #3772, .F. ) ;
#2263 = CARTESIAN_POINT ( 'NONE',  ( -1.527878619863695997, -1.576521314830873877, 0.8704583393567068006 ) ) ;
#2264 = CARTESIAN_POINT ( 'NONE',  ( 0.02122562956174139925, -1.316449875027960070, -0.5795416606113010793 ) ) ;
#2265 = CARTESIAN_POINT ( 'NONE',  ( 1.576521314831399234, -1.527878619593448839, 0.8704583393375117106 ) ) ;
#2266 = VERTEX_POINT ( 'NONE', #1103 ) ;
#2267 = ADVANCED_FACE ( 'NONE', ( #3459 ), #465, .T. ) ;
#2268 = ORIENTED_EDGE ( 'NONE', *, *, #3114, .F. ) ;
#2269 = FACE_OUTER_BOUND ( 'NONE', #3519, .T. ) ;
#2270 = CARTESIAN_POINT ( 'NONE',  ( 0.3520000000000005347, 0.09215338450530065340, 0.7872583393886979364 ) ) ;
#2271 = VERTEX_POINT ( 'NONE', #2863 ) ;
#2272 = ORIENTED_EDGE ( 'NONE', *, *, #1791, .F. ) ;
#2273 = CARTESIAN_POINT ( 'NONE',  ( 1.274038533470460033, 0.3989999999999939706, -0.003948154439976309452 ) ) ;
#2274 = DIRECTION ( 'NONE',  ( 0.0000000000000000000, 0.0000000000000000000, 1.000000000000000000 ) ) ;
#2275 = CARTESIAN_POINT ( 'NONE',  ( -0.1816449070851290093, 0.5864464410663779992, -0.6755416606113010536 ) ) ;
#2276 = ORIENTED_EDGE ( 'NONE', *, *, #2316, .F. ) ;
#2277 = CLOSED_SHELL ( 'NONE', ( #1456, #1085, #3442, #1228, #496, #2505, #3704, #1340, #625, #2457, #132 ) ) ;
#2278 = ORIENTED_EDGE ( 'NONE', *, *, #1675, .T. ) ;
#2279 = CYLINDRICAL_SURFACE ( 'NONE', #1106, 0.05000000000000005829 ) ;
#2280 = PRESENTATION_LAYER_ASSIGNMENT (  '', '', ( #3451 ) ) ;
#2281 = AXIS2_PLACEMENT_3D ( 'NONE', #1394, #1049, #1067 ) ;
#2282 = ORIENTED_EDGE ( 'NONE', *, *, #2358, .T. ) ;
#2283 = FACE_OUTER_BOUND ( 'NONE', #104, .T. ) ;
#2284 = PLANE ( 'NONE',  #1726 ) ;
#2285 = CARTESIAN_POINT ( 'NONE',  ( 2.764886158183270215, 0.9754705882352880941, 0.1777603974200540060 ) ) ;
#2286 = EDGE_CURVE ( 'NONE', #348, #3756, #54, .T. ) ;
#2287 = ORIENTED_EDGE ( 'NONE', *, *, #893, .F. ) ;
#2288 = VERTEX_POINT ( 'NONE', #3474 ) ;
#2289 = CARTESIAN_POINT ( 'NONE',  ( -1.507871018987309242, -1.553738009330332348, -0.8698079259553326281 ) ) ;
#2290 = CARTESIAN_POINT ( 'NONE',  ( -1.507588616707379980, -0.5025295389024633241, -0.8995416606113010305 ) ) ;
#2291 = ADVANCED_FACE ( 'NONE', ( #1377 ), #2284, .T. ) ;
#2292 = EDGE_LOOP ( 'NONE', ( #1976, #832, #3063, #1963 ) ) ;
#2293 = EDGE_CURVE ( 'NONE', #1048, #3280, #3422, .T. ) ;
#2294 = FACE_OUTER_BOUND ( 'NONE', #130, .T. ) ;
#2295 = CARTESIAN_POINT ( 'NONE',  ( -0.3096449070851289842, 0.7144464410663780018, -0.6115416606113011078 ) ) ;
#2296 = B_SPLINE_CURVE_WITH_KNOTS ( 'NONE', 3,
 ( #1512, #303, #1471, #852, #1200, #874, #562, #3497, #909, #2053, #2364, #1760 ),
 .UNSPECIFIED., .F., .F.,
 ( 4, 2, 2, 2, 2, 4 ),
 ( 0.0000000000000000000, 0.2500000000000009437, 0.3750000000000032196, 0.4375000000000044964, 0.5000000000000057732, 1.000000000000000000 ),
 .UNSPECIFIED. ) ;
#2297 = VERTEX_POINT ( 'NONE', #3790 ) ;
#2298 = CARTESIAN_POINT ( 'NONE',  ( 4.205759913062601345E-16, 1.279999999999997806, -0.8995416606113020297 ) ) ;
#2299 = VERTEX_POINT ( 'NONE', #2015 ) ;
#2300 = FACE_OUTER_BOUND ( 'NONE', #3071, .T. ) ;
#2301 = CARTESIAN_POINT ( 'NONE',  ( 1.538948774755350080, -1.538948774756090154, 0.4182704790117819926 ) ) ;
#2302 = CARTESIAN_POINT ( 'NONE',  ( -1.035083782900788396, -0.3358634131467049810, -0.5799999999999999600 ) ) ;
#2303 = VERTEX_POINT ( 'NONE', #3738 ) ;
#2304 = CARTESIAN_POINT ( 'NONE',  ( -1.600000000000000089, -1.600000000000000089, 0.01745833938869869803 ) ) ;
#2305 = CARTESIAN_POINT ( 'NONE',  ( -2.951121866803800398, 0.3989999999999939706, -0.003948154439976199297 ) ) ;
#2306 = EDGE_LOOP ( 'NONE', ( #273, #2142, #515, #408, #207, #1459, #1397, #1123, #600 ) ) ;
#2307 = CARTESIAN_POINT ( 'NONE',  ( 0.7334583205238240922, -0.4372604950904099841, -0.5795416606113010793 ) ) ;
#2308 = CARTESIAN_POINT ( 'NONE',  ( -0.2306039785175890144, 0.5280800628543149688, -0.6115416606113011078 ) ) ;
#2309 = EDGE_CURVE ( 'NONE', #681, #2146, #3661, .T. ) ;
#2310 = EDGE_CURVE ( 'NONE', #2780, #144, #2733, .T. ) ;
#2311 = PLANE ( 'NONE',  #3386 ) ;
#2312 = DIRECTION ( 'NONE',  ( 0.0000000000000000000, 0.0000000000000000000, -1.000000000000000000 ) ) ;
#2313 = ADVANCED_FACE ( 'NONE', ( #3138 ), #3179, .T. ) ;
#2314 = ORIENTED_EDGE ( 'NONE', *, *, #3470, .F. ) ;
#2315 = PRESENTATION_LAYER_ASSIGNMENT (  '', '', ( #1511 ) ) ;
#2316 = EDGE_CURVE ( 'NONE', #703, #2473, #146, .T. ) ;
#2317 = ORIENTED_EDGE ( 'NONE', *, *, #1431, .T. ) ;
#2318 = MECHANICAL_DESIGN_GEOMETRIC_PRESENTATION_REPRESENTATION (  '', ( #1272 ), #330 ) ;
#2319 = CARTESIAN_POINT ( 'NONE',  ( 1.507588616215439936, -1.557529068452645049, -0.8519811833704818982 ) ) ;
#2320 = CARTESIAN_POINT ( 'NONE',  ( -1.264515591790740023, -1.098999999999999977, 0.1777603974200540060 ) ) ;
#2321 = CARTESIAN_POINT ( 'NONE',  ( -0.2306039785175890144, 0.3885176989456339824, -0.5795416606113010793 ) ) ;
#2322 = VERTEX_POINT ( 'NONE', #3439 ) ;
#2323 = B_SPLINE_CURVE_WITH_KNOTS ( 'NONE', 1,
 ( #558, #2376 ),
 .UNSPECIFIED., .F., .F.,
 ( 2, 2 ),
 ( 0.0000000000000000000, 1.379999999999999893 ),
 .UNSPECIFIED. ) ;
#2324 = DIRECTION ( 'NONE',  ( 0.0000000000000000000, 0.0000000000000000000, -1.000000000000000000 ) ) ;
#2325 = CARTESIAN_POINT ( 'NONE',  ( -0.3140638700706540054, 0.1837393038846748539, 0.7872583393886988246 ) ) ;
#2326 = FACE_OUTER_BOUND ( 'NONE', #1059, .T. ) ;
#2327 = DIRECTION ( 'NONE',  ( 0.0000000000000000000, 0.0000000000000000000, -1.000000000000000000 ) ) ;
#2328 = CARTESIAN_POINT ( 'NONE',  ( -0.1816449070851290093, 0.7144464410663780018, -0.6755416606113010536 ) ) ;
#2329 = CARTESIAN_POINT ( 'NONE',  ( -0.3359353733401947428, 1.035055255003933361, -0.5800000000000000711 ) ) ;
#2330 = DIRECTION ( 'NONE',  ( 0.0000000000000000000, -1.000000000000000000, 0.0000000000000000000 ) ) ;
#2331 = VERTEX_POINT ( 'NONE', #789 ) ;
#2332 = EDGE_CURVE ( 'NONE', #639, #1281, #2087, .T. ) ;
#2333 = CARTESIAN_POINT ( 'NONE',  ( -0.5092928732777581846, 1.527878619833200169, 0.8704583393888519760 ) ) ;
#2334 = EDGE_CURVE ( 'NONE', #1286, #1463, #652, .T. ) ;
#2335 = B_SPLINE_CURVE_WITH_KNOTS ( 'NONE', 1,
 ( #2321, #3514 ),
 .UNSPECIFIED., .F., .F.,
 ( 2, 2 ),
 ( -0.9019867260590879177, 0.0000000000000000000 ),
 .UNSPECIFIED. ) ;
#2336 = ORIENTED_EDGE ( 'NONE', *, *, #536, .F. ) ;
#2337 = EDGE_CURVE ( 'NONE', #2853, #1523, #943, .T. ) ;
#2338 = AXIS2_PLACEMENT_3D ( 'NONE', #1892, #3111, #460 ) ;
#2339 = UNCERTAINTY_MEASURE_WITH_UNIT (LENGTH_MEASURE( 1.000000000000000082E-05 ), #641, 'distance_accuracy_value', 'NONE');
#2340 = CARTESIAN_POINT ( 'NONE',  ( -0.2129566779142536559, -0.2813547051662849130, 0.8704583393886989873 ) ) ;
#2341 = FACE_OUTER_BOUND ( 'NONE', #841, .T. ) ;
#2342 = CARTESIAN_POINT ( 'NONE',  ( 0.06935070881539677490, -1.087966189157979269, -0.5800000000000001821 ) ) ;
#2343 = VERTEX_POINT ( 'NONE', #503 ) ;
#2344 = AXIS2_PLACEMENT_3D ( 'NONE', #3077, #380, #1261 ) ;
#2345 = CARTESIAN_POINT ( 'NONE',  ( 1.228337105872019830, -0.5623931160698699694, -0.5795416606113010793 ) ) ;
#2346 = PRESENTATION_LAYER_ASSIGNMENT (  '', '', ( #3703 ) ) ;
#2347 = B_SPLINE_CURVE_WITH_KNOTS ( 'NONE', 3,
 ( #3007, #620, #2114, #1250 ),
 .UNSPECIFIED., .F., .F.,
 ( 4, 4 ),
 ( 0.0000000000000000000, 1.000000000000000000 ),
 .UNSPECIFIED. ) ;
#2348 = ORIENTED_EDGE ( 'NONE', *, *, #1481, .T. ) ;
#2349 = CARTESIAN_POINT ( 'NONE',  ( -1.507588616034714946, 1.557529068452969900, -0.8519811833704229453 ) ) ;
#2350 = SURFACE_STYLE_FILL_AREA ( #1223 ) ;
#2351 = CARTESIAN_POINT ( 'NONE',  ( -1.550039235149234917, 1.599999995418695198, 0.01745824771571165279 ) ) ;
#2352 = CARTESIAN_POINT ( 'NONE',  ( -1.235779548787830029, -0.5350502318310639271, -0.5795416606113010793 ) ) ;
#2353 = ORIENTED_EDGE ( 'NONE', *, *, #2463, .T. ) ;
#2354 = CARTESIAN_POINT ( 'NONE',  ( -2.941598925124079944, -1.098999999999999977, 0.1777603974200540060 ) ) ;
#2355 = CARTESIAN_POINT ( 'NONE',  ( -1.264515591790740023, -0.3989999999999939706, 0.1777603974200540060 ) ) ;
#2356 = ORIENTED_EDGE ( 'NONE', *, *, #2436, .F. ) ;
#2357 = FACE_OUTER_BOUND ( 'NONE', #2564, .T. ) ;
#2358 = EDGE_CURVE ( 'NONE', #2834, #2266, #3471, .T. ) ;
#2359 = EDGE_CURVE ( 'NONE', #1100, #1494, #1908, .T. ) ;
#2360 = CARTESIAN_POINT ( 'NONE',  ( 1.264515591790740023, -1.098999999999999977, 0.1777603974200540060 ) ) ;
#2361 = CARTESIAN_POINT ( 'NONE',  ( 0.9577841992505612412, -0.5188455870922747959, -0.5799999999999998490 ) ) ;
#2362 = ADVANCED_FACE ( 'NONE', ( #3244 ), #2418, .T. ) ;
#2363 = ORIENTED_EDGE ( 'NONE', *, *, #823, .F. ) ;
#2364 = CARTESIAN_POINT ( 'NONE',  ( -1.518489713931537644, 1.507588616651375890, -0.8995416607583649471 ) ) ;
#2365 = CARTESIAN_POINT ( 'NONE',  ( 1.528190487284151189, -1.574238880127132756, 0.8402651108911447508 ) ) ;
#2366 = CARTESIAN_POINT ( 'NONE',  ( -0.1346039785175880132, 0.6240800628543150541, -0.5795416606113010793 ) ) ;
#2367 = VERTEX_POINT ( 'NONE', #3283 ) ;
#2368 = SURFACE_STYLE_USAGE ( .BOTH. , #1453 ) ;
#2369 = CARTESIAN_POINT ( 'NONE',  ( 1.567711054114530045, 1.075205804274729893, -0.6435416606113011362 ) ) ;
#2370 = CARTESIAN_POINT ( 'NONE',  ( -0.2870945872849406388, 1.050556191637588510, -0.5800000000000000711 ) ) ;
#2371 = ORIENTED_EDGE ( 'NONE', *, *, #939, .T. ) ;
#2372 = CARTESIAN_POINT ( 'NONE',  ( -1.235779548787830029, 0.5280800628543149688, -0.6115416606113011078 ) ) ;
#2373 =( BOUNDED_CURVE ( )  B_SPLINE_CURVE ( 2, ( #1489, #848, #1814 ),
 .UNSPECIFIED., .F., .F. ) 
 B_SPLINE_CURVE_WITH_KNOTS ( ( 3, 3 ),
 ( -0.2356194490192370095, 0.0000000000000000000 ),
 .UNSPECIFIED. ) 
 CURVE ( )  GEOMETRIC_REPRESENTATION_ITEM ( )  RATIONAL_B_SPLINE_CURVE ( ( 1.000000000000000000, 0.7071067811865420216, 1.000000000000000000 ) ) 
 REPRESENTATION_ITEM ( '' )  );
#2374 = CARTESIAN_POINT ( 'NONE',  ( 1.261828496021739854, 1.350400521521350150, -0.5795416606113010793 ) ) ;
#2375 = CARTESIAN_POINT ( 'NONE',  ( -1.550039235149234917, -1.599999995418635024, 0.01745824771571029971 ) ) ;
#2376 = CARTESIAN_POINT ( 'NONE',  ( 2.941598925124079944, -0.3989999999999930269, 0.1777603974200540060 ) ) ;
#2377 = CARTESIAN_POINT ( 'NONE',  ( -1.018546133431629475, -0.3829901664690093521, -0.5799999999999998490 ) ) ;
#2378 = VERTEX_POINT ( 'NONE', #2629 ) ;
#2379 = B_SPLINE_CURVE_WITH_KNOTS ( 'NONE', 1,
 ( #1973, #2351 ),
 .UNSPECIFIED., .F., .F.,
 ( 2, 2 ),
 ( 0.0000000000000000000, 1.000000000000000000 ),
 .UNSPECIFIED. ) ;
#2380 = EDGE_CURVE ( 'NONE', #708, #1824, #1719, .T. ) ;
#2381 = CARTESIAN_POINT ( 'NONE',  ( -1.507588539542984662, -1.543421937297034363, -0.8844623576028080025 ) ) ;
#2382 = CARTESIAN_POINT ( 'NONE',  ( 1.527893660033888601, -1.563719217002842887, 0.8553323731435822364 ) ) ;
#2383 = CARTESIAN_POINT ( 'NONE',  ( -0.8078754831954050308, 0.3885176989456339824, -0.6115416606113011078 ) ) ;
#2384 = EDGE_LOOP ( 'NONE', ( #549, #946, #1581, #2176, #1317, #2589, #1680, #3538, #169 ) ) ;
#2385 = EDGE_CURVE ( 'NONE', #1616, #744, #2323, .T. ) ;
#2386 = FACE_OUTER_BOUND ( 'NONE', #3692, .T. ) ;
#2387 = B_SPLINE_CURVE_WITH_KNOTS ( 'NONE', 1,
 ( #1314, #379 ),
 .UNSPECIFIED., .F., .F.,
 ( 2, 2 ),
 ( -0.9021119223511939733, 0.0000000000000000000 ),
 .UNSPECIFIED. ) ;
#2388 = CARTESIAN_POINT ( 'NONE',  ( -0.3190473092986343961, -0.1504680285964715425, 0.7872583393886989356 ) ) ;
#2389 = ORIENTED_EDGE ( 'NONE', *, *, #579, .F. ) ;
#2390 = CARTESIAN_POINT ( 'NONE',  ( -1.235779548787830029, 1.350400521521350150, -0.6115416606113011078 ) ) ;
#2391 = CARTESIAN_POINT ( 'NONE',  ( 1.264515591790740023, -1.098999999999999977, 0.1777603974200540060 ) ) ;
#2392 = B_SPLINE_CURVE_WITH_KNOTS ( 'NONE', 1,
 ( #2354, #2061 ),
 .UNSPECIFIED., .F., .F.,
 ( 2, 2 ),
 ( -0.2339458956822389746, 0.0000000000000000000 ),
 .UNSPECIFIED. ) ;
#2393 = EDGE_LOOP ( 'NONE', ( #965, #484, #1647, #585 ) ) ;
#2394 = DIRECTION ( 'NONE',  ( 1.000000000000000000, 0.0000000000000000000, 0.0000000000000000000 ) ) ;
#2395 = CARTESIAN_POINT ( 'NONE',  ( 1.228337105872019830, -1.316449875027960070, -0.6115416606113011078 ) ) ;
#2396 = PLANE ( 'NONE',  #49 ) ;
#2397 = B_SPLINE_CURVE_WITH_KNOTS ( 'NONE', 3,
 ( #1705, #1668, #2811, #1109 ),
 .UNSPECIFIED., .F., .F.,
 ( 4, 4 ),
 ( 0.0000000000000000000, 1.000000000000000000 ),
 .UNSPECIFIED. ) ;
#2398 = CARTESIAN_POINT ( 'NONE',  ( 1.280000000000000027, 1.045031935272410152E-16, -0.8995416606113020297 ) ) ;
#2399 = VERTEX_POINT ( 'NONE', #2049 ) ;
#2400 = CARTESIAN_POINT ( 'NONE',  ( -1.507602636392129991, -1.543106391574761593, -0.8847450404083238018 ) ) ;
#2401 = CARTESIAN_POINT ( 'NONE',  ( -1.564918700996610346, -1.527940395666222750, 0.8540557324373442283 ) ) ;
#2402 = CARTESIAN_POINT ( 'NONE',  ( 1.577859690179940211, -1.527878619754239997, 0.8218340601543319135 ) ) ;
#2403 = COLOUR_RGB ( '',0.8980392156862745390, 0.9215686274509803377, 0.9294117647058823817 ) ;
#2404 = AXIS2_PLACEMENT_3D ( 'NONE', #248, #2855, #1076 ) ;
#2405 = CARTESIAN_POINT ( 'NONE',  ( 0.2152318929148709925, 0.2589918475817539756, -1.066018460611300123 ) ) ;
#2406 = B_SPLINE_SURFACE_WITH_KNOTS ( 'NONE', 1, 1, ( 
 ( #1993, #3785 ),
 ( #512, #1693 ) ),
 .UNSPECIFIED., .F., .F., .F.,
 ( 2, 2 ),
 ( 2, 2 ),
 ( 0.0000000000000000000, 3.199999999998599964 ),
 ( 0.0000000000000000000, 0.8536460023392689056 ),
 .UNSPECIFIED. ) ;
#2407 = CARTESIAN_POINT ( 'NONE',  ( 1.087999999998700007, 8.882771449811039523E-17, -0.5799999999993989963 ) ) ;
#2408 = ADVANCED_FACE ( 'NONE', ( #3266 ), #2709, .T. ) ;
#2409 = ADVANCED_FACE ( 'NONE', ( #887 ), #3227, .T. ) ;
#2410 = ORIENTED_EDGE ( 'NONE', *, *, #823, .T. ) ;
#2411 = CARTESIAN_POINT ( 'NONE',  ( -0.9038754831954058933, 0.2925176989456339527, -0.6115416606113011078 ) ) ;
#2412 =( NAMED_UNIT ( * ) SI_UNIT ( $, .STERADIAN. ) SOLID_ANGLE_UNIT ( ) );
#2413 = B_SPLINE_CURVE_WITH_KNOTS ( 'NONE', 3,
 ( #2695, #3529, #2033, #3213 ),
 .UNSPECIFIED., .F., .F.,
 ( 4, 4 ),
 ( 0.0000000000000000000, 1.000000000000000000 ),
 .UNSPECIFIED. ) ;
#2414 = ORIENTED_EDGE ( 'NONE', *, *, #2218, .F. ) ;
#2415 = FACE_OUTER_BOUND ( 'NONE', #505, .T. ) ;
#2416 = UNCERTAINTY_MEASURE_WITH_UNIT (LENGTH_MEASURE( 1.000000000000000082E-05 ), #2563, 'distance_accuracy_value', 'NONE');
#2417 = FACE_OUTER_BOUND ( 'NONE', #2001, .T. ) ;
#2418 = CYLINDRICAL_SURFACE ( 'NONE', #2651, 0.09600000000000000200 ) ;
#2419 = FACE_OUTER_BOUND ( 'NONE', #2848, .T. ) ;
#2420 = CARTESIAN_POINT ( 'NONE',  ( 0.6374583205238240069, -0.4372604950904099841, -0.5955416606113009825 ) ) ;
#2421 = SURFACE_STYLE_FILL_AREA ( #2072 ) ;
#2422 = CARTESIAN_POINT ( 'NONE',  ( 1.599999995416805154, 1.550039235149549999, 0.01745824772352990231 ) ) ;
#2423 = ORIENTED_EDGE ( 'NONE', *, *, #3192, .T. ) ;
#2424 = EDGE_LOOP ( 'NONE', ( #2490, #1781, #2911, #1800 ) ) ;
#2425 = CARTESIAN_POINT ( 'NONE',  ( 0.3417022841558229329, -0.08769141793282551889, 0.7872583393886988246 ) ) ;
#2426 = CARTESIAN_POINT ( 'NONE',  ( -0.9998754831954069777, -0.5350502318310639271, -0.5795416606113010793 ) ) ;
#2427 =( NAMED_UNIT ( * ) SI_UNIT ( $, .STERADIAN. ) SOLID_ANGLE_UNIT ( ) );
#2428 = B_SPLINE_CURVE_WITH_KNOTS ( 'NONE', 3,
 ( #2205, #3419, #1683, #1630 ),
 .UNSPECIFIED., .F., .F.,
 ( 4, 4 ),
 ( 0.0000000000000000000, 1.000000000000000000 ),
 .UNSPECIFIED. ) ;
#2429 = ORIENTED_EDGE ( 'NONE', *, *, #2055, .F. ) ;
#2430 = EDGE_LOOP ( 'NONE', ( #127, #3496, #754, #877 ) ) ;
#2431 = B_SPLINE_CURVE_WITH_KNOTS ( 'NONE', 3,
 ( #1657, #2531, #2235, #2440, #182, #65, #3411, #2138, #2120, #2461, #1565, #762, #2256, #3432, #1813, #2995, #3300, #333, #1525, #2694 ),
 .UNSPECIFIED., .F., .F.,
 ( 4, 1, 1, 1, 1, 1, 1, 1, 1, 1, 1, 1, 1, 1, 1, 1, 1, 4 ),
 ( 0.0000000000000000000, 0.02497384041592069434, 0.04994768083184149970, 0.07492152124776219058, 0.09989536166368277736, 0.1248692020796030033, 0.1498430424955239926, 0.1748168829114450096, 0.1997907233273649996, 0.2247645637432859889, 0.2497384041592070059, 0.2747122445751269959, 0.2996860849910480407, 0.3246599254069690299, 0.3496337658228889644, 0.3746076062388100092, 0.3995814466547309984, 0.4245552870706509885 ),
 .UNSPECIFIED. ) ;
#2432 = ADVANCED_FACE ( 'NONE', ( #927 ), #47, .T. ) ;
#2433 = CARTESIAN_POINT ( 'NONE',  ( -0.1816449070851290093, -0.7086782392384790574, -1.066018460611300123 ) ) ;
#2434 = CARTESIAN_POINT ( 'NONE',  ( -1.543186988640341317, 1.506898976105104149, -0.8995416610959870996 ) ) ;
#2435 = EDGE_CURVE ( 'NONE', #3393, #2187, #3685, .T. ) ;
#2436 = EDGE_CURVE ( 'NONE', #792, #415, #2373, .T. ) ;
#2437 = ORIENTED_EDGE ( 'NONE', *, *, #3804, .F. ) ;
#2438 = DIRECTION ( 'NONE',  ( 0.0000000000000000000, 0.0000000000000000000, -1.000000000000000000 ) ) ;
#2439 = B_SPLINE_CURVE_WITH_KNOTS ( 'NONE', 1,
 ( #595, #934 ),
 .UNSPECIFIED., .F., .F.,
 ( 2, 2 ),
 ( 0.0000000000000000000, 0.9000000000000000222 ),
 .UNSPECIFIED. ) ;
#2440 = CARTESIAN_POINT ( 'NONE',  ( 2.686052716392580031, 1.063705882352939947, -0.003948154439976979922 ) ) ;
#2441 = FACE_OUTER_BOUND ( 'NONE', #3570, .T. ) ;
#2442 = PLANE ( 'NONE',  #2070 ) ;
#2443 = VERTEX_POINT ( 'NONE', #572 ) ;
#2444 = B_SPLINE_CURVE_WITH_KNOTS ( 'NONE', 1,
 ( #2778, #2798 ),
 .UNSPECIFIED., .F., .F.,
 ( 2, 2 ),
 ( -0.3686001024881629951, -5.551115123125782702E-17 ),
 .UNSPECIFIED. ) ;
#2445 = CARTESIAN_POINT ( 'NONE',  ( 0.2142743307484704651, 1.557529068534547978, -0.8519811833743977658 ) ) ;
#2446 = CARTESIAN_POINT ( 'NONE',  ( 1.533915069959129962, 1.533915069961939937, -0.3106022457262659908 ) ) ;
#2447 = B_SPLINE_CURVE_WITH_KNOTS ( 'NONE', 1,
 ( #1422, #179 ),
 .UNSPECIFIED., .F., .F.,
 ( 2, 2 ),
 ( -0.05000000000000000278, 6.938893903907228378E-18 ),
 .UNSPECIFIED. ) ;
#2448 = EDGE_LOOP ( 'NONE', ( #1894, #1174, #2559, #389 ) ) ;
#2449 = CARTESIAN_POINT ( 'NONE',  ( -1.555205803978910284, -1.507588615116261410, -0.8995416603007388989 ) ) ;
#2450 = CARTESIAN_POINT ( 'NONE',  ( -1.527878619833199947, 1.527878619833199947, 0.8704583393886750065 ) ) ;
#2451 = AXIS2_PLACEMENT_3D ( 'NONE', #2112, #2686, #326 ) ;
#2452 = CARTESIAN_POINT ( 'NONE',  ( 1.600000000000000089, 1.600000000000000089, 0.01745833938869869803 ) ) ;
#2453 = EDGE_LOOP ( 'NONE', ( #2246, #3408, #1405, #189 ) ) ;
#2454 = ORIENTED_EDGE ( 'NONE', *, *, #2487, .F. ) ;
#2455 = CARTESIAN_POINT ( 'NONE',  ( -2.941598925124079944, -0.3989999999999930269, 0.1777603974200540060 ) ) ;
#2456 = CARTESIAN_POINT ( 'NONE',  ( 0.7334583205238240922, -0.4372604950904099841, -0.5795416606113010793 ) ) ;
#2457 = ADVANCED_FACE ( 'NONE', ( #1194 ), #2396, .T. ) ;
#2458 = PRODUCT_DEFINITION ( 'UNKNOWN', '', #3737, #2221 ) ;
#2459 = ORIENTED_EDGE ( 'NONE', *, *, #619, .F. ) ;
#2460 = DIRECTION ( 'NONE',  ( 1.000000000000000000, 0.0000000000000000000, 0.0000000000000000000 ) ) ;
#2461 = CARTESIAN_POINT ( 'NONE',  ( 2.792080376557069865, 0.9578235294117588561, -0.003948154439976199297 ) ) ;
#2462 = CARTESIAN_POINT ( 'NONE',  ( 2.951121866803800398, 0.7990000000000000435, -0.003948154439975760412 ) ) ;
#2463 = EDGE_CURVE ( 'NONE', #3449, #1494, #2783, .T. ) ;
#2464 = ORIENTED_EDGE ( 'NONE', *, *, #2236, .F. ) ;
#2465 = CARTESIAN_POINT ( 'NONE',  ( 1.408046146095540019, 2.586538808801510089E-16, -1.112646234352169916 ) ) ;
#2466 = CARTESIAN_POINT ( 'NONE',  ( -0.1816449070851290093, -0.3118014392384789724, -0.6115416606113011078 ) ) ;
#2467 = CARTESIAN_POINT ( 'NONE',  ( -1.597856405176311112, 1.576500495591579787, 0.8712147248494025442 ) ) ;
#2468 = ORIENTED_EDGE ( 'NONE', *, *, #3348, .T. ) ;
#2469 = AXIS2_PLACEMENT_3D ( 'NONE', #3299, #607, #2740 ) ;
#2470 = EDGE_LOOP ( 'NONE', ( #1249, #3080, #3241, #825 ) ) ;
#2471 = CARTESIAN_POINT ( 'NONE',  ( -1.527878619833199947, 1.527878619833199947, 0.8704583393886750065 ) ) ;
#2472 = AXIS2_PLACEMENT_3D ( 'NONE', #3787, #1461, #3191 ) ;
#2473 = VERTEX_POINT ( 'NONE', #2939 ) ;
#2474 = PRESENTATION_LAYER_ASSIGNMENT (  '', '', ( #1909 ) ) ;
#2475 = DIRECTION ( 'NONE',  ( 0.0000000000000000000, 0.0000000000000000000, 1.000000000000000000 ) ) ;
#2476 = CARTESIAN_POINT ( 'NONE',  ( -0.1816449070851290093, 0.1309918475817540007, -0.6755416606113010536 ) ) ;
#2477 = B_SPLINE_CURVE_WITH_KNOTS ( 'NONE', 1,
 ( #3700, #1574 ),
 .UNSPECIFIED., .F., .F.,
 ( 2, 2 ),
 ( -0.2339458956822389746, 0.0000000000000000000 ),
 .UNSPECIFIED. ) ;
#2478 = AXIS2_PLACEMENT_3D ( 'NONE', #2301, #1068, #167 ) ;
#2479 = ORIENTED_EDGE ( 'NONE', *, *, #2047, .F. ) ;
#2480 = ORIENTED_EDGE ( 'NONE', *, *, #1743, .F. ) ;
#2481 = CARTESIAN_POINT ( 'NONE',  ( 0.7334583205238240922, -0.4663931160698699951, -0.6115416606113011078 ) ) ;
#2482 = CARTESIAN_POINT ( 'NONE',  ( 1.052112313723420067, 1.507588616707389972, -0.8995416606114730040 ) ) ;
#2483 = B_SPLINE_CURVE_WITH_KNOTS ( 'NONE', 1,
 ( #1745, #263 ),
 .UNSPECIFIED., .F., .F.,
 ( 2, 2 ),
 ( -1.720586828547250091, 0.0000000000000000000 ),
 .UNSPECIFIED. ) ;
#2484 = EDGE_CURVE ( 'NONE', #1772, #1616, #3604, .T. ) ;
#2485 = EDGE_CURVE ( 'NONE', #2870, #1983, #2413, .T. ) ;
#2486 = CARTESIAN_POINT ( 'NONE',  ( -0.6466571427348494217, 1.557529068534282413, -0.8519811833743872187 ) ) ;
#2487 = EDGE_CURVE ( 'NONE', #1898, #3626, #3014, .T. ) ;
#2488 = PLANE ( 'NONE',  #835 ) ;
#2489 = ORIENTED_EDGE ( 'NONE', *, *, #2954, .T. ) ;
#2490 = ORIENTED_EDGE ( 'NONE', *, *, #3348, .F. ) ;
#2491 = CARTESIAN_POINT ( 'NONE',  ( -1.507588617154558941, -1.543644258346018816, -0.8995416610976664229 ) ) ;
#2492 = B_SPLINE_CURVE_WITH_KNOTS ( 'NONE', 1,
 ( #900, #3223 ),
 .UNSPECIFIED., .F., .F.,
 ( 2, 2 ),
 ( -0.2000000000000000111, 2.775557561562891351E-17 ),
 .UNSPECIFIED. ) ;
#2493 = CARTESIAN_POINT ( 'NONE',  ( -0.1346039785175880132, 0.2925176989456330090, -0.5795416606113010793 ) ) ;
#2494 = CYLINDRICAL_SURFACE ( 'NONE', #3547, 0.04999999999999989869 ) ;
#2495 = DIRECTION ( 'NONE',  ( 1.000000000000000000, 0.0000000000000000000, 0.0000000000000000000 ) ) ;
#2496 = CYLINDRICAL_SURFACE ( 'NONE', #2031, 0.05000000000000077993 ) ;
#2497 = ORIENTED_EDGE ( 'NONE', *, *, #2222, .T. ) ;
#2498 = VERTEX_POINT ( 'NONE', #3807 ) ;
#2499 = DIRECTION ( 'NONE',  ( 0.0000000000000000000, 0.0000000000000000000, 1.000000000000000000 ) ) ;
#2500 = PLANE ( 'NONE',  #2937 ) ;
#2501 = CARTESIAN_POINT ( 'NONE',  ( 1.527878593412564490, 1.562294165829990922, 0.8567345625062207093 ) ) ;
#2502 = CARTESIAN_POINT ( 'NONE',  ( -0.9038754831954058933, -0.4390502318310640084, -0.5795416606113010793 ) ) ;
#2503 = CARTESIAN_POINT ( 'NONE',  ( -0.1346039785175879577, 0.3885176989456351482, -0.5795416606113010793 ) ) ;
#2504 =( BOUNDED_CURVE ( )  B_SPLINE_CURVE ( 2, ( #3533, #3231, #891 ),
 .UNSPECIFIED., .F., .T. ) 
 B_SPLINE_CURVE_WITH_KNOTS ( ( 3, 3 ),
 ( -0.2356194490192370095, 0.0000000000000000000 ),
 .UNSPECIFIED. ) 
 CURVE ( )  GEOMETRIC_REPRESENTATION_ITEM ( )  RATIONAL_B_SPLINE_CURVE ( ( 1.000000000000000000, 0.7071067811865430208, 1.000000000000000000 ) ) 
 REPRESENTATION_ITEM ( '' )  );
#2505 = ADVANCED_FACE ( 'NONE', ( #2341 ), #3513, .T. ) ;
#2506 = ORIENTED_EDGE ( 'NONE', *, *, #564, .F. ) ;
#2507 = EDGE_LOOP ( 'NONE', ( #2975, #518, #1948, #73 ) ) ;
#2508 = CARTESIAN_POINT ( 'NONE',  ( -1.540004467836497914, 1.545547615841626587, -0.8529900108507344481 ) ) ;
#2509 = EDGE_CURVE ( 'NONE', #1380, #1684, #1444, .T. ) ;
#2510 = EDGE_CURVE ( 'NONE', #2163, #3590, #2044, .T. ) ;
#2511 = CARTESIAN_POINT ( 'NONE',  ( 1.555205804274673254, 1.075205804274786514, -0.7122083272779675678 ) ) ;
#2512 =( GEOMETRIC_REPRESENTATION_CONTEXT ( 3 ) GLOBAL_UNCERTAINTY_ASSIGNED_CONTEXT ( ( #904 ) ) GLOBAL_UNIT_ASSIGNED_CONTEXT ( ( #1570, #1551, #955 ) ) REPRESENTATION_CONTEXT ( 'NONE', 'WORKASPACE' ) );
#2513 = DIRECTION ( 'NONE',  ( -2.916503843985961489E-13, 1.000000000000000000, 0.0000000000000000000 ) ) ;
#2514 = ORIENTED_EDGE ( 'NONE', *, *, #564, .T. ) ;
#2515 = ORIENTED_EDGE ( 'NONE', *, *, #2509, .T. ) ;
#2516 = CARTESIAN_POINT ( 'NONE',  ( -0.3437618273246589307, 0.08777195610439680884, 0.8704583393886990983 ) ) ;
#2517 = CARTESIAN_POINT ( 'NONE',  ( 0.02122562956174139925, -0.4372604950904099841, -0.6115416606113011078 ) ) ;
#2518 = ORIENTED_EDGE ( 'NONE', *, *, #3414, .F. ) ;
#2519 = PLANE ( 'NONE',  #1845 ) ;
#2520 = CARTESIAN_POINT ( 'NONE',  ( 1.576521314973520660, 1.597325680652889934, 0.8704583394865691437 ) ) ;
#2521 = ORIENTED_EDGE ( 'NONE', *, *, #362, .F. ) ;
#2522 = ORIENTED_EDGE ( 'NONE', *, *, #1718, .T. ) ;
#2523 = CARTESIAN_POINT ( 'NONE',  ( -1.482809240827354103, -1.543920062673360016, -0.8733425883716539051 ) ) ;
#2524 = EDGE_CURVE ( 'NONE', #1523, #256, #3711, .T. ) ;
#2525 = CARTESIAN_POINT ( 'NONE',  ( -1.539183121312001523, 1.527975288574368484, 0.8695777528203817441 ) ) ;
#2526 =( BOUNDED_CURVE ( )  B_SPLINE_CURVE ( 2, ( #534, #2258, #2934 ),
 .UNSPECIFIED., .F., .T. ) 
 B_SPLINE_CURVE_WITH_KNOTS ( ( 3, 3 ),
 ( 0.0000000000000000000, 0.2356194490192360103 ),
 .UNSPECIFIED. ) 
 CURVE ( )  GEOMETRIC_REPRESENTATION_ITEM ( )  RATIONAL_B_SPLINE_CURVE ( ( 1.000000000000000000, 0.7071067811865450192, 1.000000000000000000 ) ) 
 REPRESENTATION_ITEM ( '' )  );
#2527 = CARTESIAN_POINT ( 'NONE',  ( -1.542638827057379869, 1.592619897521295957, 0.2855835509354148205 ) ) ;
#2528 = AXIS2_PLACEMENT_3D ( 'NONE', #2773, #118, #3084 ) ;
#2529 = FACE_OUTER_BOUND ( 'NONE', #2430, .T. ) ;
#2530 = ADVANCED_FACE ( 'NONE', ( #2441 ), #739, .T. ) ;
#2531 = CARTESIAN_POINT ( 'NONE',  ( 2.656600588569119736, 1.093117647058819975, -0.003948154439976869767 ) ) ;
#2532 = ADVANCED_FACE ( 'NONE', ( #87 ), #2742, .T. ) ;
#2533 = MECHANICAL_DESIGN_GEOMETRIC_PRESENTATION_REPRESENTATION (  '', ( #3207 ), #605 ) ;
#2534 = ORIENTED_EDGE ( 'NONE', *, *, #1957, .F. ) ;
#2535 = ORIENTED_EDGE ( 'NONE', *, *, #1507, .T. ) ;
#2536 = CARTESIAN_POINT ( 'NONE',  ( 1.527878619773975100, 1.577859690180084984, 0.8218340601549120050 ) ) ;
#2537 = COLOUR_RGB ( '',0.8980392156862745390, 0.9215686274509803377, 0.9294117647058823817 ) ;
#2538 = B_SPLINE_CURVE_WITH_KNOTS ( 'NONE', 1,
 ( #3485, #760 ),
 .UNSPECIFIED., .F., .F.,
 ( 2, 2 ),
 ( -0.2000000000000000111, 2.775557561562891351E-17 ),
 .UNSPECIFIED. ) ;
#2539 = DIRECTION ( 'NONE',  ( -0.9986295347545741663, -7.464644217867131501E-16, -0.05233595624293971293 ) ) ;
#2540 = EDGE_LOOP ( 'NONE', ( #3288, #2464, #2212, #2718 ) ) ;
#2541 = CARTESIAN_POINT ( 'NONE',  ( 1.509441037859130530, -1.576609722406440151, -0.8497696548433185670 ) ) ;
#2542 = DIRECTION ( 'NONE',  ( 0.0000000000000000000, 1.000000000000000000, 0.0000000000000000000 ) ) ;
#2543 = CARTESIAN_POINT ( 'NONE',  ( 1.527878619852850006, 1.527878619692989881, 0.8704583393887009857 ) ) ;
#2544 = ORIENTED_EDGE ( 'NONE', *, *, #1507, .F. ) ;
#2545 = CARTESIAN_POINT ( 'NONE',  ( 1.540537444913574694, -1.545042238311075344, -0.8530927101169251126 ) ) ;
#2546 = CARTESIAN_POINT ( 'NONE',  ( 0.02122562956174139925, -0.4372604950904099841, -0.5795416606113010793 ) ) ;
#2547 = CARTESIAN_POINT ( 'NONE',  ( 1.527878619833119789, -0.5092928732777337597, 0.8704583393884813836 ) ) ;
#2548 = ORIENTED_EDGE ( 'NONE', *, *, #2860, .T. ) ;
#2549 = CARTESIAN_POINT ( 'NONE',  ( -0.1346039785175880132, 0.6240800628543150541, -0.5795416606113010793 ) ) ;
#2550 = CYLINDRICAL_SURFACE ( 'NONE', #1783, 0.09599999999999994649 ) ;
#2551 = CARTESIAN_POINT ( 'NONE',  ( 1.528824077167809881, -1.528824077170610085, -0.4148220071050789937 ) ) ;
#2552 = ORIENTED_EDGE ( 'NONE', *, *, #386, .F. ) ;
#2553 = CARTESIAN_POINT ( 'NONE',  ( 0.3091994056413282510, 0.1750587009861454824, 0.8704583393886988762 ) ) ;
#2554 = ADVANCED_FACE ( 'NONE', ( #648 ), #1277, .T. ) ;
#2555 = ORIENTED_EDGE ( 'NONE', *, *, #416, .F. ) ;
#2556 = CARTESIAN_POINT ( 'NONE',  ( -2.941598925124079944, -0.3989999999999930269, 0.1777603974200540060 ) ) ;
#2557 = DIRECTION ( 'NONE',  ( -0.0000000000000000000, 1.000000000000000000, 0.0000000000000000000 ) ) ;
#2558 = CARTESIAN_POINT ( 'NONE',  ( 1.528599250674560706, 1.597631926404960767, 0.8201962637568466219 ) ) ;
#2559 = ORIENTED_EDGE ( 'NONE', *, *, #386, .T. ) ;
#2560 = FACE_OUTER_BOUND ( 'NONE', #1563, .T. ) ;
#2561 = CARTESIAN_POINT ( 'NONE',  ( -0.9038754831954063373, -0.5350502318310650374, -0.6115416606113012188 ) ) ;
#2562 = CARTESIAN_POINT ( 'NONE',  ( 2.941598925124079944, 0.7990000000000000435, 0.1777603974200540060 ) ) ;
#2563 =( LENGTH_UNIT ( ) NAMED_UNIT ( * ) SI_UNIT ( .MILLI., .METRE. ) );
#2564 = EDGE_LOOP ( 'NONE', ( #1709, #2356, #3398, #3473 ) ) ;
#2565 = CARTESIAN_POINT ( 'NONE',  ( -0.8078754831954050308, 0.3885176989456339824, -0.6115416606113011078 ) ) ;
#2566 = PLANE ( 'NONE',  #1474 ) ;
#2567 = CARTESIAN_POINT ( 'NONE',  ( 0.09061483364182111588, 0.2824640832897150067, -0.6755416606113010536 ) ) ;
#2568 = ORIENTED_EDGE ( 'NONE', *, *, #1696, .T. ) ;
#2569 = MECHANICAL_DESIGN_GEOMETRIC_PRESENTATION_REPRESENTATION (  '', ( #2816 ), #2512 ) ;
#2570 = DIRECTION ( 'NONE',  ( 0.0000000000000000000, -1.000000000000000000, -1.426293652344250264E-14 ) ) ;
#2571 = EDGE_CURVE ( 'NONE', #2163, #1140, #1770, .T. ) ;
#2572 = ORIENTED_EDGE ( 'NONE', *, *, #2599, .T. ) ;
#2573 = CARTESIAN_POINT ( 'NONE',  ( 0.3519999999999999796, -2.546735226440004991E-17, 0.8704583393886989873 ) ) ;
#2574 = EDGE_CURVE ( 'NONE', #3597, #3598, #1566, .T. ) ;
#2575 = CARTESIAN_POINT ( 'NONE',  ( 1.553480575035130151, 1.563363816872479939, 0.7962645245406959615 ) ) ;
#2576 = EDGE_CURVE ( 'NONE', #2148, #144, #3402, .T. ) ;
#2577 = ORIENTED_EDGE ( 'NONE', *, *, #8, .F. ) ;
#2578 = CARTESIAN_POINT ( 'NONE',  ( -0.3096449070851289842, -0.3118014392384789724, -0.6115416606113011078 ) ) ;
#2579 = CARTESIAN_POINT ( 'NONE',  ( -1.507588616269033288, -1.557048502860290284, -0.8618190299927960263 ) ) ;
#2580 = CARTESIAN_POINT ( 'NONE',  ( -0.3096449070851289842, 0.2589918475817539756, -0.6115416606113011078 ) ) ;
#2581 = B_SPLINE_CURVE_WITH_KNOTS ( 'NONE', 1,
 ( #1129, #230 ),
 .UNSPECIFIED., .F., .F.,
 ( 2, 2 ),
 ( -1.134875716667240075, 0.0000000000000000000 ),
 .UNSPECIFIED. ) ;
#2582 = ORIENTED_EDGE ( 'NONE', *, *, #1675, .F. ) ;
#2583 = CARTESIAN_POINT ( 'NONE',  ( -1.527878619591868326, -1.576500495448380335, 0.8712147246992054672 ) ) ;
#2584 = CLOSED_SHELL ( 'NONE', ( #271, #2622, #2701, #3682, #2169, #1293 ) ) ;
#2585 = CARTESIAN_POINT ( 'NONE',  ( -0.3096449070851289842, -0.1838014392384790252, -0.6115416606113011078 ) ) ;
#2586 = VERTEX_POINT ( 'NONE', #3012 ) ;
#2587 = CARTESIAN_POINT ( 'NONE',  ( -0.3096449070851289842, 0.7144464410663780018, -0.6115416606113011078 ) ) ;
#2588 = AXIS2_PLACEMENT_3D ( 'NONE', #405, #3694, #751 ) ;
#2589 = ORIENTED_EDGE ( 'NONE', *, *, #2858, .T. ) ;
#2590 = CARTESIAN_POINT ( 'NONE',  ( -2.951121866803800398, -1.098999999999999977, -0.003948154439976540170 ) ) ;
#2591 = CARTESIAN_POINT ( 'NONE',  ( -1.235779548787830029, -0.5350502318310639271, -0.5795416606113010793 ) ) ;
#2592 = CARTESIAN_POINT ( 'NONE',  ( 0.2870945872803500887, -1.050556191636254466, -0.5800000000000000711 ) ) ;
#2593 = VERTEX_POINT ( 'NONE', #355 ) ;
#2594 = EDGE_CURVE ( 'NONE', #2343, #836, #1163, .T. ) ;
#2595 = ADVANCED_FACE ( 'NONE', ( #949 ), #670, .T. ) ;
#2596 = DIRECTION ( 'NONE',  ( -0.0000000000000000000, 1.000000000000000000, 0.0000000000000000000 ) ) ;
#2597 = CARTESIAN_POINT ( 'NONE',  ( 1.567711054114530045, 1.075205804274729893, -0.6435416606113011362 ) ) ;
#2598 = ORIENTED_EDGE ( 'NONE', *, *, #2810, .T. ) ;
#2599 = EDGE_CURVE ( 'NONE', #3054, #1913, #2347, .T. ) ;
#2600 = CARTESIAN_POINT ( 'NONE',  ( 1.576168745717848818, -1.599937838952273594, 0.01618581468434483403 ) ) ;
#2601 = DIRECTION ( 'NONE',  ( 0.0000000000000000000, -1.000000000000000000, 0.0000000000000000000 ) ) ;
#2602 = CARTESIAN_POINT ( 'NONE',  ( -1.577859690180339891, -1.527878619774075020, 0.8218340601549399826 ) ) ;
#2603 = VERTEX_POINT ( 'NONE', #940 ) ;
#2604 = CARTESIAN_POINT ( 'NONE',  ( -1.235779548787830029, 1.350400521521350150, -0.5795416606113010793 ) ) ;
#2605 = B_SPLINE_CURVE_WITH_KNOTS ( 'NONE', 3,
 ( #3162, #2868, #2290, #527 ),
 .UNSPECIFIED., .F., .F.,
 ( 4, 4 ),
 ( 0.0000000000000000000, 1.000000000000000000 ),
 .UNSPECIFIED. ) ;
#2606 = ORIENTED_EDGE ( 'NONE', *, *, #543, .F. ) ;
#2607 = CARTESIAN_POINT ( 'NONE',  ( 0.05566739192252696811, -0.3488511799924882695, 0.8704583393886988762 ) ) ;
#2608 = DIRECTION ( 'NONE',  ( 0.0000000000000000000, -1.000000000000000000, 0.0000000000000000000 ) ) ;
#2609 = CARTESIAN_POINT ( 'NONE',  ( 1.507619624078515796, -1.536482103553234557, -0.8903872378413497657 ) ) ;
#2610 = VERTEX_POINT ( 'NONE', #1189 ) ;
#2611 = FACE_OUTER_BOUND ( 'NONE', #3049, .T. ) ;
#2612 = CARTESIAN_POINT ( 'NONE',  ( 0.09215338450530083381, 0.3520000000000001461, 0.7872583393886983805 ) ) ;
#2613 = B_SPLINE_CURVE_WITH_KNOTS ( 'NONE', 1,
 ( #1588, #2161 ),
 .UNSPECIFIED., .F., .F.,
 ( 2, 2 ),
 ( 0.0000000000000000000, 1.000000000000000000 ),
 .UNSPECIFIED. ) ;
#2614 = ADVANCED_FACE ( 'NONE', ( #3239 ), #921, .F. ) ;
#2615 = VERTEX_POINT ( 'NONE', #349 ) ;
#2616 = CARTESIAN_POINT ( 'NONE',  ( -1.274038533470460033, -1.098999999999999977, -0.003948154439976540170 ) ) ;
#2617 = CARTESIAN_POINT ( 'NONE',  ( 0.8294583205238239554, -0.5623931160698699694, -0.6115416606113011078 ) ) ;
#2618 = CARTESIAN_POINT ( 'NONE',  ( -0.3096449070851289842, -0.1838014392384790252, -0.6755416606113010536 ) ) ;
#2619 = CARTESIAN_POINT ( 'NONE',  ( -0.3096449070851289842, -0.3118014392384789724, -0.6115416606113011078 ) ) ;
#2620 = EDGE_CURVE ( 'NONE', #2443, #3412, #1790, .T. ) ;
#2621 = FILL_AREA_STYLE_COLOUR ( '', #1949 ) ;
#2622 = ADVANCED_FACE ( 'NONE', ( #1825 ), #1482, .T. ) ;
#2623 = ORIENTED_EDGE ( 'NONE', *, *, #677, .F. ) ;
#2624 = B_SPLINE_CURVE_WITH_KNOTS ( 'NONE', 1,
 ( #2587, #2026 ),
 .UNSPECIFIED., .F., .F.,
 ( 2, 2 ),
 ( -0.2000000000000000111, 2.775557561562891351E-17 ),
 .UNSPECIFIED. ) ;
#2625 = CARTESIAN_POINT ( 'NONE',  ( -1.280000000000000027, -1.045031935272410152E-16, -0.8995416606113020297 ) ) ;
#2626 = ORIENTED_EDGE ( 'NONE', *, *, #3304, .F. ) ;
#2627 =( GEOMETRIC_REPRESENTATION_CONTEXT ( 3 ) GLOBAL_UNCERTAINTY_ASSIGNED_CONTEXT ( ( #164 ) ) GLOBAL_UNIT_ASSIGNED_CONTEXT ( ( #3427, #177, #776 ) ) REPRESENTATION_CONTEXT ( 'NONE', 'WORKASPACE' ) );
#2628 = CARTESIAN_POINT ( 'NONE',  ( 0.6374583205238228967, -0.1836835931749189743, -0.6115416606113011078 ) ) ;
#2629 = CARTESIAN_POINT ( 'NONE',  ( 1.599999995416925058, -1.550039235149549999, 0.01745824772352220014 ) ) ;
#2630 = CARTESIAN_POINT ( 'NONE',  ( 1.507588616215439936, -1.557529068452645049, -0.8519811833704818982 ) ) ;
#2631 = ORIENTED_EDGE ( 'NONE', *, *, #537, .T. ) ;
#2632 = EDGE_CURVE ( 'NONE', #3735, #2498, #2793, .T. ) ;
#2633 = FILL_AREA_STYLE ('',( #2653 ) ) ;
#2634 = PLANE ( 'NONE',  #920 ) ;
#2635 = CARTESIAN_POINT ( 'NONE',  ( -1.235779548787830029, -1.316449875027960070, -0.5795416606113010793 ) ) ;
#2636 = ORIENTED_EDGE ( 'NONE', *, *, #2139, .F. ) ;
#2637 = EDGE_CURVE ( 'NONE', #2888, #1807, #212, .T. ) ;
#2638 = DIRECTION ( 'NONE',  ( 1.000000000000000000, 8.712017267261089951E-13, 9.194662251239338709E-13 ) ) ;
#2639 = CARTESIAN_POINT ( 'NONE',  ( 0.5092928732776819123, 1.527878619833199947, 0.8704583393885459985 ) ) ;
#2640 = ADVANCED_FACE ( 'NONE', ( #1460 ), #2951, .F. ) ;
#2641 =( BOUNDED_CURVE ( )  B_SPLINE_CURVE ( 2, ( #335, #3302, #1295, #950, #2398 ),
 .UNSPECIFIED., .F., .T. ) 
 B_SPLINE_CURVE_WITH_KNOTS ( ( 3, 2, 3 ),
 ( 0.0000000000000000000, 0.5000000000000015543, 1.000000000000000000 ),
 .UNSPECIFIED. ) 
 CURVE ( )  GEOMETRIC_REPRESENTATION_ITEM ( )  RATIONAL_B_SPLINE_CURVE ( ( 1.000000000000000000, 0.7071067811865481278, 1.000000000000000000, 0.7071067811865481278, 1.000000000000000000 ) ) 
 REPRESENTATION_ITEM ( '' )  );
#2642 = VERTEX_POINT ( 'NONE', #3294 ) ;
#2643 = CARTESIAN_POINT ( 'NONE',  ( 1.557529068450250076, -1.507588616034714946, -0.8519811833704269421 ) ) ;
#2644 = CARTESIAN_POINT ( 'NONE',  ( 0.3519999999999998130, -0.04458217684913650530, 0.8704583393886989873 ) ) ;
#2645 = CARTESIAN_POINT ( 'NONE',  ( 1.264515591790740023, -0.3989999999999939706, 0.1777603974200540060 ) ) ;
#2646 = CARTESIAN_POINT ( 'NONE',  ( 0.3829901664676096940, -1.018546133430225931, -0.5799999999999999600 ) ) ;
#2647 = VERTEX_POINT ( 'NONE', #3525 ) ;
#2648 = MECHANICAL_DESIGN_GEOMETRIC_PRESENTATION_REPRESENTATION (  '', ( #3767 ), #3455 ) ;
#2649 = CARTESIAN_POINT ( 'NONE',  ( -0.1816449070851290093, -0.1838014392384790252, -0.6755416606113010536 ) ) ;
#2650 = B_SPLINE_CURVE_WITH_KNOTS ( 'NONE', 1,
 ( #2562, #3199 ),
 .UNSPECIFIED., .F., .F.,
 ( 2, 2 ),
 ( 0.3857142857142850101, 0.9000000000000000222 ),
 .UNSPECIFIED. ) ;
#2651 = AXIS2_PLACEMENT_3D ( 'NONE', #1740, #1779, #1446 ) ;
#2652 =( NAMED_UNIT ( * ) PLANE_ANGLE_UNIT ( ) SI_UNIT ( $, .RADIAN. ) );
#2653 = FILL_AREA_STYLE_COLOUR ( '', #1542 ) ;
#2654 = CARTESIAN_POINT ( 'NONE',  ( -1.551799261266961327, -1.530970676257857876, -0.8529426819333087995 ) ) ;
#2655 = DIRECTION ( 'NONE',  ( 0.9986295347545741663, -5.643773611181438660E-16, -0.05233595624293971293 ) ) ;
#2656 = CARTESIAN_POINT ( 'NONE',  ( 0.09061483364182111588, -0.1013795830118039837, -0.6755416606113010536 ) ) ;
#2657 = ORIENTED_EDGE ( 'NONE', *, *, #2997, .T. ) ;
#2658 = FACE_OUTER_BOUND ( 'NONE', #1811, .T. ) ;
#2659 = CARTESIAN_POINT ( 'NONE',  ( 1.553480575035140143, -1.563363816872479939, 0.7962645245406959615 ) ) ;
#2660 = B_SPLINE_CURVE_WITH_KNOTS ( 'NONE', 3,
 ( #1124, #469, #1649, #1381 ),
 .UNSPECIFIED., .F., .F.,
 ( 4, 4 ),
 ( 0.0000000000000000000, 1.000000000000000000 ),
 .UNSPECIFIED. ) ;
#2661 = EDGE_CURVE ( 'NONE', #2187, #1100, #3536, .T. ) ;
#2662 = CARTESIAN_POINT ( 'NONE',  ( 0.09061483364182111588, -0.5238407496419549281, -0.2210648606113009840 ) ) ;
#2663 = CARTESIAN_POINT ( 'NONE',  ( 0.7334583205238226489, -0.5623931160698711906, -0.5795416606113010793 ) ) ;
#2664 = CARTESIAN_POINT ( 'NONE',  ( 1.557529068531528615, 0.2142743307484700488, -0.8519811833743871077 ) ) ;
#2665 = CARTESIAN_POINT ( 'NONE',  ( 1.507633359573515630, -1.535033231282951549, -0.8913713391633382166 ) ) ;
#2666 = EDGE_CURVE ( 'NONE', #3809, #2603, #1144, .T. ) ;
#2667 = ORIENTED_EDGE ( 'NONE', *, *, #5, .F. ) ;
#2668 = CARTESIAN_POINT ( 'NONE',  ( 1.507588616704579998, -1.507588616457249842, -0.8995416606110100410 ) ) ;
#2669 = CARTESIAN_POINT ( 'NONE',  ( -1.564112666181235012, -1.527878539364005084, 0.8549654273445326247 ) ) ;
#2670 = ORIENTED_EDGE ( 'NONE', *, *, #995, .F. ) ;
#2671 = CARTESIAN_POINT ( 'NONE',  ( -1.521745590874013176, -1.571686043054673521, -0.5621680630623185904 ) ) ;
#2672 = CARTESIAN_POINT ( 'NONE',  ( 5.773307815971221812E-16, 0.0000000000000000000, 1.230736076797360745 ) ) ;
#2673 = CARTESIAN_POINT ( 'NONE',  ( -2.941598925124079944, 0.3989999999999930269, 0.1777603974200540060 ) ) ;
#2674 = CARTESIAN_POINT ( 'NONE',  ( 0.5188455870901109712, 0.9577841992532069026, -0.5800000000000000711 ) ) ;
#2675 = ORIENTED_EDGE ( 'NONE', *, *, #1313, .T. ) ;
#2676 = CARTESIAN_POINT ( 'NONE',  ( -0.5092928732777590728, -1.527878619833199947, 0.8704583393889570031 ) ) ;
#2677 = CARTESIAN_POINT ( 'NONE',  ( 0.09061483364182111588, 0.2824640832897150067, -0.6755416606113010536 ) ) ;
#2678 = PLANE ( 'NONE',  #1975 ) ;
#2679 = CARTESIAN_POINT ( 'NONE',  ( -0.08760210576149617123, -0.3438287815882015153, 0.8704583393886989873 ) ) ;
#2680 = CARTESIAN_POINT ( 'NONE',  ( -0.3096449070851289842, -0.1838014392384790252, -0.6115416606113011078 ) ) ;
#2681 = VERTEX_POINT ( 'NONE', #640 ) ;
#2682 = CARTESIAN_POINT ( 'NONE',  ( 1.555205803976128509, -1.507588615116259634, -0.8995416603007438949 ) ) ;
#2683 = EDGE_CURVE ( 'NONE', #2271, #1380, #2392, .T. ) ;
#2684 = CARTESIAN_POINT ( 'NONE',  ( -1.576521314881200064, -1.576521314881200064, 0.8704583393886989873 ) ) ;
#2685 = DIRECTION ( 'NONE',  ( 1.000000000000000000, 0.0000000000000000000, 0.0000000000000000000 ) ) ;
#2686 = DIRECTION ( 'NONE',  ( 0.0000000000000000000, 0.0000000000000000000, 1.000000000000000000 ) ) ;
#2687 = DIRECTION ( 'NONE',  ( 1.000000000000000000, 0.0000000000000000000, 0.0000000000000000000 ) ) ;
#2688 = EDGE_LOOP ( 'NONE', ( #1089, #403, #1468, #1020 ) ) ;
#2689 = CARTESIAN_POINT ( 'NONE',  ( 1.075205804274729893, 1.555205804274729431, -0.7808749939446343324 ) ) ;
#2690 = PLANE ( 'NONE',  #289 ) ;
#2691 = B_SPLINE_CURVE_WITH_KNOTS ( 'NONE', 1,
 ( #1457, #2585 ),
 .UNSPECIFIED., .F., .F.,
 ( 2, 2 ),
 ( -0.2000000000000000111, 2.775557561562891351E-17 ),
 .UNSPECIFIED. ) ;
#2692 = VERTEX_POINT ( 'NONE', #3258 ) ;
#2693 = CARTESIAN_POINT ( 'NONE',  ( 1.550039235147134820, -1.599999995418815102, 0.01745824771571454978 ) ) ;
#2694 = CARTESIAN_POINT ( 'NONE',  ( 2.951121866803800398, 0.7990000000000000435, -0.003948154439975760412 ) ) ;
#2695 = CARTESIAN_POINT ( 'NONE',  ( -1.507588616707379758, -1.507588616457249842, -0.8995416606114789992 ) ) ;
#2696 = DIRECTION ( 'NONE',  ( 0.0000000000000000000, -1.000000000000000000, 0.0000000000000000000 ) ) ;
#2697 = CARTESIAN_POINT ( 'NONE',  ( 1.349125053503040128, -1.316449875027960070, -0.1922648606113009917 ) ) ;
#2698 = CARTESIAN_POINT ( 'NONE',  ( -1.538856567253074292, -1.527878619826316786, 0.8704583393814816494 ) ) ;
#2699 = CARTESIAN_POINT ( 'NONE',  ( -0.1346039785175880132, 0.6240800628543150541, -0.5795416606113010793 ) ) ;
#2700 = AXIS2_PLACEMENT_3D ( 'NONE', #3211, #3265, #3282 ) ;
#2701 = ADVANCED_FACE ( 'NONE', ( #2658 ), #3841, .T. ) ;
#2702 = ORIENTED_EDGE ( 'NONE', *, *, #2485, .T. ) ;
#2703 = EDGE_CURVE ( 'NONE', #1363, #2586, #2492, .T. ) ;
#2704 = ORIENTED_EDGE ( 'NONE', *, *, #1244, .T. ) ;
#2705 =( GEOMETRIC_REPRESENTATION_CONTEXT ( 3 ) GLOBAL_UNCERTAINTY_ASSIGNED_CONTEXT ( ( #1213 ) ) GLOBAL_UNIT_ASSIGNED_CONTEXT ( ( #285, #2946, #855 ) ) REPRESENTATION_CONTEXT ( 'NONE', 'WORKASPACE' ) );
#2706 = CARTESIAN_POINT ( 'NONE',  ( -0.1029114570842590004, -0.3371688046445470155, -0.5795416606113010793 ) ) ;
#2707 = B_SPLINE_CURVE_WITH_KNOTS ( 'NONE', 1,
 ( #1500, #1808 ),
 .UNSPECIFIED., .F., .F.,
 ( 2, 2 ),
 ( -1.284875716667239987, 0.0000000000000000000 ),
 .UNSPECIFIED. ) ;
#2708 = CARTESIAN_POINT ( 'NONE',  ( 0.04510997108776400311, -0.3520680060048702043, 0.7872583393886991576 ) ) ;
#2709 = B_SPLINE_SURFACE_WITH_KNOTS ( 'NONE', 1, 1, ( 
 ( #1798, #1466 ),
 ( #6, #3831 ) ),
 .UNSPECIFIED., .F., .F., .F.,
 ( 2, 2 ),
 ( 2, 2 ),
 ( 0.0000000000000000000, 1.379999999999999893 ),
 ( 0.0000000000000000000, 0.2339458956822389746 ),
 .UNSPECIFIED. ) ;
#2710 = DIRECTION ( 'NONE',  ( 0.9988118665886783765, -0.002377680162883072986, 0.04867444708143237042 ) ) ;
#2711 =( LENGTH_UNIT ( ) NAMED_UNIT ( * ) SI_UNIT ( .MILLI., .METRE. ) );
#2712 = ADVANCED_FACE ( 'NONE', ( #2079, #3276 ), #3581, .F. ) ;
#2713 = VERTEX_POINT ( 'NONE', #1753 ) ;
#2714 = ORIENTED_EDGE ( 'NONE', *, *, #2683, .F. ) ;
#2715 = CARTESIAN_POINT ( 'NONE',  ( -0.3096449070851289842, 0.7144464410663780018, -0.6755416606113010536 ) ) ;
#2716 = B_SPLINE_CURVE_WITH_KNOTS ( 'NONE', 1,
 ( #208, #793 ),
 .UNSPECIFIED., .F., .F.,
 ( 2, 2 ),
 ( -0.2339458956822389746, 0.0000000000000000000 ),
 .UNSPECIFIED. ) ;
#2717 = FACE_OUTER_BOUND ( 'NONE', #2507, .T. ) ;
#2718 = ORIENTED_EDGE ( 'NONE', *, *, #3022, .F. ) ;
#2719 = CARTESIAN_POINT ( 'NONE',  ( 1.599999995416925058, -1.550039235149549999, 0.01745824772352220014 ) ) ;
#2720 = DIRECTION ( 'NONE',  ( 0.9988118665886168701, 0.002377680163004501895, -0.04867444708268676284 ) ) ;
#2721 = CARTESIAN_POINT ( 'NONE',  ( 1.109778426977060084, -0.5238407496419549281, -0.6755416606113010536 ) ) ;
#2722 = CARTESIAN_POINT ( 'NONE',  ( 1.576521314881200064, -1.576521314881200064, 0.8704583393886989873 ) ) ;
#2723 = EDGE_LOOP ( 'NONE', ( #2772, #2657, #3238, #3094, #643 ) ) ;
#2724 = CARTESIAN_POINT ( 'NONE',  ( 1.408046146095539575, 1.408046146095539575, -1.112646234352169250 ) ) ;
#2725 = PLANE ( 'NONE',  #2344 ) ;
#2726 = FACE_OUTER_BOUND ( 'NONE', #161, .T. ) ;
#2727 = ORIENTED_EDGE ( 'NONE', *, *, #1747, .F. ) ;
#2728 = ORIENTED_EDGE ( 'NONE', *, *, #1273, .T. ) ;
#2729 = DIRECTION ( 'NONE',  ( 0.0000000000000000000, -1.000000000000000000, 0.0000000000000000000 ) ) ;
#2730 = EDGE_CURVE ( 'NONE', #1913, #1523, #682, .T. ) ;
#2731 = CARTESIAN_POINT ( 'NONE',  ( -0.2813547051662740328, -0.2129566779142600397, 0.7872583393886988246 ) ) ;
#2732 = CARTESIAN_POINT ( 'NONE',  ( 1.555205804274729875, 1.555205804274729875, -0.8995416606113010305 ) ) ;
#2733 = B_SPLINE_CURVE_WITH_KNOTS ( 'NONE', 3,
 ( #480, #1664, #1999, #2846 ),
 .UNSPECIFIED., .F., .F.,
 ( 4, 4 ),
 ( 0.0000000000000000000, 1.000000000000000000 ),
 .UNSPECIFIED. ) ;
#2734 = ORIENTED_EDGE ( 'NONE', *, *, #272, .T. ) ;
#2735 = CARTESIAN_POINT ( 'NONE',  ( 1.370249002905569835, 1.567711054117263414, -0.6435416606113011362 ) ) ;
#2736 = EDGE_CURVE ( 'NONE', #2030, #1974, #1749, .T. ) ;
#2737 = EDGE_CURVE ( 'NONE', #3670, #545, #2707, .T. ) ;
#2738 = B_SPLINE_CURVE_WITH_KNOTS ( 'NONE', 1,
 ( #2226, #1875 ),
 .UNSPECIFIED., .F., .F.,
 ( 2, 2 ),
 ( -0.05000000000000000278, 6.938893903907228378E-18 ),
 .UNSPECIFIED. ) ;
#2739 = ORIENTED_EDGE ( 'NONE', *, *, #517, .F. ) ;
#2740 = DIRECTION ( 'NONE',  ( 0.0000000000000000000, 1.000000000000000000, 0.0000000000000000000 ) ) ;
#2741 = CARTESIAN_POINT ( 'NONE',  ( 1.075205804274729893, 1.555205804274729875, -0.6435416606113011362 ) ) ;
#2742 = PLANE ( 'NONE',  #491 ) ;
#2743 = CARTESIAN_POINT ( 'NONE',  ( 0.2152318929148709925, -0.3118014392384789724, -0.2210648606113009840 ) ) ;
#2744 = ORIENTED_EDGE ( 'NONE', *, *, #3192, .F. ) ;
#2745 = B_SPLINE_SURFACE_WITH_KNOTS ( 'NONE', 1, 1, ( 
 ( #81, #2455 ),
 ( #456, #1343 ) ),
 .UNSPECIFIED., .F., .F., .F.,
 ( 2, 2 ),
 ( 2, 2 ),
 ( 0.0000000000000000000, 0.2339458956822389746 ),
 ( 0.0000000000000000000, 1.379999999999999893 ),
 .UNSPECIFIED. ) ;
#2746 = CARTESIAN_POINT ( 'NONE',  ( 1.075205804257563846, 1.556367436404664906, -0.8507614219928659738 ) ) ;
#2747 =( NAMED_UNIT ( * ) PLANE_ANGLE_UNIT ( ) SI_UNIT ( $, .RADIAN. ) );
#2748 = CARTESIAN_POINT ( 'NONE',  ( -1.563529191715059996, 1.502614279984519907, 0.8447636856282318973 ) ) ;
#2749 = EDGE_LOOP ( 'NONE', ( #1502, #2893, #3083, #699 ) ) ;
#2750 = ORIENTED_EDGE ( 'NONE', *, *, #2810, .F. ) ;
#2751 = B_SPLINE_CURVE_WITH_KNOTS ( 'NONE', 1,
 ( #959, #306 ),
 .UNSPECIFIED., .F., .F.,
 ( 2, 2 ),
 ( -0.6755783992154860140, 0.0000000000000000000 ),
 .UNSPECIFIED. ) ;
#2752 = DIRECTION ( 'NONE',  ( 1.000000000000000000, 0.0000000000000000000, 0.0000000000000000000 ) ) ;
#2753 =( GEOMETRIC_REPRESENTATION_CONTEXT ( 3 ) GLOBAL_UNCERTAINTY_ASSIGNED_CONTEXT ( ( #2104 ) ) GLOBAL_UNIT_ASSIGNED_CONTEXT ( ( #581, #1204, #323 ) ) REPRESENTATION_CONTEXT ( 'NONE', 'WORKASPACE' ) );
#2754 = ORIENTED_EDGE ( 'NONE', *, *, #3556, .F. ) ;
#2755 = CARTESIAN_POINT ( 'NONE',  ( -1.557529068453240129, 1.507588616218239919, -0.8519811833705109860 ) ) ;
#2756 = CARTESIAN_POINT ( 'NONE',  ( 2.941598925124079944, 0.3989999999999930269, 0.1777603974200540060 ) ) ;
#2757 = B_SPLINE_CURVE_WITH_KNOTS ( 'NONE', 3,
 ( #275, #806, #863, #1406 ),
 .UNSPECIFIED., .F., .F.,
 ( 4, 4 ),
 ( 0.0000000000000000000, 1.000000000000000000 ),
 .UNSPECIFIED. ) ;
#2758 = ORIENTED_EDGE ( 'NONE', *, *, #1268, .F. ) ;
#2759 = EDGE_CURVE ( 'NONE', #23, #681, #176, .T. ) ;
#2760 = ADVANCED_FACE ( 'NONE', ( #3090 ), #2195, .F. ) ;
#2761 = ORIENTED_EDGE ( 'NONE', *, *, #1763, .F. ) ;
#2762 = CARTESIAN_POINT ( 'NONE',  ( -0.2813547051662710352, 0.2129566779142677280, 0.8704583393886989873 ) ) ;
#2763 = CARTESIAN_POINT ( 'NONE',  ( -1.600000000000000089, -1.600000000000000089, 0.01745833938869869803 ) ) ;
#2764 = CARTESIAN_POINT ( 'NONE',  ( 1.079293087110783311, 1.551118521438765496, -0.8757215993913133323 ) ) ;
#2765 = FACE_OUTER_BOUND ( 'NONE', #2424, .T. ) ;
#2766 = ORIENTED_EDGE ( 'NONE', *, *, #2812, .T. ) ;
#2767 = B_SPLINE_CURVE_WITH_KNOTS ( 'NONE', 3,
 ( #2002, #3698, #1648, #3142 ),
 .UNSPECIFIED., .F., .F.,
 ( 4, 4 ),
 ( 0.0000000000000000000, 1.000000000000000000 ),
 .UNSPECIFIED. ) ;
#2768 = CARTESIAN_POINT ( 'NONE',  ( -0.9038754831954058933, 0.2925176989456339527, -0.6115416606113011078 ) ) ;
#2769 = CARTESIAN_POINT ( 'NONE',  ( -1.274038533470460033, 0.3989999999999939706, -0.003948154439976309452 ) ) ;
#2770 =( BOUNDED_CURVE ( )  B_SPLINE_CURVE ( 2, ( #571, #2663, #3550 ),
 .UNSPECIFIED., .F., .F. ) 
 B_SPLINE_CURVE_WITH_KNOTS ( ( 3, 3 ),
 ( -0.2356194490192370095, 0.0000000000000000000 ),
 .UNSPECIFIED. ) 
 CURVE ( )  GEOMETRIC_REPRESENTATION_ITEM ( )  RATIONAL_B_SPLINE_CURVE ( ( 1.000000000000000000, 0.7071067811865430208, 1.000000000000000000 ) ) 
 REPRESENTATION_ITEM ( '' )  );
#2771 = VERTEX_POINT ( 'NONE', #413 ) ;
#2772 = ORIENTED_EDGE ( 'NONE', *, *, #768, .F. ) ;
#2773 = CARTESIAN_POINT ( 'NONE',  ( -0.3188744395344660365, -0.1836835931749189743, -0.1922648606113009917 ) ) ;
#2774 = CARTESIAN_POINT ( 'NONE',  ( -1.512990336590387175, 1.557516209436960786, -0.8522444219006833910 ) ) ;
#2775 = ORIENTED_EDGE ( 'NONE', *, *, #2118, .F. ) ;
#2776 = AXIS2_PLACEMENT_3D ( 'NONE', #615, #2655, #915 ) ;
#2777 = CARTESIAN_POINT ( 'NONE',  ( 0.8294583205238239554, -0.5623931160698699694, -0.6115416606113011078 ) ) ;
#2778 = CARTESIAN_POINT ( 'NONE',  ( -1.235779548787830029, -0.5350502318310639271, -0.6115416606113011078 ) ) ;
#2779 = ORIENTED_EDGE ( 'NONE', *, *, #1857, .F. ) ;
#2780 = VERTEX_POINT ( 'NONE', #1600 ) ;
#2781 = PLANE ( 'NONE',  #3204 ) ;
#2782 = EDGE_CURVE ( 'NONE', #53, #2713, #1383, .T. ) ;
#2783 = B_SPLINE_CURVE_WITH_KNOTS ( 'NONE', 1,
 ( #1757, #2998 ),
 .UNSPECIFIED., .F., .F.,
 ( 2, 2 ),
 ( -0.05000000000000000278, 6.938893903907228378E-18 ),
 .UNSPECIFIED. ) ;
#2784 = CARTESIAN_POINT ( 'NONE',  ( 0.2152318929148709925, -0.7086782392384790574, -0.6115416606113011078 ) ) ;
#2785 = EDGE_CURVE ( 'NONE', #415, #3153, #76, .T. ) ;
#2786 =( NAMED_UNIT ( * ) SI_UNIT ( $, .STERADIAN. ) SOLID_ANGLE_UNIT ( ) );
#2787 = CARTESIAN_POINT ( 'NONE',  ( 1.567711054114685032, 1.517770602223800003, -0.6435416606127121186 ) ) ;
#2788 = ORIENTED_EDGE ( 'NONE', *, *, #3373, .F. ) ;
#2789 = ORIENTED_EDGE ( 'NONE', *, *, #3304, .T. ) ;
#2790 = B_SPLINE_CURVE_WITH_KNOTS ( 'NONE', 1,
 ( #1361, #1143 ),
 .UNSPECIFIED., .F., .F.,
 ( 2, 2 ),
 ( -1.938441978843739921, 0.0000000000000000000 ),
 .UNSPECIFIED. ) ;
#2791 = FACE_OUTER_BOUND ( 'NONE', #3006, .T. ) ;
#2792 = CARTESIAN_POINT ( 'NONE',  ( -1.557475573089812881, 1.530060786386589822, -0.8530763049705947232 ) ) ;
#2793 =( BOUNDED_CURVE ( )  B_SPLINE_CURVE ( 2, ( #3822, #1540, #586 ),
 .UNSPECIFIED., .F., .F. ) 
 B_SPLINE_CURVE_WITH_KNOTS ( ( 3, 3 ),
 ( -0.2356194490192370095, 0.0000000000000000000 ),
 .UNSPECIFIED. ) 
 CURVE ( )  GEOMETRIC_REPRESENTATION_ITEM ( )  RATIONAL_B_SPLINE_CURVE ( ( 1.000000000000000000, 0.7071067811865440200, 1.000000000000000000 ) ) 
 REPRESENTATION_ITEM ( '' )  );
#2794 = CARTESIAN_POINT ( 'NONE',  ( -0.1816449070851290093, 0.1309918475817540007, -0.6755416606113010536 ) ) ;
#2795 = ORIENTED_EDGE ( 'NONE', *, *, #2485, .F. ) ;
#2796 = ORIENTED_EDGE ( 'NONE', *, *, #1153, .F. ) ;
#2797 = PLANE ( 'NONE',  #3572 ) ;
#2798 = CARTESIAN_POINT ( 'NONE',  ( -0.9998754831954069777, -0.5350502318310639271, -0.6115416606113011078 ) ) ;
#2799 = B_SPLINE_CURVE_WITH_KNOTS ( 'NONE', 1,
 ( #1063, #1044 ),
 .UNSPECIFIED., .F., .F.,
 ( 2, 2 ),
 ( 0.0000000000000000000, 0.1819579188639640077 ),
 .UNSPECIFIED. ) ;
#2800 = ORIENTED_EDGE ( 'NONE', *, *, #57, .F. ) ;
#2801 = CARTESIAN_POINT ( 'NONE',  ( 0.3363285201402983482, 0.1068246561555974833, 0.8704583393886990983 ) ) ;
#2802 = B_SPLINE_CURVE_WITH_KNOTS ( 'NONE', 3,
 ( #1149, #2856, #180, #3166 ),
 .UNSPECIFIED., .F., .F.,
 ( 4, 4 ),
 ( 0.0000000000000000000, 1.000000000000000000 ),
 .UNSPECIFIED. ) ;
#2803 = B_SPLINE_CURVE_WITH_KNOTS ( 'NONE', 1,
 ( #3158, #3440 ),
 .UNSPECIFIED., .F., .F.,
 ( 2, 2 ),
 ( -0.05000000000000000278, 6.938893903907228378E-18 ),
 .UNSPECIFIED. ) ;
#2804 = CARTESIAN_POINT ( 'NONE',  ( 0.02122562956174139925, -1.316449875027960070, -0.6115416606113011078 ) ) ;
#2805 = B_SPLINE_CURVE_WITH_KNOTS ( 'NONE', 3,
 ( #1285, #3087, #433, #120 ),
 .UNSPECIFIED., .F., .F.,
 ( 4, 4 ),
 ( 0.0000000000000000000, 1.000000000000000000 ),
 .UNSPECIFIED. ) ;
#2806 = CARTESIAN_POINT ( 'NONE',  ( -1.557529068453240129, 1.507588616218239919, -0.8519811833705109860 ) ) ;
#2807 = FILL_AREA_STYLE_COLOUR ( '', #668 ) ;
#2808 = CARTESIAN_POINT ( 'NONE',  ( -0.2306039785175890144, 0.3885176989456339824, -0.6115416606113011078 ) ) ;
#2809 = ORIENTED_EDGE ( 'NONE', *, *, #1769, .F. ) ;
#2810 = EDGE_CURVE ( 'NONE', #3023, #3662, #1833, .T. ) ;
#2811 = CARTESIAN_POINT ( 'NONE',  ( 1.567711054114963476, 1.370249002907443225, -0.6435416606113011362 ) ) ;
#2812 = EDGE_CURVE ( 'NONE', #3756, #2853, #257, .T. ) ;
#2813 = FACE_OUTER_BOUND ( 'NONE', #1950, .T. ) ;
#2814 = CARTESIAN_POINT ( 'NONE',  ( 0.2152318929148709925, 0.1895696410663779974, -0.6115416606113011078 ) ) ;
#2815 = CARTESIAN_POINT ( 'NONE',  ( -1.274038533470460033, 1.098999999999999977, -0.003948154439976540170 ) ) ;
#2816 = STYLED_ITEM ( 'NONE', ( #3658 ), #3167 ) ;
#2817 = CARTESIAN_POINT ( 'NONE',  ( 2.625486434451819839, 1.098999999999999977, 0.4773492578464270109 ) ) ;
#2818 = ORIENTED_EDGE ( 'NONE', *, *, #2055, .T. ) ;
#2819 = VERTEX_POINT ( 'NONE', #3032 ) ;
#2820 = CARTESIAN_POINT ( 'NONE',  ( 0.1505529537679199115, 0.3190138321668643528, 0.8704583393886990983 ) ) ;
#2821 = CARTESIAN_POINT ( 'NONE',  ( -0.2306039785175890144, 0.5280800628543149688, -0.6115416606113011078 ) ) ;
#2822 = ORIENTED_EDGE ( 'NONE', *, *, #1964, .F. ) ;
#2823 = CARTESIAN_POINT ( 'NONE',  ( 1.555205804814880466, -1.575217056115359338, -0.8995416612129218947 ) ) ;
#2824 = CARTESIAN_POINT ( 'NONE',  ( -1.577859690180070107, 1.527878619774075020, 0.8218340601549309898 ) ) ;
#2825 = CARTESIAN_POINT ( 'NONE',  ( 0.4021445029740329802, 0.5280800628543149688, -0.1922648606113009917 ) ) ;
#2826 = ORIENTED_EDGE ( 'NONE', *, *, #561, .F. ) ;
#2827 = DIRECTION ( 'NONE',  ( 4.071114628718850403E-13, 1.000000000000000000, 4.253211336983920050E-13 ) ) ;
#2828 = PLANE ( 'NONE',  #170 ) ;
#2829 = CARTESIAN_POINT ( 'NONE',  ( 1.052112313723420067, 1.507588616707389972, -0.8995416606114730040 ) ) ;
#2830 = ADVANCED_FACE ( 'NONE', ( #436 ), #3370, .T. ) ;
#2831 = ADVANCED_FACE ( 'NONE', ( #1619 ), #2745, .T. ) ;
#2832 = CLOSED_SHELL ( 'NONE', ( #2838, #3097, #151, #2409, #2532, #1966 ) ) ;
#2833 = VERTEX_POINT ( 'NONE', #1287 ) ;
#2834 = VERTEX_POINT ( 'NONE', #3623 ) ;
#2835 = CARTESIAN_POINT ( 'NONE',  ( 1.555205804274729875, 1.075205804274729893, -0.6435416606113011362 ) ) ;
#2836 = CARTESIAN_POINT ( 'NONE',  ( 1.963919411923629843, 1.075205804274729893, -1.309218460611299983 ) ) ;
#2837 = DIRECTION ( 'NONE',  ( 1.000000000000000000, 0.0000000000000000000, 0.0000000000000000000 ) ) ;
#2838 = ADVANCED_FACE ( 'NONE', ( #1636 ), #2797, .T. ) ;
#2839 = AXIS2_PLACEMENT_3D ( 'NONE', #989, #3707, #1256 ) ;
#2840 = EDGE_LOOP ( 'NONE', ( #121, #2282, #3709, #1264 ) ) ;
#2841 = CARTESIAN_POINT ( 'NONE',  ( -0.2143400843924454513, 0.2835689935942098949, 0.8704583393886989873 ) ) ;
#2842 = B_SPLINE_CURVE_WITH_KNOTS ( 'NONE', 1,
 ( #1366, #2159 ),
 .UNSPECIFIED., .F., .F.,
 ( 2, 2 ),
 ( -0.05000000000000000278, 6.938893903907228378E-18 ),
 .UNSPECIFIED. ) ;
#2843 = CARTESIAN_POINT ( 'NONE',  ( 0.8294583205238239554, 0.5280800628543149688, -0.5795416606113010793 ) ) ;
#2844 = EDGE_LOOP ( 'NONE', ( #513, #3132, #302, #2468 ) ) ;
#2845 = DIRECTION ( 'NONE',  ( -0.05233595624293971293, 0.0000000000000000000, 0.9986295347545741663 ) ) ;
#2846 = CARTESIAN_POINT ( 'NONE',  ( 1.550039235147134820, -1.599999995418815102, 0.01745824771571454978 ) ) ;
#2847 = CARTESIAN_POINT ( 'NONE',  ( 2.647077646889389957, 1.093117647058819975, 0.1777603974200540060 ) ) ;
#2848 = EDGE_LOOP ( 'NONE', ( #1480, #444, #3008, #3038, #1625 ) ) ;
#2849 = CARTESIAN_POINT ( 'NONE',  ( 1.274038533470460033, 0.3989999999999939706, -0.003948154439976309452 ) ) ;
#2850 = DIRECTION ( 'NONE',  ( 1.000000000000000000, 0.0000000000000000000, 0.0000000000000000000 ) ) ;
#2851 = CARTESIAN_POINT ( 'NONE',  ( 1.261828496021739854, 0.5280800628543149688, -0.5795416606113010793 ) ) ;
#2852 = SURFACE_STYLE_FILL_AREA ( #1576 ) ;
#2853 = VERTEX_POINT ( 'NONE', #982 ) ;
#2854 = EDGE_CURVE ( 'NONE', #3141, #1031, #2069, .T. ) ;
#2855 = DIRECTION ( 'NONE',  ( 1.000000000000000000, 0.0000000000000000000, 0.0000000000000000000 ) ) ;
#2856 = CARTESIAN_POINT ( 'NONE',  ( 0.1988786702464867828, 1.507588616707389972, -0.8995416606113010305 ) ) ;
#2857 = CARTESIAN_POINT ( 'NONE',  ( 0.7334583205238240922, -0.08768359317491919436, -0.5795416606113010793 ) ) ;
#2858 = EDGE_CURVE ( 'NONE', #3280, #639, #501, .T. ) ;
#2859 = FACE_OUTER_BOUND ( 'NONE', #2749, .T. ) ;
#2860 = EDGE_CURVE ( 'NONE', #2266, #3054, #402, .T. ) ;
#2861 = ORIENTED_EDGE ( 'NONE', *, *, #2010, .T. ) ;
#2862 = CARTESIAN_POINT ( 'NONE',  ( 0.02122562956174139925, -0.2315688046445449899, -0.1922648606113009917 ) ) ;
#2863 = CARTESIAN_POINT ( 'NONE',  ( -2.941598925124079944, -1.098999999999999977, 0.1777603974200540060 ) ) ;
#2864 = CARTESIAN_POINT ( 'NONE',  ( 2.835571264959590110, 0.9048823529411699207, 0.1777603974200540060 ) ) ;
#2865 = ORIENTED_EDGE ( 'NONE', *, *, #2737, .T. ) ;
#2866 = DIRECTION ( 'NONE',  ( 1.000000000000000000, -4.071114628718850908E-13, 0.0000000000000000000 ) ) ;
#2867 = CARTESIAN_POINT ( 'NONE',  ( -2.951121866803800398, 1.098999999999999977, -0.003948154439976540170 ) ) ;
#2868 = CARTESIAN_POINT ( 'NONE',  ( -1.507588616707379980, 0.5025295389024635462, -0.8995416606113010305 ) ) ;
#2869 = SURFACE_STYLE_USAGE ( .BOTH. , #3778 ) ;
#2870 = VERTEX_POINT ( 'NONE', #3686 ) ;
#2871 = CARTESIAN_POINT ( 'NONE',  ( -1.235779548787830029, 0.5280800628543149688, -0.5795416606113010793 ) ) ;
#2872 = CARTESIAN_POINT ( 'NONE',  ( 2.951121866803800398, -1.098999999999999977, -0.003948154439976569660 ) ) ;
#2873 = FILL_AREA_STYLE ('',( #3748 ) ) ;
#2874 = EDGE_LOOP ( 'NONE', ( #2714, #1715, #1203, #509 ) ) ;
#2875 = AXIS2_PLACEMENT_3D ( 'NONE', #1988, #1688, #1401 ) ;
#2876 = DIRECTION ( 'NONE',  ( -0.7071067811863950281, 0.7071067811867000064, -2.091902474863759927E-13 ) ) ;
#2877 = ADVANCED_FACE ( 'NONE', ( #1036 ), #1543, .T. ) ;
#2878 = EDGE_CURVE ( 'NONE', #478, #327, #129, .T. ) ;
#2879 = ORIENTED_EDGE ( 'NONE', *, *, #647, .F. ) ;
#2880 = CARTESIAN_POINT ( 'NONE',  ( -0.3096449070851289842, 0.1309918475817540007, -0.6755416606113010536 ) ) ;
#2881 = CARTESIAN_POINT ( 'NONE',  ( 1.075205804274729893, 1.564317058923026638, -0.7130215015323303485 ) ) ;
#2882 = CARTESIAN_POINT ( 'NONE',  ( -0.1816449070851290093, 0.5864464410663779992, -0.6115416606113011078 ) ) ;
#2883 = EDGE_LOOP ( 'NONE', ( #1571, #2582, #2598, #2727 ) ) ;
#2884 = ORIENTED_EDGE ( 'NONE', *, *, #3710, .F. ) ;
#2885 = CARTESIAN_POINT ( 'NONE',  ( -1.507675410729571119, -1.545010921324361242, -0.8827201913004486533 ) ) ;
#2886 = CARTESIAN_POINT ( 'NONE',  ( 0.02122562956174139925, -0.4372604950904099841, -0.6115416606113011078 ) ) ;
#2887 = FACE_OUTER_BOUND ( 'NONE', #1548, .T. ) ;
#2888 = VERTEX_POINT ( 'NONE', #3051 ) ;
#2889 = B_SPLINE_CURVE_WITH_KNOTS ( 'NONE', 1,
 ( #3235, #2075 ),
 .UNSPECIFIED., .F., .F.,
 ( 2, 2 ),
 ( -0.5997557285961230278, 0.0000000000000000000 ),
 .UNSPECIFIED. ) ;
#2890 = CARTESIAN_POINT ( 'NONE',  ( 1.274038533470460033, -0.3989999999999939706, -0.003948154439976309452 ) ) ;
#2891 = CARTESIAN_POINT ( 'NONE',  ( -1.600000000000000089, -1.600000000000000089, 0.01745833938869869803 ) ) ;
#2892 =( BOUNDED_CURVE ( )  B_SPLINE_CURVE ( 2, ( #3753, #2263, #3438 ),
 .UNSPECIFIED., .F., .F. ) 
 B_SPLINE_CURVE_WITH_KNOTS ( ( 3, 3 ),
 ( 0.0000000000000000000, 1.000000000000000000 ),
 .UNSPECIFIED. ) 
 CURVE ( )  GEOMETRIC_REPRESENTATION_ITEM ( )  RATIONAL_B_SPLINE_CURVE ( ( 0.9937511333334905217, 0.7145255816656327363, 0.9999999984002208020 ) ) 
 REPRESENTATION_ITEM ( '' )  );
#2893 = ORIENTED_EDGE ( 'NONE', *, *, #1911, .T. ) ;
#2894 = B_SPLINE_CURVE_WITH_KNOTS ( 'NONE', 1,
 ( #3099, #2204 ),
 .UNSPECIFIED., .F., .F.,
 ( 2, 2 ),
 ( -0.2000000000000000111, 2.775557561562891351E-17 ),
 .UNSPECIFIED. ) ;
#2895 = AXIS2_PLACEMENT_3D ( 'NONE', #2836, #214, #1711 ) ;
#2896 = CARTESIAN_POINT ( 'NONE',  ( -1.088000000000973966, -8.882771449820929867E-17, -0.5800000000008460610 ) ) ;
#2897 = AXIS2_PLACEMENT_3D ( 'NONE', #2784, #691, #1240 ) ;
#2898 = B_SPLINE_CURVE_WITH_KNOTS ( 'NONE', 3,
 ( #3501, #531, #3747, #2255 ),
 .UNSPECIFIED., .F., .F.,
 ( 4, 4 ),
 ( 0.0000000000000000000, 1.000000000000000000 ),
 .UNSPECIFIED. ) ;
#2899 = PRESENTATION_LAYER_ASSIGNMENT (  '', '', ( #734 ) ) ;
#2900 = ORIENTED_EDGE ( 'NONE', *, *, #3509, .F. ) ;
#2901 = CARTESIAN_POINT ( 'NONE',  ( -0.3091994056413334135, -0.1750587009861298560, 0.8704583393886989873 ) ) ;
#2902 = CARTESIAN_POINT ( 'NONE',  ( -1.554036041947032265, 1.577839887940080121, 0.8225534938572358623 ) ) ;
#2903 = CARTESIAN_POINT ( 'NONE',  ( 0.8927328625004403717, -0.6300183219412714974, -0.5799999999999999600 ) ) ;
#2904 = ORIENTED_EDGE ( 'NONE', *, *, #2976, .T. ) ;
#2905 = B_SPLINE_CURVE_WITH_KNOTS ( 'NONE', 3,
 ( #3074, #3376, #1608, #421, #2801, #2553, #1062, #145, #3341, #3134, #2820, #184, #726, #3690, #399, #3095, #105, #1584, #477, #2841, #3732, #2762, #1349, #2220, #2516, #1081, #687 ),
 .UNSPECIFIED., .F., .F.,
 ( 4, 2, 2, 2, 2, 2, 2, 1, 2, 2, 2, 2, 2, 4 ),
 ( 0.0000000000000000000, 0.06250000000000004163, 0.1250000000000000833, 0.2500000000000001110, 0.3125000000000001665, 0.3750000000000001665, 0.5000000000000002220, 0.5625000000000003331, 0.5937500000000004441, 0.6250000000000004441, 0.7500000000000002220, 0.8125000000000002220, 0.8750000000000001110, 1.000000000000000000 ),
 .UNSPECIFIED. ) ;
#2906 = EDGE_CURVE ( 'NONE', #1413, #1910, #2206, .T. ) ;
#2907 = DIRECTION ( 'NONE',  ( 0.0000000000000000000, 0.0000000000000000000, 1.000000000000000000 ) ) ;
#2908 = CARTESIAN_POINT ( 'NONE',  ( -1.550039235149234917, -1.599999995418635024, 0.01745824771571029971 ) ) ;
#2909 = ADVANCED_FACE ( 'NONE', ( #1579 ), #3361, .T. ) ;
#2910 = VERTEX_POINT ( 'NONE', #2755 ) ;
#2911 = ORIENTED_EDGE ( 'NONE', *, *, #158, .F. ) ;
#2912 = CARTESIAN_POINT ( 'NONE',  ( -1.527878619695079987, -1.577859690140799964, 0.8218340601521150202 ) ) ;
#2913 = FACE_OUTER_BOUND ( 'NONE', #1667, .T. ) ;
#2914 = CARTESIAN_POINT ( 'NONE',  ( -0.1816449070851290093, -0.1838014392384790252, -0.6755416606113010536 ) ) ;
#2915 = CARTESIAN_POINT ( 'NONE',  ( -0.6629138946550620082, 0.8758558513571684800, -0.5799999999999998490 ) ) ;
#2916 = CARTESIAN_POINT ( 'NONE',  ( -1.538948774756090154, 1.538948774756090154, 0.4182704790117869886 ) ) ;
#2917 =( BOUNDED_SURFACE ( )  B_SPLINE_SURFACE ( 2, 2, ( 
 ( #1251, #2434, #684 ),
 ( #2174, #83, #100 ),
 ( #761, #1037, #124 ),
 ( #3091, #1620, #1057 ),
 ( #437, #742, #3356 ) ),
 .UNSPECIFIED., .F., .F., .T. ) 
 B_SPLINE_SURFACE_WITH_KNOTS ( ( 3, 2, 3 ),
 ( 3, 3 ),
 ( 0.04060491018816845404, 0.04136590343160859856, 0.1174652277756219887 ),
 ( 0.1093205928359930051, 0.1868306918845060172 ),
 .UNSPECIFIED. ) 
 GEOMETRIC_REPRESENTATION_ITEM ( )  RATIONAL_B_SPLINE_SURFACE ( (
 ( 1.000000000000000000, 0.7143503657469330026, 1.000000000000000000),
 ( 1.000000000000000000, 0.7143503657469330026, 1.000000000000000000),
 ( 1.000000000000000000, 0.7143503657469330026, 1.000000000000000000),
 ( 0.7241513866101669805, 0.5172978078811220071, 0.7241513866101669805),
 ( 1.000000000000000000, 0.7143503657469330026, 1.000000000000000000) ) ) 
 REPRESENTATION_ITEM ( '' )  SURFACE ( )  );
#2918 = ORIENTED_EDGE ( 'NONE', *, *, #364, .T. ) ;
#2919 = CARTESIAN_POINT ( 'NONE',  ( -0.1346039785175880132, 1.350400521521350150, -0.5795416606113010793 ) ) ;
#2920 = DIRECTION ( 'NONE',  ( -0.0000000000000000000, 1.000000000000000000, 0.0000000000000000000 ) ) ;
#2921 = CARTESIAN_POINT ( 'NONE',  ( 1.005243810849548280, -0.4165892017459243424, -0.5799999999999998490 ) ) ;
#2922 = EDGE_CURVE ( 'NONE', #2498, #2399, #2447, .T. ) ;
#2923 = ORIENTED_EDGE ( 'NONE', *, *, #3532, .F. ) ;
#2924 = CARTESIAN_POINT ( 'NONE',  ( -1.235779548787830029, -0.5350502318310639271, -0.6115416606113011078 ) ) ;
#2925 = CARTESIAN_POINT ( 'NONE',  ( 0.1837393038846756865, 0.3140638700706542830, 0.7872583393886980474 ) ) ;
#2926 = CARTESIAN_POINT ( 'NONE',  ( 0.7334583205238240922, -0.08768359317491919436, -0.6115416606113011078 ) ) ;
#2927 = EDGE_CURVE ( 'NONE', #144, #2378, #307, .T. ) ;
#2928 = CARTESIAN_POINT ( 'NONE',  ( -1.507588616218239919, -1.557529068453474830, -0.8519811833705228654 ) ) ;
#2929 =( NAMED_UNIT ( * ) PLANE_ANGLE_UNIT ( ) SI_UNIT ( $, .RADIAN. ) );
#2930 = CARTESIAN_POINT ( 'NONE',  ( -1.600000000000000089, 1.600000000000000089, 0.01745833938869869803 ) ) ;
#2931 = CARTESIAN_POINT ( 'NONE',  ( -0.1714246209327891513, 1.078392039973378846, -0.5799999999999998490 ) ) ;
#2932 = ORIENTED_EDGE ( 'NONE', *, *, #1506, .F. ) ;
#2933 = CARTESIAN_POINT ( 'NONE',  ( 1.075205804274729893, 1.555205804274729875, -0.6435416606113011362 ) ) ;
#2934 = CARTESIAN_POINT ( 'NONE',  ( 0.7334583205238240922, -0.08768359317491919436, -0.6115416606113011078 ) ) ;
#2935 = B_SPLINE_CURVE_WITH_KNOTS ( 'NONE', 1,
 ( #553, #824 ),
 .UNSPECIFIED., .F., .F.,
 ( 2, 2 ),
 ( -0.05000000000000000278, 6.938893903907228378E-18 ),
 .UNSPECIFIED. ) ;
#2936 = B_SPLINE_CURVE_WITH_KNOTS ( 'NONE', 1,
 ( #737, #977 ),
 .UNSPECIFIED., .F., .F.,
 ( 2, 2 ),
 ( 0.0000000000000000000, 1.379999999999999893 ),
 .UNSPECIFIED. ) ;
#2937 = AXIS2_PLACEMENT_3D ( 'NONE', #2025, #2312, #2330 ) ;
#2938 = CARTESIAN_POINT ( 'NONE',  ( -1.542638827057380091, -1.592619897521298844, 0.2855835509354142099 ) ) ;
#2939 = CARTESIAN_POINT ( 'NONE',  ( -2.951121866803800398, -0.3989999999999939706, -0.003948154439976309452 ) ) ;
#2940 = DIRECTION ( 'NONE',  ( 0.0000000000000000000, 0.0000000000000000000, 1.000000000000000000 ) ) ;
#2941 = ORIENTED_EDGE ( 'NONE', *, *, #677, .T. ) ;
#2942 = CARTESIAN_POINT ( 'NONE',  ( -0.1816449070851290093, 0.1309918475817540007, -0.6115416606113011078 ) ) ;
#2943 =( NAMED_UNIT ( * ) PLANE_ANGLE_UNIT ( ) SI_UNIT ( $, .RADIAN. ) );
#2944 = B_SPLINE_CURVE_WITH_KNOTS ( 'NONE', 1,
 ( #2476, #3129 ),
 .UNSPECIFIED., .F., .F.,
 ( 2, 2 ),
 ( -0.1000000000000000056, 1.387778780781445676E-17 ),
 .UNSPECIFIED. ) ;
#2945 = ORIENTED_EDGE ( 'NONE', *, *, #3115, .F. ) ;
#2946 =( NAMED_UNIT ( * ) PLANE_ANGLE_UNIT ( ) SI_UNIT ( $, .RADIAN. ) );
#2947 = FACE_OUTER_BOUND ( 'NONE', #3102, .T. ) ;
#2948 = CARTESIAN_POINT ( 'NONE',  ( -1.550039235149234917, 1.599999995418695198, 0.01745824771571165279 ) ) ;
#2949 = CARTESIAN_POINT ( 'NONE',  ( -0.1346039785175880132, -1.316449875027960070, -0.5795416606113010793 ) ) ;
#2950 = ORIENTED_EDGE ( 'NONE', *, *, #3042, .T. ) ;
#2951 = CYLINDRICAL_SURFACE ( 'NONE', #2091, 0.04999999999999991257 ) ;
#2952 = B_SPLINE_CURVE_WITH_KNOTS ( 'NONE', 1,
 ( #626, #3009 ),
 .UNSPECIFIED., .F., .F.,
 ( 2, 2 ),
 ( 0.0000000000000000000, 1.379999999999999893 ),
 .UNSPECIFIED. ) ;
#2953 = CARTESIAN_POINT ( 'NONE',  ( 1.577859690140730242, -1.527878619695079987, 0.8218340601520309763 ) ) ;
#2954 = EDGE_CURVE ( 'NONE', #3293, #2993, #2538, .T. ) ;
#2955 = AXIS2_PLACEMENT_3D ( 'NONE', #2662, #925, #353 ) ;
#2956 = ORIENTED_EDGE ( 'NONE', *, *, #1536, .F. ) ;
#2957 = CARTESIAN_POINT ( 'NONE',  ( 1.261828496021739854, 1.350400521521350150, -0.5795416606113010793 ) ) ;
#2958 = AXIS2_PLACEMENT_3D ( 'NONE', #1967, #3123, #3742 ) ;
#2959 = CARTESIAN_POINT ( 'NONE',  ( 0.3190473092986332859, -0.1504680285964716258, 0.8704583393886989873 ) ) ;
#2960 = CARTESIAN_POINT ( 'NONE',  ( 1.557529068531699146, -0.6466571427348500878, -0.8519811833743980989 ) ) ;
#2961 = CARTESIAN_POINT ( 'NONE',  ( -0.4688904052239700193, -0.9820550300010222333, -0.5799999999999999600 ) ) ;
#2962 = ORIENTED_EDGE ( 'NONE', *, *, #2027, .F. ) ;
#2963 = CARTESIAN_POINT ( 'NONE',  ( -0.3519999999999994245, -7.286763641393498962E-16, 0.8427250060553652666 ) ) ;
#2964 = CARTESIAN_POINT ( 'NONE',  ( -1.577580440165207376, -1.527878619780600911, 0.8319794421388283512 ) ) ;
#2965 = ORIENTED_EDGE ( 'NONE', *, *, #1836, .T. ) ;
#2966 = CARTESIAN_POINT ( 'NONE',  ( -1.521745590874013176, 1.571686043054593362, -0.5621680630623006047 ) ) ;
#2967 = DIRECTION ( 'NONE',  ( 1.000000000000000000, 0.0000000000000000000, 0.0000000000000000000 ) ) ;
#2968 = CARTESIAN_POINT ( 'NONE',  ( 0.2835689935942337647, -0.2143400843924345156, 0.7872583393886989356 ) ) ;
#2969 = CARTESIAN_POINT ( 'NONE',  ( 1.535258723415149795, -1.585239793857293300, 0.5537088055453016633 ) ) ;
#2970 = EDGE_LOOP ( 'NONE', ( #817, #310, #1843 ) ) ;
#2971 = EDGE_CURVE ( 'NONE', #2097, #632, #873, .T. ) ;
#2972 = DIRECTION ( 'NONE',  ( 1.000000000000000000, 0.0000000000000000000, 0.0000000000000000000 ) ) ;
#2973 = CARTESIAN_POINT ( 'NONE',  ( 0.1172256295617419841, -0.1836835931749189743, -0.6115416606113011078 ) ) ;
#2974 = EDGE_CURVE ( 'NONE', #2692, #1220, #2581, .T. ) ;
#2975 = ORIENTED_EDGE ( 'NONE', *, *, #3535, .T. ) ;
#2976 = EDGE_CURVE ( 'NONE', #2642, #1335, #1701, .T. ) ;
#2977 = CARTESIAN_POINT ( 'NONE',  ( 0.6408892944884648779, 0.6408892944884648779, -0.6435416606113011362 ) ) ;
#2978 = CYLINDRICAL_SURFACE ( 'NONE', #2700, 0.09599999999999994649 ) ;
#2979 = CARTESIAN_POINT ( 'NONE',  ( 1.557529068450250076, -1.507588616034714946, -0.8519811833704269421 ) ) ;
#2980 = DIRECTION ( 'NONE',  ( 1.000000000000000000, 0.0000000000000000000, 0.0000000000000000000 ) ) ;
#2981 = EDGE_LOOP ( 'NONE', ( #267, #2670, #2535, #111 ) ) ;
#2982 = CARTESIAN_POINT ( 'NONE',  ( 1.557529068450250076, -1.507588616034714946, -0.8519811833704269421 ) ) ;
#2983 = B_SPLINE_CURVE_WITH_KNOTS ( 'NONE', 1,
 ( #2804, #2517 ),
 .UNSPECIFIED., .F., .F.,
 ( 2, 2 ),
 ( -1.373733406152420011, 0.0000000000000000000 ),
 .UNSPECIFIED. ) ;
#2984 = B_SPLINE_CURVE_WITH_KNOTS ( 'NONE', 3,
 ( #3699, #3760, #173, #1433 ),
 .UNSPECIFIED., .F., .F.,
 ( 4, 4 ),
 ( 0.0000000000000000000, 1.000000000000000000 ),
 .UNSPECIFIED. ) ;
#2985 = CARTESIAN_POINT ( 'NONE',  ( 5.773307815971221812E-16, 0.0000000000000000000, 1.230736076797360745 ) ) ;
#2986 = CARTESIAN_POINT ( 'NONE',  ( 0.3519999999999999796, -2.546735226440004991E-17, 0.7872583393886990466 ) ) ;
#2987 = CARTESIAN_POINT ( 'NONE',  ( 0.6374583205238228967, -0.3412604950904100098, -0.5795416606113010793 ) ) ;
#2988 = ORIENTED_EDGE ( 'NONE', *, *, #3249, .T. ) ;
#2989 = CARTESIAN_POINT ( 'NONE',  ( 0.02122562956174139925, -0.08768359317491850047, -0.6115416606113011078 ) ) ;
#2990 = DIRECTION ( 'NONE',  ( 0.0000000000000000000, 0.0000000000000000000, 1.000000000000000000 ) ) ;
#2991 = B_SPLINE_CURVE_WITH_KNOTS ( 'NONE', 1,
 ( #1564, #3606 ),
 .UNSPECIFIED., .F., .F.,
 ( 2, 2 ),
 ( 0.0000000000000000000, 0.2339458956822389746 ),
 .UNSPECIFIED. ) ;
#2992 = B_SPLINE_SURFACE_WITH_KNOTS ( 'NONE', 1, 1, ( 
 ( #1455, #3272 ),
 ( #3540, #3290 ) ),
 .UNSPECIFIED., .F., .F., .F.,
 ( 2, 2 ),
 ( 2, 2 ),
 ( 0.0000000000000000000, 0.2339458956822389746 ),
 ( 0.0000000000000000000, 1.379999999999999893 ),
 .UNSPECIFIED. ) ;
#2993 = VERTEX_POINT ( 'NONE', #819 ) ;
#2994 = CARTESIAN_POINT ( 'NONE',  ( 0.02122562956174139925, -1.316449875027960070, -0.5795416606113010793 ) ) ;
#2995 = CARTESIAN_POINT ( 'NONE',  ( 2.898108036721549929, 0.8519411764705829837, -0.003948154439976199297 ) ) ;
#2996 = EDGE_CURVE ( 'NONE', #3610, #2253, #786, .T. ) ;
#2997 = EDGE_CURVE ( 'NONE', #1838, #2288, #1654, .T. ) ;
#2998 = CARTESIAN_POINT ( 'NONE',  ( -0.9038754831954058933, -0.4390502318310640084, -0.5795416606113010793 ) ) ;
#2999 = CARTESIAN_POINT ( 'NONE',  ( -0.2306039785175890144, 0.5280800628543149688, -0.6115416606113011078 ) ) ;
#3000 = CARTESIAN_POINT ( 'NONE',  ( -0.3519999999999999796, 3.200940417558240124E-17, 0.8704583393886989873 ) ) ;
#3001 = CARTESIAN_POINT ( 'NONE',  ( -1.563372671017488003, 1.527107011336668263, 0.8704523853130313737 ) ) ;
#3002 = EDGE_LOOP ( 'NONE', ( #3358, #471, #1302, #3106 ) ) ;
#3003 = CARTESIAN_POINT ( 'NONE',  ( 1.551118521437623299, 1.079293087111721672, -0.8757215993911298124 ) ) ;
#3004 = PRESENTATION_STYLE_ASSIGNMENT (( #3814 ) ) ;
#3005 = CARTESIAN_POINT ( 'NONE',  ( -0.1816449070851290093, -0.1838014392384790252, -0.6115416606113011078 ) ) ;
#3006 = EDGE_LOOP ( 'NONE', ( #2704, #2631, #193, #3651, #2734, #407, #1572, #606, #2085 ) ) ;
#3007 = CARTESIAN_POINT ( 'NONE',  ( 1.555205804274729875, 1.075205804274729893, -0.6435416606113011362 ) ) ;
#3008 = ORIENTED_EDGE ( 'NONE', *, *, #3630, .T. ) ;
#3009 = CARTESIAN_POINT ( 'NONE',  ( -2.951121866803800398, 0.3989999999999939706, -0.003948154439976309452 ) ) ;
#3010 = CARTESIAN_POINT ( 'NONE',  ( 1.600000000000000089, -1.600000000000000089, 0.01745833938869869803 ) ) ;
#3011 = CLOSED_SHELL ( 'NONE', ( #945, #796, #3353, #3212, #1221, #1019, #1107, #514, #1670, #917, #2313 ) ) ;
#3012 = CARTESIAN_POINT ( 'NONE',  ( -0.3096449070851289842, 0.2589918475817539756, -0.6755416606113010536 ) ) ;
#3013 = CARTESIAN_POINT ( 'NONE',  ( 1.228337105872019830, -1.316449875027960070, -0.6115416606113011078 ) ) ;
#3014 = B_SPLINE_CURVE_WITH_KNOTS ( 'NONE', 1,
 ( #334, #1238 ),
 .UNSPECIFIED., .F., .F.,
 ( 2, 2 ),
 ( -0.05000000000000000278, 6.938893903907228378E-18 ),
 .UNSPECIFIED. ) ;
#3015 =( BOUNDED_CURVE ( )  B_SPLINE_CURVE ( 2, ( #3018, #359, #829 ),
 .UNSPECIFIED., .F., .T. ) 
 B_SPLINE_CURVE_WITH_KNOTS ( ( 3, 3 ),
 ( 0.0000000000000000000, 0.2356194490192370095 ),
 .UNSPECIFIED. ) 
 CURVE ( )  GEOMETRIC_REPRESENTATION_ITEM ( )  RATIONAL_B_SPLINE_CURVE ( ( 1.000000000000000000, 0.7071067811865430208, 1.000000000000000000 ) ) 
 REPRESENTATION_ITEM ( '' )  );
#3016 = MECHANICAL_DESIGN_GEOMETRIC_PRESENTATION_REPRESENTATION (  '', ( #3762 ), #422 ) ;
#3017 = ORIENTED_EDGE ( 'NONE', *, *, #3234, .F. ) ;
#3018 = CARTESIAN_POINT ( 'NONE',  ( 0.1172256295617419841, -0.1836835931749189743, -0.5795416606113010793 ) ) ;
#3019 = CARTESIAN_POINT ( 'NONE',  ( 2.951121866803800398, 0.3989999999999939706, -0.003948154439976309452 ) ) ;
#3020 = CARTESIAN_POINT ( 'NONE',  ( 1.599937838949128555, 1.576168745720635034, 0.01618581468899901732 ) ) ;
#3021 = ORIENTED_EDGE ( 'NONE', *, *, #247, .T. ) ;
#3022 = EDGE_CURVE ( 'NONE', #703, #1684, #826, .T. ) ;
#3023 = VERTEX_POINT ( 'NONE', #1385 ) ;
#3024 = B_SPLINE_CURVE_WITH_KNOTS ( 'NONE', 1,
 ( #2618, #2914 ),
 .UNSPECIFIED., .F., .F.,
 ( 2, 2 ),
 ( -0.2000000000000000111, 2.775557561562891351E-17 ),
 .UNSPECIFIED. ) ;
#3025 = MECHANICAL_DESIGN_GEOMETRIC_PRESENTATION_REPRESENTATION (  '', ( #3703 ), #2753 ) ;
#3026 = ADVANCED_FACE ( 'NONE', ( #1951 ), #262, .F. ) ;
#3027 = PLANE ( 'NONE',  #1841 ) ;
#3028 = CARTESIAN_POINT ( 'NONE',  ( 0.1505529537679135554, -0.3190138321668620214, 0.7872583393886992686 ) ) ;
#3029 = CARTESIAN_POINT ( 'NONE',  ( 2.941598925124079944, -1.098999999999999977, 0.1777603974200540060 ) ) ;
#3030 = EDGE_LOOP ( 'NONE', ( #1248, #3796, #2506, #3441 ) ) ;
#3031 = ORIENTED_EDGE ( 'NONE', *, *, #2509, .F. ) ;
#3032 = CARTESIAN_POINT ( 'NONE',  ( -1.507588616218239919, -1.557529068453474830, -0.8519811833705228654 ) ) ;
#3033 = CARTESIAN_POINT ( 'NONE',  ( 1.527529964295084808, -1.527878619693705087, 0.8704583393890680254 ) ) ;
#3034 = ORIENTED_EDGE ( 'NONE', *, *, #2571, .F. ) ;
#3035 = FACE_OUTER_BOUND ( 'NONE', #712, .T. ) ;
#3036 = CARTESIAN_POINT ( 'NONE',  ( 1.075205804274729893, 1.559374220888930074, -0.6435416606113011362 ) ) ;
#3037 = CARTESIAN_POINT ( 'NONE',  ( 1.274038533470460033, 0.3989999999999930269, -0.003948154439976540170 ) ) ;
#3038 = ORIENTED_EDGE ( 'NONE', *, *, #2620, .T. ) ;
#3039 = CARTESIAN_POINT ( 'NONE',  ( -1.507588616707379758, 2.300576770968719883E-14, -0.8495416606113019853 ) ) ;
#3040 = CARTESIAN_POINT ( 'NONE',  ( 2.951121866803800398, -1.098999999999999977, -0.003948154439976540170 ) ) ;
#3041 = CARTESIAN_POINT ( 'NONE',  ( 1.527181308737319831, 1.527878619694414963, 0.8704583393894350651 ) ) ;
#3042 = EDGE_CURVE ( 'NONE', #2224, #1848, #544, .T. ) ;
#3043 = ORIENTED_EDGE ( 'NONE', *, *, #1815, .F. ) ;
#3044 = EDGE_LOOP ( 'NONE', ( #1583, #992, #2198, #529 ) ) ;
#3045 = CARTESIAN_POINT ( 'NONE',  ( -1.557529068453240129, 1.507588616218239919, -0.8519811833705109860 ) ) ;
#3046 = PLANE ( 'NONE',  #2875 ) ;
#3047 = ADVANCED_FACE ( 'NONE', ( #2021 ), #1438, .T. ) ;
#3048 = EDGE_CURVE ( 'NONE', #3840, #1220, #3434, .T. ) ;
#3049 = EDGE_LOOP ( 'NONE', ( #3678, #1873, #1315, #3374 ) ) ;
#3050 = EDGE_CURVE ( 'NONE', #2288, #2303, #957, .T. ) ;
#3051 = CARTESIAN_POINT ( 'NONE',  ( -0.3096449070851289842, 0.7144464410663780018, -0.6755416606113010536 ) ) ;
#3052 = CARTESIAN_POINT ( 'NONE',  ( -0.3096449070851289842, 0.2589918475817539756, -0.6115416606113011078 ) ) ;
#3053 = EDGE_LOOP ( 'NONE', ( #3067, #1514, #2317 ) ) ;
#3054 = VERTEX_POINT ( 'NONE', #2835 ) ;
#3055 = CARTESIAN_POINT ( 'NONE',  ( 0.7334583205238240922, -0.4372604950904099841, -0.6115416606113011078 ) ) ;
#3056 = CARTESIAN_POINT ( 'NONE',  ( 5.593454384060950434E-16, 9.813077866773570140E-18, 0.8288583393886989059 ) ) ;
#3057 = DIRECTION ( 'NONE',  ( 0.0000000000000000000, 0.0000000000000000000, -1.000000000000000000 ) ) ;
#3058 = PLANE ( 'NONE',  #1452 ) ;
#3059 = EDGE_LOOP ( 'NONE', ( #2429, #1891, #1, #137 ) ) ;
#3060 = CARTESIAN_POINT ( 'NONE',  ( 1.228337105872019830, -0.5623931160698699694, -0.5795416606113010793 ) ) ;
#3061 = PLANE ( 'NONE',  #2588 ) ;
#3062 = ORIENTED_EDGE ( 'NONE', *, *, #3445, .F. ) ;
#3063 = ORIENTED_EDGE ( 'NONE', *, *, #2027, .T. ) ;
#3064 = CARTESIAN_POINT ( 'NONE',  ( -1.557529068641551495, -1.542461036932971430, -0.8519811838289174100 ) ) ;
#3065 = CARTESIAN_POINT ( 'NONE',  ( -1.577859690180070107, 1.527878619774075020, 0.8218340601549309898 ) ) ;
#3066 = CARTESIAN_POINT ( 'NONE',  ( -0.3096449070851289842, 0.5864464410663779992, -0.6115416606113011078 ) ) ;
#3067 = ORIENTED_EDGE ( 'NONE', *, *, #1082, .F. ) ;
#3068 = EDGE_CURVE ( 'NONE', #3393, #438, #1876, .T. ) ;
#3069 = CARTESIAN_POINT ( 'NONE',  ( 1.585239793856780377, 1.535258723415636961, 0.5537088055464738368 ) ) ;
#3070 = CARTESIAN_POINT ( 'NONE',  ( 1.274038533470460033, 1.098999999999999977, -0.003948154439976540170 ) ) ;
#3071 = EDGE_LOOP ( 'NONE', ( #482, #1005, #1919 ) ) ;
#3072 = EDGE_CURVE ( 'NONE', #3428, #2299, #722, .T. ) ;
#3073 = ORIENTED_EDGE ( 'NONE', *, *, #1222, .T. ) ;
#3074 = CARTESIAN_POINT ( 'NONE',  ( 0.3519999999999999796, -2.546735226440004991E-17, 0.8704583393886989873 ) ) ;
#3075 = CARTESIAN_POINT ( 'NONE',  ( -0.1816449070851290093, -0.3118014392384789724, -0.6755416606113010536 ) ) ;
#3076 = CARTESIAN_POINT ( 'NONE',  ( 0.6679664639465859866, -0.1013795830118039837, -0.6755416606113010536 ) ) ;
#3077 = CARTESIAN_POINT ( 'NONE',  ( 0.2152318929148709925, -0.7086782392384790574, -0.6755416606113010536 ) ) ;
#3078 = B_SPLINE_CURVE_WITH_KNOTS ( 'NONE', 1,
 ( #2794, #3681 ),
 .UNSPECIFIED., .F., .F.,
 ( 2, 2 ),
 ( -0.2000000000000000111, 2.775557561562891351E-17 ),
 .UNSPECIFIED. ) ;
#3079 = CARTESIAN_POINT ( 'NONE',  ( -0.1816449070851290093, -0.3118014392384789724, -0.6115416606113011078 ) ) ;
#3080 = ORIENTED_EDGE ( 'NONE', *, *, #3779, .T. ) ;
#3081 = B_SPLINE_CURVE_WITH_KNOTS ( 'NONE', 3,
 ( #2746, #2445, #2486, #953 ),
 .UNSPECIFIED., .F., .F.,
 ( 4, 4 ),
 ( 0.0000000000000000000, 1.000000000000000000 ),
 .UNSPECIFIED. ) ;
#3082 = AXIS2_PLACEMENT_3D ( 'NONE', #3278, #2990, #1847 ) ;
#3083 = ORIENTED_EDGE ( 'NONE', *, *, #3146, .T. ) ;
#3084 = DIRECTION ( 'NONE',  ( 0.0000000000000000000, 0.0000000000000000000, -1.000000000000000000 ) ) ;
#3085 = CARTESIAN_POINT ( 'NONE',  ( 0.02122562956174139925, -0.08768359317491850047, -0.5795416606113010793 ) ) ;
#3086 = B_SPLINE_CURVE_WITH_KNOTS ( 'NONE', 1,
 ( #2456, #3624 ),
 .UNSPECIFIED., .F., .F.,
 ( 2, 2 ),
 ( 0.0000000000000000000, 0.05000000000000000971 ),
 .UNSPECIFIED. ) ;
#3087 = CARTESIAN_POINT ( 'NONE',  ( -1.527878619833199725, 0.5092928732777328715, 0.8704583393885138021 ) ) ;
#3088 = ORIENTED_EDGE ( 'NONE', *, *, #1462, .F. ) ;
#3089 = AXIS2_PLACEMENT_3D ( 'NONE', #870, #2160, #377 ) ;
#3090 = FACE_OUTER_BOUND ( 'NONE', #374, .T. ) ;
#3091 = CARTESIAN_POINT ( 'NONE',  ( -1.576609722406440151, 1.509441037861929624, -0.8497696548433142372 ) ) ;
#3092 = EDGE_CURVE ( 'NONE', #1983, #1017, #447, .T. ) ;
#3093 = ORIENTED_EDGE ( 'NONE', *, *, #3234, .T. ) ;
#3094 = ORIENTED_EDGE ( 'NONE', *, *, #2052, .F. ) ;
#3095 = CARTESIAN_POINT ( 'NONE',  ( -0.08769969039538126621, 0.3411406442352679647, 0.8704583393886989873 ) ) ;
#3096 = PLANE ( 'NONE',  #2259 ) ;
#3097 = ADVANCED_FACE ( 'NONE', ( #2294 ), #3726, .T. ) ;
#3098 = EDGE_CURVE ( 'NONE', #2681, #23, #301, .T. ) ;
#3099 = CARTESIAN_POINT ( 'NONE',  ( -0.1816449070851290093, 0.5864464410663779992, -0.6115416606113011078 ) ) ;
#3100 = PRESENTATION_STYLE_ASSIGNMENT (( #732 ) ) ;
#3101 = CARTESIAN_POINT ( 'NONE',  ( -0.2306039785175890144, 0.3885176989456339824, -0.5795416606113010793 ) ) ;
#3102 = EDGE_LOOP ( 'NONE', ( #2186, #370, #63, #2515 ) ) ;
#3103 = ORIENTED_EDGE ( 'NONE', *, *, #893, .T. ) ;
#3104 = CARTESIAN_POINT ( 'NONE',  ( -0.1346039785175880132, 0.5513712169876120450, -0.1922648606113009917 ) ) ;
#3105 = CARTESIAN_POINT ( 'NONE',  ( 0.02122562956174139925, -0.08768359317491850047, -0.6115416606113011078 ) ) ;
#3106 = ORIENTED_EDGE ( 'NONE', *, *, #3255, .F. ) ;
#3107 = EDGE_LOOP ( 'NONE', ( #2199, #1211, #371, #3185 ) ) ;
#3108 = CARTESIAN_POINT ( 'NONE',  ( 1.075205804274729893, 1.567711054117330027, -0.6435416606113011362 ) ) ;
#3109 = CARTESIAN_POINT ( 'NONE',  ( 2.650710163004419861, 1.098999999999999977, -0.003948154439976869767 ) ) ;
#3110 = ORIENTED_EDGE ( 'NONE', *, *, #8, .T. ) ;
#3111 = DIRECTION ( 'NONE',  ( 0.0000000000000000000, 0.0000000000000000000, -1.000000000000000000 ) ) ;
#3112 = CARTESIAN_POINT ( 'NONE',  ( 0.7334583205238240922, -0.4663931160698699951, -0.5795416606113010793 ) ) ;
#3113 = ORIENTED_EDGE ( 'NONE', *, *, #2334, .T. ) ;
#3114 = EDGE_CURVE ( 'NONE', #3312, #744, #2439, .T. ) ;
#3115 = EDGE_CURVE ( 'NONE', #2378, #1413, #3395, .T. ) ;
#3116 = CARTESIAN_POINT ( 'NONE',  ( 1.557529068638749736, -1.542461036932948781, -0.8519811838288844363 ) ) ;
#3117 = CARTESIAN_POINT ( 'NONE',  ( 1.567711054114685032, 1.517770602223800003, -0.6435416606127121186 ) ) ;
#3118 = EDGE_CURVE ( 'NONE', #2148, #2819, #1932, .T. ) ;
#3119 = CARTESIAN_POINT ( 'NONE',  ( 2.676529774712860021, 1.063705882352929954, 0.1777603974200540060 ) ) ;
#3120 = ORIENTED_EDGE ( 'NONE', *, *, #3391, .F. ) ;
#3121 = EDGE_CURVE ( 'NONE', #1795, #102, #1435, .T. ) ;
#3122 = CARTESIAN_POINT ( 'NONE',  ( -1.555205803978909396, -1.507588615116261410, -0.8995416603007536649 ) ) ;
#3123 = DIRECTION ( 'NONE',  ( -1.000000000000000000, 0.0000000000000000000, 0.0000000000000000000 ) ) ;
#3124 = CARTESIAN_POINT ( 'NONE',  ( -2.951121866803800398, -0.3989999999999939706, -0.003948154439976309452 ) ) ;
#3125 = SURFACE_SIDE_STYLE ('',( #2852 ) ) ;
#3126 = ORIENTED_EDGE ( 'NONE', *, *, #4, .F. ) ;
#3127 = ORIENTED_EDGE ( 'NONE', *, *, #650, .F. ) ;
#3128 = AXIS2_PLACEMENT_3D ( 'NONE', #3791, #2940, #3773 ) ;
#3129 = CARTESIAN_POINT ( 'NONE',  ( -0.1816449070851290093, 0.1309918475817540007, -0.6115416606113011078 ) ) ;
#3130 = PLANE ( 'NONE',  #2839 ) ;
#3131 = B_SPLINE_CURVE_WITH_KNOTS ( 'NONE', 1,
 ( #12, #33 ),
 .UNSPECIFIED., .F., .F.,
 ( 2, 2 ),
 ( -0.8128635796282519532, 0.0000000000000000000 ),
 .UNSPECIFIED. ) ;
#3132 = ORIENTED_EDGE ( 'NONE', *, *, #650, .T. ) ;
#3133 = EDGE_LOOP ( 'NONE', ( #1296, #3553, #2904, #3120, #805 ) ) ;
#3134 = CARTESIAN_POINT ( 'NONE',  ( 0.1731792615102805966, 0.3074826701650596461, 0.8704583393886988762 ) ) ;
#3135 = B_SPLINE_CURVE_WITH_KNOTS ( 'NONE', 1,
 ( #1714, #3803 ),
 .UNSPECIFIED., .F., .F.,
 ( 2, 2 ),
 ( -0.8121307125456769249, 0.0000000000000000000 ),
 .UNSPECIFIED. ) ;
#3136 = ORIENTED_EDGE ( 'NONE', *, *, #110, .T. ) ;
#3137 = CARTESIAN_POINT ( 'NONE',  ( 0.2152318929148709925, -0.2658849524182460011, -0.6115416606113011078 ) ) ;
#3138 = FACE_OUTER_BOUND ( 'NONE', #1357, .T. ) ;
#3139 = CARTESIAN_POINT ( 'NONE',  ( 2.817899988265510025, 0.9225294117646990477, 0.1777603974200540060 ) ) ;
#3140 = ADVANCED_FACE ( 'NONE', ( #2326 ), #2156, .F. ) ;
#3141 = VERTEX_POINT ( 'NONE', #305 ) ;
#3142 = CARTESIAN_POINT ( 'NONE',  ( 1.075205804257563846, 1.556367436404664906, -0.8507614219928659738 ) ) ;
#3143 = PLANE ( 'NONE',  #664 ) ;
#3144 = CARTESIAN_POINT ( 'NONE',  ( -0.3096449070851289842, 0.5864464410663779992, -0.6755416606113010536 ) ) ;
#3145 =( NAMED_UNIT ( * ) SI_UNIT ( $, .STERADIAN. ) SOLID_ANGLE_UNIT ( ) );
#3146 = EDGE_CURVE ( 'NONE', #1017, #2266, #910, .T. ) ;
#3147 = ORIENTED_EDGE ( 'NONE', *, *, #1298, .F. ) ;
#3148 = EDGE_CURVE ( 'NONE', #1638, #2224, #1013, .T. ) ;
#3149 = CARTESIAN_POINT ( 'NONE',  ( -1.235779548787830029, -1.316449875027960070, -0.5795416606113010793 ) ) ;
#3150 = CARTESIAN_POINT ( 'NONE',  ( 2.941598925124079944, -0.3989999999999930269, 0.1777603974200540060 ) ) ;
#3151 = DIRECTION ( 'NONE',  ( 0.0000000000000000000, -1.000000000000000000, 0.0000000000000000000 ) ) ;
#3152 = ORIENTED_EDGE ( 'NONE', *, *, #2484, .T. ) ;
#3153 = VERTEX_POINT ( 'NONE', #897 ) ;
#3154 = CARTESIAN_POINT ( 'NONE',  ( -0.3096449070851289842, 0.2589918475817539756, -0.6755416606113010536 ) ) ;
#3155 = ORIENTED_EDGE ( 'NONE', *, *, #2971, .T. ) ;
#3156 = CARTESIAN_POINT ( 'NONE',  ( 0.2152318929148709925, 0.1309918475817540007, -0.2210648606113009840 ) ) ;
#3157 = CARTESIAN_POINT ( 'NONE',  ( 1.087999999998700007, 8.882771449811039523E-17, -0.5799999999993989963 ) ) ;
#3158 = CARTESIAN_POINT ( 'NONE',  ( 0.7334583205238240922, -0.08768359317491919436, -0.6115416606113011078 ) ) ;
#3159 = ORIENTED_EDGE ( 'NONE', *, *, #395, .F. ) ;
#3160 = ORIENTED_EDGE ( 'NONE', *, *, #221, .T. ) ;
#3161 = DIRECTION ( 'NONE',  ( 1.000000000000000000, 0.0000000000000000000, 0.0000000000000000000 ) ) ;
#3162 = CARTESIAN_POINT ( 'NONE',  ( -1.507588616457244957, 1.507588616707389972, -0.8995416606113719737 ) ) ;
#3163 = CARTESIAN_POINT ( 'NONE',  ( -1.557529068452949916, -1.507588616095869805, -0.8519811833704409310 ) ) ;
#3164 = ORIENTED_EDGE ( 'NONE', *, *, #2632, .F. ) ;
#3165 = CARTESIAN_POINT ( 'NONE',  ( -0.1346039785175879855, 0.5280800628543143027, -0.6115416606113013298 ) ) ;
#3166 = CARTESIAN_POINT ( 'NONE',  ( -1.507588616457244957, 1.507588616707389972, -0.8995416606113719737 ) ) ;
#3167 = SHELL_BASED_SURFACE_MODEL ( 'NONE', ( #3011, #2277, #2584, #2832, #724, #3502, #286, #1903, #2210, #1469, #418, #1533, #1160 ) );
#3168 = EDGE_CURVE ( 'NONE', #3610, #467, #3260, .T. ) ;
#3169 = CARTESIAN_POINT ( 'NONE',  ( -1.527878619754239997, -1.577859690180404950, 0.8218340601544249502 ) ) ;
#3170 = EDGE_CURVE ( 'NONE', #1848, #1898, #1694, .T. ) ;
#3171 =( BOUNDED_SURFACE ( )  B_SPLINE_SURFACE ( 2, 2, ( 
 ( #3041, #692, #1877 ),
 ( #770, #3381, #150 ),
 ( #2543, #206, #1396 ),
 ( #790, #2520, #2558 ),
 ( #1942, #1665, #2575 ) ),
 .UNSPECIFIED., .F., .F., .T. ) 
 B_SPLINE_SURFACE_WITH_KNOTS ( ( 3, 2, 3 ),
 ( 3, 3 ),
 ( 0.03968968776731104930, 0.04046132698615769602, 0.1176252488708229987 ),
 ( 0.1268785043090160103, 0.2051978314487850064 ),
 .UNSPECIFIED. ) 
 GEOMETRIC_REPRESENTATION_ITEM ( )  RATIONAL_B_SPLINE_SURFACE ( (
 ( 1.000000000000000000, 0.7086641551917580717, 1.000000000000000000),
 ( 1.000000000000000000, 0.7086641551917580717, 1.000000000000000000),
 ( 1.000000000000000000, 0.7086641551917580717, 1.000000000000000000),
 ( 0.7167685875924419969, 0.5079482055941870744, 0.7167685875924419969),
 ( 1.000000000000000000, 0.7086641551917580717, 1.000000000000000000) ) ) 
 REPRESENTATION_ITEM ( '' )  SURFACE ( )  );
#3172 = ORIENTED_EDGE ( 'NONE', *, *, #1718, .F. ) ;
#3173 = EDGE_LOOP ( 'NONE', ( #1024, #656, #419 ) ) ;
#3174 = CARTESIAN_POINT ( 'NONE',  ( -1.280000000000000027, -1.045031935272410152E-16, -0.8995416606113020297 ) ) ;
#3175 = B_SPLINE_CURVE_WITH_KNOTS ( 'NONE', 1,
 ( #1424, #3075 ),
 .UNSPECIFIED., .F., .F.,
 ( 2, 2 ),
 ( -0.2000000000000000111, 2.775557561562891351E-17 ),
 .UNSPECIFIED. ) ;
#3176 = ORIENTED_EDGE ( 'NONE', *, *, #339, .T. ) ;
#3177 = B_SPLINE_CURVE_WITH_KNOTS ( 'NONE', 1,
 ( #1303, #2188 ),
 .UNSPECIFIED., .F., .F.,
 ( 2, 2 ),
 ( -1.886111681734800039, 0.0000000000000000000 ),
 .UNSPECIFIED. ) ;
#3178 = CARTESIAN_POINT ( 'NONE',  ( 1.264515591790740023, -1.098999999999999977, 0.1777603974200540060 ) ) ;
#3179 = PLANE ( 'NONE',  #798 ) ;
#3180 = DIRECTION ( 'NONE',  ( -0.02750400640820108503, -0.02750400640820148401, -0.9992432432911395601 ) ) ;
#3181 = ORIENTED_EDGE ( 'NONE', *, *, #2337, .F. ) ;
#3182 = ORIENTED_EDGE ( 'NONE', *, *, #577, .T. ) ;
#3183 = CARTESIAN_POINT ( 'NONE',  ( -1.507825487106960516, -1.548822200866786902, -0.8780000044788462965 ) ) ;
#3184 = CARTESIAN_POINT ( 'NONE',  ( -0.09215338450530047298, 0.3519999999999998685, 0.7872583393886984915 ) ) ;
#3185 = ORIENTED_EDGE ( 'NONE', *, *, #3420, .T. ) ;
#3186 = EDGE_LOOP ( 'NONE', ( #490, #3492, #98, #2667 ) ) ;
#3187 = CARTESIAN_POINT ( 'NONE',  ( 1.274038533470460033, -1.098999999999999977, -0.003948154439976540170 ) ) ;
#3188 = DIRECTION ( 'NONE',  ( 0.9986295347545741663, -1.112692955188150231E-15, 0.05233595624293971293 ) ) ;
#3189 = DIRECTION ( 'NONE',  ( -0.9986295347545742773, -3.816553003569739380E-16, 0.05233595624293831128 ) ) ;
#3190 = EDGE_CURVE ( 'NONE', #3809, #3647, #1850, .T. ) ;
#3191 = DIRECTION ( 'NONE',  ( 0.9988118665886510650, 0.002377680162939397289, 0.04867444708198962605 ) ) ;
#3192 = EDGE_CURVE ( 'NONE', #1035, #3331, #122, .T. ) ;
#3193 = ORIENTED_EDGE ( 'NONE', *, *, #2167, .T. ) ;
#3194 = EDGE_CURVE ( 'NONE', #533, #703, #25, .T. ) ;
#3195 = PLANE ( 'NONE',  #1476 ) ;
#3196 = CARTESIAN_POINT ( 'NONE',  ( -0.02440962149056320057, -1.487023432425319980, -0.5795416606113010793 ) ) ;
#3197 = CARTESIAN_POINT ( 'NONE',  ( 0.3683332181129863048, -1.023927677836432348, -0.5800000000000000711 ) ) ;
#3198 = ORIENTED_EDGE ( 'NONE', *, *, #2310, .T. ) ;
#3199 = CARTESIAN_POINT ( 'NONE',  ( 2.941598925124079944, 0.3989999999999930269, 0.1777603974200540060 ) ) ;
#3200 = ORIENTED_EDGE ( 'NONE', *, *, #364, .F. ) ;
#3201 = CARTESIAN_POINT ( 'NONE',  ( -0.1346039785175880132, 0.6240800628543150541, -0.6115416606113011078 ) ) ;
#3202 = FACE_OUTER_BOUND ( 'NONE', #3593, .T. ) ;
#3203 = PLANE ( 'NONE',  #3824 ) ;
#3204 = AXIS2_PLACEMENT_3D ( 'NONE', #440, #128, #2499 ) ;
#3205 = DIRECTION ( 'NONE',  ( 0.9996216932577539627, 0.0007567566546453829632, -0.02749359357862498493 ) ) ;
#3206 = EDGE_CURVE ( 'NONE', #2322, #1155, #815, .T. ) ;
#3207 = STYLED_ITEM ( 'NONE', ( #1767 ), #3167 ) ;
#3208 = B_SPLINE_CURVE_WITH_KNOTS ( 'NONE', 3,
 ( #1168, #2024, #3798, #2602 ),
 .UNSPECIFIED., .F., .F.,
 ( 4, 4 ),
 ( 0.0000000000000000000, 1.000000000000000000 ),
 .UNSPECIFIED. ) ;
#3209 = AXIS2_PLACEMENT_3D ( 'NONE', #1773, #3545, #2972 ) ;
#3210 = ORIENTED_EDGE ( 'NONE', *, *, #3118, .F. ) ;
#3211 = CARTESIAN_POINT ( 'NONE',  ( 0.8294583205238239554, -0.4663931160698699951, -0.5955416606113009825 ) ) ;
#3212 = ADVANCED_FACE ( 'NONE', ( #1151 ), #2077, .F. ) ;
#3213 = CARTESIAN_POINT ( 'NONE',  ( 1.507588616704579998, -1.507588616457249842, -0.8995416606110100410 ) ) ;
#3214 = CARTESIAN_POINT ( 'NONE',  ( 0.6679664639465859866, 0.2824640832897150067, -0.6755416606113010536 ) ) ;
#3215 = EDGE_CURVE ( 'NONE', #144, #593, #497, .T. ) ;
#3216 = ORIENTED_EDGE ( 'NONE', *, *, #52, .F. ) ;
#3217 = CARTESIAN_POINT ( 'NONE',  ( -1.599999995418635024, -1.550039235149234917, 0.01745824771571315159 ) ) ;
#3218 = CARTESIAN_POINT ( 'NONE',  ( -0.3519999999999999796, 3.200940417558240124E-17, 0.8704583393886989873 ) ) ;
#3219 = CARTESIAN_POINT ( 'NONE',  ( -1.550039235149234917, 1.599999995418695198, 0.01745824771571165279 ) ) ;
#3220 = CARTESIAN_POINT ( 'NONE',  ( 1.274038533470460033, -0.3989999999999930269, -0.003948154439976540170 ) ) ;
#3221 = CARTESIAN_POINT ( 'NONE',  ( 0.7334583205238240922, -0.4372604950904099841, -0.6115416606113011078 ) ) ;
#3222 = CARTESIAN_POINT ( 'NONE',  ( 0.1172256295617419841, -0.3412604950904100098, -0.5795416606113010793 ) ) ;
#3223 = CARTESIAN_POINT ( 'NONE',  ( -0.3096449070851289842, 0.2589918475817539756, -0.6755416606113010536 ) ) ;
#3224 = CARTESIAN_POINT ( 'NONE',  ( -1.280000000000000027, -1.045031935272410152E-16, -0.8995416606113020297 ) ) ;
#3225 = ORIENTED_EDGE ( 'NONE', *, *, #1935, .F. ) ;
#3226 = CARTESIAN_POINT ( 'NONE',  ( 1.577859690180290153, 1.527878619754239997, 0.8218340601543400181 ) ) ;
#3227 = PLANE ( 'NONE',  #233 ) ;
#3228 = CARTESIAN_POINT ( 'NONE',  ( 1.507678310144371592, -1.518809860775462539, -0.8986698386159153173 ) ) ;
#3229 = ORIENTED_EDGE ( 'NONE', *, *, #2576, .T. ) ;
#3230 = ADVANCED_FACE ( 'NONE', ( #1225 ), #1575, .F. ) ;
#3231 = CARTESIAN_POINT ( 'NONE',  ( 0.7334583205238226489, 0.5280800628543149688, -0.5795416606113010793 ) ) ;
#3232 = DIRECTION ( 'NONE',  ( 0.0000000000000000000, 0.0000000000000000000, -1.000000000000000000 ) ) ;
#3233 = DIRECTION ( 'NONE',  ( -4.795099054006209071E-13, 1.000000000000000000, 0.0000000000000000000 ) ) ;
#3234 = EDGE_CURVE ( 'NONE', #451, #2175, #1421, .T. ) ;
#3235 = CARTESIAN_POINT ( 'NONE',  ( 0.6679664639465859866, 0.2824640832897150067, -0.6755416606113010536 ) ) ;
#3236 = CARTESIAN_POINT ( 'NONE',  ( -0.1181969969606915943, -0.3318070010571350092, 0.7872583393886989356 ) ) ;
#3237 = CARTESIAN_POINT ( 'NONE',  ( 0.9561179765481455650, 0.5404620642739033087, -0.5799999999999998490 ) ) ;
#3238 = ORIENTED_EDGE ( 'NONE', *, *, #3713, .T. ) ;
#3239 = FACE_OUTER_BOUND ( 'NONE', #1510, .T. ) ;
#3240 = CARTESIAN_POINT ( 'NONE',  ( 1.576521314831399234, -1.527878619593448839, 0.8704583393375117106 ) ) ;
#3241 = ORIENTED_EDGE ( 'NONE', *, *, #2571, .T. ) ;
#3242 = CARTESIAN_POINT ( 'NONE',  ( -0.3096449070851289842, -0.1838014392384790252, -0.6115416606113011078 ) ) ;
#3243 = CARTESIAN_POINT ( 'NONE',  ( -0.3519999999999999796, 3.200940417558240124E-17, 0.8704583393886989873 ) ) ;
#3244 = FACE_OUTER_BOUND ( 'NONE', #1491, .T. ) ;
#3245 = CARTESIAN_POINT ( 'NONE',  ( -1.078451208944503081, -0.1712753701647993509, -0.5800000000000000711 ) ) ;
#3246 = ORIENTED_EDGE ( 'NONE', *, *, #3092, .T. ) ;
#3247 = CARTESIAN_POINT ( 'NONE',  ( -1.592619897521295957, 1.542638827057379869, 0.2855835509354140989 ) ) ;
#3248 = CARTESIAN_POINT ( 'NONE',  ( 1.527878619838055174, -1.527878619798149984, 0.8704583393883430498 ) ) ;
#3249 = EDGE_CURVE ( 'NONE', #1463, #236, #3628, .T. ) ;
#3250 = EDGE_LOOP ( 'NONE', ( #3745, #624, #3531, #2166 ) ) ;
#3251 = B_SPLINE_CURVE_WITH_KNOTS ( 'NONE', 1,
 ( #1465, #1193 ),
 .UNSPECIFIED., .F., .F.,
 ( 2, 2 ),
 ( -1.284875716667239987, 0.0000000000000000000 ),
 .UNSPECIFIED. ) ;
#3252 = CARTESIAN_POINT ( 'NONE',  ( 0.02122562956174139925, -0.4372604950904099841, -0.6115416606113011078 ) ) ;
#3253 = CARTESIAN_POINT ( 'NONE',  ( 0.3363285201402984037, -0.1068246561555956237, 0.7872583393886989356 ) ) ;
#3254 = CARTESIAN_POINT ( 'NONE',  ( -0.5404620642766420069, 0.9561179765510350315, -0.5800000000000000711 ) ) ;
#3255 = EDGE_CURVE ( 'NONE', #2610, #2030, #2805, .T. ) ;
#3256 = EDGE_CURVE ( 'NONE', #2020, #1363, #3078, .T. ) ;
#3257 = EDGE_LOOP ( 'NONE', ( #933, #3669, #455, #570 ) ) ;
#3258 = CARTESIAN_POINT ( 'NONE',  ( -0.1346039785175880132, 1.350400521521350150, -0.6115416606113011078 ) ) ;
#3259 = FILL_AREA_STYLE ('',( #1522 ) ) ;
#3260 = B_SPLINE_CURVE_WITH_KNOTS ( 'NONE', 1,
 ( #2987, #3222 ),
 .UNSPECIFIED., .F., .F.,
 ( 2, 2 ),
 ( -0.8128635796282519532, 0.0000000000000000000 ),
 .UNSPECIFIED. ) ;
#3261 = AXIS2_PLACEMENT_3D ( 'NONE', #2071, #930, #594 ) ;
#3262 = ORIENTED_EDGE ( 'NONE', *, *, #3470, .T. ) ;
#3263 = CARTESIAN_POINT ( 'NONE',  ( -1.507588616457244957, 1.507588616707389972, -0.8995416606113719737 ) ) ;
#3264 = PRESENTATION_LAYER_ASSIGNMENT (  '', '', ( #3762 ) ) ;
#3265 = DIRECTION ( 'NONE',  ( 0.0000000000000000000, 0.0000000000000000000, 1.000000000000000000 ) ) ;
#3266 = FACE_OUTER_BOUND ( 'NONE', #3030, .T. ) ;
#3267 = CARTESIAN_POINT ( 'NONE',  ( 2.951121866803800398, 0.7990000000000000435, -0.003948154439975760412 ) ) ;
#3268 = EDGE_LOOP ( 'NONE', ( #2988, #1944 ) ) ;
#3269 = CARTESIAN_POINT ( 'NONE',  ( 0.09061483364182111588, -0.1013795830118039837, -0.6755416606113010536 ) ) ;
#3270 =( LENGTH_UNIT ( ) NAMED_UNIT ( * ) SI_UNIT ( .MILLI., .METRE. ) );
#3271 = CARTESIAN_POINT ( 'NONE',  ( -0.9998754831954069777, -0.5350502318310639271, -0.5795416606113010793 ) ) ;
#3272 = CARTESIAN_POINT ( 'NONE',  ( -2.951121866803800398, -1.098999999999999977, -0.003948154439976540170 ) ) ;
#3273 =( NAMED_UNIT ( * ) PLANE_ANGLE_UNIT ( ) SI_UNIT ( $, .RADIAN. ) );
#3274 = CARTESIAN_POINT ( 'NONE',  ( 0.4688904052203323181, 0.9820550300023167534, -0.5800000000000000711 ) ) ;
#3275 = ORIENTED_EDGE ( 'NONE', *, *, #2927, .F. ) ;
#3276 = FACE_OUTER_BOUND ( 'NONE', #3002, .T. ) ;
#3277 = ADVANCED_FACE ( 'NONE', ( #347 ), #2494, .F. ) ;
#3278 = CARTESIAN_POINT ( 'NONE',  ( -0.2306039785175880152, 0.2925176989456339527, -0.5955416606113009825 ) ) ;
#3279 = EDGE_CURVE ( 'NONE', #3312, #740, #3769, .T. ) ;
#3280 = VERTEX_POINT ( 'NONE', #1884 ) ;
#3281 = CYLINDRICAL_SURFACE ( 'NONE', #42, 0.04999999999999995420 ) ;
#3282 = DIRECTION ( 'NONE',  ( 1.000000000000000000, 0.0000000000000000000, 0.0000000000000000000 ) ) ;
#3283 = CARTESIAN_POINT ( 'NONE',  ( -1.274038533470460033, 1.098999999999999977, -0.003948154439976540170 ) ) ;
#3284 = CARTESIAN_POINT ( 'NONE',  ( 2.951121866803800398, -0.3989999999999939706, -0.003948154439976309452 ) ) ;
#3285 =( BOUNDED_CURVE ( )  B_SPLINE_CURVE ( 2, ( #1573, #3334, #1003 ),
 .UNSPECIFIED., .F., .T. ) 
 B_SPLINE_CURVE_WITH_KNOTS ( ( 3, 3 ),
 ( 0.0000000000000000000, 1.000000000000000000 ),
 .UNSPECIFIED. ) 
 CURVE ( )  GEOMETRIC_REPRESENTATION_ITEM ( )  RATIONAL_B_SPLINE_CURVE ( ( 1.000000000000062617, 0.7241513866101045860, 1.000000000000000000 ) ) 
 REPRESENTATION_ITEM ( '' )  );
#3286 = CARTESIAN_POINT ( 'NONE',  ( 0.09061483364182111588, -0.1013795830118039837, -0.6115416606113011078 ) ) ;
#3287 = SURFACE_SIDE_STYLE ('',( #1162 ) ) ;
#3288 = ORIENTED_EDGE ( 'NONE', *, *, #3194, .F. ) ;
#3289 = CARTESIAN_POINT ( 'NONE',  ( 0.7334583205238238701, -0.3412604950904092327, -0.6115416606113013298 ) ) ;
#3290 = CARTESIAN_POINT ( 'NONE',  ( -2.941598925124079944, -1.098999999999999977, 0.1777603974200540060 ) ) ;
#3291 = CARTESIAN_POINT ( 'NONE',  ( -0.08769969039536623656, -0.3411406442352660773, 0.7872583393886990466 ) ) ;
#3292 = CARTESIAN_POINT ( 'NONE',  ( 1.527878619773975100, 1.577859690180084984, 0.8218340601549120050 ) ) ;
#3293 = VERTEX_POINT ( 'NONE', #3066 ) ;
#3294 = CARTESIAN_POINT ( 'NONE',  ( -1.235779548787830029, 0.5280800628543149688, -0.5795416606113010793 ) ) ;
#3295 = CYLINDRICAL_SURFACE ( 'NONE', #3082, 0.09600000000000000200 ) ;
#3296 = EDGE_CURVE ( 'NONE', #1684, #165, #2063, .T. ) ;
#3297 = B_SPLINE_CURVE_WITH_KNOTS ( 'NONE', 1,
 ( #1069, #2244 ),
 .UNSPECIFIED., .F., .F.,
 ( 2, 2 ),
 ( 0.0000000000000000000, 0.9000000000000000222 ),
 .UNSPECIFIED. ) ;
#3298 = EDGE_LOOP ( 'NONE', ( #2237, #2078, #3113, #3642 ) ) ;
#3299 = CARTESIAN_POINT ( 'NONE',  ( -0.1816449070851290093, 0.1895696410663779974, -1.066018460611300123 ) ) ;
#3300 = CARTESIAN_POINT ( 'NONE',  ( 2.915779313415640228, 0.8342941176470530795, -0.003948154439976199297 ) ) ;
#3301 = DIRECTION ( 'NONE',  ( 0.0000000000000000000, 0.0000000000000000000, -1.000000000000000000 ) ) ;
#3302 = CARTESIAN_POINT ( 'NONE',  ( -1.279999999999997362, -1.279999999999997362, -0.8995416606113011415 ) ) ;
#3303 = EDGE_CURVE ( 'NONE', #2833, #1638, #1509, .T. ) ;
#3304 = EDGE_CURVE ( 'NONE', #1844, #740, #1374, .T. ) ;
#3305 = ORIENTED_EDGE ( 'NONE', *, *, #1064, .F. ) ;
#3306 = FACE_OUTER_BOUND ( 'NONE', #2844, .T. ) ;
#3307 = CARTESIAN_POINT ( 'NONE',  ( 1.527972547646901713, -1.565560673056266561, 0.8533412046433935805 ) ) ;
#3308 = B_SPLINE_CURVE_WITH_KNOTS ( 'NONE', 1,
 ( #2151, #3336 ),
 .UNSPECIFIED., .F., .F.,
 ( 2, 2 ),
 ( -0.05000000000000000278, 6.938893903907228378E-18 ),
 .UNSPECIFIED. ) ;
#3309 = FACE_OUTER_BOUND ( 'NONE', #3320, .T. ) ;
#3310 =( BOUNDED_CURVE ( )  B_SPLINE_CURVE ( 2, ( #596, #635, #2056 ),
 .UNSPECIFIED., .F., .F. ) 
 B_SPLINE_CURVE_WITH_KNOTS ( ( 3, 3 ),
 ( 0.0000000000000000000, 0.2356194490192370095 ),
 .UNSPECIFIED. ) 
 CURVE ( )  GEOMETRIC_REPRESENTATION_ITEM ( )  RATIONAL_B_SPLINE_CURVE ( ( 1.000000000000000000, 0.7071067811865420216, 1.000000000000000000 ) ) 
 REPRESENTATION_ITEM ( '' )  );
#3311 = ORIENTED_EDGE ( 'NONE', *, *, #3190, .F. ) ;
#3312 = VERTEX_POINT ( 'NONE', #3029 ) ;
#3313 = CARTESIAN_POINT ( 'NONE',  ( 0.09061483364182111588, 0.2824640832897150067, -0.6115416606113011078 ) ) ;
#3314 = FACE_OUTER_BOUND ( 'NONE', #865, .T. ) ;
#3315 = CARTESIAN_POINT ( 'NONE',  ( -1.062536557188118014, 0.2716697820582804068, -0.5799999999999999600 ) ) ;
#3316 = ORIENTED_EDGE ( 'NONE', *, *, #1198, .T. ) ;
#3317 = ORIENTED_EDGE ( 'NONE', *, *, #2332, .F. ) ;
#3318 = CARTESIAN_POINT ( 'NONE',  ( -2.951121866803800398, 1.098999999999999977, -0.003948154439976540170 ) ) ;
#3319 = CARTESIAN_POINT ( 'NONE',  ( 1.527529964368325555, -1.563667539480950275, 0.8704583394658840234 ) ) ;
#3320 = EDGE_LOOP ( 'NONE', ( #2544, #489, #749, #3317 ) ) ;
#3321 = DIRECTION ( 'NONE',  ( 1.000000000000000000, 0.0000000000000000000, 0.0000000000000000000 ) ) ;
#3322 = CARTESIAN_POINT ( 'NONE',  ( 1.075205804274729893, 1.563542637503130051, -0.6435416606113011362 ) ) ;
#3323 = PRODUCT_RELATED_PRODUCT_CATEGORY ( 'part', '', ( #396 ) ) ;
#3324 = COLOUR_RGB ( '',0.0000000000000000000, 1.000000000000000000, 0.0000000000000000000 ) ;
#3325 = ORIENTED_EDGE ( 'NONE', *, *, #2213, .T. ) ;
#3326 = CARTESIAN_POINT ( 'NONE',  ( 4.048948610103539873E-16, 1.408046146095540019, -1.112646234352169916 ) ) ;
#3327 = FACE_OUTER_BOUND ( 'NONE', #2043, .T. ) ;
#3328 = ADVANCED_FACE ( 'NONE', ( #3596 ), #993, .F. ) ;
#3329 = DIRECTION ( 'NONE',  ( 0.0000000000000000000, -1.000000000000000000, 0.0000000000000000000 ) ) ;
#3330 = COLOUR_RGB ( '',0.8980392156862745390, 0.9215686274509803377, 0.9294117647058823817 ) ;
#3331 = VERTEX_POINT ( 'NONE', #368 ) ;
#3332 = VERTEX_POINT ( 'NONE', #979 ) ;
#3333 = AXIS2_PLACEMENT_3D ( 'NONE', #2360, #1508, #2106 ) ;
#3334 = CARTESIAN_POINT ( 'NONE',  ( -1.507588615116258524, 1.555205803978929158, -0.8995416603007427847 ) ) ;
#3335 = PLANE ( 'NONE',  #1539 ) ;
#3336 = CARTESIAN_POINT ( 'NONE',  ( 0.6374583205238228967, -0.3412604950904100098, -0.5795416606113010793 ) ) ;
#3337 = ORIENTED_EDGE ( 'NONE', *, *, #1038, .F. ) ;
#3338 = DIRECTION ( 'NONE',  ( 0.0000000000000000000, 1.000000000000000000, 0.0000000000000000000 ) ) ;
#3339 = CARTESIAN_POINT ( 'NONE',  ( -0.1816449070851290093, 0.2589918475817539756, -0.6755416606113010536 ) ) ;
#3340 = ORIENTED_EDGE ( 'NONE', *, *, #3256, .T. ) ;
#3341 = CARTESIAN_POINT ( 'NONE',  ( 0.2129566779142419986, 0.2813547051662895759, 0.8704583393886987652 ) ) ;
#3342 = DIRECTION ( 'NONE',  ( 0.04873248569242888406, -0.04873248569243338740, 0.9976223181527537065 ) ) ;
#3343 = CARTESIAN_POINT ( 'NONE',  ( 0.02122562956174139925, -0.4372604950904099841, -0.6115416606113011078 ) ) ;
#3344 = B_SPLINE_CURVE_WITH_KNOTS ( 'NONE', 1,
 ( #3124, #1034 ),
 .UNSPECIFIED., .F., .F.,
 ( 2, 2 ),
 ( 0.0000000000000000000, 0.9000000000000000222 ),
 .UNSPECIFIED. ) ;
#3345 = EDGE_LOOP ( 'NONE', ( #2514, #1119, #1969, #862 ) ) ;
#3346 = CARTESIAN_POINT ( 'NONE',  ( -1.235779548787830029, 1.350400521521350150, -0.6115416606113011078 ) ) ;
#3347 = CARTESIAN_POINT ( 'NONE',  ( -0.3096449070851289842, 0.1309918475817540007, -0.6115416606113011078 ) ) ;
#3348 = EDGE_CURVE ( 'NONE', #102, #3610, #3308, .T. ) ;
#3349 = ORIENTED_EDGE ( 'NONE', *, *, #1964, .T. ) ;
#3350 = DIRECTION ( 'NONE',  ( 1.000000000000000000, 0.0000000000000000000, 0.0000000000000000000 ) ) ;
#3351 = CARTESIAN_POINT ( 'NONE',  ( -1.566383997558206120, 1.527878833696827643, 0.8527557537527136189 ) ) ;
#3352 = DIRECTION ( 'NONE',  ( 0.04873248569116989115, 0.04873248569116939155, -0.9976223181528769413 ) ) ;
#3353 = ADVANCED_FACE ( 'NONE', ( #2887 ), #3046, .T. ) ;
#3354 = VERTEX_POINT ( 'NONE', #3163 ) ;
#3355 = CARTESIAN_POINT ( 'NONE',  ( 1.274038533470460033, 1.098999999999999977, -0.003948154439976540170 ) ) ;
#3356 = CARTESIAN_POINT ( 'NONE',  ( -1.507588615728959969, 1.557529068209049905, -0.8519811833585159144 ) ) ;
#3357 = ORIENTED_EDGE ( 'NONE', *, *, #3599, .T. ) ;
#3358 = ORIENTED_EDGE ( 'NONE', *, *, #420, .F. ) ;
#3359 = PLANE ( 'NONE',  #2338 ) ;
#3360 = DIRECTION ( 'NONE',  ( 1.000000000000000000, 0.0000000000000000000, 0.0000000000000000000 ) ) ;
#3361 = B_SPLINE_SURFACE_WITH_KNOTS ( 'NONE', 1, 1, ( 
 ( #3355, #1710 ),
 ( #2006, #1095 ) ),
 .UNSPECIFIED., .F., .F., .F.,
 ( 2, 2 ),
 ( 2, 2 ),
 ( 0.0000000000000000000, 0.2339458956822389746 ),
 ( 0.0000000000000000000, 1.379999999999999893 ),
 .UNSPECIFIED. ) ;
#3362 = CARTESIAN_POINT ( 'NONE',  ( 5.773307815971221812E-16, 0.0000000000000000000, 1.230736076797360745 ) ) ;
#3363 = ORIENTED_EDGE ( 'NONE', *, *, #864, .F. ) ;
#3364 = PRESENTATION_LAYER_ASSIGNMENT (  '', '', ( #1272 ) ) ;
#3365 = VERTEX_POINT ( 'NONE', #2926 ) ;
#3366 = CARTESIAN_POINT ( 'NONE',  ( -0.02440962149056320057, -1.487023432425319980, -0.6115416606113011078 ) ) ;
#3367 = CARTESIAN_POINT ( 'NONE',  ( 1.527878619838055174, -1.527878619798149984, 0.8704583393883430498 ) ) ;
#3368 = CARTESIAN_POINT ( 'NONE',  ( -0.9974337363773204679, 0.4350736786261210631, -0.5799999999999999600 ) ) ;
#3369 = ORIENTED_EDGE ( 'NONE', *, *, #1699, .T. ) ;
#3370 = PLANE ( 'NONE',  #1666 ) ;
#3371 = CARTESIAN_POINT ( 'NONE',  ( -0.2161914062681079829, 1.507588616707379758, -0.8495416606113009861 ) ) ;
#3372 = ADVANCED_FACE ( 'NONE', ( #1473 ), #228, .F. ) ;
#3373 = EDGE_CURVE ( 'NONE', #1839, #3393, #252, .T. ) ;
#3374 = ORIENTED_EDGE ( 'NONE', *, *, #1889, .F. ) ;
#3375 = ORIENTED_EDGE ( 'NONE', *, *, #912, .T. ) ;
#3376 = CARTESIAN_POINT ( 'NONE',  ( 0.3519999999999998685, 0.02246946257583672460, 0.8704583393886989873 ) ) ;
#3377 = CARTESIAN_POINT ( 'NONE',  ( -1.274038533470460033, 0.3989999999999939706, -0.003948154439976309452 ) ) ;
#3378 = EDGE_LOOP ( 'NONE', ( #3305, #2577, #358, #3561 ) ) ;
#3379 = CARTESIAN_POINT ( 'NONE',  ( 1.274038533470460033, 1.098999999999999977, -0.003948154439976540170 ) ) ;
#3380 = CARTESIAN_POINT ( 'NONE',  ( -0.1816449070851290093, -0.1838014392384790252, -0.6115416606113011078 ) ) ;
#3381 = CARTESIAN_POINT ( 'NONE',  ( 1.527529964368325777, 1.563667539480949165, 0.8704583394658822471 ) ) ;
#3382 = EDGE_LOOP ( 'NONE', ( #753, #2789, #94, #202 ) ) ;
#3383 = AXIS2_PLACEMENT_3D ( 'NONE', #3220, #2327, #2601 ) ;
#3384 = ORIENTED_EDGE ( 'NONE', *, *, #2860, .F. ) ;
#3385 = CARTESIAN_POINT ( 'NONE',  ( -1.483189443397989971, -1.544386748892379924, -0.8730060549445909368 ) ) ;
#3386 = AXIS2_PLACEMENT_3D ( 'NONE', #1116, #1131, #1387 ) ;
#3387 = FACE_OUTER_BOUND ( 'NONE', #3788, .T. ) ;
#3388 = ORIENTED_EDGE ( 'NONE', *, *, #2637, .F. ) ;
#3389 = CARTESIAN_POINT ( 'NONE',  ( 1.556367436403109927, 1.075205804257609810, -0.8507614219928359978 ) ) ;
#3390 = CARTESIAN_POINT ( 'NONE',  ( 1.585239793856741519, -1.535258723415636961, 0.5537088055464726155 ) ) ;
#3391 = EDGE_CURVE ( 'NONE', #3428, #1335, #764, .T. ) ;
#3392 = EDGE_CURVE ( 'NONE', #3585, #3647, #3131, .T. ) ;
#3393 = VERTEX_POINT ( 'NONE', #2383 ) ;
#3394 = DIRECTION ( 'NONE',  ( -1.000000000000000000, 2.788438188990219940E-13, 3.003241707820210350E-13 ) ) ;
#3395 = B_SPLINE_CURVE_WITH_KNOTS ( 'NONE', 1,
 ( #913, #1784 ),
 .UNSPECIFIED., .F., .F.,
 ( 2, 2 ),
 ( 0.0000000000000000000, 1.000000000000000000 ),
 .UNSPECIFIED. ) ;
#3396 = CARTESIAN_POINT ( 'NONE',  ( 0.6374583205238240069, -0.08768359317491909721, -0.5955416606113009825 ) ) ;
#3397 = ADVANCED_FACE ( 'NONE', ( #3537 ), #634, .F. ) ;
#3398 = ORIENTED_EDGE ( 'NONE', *, *, #3828, .F. ) ;
#3399 = CARTESIAN_POINT ( 'NONE',  ( 0.6679664639465859866, -0.1013795830118039837, -0.6755416606113010536 ) ) ;
#3400 = FACE_OUTER_BOUND ( 'NONE', #1938, .T. ) ;
#3401 = CARTESIAN_POINT ( 'NONE',  ( -0.1346039785175879577, 0.3885176989456351482, -0.6115416606113012188 ) ) ;
#3402 = B_SPLINE_CURVE_WITH_KNOTS ( 'NONE', 1,
 ( #968, #1851 ),
 .UNSPECIFIED., .F., .F.,
 ( 2, 2 ),
 ( 0.0000000000000000000, 1.000000000000000000 ),
 .UNSPECIFIED. ) ;
#3403 = ORIENTED_EDGE ( 'NONE', *, *, #748, .F. ) ;
#3404 = ORIENTED_EDGE ( 'NONE', *, *, #1313, .F. ) ;
#3405 = PLANE ( 'NONE',  #2958 ) ;
#3406 = CARTESIAN_POINT ( 'NONE',  ( -1.577301278235121229, 1.527878619786784187, 0.8421216253593430956 ) ) ;
#3407 = B_SPLINE_CURVE_WITH_KNOTS ( 'NONE', 1,
 ( #1371, #3652 ),
 .UNSPECIFIED., .F., .F.,
 ( 2, 2 ),
 ( 0.0000000000000000000, 0.2339458956822389746 ),
 .UNSPECIFIED. ) ;
#3408 = ORIENTED_EDGE ( 'NONE', *, *, #417, .F. ) ;
#3409 = CARTESIAN_POINT ( 'NONE',  ( 1.507588616704579998, 0.1988786702483500701, -0.8995416606113010305 ) ) ;
#3410 = DIRECTION ( 'NONE',  ( 0.7061377159181259078, 0.7071067811865480168, 0.03700710955926719142 ) ) ;
#3411 = CARTESIAN_POINT ( 'NONE',  ( 2.739066546474830055, 1.010764705882349901, -0.003948154439976430015 ) ) ;
#3412 = VERTEX_POINT ( 'NONE', #340 ) ;
#3413 = FACE_OUTER_BOUND ( 'NONE', #3659, .T. ) ;
#3414 = EDGE_CURVE ( 'NONE', #708, #3770, #1183, .T. ) ;
#3415 = ORIENTED_EDGE ( 'NONE', *, *, #2974, .F. ) ;
#3416 = CARTESIAN_POINT ( 'NONE',  ( 1.555205803976129397, -1.507588615116259190, -0.8995416603007295731 ) ) ;
#3417 = AXIS2_PLACEMENT_3D ( 'NONE', #3396, #251, #1937 ) ;
#3418 = CARTESIAN_POINT ( 'NONE',  ( 0.7334583205238240922, -0.4372604950904099841, -0.5795416606113010793 ) ) ;
#3419 = CARTESIAN_POINT ( 'NONE',  ( 1.539296560862263519, 1.589237012769058710, -0.2028751018298843856 ) ) ;
#3420 = EDGE_CURVE ( 'NONE', #348, #1413, #1923, .T. ) ;
#3421 = ORIENTED_EDGE ( 'NONE', *, *, #1244, .F. ) ;
#3422 = B_SPLINE_CURVE_WITH_KNOTS ( 'NONE', 1,
 ( #769, #2264 ),
 .UNSPECIFIED., .F., .F.,
 ( 2, 2 ),
 ( -1.373733406152420011, 0.0000000000000000000 ),
 .UNSPECIFIED. ) ;
#3423 = CARTESIAN_POINT ( 'NONE',  ( 1.527878619852850006, 2.093298977753269889E-14, 0.8204583393886969445 ) ) ;
#3424 = FACE_OUTER_BOUND ( 'NONE', #1499, .T. ) ;
#3425 = DIRECTION ( 'NONE',  ( 0.0000000000000000000, -1.000000000000000000, 0.0000000000000000000 ) ) ;
#3426 = B_SPLINE_SURFACE_WITH_KNOTS ( 'NONE', 1, 1, ( 
 ( #2248, #485 ),
 ( #2304, #2018 ) ),
 .UNSPECIFIED., .F., .F., .F.,
 ( 2, 2 ),
 ( 2, 2 ),
 ( 0.0000000000000000000, 0.9191855307506470174 ),
 ( 0.0000000000000000000, 3.200000000000000178 ),
 .UNSPECIFIED. ) ;
#3427 =( LENGTH_UNIT ( ) NAMED_UNIT ( * ) SI_UNIT ( .MILLI., .METRE. ) );
#3428 = VERTEX_POINT ( 'NONE', #2699 ) ;
#3429 = CARTESIAN_POINT ( 'NONE',  ( -1.527878619694589934, -1.527107011264040137, 0.8704523852368500902 ) ) ;
#3430 = COLOUR_RGB ( '',0.5725490196078431016, 0.5725490196078431016, 0.5725490196078431016 ) ;
#3431 = PLANE ( 'NONE',  #3383 ) ;
#3432 = CARTESIAN_POINT ( 'NONE',  ( 2.862765483333390204, 0.8872352941176410157, -0.003948154439976759612 ) ) ;
#3433 = B_SPLINE_CURVE_WITH_KNOTS ( 'NONE', 1,
 ( #1338, #1650 ),
 .UNSPECIFIED., .F., .F.,
 ( 2, 2 ),
 ( -0.2000000000000000111, 2.775557561562891351E-17 ),
 .UNSPECIFIED. ) ;
#3434 =( BOUNDED_CURVE ( )  B_SPLINE_CURVE ( 2, ( #3746, #3165, #3201 ),
 .UNSPECIFIED., .F., .F. ) 
 B_SPLINE_CURVE_WITH_KNOTS ( ( 3, 3 ),
 ( 0.0000000000000000000, 0.2356194490192370095 ),
 .UNSPECIFIED. ) 
 CURVE ( )  GEOMETRIC_REPRESENTATION_ITEM ( )  RATIONAL_B_SPLINE_CURVE ( ( 1.000000000000000000, 0.7071067811865420216, 1.000000000000000000 ) ) 
 REPRESENTATION_ITEM ( '' )  );
#3435 = ORIENTED_EDGE ( 'NONE', *, *, #2029, .T. ) ;
#3436 = CARTESIAN_POINT ( 'NONE',  ( -1.577859690180070107, 1.527878619774075020, 0.8218340601549309898 ) ) ;
#3437 = EDGE_LOOP ( 'NONE', ( #1558, #1254, #2353, #1229 ) ) ;
#3438 = CARTESIAN_POINT ( 'NONE',  ( -1.527878619754239997, -1.577859690180404950, 0.8218340601544249502 ) ) ;
#3439 = CARTESIAN_POINT ( 'NONE',  ( 0.09061483364182111588, -0.1013795830118039837, -0.6755416606113010536 ) ) ;
#3440 = CARTESIAN_POINT ( 'NONE',  ( 0.7334583205238240922, -0.08768359317491919436, -0.5795416606113010793 ) ) ;
#3441 = ORIENTED_EDGE ( 'NONE', *, *, #242, .F. ) ;
#3442 = ADVANCED_FACE ( 'NONE', ( #3309 ), #2488, .T. ) ;
#3443 = ADVANCED_FACE ( 'NONE', ( #1000 ), #655, .F. ) ;
#3444 = CARTESIAN_POINT ( 'NONE',  ( 1.554085615008245158, -1.531634106663483541, -0.8529881993747133739 ) ) ;
#3445 = EDGE_CURVE ( 'NONE', #1413, #2175, #205, .T. ) ;
#3446 = PLANE ( 'NONE',  #1101 ) ;
#3447 = CARTESIAN_POINT ( 'NONE',  ( 0.3519999999999999796, -2.546735226440004991E-17, 0.7872583393886990466 ) ) ;
#3448 = PRESENTATION_STYLE_ASSIGNMENT (( #454 ) ) ;
#3449 = VERTEX_POINT ( 'NONE', #711 ) ;
#3450 = CARTESIAN_POINT ( 'NONE',  ( 1.550039235147134820, -1.599999995418815102, 0.01745824771571454978 ) ) ;
#3451 = STYLED_ITEM ( 'NONE', ( #3004 ), #3167 ) ;
#3452 = B_SPLINE_CURVE_WITH_KNOTS ( 'NONE', 1,
 ( #2896, #2625 ),
 .UNSPECIFIED., .F., .F.,
 ( 2, 2 ),
 ( 0.0000000000000000000, 1.000000000000000000 ),
 .UNSPECIFIED. ) ;
#3453 = CARTESIAN_POINT ( 'NONE',  ( -1.235779548787830029, -0.4568334675113749910, -0.1922648606113009917 ) ) ;
#3454 = CARTESIAN_POINT ( 'NONE',  ( 0.6679664639465859866, 0.2824640832897150067, -0.6755416606113010536 ) ) ;
#3455 =( GEOMETRIC_REPRESENTATION_CONTEXT ( 3 ) GLOBAL_UNCERTAINTY_ASSIGNED_CONTEXT ( ( #441 ) ) GLOBAL_UNIT_ASSIGNED_CONTEXT ( ( #3270, #2652, #2054 ) ) REPRESENTATION_CONTEXT ( 'NONE', 'WORKASPACE' ) );
#3456 = ORIENTED_EDGE ( 'NONE', *, *, #1862, .F. ) ;
#3457 = ORIENTED_EDGE ( 'NONE', *, *, #416, .T. ) ;
#3458 = CARTESIAN_POINT ( 'NONE',  ( -0.3096449070851289842, 0.7144464410663780018, -0.6115416606113011078 ) ) ;
#3459 = FACE_OUTER_BOUND ( 'NONE', #1083, .T. ) ;
#3460 = DIRECTION ( 'NONE',  ( 0.0000000000000000000, -1.000000000000000000, 0.0000000000000000000 ) ) ;
#3461 = ORIENTED_EDGE ( 'NONE', *, *, #1651, .T. ) ;
#3462 = VERTEX_POINT ( 'NONE', #3347 ) ;
#3463 = DIRECTION ( 'NONE',  ( 1.000000000000000000, 0.0000000000000000000, 0.0000000000000000000 ) ) ;
#3464 = CARTESIAN_POINT ( 'NONE',  ( -1.274038533470460033, 0.3989999999999930269, -0.003948154439976540170 ) ) ;
#3465 = ADVANCED_FACE ( 'NONE', ( #135, #2726 ), #3614, .F. ) ;
#3466 = ORIENTED_EDGE ( 'NONE', *, *, #1153, .T. ) ;
#3467 = CARTESIAN_POINT ( 'NONE',  ( 1.109778426977060084, -0.1013795830118039837, -0.2210648606113009840 ) ) ;
#3468 = DIRECTION ( 'NONE',  ( -1.000000000000000000, 0.0000000000000000000, 0.0000000000000000000 ) ) ;
#3469 = CARTESIAN_POINT ( 'NONE',  ( -1.274038533470460033, -1.098999999999999977, -0.003948154439976540170 ) ) ;
#3470 = EDGE_CURVE ( 'NONE', #845, #3331, #1977, .T. ) ;
#3471 = B_SPLINE_CURVE_WITH_KNOTS ( 'NONE', 3,
 ( #2979, #2960, #2664, #1526 ),
 .UNSPECIFIED., .F., .F.,
 ( 4, 4 ),
 ( 0.0000000000000000000, 1.000000000000000000 ),
 .UNSPECIFIED. ) ;
#3472 = CARTESIAN_POINT ( 'NONE',  ( -0.3096449070851289842, 0.5864464410663779992, -0.6755416606113010536 ) ) ;
#3473 = ORIENTED_EDGE ( 'NONE', *, *, #1528, .F. ) ;
#3474 = CARTESIAN_POINT ( 'NONE',  ( 1.264515591790740023, 0.3989999999999939706, 0.1777603974200540060 ) ) ;
#3475 = CARTESIAN_POINT ( 'NONE',  ( 1.507588836282298228, -1.545934218515219172, -0.8820698022632127433 ) ) ;
#3476 = B_SPLINE_CURVE_WITH_KNOTS ( 'NONE', 1,
 ( #387, #3645 ),
 .UNSPECIFIED., .F., .F.,
 ( 2, 2 ),
 ( -0.1000000000000000056, 1.387778780781445676E-17 ),
 .UNSPECIFIED. ) ;
#3477 = ORIENTED_EDGE ( 'NONE', *, *, #221, .F. ) ;
#3478 = CYLINDRICAL_SURFACE ( 'NONE', #854, 0.09599999999999994649 ) ;
#3479 = CARTESIAN_POINT ( 'NONE',  ( 1.527878619780456360, -1.577579567714709530, 0.8320111389856886808 ) ) ;
#3480 = CARTESIAN_POINT ( 'NONE',  ( -6.429830606408369316E-14, -1.527878619852929942, 0.8204583393886989429 ) ) ;
#3481 = VERTEX_POINT ( 'NONE', #2402 ) ;
#3482 = ORIENTED_EDGE ( 'NONE', *, *, #1834, .F. ) ;
#3483 = B_SPLINE_CURVE_WITH_KNOTS ( 'NONE', 1,
 ( #28, #1239 ),
 .UNSPECIFIED., .F., .F.,
 ( 2, 2 ),
 ( 0.0000000000000000000, 1.379999999999999893 ),
 .UNSPECIFIED. ) ;
#3484 = ADVANCED_FACE ( 'NONE', ( #932 ), #3171, .F. ) ;
#3485 = CARTESIAN_POINT ( 'NONE',  ( -0.3096449070851289842, 0.5864464410663779992, -0.6115416606113011078 ) ) ;
#3486 = CARTESIAN_POINT ( 'NONE',  ( -0.3096449070851289842, 0.7144464410663780018, -0.6755416606113010536 ) ) ;
#3487 = EDGE_LOOP ( 'NONE', ( #1859, #808, #3093, #3062 ) ) ;
#3488 = AXIS2_PLACEMENT_3D ( 'NONE', #2446, #1837, #1262 ) ;
#3489 = EDGE_CURVE ( 'NONE', #1997, #2331, #1051, .T. ) ;
#3490 = CARTESIAN_POINT ( 'NONE',  ( 1.280000000000000027, 1.045031935272410152E-16, -0.8995416606113020297 ) ) ;
#3491 = EDGE_CURVE ( 'NONE', #1420, #438, #519, .T. ) ;
#3492 = ORIENTED_EDGE ( 'NONE', *, *, #2997, .F. ) ;
#3493 = CARTESIAN_POINT ( 'NONE',  ( -0.1505529537679191898, -0.3190138321668615773, 0.8704583393886989873 ) ) ;
#3494 = CARTESIAN_POINT ( 'NONE',  ( 1.075205804274729893, 1.168889294488459907, -0.2338648606113009898 ) ) ;
#3495 = CARTESIAN_POINT ( 'NONE',  ( 1.507669667098995969, -1.530645229588916356, -0.8940400831165959961 ) ) ;
#3496 = ORIENTED_EDGE ( 'NONE', *, *, #3774, .T. ) ;
#3497 = CARTESIAN_POINT ( 'NONE',  ( -1.543106391574692982, 1.507602636392130879, -0.8847450404083829767 ) ) ;
#3498 = CARTESIAN_POINT ( 'NONE',  ( -1.235779548787830029, 0.4457712169876109631, -0.1922648606113009917 ) ) ;
#3499 = DIRECTION ( 'NONE',  ( 1.000000000000000000, 4.795099054006199983E-13, -5.065895579948120029E-13 ) ) ;
#3500 = DIRECTION ( 'NONE',  ( 0.0000000000000000000, 0.0000000000000000000, -1.000000000000000000 ) ) ;
#3501 = CARTESIAN_POINT ( 'NONE',  ( -1.557529068452949916, -1.507588616095869805, -0.8519811833704409310 ) ) ;
#3502 = CLOSED_SHELL ( 'NONE', ( #970, #2362, #2554, #2074, #2267, #3752, #3663 ) ) ;
#3503 = CARTESIAN_POINT ( 'NONE',  ( 0.2152318929148709925, -0.2658849524182460011, -0.6755416606113010536 ) ) ;
#3504 = CARTESIAN_POINT ( 'NONE',  ( 1.599999999997190114, 1.600000000000000089, 0.01745833938869869803 ) ) ;
#3505 = SURFACE_SIDE_STYLE ('',( #3800 ) ) ;
#3506 = COLOUR_RGB ( '',0.003921568627450980338, 0.0000000000000000000, 0.3372549019607843368 ) ;
#3507 = CARTESIAN_POINT ( 'NONE',  ( 1.527878619838055174, 1.527878619798149984, 0.8704583393887469489 ) ) ;
#3508 = STYLED_ITEM ( 'NONE', ( #998 ), #3167 ) ;
#3509 = EDGE_CURVE ( 'NONE', #2175, #3756, #2428, .T. ) ;
#3510 = ADVANCED_FACE ( 'NONE', ( #1334 ), #188, .F. ) ;
#3511 = ORIENTED_EDGE ( 'NONE', *, *, #799, .T. ) ;
#3512 = CARTESIAN_POINT ( 'NONE',  ( 0.3074826701650473781, -0.1731792615102925870, 0.8704583393886990983 ) ) ;
#3513 = CYLINDRICAL_SURFACE ( 'NONE', #3089, 0.09600000000000000200 ) ;
#3514 = CARTESIAN_POINT ( 'NONE',  ( -0.8078754831954050308, 0.3885176989456339824, -0.5795416606113010793 ) ) ;
#3515 = EDGE_CURVE ( 'NONE', #3365, #1819, #2803, .T. ) ;
#3516 = ORIENTED_EDGE ( 'NONE', *, *, #1536, .T. ) ;
#3517 = CARTESIAN_POINT ( 'NONE',  ( -1.507588616651373670, -1.518489713931751028, -0.8995416607583742730 ) ) ;
#3518 = FILL_AREA_STYLE_COLOUR ( '', #3330 ) ;
#3519 = EDGE_LOOP ( 'NONE', ( #2884, #1362, #2788, #538 ) ) ;
#3520 = PRESENTATION_STYLE_ASSIGNMENT (( #1148 ) ) ;
#3521 = DIRECTION ( 'NONE',  ( 0.0000000000000000000, 0.0000000000000000000, 1.000000000000000000 ) ) ;
#3522 = CARTESIAN_POINT ( 'NONE',  ( -0.3520000000000009233, -0.04458217684913533957, 0.7872583393886989356 ) ) ;
#3523 = CARTESIAN_POINT ( 'NONE',  ( 0.09061483364182111588, 0.2824640832897150067, -0.6755416606113010536 ) ) ;
#3524 = EDGE_LOOP ( 'NONE', ( #2410, #3721, #2241, #3369 ) ) ;
#3525 = CARTESIAN_POINT ( 'NONE',  ( -0.1816449070851290093, 0.1309918475817540007, -0.6115416606113011078 ) ) ;
#3526 = ORIENTED_EDGE ( 'NONE', *, *, #2878, .T. ) ;
#3527 = ADVANCED_FACE ( 'NONE', ( #1029 ), #1645, .T. ) ;
#3528 = CARTESIAN_POINT ( 'NONE',  ( 1.087999999998700007, 8.882771449811039523E-17, -0.5799999999993989963 ) ) ;
#3529 = CARTESIAN_POINT ( 'NONE',  ( -0.5025295389033934690, -1.507588616707389750, -0.8995416606113010305 ) ) ;
#3530 = CARTESIAN_POINT ( 'NONE',  ( 0.9820550299996406718, -0.4688904052225519314, -0.5799999999999997380 ) ) ;
#3531 = ORIENTED_EDGE ( 'NONE', *, *, #556, .T. ) ;
#3532 = EDGE_CURVE ( 'NONE', #1789, #2993, #713, .T. ) ;
#3533 = CARTESIAN_POINT ( 'NONE',  ( 0.7334583205238240922, 0.4320800628543140509, -0.5795416606113010793 ) ) ;
#3534 = FILL_AREA_STYLE_COLOUR ( '', #1724 ) ;
#3535 = EDGE_CURVE ( 'NONE', #1776, #1589, #2250, .T. ) ;
#3536 = B_SPLINE_CURVE_WITH_KNOTS ( 'NONE', 1,
 ( #2411, #2098 ),
 .UNSPECIFIED., .F., .F.,
 ( 2, 2 ),
 ( -0.05000000000000000278, 6.938893903907228378E-18 ),
 .UNSPECIFIED. ) ;
#3537 = FACE_OUTER_BOUND ( 'NONE', #1010, .T. ) ;
#3538 = ORIENTED_EDGE ( 'NONE', *, *, #1132, .T. ) ;
#3539 = FILL_AREA_STYLE ('',( #3813 ) ) ;
#3540 = CARTESIAN_POINT ( 'NONE',  ( -1.264515591790740023, -1.098999999999999977, 0.1777603974200540060 ) ) ;
#3541 = CARTESIAN_POINT ( 'NONE',  ( 0.3520000000000000351, -0.02246946257583400455, 0.7872583393886990466 ) ) ;
#3542 = B_SPLINE_CURVE_WITH_KNOTS ( 'NONE', 1,
 ( #3242, #2578 ),
 .UNSPECIFIED., .F., .F.,
 ( 2, 2 ),
 ( -0.2000000000000000111, 2.775557561562891351E-17 ),
 .UNSPECIFIED. ) ;
#3543 = CARTESIAN_POINT ( 'NONE',  ( -1.264515591790740023, -0.3989999999999939706, 0.1777603974200540060 ) ) ;
#3544 = ORIENTED_EDGE ( 'NONE', *, *, #1722, .T. ) ;
#3545 = DIRECTION ( 'NONE',  ( -0.0000000000000000000, 1.000000000000000000, 0.0000000000000000000 ) ) ;
#3546 = CARTESIAN_POINT ( 'NONE',  ( -1.557529068534650118, 0.5025295387393895474, -0.8519811833744247442 ) ) ;
#3547 = AXIS2_PLACEMENT_3D ( 'NONE', #97, #3352, #2710 ) ;
#3548 = EDGE_LOOP ( 'NONE', ( #2809, #2822, #211, #1016 ) ) ;
#3549 = CARTESIAN_POINT ( 'NONE',  ( 0.1172256295617419841, -0.3412604950904100098, -0.5795416606113010793 ) ) ;
#3550 = CARTESIAN_POINT ( 'NONE',  ( 0.7334583205238240922, -0.4663931160698699951, -0.5795416606113010793 ) ) ;
#3551 = CARTESIAN_POINT ( 'NONE',  ( 1.109778426977060084, 0.2824640832897150067, -1.066018460611300123 ) ) ;
#3552 = CARTESIAN_POINT ( 'NONE',  ( -0.2714995962217346959, -1.062603838808755752, -0.5799999999999999600 ) ) ;
#3553 = ORIENTED_EDGE ( 'NONE', *, *, #1557, .T. ) ;
#3554 = CARTESIAN_POINT ( 'NONE',  ( -1.507588616707379758, -1.507588616457249842, -0.8995416606114789992 ) ) ;
#3555 = CARTESIAN_POINT ( 'NONE',  ( 1.528070825544220357, -1.567690021511736420, 0.8507886954739312113 ) ) ;
#3556 = EDGE_CURVE ( 'NONE', #3770, #2367, #3297, .T. ) ;
#3557 = EDGE_CURVE ( 'NONE', #1974, #3481, #3834, .T. ) ;
#3558 = CARTESIAN_POINT ( 'NONE',  ( 1.559374220887996598, 1.075205804274729893, -0.6435416606113000260 ) ) ;
#3559 = CARTESIAN_POINT ( 'NONE',  ( -1.599999995418695198, 1.550039235149234917, 0.01745824771570915132 ) ) ;
#3560 = CARTESIAN_POINT ( 'NONE',  ( 1.527878619773975100, -1.577859690179975072, 0.8218340601549090074 ) ) ;
#3561 = ORIENTED_EDGE ( 'NONE', *, *, #110, .F. ) ;
#3562 = B_SPLINE_CURVE_WITH_KNOTS ( 'NONE', 1,
 ( #1671, #2580 ),
 .UNSPECIFIED., .F., .F.,
 ( 2, 2 ),
 ( -0.2000000000000000111, 2.775557561562891351E-17 ),
 .UNSPECIFIED. ) ;
#3563 = EDGE_LOOP ( 'NONE', ( #140, #889, #1442, #398 ) ) ;
#3564 = FACE_OUTER_BOUND ( 'NONE', #2384, .T. ) ;
#3565 = AXIS2_PLACEMENT_3D ( 'NONE', #1618, #3665, #1018 ) ;
#3566 = UNCERTAINTY_MEASURE_WITH_UNIT (LENGTH_MEASURE( 1.000000000000000082E-05 ), #710, 'distance_accuracy_value', 'NONE');
#3567 = CARTESIAN_POINT ( 'NONE',  ( -1.527878619754239997, -1.577859690180404950, 0.8218340601544249502 ) ) ;
#3568 = DIRECTION ( 'NONE',  ( 0.0000000000000000000, -1.000000000000000000, 0.0000000000000000000 ) ) ;
#3569 = FACE_OUTER_BOUND ( 'NONE', #723, .T. ) ;
#3570 = EDGE_LOOP ( 'NONE', ( #1128, #430, #84, #3043 ) ) ;
#3571 = B_SPLINE_CURVE_WITH_KNOTS ( 'NONE', 1,
 ( #3169, #858 ),
 .UNSPECIFIED., .F., .F.,
 ( 2, 2 ),
 ( 0.0000000000000000000, 1.000000000000000000 ),
 .UNSPECIFIED. ) ;
#3572 = AXIS2_PLACEMENT_3D ( 'NONE', #2214, #2173, #3338 ) ;
#3573 = FACE_OUTER_BOUND ( 'NONE', #3437, .T. ) ;
#3574 = CARTESIAN_POINT ( 'NONE',  ( -1.551796251070240329, -1.527879263320136793, 0.8669474998384610887 ) ) ;
#3575 = CARTESIAN_POINT ( 'NONE',  ( -1.547889422754548550, -1.537042598034873198, -0.8529872600345702605 ) ) ;
#3576 = EDGE_CURVE ( 'NONE', #1983, #2780, #1550, .T. ) ;
#3577 =( LENGTH_UNIT ( ) NAMED_UNIT ( * ) SI_UNIT ( .MILLI., .METRE. ) );
#3578 = CARTESIAN_POINT ( 'NONE',  ( -1.274038533470460033, -0.3989999999999939706, -0.003948154439976309452 ) ) ;
#3579 = EDGE_LOOP ( 'NONE', ( #2775, #524, #714, #178 ) ) ;
#3580 = B_SPLINE_CURVE_WITH_KNOTS ( 'NONE', 3,
 ( #702, #3390, #984, #1008 ),
 .UNSPECIFIED., .F., .F.,
 ( 4, 4 ),
 ( 0.0000000000000000000, 1.000000000000000000 ),
 .UNSPECIFIED. ) ;
#3581 = PLANE ( 'NONE',  #2037 ) ;
#3582 = DIRECTION ( 'NONE',  ( -1.000000000000000000, 0.0000000000000000000, 0.0000000000000000000 ) ) ;
#3583 = ADVANCED_FACE ( 'NONE', ( #2084 ), #2034, .T. ) ;
#3584 = ADVANCED_FACE ( 'NONE', ( #592 ), #280, .T. ) ;
#3585 = VERTEX_POINT ( 'NONE', #223 ) ;
#3586 = CARTESIAN_POINT ( 'NONE',  ( 1.538948774755350080, 1.538948774756090154, 0.4182704790117789395 ) ) ;
#3587 = CARTESIAN_POINT ( 'NONE',  ( -0.1346039785175880132, 0.2925176989456330090, -0.5795416606113010793 ) ) ;
#3588 = CARTESIAN_POINT ( 'NONE',  ( 2.951121866803800398, 0.3989999999999939706, -0.003948154439976309452 ) ) ;
#3589 = CARTESIAN_POINT ( 'NONE',  ( 0.3520000000000005347, 1.486791961879020418E-15, 0.8427250060553652666 ) ) ;
#3590 = VERTEX_POINT ( 'NONE', #3267 ) ;
#3591 = DIRECTION ( 'NONE',  ( 1.000000000000000000, 0.0000000000000000000, 0.0000000000000000000 ) ) ;
#3592 = CARTESIAN_POINT ( 'NONE',  ( -1.527878619833199947, -1.527878619833199947, 0.8704583393890320542 ) ) ;
#3593 = EDGE_LOOP ( 'NONE', ( #2626, #1301, #2268, #19 ) ) ;
#3594 = VERTEX_POINT ( 'NONE', #907 ) ;
#3595 = CARTESIAN_POINT ( 'NONE',  ( -1.540603884187672801, -1.545115886799420801, -0.8529876946261383264 ) ) ;
#3596 = FACE_OUTER_BOUND ( 'NONE', #450, .T. ) ;
#3597 = VERTEX_POINT ( 'NONE', #300 ) ;
#3598 = VERTEX_POINT ( 'NONE', #3214 ) ;
#3599 = EDGE_CURVE ( 'NONE', #1776, #1839, #2335, .T. ) ;
#3600 = DIRECTION ( 'NONE',  ( 1.000000000000000000, 0.0000000000000000000, 0.0000000000000000000 ) ) ;
#3601 = CARTESIAN_POINT ( 'NONE',  ( -1.557529068534176719, -0.5025295387393907687, -0.8519811833744015406 ) ) ;
#3602 = B_SPLINE_SURFACE_WITH_KNOTS ( 'NONE', 1, 1, ( 
 ( #649, #1832 ),
 ( #2722, #88 ) ),
 .UNSPECIFIED., .F., .F., .F.,
 ( 2, 2 ),
 ( 2, 2 ),
 ( 0.0000000000000000000, 3.200000000000000178 ),
 ( 0.0000000000000000000, 0.8536460023392309360 ),
 .UNSPECIFIED. ) ;
#3603 = EDGE_CURVE ( 'NONE', #236, #1463, #1603, .T. ) ;
#3604 = B_SPLINE_CURVE_WITH_KNOTS ( 'NONE', 1,
 ( #279, #2645 ),
 .UNSPECIFIED., .F., .F.,
 ( 2, 2 ),
 ( 0.0000000000000000000, 0.9000000000000000222 ),
 .UNSPECIFIED. ) ;
#3605 = VERTEX_POINT ( 'NONE', #1015 ) ;
#3606 = CARTESIAN_POINT ( 'NONE',  ( -1.264515591790740023, 1.098999999999999977, 0.1777603974200540060 ) ) ;
#3607 = CARTESIAN_POINT ( 'NONE',  ( -0.3096449070851289842, 0.1309918475817540007, -0.6755416606113010536 ) ) ;
#3608 = DIRECTION ( 'NONE',  ( 0.0000000000000000000, 0.0000000000000000000, -1.000000000000000000 ) ) ;
#3609 = CARTESIAN_POINT ( 'NONE',  ( 0.8294583205238239554, 0.5280800628543149688, -0.6115416606113011078 ) ) ;
#3610 = VERTEX_POINT ( 'NONE', #1216 ) ;
#3611 = STYLED_ITEM ( 'NONE', ( #3724 ), #3167 ) ;
#3612 = CARTESIAN_POINT ( 'NONE',  ( -1.585843017574803948, 1.535902565529856156, -0.2723549427502151565 ) ) ;
#3613 = SURFACE_SIDE_STYLE ('',( #1591 ) ) ;
#3614 = PLANE ( 'NONE',  #1145 ) ;
#3615 = APPLICATION_CONTEXT ( 'automotive_design' ) ;
#3616 = ORIENTED_EDGE ( 'NONE', *, *, #1881, .T. ) ;
#3617 = ORIENTED_EDGE ( 'NONE', *, *, #822, .F. ) ;
#3618 = PLANE ( 'NONE',  #2528 ) ;
#3619 = CARTESIAN_POINT ( 'NONE',  ( -1.551160404356001443, 1.527966487377551363, 0.8648441049486863541 ) ) ;
#3620 = CARTESIAN_POINT ( 'NONE',  ( -1.264515591790740023, -1.098999999999999977, 0.1777603974200540060 ) ) ;
#3621 = B_SPLINE_CURVE_WITH_KNOTS ( 'NONE', 1,
 ( #318, #48 ),
 .UNSPECIFIED., .F., .F.,
 ( 2, 2 ),
 ( -0.05000000000000000278, 6.938893903907228378E-18 ),
 .UNSPECIFIED. ) ;
#3622 = ORIENTED_EDGE ( 'NONE', *, *, #1082, .T. ) ;
#3623 = CARTESIAN_POINT ( 'NONE',  ( 1.557529068450250076, -1.507588616034714946, -0.8519811833704269421 ) ) ;
#3624 = CARTESIAN_POINT ( 'NONE',  ( 0.7334583205238240922, -0.4372604950904099841, -0.6115416606113011078 ) ) ;
#3625 = B_SPLINE_CURVE_WITH_KNOTS ( 'NONE', 1,
 ( #409, #1265 ),
 .UNSPECIFIED., .F., .F.,
 ( 2, 2 ),
 ( -0.2339458956822389746, 0.0000000000000000000 ),
 .UNSPECIFIED. ) ;
#3626 = VERTEX_POINT ( 'NONE', #969 ) ;
#3627 = PLANE ( 'NONE',  #2469 ) ;
#3628 = B_SPLINE_CURVE_WITH_KNOTS ( 'NONE', 3,
 ( #2407, #2058, #270, #1788, #3799, #599, #3816, #3237, #616, #916, #2095, #2674, #3274, #584, #1751, #567, #1498, #859, #2931, #2370, #2329, #1207, #1768, #3254, #2915, #2042, #1458, #1169, #2190, #3368, #1902, #3315, #717, #1823 ),
 .UNSPECIFIED., .F., .F.,
 ( 4, 1, 1, 2, 2, 2, 1, 1, 2, 2, 2, 1, 1, 2, 2, 2, 1, 1, 2, 2, 4 ),
 ( 0.0000000000000000000, 0.06249999999999991673, 0.09374999999999987510, 0.1093749999999998057, 0.1249999999999997224, 0.2499999999999992784, 0.3124999999999991118, 0.3437499999999990563, 0.3593749999999990563, 0.3749999999999991118, 0.4999999999999993339, 0.5624999999999994449, 0.5937499999999995559, 0.6093749999999996669, 0.6249999999999995559, 0.7499999999999998890, 0.8124999999999998890, 0.8437500000000000000, 0.8593750000000000000, 0.8749999999999998890, 1.000000000000000000 ),
 .UNSPECIFIED. ) ;
#3629 = CYLINDRICAL_SURFACE ( 'NONE', #115, 0.04999999999999993339 ) ;
#3630 = EDGE_CURVE ( 'NONE', #3840, #2443, #1367, .T. ) ;
#3631 = AXIS2_PLACEMENT_3D ( 'NONE', #666, #315, #1255 ) ;
#3632 = DIRECTION ( 'NONE',  ( 0.0000000000000000000, -1.000000000000000000, 0.0000000000000000000 ) ) ;
#3633 = CARTESIAN_POINT ( 'NONE',  ( 1.274038533470460033, -0.3989999999999939706, -0.003948154439976309452 ) ) ;
#3634 = AXIS2_PLACEMENT_3D ( 'NONE', #1679, #199, #2570 ) ;
#3635 = ORIENTED_EDGE ( 'NONE', *, *, #3637, .F. ) ;
#3636 = FACE_OUTER_BOUND ( 'NONE', #766, .T. ) ;
#3637 = EDGE_CURVE ( 'NONE', #365, #1286, #2641, .T. ) ;
#3638 = CARTESIAN_POINT ( 'NONE',  ( 1.550039235147134820, 1.599999995418695198, 0.01745824771571865414 ) ) ;
#3639 = DIRECTION ( 'NONE',  ( 0.0000000000000000000, 1.000000000000000000, 0.0000000000000000000 ) ) ;
#3640 = PRESENTATION_LAYER_ASSIGNMENT (  '', '', ( #3767 ) ) ;
#3641 = ORIENTED_EDGE ( 'NONE', *, *, #109, .F. ) ;
#3642 = ORIENTED_EDGE ( 'NONE', *, *, #3603, .F. ) ;
#3643 = AXIS2_PLACEMENT_3D ( 'NONE', #2122, #3632, #3608 ) ;
#3644 = CARTESIAN_POINT ( 'NONE',  ( -1.345973905814859872, -1.316449875027960070, -0.1922648606113009917 ) ) ;
#3645 = CARTESIAN_POINT ( 'NONE',  ( -0.3096449070851289842, -0.3118014392384789724, -0.6755416606113010536 ) ) ;
#3646 = B_SPLINE_CURVE_WITH_KNOTS ( 'NONE', 3,
 ( #2719, #1640, #1623, #1328 ),
 .UNSPECIFIED., .F., .F.,
 ( 4, 4 ),
 ( 0.0000000000000000000, 1.000000000000000000 ),
 .UNSPECIFIED. ) ;
#3647 = VERTEX_POINT ( 'NONE', #2141 ) ;
#3648 = DIRECTION ( 'NONE',  ( -1.000000000000000000, 0.0000000000000000000, 0.0000000000000000000 ) ) ;
#3649 = DIRECTION ( 'NONE',  ( 1.000000000000000000, 0.0000000000000000000, 0.0000000000000000000 ) ) ;
#3650 = ORIENTED_EDGE ( 'NONE', *, *, #1557, .F. ) ;
#3651 = ORIENTED_EDGE ( 'NONE', *, *, #1038, .T. ) ;
#3652 = CARTESIAN_POINT ( 'NONE',  ( 1.264515591790740023, -1.098999999999999977, 0.1777603974200540060 ) ) ;
#3653 = CARTESIAN_POINT ( 'NONE',  ( 2.941598925124079944, 0.3989999999999930269, 0.1777603974200540060 ) ) ;
#3654 = CARTESIAN_POINT ( 'NONE',  ( 0.02122562956174139925, -0.08768359317491850047, -0.5795416606113010793 ) ) ;
#3655 = ADVANCED_FACE ( 'NONE', ( #3569 ), #3602, .F. ) ;
#3656 = CARTESIAN_POINT ( 'NONE',  ( -1.599999995418695198, 1.550039235149234917, 0.01745824771570915132 ) ) ;
#3657 = FILL_AREA_STYLE_COLOUR ( '', #231 ) ;
#3658 = PRESENTATION_STYLE_ASSIGNMENT (( #1592 ) ) ;
#3659 = EDGE_LOOP ( 'NONE', ( #2051, #771, #3147, #1190 ) ) ;
#3660 = EDGE_CURVE ( 'NONE', #533, #1729, #1227, .T. ) ;
#3661 = B_SPLINE_CURVE_WITH_KNOTS ( 'NONE', 3,
 ( #1960, #2902, #1138, #2824 ),
 .UNSPECIFIED., .F., .F.,
 ( 4, 4 ),
 ( 0.0000000000000000000, 1.000000000000000000 ),
 .UNSPECIFIED. ) ;
#3662 = VERTEX_POINT ( 'NONE', #2680 ) ;
#3663 = ADVANCED_FACE ( 'NONE', ( #1852 ), #378, .T. ) ;
#3664 = CARTESIAN_POINT ( 'NONE',  ( 0.09061483364182111588, -0.1013795830118039837, -0.6115416606113011078 ) ) ;
#3665 = DIRECTION ( 'NONE',  ( 0.0000000000000000000, 0.0000000000000000000, 1.000000000000000000 ) ) ;
#3666 = VERTEX_POINT ( 'NONE', #689 ) ;
#3667 = CARTESIAN_POINT ( 'NONE',  ( -0.4224767999999999857, -0.4224767999999999857, 0.7872583393886990466 ) ) ;
#3668 = CARTESIAN_POINT ( 'NONE',  ( -0.3096449070851289842, 0.1309918475817540007, -0.6115416606113011078 ) ) ;
#3669 = ORIENTED_EDGE ( 'NONE', *, *, #2759, .T. ) ;
#3670 = VERTEX_POINT ( 'NONE', #1872 ) ;
#3671 = CARTESIAN_POINT ( 'NONE',  ( 2.951121866803800398, 1.098999999999999977, -0.003948154439976569660 ) ) ;
#3672 = FACE_OUTER_BOUND ( 'NONE', #3186, .T. ) ;
#3673 = B_SPLINE_CURVE_WITH_KNOTS ( 'NONE', 1,
 ( #2843, #2202 ),
 .UNSPECIFIED., .F., .F.,
 ( 2, 2 ),
 ( -0.05000000000000000278, 6.938893903907228378E-18 ),
 .UNSPECIFIED. ) ;
#3674 = B_SPLINE_CURVE_WITH_KNOTS ( 'NONE', 1,
 ( #1939, #464 ),
 .UNSPECIFIED., .F., .F.,
 ( 2, 2 ),
 ( 0.0000000000000000000, 0.9000000000000000222 ),
 .UNSPECIFIED. ) ;
#3675 = CARTESIAN_POINT ( 'NONE',  ( -0.2306039785175890144, 0.5280800628543149688, -0.5795416606113010793 ) ) ;
#3676 = CARTESIAN_POINT ( 'NONE',  ( 1.274038533470460033, -1.098999999999999977, -0.003948154439976540170 ) ) ;
#3677 = CARTESIAN_POINT ( 'NONE',  ( 2.711872328101020191, 1.028411764705880138, 0.1777603974200540060 ) ) ;
#3678 = ORIENTED_EDGE ( 'NONE', *, *, #2236, .T. ) ;
#3679 = EDGE_LOOP ( 'NONE', ( #1867, #1984, #1330, #198 ) ) ;
#3680 = CARTESIAN_POINT ( 'NONE',  ( 1.355763182377526688, 1.203937748053276913, -0.8995416606112786040 ) ) ;
#3681 = CARTESIAN_POINT ( 'NONE',  ( -0.3096449070851289842, 0.1309918475817540007, -0.6755416606113010536 ) ) ;
#3682 = ADVANCED_FACE ( 'NONE', ( #1568 ), #3058, .T. ) ;
#3683 = EDGE_CURVE ( 'NONE', #2097, #1844, #18, .T. ) ;
#3684 = EDGE_LOOP ( 'NONE', ( #2826, #3415, #383, #919 ) ) ;
#3685 =( BOUNDED_CURVE ( )  B_SPLINE_CURVE ( 2, ( #1157, #299, #259 ),
 .UNSPECIFIED., .F., .F. ) 
 B_SPLINE_CURVE_WITH_KNOTS ( ( 3, 3 ),
 ( 0.0000000000000000000, 0.2356194490192370095 ),
 .UNSPECIFIED. ) 
 CURVE ( )  GEOMETRIC_REPRESENTATION_ITEM ( )  RATIONAL_B_SPLINE_CURVE ( ( 1.000000000000000000, 0.7071067811865430208, 1.000000000000000000 ) ) 
 REPRESENTATION_ITEM ( '' )  );
#3686 = CARTESIAN_POINT ( 'NONE',  ( -1.507588616707379758, -1.507588616457249842, -0.8995416606114789992 ) ) ;
#3687 = FACE_OUTER_BOUND ( 'NONE', #2470, .T. ) ;
#3688 = EDGE_CURVE ( 'NONE', #3481, #1910, #2613, .T. ) ;
#3689 = ORIENTED_EDGE ( 'NONE', *, *, #1743, .T. ) ;
#3690 = CARTESIAN_POINT ( 'NONE',  ( -0.02255498554389336746, 0.3519659969975660885, 0.8704583393886989873 ) ) ;
#3691 = CARTESIAN_POINT ( 'NONE',  ( 1.274038533470460033, 0.3989999999999939706, -0.003948154439976309452 ) ) ;
#3692 = EDGE_LOOP ( 'NONE', ( #694, #1723, #55, #1858 ) ) ;
#3693 = CARTESIAN_POINT ( 'NONE',  ( 1.506898976102296173, -1.543186988640334878, -0.8995416610959863224 ) ) ;
#3694 = DIRECTION ( 'NONE',  ( -0.9986295347545741663, 3.828505946489289816E-16, 0.05233595624293971293 ) ) ;
#3695 = CARTESIAN_POINT ( 'NONE',  ( 2.935708499559380513, 0.8048823529411700539, 0.1777603974200540060 ) ) ;
#3696 = ORIENTED_EDGE ( 'NONE', *, *, #2052, .T. ) ;
#3697 = AXIS2_PLACEMENT_3D ( 'NONE', #3644, #1337, #2170 ) ;
#3698 = CARTESIAN_POINT ( 'NONE',  ( 1.395205804274596950, 1.235205804274823294, -0.8495416606112877744 ) ) ;
#3699 = CARTESIAN_POINT ( 'NONE',  ( 1.527878619773975100, -1.577859690179975072, 0.8218340601549090074 ) ) ;
#3700 = CARTESIAN_POINT ( 'NONE',  ( 2.951121866803800398, -0.3989999999999939706, -0.003948154439976309452 ) ) ;
#3701 =( NAMED_UNIT ( * ) PLANE_ANGLE_UNIT ( ) SI_UNIT ( $, .RADIAN. ) );
#3702 = VERTEX_POINT ( 'NONE', #3654 ) ;
#3703 = STYLED_ITEM ( 'NONE', ( #14 ), #3167 ) ;
#3704 = ADVANCED_FACE ( 'NONE', ( #2765 ), #2442, .T. ) ;
#3705 = CARTESIAN_POINT ( 'NONE',  ( -1.264515591790740023, 1.098999999999999977, 0.1777603974200540060 ) ) ;
#3706 = CARTESIAN_POINT ( 'NONE',  ( 1.527878619773975100, -1.577859690179975072, 0.8218340601549090074 ) ) ;
#3707 = DIRECTION ( 'NONE',  ( 0.7071067811865470176, 0.7071067811865480168, -6.133173666733501483E-17 ) ) ;
#3708 =( BOUNDED_CURVE ( )  B_SPLINE_CURVE ( 2, ( #2502, #1941, #1720 ),
 .UNSPECIFIED., .F., .T. ) 
 B_SPLINE_CURVE_WITH_KNOTS ( ( 3, 3 ),
 ( -0.2356194490192370095, 0.0000000000000000000 ),
 .UNSPECIFIED. ) 
 CURVE ( )  GEOMETRIC_REPRESENTATION_ITEM ( )  RATIONAL_B_SPLINE_CURVE ( ( 1.000000000000000000, 0.7071067811865430208, 1.000000000000000000 ) ) 
 REPRESENTATION_ITEM ( '' )  );
#3709 = ORIENTED_EDGE ( 'NONE', *, *, #3146, .F. ) ;
#3710 = EDGE_CURVE ( 'NONE', #438, #1776, #3621, .T. ) ;
#3711 = B_SPLINE_CURVE_WITH_KNOTS ( 'NONE', 3,
 ( #107, #2764, #1831, #2482 ),
 .UNSPECIFIED., .F., .F.,
 ( 4, 4 ),
 ( 0.0000000000000000000, 1.000000000000000000 ),
 .UNSPECIFIED. ) ;
#3712 = CARTESIAN_POINT ( 'NONE',  ( 1.261828496021739854, 0.5280800628543149688, -0.6115416606113011078 ) ) ;
#3713 = EDGE_CURVE ( 'NONE', #2288, #1140, #3483, .T. ) ;
#3714 = CARTESIAN_POINT ( 'NONE',  ( 1.517770602220990028, 1.567711054117240099, -0.6435416606127359884 ) ) ;
#3715 = ORIENTED_EDGE ( 'NONE', *, *, #1484, .T. ) ;
#3716 = CARTESIAN_POINT ( 'NONE',  ( 1.599999995416805154, 1.550039235149549999, 0.01745824772352990231 ) ) ;
#3717 = CARTESIAN_POINT ( 'NONE',  ( 1.567361270612706692, 1.546187757450305122, -0.6435416606113011362 ) ) ;
#3718 = CARTESIAN_POINT ( 'NONE',  ( 2.853242541653670195, 0.8872352941176400165, 0.1777603974200540060 ) ) ;
#3719 = B_SPLINE_CURVE_WITH_KNOTS ( 'NONE', 1,
 ( #1712, #781 ),
 .UNSPECIFIED., .F., .F.,
 ( 2, 2 ),
 ( -0.2000000000000000111, 2.775557561562891351E-17 ),
 .UNSPECIFIED. ) ;
#3720 = VERTEX_POINT ( 'NONE', #3013 ) ;
#3721 = ORIENTED_EDGE ( 'NONE', *, *, #1268, .T. ) ;
#3722 = FACE_OUTER_BOUND ( 'NONE', #2393, .T. ) ;
#3723 = CARTESIAN_POINT ( 'NONE',  ( -0.1837393038846752980, 0.3140638700706538944, 0.7872583393886987135 ) ) ;
#3724 = PRESENTATION_STYLE_ASSIGNMENT (( #2869 ) ) ;
#3725 = EDGE_LOOP ( 'NONE', ( #1448, #958, #1165, #2754 ) ) ;
#3726 = PLANE ( 'NONE',  #860 ) ;
#3727 = DIRECTION ( 'NONE',  ( 0.0000000000000000000, -1.000000000000000000, -2.126058325987415287E-14 ) ) ;
#3728 = CARTESIAN_POINT ( 'NONE',  ( -0.1816449070851290093, 0.7144464410663780018, -0.6755416606113010536 ) ) ;
#3729 = EDGE_CURVE ( 'NONE', #1427, #961, #1045, .T. ) ;
#3730 = B_SPLINE_CURVE_WITH_KNOTS ( 'NONE', 1,
 ( #2115, #1210 ),
 .UNSPECIFIED., .F., .F.,
 ( 2, 2 ),
 ( -0.05000000000000000278, 6.938893903907228378E-18 ),
 .UNSPECIFIED. ) ;
#3731 = ORIENTED_EDGE ( 'NONE', *, *, #336, .F. ) ;
#3732 = CARTESIAN_POINT ( 'NONE',  ( -0.2661823382702733221, 0.2315678836693941256, 0.8704583393886989873 ) ) ;
#3733 = UNCERTAINTY_MEASURE_WITH_UNIT (LENGTH_MEASURE( 1.000000000000000082E-05 ), #875, 'distance_accuracy_value', 'NONE');
#3734 = EDGE_CURVE ( 'NONE', #3605, #2253, #394, .T. ) ;
#3735 = VERTEX_POINT ( 'NONE', #3609 ) ;
#3736 = CARTESIAN_POINT ( 'NONE',  ( 1.507588617151748300, -1.543644258346009712, -0.8995416610976564309 ) ) ;
#3737 = PRODUCT_DEFINITION_FORMATION_WITH_SPECIFIED_SOURCE ( 'ANY', '', #396, .NOT_KNOWN. ) ;
#3738 = CARTESIAN_POINT ( 'NONE',  ( 1.274038533470460033, 0.3989999999999939706, -0.003948154439976309452 ) ) ;
#3739 = CARTESIAN_POINT ( 'NONE',  ( 1.527878619838055174, -1.527878619798149984, 0.8704583393883430498 ) ) ;
#3740 = ORIENTED_EDGE ( 'NONE', *, *, #2927, .T. ) ;
#3741 = CARTESIAN_POINT ( 'NONE',  ( 1.536141132243091345, -1.548596575924576335, -0.8532653203178992563 ) ) ;
#3742 = DIRECTION ( 'NONE',  ( 0.0000000000000000000, 0.0000000000000000000, 1.000000000000000000 ) ) ;
#3743 = CARTESIAN_POINT ( 'NONE',  ( -1.274038533470460033, 0.3989999999999939706, -0.003948154439976199297 ) ) ;
#3744 = AXIS2_PLACEMENT_3D ( 'NONE', #1921, #3180, #752 ) ;
#3745 = ORIENTED_EDGE ( 'NONE', *, *, #2574, .T. ) ;
#3746 = CARTESIAN_POINT ( 'NONE',  ( -0.2306039785175890144, 0.5280800628543149688, -0.6115416606113011078 ) ) ;
#3747 = CARTESIAN_POINT ( 'NONE',  ( -1.585843017574723124, -1.535902565529856378, -0.2723549427502102160 ) ) ;
#3748 = FILL_AREA_STYLE_COLOUR ( '', #2403 ) ;
#3749 = ORIENTED_EDGE ( 'NONE', *, *, #3414, .T. ) ;
#3750 = CARTESIAN_POINT ( 'NONE',  ( 1.261828496021739854, 1.350400521521350150, -0.6115416606113011078 ) ) ;
#3751 = ORIENTED_EDGE ( 'NONE', *, *, #844, .T. ) ;
#3752 = ADVANCED_FACE ( 'NONE', ( #2419 ), #2500, .T. ) ;
#3753 = CARTESIAN_POINT ( 'NONE',  ( -1.527878619833199947, -1.527878619833199947, 0.8704583393890320542 ) ) ;
#3754 = FACE_OUTER_BOUND ( 'NONE', #342, .T. ) ;
#3755 = CARTESIAN_POINT ( 'NONE',  ( 2.941598925124079944, 0.7990000000000000435, 0.1777603974200540060 ) ) ;
#3756 = VERTEX_POINT ( 'NONE', #3714 ) ;
#3757 = EDGE_CURVE ( 'NONE', #1127, #845, #3175, .T. ) ;
#3758 = ORIENTED_EDGE ( 'NONE', *, *, #772, .F. ) ;
#3759 = B_SPLINE_CURVE_WITH_KNOTS ( 'NONE', 1,
 ( #2076, #658 ),
 .UNSPECIFIED., .F., .F.,
 ( 2, 2 ),
 ( -0.2000000000000000111, 2.775557561562891351E-17 ),
 .UNSPECIFIED. ) ;
#3760 = CARTESIAN_POINT ( 'NONE',  ( 1.554036041946838420, -1.577839887939817887, 0.8225534938571947841 ) ) ;
#3761 = CARTESIAN_POINT ( 'NONE',  ( 0.02122562956174139925, -0.08768359317491850047, -0.5795416606113010793 ) ) ;
#3762 = STYLED_ITEM ( 'NONE', ( #1809 ), #3167 ) ;
#3763 = EDGE_LOOP ( 'NONE', ( #2962, #1593, #3622, #3516 ) ) ;
#3764 = CARTESIAN_POINT ( 'NONE',  ( -1.563208022238618433, -1.577859690213099686, 0.8218340602279441409 ) ) ;
#3765 = CARTESIAN_POINT ( 'NONE',  ( 0.7334583205238240922, -0.4663931160698699951, -0.6115416606113011078 ) ) ;
#3766 = B_SPLINE_CURVE_WITH_KNOTS ( 'NONE', 1,
 ( #2919, #2105 ),
 .UNSPECIFIED., .F., .F.,
 ( 2, 2 ),
 ( -0.05000000000000000278, 6.938893903907228378E-18 ),
 .UNSPECIFIED. ) ;
#3767 = STYLED_ITEM ( 'NONE', ( #1472 ), #3167 ) ;
#3768 = PLANE ( 'NONE',  #3634 ) ;
#3769 = B_SPLINE_CURVE_WITH_KNOTS ( 'NONE', 1,
 ( #1842, #56 ),
 .UNSPECIFIED., .F., .F.,
 ( 2, 2 ),
 ( -0.2339458956822389746, 0.0000000000000000000 ),
 .UNSPECIFIED. ) ;
#3770 = VERTEX_POINT ( 'NONE', #3377 ) ;
#3771 = CARTESIAN_POINT ( 'NONE',  ( 0.6679664639465859866, -0.1013795830118039837, -0.6115416606113011078 ) ) ;
#3772 = PLANE ( 'NONE',  #1356 ) ;
#3773 = DIRECTION ( 'NONE',  ( 1.000000000000000000, 0.0000000000000000000, 0.0000000000000000000 ) ) ;
#3774 = EDGE_CURVE ( 'NONE', #1997, #3590, #2799, .T. ) ;
#3775 = ORIENTED_EDGE ( 'NONE', *, *, #556, .F. ) ;
#3776 = CARTESIAN_POINT ( 'NONE',  ( -1.274038533470460033, 1.098999999999999977, -0.003948154439976540170 ) ) ;
#3777 = CARTESIAN_POINT ( 'NONE',  ( 1.527878619773975100, -1.577859690179975072, 0.8218340601549090074 ) ) ;
#3778 = SURFACE_SIDE_STYLE ('',( #2251 ) ) ;
#3779 = EDGE_CURVE ( 'NONE', #2303, #2163, #68, .T. ) ;
#3780 = ORIENTED_EDGE ( 'NONE', *, *, #34, .F. ) ;
#3781 = ORIENTED_EDGE ( 'NONE', *, *, #2906, .F. ) ;
#3782 = ADVANCED_FACE ( 'NONE', ( #443 ), #1624, .T. ) ;
#3783 = CARTESIAN_POINT ( 'NONE',  ( -1.563363816872509915, -1.553480575035209865, 0.7962645245407380390 ) ) ;
#3784 = CARTESIAN_POINT ( 'NONE',  ( 0.8294583205238239554, 0.4320800628543149946, -0.5955416606113009825 ) ) ;
#3785 = CARTESIAN_POINT ( 'NONE',  ( -1.600000000000000089, 1.600000000000000089, 0.01745833938869869803 ) ) ;
#3786 = VERTEX_POINT ( 'NONE', #746 ) ;
#3787 = CARTESIAN_POINT ( 'NONE',  ( -1.528824077170159779, 1.528824077170159779, -0.4148220071142950105 ) ) ;
#3788 = EDGE_LOOP ( 'NONE', ( #439, #3103, #555, #1607 ) ) ;
#3789 = CARTESIAN_POINT ( 'NONE',  ( 0.3437618273246583200, -0.08777195610439660067, 0.8704583393886990983 ) ) ;
#3790 = CARTESIAN_POINT ( 'NONE',  ( 0.09061483364182111588, 0.2824640832897150067, -0.6115416606113011078 ) ) ;
#3791 = CARTESIAN_POINT ( 'NONE',  ( 5.495323605393209756E-16, 0.0000000000000000000, 0.8288583393886989059 ) ) ;
#3792 = ORIENTED_EDGE ( 'NONE', *, *, #2191, .T. ) ;
#3793 = CARTESIAN_POINT ( 'NONE',  ( -1.264515591790740023, -1.098999999999999977, 0.1777603974200540060 ) ) ;
#3794 = CARTESIAN_POINT ( 'NONE',  ( -0.3519999999999996465, 0.09215338450529994563, 0.7872583393886988246 ) ) ;
#3795 = B_SPLINE_CURVE_WITH_KNOTS ( 'NONE', 1,
 ( #2320, #1429 ),
 .UNSPECIFIED., .F., .F.,
 ( 2, 2 ),
 ( 0.0000000000000000000, 0.9000000000000000222 ),
 .UNSPECIFIED. ) ;
#3796 = ORIENTED_EDGE ( 'NONE', *, *, #3279, .F. ) ;
#3797 = EDGE_CURVE ( 'NONE', #1378, #836, #2983, .T. ) ;
#3798 = CARTESIAN_POINT ( 'NONE',  ( -1.585239793857348145, -1.535258723415670046, 0.5537088055453019964 ) ) ;
#3799 = CARTESIAN_POINT ( 'NONE',  ( 1.035083782897908700, 0.3358634131471752160, -0.5799999999999999600 ) ) ;
#3800 = SURFACE_STYLE_FILL_AREA ( #1152 ) ;
#3801 = ORIENTED_EDGE ( 'NONE', *, *, #647, .T. ) ;
#3802 = AXIS2_PLACEMENT_3D ( 'NONE', #2825, #3460, #168 ) ;
#3803 = CARTESIAN_POINT ( 'NONE',  ( 0.7334583205238240922, 0.4320800628543140509, -0.5795416606113010793 ) ) ;
#3804 = EDGE_CURVE ( 'NONE', #2593, #3735, #3673, .T. ) ;
#3805 = B_SPLINE_CURVE_WITH_KNOTS ( 'NONE', 1,
 ( #3040, #3676 ),
 .UNSPECIFIED., .F., .F.,
 ( 2, 2 ),
 ( -1.379999999999999893, 0.0000000000000000000 ),
 .UNSPECIFIED. ) ;
#3806 = ORIENTED_EDGE ( 'NONE', *, *, #1108, .F. ) ;
#3807 = CARTESIAN_POINT ( 'NONE',  ( 0.7334583205238240922, 0.4320800628543140509, -0.6115416606113011078 ) ) ;
#3808 = CARTESIAN_POINT ( 'NONE',  ( 1.087999999998700007, 8.882771449811039523E-17, -0.5799999999993989963 ) ) ;
#3809 = VERTEX_POINT ( 'NONE', #2223 ) ;
#3810 = B_SPLINE_CURVE_WITH_KNOTS ( 'NONE', 1,
 ( #2567, #3454 ),
 .UNSPECIFIED., .F., .F.,
 ( 2, 2 ),
 ( -0.9021119223511939733, 0.0000000000000000000 ),
 .UNSPECIFIED. ) ;
#3811 = CARTESIAN_POINT ( 'NONE',  ( 0.1172256295617419841, -0.3412604950904100098, -0.6115416606113011078 ) ) ;
#3812 = CARTESIAN_POINT ( 'NONE',  ( -1.574257459774907053, -1.528187959146188213, 0.8402220292615192321 ) ) ;
#3813 = FILL_AREA_STYLE_COLOUR ( '', #2537 ) ;
#3814 = SURFACE_STYLE_USAGE ( .BOTH. , #1821 ) ;
#3815 = FACE_OUTER_BOUND ( 'NONE', #1075, .T. ) ;
#3816 = CARTESIAN_POINT ( 'NONE',  ( 1.018546133428735567, 0.3829901664694971841, -0.5800000000000000711 ) ) ;
#3817 = APPLICATION_PROTOCOL_DEFINITION ( 'draft international standard', 'automotive_design', 1998, #622 ) ;
#3818 = ORIENTED_EDGE ( 'NONE', *, *, #1147, .T. ) ;
#3819 = ADVANCED_FACE ( 'NONE', ( #423 ), #1917, .T. ) ;
#3820 = AXIS2_PLACEMENT_3D ( 'NONE', #2706, #3521, #2967 ) ;
#3821 = B_SPLINE_CURVE_WITH_KNOTS ( 'NONE', 1,
 ( #3109, #160 ),
 .UNSPECIFIED., .F., .F.,
 ( 2, 2 ),
 ( -1.132804083730799993, 0.0000000000000000000 ),
 .UNSPECIFIED. ) ;
#3822 = CARTESIAN_POINT ( 'NONE',  ( 0.8294583205238239554, 0.5280800628543149688, -0.6115416606113011078 ) ) ;
#3823 = DIRECTION ( 'NONE',  ( -0.02750400640817549439, 0.02750400640817659420, -0.9992432432911408924 ) ) ;
#3824 = AXIS2_PLACEMENT_3D ( 'NONE', #3503, #1750, #3151 ) ;
#3825 = ADVANCED_FACE ( 'NONE', ( #3672 ), #3096, .T. ) ;
#3826 = MECHANICAL_DESIGN_GEOMETRIC_PRESENTATION_REPRESENTATION (  '', ( #734 ), #2705 ) ;
#3827 = ORIENTED_EDGE ( 'NONE', *, *, #2380, .T. ) ;
#3828 = EDGE_CURVE ( 'NONE', #3605, #792, #2101, .T. ) ;
#3829 = EDGE_LOOP ( 'NONE', ( #952, #2534, #363, #2636 ) ) ;
#3830 = CARTESIAN_POINT ( 'NONE',  ( -0.3363285201402976266, -0.1068246561556050189, 0.8704583393886990983 ) ) ;
#3831 = CARTESIAN_POINT ( 'NONE',  ( 2.941598925124079944, -1.098999999999999977, 0.1777603974200540060 ) ) ;
#3832 = CARTESIAN_POINT ( 'NONE',  ( 0.8225413195678766831, -0.7160703412169417970, -0.5799999999999999600 ) ) ;
#3833 = ORIENTED_EDGE ( 'NONE', *, *, #748, .T. ) ;
#3834 =( BOUNDED_CURVE ( )  B_SPLINE_CURVE ( 2, ( #3739, #2265, #1982 ),
 .UNSPECIFIED., .F., .F. ) 
 B_SPLINE_CURVE_WITH_KNOTS ( ( 3, 3 ),
 ( 0.0000000000000000000, 1.000000000000000000 ),
 .UNSPECIFIED. ) 
 CURVE ( )  GEOMETRIC_REPRESENTATION_ITEM ( )  RATIONAL_B_SPLINE_CURVE ( ( 1.000000000000000000, 0.7167685875924559857, 1.000000000000000000 ) ) 
 REPRESENTATION_ITEM ( '' )  );
#3835 = CARTESIAN_POINT ( 'NONE',  ( -1.577859690180070107, 1.527878619774075020, 0.8218340601549309898 ) ) ;
#3836 = CARTESIAN_POINT ( 'NONE',  ( 1.528137613467521305, -1.569325527981911161, 0.8486098317741546104 ) ) ;
#3837 = CARTESIAN_POINT ( 'NONE',  ( 1.408046146095539575, -1.408046146095539575, -1.112646234352169250 ) ) ;
#3838 = CARTESIAN_POINT ( 'NONE',  ( 1.264515591790740023, 1.098999999999999977, 0.1777603974200540060 ) ) ;
#3839 = CARTESIAN_POINT ( 'NONE',  ( 1.555205804271920123, 1.555205804274729875, -0.8995416606113010305 ) ) ;
#3840 = VERTEX_POINT ( 'NONE', #2821 ) ;
#3841 = PLANE ( 'NONE',  #357 ) ;
#3842 = FACE_OUTER_BOUND ( 'NONE', #3563, .T. ) ;
ENDSEC;
END-ISO-10303-21;
