#include <stdint.h>

/*
 * Bitmap font generated by tool font generate glyphs.
 * The shared glyph_t type is intentionally unprefixed; deduplicate it if multiple fonts are generated.
 *
 * Use ostrich_sans_rounded_ascii_map[(uint8_t)c] to find an index into ostrich_sans_rounded_glyphs.
 * A map value of -1 means the character is not present.
 * Each glyph's bitmap starts at ostrich_sans_rounded_bitmap[glyph.data_offset].
 * The glyph row stride is (glyph.width + 7) / 8 bytes.
 * Bits are MSB-first: the leftmost pixel in a byte is bit 7.
 * Pixel values are 0 = white/background and 1 = black/foreground.
 * Render at dst_x = cursor_x + glyph.x_offset and dst_y = baseline_y + glyph.y_offset.
 * Advance cursor_x by glyph.x_advance after rendering.
 */

typedef struct {
	char character;
	uint16_t width;
	uint16_t height;
	int16_t x_offset;
	int16_t y_offset;
	uint16_t x_advance;
	uint32_t data_offset;
} glyph_t;

const uint16_t ostrich_sans_rounded_line_height = 100;
const int16_t ostrich_sans_rounded_ascent = 96;
const int16_t ostrich_sans_rounded_descent = 4;
const uint16_t ostrich_sans_rounded_glyph_count = 38;

const int16_t ostrich_sans_rounded_ascii_map[128] = {
	-1, -1, -1, -1, -1, -1, -1, -1,
	-1, -1, -1, -1, -1, -1, -1, -1,
	-1, -1, -1, -1, -1, -1, -1, -1,
	-1, -1, -1, -1, -1, -1, -1, -1,
	37, -1, -1, 36, -1, -1, -1, -1,
	-1, -1, -1, -1, -1, -1, -1, -1,
	26, 27, 28, 29, 30, 31, 32, 33,
	34, 35, -1, -1, -1, -1, -1, -1,
	-1, 0, 1, 2, 3, 4, 5, 6,
	7, 8, 9, 10, 11, 12, 13, 14,
	15, 16, 17, 18, 19, 20, 21, 22,
	23, 24, 25, -1, -1, -1, -1, -1,
	-1, -1, -1, -1, -1, -1, -1, -1,
	-1, -1, -1, -1, -1, -1, -1, -1,
	-1, -1, -1, -1, -1, -1, -1, -1,
	-1, -1, -1, -1, -1, -1, -1, -1,
};

const glyph_t ostrich_sans_rounded_glyphs[] = {
	{'A', 47, 96, 2, -96, 56, 0},
	{'B', 37, 96, 2, -96, 48, 576},
	{'C', 41, 96, 2, -96, 49, 1056},
	{'D', 39, 96, 2, -96, 50, 1632},
	{'E', 35, 96, 2, -96, 45, 2112},
	{'F', 34, 96, 3, -96, 44, 2592},
	{'G', 41, 96, 1, -96, 50, 3072},
	{'H', 38, 96, 2, -96, 49, 3648},
	{'I', 4, 96, 3, -96, 15, 4128},
	{'J', 38, 96, 0, -96, 46, 4224},
	{'K', 44, 96, 1, -96, 52, 4704},
	{'L', 37, 96, 1, -96, 42, 5280},
	{'M', 57, 96, 1, -96, 68, 5760},
	{'N', 42, 96, 2, -96, 52, 6528},
	{'O', 41, 96, 2, -96, 50, 7104},
	{'P', 40, 96, 2, -96, 49, 7680},
	{'Q', 42, 100, 1, -96, 50, 8160},
	{'R', 40, 96, 2, -96, 50, 8760},
	{'S', 41, 96, 2, -96, 50, 9240},
	{'T', 50, 96, -2, -96, 54, 9816},
	{'U', 38, 96, 2, -96, 50, 10488},
	{'V', 50, 96, 1, -96, 57, 10968},
	{'W', 86, 96, 1, -96, 93, 11640},
	{'X', 48, 96, 1, -96, 56, 12696},
	{'Y', 55, 96, 1, -96, 60, 13272},
	{'Z', 48, 96, 1, -96, 58, 13944},
	{'0', 41, 96, 2, -96, 51, 14520},
	{'1', 18, 96, 1, -96, 28, 15096},
	{'2', 36, 96, 3, -96, 46, 15384},
	{'3', 36, 96, 2, -96, 43, 15864},
	{'4', 39, 96, 1, -96, 46, 16344},
	{'5', 36, 96, 2, -96, 44, 16824},
	{'6', 36, 96, 1, -96, 45, 17304},
	{'7', 48, 96, 1, -96, 54, 17784},
	{'8', 39, 96, 2, -96, 48, 18360},
	{'9', 36, 96, 1, -96, 44, 18840},
	{'#', 73, 96, -3, -96, 78, 19320},
	{' ', 0, 0, 0, 0, 30, 20280},
};

const uint8_t ostrich_sans_rounded_bitmap[] = {
	0x00, 0x00, 0x03, 0x80, 0x00, 0x00, 0x00, 0x00, 0x07, 0x80, 0x00, 0x00,
	0x00, 0x00, 0x07, 0xc0, 0x00, 0x00, 0x00, 0x00, 0x07, 0xc0, 0x00, 0x00,
	0x00, 0x00, 0x0f, 0xc0, 0x00, 0x00, 0x00, 0x00, 0x0f, 0xc0, 0x00, 0x00,
	0x00, 0x00, 0x0f, 0xe0, 0x00, 0x00, 0x00, 0x00, 0x0f, 0xe0, 0x00, 0x00,
	0x00, 0x00, 0x0f, 0xe0, 0x00, 0x00, 0x00, 0x00, 0x1f, 0xe0, 0x00, 0x00,
	0x00, 0x00, 0x1f, 0xf0, 0x00, 0x00, 0x00, 0x00, 0x1f, 0xf0, 0x00, 0x00,
	0x00, 0x00, 0x1f, 0xf0, 0x00, 0x00, 0x00, 0x00, 0x3e, 0xf0, 0x00, 0x00,
	0x00, 0x00, 0x3e, 0xf8, 0x00, 0x00, 0x00, 0x00, 0x3c, 0xf8, 0x00, 0x00,
	0x00, 0x00, 0x3c, 0xf8, 0x00, 0x00, 0x00, 0x00, 0x7c, 0x78, 0x00, 0x00,
	0x00, 0x00, 0x7c, 0x78, 0x00, 0x00, 0x00, 0x00, 0x78, 0x7c, 0x00, 0x00,
	0x00, 0x00, 0x78, 0x7c, 0x00, 0x00, 0x00, 0x00, 0x78, 0x7c, 0x00, 0x00,
	0x00, 0x00, 0xf8, 0x3c, 0x00, 0x00, 0x00, 0x00, 0xf8, 0x3e, 0x00, 0x00,
	0x00, 0x00, 0xf0, 0x3e, 0x00, 0x00, 0x00, 0x00, 0xf0, 0x3e, 0x00, 0x00,
	0x00, 0x01, 0xf0, 0x1e, 0x00, 0x00, 0x00, 0x01, 0xf0, 0x1f, 0x00, 0x00,
	0x00, 0x01, 0xe0, 0x1f, 0x00, 0x00, 0x00, 0x01, 0xe0, 0x1f, 0x00, 0x00,
	0x00, 0x03, 0xe0, 0x0f, 0x00, 0x00, 0x00, 0x03, 0xe0, 0x0f, 0x00, 0x00,
	0x00, 0x03, 0xe0, 0x0f, 0x80, 0x00, 0x00, 0x03, 0xc0, 0x0f, 0x80, 0x00,
	0x00, 0x03, 0xc0, 0x0f, 0x80, 0x00, 0x00, 0x07, 0xc0, 0x07, 0x80, 0x00,
	0x00, 0x07, 0xc0, 0x07, 0xc0, 0x00, 0x00, 0x07, 0x80, 0x07, 0xc0, 0x00,
	0x00, 0x07, 0x80, 0x07, 0xc0, 0x00, 0x00, 0x0f, 0x80, 0x03, 0xc0, 0x00,
	0x00, 0x0f, 0x80, 0x03, 0xe0, 0x00, 0x00, 0x0f, 0x00, 0x03, 0xe0, 0x00,
	0x00, 0x0f, 0x00, 0x03, 0xe0, 0x00, 0x00, 0x1f, 0x00, 0x01, 0xe0, 0x00,
	0x00, 0x1f, 0x00, 0x01, 0xe0, 0x00, 0x00, 0x1f, 0x00, 0x01, 0xf0, 0x00,
	0x00, 0x1e, 0x00, 0x01, 0xf0, 0x00, 0x00, 0x3e, 0x00, 0x00, 0xf0, 0x00,
	0x00, 0x3e, 0x00, 0x00, 0xf0, 0x00, 0x00, 0x3e, 0x00, 0x00, 0xf8, 0x00,
	0x00, 0x3c, 0x00, 0x00, 0xf8, 0x00, 0x00, 0x3c, 0x00, 0x00, 0xf8, 0x00,
	0x00, 0x7c, 0x00, 0x00, 0x78, 0x00, 0x00, 0x7c, 0x00, 0x00, 0x7c, 0x00,
	0x00, 0x78, 0x00, 0x00, 0x7c, 0x00, 0x00, 0x78, 0x00, 0x00, 0x7c, 0x00,
	0x00, 0xf8, 0x00, 0x00, 0x3c, 0x00, 0x00, 0xf8, 0x00, 0x00, 0x3c, 0x00,
	0x00, 0xf8, 0x00, 0x00, 0x3e, 0x00, 0x00, 0xf0, 0x00, 0x00, 0x3e, 0x00,
	0x01, 0xf0, 0x00, 0x00, 0x1e, 0x00, 0x01, 0xf0, 0x00, 0x00, 0x1e, 0x00,
	0x01, 0xff, 0xff, 0xff, 0xff, 0x00, 0x01, 0xff, 0xff, 0xff, 0xff, 0x00,
	0x01, 0xff, 0xff, 0xff, 0xff, 0x00, 0x03, 0xff, 0xff, 0xff, 0xff, 0x00,
	0x03, 0xe0, 0x00, 0x00, 0x0f, 0x80, 0x03, 0xc0, 0x00, 0x00, 0x0f, 0x80,
	0x03, 0xc0, 0x00, 0x00, 0x0f, 0x80, 0x07, 0xc0, 0x00, 0x00, 0x07, 0x80,
	0x07, 0xc0, 0x00, 0x00, 0x07, 0x80, 0x07, 0xc0, 0x00, 0x00, 0x07, 0xc0,
	0x07, 0x80, 0x00, 0x00, 0x07, 0xc0, 0x0f, 0x80, 0x00, 0x00, 0x03, 0xc0,
	0x0f, 0x80, 0x00, 0x00, 0x03, 0xc0, 0x0f, 0x80, 0x00, 0x00, 0x03, 0xe0,
	0x0f, 0x00, 0x00, 0x00, 0x03, 0xe0, 0x0f, 0x00, 0x00, 0x00, 0x03, 0xe0,
	0x1f, 0x00, 0x00, 0x00, 0x01, 0xe0, 0x1f, 0x00, 0x00, 0x00, 0x01, 0xf0,
	0x1e, 0x00, 0x00, 0x00, 0x01, 0xf0, 0x1e, 0x00, 0x00, 0x00, 0x01, 0xf0,
	0x3e, 0x00, 0x00, 0x00, 0x00, 0xf0, 0x3e, 0x00, 0x00, 0x00, 0x00, 0xf8,
	0x3e, 0x00, 0x00, 0x00, 0x00, 0xf8, 0x3c, 0x00, 0x00, 0x00, 0x00, 0xf8,
	0x7c, 0x00, 0x00, 0x00, 0x00, 0x78, 0x7c, 0x00, 0x00, 0x00, 0x00, 0x78,
	0x7c, 0x00, 0x00, 0x00, 0x00, 0x7c, 0x78, 0x00, 0x00, 0x00, 0x00, 0x7c,
	0x78, 0x00, 0x00, 0x00, 0x00, 0x7c, 0xf8, 0x00, 0x00, 0x00, 0x00, 0x3c,
	0xf8, 0x00, 0x00, 0x00, 0x00, 0x3e, 0xf0, 0x00, 0x00, 0x00, 0x00, 0x3e,
	0xf0, 0x00, 0x00, 0x00, 0x00, 0x1e, 0x60, 0x00, 0x00, 0x00, 0x00, 0x1c,
	0xff, 0xff, 0xfc, 0x00, 0x00, 0xff, 0xff, 0xff, 0x80, 0x00, 0xff, 0xff,
	0xff, 0xe0, 0x00, 0xff, 0xff, 0xff, 0xf8, 0x00, 0xf0, 0x00, 0x0f, 0xfc,
	0x00, 0xf0, 0x00, 0x01, 0xfe, 0x00, 0xf0, 0x00, 0x00, 0x3f, 0x00, 0xf0,
	0x00, 0x00, 0x1f, 0x80, 0xf0, 0x00, 0x00, 0x0f, 0x80, 0xf0, 0x00, 0x00,
	0x07, 0xc0, 0xf0, 0x00, 0x00, 0x07, 0xc0, 0xf0, 0x00, 0x00, 0x03, 0xe0,
	0xf0, 0x00, 0x00, 0x03, 0xe0, 0xf0, 0x00, 0x00, 0x01, 0xe0, 0xf0, 0x00,
	0x00, 0x01, 0xf0, 0xf0, 0x00, 0x00, 0x01, 0xf0, 0xf0, 0x00, 0x00, 0x00,
	0xf0, 0xf0, 0x00, 0x00, 0x00, 0xf0, 0xf0, 0x00, 0x00, 0x00, 0xf0, 0xf0,
	0x00, 0x00, 0x00, 0xf8, 0xf0, 0x00, 0x00, 0x00, 0xf8, 0xf0, 0x00, 0x00,
	0x00, 0xf8, 0xf0, 0x00, 0x00, 0x00, 0xf8, 0xf0, 0x00, 0x00, 0x00, 0xf8,
	0xf0, 0x00, 0x00, 0x00, 0xf8, 0xf0, 0x00, 0x00, 0x00, 0xf8, 0xf0, 0x00,
	0x00, 0x00, 0xf8, 0xf0, 0x00, 0x00, 0x00, 0xf8, 0xf0, 0x00, 0x00, 0x00,
	0xf8, 0xf0, 0x00, 0x00, 0x00, 0xf8, 0xf0, 0x00, 0x00, 0x00, 0xf8, 0xf0,
	0x00, 0x00, 0x00, 0xf0, 0xf0, 0x00, 0x00, 0x00, 0xf0, 0xf0, 0x00, 0x00,
	0x01, 0xf0, 0xf0, 0x00, 0x00, 0x01, 0xf0, 0xf0, 0x00, 0x00, 0x01, 0xf0,
	0xf0, 0x00, 0x00, 0x01, 0xe0, 0xf0, 0x00, 0x00, 0x03, 0xe0, 0xf0, 0x00,
	0x00, 0x03, 0xe0, 0xf0, 0x00, 0x00, 0x07, 0xc0, 0xf0, 0x00, 0x00, 0x0f,
	0xc0, 0xf0, 0x00, 0x00, 0x0f, 0x80, 0xf0, 0x00, 0x00, 0x3f, 0x80, 0xf0,
	0x00, 0x00, 0x7f, 0x00, 0xf0, 0x00, 0x01, 0xfe, 0x00, 0xf0, 0x00, 0x3f,
	0xfc, 0x00, 0xff, 0xff, 0xff, 0xf8, 0x00, 0xff, 0xff, 0xff, 0xe0, 0x00,
	0xff, 0xff, 0xff, 0xf0, 0x00, 0xff, 0xff, 0xff, 0xf8, 0x00, 0xf0, 0x00,
	0x07, 0xfc, 0x00, 0xf0, 0x00, 0x00, 0xfe, 0x00, 0xf0, 0x00, 0x00, 0x3f,
	0x00, 0xf0, 0x00, 0x00, 0x1f, 0x80, 0xf0, 0x00, 0x00, 0x0f, 0x80, 0xf0,
	0x00, 0x00, 0x07, 0xc0, 0xf0, 0x00, 0x00, 0x07, 0xc0, 0xf0, 0x00, 0x00,
	0x03, 0xe0, 0xf0, 0x00, 0x00, 0x03, 0xe0, 0xf0, 0x00, 0x00, 0x01, 0xe0,
	0xf0, 0x00, 0x00, 0x01, 0xf0, 0xf0, 0x00, 0x00, 0x01, 0xf0, 0xf0, 0x00,
	0x00, 0x00, 0xf0, 0xf0, 0x00, 0x00, 0x00, 0xf0, 0xf0, 0x00, 0x00, 0x00,
	0xf0, 0xf0, 0x00, 0x00, 0x00, 0xf8, 0xf0, 0x00, 0x00, 0x00, 0xf8, 0xf0,
	0x00, 0x00, 0x00, 0xf8, 0xf0, 0x00, 0x00, 0x00, 0xf8, 0xf0, 0x00, 0x00,
	0x00, 0xf8, 0xf0, 0x00, 0x00, 0x00, 0xf8, 0xf0, 0x00, 0x00, 0x00, 0xf8,
	0xf0, 0x00, 0x00, 0x00, 0xf8, 0xf0, 0x00, 0x00, 0x00, 0xf8, 0xf0, 0x00,
	0x00, 0x00, 0xf8, 0xf0, 0x00, 0x00, 0x00, 0xf8, 0xf0, 0x00, 0x00, 0x00,
	0xf8, 0xf0, 0x00, 0x00, 0x00, 0xf0, 0xf0, 0x00, 0x00, 0x00, 0xf0, 0xf0,
	0x00, 0x00, 0x00, 0xf0, 0xf0, 0x00, 0x00, 0x01, 0xf0, 0xf0, 0x00, 0x00,
	0x01, 0xf0, 0xf0, 0x00, 0x00, 0x01, 0xe0, 0xf0, 0x00, 0x00, 0x03, 0xe0,
	0xf0, 0x00, 0x00, 0x03, 0xe0, 0xf0, 0x00, 0x00, 0x07, 0xc0, 0xf0, 0x00,
	0x00, 0x07, 0xc0, 0xf0, 0x00, 0x00, 0x0f, 0x80, 0xf0, 0x00, 0x00, 0x1f,
	0x80, 0xf0, 0x00, 0x00, 0x7f, 0x00, 0xf0, 0x00, 0x01, 0xfe, 0x00, 0xf0,
	0x00, 0x3f, 0xfc, 0x00, 0xff, 0xff, 0xff, 0xf8, 0x00, 0xff, 0xff, 0xff,
	0xe0, 0x00, 0xff, 0xff, 0xff, 0x80, 0x00, 0xff, 0xff, 0xf8, 0x00, 0x00,
	0x00, 0x03, 0xff, 0xc0, 0x00, 0x00, 0x00, 0x1f, 0xff, 0xfc, 0x00, 0x00,
	0x00, 0x7f, 0xff, 0xfe, 0x00, 0x00, 0x00, 0xff, 0xff, 0xff, 0x80, 0x00,
	0x01, 0xff, 0x80, 0xff, 0xc0, 0x00, 0x03, 0xf8, 0x00, 0x1f, 0xe0, 0x00,
	0x07, 0xe0, 0x00, 0x07, 0xf0, 0x00, 0x0f, 0xc0, 0x00, 0x01, 0xf8, 0x00,
	0x1f, 0x80, 0x00, 0x00, 0xf8, 0x00, 0x1f, 0x00, 0x00, 0x00, 0xfc, 0x00,
	0x3f, 0x00, 0x00, 0x00, 0x7c, 0x00, 0x3e, 0x00, 0x00, 0x00, 0x3e, 0x00,
	0x3c, 0x00, 0x00, 0x00, 0x3e, 0x00, 0x7c, 0x00, 0x00, 0x00, 0x1e, 0x00,
	0x7c, 0x00, 0x00, 0x00, 0x1f, 0x00, 0x78, 0x00, 0x00, 0x00, 0x1f, 0x00,
	0x78, 0x00, 0x00, 0x00, 0x1f, 0x00, 0xf8, 0x00, 0x00, 0x00, 0x0f, 0x00,
	0xf8, 0x00, 0x00, 0x00, 0x0f, 0x00, 0xf8, 0x00, 0x00, 0x00, 0x0f, 0x80,
	0xf0, 0x00, 0x00, 0x00, 0x0f, 0x80, 0xf0, 0x00, 0x00, 0x00, 0x0f, 0x80,
	0xf0, 0x00, 0x00, 0x00, 0x0f, 0x80, 0xf0, 0x00, 0x00, 0x00, 0x0f, 0x80,
	0xf0, 0x00, 0x00, 0x00, 0x0f, 0x80, 0xf0, 0x00, 0x00, 0x00, 0x0f, 0x80,
	0xf0, 0x00, 0x00, 0x00, 0x07, 0x80, 0xf0, 0x00, 0x00, 0x00, 0x00, 0x00,
	0xf0, 0x00, 0x00, 0x00, 0x00, 0x00, 0xf0, 0x00, 0x00, 0x00, 0x00, 0x00,
	0xf0, 0x00, 0x00, 0x00, 0x00, 0x00, 0xf0, 0x00, 0x00, 0x00, 0x00, 0x00,
	0xf0, 0x00, 0x00, 0x00, 0x00, 0x00, 0xf0, 0x00, 0x00, 0x00, 0x00, 0x00,
	0xf0, 0x00, 0x00, 0x00, 0x00, 0x00, 0xf0, 0x00, 0x00, 0x00, 0x00, 0x00,
	0xf0, 0x00, 0x00, 0x00, 0x00, 0x00, 0xf0, 0x00, 0x00, 0x00, 0x00, 0x00,
	0xf0, 0x00, 0x00, 0x00, 0x00, 0x00, 0xf0, 0x00, 0x00, 0x00, 0x00, 0x00,
	0xf0, 0x00, 0x00, 0x00, 0x00, 0x00, 0xf0, 0x00, 0x00, 0x00, 0x00, 0x00,
	0xf0, 0x00, 0x00, 0x00, 0x00, 0x00, 0xf0, 0x00, 0x00, 0x00, 0x00, 0x00,
	0xf0, 0x00, 0x00, 0x00, 0x00, 0x00, 0xf0, 0x00, 0x00, 0x00, 0x00, 0x00,
	0xf0, 0x00, 0x00, 0x00, 0x00, 0x00, 0xf0, 0x00, 0x00, 0x00, 0x00, 0x00,
	0xf0, 0x00, 0x00, 0x00, 0x00, 0x00, 0xf0, 0x00, 0x00, 0x00, 0x00, 0x00,
	0xf0, 0x00, 0x00, 0x00, 0x00, 0x00, 0xf0, 0x00, 0x00, 0x00, 0x00, 0x00,
	0xf0, 0x00, 0x00, 0x00, 0x00, 0x00, 0xf0, 0x00, 0x00, 0x00, 0x00, 0x00,
	0xf0, 0x00, 0x00, 0x00, 0x00, 0x00, 0xf0, 0x00, 0x00, 0x00, 0x00, 0x00,
	0xf0, 0x00, 0x00, 0x00, 0x00, 0x00, 0xf0, 0x00, 0x00, 0x00, 0x00, 0x00,
	0xf0, 0x00, 0x00, 0x00, 0x00, 0x00, 0xf0, 0x00, 0x00, 0x00, 0x00, 0x00,
	0xf0, 0x00, 0x00, 0x00, 0x00, 0x00, 0xf0, 0x00, 0x00, 0x00, 0x00, 0x00,
	0xf0, 0x00, 0x00, 0x00, 0x00, 0x00, 0xf0, 0x00, 0x00, 0x00, 0x00, 0x00,
	0xf0, 0x00, 0x00, 0x00, 0x00, 0x00, 0xf0, 0x00, 0x00, 0x00, 0x00, 0x00,
	0xf0, 0x00, 0x00, 0x00, 0x00, 0x00, 0xf0, 0x00, 0x00, 0x00, 0x00, 0x00,
	0xf0, 0x00, 0x00, 0x00, 0x07, 0x00, 0xf0, 0x00, 0x00, 0x00, 0x07, 0x80,
	0xf0, 0x00, 0x00, 0x00, 0x0f, 0x80, 0xf0, 0x00, 0x00, 0x00, 0x0f, 0x80,
	0xf0, 0x00, 0x00, 0x00, 0x0f, 0x80, 0xf0, 0x00, 0x00, 0x00, 0x0f, 0x80,
	0xf0, 0x00, 0x00, 0x00, 0x0f, 0x80, 0xf8, 0x00, 0x00, 0x00, 0x0f, 0x80,
	0xf8, 0x00, 0x00, 0x00, 0x0f, 0x80, 0xf8, 0x00, 0x00, 0x00, 0x0f, 0x00,
	0xf8, 0x00, 0x00, 0x00, 0x0f, 0x00, 0x78, 0x00, 0x00, 0x00, 0x1f, 0x00,
	0x78, 0x00, 0x00, 0x00, 0x1f, 0x00, 0x7c, 0x00, 0x00, 0x00, 0x1f, 0x00,
	0x7c, 0x00, 0x00, 0x00, 0x3e, 0x00, 0x3e, 0x00, 0x00, 0x00, 0x3e, 0x00,
	0x3e, 0x00, 0x00, 0x00, 0x7e, 0x00, 0x1f, 0x00, 0x00, 0x00, 0x7c, 0x00,
	0x1f, 0x00, 0x00, 0x00, 0xfc, 0x00, 0x0f, 0x80, 0x00, 0x01, 0xf8, 0x00,
	0x0f, 0xc0, 0x00, 0x03, 0xf0, 0x00, 0x07, 0xf0, 0x00, 0x07, 0xf0, 0x00,
	0x03, 0xfc, 0x00, 0x1f, 0xe0, 0x00, 0x01, 0xff, 0xc1, 0xff, 0xc0, 0x00,
	0x00, 0xff, 0xff, 0xff, 0x80, 0x00, 0x00, 0x3f, 0xff, 0xfe, 0x00, 0x00,
	0x00, 0x0f, 0xff, 0xf8, 0x00, 0x00, 0x00, 0x01, 0xff, 0x80, 0x00, 0x00,
	0xff, 0xff, 0xfe, 0x00, 0x00, 0xff, 0xff, 0xff, 0xc0, 0x00, 0xff, 0xff,
	0xff, 0xf8, 0x00, 0xff, 0xff, 0xff, 0xfc, 0x00, 0xf0, 0x00, 0x07, 0xfe,
	0x00, 0xf0, 0x00, 0x00, 0xff, 0x80, 0xf0, 0x00, 0x00, 0x1f, 0x80, 0xf0,
	0x00, 0x00, 0x0f, 0xc0, 0xf0, 0x00, 0x00, 0x07, 0xe0, 0xf0, 0x00, 0x00,
	0x03, 0xf0, 0xf0, 0x00, 0x00, 0x01, 0xf0, 0xf0, 0x00, 0x00, 0x01, 0xf0,
	0xf0, 0x00, 0x00, 0x00, 0xf8, 0xf0, 0x00, 0x00, 0x00, 0xf8, 0xf0, 0x00,
	0x00, 0x00, 0x7c, 0xf0, 0x00, 0x00, 0x00, 0x7c, 0xf0, 0x00, 0x00, 0x00,
	0x7c, 0xf0, 0x00, 0x00, 0x00, 0x3c, 0xf0, 0x00, 0x00, 0x00, 0x3c, 0xf0,
	0x00, 0x00, 0x00, 0x3e, 0xf0, 0x00, 0x00, 0x00, 0x3e, 0xf0, 0x00, 0x00,
	0x00, 0x3e, 0xf0, 0x00, 0x00, 0x00, 0x3e, 0xf0, 0x00, 0x00, 0x00, 0x3e,
	0xf0, 0x00, 0x00, 0x00, 0x3e, 0xf0, 0x00, 0x00, 0x00, 0x3e, 0xf0, 0x00,
	0x00, 0x00, 0x3e, 0xf0, 0x00, 0x00, 0x00, 0x3e, 0xf0, 0x00, 0x00, 0x00,
	0x3e, 0xf0, 0x00, 0x00, 0x00, 0x3e, 0xf0, 0x00, 0x00, 0x00, 0x3e, 0xf0,
	0x00, 0x00, 0x00, 0x3e, 0xf0, 0x00, 0x00, 0x00, 0x3e, 0xf0, 0x00, 0x00,
	0x00, 0x3e, 0xf0, 0x00, 0x00, 0x00, 0x3e, 0xf0, 0x00, 0x00, 0x00, 0x3e,
	0xf0, 0x00, 0x00, 0x00, 0x3e, 0xf0, 0x00, 0x00, 0x00, 0x3e, 0xf0, 0x00,
	0x00, 0x00, 0x3e, 0xf0, 0x00, 0x00, 0x00, 0x3e, 0xf0, 0x00, 0x00, 0x00,
	0x3e, 0xf0, 0x00, 0x00, 0x00, 0x3e, 0xf0, 0x00, 0x00, 0x00, 0x3e, 0xf0,
	0x00, 0x00, 0x00, 0x3e, 0xf0, 0x00, 0x00, 0x00, 0x3e, 0xf0, 0x00, 0x00,
	0x00, 0x3e, 0xf0, 0x00, 0x00, 0x00, 0x3e, 0xf0, 0x00, 0x00, 0x00, 0x3e,
	0xf0, 0x00, 0x00, 0x00, 0x3e, 0xf0, 0x00, 0x00, 0x00, 0x3e, 0xf0, 0x00,
	0x00, 0x00, 0x3e, 0xf0, 0x00, 0x00, 0x00, 0x3e, 0xf0, 0x00, 0x00, 0x00,
	0x3e, 0xf0, 0x00, 0x00, 0x00, 0x3e, 0xf0, 0x00, 0x00, 0x00, 0x3e, 0xf0,
	0x00, 0x00, 0x00, 0x3e, 0xf0, 0x00, 0x00, 0x00, 0x3e, 0xf0, 0x00, 0x00,
	0x00, 0x3e, 0xf0, 0x00, 0x00, 0x00, 0x3e, 0xf0, 0x00, 0x00, 0x00, 0x3e,
	0xf0, 0x00, 0x00, 0x00, 0x3e, 0xf0, 0x00, 0x00, 0x00, 0x3e, 0xf0, 0x00,
	0x00, 0x00, 0x3e, 0xf0, 0x00, 0x00, 0x00, 0x3e, 0xf0, 0x00, 0x00, 0x00,
	0x3e, 0xf0, 0x00, 0x00, 0x00, 0x3e, 0xf0, 0x00, 0x00, 0x00, 0x3e, 0xf0,
	0x00, 0x00, 0x00, 0x3e, 0xf0, 0x00, 0x00, 0x00, 0x3e, 0xf0, 0x00, 0x00,
	0x00, 0x3e, 0xf0, 0x00, 0x00, 0x00, 0x3e, 0xf0, 0x00, 0x00, 0x00, 0x3e,
	0xf0, 0x00, 0x00, 0x00, 0x3e, 0xf0, 0x00, 0x00, 0x00, 0x3e, 0xf0, 0x00,
	0x00, 0x00, 0x3e, 0xf0, 0x00, 0x00, 0x00, 0x3e, 0xf0, 0x00, 0x00, 0x00,
	0x3c, 0xf0, 0x00, 0x00, 0x00, 0x3c, 0xf0, 0x00, 0x00, 0x00, 0x7c, 0xf0,
	0x00, 0x00, 0x00, 0x7c, 0xf0, 0x00, 0x00, 0x00, 0x7c, 0xf0, 0x00, 0x00,
	0x00, 0x7c, 0xf0, 0x00, 0x00, 0x00, 0xf8, 0xf0, 0x00, 0x00, 0x00, 0xf8,
	0xf0, 0x00, 0x00, 0x01, 0xf0, 0xf0, 0x00, 0x00, 0x01, 0xf0, 0xf0, 0x00,
	0x00, 0x03, 0xe0, 0xf0, 0x00, 0x00, 0x07, 0xe0, 0xf0, 0x00, 0x00, 0x0f,
	0xc0, 0xf0, 0x00, 0x00, 0x3f, 0x80, 0xf0, 0x00, 0x00, 0xff, 0x00, 0xf0,
	0x00, 0x1f, 0xfe, 0x00, 0xff, 0xff, 0xff, 0xfc, 0x00, 0xff, 0xff, 0xff,
	0xf0, 0x00, 0xff, 0xff, 0xff, 0xc0, 0x00, 0xff, 0xff, 0xfc, 0x00, 0x00,
	0xff, 0xff, 0xff, 0xff, 0xc0, 0xff, 0xff, 0xff, 0xff, 0xe0, 0xff, 0xff,
	0xff, 0xff, 0xe0, 0xff, 0xff, 0xff, 0xff, 0xc0, 0xf0, 0x00, 0x00, 0x00,
	0x00, 0xf0, 0x00, 0x00, 0x00, 0x00, 0xf0, 0x00, 0x00, 0x00, 0x00, 0xf0,
	0x00, 0x00, 0x00, 0x00, 0xf0, 0x00, 0x00, 0x00, 0x00, 0xf0, 0x00, 0x00,
	0x00, 0x00, 0xf0, 0x00, 0x00, 0x00, 0x00, 0xf0, 0x00, 0x00, 0x00, 0x00,
	0xf0, 0x00, 0x00, 0x00, 0x00, 0xf0, 0x00, 0x00, 0x00, 0x00, 0xf0, 0x00,
	0x00, 0x00, 0x00, 0xf0, 0x00, 0x00, 0x00, 0x00, 0xf0, 0x00, 0x00, 0x00,
	0x00, 0xf0, 0x00, 0x00, 0x00, 0x00, 0xf0, 0x00, 0x00, 0x00, 0x00, 0xf0,
	0x00, 0x00, 0x00, 0x00, 0xf0, 0x00, 0x00, 0x00, 0x00, 0xf0, 0x00, 0x00,
	0x00, 0x00, 0xf0, 0x00, 0x00, 0x00, 0x00, 0xf0, 0x00, 0x00, 0x00, 0x00,
	0xf0, 0x00, 0x00, 0x00, 0x00, 0xf0, 0x00, 0x00, 0x00, 0x00, 0xf0, 0x00,
	0x00, 0x00, 0x00, 0xf0, 0x00, 0x00, 0x00, 0x00, 0xf0, 0x00, 0x00, 0x00,
	0x00, 0xf0, 0x00, 0x00, 0x00, 0x00, 0xf0, 0x00, 0x00, 0x00, 0x00, 0xf0,
	0x00, 0x00, 0x00, 0x00, 0xf0, 0x00, 0x00, 0x00, 0x00, 0xf0, 0x00, 0x00,
	0x00, 0x00, 0xf0, 0x00, 0x00, 0x00, 0x00, 0xf0, 0x00, 0x00, 0x00, 0x00,
	0xf0, 0x00, 0x00, 0x00, 0x00, 0xf0, 0x00, 0x00, 0x00, 0x00, 0xf0, 0x00,
	0x00, 0x00, 0x00, 0xf0, 0x00, 0x00, 0x00, 0x00, 0xf0, 0x00, 0x00, 0x00,
	0x00, 0xf0, 0x00, 0x00, 0x00, 0x00, 0xf0, 0x00, 0x00, 0x00, 0x00, 0xf0,
	0x00, 0x00, 0x00, 0x00, 0xf0, 0x00, 0x00, 0x00, 0x00, 0xf0, 0x00, 0x00,
	0x00, 0x00, 0xff, 0xff, 0xff, 0xff, 0xe0, 0xff, 0xff, 0xff, 0xff, 0xe0,
	0xff, 0xff, 0xff, 0xff, 0xe0, 0xff, 0xff, 0xff, 0xff, 0xc0, 0xf0, 0x00,
	0x00, 0x00, 0x00, 0xf0, 0x00, 0x00, 0x00, 0x00, 0xf0, 0x00, 0x00, 0x00,
	0x00, 0xf0, 0x00, 0x00, 0x00, 0x00, 0xf0, 0x00, 0x00, 0x00, 0x00, 0xf0,
	0x00, 0x00, 0x00, 0x00, 0xf0, 0x00, 0x00, 0x00, 0x00, 0xf0, 0x00, 0x00,
	0x00, 0x00, 0xf0, 0x00, 0x00, 0x00, 0x00, 0xf0, 0x00, 0x00, 0x00, 0x00,
	0xf0, 0x00, 0x00, 0x00, 0x00, 0xf0, 0x00, 0x00, 0x00, 0x00, 0xf0, 0x00,
	0x00, 0x00, 0x00, 0xf0, 0x00, 0x00, 0x00, 0x00, 0xf0, 0x00, 0x00, 0x00,
	0x00, 0xf0, 0x00, 0x00, 0x00, 0x00, 0xf0, 0x00, 0x00, 0x00, 0x00, 0xf0,
	0x00, 0x00, 0x00, 0x00, 0xf0, 0x00, 0x00, 0x00, 0x00, 0xf0, 0x00, 0x00,
	0x00, 0x00, 0xf0, 0x00, 0x00, 0x00, 0x00, 0xf0, 0x00, 0x00, 0x00, 0x00,
	0xf0, 0x00, 0x00, 0x00, 0x00, 0xf0, 0x00, 0x00, 0x00, 0x00, 0xf0, 0x00,
	0x00, 0x00, 0x00, 0xf0, 0x00, 0x00, 0x00, 0x00, 0xf0, 0x00, 0x00, 0x00,
	0x00, 0xf0, 0x00, 0x00, 0x00, 0x00, 0xf0, 0x00, 0x00, 0x00, 0x00, 0xf0,
	0x00, 0x00, 0x00, 0x00, 0xf0, 0x00, 0x00, 0x00, 0x00, 0xf0, 0x00, 0x00,
	0x00, 0x00, 0xf0, 0x00, 0x00, 0x00, 0x00, 0xf0, 0x00, 0x00, 0x00, 0x00,
	0xf0, 0x00, 0x00, 0x00, 0x00, 0xf0, 0x00, 0x00, 0x00, 0x00, 0xf0, 0x00,
	0x00, 0x00, 0x00, 0xf0, 0x00, 0x00, 0x00, 0x00, 0xf0, 0x00, 0x00, 0x00,
	0x00, 0xf0, 0x00, 0x00, 0x00, 0x00, 0xf0, 0x00, 0x00, 0x00, 0x00, 0xf0,
	0x00, 0x00, 0x00, 0x00, 0xff, 0xff, 0xff, 0xff, 0xc0, 0xff, 0xff, 0xff,
	0xff, 0xe0, 0xff, 0xff, 0xff, 0xff, 0xe0, 0x7f, 0xff, 0xff, 0xff, 0xc0,
	0xff, 0xff, 0xff, 0xff, 0x80, 0xff, 0xff, 0xff, 0xff, 0xc0, 0xff, 0xff,
	0xff, 0xff, 0xc0, 0xff, 0xff, 0xff, 0xff, 0x80, 0xf0, 0x00, 0x00, 0x00,
	0x00, 0xf0, 0x00, 0x00, 0x00, 0x00, 0xf0, 0x00, 0x00, 0x00, 0x00, 0xf0,
	0x00, 0x00, 0x00, 0x00, 0xf0, 0x00, 0x00, 0x00, 0x00, 0xf0, 0x00, 0x00,
	0x00, 0x00, 0xf0, 0x00, 0x00, 0x00, 0x00, 0xf0, 0x00, 0x00, 0x00, 0x00,
	0xf0, 0x00, 0x00, 0x00, 0x00, 0xf0, 0x00, 0x00, 0x00, 0x00, 0xf0, 0x00,
	0x00, 0x00, 0x00, 0xf0, 0x00, 0x00, 0x00, 0x00, 0xf0, 0x00, 0x00, 0x00,
	0x00, 0xf0, 0x00, 0x00, 0x00, 0x00, 0xf0, 0x00, 0x00, 0x00, 0x00, 0xf0,
	0x00, 0x00, 0x00, 0x00, 0xf0, 0x00, 0x00, 0x00, 0x00, 0xf0, 0x00, 0x00,
	0x00, 0x00, 0xf0, 0x00, 0x00, 0x00, 0x00, 0xf0, 0x00, 0x00, 0x00, 0x00,
	0xf0, 0x00, 0x00, 0x00, 0x00, 0xf0, 0x00, 0x00, 0x00, 0x00, 0xf0, 0x00,
	0x00, 0x00, 0x00, 0xf0, 0x00, 0x00, 0x00, 0x00, 0xf0, 0x00, 0x00, 0x00,
	0x00, 0xf0, 0x00, 0x00, 0x00, 0x00, 0xf0, 0x00, 0x00, 0x00, 0x00, 0xf0,
	0x00, 0x00, 0x00, 0x00, 0xf0, 0x00, 0x00, 0x00, 0x00, 0xf0, 0x00, 0x00,
	0x00, 0x00, 0xf0, 0x00, 0x00, 0x00, 0x00, 0xf0, 0x00, 0x00, 0x00, 0x00,
	0xf0, 0x00, 0x00, 0x00, 0x00, 0xf0, 0x00, 0x00, 0x00, 0x00, 0xf0, 0x00,
	0x00, 0x00, 0x00, 0xf0, 0x00, 0x00, 0x00, 0x00, 0xf0, 0x00, 0x00, 0x00,
	0x00, 0xf0, 0x00, 0x00, 0x00, 0x00, 0xf0, 0x00, 0x00, 0x00, 0x00, 0xf0,
	0x00, 0x00, 0x00, 0x00, 0xf0, 0x00, 0x00, 0x00, 0x00, 0xf0, 0x00, 0x00,
	0x00, 0x00, 0xff, 0xff, 0xff, 0xff, 0xc0, 0xff, 0xff, 0xff, 0xff, 0xc0,
	0xff, 0xff, 0xff, 0xff, 0xc0, 0xff, 0xff, 0xff, 0xff, 0x80, 0xf0, 0x00,
	0x00, 0x00, 0x00, 0xf0, 0x00, 0x00, 0x00, 0x00, 0xf0, 0x00, 0x00, 0x00,
	0x00, 0xf0, 0x00, 0x00, 0x00, 0x00, 0xf0, 0x00, 0x00, 0x00, 0x00, 0xf0,
	0x00, 0x00, 0x00, 0x00, 0xf0, 0x00, 0x00, 0x00, 0x00, 0xf0, 0x00, 0x00,
	0x00, 0x00, 0xf0, 0x00, 0x00, 0x00, 0x00, 0xf0, 0x00, 0x00, 0x00, 0x00,
	0xf0, 0x00, 0x00, 0x00, 0x00, 0xf0, 0x00, 0x00, 0x00, 0x00, 0xf0, 0x00,
	0x00, 0x00, 0x00, 0xf0, 0x00, 0x00, 0x00, 0x00, 0xf0, 0x00, 0x00, 0x00,
	0x00, 0xf0, 0x00, 0x00, 0x00, 0x00, 0xf0, 0x00, 0x00, 0x00, 0x00, 0xf0,
	0x00, 0x00, 0x00, 0x00, 0xf0, 0x00, 0x00, 0x00, 0x00, 0xf0, 0x00, 0x00,
	0x00, 0x00, 0xf0, 0x00, 0x00, 0x00, 0x00, 0xf0, 0x00, 0x00, 0x00, 0x00,
	0xf0, 0x00, 0x00, 0x00, 0x00, 0xf0, 0x00, 0x00, 0x00, 0x00, 0xf0, 0x00,
	0x00, 0x00, 0x00, 0xf0, 0x00, 0x00, 0x00, 0x00, 0xf0, 0x00, 0x00, 0x00,
	0x00, 0xf0, 0x00, 0x00, 0x00, 0x00, 0xf0, 0x00, 0x00, 0x00, 0x00, 0xf0,
	0x00, 0x00, 0x00, 0x00, 0xf0, 0x00, 0x00, 0x00, 0x00, 0xf0, 0x00, 0x00,
	0x00, 0x00, 0xf0, 0x00, 0x00, 0x00, 0x00, 0xf0, 0x00, 0x00, 0x00, 0x00,
	0xf0, 0x00, 0x00, 0x00, 0x00, 0xf0, 0x00, 0x00, 0x00, 0x00, 0xf0, 0x00,
	0x00, 0x00, 0x00, 0xf0, 0x00, 0x00, 0x00, 0x00, 0xf0, 0x00, 0x00, 0x00,
	0x00, 0xf0, 0x00, 0x00, 0x00, 0x00, 0xf0, 0x00, 0x00, 0x00, 0x00, 0xf0,
	0x00, 0x00, 0x00, 0x00, 0xf0, 0x00, 0x00, 0x00, 0x00, 0xf0, 0x00, 0x00,
	0x00, 0x00, 0xf0, 0x00, 0x00, 0x00, 0x00, 0xe0, 0x00, 0x00, 0x00, 0x00,
	0x00, 0x03, 0xff, 0xc0, 0x00, 0x00, 0x00, 0x1f, 0xff, 0xfc, 0x00, 0x00,
	0x00, 0x7f, 0xff, 0xff, 0x00, 0x00, 0x00, 0xff, 0xff, 0xff, 0x80, 0x00,
	0x01, 0xff, 0x80, 0xff, 0xc0, 0x00, 0x03, 0xf8, 0x00, 0x0f, 0xe0, 0x00,
	0x07, 0xe0, 0x00, 0x07, 0xf0, 0x00, 0x0f, 0xc0, 0x00, 0x01, 0xf8, 0x00,
	0x1f, 0x80, 0x00, 0x00, 0xf8, 0x00, 0x1f, 0x00, 0x00, 0x00, 0x7c, 0x00,
	0x3e, 0x00, 0x00, 0x00, 0x7c, 0x00, 0x3e, 0x00, 0x00, 0x00, 0x3e, 0x00,
	0x3c, 0x00, 0x00, 0x00, 0x3e, 0x00, 0x7c, 0x00, 0x00, 0x00, 0x1f, 0x00,
	0x7c, 0x00, 0x00, 0x00, 0x1f, 0x00, 0x78, 0x00, 0x00, 0x00, 0x1f, 0x00,
	0x78, 0x00, 0x00, 0x00, 0x0f, 0x00, 0xf8, 0x00, 0x00, 0x00, 0x0f, 0x00,
	0xf8, 0x00, 0x00, 0x00, 0x0f, 0x80, 0xf0, 0x00, 0x00, 0x00, 0x0f, 0x80,
	0xf0, 0x00, 0x00, 0x00, 0x0f, 0x80, 0xf0, 0x00, 0x00, 0x00, 0x0f, 0x80,
	0xf0, 0x00, 0x00, 0x00, 0x0f, 0x80, 0xf0, 0x00, 0x00, 0x00, 0x0f, 0x80,
	0xf0, 0x00, 0x00, 0x00, 0x0f, 0x80, 0xf0, 0x00, 0x00, 0x00, 0x0f, 0x80,
	0xf0, 0x00, 0x00, 0x00, 0x07, 0x80, 0xf0, 0x00, 0x00, 0x00, 0x00, 0x00,
	0xf0, 0x00, 0x00, 0x00, 0x00, 0x00, 0xf0, 0x00, 0x00, 0x00, 0x00, 0x00,
	0xf0, 0x00, 0x00, 0x00, 0x00, 0x00, 0xf0, 0x00, 0x00, 0x00, 0x00, 0x00,
	0xf0, 0x00, 0x00, 0x00, 0x00, 0x00, 0xf0, 0x00, 0x00, 0x00, 0x00, 0x00,
	0xf0, 0x00, 0x00, 0x00, 0x00, 0x00, 0xf0, 0x00, 0x00, 0x00, 0x00, 0x00,
	0xf0, 0x00, 0x00, 0x00, 0x00, 0x00, 0xf0, 0x00, 0x00, 0x00, 0x00, 0x00,
	0xf0, 0x00, 0x00, 0x00, 0x00, 0x00, 0xf0, 0x00, 0x00, 0x00, 0x00, 0x00,
	0xf0, 0x00, 0x00, 0x00, 0x00, 0x00, 0xf0, 0x00, 0x00, 0x00, 0x00, 0x00,
	0xf0, 0x00, 0x00, 0x00, 0x00, 0x00, 0xf0, 0x00, 0x00, 0x00, 0x00, 0x00,
	0xf0, 0x00, 0x00, 0x00, 0x00, 0x00, 0xf0, 0x00, 0x00, 0x00, 0x00, 0x00,
	0xf0, 0x00, 0x00, 0x00, 0x00, 0x00, 0xf0, 0x00, 0x00, 0x00, 0x00, 0x00,
	0xf0, 0x00, 0x00, 0x00, 0x00, 0x00, 0xf0, 0x00, 0x00, 0x00, 0x00, 0x00,
	0xf0, 0x00, 0x00, 0x00, 0x00, 0x00, 0xf0, 0x00, 0x00, 0x00, 0x00, 0x00,
	0xf0, 0x00, 0x00, 0x00, 0x00, 0x00, 0xf0, 0x00, 0x3f, 0xff, 0xfe, 0x00,
	0xf0, 0x00, 0xff, 0xff, 0xff, 0x80, 0xf0, 0x00, 0xff, 0xff, 0xff, 0x80,
	0xf0, 0x00, 0xff, 0xff, 0xff, 0x80, 0xf0, 0x00, 0xff, 0xff, 0xff, 0x80,
	0xf0, 0x00, 0x00, 0x00, 0x0f, 0x80, 0xf0, 0x00, 0x00, 0x00, 0x0f, 0x80,
	0xf0, 0x00, 0x00, 0x00, 0x0f, 0x80, 0xf0, 0x00, 0x00, 0x00, 0x0f, 0x80,
	0xf0, 0x00, 0x00, 0x00, 0x0f, 0x80, 0xf0, 0x00, 0x00, 0x00, 0x0f, 0x80,
	0xf0, 0x00, 0x00, 0x00, 0x0f, 0x80, 0xf0, 0x00, 0x00, 0x00, 0x0f, 0x80,
	0xf0, 0x00, 0x00, 0x00, 0x0f, 0x80, 0xf0, 0x00, 0x00, 0x00, 0x0f, 0x80,
	0xf0, 0x00, 0x00, 0x00, 0x0f, 0x80, 0xf0, 0x00, 0x00, 0x00, 0x0f, 0x80,
	0xf0, 0x00, 0x00, 0x00, 0x0f, 0x80, 0xf0, 0x00, 0x00, 0x00, 0x0f, 0x80,
	0xf0, 0x00, 0x00, 0x00, 0x0f, 0x80, 0xf0, 0x00, 0x00, 0x00, 0x0f, 0x80,
	0xf0, 0x00, 0x00, 0x00, 0x0f, 0x80, 0xf0, 0x00, 0x00, 0x00, 0x0f, 0x80,
	0xf8, 0x00, 0x00, 0x00, 0x0f, 0x80, 0xf8, 0x00, 0x00, 0x00, 0x0f, 0x00,
	0xf8, 0x00, 0x00, 0x00, 0x0f, 0x00, 0x78, 0x00, 0x00, 0x00, 0x0f, 0x00,
	0x78, 0x00, 0x00, 0x00, 0x1f, 0x00, 0x7c, 0x00, 0x00, 0x00, 0x1f, 0x00,
	0x7c, 0x00, 0x00, 0x00, 0x1e, 0x00, 0x3c, 0x00, 0x00, 0x00, 0x3e, 0x00,
	0x3e, 0x00, 0x00, 0x00, 0x3e, 0x00, 0x1f, 0x00, 0x00, 0x00, 0x7c, 0x00,
	0x1f, 0x00, 0x00, 0x00, 0xfc, 0x00, 0x0f, 0x80, 0x00, 0x00, 0xf8, 0x00,
	0x0f, 0xc0, 0x00, 0x03, 0xf8, 0x00, 0x07, 0xf0, 0x00, 0x07, 0xf0, 0x00,
	0x03, 0xfc, 0x00, 0x1f, 0xe0, 0x00, 0x01, 0xff, 0xc1, 0xff, 0xc0, 0x00,
	0x00, 0xff, 0xff, 0xff, 0x80, 0x00, 0x00, 0x3f, 0xff, 0xfe, 0x00, 0x00,
	0x00, 0x0f, 0xff, 0xf8, 0x00, 0x00, 0x00, 0x01, 0xff, 0x80, 0x00, 0x00,
	0xf0, 0x00, 0x00, 0x00, 0x38, 0xf0, 0x00, 0x00, 0x00, 0x3c, 0xf0, 0x00,
	0x00, 0x00, 0x7c, 0xf0, 0x00, 0x00, 0x00, 0x7c, 0xf0, 0x00, 0x00, 0x00,
	0x7c, 0xf0, 0x00, 0x00, 0x00, 0x7c, 0xf0, 0x00, 0x00, 0x00, 0x7c, 0xf0,
	0x00, 0x00, 0x00, 0x7c, 0xf0, 0x00, 0x00, 0x00, 0x7c, 0xf0, 0x00, 0x00,
	0x00, 0x7c, 0xf0, 0x00, 0x00, 0x00, 0x7c, 0xf0, 0x00, 0x00, 0x00, 0x7c,
	0xf0, 0x00, 0x00, 0x00, 0x7c, 0xf0, 0x00, 0x00, 0x00, 0x7c, 0xf0, 0x00,
	0x00, 0x00, 0x7c, 0xf0, 0x00, 0x00, 0x00, 0x7c, 0xf0, 0x00, 0x00, 0x00,
	0x7c, 0xf0, 0x00, 0x00, 0x00, 0x7c, 0xf0, 0x00, 0x00, 0x00, 0x7c, 0xf0,
	0x00, 0x00, 0x00, 0x7c, 0xf0, 0x00, 0x00, 0x00, 0x7c, 0xf0, 0x00, 0x00,
	0x00, 0x7c, 0xf0, 0x00, 0x00, 0x00, 0x7c, 0xf0, 0x00, 0x00, 0x00, 0x7c,
	0xf0, 0x00, 0x00, 0x00, 0x7c, 0xf0, 0x00, 0x00, 0x00, 0x7c, 0xf0, 0x00,
	0x00, 0x00, 0x7c, 0xf0, 0x00, 0x00, 0x00, 0x7c, 0xf0, 0x00, 0x00, 0x00,
	0x7c, 0xf0, 0x00, 0x00, 0x00, 0x7c, 0xf0, 0x00, 0x00, 0x00, 0x7c, 0xf0,
	0x00, 0x00, 0x00, 0x7c, 0xf0, 0x00, 0x00, 0x00, 0x7c, 0xf0, 0x00, 0x00,
	0x00, 0x7c, 0xf0, 0x00, 0x00, 0x00, 0x7c, 0xf0, 0x00, 0x00, 0x00, 0x7c,
	0xf0, 0x00, 0x00, 0x00, 0x7c, 0xf0, 0x00, 0x00, 0x00, 0x7c, 0xf0, 0x00,
	0x00, 0x00, 0x7c, 0xf0, 0x00, 0x00, 0x00, 0x7c, 0xf0, 0x00, 0x00, 0x00,
	0x7c, 0xf0, 0x00, 0x00, 0x00, 0x7c, 0xf0, 0x00, 0x00, 0x00, 0x7c, 0xf0,
	0x00, 0x00, 0x00, 0x7c, 0xf0, 0x00, 0x00, 0x00, 0x7c, 0xf0, 0x00, 0x00,
	0x00, 0x7c, 0xff, 0xff, 0xff, 0xff, 0xfc, 0xff, 0xff, 0xff, 0xff, 0xfc,
	0xff, 0xff, 0xff, 0xff, 0xfc, 0xff, 0xff, 0xff, 0xff, 0xfc, 0xf0, 0x00,
	0x00, 0x00, 0x7c, 0xf0, 0x00, 0x00, 0x00, 0x7c, 0xf0, 0x00, 0x00, 0x00,
	0x7c, 0xf0, 0x00, 0x00, 0x00, 0x7c, 0xf0, 0x00, 0x00, 0x00, 0x7c, 0xf0,
	0x00, 0x00, 0x00, 0x7c, 0xf0, 0x00, 0x00, 0x00, 0x7c, 0xf0, 0x00, 0x00,
	0x00, 0x7c, 0xf0, 0x00, 0x00, 0x00, 0x7c, 0xf0, 0x00, 0x00, 0x00, 0x7c,
	0xf0, 0x00, 0x00, 0x00, 0x7c, 0xf0, 0x00, 0x00, 0x00, 0x7c, 0xf0, 0x00,
	0x00, 0x00, 0x7c, 0xf0, 0x00, 0x00, 0x00, 0x7c, 0xf0, 0x00, 0x00, 0x00,
	0x7c, 0xf0, 0x00, 0x00, 0x00, 0x7c, 0xf0, 0x00, 0x00, 0x00, 0x7c, 0xf0,
	0x00, 0x00, 0x00, 0x7c, 0xf0, 0x00, 0x00, 0x00, 0x7c, 0xf0, 0x00, 0x00,
	0x00, 0x7c, 0xf0, 0x00, 0x00, 0x00, 0x7c, 0xf0, 0x00, 0x00, 0x00, 0x7c,
	0xf0, 0x00, 0x00, 0x00, 0x7c, 0xf0, 0x00, 0x00, 0x00, 0x7c, 0xf0, 0x00,
	0x00, 0x00, 0x7c, 0xf0, 0x00, 0x00, 0x00, 0x7c, 0xf0, 0x00, 0x00, 0x00,
	0x7c, 0xf0, 0x00, 0x00, 0x00, 0x7c, 0xf0, 0x00, 0x00, 0x00, 0x7c, 0xf0,
	0x00, 0x00, 0x00, 0x7c, 0xf0, 0x00, 0x00, 0x00, 0x7c, 0xf0, 0x00, 0x00,
	0x00, 0x7c, 0xf0, 0x00, 0x00, 0x00, 0x7c, 0xf0, 0x00, 0x00, 0x00, 0x7c,
	0xf0, 0x00, 0x00, 0x00, 0x7c, 0xf0, 0x00, 0x00, 0x00, 0x7c, 0xf0, 0x00,
	0x00, 0x00, 0x7c, 0xf0, 0x00, 0x00, 0x00, 0x7c, 0xf0, 0x00, 0x00, 0x00,
	0x7c, 0xf0, 0x00, 0x00, 0x00, 0x7c, 0xf0, 0x00, 0x00, 0x00, 0x7c, 0xf0,
	0x00, 0x00, 0x00, 0x7c, 0xf0, 0x00, 0x00, 0x00, 0x7c, 0xf0, 0x00, 0x00,
	0x00, 0x7c, 0xf0, 0x00, 0x00, 0x00, 0x3c, 0xf0, 0x00, 0x00, 0x00, 0x38,
	0xe0, 0xf0, 0xf0, 0xf0, 0xf0, 0xf0, 0xf0, 0xf0, 0xf0, 0xf0, 0xf0, 0xf0,
	0xf0, 0xf0, 0xf0, 0xf0, 0xf0, 0xf0, 0xf0, 0xf0, 0xf0, 0xf0, 0xf0, 0xf0,
	0xf0, 0xf0, 0xf0, 0xf0, 0xf0, 0xf0, 0xf0, 0xf0, 0xf0, 0xf0, 0xf0, 0xf0,
	0xf0, 0xf0, 0xf0, 0xf0, 0xf0, 0xf0, 0xf0, 0xf0, 0xf0, 0xf0, 0xf0, 0xf0,
	0xf0, 0xf0, 0xf0, 0xf0, 0xf0, 0xf0, 0xf0, 0xf0, 0xf0, 0xf0, 0xf0, 0xf0,
	0xf0, 0xf0, 0xf0, 0xf0, 0xf0, 0xf0, 0xf0, 0xf0, 0xf0, 0xf0, 0xf0, 0xf0,
	0xf0, 0xf0, 0xf0, 0xf0, 0xf0, 0xf0, 0xf0, 0xf0, 0xf0, 0xf0, 0xf0, 0xf0,
	0xf0, 0xf0, 0xf0, 0xf0, 0xf0, 0xf0, 0xf0, 0xf0, 0xf0, 0xf0, 0xf0, 0xe0,
	0x00, 0x00, 0x00, 0x00, 0x38, 0x00, 0x00, 0x00, 0x00, 0x3c, 0x00, 0x00,
	0x00, 0x00, 0x7c, 0x00, 0x00, 0x00, 0x00, 0x7c, 0x00, 0x00, 0x00, 0x00,
	0x7c, 0x00, 0x00, 0x00, 0x00, 0x7c, 0x00, 0x00, 0x00, 0x00, 0x7c, 0x00,
	0x00, 0x00, 0x00, 0x7c, 0x00, 0x00, 0x00, 0x00, 0x7c, 0x00, 0x00, 0x00,
	0x00, 0x7c, 0x00, 0x00, 0x00, 0x00, 0x7c, 0x00, 0x00, 0x00, 0x00, 0x7c,
	0x00, 0x00, 0x00, 0x00, 0x7c, 0x00, 0x00, 0x00, 0x00, 0x7c, 0x00, 0x00,
	0x00, 0x00, 0x7c, 0x00, 0x00, 0x00, 0x00, 0x7c, 0x00, 0x00, 0x00, 0x00,
	0x7c, 0x00, 0x00, 0x00, 0x00, 0x7c, 0x00, 0x00, 0x00, 0x00, 0x7c, 0x00,
	0x00, 0x00, 0x00, 0x7c, 0x00, 0x00, 0x00, 0x00, 0x7c, 0x00, 0x00, 0x00,
	0x00, 0x7c, 0x00, 0x00, 0x00, 0x00, 0x7c, 0x00, 0x00, 0x00, 0x00, 0x7c,
	0x00, 0x00, 0x00, 0x00, 0x7c, 0x00, 0x00, 0x00, 0x00, 0x7c, 0x00, 0x00,
	0x00, 0x00, 0x7c, 0x00, 0x00, 0x00, 0x00, 0x7c, 0x00, 0x00, 0x00, 0x00,
	0x7c, 0x00, 0x00, 0x00, 0x00, 0x7c, 0x00, 0x00, 0x00, 0x00, 0x7c, 0x00,
	0x00, 0x00, 0x00, 0x7c, 0x00, 0x00, 0x00, 0x00, 0x7c, 0x00, 0x00, 0x00,
	0x00, 0x7c, 0x00, 0x00, 0x00, 0x00, 0x7c, 0x00, 0x00, 0x00, 0x00, 0x7c,
	0x00, 0x00, 0x00, 0x00, 0x7c, 0x00, 0x00, 0x00, 0x00, 0x7c, 0x00, 0x00,
	0x00, 0x00, 0x7c, 0x00, 0x00, 0x00, 0x00, 0x7c, 0x00, 0x00, 0x00, 0x00,
	0x7c, 0x00, 0x00, 0x00, 0x00, 0x7c, 0x00, 0x00, 0x00, 0x00, 0x7c, 0x00,
	0x00, 0x00, 0x00, 0x7c, 0x00, 0x00, 0x00, 0x00, 0x7c, 0x00, 0x00, 0x00,
	0x00, 0x7c, 0x00, 0x00, 0x00, 0x00, 0x7c, 0x00, 0x00, 0x00, 0x00, 0x7c,
	0x00, 0x00, 0x00, 0x00, 0x7c, 0x00, 0x00, 0x00, 0x00, 0x7c, 0x00, 0x00,
	0x00, 0x00, 0x7c, 0x00, 0x00, 0x00, 0x00, 0x7c, 0x00, 0x00, 0x00, 0x00,
	0x7c, 0x00, 0x00, 0x00, 0x00, 0x7c, 0x00, 0x00, 0x00, 0x00, 0x7c, 0x00,
	0x00, 0x00, 0x00, 0x7c, 0x00, 0x00, 0x00, 0x00, 0x7c, 0x00, 0x00, 0x00,
	0x00, 0x7c, 0x00, 0x00, 0x00, 0x00, 0x7c, 0x00, 0x00, 0x00, 0x00, 0x7c,
	0x00, 0x00, 0x00, 0x00, 0x7c, 0x00, 0x00, 0x00, 0x00, 0x7c, 0x00, 0x00,
	0x00, 0x00, 0x7c, 0x00, 0x00, 0x00, 0x00, 0x7c, 0x00, 0x00, 0x00, 0x00,
	0x7c, 0x00, 0x00, 0x00, 0x00, 0x7c, 0x00, 0x00, 0x00, 0x00, 0x7c, 0x00,
	0x00, 0x00, 0x00, 0x7c, 0x00, 0x00, 0x00, 0x00, 0x7c, 0x00, 0x00, 0x00,
	0x00, 0x7c, 0x60, 0x00, 0x00, 0x00, 0x7c, 0xf0, 0x00, 0x00, 0x00, 0x7c,
	0xf0, 0x00, 0x00, 0x00, 0x7c, 0xf0, 0x00, 0x00, 0x00, 0x7c, 0xf0, 0x00,
	0x00, 0x00, 0x7c, 0xf0, 0x00, 0x00, 0x00, 0x7c, 0xf0, 0x00, 0x00, 0x00,
	0x7c, 0xf0, 0x00, 0x00, 0x00, 0x7c, 0xf0, 0x00, 0x00, 0x00, 0x7c, 0xf8,
	0x00, 0x00, 0x00, 0x78, 0xf8, 0x00, 0x00, 0x00, 0x78, 0x78, 0x00, 0x00,
	0x00, 0xf8, 0x78, 0x00, 0x00, 0x00, 0xf8, 0x7c, 0x00, 0x00, 0x00, 0xf8,
	0x7c, 0x00, 0x00, 0x01, 0xf0, 0x3e, 0x00, 0x00, 0x01, 0xf0, 0x3e, 0x00,
	0x00, 0x03, 0xe0, 0x1f, 0x00, 0x00, 0x07, 0xe0, 0x1f, 0x80, 0x00, 0x0f,
	0xc0, 0x0f, 0xc0, 0x00, 0x1f, 0x80, 0x07, 0xf0, 0x00, 0x7f, 0x80, 0x03,
	0xff, 0x87, 0xff, 0x00, 0x01, 0xff, 0xff, 0xfe, 0x00, 0x00, 0x7f, 0xff,
	0xf8, 0x00, 0x00, 0x1f, 0xff, 0xe0, 0x00, 0x00, 0x03, 0xff, 0x00, 0x00,
	0xe0, 0x00, 0x00, 0x00, 0x00, 0xe0, 0xf0, 0x00, 0x00, 0x00, 0x01, 0xf0,
	0xf0, 0x00, 0x00, 0x00, 0x01, 0xf0, 0xf0, 0x00, 0x00, 0x00, 0x03, 0xe0,
	0xf0, 0x00, 0x00, 0x00, 0x07, 0xe0, 0xf0, 0x00, 0x00, 0x00, 0x07, 0xc0,
	0xf0, 0x00, 0x00, 0x00, 0x0f, 0x80, 0xf0, 0x00, 0x00, 0x00, 0x1f, 0x80,
	0xf0, 0x00, 0x00, 0x00, 0x1f, 0x00, 0xf0, 0x00, 0x00, 0x00, 0x3e, 0x00,
	0xf0, 0x00, 0x00, 0x00, 0x7e, 0x00, 0xf0, 0x00, 0x00, 0x00, 0x7c, 0x00,
	0xf0, 0x00, 0x00, 0x00, 0xf8, 0x00, 0xf0, 0x00, 0x00, 0x01, 0xf8, 0x00,
	0xf0, 0x00, 0x00, 0x01, 0xf0, 0x00, 0xf0, 0x00, 0x00, 0x03, 0xe0, 0x00,
	0xf0, 0x00, 0x00, 0x07, 0xe0, 0x00, 0xf0, 0x00, 0x00, 0x07, 0xc0, 0x00,
	0xf0, 0x00, 0x00, 0x0f, 0x80, 0x00, 0xf0, 0x00, 0x00, 0x1f, 0x80, 0x00,
	0xf0, 0x00, 0x00, 0x1f, 0x00, 0x00, 0xf0, 0x00, 0x00, 0x3f, 0x00, 0x00,
	0xf0, 0x00, 0x00, 0x7e, 0x00, 0x00, 0xf0, 0x00, 0x00, 0x7c, 0x00, 0x00,
	0xf0, 0x00, 0x00, 0xfc, 0x00, 0x00, 0xf0, 0x00, 0x01, 0xf8, 0x00, 0x00,
	0xf0, 0x00, 0x01, 0xf0, 0x00, 0x00, 0xf0, 0x00, 0x03, 0xf0, 0x00, 0x00,
	0xf0, 0x00, 0x07, 0xe0, 0x00, 0x00, 0xf0, 0x00, 0x07, 0xc0, 0x00, 0x00,
	0xf0, 0x00, 0x0f, 0xc0, 0x00, 0x00, 0xf0, 0x00, 0x1f, 0x80, 0x00, 0x00,
	0xf0, 0x00, 0x1f, 0x00, 0x00, 0x00, 0xf0, 0x00, 0x3f, 0x00, 0x00, 0x00,
	0xf0, 0x00, 0x7e, 0x00, 0x00, 0x00, 0xf0, 0x00, 0x7c, 0x00, 0x00, 0x00,
	0xf0, 0x00, 0xfc, 0x00, 0x00, 0x00, 0xf0, 0x01, 0xf8, 0x00, 0x00, 0x00,
	0xf0, 0x01, 0xf0, 0x00, 0x00, 0x00, 0xf0, 0x03, 0xf0, 0x00, 0x00, 0x00,
	0xf0, 0x07, 0xe0, 0x00, 0x00, 0x00, 0xf0, 0x07, 0xc0, 0x00, 0x00, 0x00,
	0xf0, 0x0f, 0xc0, 0x00, 0x00, 0x00, 0xf0, 0x1f, 0x80, 0x00, 0x00, 0x00,
	0xf0, 0x1f, 0x80, 0x00, 0x00, 0x00, 0xf0, 0x3f, 0x80, 0x00, 0x00, 0x00,
	0xf0, 0x7f, 0xc0, 0x00, 0x00, 0x00, 0xf0, 0x7f, 0xc0, 0x00, 0x00, 0x00,
	0xf0, 0xff, 0xe0, 0x00, 0x00, 0x00, 0xf1, 0xf9, 0xf0, 0x00, 0x00, 0x00,
	0xf1, 0xf1, 0xf0, 0x00, 0x00, 0x00, 0xf3, 0xf0, 0xf8, 0x00, 0x00, 0x00,
	0xf7, 0xe0, 0xf8, 0x00, 0x00, 0x00, 0xf7, 0xc0, 0x7c, 0x00, 0x00, 0x00,
	0xff, 0xc0, 0x7c, 0x00, 0x00, 0x00, 0xff, 0x80, 0x3e, 0x00, 0x00, 0x00,
	0xff, 0x00, 0x3f, 0x00, 0x00, 0x00, 0xff, 0x00, 0x1f, 0x00, 0x00, 0x00,
	0xfe, 0x00, 0x0f, 0x80, 0x00, 0x00, 0xfc, 0x00, 0x0f, 0x80, 0x00, 0x00,
	0xfc, 0x00, 0x07, 0xc0, 0x00, 0x00, 0xf8, 0x00, 0x07, 0xc0, 0x00, 0x00,
	0xf0, 0x00, 0x03, 0xe0, 0x00, 0x00, 0xf0, 0x00, 0x03, 0xe0, 0x00, 0x00,
	0xf0, 0x00, 0x01, 0xf0, 0x00, 0x00, 0xf0, 0x00, 0x01, 0xf8, 0x00, 0x00,
	0xf0, 0x00, 0x00, 0xf8, 0x00, 0x00, 0xf0, 0x00, 0x00, 0xfc, 0x00, 0x00,
	0xf0, 0x00, 0x00, 0x7c, 0x00, 0x00, 0xf0, 0x00, 0x00, 0x3e, 0x00, 0x00,
	0xf0, 0x00, 0x00, 0x3e, 0x00, 0x00, 0xf0, 0x00, 0x00, 0x1f, 0x00, 0x00,
	0xf0, 0x00, 0x00, 0x1f, 0x00, 0x00, 0xf0, 0x00, 0x00, 0x0f, 0x80, 0x00,
	0xf0, 0x00, 0x00, 0x0f, 0xc0, 0x00, 0xf0, 0x00, 0x00, 0x07, 0xc0, 0x00,
	0xf0, 0x00, 0x00, 0x03, 0xe0, 0x00, 0xf0, 0x00, 0x00, 0x03, 0xe0, 0x00,
	0xf0, 0x00, 0x00, 0x01, 0xf0, 0x00, 0xf0, 0x00, 0x00, 0x01, 0xf0, 0x00,
	0xf0, 0x00, 0x00, 0x00, 0xf8, 0x00, 0xf0, 0x00, 0x00, 0x00, 0xf8, 0x00,
	0xf0, 0x00, 0x00, 0x00, 0x7c, 0x00, 0xf0, 0x00, 0x00, 0x00, 0x7e, 0x00,
	0xf0, 0x00, 0x00, 0x00, 0x3e, 0x00, 0xf0, 0x00, 0x00, 0x00, 0x1f, 0x00,
	0xf0, 0x00, 0x00, 0x00, 0x1f, 0x00, 0xf0, 0x00, 0x00, 0x00, 0x0f, 0x80,
	0xf0, 0x00, 0x00, 0x00, 0x0f, 0x80, 0xf0, 0x00, 0x00, 0x00, 0x07, 0xc0,
	0xf0, 0x00, 0x00, 0x00, 0x07, 0xc0, 0xf0, 0x00, 0x00, 0x00, 0x03, 0xe0,
	0xf0, 0x00, 0x00, 0x00, 0x03, 0xf0, 0xf0, 0x00, 0x00, 0x00, 0x01, 0xf0,
	0xf0, 0x00, 0x00, 0x00, 0x00, 0xf0, 0xe0, 0x00, 0x00, 0x00, 0x00, 0xe0,
	0xf0, 0x00, 0x00, 0x00, 0x00, 0xf0, 0x00, 0x00, 0x00, 0x00, 0xf0, 0x00,
	0x00, 0x00, 0x00, 0xf0, 0x00, 0x00, 0x00, 0x00, 0xf0, 0x00, 0x00, 0x00,
	0x00, 0xf0, 0x00, 0x00, 0x00, 0x00, 0xf0, 0x00, 0x00, 0x00, 0x00, 0xf0,
	0x00, 0x00, 0x00, 0x00, 0xf0, 0x00, 0x00, 0x00, 0x00, 0xf0, 0x00, 0x00,
	0x00, 0x00, 0xf0, 0x00, 0x00, 0x00, 0x00, 0xf0, 0x00, 0x00, 0x00, 0x00,
	0xf0, 0x00, 0x00, 0x00, 0x00, 0xf0, 0x00, 0x00, 0x00, 0x00, 0xf0, 0x00,
	0x00, 0x00, 0x00, 0xf0, 0x00, 0x00, 0x00, 0x00, 0xf0, 0x00, 0x00, 0x00,
	0x00, 0xf0, 0x00, 0x00, 0x00, 0x00, 0xf0, 0x00, 0x00, 0x00, 0x00, 0xf0,
	0x00, 0x00, 0x00, 0x00, 0xf0, 0x00, 0x00, 0x00, 0x00, 0xf0, 0x00, 0x00,
	0x00, 0x00, 0xf0, 0x00, 0x00, 0x00, 0x00, 0xf0, 0x00, 0x00, 0x00, 0x00,
	0xf0, 0x00, 0x00, 0x00, 0x00, 0xf0, 0x00, 0x00, 0x00, 0x00, 0xf0, 0x00,
	0x00, 0x00, 0x00, 0xf0, 0x00, 0x00, 0x00, 0x00, 0xf0, 0x00, 0x00, 0x00,
	0x00, 0xf0, 0x00, 0x00, 0x00, 0x00, 0xf0, 0x00, 0x00, 0x00, 0x00, 0xf0,
	0x00, 0x00, 0x00, 0x00, 0xf0, 0x00, 0x00, 0x00, 0x00, 0xf0, 0x00, 0x00,
	0x00, 0x00, 0xf0, 0x00, 0x00, 0x00, 0x00, 0xf0, 0x00, 0x00, 0x00, 0x00,
	0xf0, 0x00, 0x00, 0x00, 0x00, 0xf0, 0x00, 0x00, 0x00, 0x00, 0xf0, 0x00,
	0x00, 0x00, 0x00, 0xf0, 0x00, 0x00, 0x00, 0x00, 0xf0, 0x00, 0x00, 0x00,
	0x00, 0xf0, 0x00, 0x00, 0x00, 0x00, 0xf0, 0x00, 0x00, 0x00, 0x00, 0xf0,
	0x00, 0x00, 0x00, 0x00, 0xf0, 0x00, 0x00, 0x00, 0x00, 0xf0, 0x00, 0x00,
	0x00, 0x00, 0xf0, 0x00, 0x00, 0x00, 0x00, 0xf0, 0x00, 0x00, 0x00, 0x00,
	0xf0, 0x00, 0x00, 0x00, 0x00, 0xf0, 0x00, 0x00, 0x00, 0x00, 0xf0, 0x00,
	0x00, 0x00, 0x00, 0xf0, 0x00, 0x00, 0x00, 0x00, 0xf0, 0x00, 0x00, 0x00,
	0x00, 0xf0, 0x00, 0x00, 0x00, 0x00, 0xf0, 0x00, 0x00, 0x00, 0x00, 0xf0,
	0x00, 0x00, 0x00, 0x00, 0xf0, 0x00, 0x00, 0x00, 0x00, 0xf0, 0x00, 0x00,
	0x00, 0x00, 0xf0, 0x00, 0x00, 0x00, 0x00, 0xf0, 0x00, 0x00, 0x00, 0x00,
	0xf0, 0x00, 0x00, 0x00, 0x00, 0xf0, 0x00, 0x00, 0x00, 0x00, 0xf0, 0x00,
	0x00, 0x00, 0x00, 0xf0, 0x00, 0x00, 0x00, 0x00, 0xf0, 0x00, 0x00, 0x00,
	0x00, 0xf0, 0x00, 0x00, 0x00, 0x00, 0xf0, 0x00, 0x00, 0x00, 0x00, 0xf0,
	0x00, 0x00, 0x00, 0x00, 0xf0, 0x00, 0x00, 0x00, 0x00, 0xf0, 0x00, 0x00,
	0x00, 0x00, 0xf0, 0x00, 0x00, 0x00, 0x00, 0xf0, 0x00, 0x00, 0x00, 0x00,
	0xf0, 0x00, 0x00, 0x00, 0x00, 0xf0, 0x00, 0x00, 0x00, 0x00, 0xf0, 0x00,
	0x00, 0x00, 0x00, 0xf0, 0x00, 0x00, 0x00, 0x00, 0xf0, 0x00, 0x00, 0x00,
	0x00, 0xf0, 0x00, 0x00, 0x00, 0x00, 0xf0, 0x00, 0x00, 0x00, 0x00, 0xf0,
	0x00, 0x00, 0x00, 0x00, 0xf0, 0x00, 0x00, 0x00, 0x00, 0xf0, 0x00, 0x00,
	0x00, 0x00, 0xf0, 0x00, 0x00, 0x00, 0x00, 0xf0, 0x00, 0x00, 0x00, 0x00,
	0xf0, 0x00, 0x00, 0x00, 0x00, 0xf0, 0x00, 0x00, 0x00, 0x00, 0xf0, 0x00,
	0x00, 0x00, 0x00, 0xf0, 0x00, 0x00, 0x00, 0x00, 0xf0, 0x00, 0x00, 0x00,
	0x00, 0xf0, 0x00, 0x00, 0x00, 0x00, 0xf0, 0x00, 0x00, 0x00, 0x00, 0xf0,
	0x00, 0x00, 0x00, 0x00, 0xff, 0xff, 0xff, 0xff, 0xf0, 0xff, 0xff, 0xff,
	0xff, 0xf8, 0xff, 0xff, 0xff, 0xff, 0xf8, 0x7f, 0xff, 0xff, 0xff, 0xf0,
	0xf0, 0x00, 0x00, 0x00, 0x00, 0x00, 0x07, 0x00, 0xf0, 0x00, 0x00, 0x00,
	0x00, 0x00, 0x0f, 0x80, 0xf0, 0x00, 0x00, 0x00, 0x00, 0x00, 0x0f, 0x80,
	0xf8, 0x00, 0x00, 0x00, 0x00, 0x00, 0x0f, 0x80, 0xf8, 0x00, 0x00, 0x00,
	0x00, 0x00, 0x0f, 0x80, 0xf8, 0x00, 0x00, 0x00, 0x00, 0x00, 0x1f, 0x80,
	0xfc, 0x00, 0x00, 0x00, 0x00, 0x00, 0x1f, 0x80, 0xfc, 0x00, 0x00, 0x00,
	0x00, 0x00, 0x1f, 0x80, 0xfc, 0x00, 0x00, 0x00, 0x00, 0x00, 0x3f, 0x80,
	0xfe, 0x00, 0x00, 0x00, 0x00, 0x00, 0x3f, 0x80, 0xfe, 0x00, 0x00, 0x00,
	0x00, 0x00, 0x3f, 0x80, 0xfe, 0x00, 0x00, 0x00, 0x00, 0x00, 0x3f, 0x80,
	0xfe, 0x00, 0x00, 0x00, 0x00, 0x00, 0x7f, 0x80, 0xff, 0x00, 0x00, 0x00,
	0x00, 0x00, 0x7f, 0x80, 0xff, 0x00, 0x00, 0x00, 0x00, 0x00, 0x7f, 0x80,
	0xff, 0x00, 0x00, 0x00, 0x00, 0x00, 0xff, 0x80, 0xff, 0x80, 0x00, 0x00,
	0x00, 0x00, 0xff, 0x80, 0xff, 0x80, 0x00, 0x00, 0x00, 0x00, 0xff, 0x80,
	0xff, 0x80, 0x00, 0x00, 0x00, 0x00, 0xff, 0x80, 0xf7, 0x80, 0x00, 0x00,
	0x00, 0x01, 0xff, 0x80, 0xf7, 0xc0, 0x00, 0x00, 0x00, 0x01, 0xff, 0x80,
	0xf7, 0xc0, 0x00, 0x00, 0x00, 0x01, 0xef, 0x80, 0xf3, 0xc0, 0x00, 0x00,
	0x00, 0x03, 0xef, 0x80, 0xf3, 0xe0, 0x00, 0x00, 0x00, 0x03, 0xef, 0x80,
	0xf3, 0xe0, 0x00, 0x00, 0x00, 0x03, 0xcf, 0x80, 0xf3, 0xe0, 0x00, 0x00,
	0x00, 0x03, 0xcf, 0x80, 0xf1, 0xe0, 0x00, 0x00, 0x00, 0x07, 0xcf, 0x80,
	0xf1, 0xf0, 0x00, 0x00, 0x00, 0x07, 0xcf, 0x80, 0xf1, 0xf0, 0x00, 0x00,
	0x00, 0x07, 0x8f, 0x80, 0xf0, 0xf0, 0x00, 0x00, 0x00, 0x0f, 0x8f, 0x80,
	0xf0, 0xf8, 0x00, 0x00, 0x00, 0x0f, 0x8f, 0x80, 0xf0, 0xf8, 0x00, 0x00,
	0x00, 0x0f, 0x0f, 0x80, 0xf0, 0xf8, 0x00, 0x00, 0x00, 0x1f, 0x0f, 0x80,
	0xf0, 0x78, 0x00, 0x00, 0x00, 0x1f, 0x0f, 0x80, 0xf0, 0x7c, 0x00, 0x00,
	0x00, 0x1f, 0x0f, 0x80, 0xf0, 0x7c, 0x00, 0x00, 0x00, 0x1e, 0x0f, 0x80,
	0xf0, 0x3c, 0x00, 0x00, 0x00, 0x3e, 0x0f, 0x80, 0xf0, 0x3e, 0x00, 0x00,
	0x00, 0x3e, 0x0f, 0x80, 0xf0, 0x3e, 0x00, 0x00, 0x00, 0x3c, 0x0f, 0x80,
	0xf0, 0x3e, 0x00, 0x00, 0x00, 0x7c, 0x0f, 0x80, 0xf0, 0x1e, 0x00, 0x00,
	0x00, 0x7c, 0x0f, 0x80, 0xf0, 0x1f, 0x00, 0x00, 0x00, 0x7c, 0x0f, 0x80,
	0xf0, 0x1f, 0x00, 0x00, 0x00, 0x78, 0x0f, 0x80, 0xf0, 0x0f, 0x00, 0x00,
	0x00, 0xf8, 0x0f, 0x80, 0xf0, 0x0f, 0x80, 0x00, 0x00, 0xf8, 0x0f, 0x80,
	0xf0, 0x0f, 0x80, 0x00, 0x00, 0xf8, 0x0f, 0x80, 0xf0, 0x0f, 0x80, 0x00,
	0x01, 0xf0, 0x0f, 0x80, 0xf0, 0x07, 0x80, 0x00, 0x01, 0xf0, 0x0f, 0x80,
	0xf0, 0x07, 0xc0, 0x00, 0x01, 0xf0, 0x0f, 0x80, 0xf0, 0x07, 0xc0, 0x00,
	0x01, 0xe0, 0x0f, 0x80, 0xf0, 0x03, 0xc0, 0x00, 0x03, 0xe0, 0x0f, 0x80,
	0xf0, 0x03, 0xe0, 0x00, 0x03, 0xe0, 0x0f, 0x80, 0xf0, 0x03, 0xe0, 0x00,
	0x03, 0xe0, 0x0f, 0x80, 0xf0, 0x03, 0xe0, 0x00, 0x07, 0xc0, 0x0f, 0x80,
	0xf0, 0x01, 0xe0, 0x00, 0x07, 0xc0, 0x0f, 0x80, 0xf0, 0x01, 0xf0, 0x00,
	0x07, 0xc0, 0x0f, 0x80, 0xf0, 0x01, 0xf0, 0x00, 0x07, 0x80, 0x0f, 0x80,
	0xf0, 0x00, 0xf0, 0x00, 0x0f, 0x80, 0x0f, 0x80, 0xf0, 0x00, 0xf8, 0x00,
	0x0f, 0x80, 0x0f, 0x80, 0xf0, 0x00, 0xf8, 0x00, 0x0f, 0x00, 0x0f, 0x80,
	0xf0, 0x00, 0xf8, 0x00, 0x1f, 0x00, 0x0f, 0x80, 0xf0, 0x00, 0x78, 0x00,
	0x1f, 0x00, 0x0f, 0x80, 0xf0, 0x00, 0x7c, 0x00, 0x1f, 0x00, 0x0f, 0x80,
	0xf0, 0x00, 0x7c, 0x00, 0x1e, 0x00, 0x0f, 0x80, 0xf0, 0x00, 0x3c, 0x00,
	0x3e, 0x00, 0x0f, 0x80, 0xf0, 0x00, 0x3e, 0x00, 0x3e, 0x00, 0x0f, 0x80,
	0xf0, 0x00, 0x3e, 0x00, 0x3c, 0x00, 0x0f, 0x80, 0xf0, 0x00, 0x3e, 0x00,
	0x7c, 0x00, 0x0f, 0x80, 0xf0, 0x00, 0x1e, 0x00, 0x7c, 0x00, 0x0f, 0x80,
	0xf0, 0x00, 0x1f, 0x00, 0x7c, 0x00, 0x0f, 0x80, 0xf0, 0x00, 0x1f, 0x00,
	0x78, 0x00, 0x0f, 0x80, 0xf0, 0x00, 0x0f, 0x00, 0xf8, 0x00, 0x0f, 0x80,
	0xf0, 0x00, 0x0f, 0x80, 0xf8, 0x00, 0x0f, 0x80, 0xf0, 0x00, 0x0f, 0x80,
	0xf8, 0x00, 0x0f, 0x80, 0xf0, 0x00, 0x0f, 0x81, 0xf0, 0x00, 0x0f, 0x80,
	0xf0, 0x00, 0x07, 0x81, 0xf0, 0x00, 0x0f, 0x80, 0xf0, 0x00, 0x07, 0xc1,
	0xf0, 0x00, 0x0f, 0x80, 0xf0, 0x00, 0x07, 0xc1, 0xe0, 0x00, 0x0f, 0x80,
	0xf0, 0x00, 0x03, 0xc3, 0xe0, 0x00, 0x0f, 0x80, 0xf0, 0x00, 0x03, 0xe3,
	0xe0, 0x00, 0x0f, 0x80, 0xf0, 0x00, 0x03, 0xe3, 0xe0, 0x00, 0x0f, 0x80,
	0xf0, 0x00, 0x03, 0xe7, 0xc0, 0x00, 0x0f, 0x80, 0xf0, 0x00, 0x01, 0xe7,
	0xc0, 0x00, 0x0f, 0x80, 0xf0, 0x00, 0x01, 0xf7, 0xc0, 0x00, 0x0f, 0x80,
	0xf0, 0x00, 0x01, 0xf7, 0x80, 0x00, 0x0f, 0x80, 0xf0, 0x00, 0x00, 0xff,
	0x80, 0x00, 0x0f, 0x80, 0xf0, 0x00, 0x00, 0xff, 0x80, 0x00, 0x0f, 0x80,
	0xf0, 0x00, 0x00, 0xff, 0x80, 0x00, 0x0f, 0x80, 0xf0, 0x00, 0x00, 0xff,
	0x00, 0x00, 0x0f, 0x80, 0xf0, 0x00, 0x00, 0x7f, 0x00, 0x00, 0x0f, 0x80,
	0xf0, 0x00, 0x00, 0x7f, 0x00, 0x00, 0x0f, 0x80, 0xf0, 0x00, 0x00, 0x7e,
	0x00, 0x00, 0x0f, 0x80, 0xf0, 0x00, 0x00, 0x3e, 0x00, 0x00, 0x0f, 0x80,
	0xf0, 0x00, 0x00, 0x3e, 0x00, 0x00, 0x0f, 0x80, 0xf0, 0x00, 0x00, 0x3c,
	0x00, 0x00, 0x0f, 0x80, 0xf0, 0x00, 0x00, 0x1c, 0x00, 0x00, 0x07, 0x00,
	0xf0, 0x00, 0x00, 0x00, 0x03, 0x80, 0xf0, 0x00, 0x00, 0x00, 0x07, 0xc0,
	0xf8, 0x00, 0x00, 0x00, 0x07, 0xc0, 0xf8, 0x00, 0x00, 0x00, 0x07, 0xc0,
	0xfc, 0x00, 0x00, 0x00, 0x07, 0xc0, 0xfc, 0x00, 0x00, 0x00, 0x07, 0xc0,
	0xfc, 0x00, 0x00, 0x00, 0x07, 0xc0, 0xfe, 0x00, 0x00, 0x00, 0x07, 0xc0,
	0xfe, 0x00, 0x00, 0x00, 0x07, 0xc0, 0xff, 0x00, 0x00, 0x00, 0x07, 0xc0,
	0xff, 0x00, 0x00, 0x00, 0x07, 0xc0, 0xff, 0x80, 0x00, 0x00, 0x07, 0xc0,
	0xff, 0x80, 0x00, 0x00, 0x07, 0xc0, 0xff, 0x80, 0x00, 0x00, 0x07, 0xc0,
	0xf7, 0xc0, 0x00, 0x00, 0x07, 0xc0, 0xf7, 0xc0, 0x00, 0x00, 0x07, 0xc0,
	0xf3, 0xe0, 0x00, 0x00, 0x07, 0xc0, 0xf3, 0xe0, 0x00, 0x00, 0x07, 0xc0,
	0xf3, 0xe0, 0x00, 0x00, 0x07, 0xc0, 0xf1, 0xf0, 0x00, 0x00, 0x07, 0xc0,
	0xf1, 0xf0, 0x00, 0x00, 0x07, 0xc0, 0xf0, 0xf8, 0x00, 0x00, 0x07, 0xc0,
	0xf0, 0xf8, 0x00, 0x00, 0x07, 0xc0, 0xf0, 0x78, 0x00, 0x00, 0x07, 0xc0,
	0xf0, 0x7c, 0x00, 0x00, 0x07, 0xc0, 0xf0, 0x7c, 0x00, 0x00, 0x07, 0xc0,
	0xf0, 0x3e, 0x00, 0x00, 0x07, 0xc0, 0xf0, 0x3e, 0x00, 0x00, 0x07, 0xc0,
	0xf0, 0x1e, 0x00, 0x00, 0x07, 0xc0, 0xf0, 0x1f, 0x00, 0x00, 0x07, 0xc0,
	0xf0, 0x1f, 0x00, 0x00, 0x07, 0xc0, 0xf0, 0x0f, 0x80, 0x00, 0x07, 0xc0,
	0xf0, 0x0f, 0x80, 0x00, 0x07, 0xc0, 0xf0, 0x07, 0xc0, 0x00, 0x07, 0xc0,
	0xf0, 0x07, 0xc0, 0x00, 0x07, 0xc0, 0xf0, 0x07, 0xc0, 0x00, 0x07, 0xc0,
	0xf0, 0x03, 0xe0, 0x00, 0x07, 0xc0, 0xf0, 0x03, 0xe0, 0x00, 0x07, 0xc0,
	0xf0, 0x01, 0xf0, 0x00, 0x07, 0xc0, 0xf0, 0x01, 0xf0, 0x00, 0x07, 0xc0,
	0xf0, 0x01, 0xf0, 0x00, 0x07, 0xc0, 0xf0, 0x00, 0xf8, 0x00, 0x07, 0xc0,
	0xf0, 0x00, 0xf8, 0x00, 0x07, 0xc0, 0xf0, 0x00, 0x7c, 0x00, 0x07, 0xc0,
	0xf0, 0x00, 0x7c, 0x00, 0x07, 0xc0, 0xf0, 0x00, 0x3c, 0x00, 0x07, 0xc0,
	0xf0, 0x00, 0x3e, 0x00, 0x07, 0xc0, 0xf0, 0x00, 0x3e, 0x00, 0x07, 0xc0,
	0xf0, 0x00, 0x1f, 0x00, 0x07, 0xc0, 0xf0, 0x00, 0x1f, 0x00, 0x07, 0xc0,
	0xf0, 0x00, 0x0f, 0x00, 0x07, 0xc0, 0xf0, 0x00, 0x0f, 0x80, 0x07, 0xc0,
	0xf0, 0x00, 0x0f, 0x80, 0x07, 0xc0, 0xf0, 0x00, 0x07, 0xc0, 0x07, 0xc0,
	0xf0, 0x00, 0x07, 0xc0, 0x07, 0xc0, 0xf0, 0x00, 0x03, 0xc0, 0x07, 0xc0,
	0xf0, 0x00, 0x03, 0xe0, 0x07, 0xc0, 0xf0, 0x00, 0x03, 0xe0, 0x07, 0xc0,
	0xf0, 0x00, 0x01, 0xf0, 0x07, 0xc0, 0xf0, 0x00, 0x01, 0xf0, 0x07, 0xc0,
	0xf0, 0x00, 0x00, 0xf8, 0x07, 0xc0, 0xf0, 0x00, 0x00, 0xf8, 0x07, 0xc0,
	0xf0, 0x00, 0x00, 0xf8, 0x07, 0xc0, 0xf0, 0x00, 0x00, 0x7c, 0x07, 0xc0,
	0xf0, 0x00, 0x00, 0x7c, 0x07, 0xc0, 0xf0, 0x00, 0x00, 0x3e, 0x07, 0xc0,
	0xf0, 0x00, 0x00, 0x3e, 0x07, 0xc0, 0xf0, 0x00, 0x00, 0x1e, 0x07, 0xc0,
	0xf0, 0x00, 0x00, 0x1f, 0x07, 0xc0, 0xf0, 0x00, 0x00, 0x1f, 0x07, 0xc0,
	0xf0, 0x00, 0x00, 0x0f, 0x87, 0xc0, 0xf0, 0x00, 0x00, 0x0f, 0x87, 0xc0,
	0xf0, 0x00, 0x00, 0x07, 0x87, 0xc0, 0xf0, 0x00, 0x00, 0x07, 0xc7, 0xc0,
	0xf0, 0x00, 0x00, 0x07, 0xc7, 0xc0, 0xf0, 0x00, 0x00, 0x03, 0xe7, 0xc0,
	0xf0, 0x00, 0x00, 0x03, 0xe7, 0xc0, 0xf0, 0x00, 0x00, 0x01, 0xe7, 0xc0,
	0xf0, 0x00, 0x00, 0x01, 0xf7, 0xc0, 0xf0, 0x00, 0x00, 0x01, 0xf7, 0xc0,
	0xf0, 0x00, 0x00, 0x00, 0xff, 0xc0, 0xf0, 0x00, 0x00, 0x00, 0xff, 0xc0,
	0xf0, 0x00, 0x00, 0x00, 0x7f, 0xc0, 0xf0, 0x00, 0x00, 0x00, 0x7f, 0xc0,
	0xf0, 0x00, 0x00, 0x00, 0x7f, 0xc0, 0xf0, 0x00, 0x00, 0x00, 0x3f, 0xc0,
	0xf0, 0x00, 0x00, 0x00, 0x3f, 0xc0, 0xf0, 0x00, 0x00, 0x00, 0x1f, 0xc0,
	0xf0, 0x00, 0x00, 0x00, 0x1f, 0xc0, 0xf0, 0x00, 0x00, 0x00, 0x0f, 0xc0,
	0xf0, 0x00, 0x00, 0x00, 0x0f, 0xc0, 0xf0, 0x00, 0x00, 0x00, 0x0f, 0xc0,
	0xf0, 0x00, 0x00, 0x00, 0x07, 0xc0, 0xf0, 0x00, 0x00, 0x00, 0x07, 0xc0,
	0xf0, 0x00, 0x00, 0x00, 0x03, 0xc0, 0xf0, 0x00, 0x00, 0x00, 0x03, 0x80,
	0x00, 0x03, 0xff, 0xc0, 0x00, 0x00, 0x00, 0x1f, 0xff, 0xf8, 0x00, 0x00,
	0x00, 0x7f, 0xff, 0xfe, 0x00, 0x00, 0x00, 0xff, 0xff, 0xff, 0x80, 0x00,
	0x01, 0xff, 0x80, 0xff, 0xc0, 0x00, 0x03, 0xf8, 0x00, 0x1f, 0xe0, 0x00,
	0x07, 0xe0, 0x00, 0x07, 0xf0, 0x00, 0x0f, 0xc0, 0x00, 0x01, 0xf8, 0x00,
	0x1f, 0x80, 0x00, 0x00, 0xf8, 0x00, 0x1f, 0x00, 0x00, 0x00, 0x7c, 0x00,
	0x3f, 0x00, 0x00, 0x00, 0x7c, 0x00, 0x3e, 0x00, 0x00, 0x00, 0x3e, 0x00,
	0x3c, 0x00, 0x00, 0x00, 0x3e, 0x00, 0x7c, 0x00, 0x00, 0x00, 0x1e, 0x00,
	0x7c, 0x00, 0x00, 0x00, 0x1f, 0x00, 0x78, 0x00, 0x00, 0x00, 0x1f, 0x00,
	0x78, 0x00, 0x00, 0x00, 0x0f, 0x00, 0xf8, 0x00, 0x00, 0x00, 0x0f, 0x00,
	0xf8, 0x00, 0x00, 0x00, 0x0f, 0x00, 0xf8, 0x00, 0x00, 0x00, 0x0f, 0x80,
	0xf0, 0x00, 0x00, 0x00, 0x0f, 0x80, 0xf0, 0x00, 0x00, 0x00, 0x0f, 0x80,
	0xf0, 0x00, 0x00, 0x00, 0x0f, 0x80, 0xf0, 0x00, 0x00, 0x00, 0x0f, 0x80,
	0xf0, 0x00, 0x00, 0x00, 0x0f, 0x80, 0xf0, 0x00, 0x00, 0x00, 0x0f, 0x80,
	0xf0, 0x00, 0x00, 0x00, 0x0f, 0x80, 0xf0, 0x00, 0x00, 0x00, 0x0f, 0x80,
	0xf0, 0x00, 0x00, 0x00, 0x0f, 0x80, 0xf0, 0x00, 0x00, 0x00, 0x0f, 0x80,
	0xf0, 0x00, 0x00, 0x00, 0x0f, 0x80, 0xf0, 0x00, 0x00, 0x00, 0x0f, 0x80,
	0xf0, 0x00, 0x00, 0x00, 0x0f, 0x80, 0xf0, 0x00, 0x00, 0x00, 0x0f, 0x80,
	0xf0, 0x00, 0x00, 0x00, 0x0f, 0x80, 0xf0, 0x00, 0x00, 0x00, 0x0f, 0x80,
	0xf0, 0x00, 0x00, 0x00, 0x0f, 0x80, 0xf0, 0x00, 0x00, 0x00, 0x0f, 0x80,
	0xf0, 0x00, 0x00, 0x00, 0x0f, 0x80, 0xf0, 0x00, 0x00, 0x00, 0x0f, 0x80,
	0xf0, 0x00, 0x00, 0x00, 0x0f, 0x80, 0xf0, 0x00, 0x00, 0x00, 0x0f, 0x80,
	0xf0, 0x00, 0x00, 0x00, 0x0f, 0x80, 0xf0, 0x00, 0x00, 0x00, 0x0f, 0x80,
	0xf0, 0x00, 0x00, 0x00, 0x0f, 0x80, 0xf0, 0x00, 0x00, 0x00, 0x0f, 0x80,
	0xf0, 0x00, 0x00, 0x00, 0x0f, 0x80, 0xf0, 0x00, 0x00, 0x00, 0x0f, 0x80,
	0xf0, 0x00, 0x00, 0x00, 0x0f, 0x80, 0xf0, 0x00, 0x00, 0x00, 0x0f, 0x80,
	0xf0, 0x00, 0x00, 0x00, 0x0f, 0x80, 0xf0, 0x00, 0x00, 0x00, 0x0f, 0x80,
	0xf0, 0x00, 0x00, 0x00, 0x0f, 0x80, 0xf0, 0x00, 0x00, 0x00, 0x0f, 0x80,
	0xf0, 0x00, 0x00, 0x00, 0x0f, 0x80, 0xf0, 0x00, 0x00, 0x00, 0x0f, 0x80,
	0xf0, 0x00, 0x00, 0x00, 0x0f, 0x80, 0xf0, 0x00, 0x00, 0x00, 0x0f, 0x80,
	0xf0, 0x00, 0x00, 0x00, 0x0f, 0x80, 0xf0, 0x00, 0x00, 0x00, 0x0f, 0x80,
	0xf0, 0x00, 0x00, 0x00, 0x0f, 0x80, 0xf0, 0x00, 0x00, 0x00, 0x0f, 0x80,
	0xf0, 0x00, 0x00, 0x00, 0x0f, 0x80, 0xf0, 0x00, 0x00, 0x00, 0x0f, 0x80,
	0xf0, 0x00, 0x00, 0x00, 0x0f, 0x80, 0xf0, 0x00, 0x00, 0x00, 0x0f, 0x80,
	0xf0, 0x00, 0x00, 0x00, 0x0f, 0x80, 0xf0, 0x00, 0x00, 0x00, 0x0f, 0x80,
	0xf0, 0x00, 0x00, 0x00, 0x0f, 0x80, 0xf0, 0x00, 0x00, 0x00, 0x0f, 0x80,
	0xf0, 0x00, 0x00, 0x00, 0x0f, 0x80, 0xf0, 0x00, 0x00, 0x00, 0x0f, 0x80,
	0xf0, 0x00, 0x00, 0x00, 0x0f, 0x80, 0xf0, 0x00, 0x00, 0x00, 0x0f, 0x80,
	0xf0, 0x00, 0x00, 0x00, 0x0f, 0x80, 0xf8, 0x00, 0x00, 0x00, 0x0f, 0x80,
	0xf8, 0x00, 0x00, 0x00, 0x0f, 0x80, 0xf8, 0x00, 0x00, 0x00, 0x0f, 0x00,
	0xf8, 0x00, 0x00, 0x00, 0x0f, 0x00, 0x78, 0x00, 0x00, 0x00, 0x1f, 0x00,
	0x78, 0x00, 0x00, 0x00, 0x1f, 0x00, 0x7c, 0x00, 0x00, 0x00, 0x1f, 0x00,
	0x7c, 0x00, 0x00, 0x00, 0x1e, 0x00, 0x3e, 0x00, 0x00, 0x00, 0x3e, 0x00,
	0x3e, 0x00, 0x00, 0x00, 0x3e, 0x00, 0x1f, 0x00, 0x00, 0x00, 0x7c, 0x00,
	0x1f, 0x00, 0x00, 0x00, 0xfc, 0x00, 0x0f, 0x80, 0x00, 0x01, 0xf8, 0x00,
	0x0f, 0xc0, 0x00, 0x03, 0xf0, 0x00, 0x07, 0xf0, 0x00, 0x07, 0xf0, 0x00,
	0x03, 0xfc, 0x00, 0x1f, 0xe0, 0x00, 0x01, 0xff, 0xc1, 0xff, 0xc0, 0x00,
	0x00, 0xff, 0xff, 0xff, 0x80, 0x00, 0x00, 0x3f, 0xff, 0xfe, 0x00, 0x00,
	0x00, 0x0f, 0xff, 0xf8, 0x00, 0x00, 0x00, 0x01, 0xff, 0x80, 0x00, 0x00,
	0xff, 0xff, 0xff, 0x00, 0x00, 0xff, 0xff, 0xff, 0xf0, 0x00, 0xff, 0xff,
	0xff, 0xfc, 0x00, 0xff, 0xff, 0xff, 0xff, 0x00, 0xf0, 0x00, 0x03, 0xff,
	0x80, 0xf0, 0x00, 0x00, 0x3f, 0xc0, 0xf0, 0x00, 0x00, 0x0f, 0xe0, 0xf0,
	0x00, 0x00, 0x07, 0xf0, 0xf0, 0x00, 0x00, 0x01, 0xf0, 0xf0, 0x00, 0x00,
	0x01, 0xf8, 0xf0, 0x00, 0x00, 0x00, 0xf8, 0xf0, 0x00, 0x00, 0x00, 0x7c,
	0xf0, 0x00, 0x00, 0x00, 0x7c, 0xf0, 0x00, 0x00, 0x00, 0x3c, 0xf0, 0x00,
	0x00, 0x00, 0x3e, 0xf0, 0x00, 0x00, 0x00, 0x3e, 0xf0, 0x00, 0x00, 0x00,
	0x3e, 0xf0, 0x00, 0x00, 0x00, 0x1e, 0xf0, 0x00, 0x00, 0x00, 0x1e, 0xf0,
	0x00, 0x00, 0x00, 0x1f, 0xf0, 0x00, 0x00, 0x00, 0x1f, 0xf0, 0x00, 0x00,
	0x00, 0x1f, 0xf0, 0x00, 0x00, 0x00, 0x1f, 0xf0, 0x00, 0x00, 0x00, 0x1f,
	0xf0, 0x00, 0x00, 0x00, 0x1f, 0xf0, 0x00, 0x00, 0x00, 0x1f, 0xf0, 0x00,
	0x00, 0x00, 0x1f, 0xf0, 0x00, 0x00, 0x00, 0x1f, 0xf0, 0x00, 0x00, 0x00,
	0x1f, 0xf0, 0x00, 0x00, 0x00, 0x1f, 0xf0, 0x00, 0x00, 0x00, 0x1f, 0xf0,
	0x00, 0x00, 0x00, 0x1e, 0xf0, 0x00, 0x00, 0x00, 0x1e, 0xf0, 0x00, 0x00,
	0x00, 0x3e, 0xf0, 0x00, 0x00, 0x00, 0x3e, 0xf0, 0x00, 0x00, 0x00, 0x3e,
	0xf0, 0x00, 0x00, 0x00, 0x3c, 0xf0, 0x00, 0x00, 0x00, 0x7c, 0xf0, 0x00,
	0x00, 0x00, 0x7c, 0xf0, 0x00, 0x00, 0x00, 0xf8, 0xf0, 0x00, 0x00, 0x01,
	0xf8, 0xf0, 0x00, 0x00, 0x03, 0xf0, 0xf0, 0x00, 0x00, 0x07, 0xf0, 0xf0,
	0x00, 0x00, 0x0f, 0xe0, 0xf0, 0x00, 0x00, 0x7f, 0xc0, 0xf0, 0x00, 0x0f,
	0xff, 0x80, 0xff, 0xff, 0xff, 0xfe, 0x00, 0xff, 0xff, 0xff, 0xfc, 0x00,
	0xff, 0xff, 0xff, 0xe0, 0x00, 0xff, 0xff, 0xff, 0x00, 0x00, 0xf0, 0x00,
	0x00, 0x00, 0x00, 0xf0, 0x00, 0x00, 0x00, 0x00, 0xf0, 0x00, 0x00, 0x00,
	0x00, 0xf0, 0x00, 0x00, 0x00, 0x00, 0xf0, 0x00, 0x00, 0x00, 0x00, 0xf0,
	0x00, 0x00, 0x00, 0x00, 0xf0, 0x00, 0x00, 0x00, 0x00, 0xf0, 0x00, 0x00,
	0x00, 0x00, 0xf0, 0x00, 0x00, 0x00, 0x00, 0xf0, 0x00, 0x00, 0x00, 0x00,
	0xf0, 0x00, 0x00, 0x00, 0x00, 0xf0, 0x00, 0x00, 0x00, 0x00, 0xf0, 0x00,
	0x00, 0x00, 0x00, 0xf0, 0x00, 0x00, 0x00, 0x00, 0xf0, 0x00, 0x00, 0x00,
	0x00, 0xf0, 0x00, 0x00, 0x00, 0x00, 0xf0, 0x00, 0x00, 0x00, 0x00, 0xf0,
	0x00, 0x00, 0x00, 0x00, 0xf0, 0x00, 0x00, 0x00, 0x00, 0xf0, 0x00, 0x00,
	0x00, 0x00, 0xf0, 0x00, 0x00, 0x00, 0x00, 0xf0, 0x00, 0x00, 0x00, 0x00,
	0xf0, 0x00, 0x00, 0x00, 0x00, 0xf0, 0x00, 0x00, 0x00, 0x00, 0xf0, 0x00,
	0x00, 0x00, 0x00, 0xf0, 0x00, 0x00, 0x00, 0x00, 0xf0, 0x00, 0x00, 0x00,
	0x00, 0xf0, 0x00, 0x00, 0x00, 0x00, 0xf0, 0x00, 0x00, 0x00, 0x00, 0xf0,
	0x00, 0x00, 0x00, 0x00, 0xf0, 0x00, 0x00, 0x00, 0x00, 0xf0, 0x00, 0x00,
	0x00, 0x00, 0xf0, 0x00, 0x00, 0x00, 0x00, 0xf0, 0x00, 0x00, 0x00, 0x00,
	0xf0, 0x00, 0x00, 0x00, 0x00, 0xf0, 0x00, 0x00, 0x00, 0x00, 0xf0, 0x00,
	0x00, 0x00, 0x00, 0xf0, 0x00, 0x00, 0x00, 0x00, 0xf0, 0x00, 0x00, 0x00,
	0x00, 0xf0, 0x00, 0x00, 0x00, 0x00, 0xf0, 0x00, 0x00, 0x00, 0x00, 0xf0,
	0x00, 0x00, 0x00, 0x00, 0xf0, 0x00, 0x00, 0x00, 0x00, 0xf0, 0x00, 0x00,
	0x00, 0x00, 0xf0, 0x00, 0x00, 0x00, 0x00, 0xf0, 0x00, 0x00, 0x00, 0x00,
	0x00, 0x03, 0xff, 0xe0, 0x00, 0x00, 0x00, 0x1f, 0xff, 0xfc, 0x00, 0x00,
	0x00, 0x7f, 0xff, 0xff, 0x00, 0x00, 0x00, 0xff, 0xff, 0xff, 0x80, 0x00,
	0x01, 0xff, 0x80, 0xff, 0xc0, 0x00, 0x03, 0xf8, 0x00, 0x0f, 0xe0, 0x00,
	0x07, 0xe0, 0x00, 0x03, 0xf0, 0x00, 0x0f, 0xc0, 0x00, 0x01, 0xf8, 0x00,
	0x1f, 0x80, 0x00, 0x00, 0xfc, 0x00, 0x1f, 0x00, 0x00, 0x00, 0x7c, 0x00,
	0x3e, 0x00, 0x00, 0x00, 0x3e, 0x00, 0x3e, 0x00, 0x00, 0x00, 0x3e, 0x00,
	0x3c, 0x00, 0x00, 0x00, 0x1e, 0x00, 0x7c, 0x00, 0x00, 0x00, 0x1f, 0x00,
	0x7c, 0x00, 0x00, 0x00, 0x1f, 0x00, 0x78, 0x00, 0x00, 0x00, 0x0f, 0x00,
	0xf8, 0x00, 0x00, 0x00, 0x0f, 0x00, 0xf8, 0x00, 0x00, 0x00, 0x0f, 0x80,
	0xf8, 0x00, 0x00, 0x00, 0x0f, 0x80, 0xf8, 0x00, 0x00, 0x00, 0x0f, 0x80,
	0xf0, 0x00, 0x00, 0x00, 0x07, 0x80, 0xf0, 0x00, 0x00, 0x00, 0x07, 0x80,
	0xf0, 0x00, 0x00, 0x00, 0x07, 0x80, 0xf0, 0x00, 0x00, 0x00, 0x07, 0x80,
	0xf0, 0x00, 0x00, 0x00, 0x07, 0x80, 0xf0, 0x00, 0x00, 0x00, 0x07, 0x80,
	0xf0, 0x00, 0x00, 0x00, 0x07, 0x80, 0xf0, 0x00, 0x00, 0x00, 0x07, 0x80,
	0xf0, 0x00, 0x00, 0x00, 0x07, 0x80, 0xf0, 0x00, 0x00, 0x00, 0x07, 0x80,
	0xf0, 0x00, 0x00, 0x00, 0x07, 0x80, 0xf0, 0x00, 0x00, 0x00, 0x07, 0x80,
	0xf0, 0x00, 0x00, 0x00, 0x07, 0x80, 0xf0, 0x00, 0x00, 0x00, 0x07, 0x80,
	0xf0, 0x00, 0x00, 0x00, 0x07, 0x80, 0xf0, 0x00, 0x00, 0x00, 0x07, 0x80,
	0xf0, 0x00, 0x00, 0x00, 0x07, 0x80, 0xf0, 0x00, 0x00, 0x00, 0x07, 0x80,
	0xf0, 0x00, 0x00, 0x00, 0x07, 0x80, 0xf0, 0x00, 0x00, 0x00, 0x07, 0x80,
	0xf0, 0x00, 0x00, 0x00, 0x07, 0x80, 0xf0, 0x00, 0x00, 0x00, 0x07, 0x80,
	0xf0, 0x00, 0x00, 0x00, 0x07, 0x80, 0xf0, 0x00, 0x00, 0x00, 0x07, 0x80,
	0xf0, 0x00, 0x00, 0x00, 0x07, 0x80, 0xf0, 0x00, 0x00, 0x00, 0x07, 0x80,
	0xf0, 0x00, 0x00, 0x00, 0x07, 0x80, 0xf0, 0x00, 0x00, 0x00, 0x07, 0x80,
	0xf0, 0x00, 0x00, 0x00, 0x07, 0x80, 0xf0, 0x00, 0x00, 0x00, 0x07, 0x80,
	0xf0, 0x00, 0x00, 0x00, 0x07, 0x80, 0xf0, 0x00, 0x00, 0x00, 0x07, 0x80,
	0xf0, 0x00, 0x00, 0x00, 0x07, 0x80, 0xf0, 0x00, 0x00, 0x00, 0x07, 0x80,
	0xf0, 0x00, 0x00, 0x00, 0x07, 0x80, 0xf0, 0x00, 0x00, 0x00, 0x07, 0x80,
	0xf0, 0x00, 0x00, 0x00, 0x07, 0x80, 0xf0, 0x00, 0x00, 0x00, 0x07, 0x80,
	0xf0, 0x00, 0x00, 0x00, 0x07, 0x80, 0xf0, 0x00, 0x00, 0x00, 0x07, 0x80,
	0xf0, 0x00, 0x00, 0x00, 0x07, 0x80, 0xf0, 0x00, 0x00, 0x00, 0x07, 0x80,
	0xf0, 0x00, 0x00, 0x00, 0x07, 0x80, 0xf0, 0x00, 0x00, 0x00, 0x07, 0x80,
	0xf0, 0x00, 0x00, 0x00, 0x07, 0x80, 0xf0, 0x00, 0x00, 0x00, 0x07, 0x80,
	0xf0, 0x00, 0x00, 0x00, 0x07, 0x80, 0xf0, 0x00, 0x00, 0x00, 0x07, 0x80,
	0xf0, 0x00, 0x00, 0x00, 0x07, 0x80, 0xf0, 0x00, 0x00, 0x00, 0x07, 0x80,
	0xf0, 0x00, 0x00, 0x00, 0x07, 0x80, 0xf0, 0x00, 0x00, 0x00, 0x07, 0x80,
	0xf0, 0x00, 0x00, 0x00, 0x07, 0x80, 0xf0, 0x00, 0x00, 0x00, 0x07, 0x80,
	0xf0, 0x00, 0x00, 0x00, 0x07, 0x80, 0xf8, 0x00, 0x00, 0x00, 0x0f, 0x80,
	0xf8, 0x00, 0x00, 0x00, 0x0f, 0x80, 0xf8, 0x00, 0x00, 0x00, 0x0f, 0x80,
	0xf8, 0x00, 0x00, 0x00, 0x0f, 0x80, 0x78, 0x00, 0x00, 0x00, 0x0f, 0x00,
	0x78, 0x00, 0x00, 0x70, 0x1f, 0x00, 0x7c, 0x00, 0x00, 0xf8, 0x1f, 0x00,
	0x7c, 0x00, 0x00, 0xfc, 0x1f, 0x00, 0x3e, 0x00, 0x00, 0x7e, 0x3e, 0x00,
	0x3e, 0x00, 0x00, 0x3f, 0x3e, 0x00, 0x1f, 0x00, 0x00, 0x1f, 0x7c, 0x00,
	0x1f, 0x00, 0x00, 0x1f, 0xfc, 0x00, 0x0f, 0x80, 0x00, 0x0f, 0xf8, 0x00,
	0x0f, 0xc0, 0x00, 0x07, 0xf8, 0x00, 0x07, 0xe0, 0x00, 0x03, 0xf0, 0x00,
	0x03, 0xf8, 0x00, 0x0f, 0xf8, 0x00, 0x01, 0xff, 0x00, 0x7f, 0xf8, 0x00,
	0x00, 0xff, 0xff, 0xff, 0xfc, 0x00, 0x00, 0x7f, 0xff, 0xff, 0x7e, 0x00,
	0x00, 0x1f, 0xff, 0xfc, 0x3f, 0x00, 0x00, 0x03, 0xff, 0xe0, 0x1f, 0x80,
	0x00, 0x00, 0x00, 0x00, 0x0f, 0xc0, 0x00, 0x00, 0x00, 0x00, 0x0f, 0xc0,
	0x00, 0x00, 0x00, 0x00, 0x07, 0xc0, 0x00, 0x00, 0x00, 0x00, 0x03, 0x80,
	0xff, 0xff, 0xff, 0x80, 0x00, 0xff, 0xff, 0xff, 0xf0, 0x00, 0xff, 0xff,
	0xff, 0xfc, 0x00, 0xff, 0xff, 0xff, 0xff, 0x00, 0xf0, 0x00, 0x03, 0xff,
	0x80, 0xf0, 0x00, 0x00, 0x3f, 0xc0, 0xf0, 0x00, 0x00, 0x0f, 0xe0, 0xf0,
	0x00, 0x00, 0x07, 0xf0, 0xf0, 0x00, 0x00, 0x03, 0xf0, 0xf0, 0x00, 0x00,
	0x01, 0xf8, 0xf0, 0x00, 0x00, 0x00, 0xf8, 0xf0, 0x00, 0x00, 0x00, 0x7c,
	0xf0, 0x00, 0x00, 0x00, 0x7c, 0xf0, 0x00, 0x00, 0x00, 0x7c, 0xf0, 0x00,
	0x00, 0x00, 0x3e, 0xf0, 0x00, 0x00, 0x00, 0x3e, 0xf0, 0x00, 0x00, 0x00,
	0x3e, 0xf0, 0x00, 0x00, 0x00, 0x1e, 0xf0, 0x00, 0x00, 0x00, 0x1e, 0xf0,
	0x00, 0x00, 0x00, 0x1f, 0xf0, 0x00, 0x00, 0x00, 0x1f, 0xf0, 0x00, 0x00,
	0x00, 0x1f, 0xf0, 0x00, 0x00, 0x00, 0x1f, 0xf0, 0x00, 0x00, 0x00, 0x1f,
	0xf0, 0x00, 0x00, 0x00, 0x1f, 0xf0, 0x00, 0x00, 0x00, 0x1f, 0xf0, 0x00,
	0x00, 0x00, 0x1f, 0xf0, 0x00, 0x00, 0x00, 0x1f, 0xf0, 0x00, 0x00, 0x00,
	0x1f, 0xf0, 0x00, 0x00, 0x00, 0x1f, 0xf0, 0x00, 0x00, 0x00, 0x1f, 0xf0,
	0x00, 0x00, 0x00, 0x1e, 0xf0, 0x00, 0x00, 0x00, 0x1e, 0xf0, 0x00, 0x00,
	0x00, 0x3e, 0xf0, 0x00, 0x00, 0x00, 0x3e, 0xf0, 0x00, 0x00, 0x00, 0x3e,
	0xf0, 0x00, 0x00, 0x00, 0x3c, 0xf0, 0x00, 0x00, 0x00, 0x7c, 0xf0, 0x00,
	0x00, 0x00, 0x7c, 0xf0, 0x00, 0x00, 0x00, 0xf8, 0xf0, 0x00, 0x00, 0x00,
	0xf8, 0xf0, 0x00, 0x00, 0x01, 0xf0, 0xf0, 0x00, 0x00, 0x03, 0xf0, 0xf0,
	0x00, 0x00, 0x07, 0xe0, 0xf0, 0x00, 0x00, 0x1f, 0xc0, 0xf0, 0x00, 0x00,
	0xff, 0x80, 0xff, 0xff, 0xff, 0xff, 0x00, 0xff, 0xff, 0xff, 0xfe, 0x00,
	0xff, 0xff, 0xff, 0xf8, 0x00, 0xff, 0xff, 0xff, 0xfc, 0x00, 0xff, 0xff,
	0xff, 0xff, 0x00, 0xf0, 0x00, 0x01, 0xff, 0x80, 0xf0, 0x00, 0x00, 0x3f,
	0xc0, 0xf0, 0x00, 0x00, 0x0f, 0xe0, 0xf0, 0x00, 0x00, 0x07, 0xf0, 0xf0,
	0x00, 0x00, 0x01, 0xf0, 0xf0, 0x00, 0x00, 0x01, 0xf8, 0xf0, 0x00, 0x00,
	0x00, 0xfc, 0xf0, 0x00, 0x00, 0x00, 0x7c, 0xf0, 0x00, 0x00, 0x00, 0x7c,
	0xf0, 0x00, 0x00, 0x00, 0x3e, 0xf0, 0x00, 0x00, 0x00, 0x3e, 0xf0, 0x00,
	0x00, 0x00, 0x1e, 0xf0, 0x00, 0x00, 0x00, 0x1e, 0xf0, 0x00, 0x00, 0x00,
	0x1f, 0xf0, 0x00, 0x00, 0x00, 0x1f, 0xf0, 0x00, 0x00, 0x00, 0x1f, 0xf0,
	0x00, 0x00, 0x00, 0x1f, 0xf0, 0x00, 0x00, 0x00, 0x1f, 0xf0, 0x00, 0x00,
	0x00, 0x1f, 0xf0, 0x00, 0x00, 0x00, 0x1f, 0xf0, 0x00, 0x00, 0x00, 0x1f,
	0xf0, 0x00, 0x00, 0x00, 0x1f, 0xf0, 0x00, 0x00, 0x00, 0x1f, 0xf0, 0x00,
	0x00, 0x00, 0x1f, 0xf0, 0x00, 0x00, 0x00, 0x1f, 0xf0, 0x00, 0x00, 0x00,
	0x1f, 0xf0, 0x00, 0x00, 0x00, 0x1f, 0xf0, 0x00, 0x00, 0x00, 0x1f, 0xf0,
	0x00, 0x00, 0x00, 0x1f, 0xf0, 0x00, 0x00, 0x00, 0x1f, 0xf0, 0x00, 0x00,
	0x00, 0x1f, 0xf0, 0x00, 0x00, 0x00, 0x1f, 0xf0, 0x00, 0x00, 0x00, 0x1f,
	0xf0, 0x00, 0x00, 0x00, 0x1f, 0xf0, 0x00, 0x00, 0x00, 0x1f, 0xf0, 0x00,
	0x00, 0x00, 0x1f, 0xf0, 0x00, 0x00, 0x00, 0x1f, 0xf0, 0x00, 0x00, 0x00,
	0x1f, 0xf0, 0x00, 0x00, 0x00, 0x1f, 0xf0, 0x00, 0x00, 0x00, 0x1f, 0xf0,
	0x00, 0x00, 0x00, 0x1f, 0xf0, 0x00, 0x00, 0x00, 0x1f, 0xf0, 0x00, 0x00,
	0x00, 0x1f, 0xf0, 0x00, 0x00, 0x00, 0x0f, 0x60, 0x00, 0x00, 0x00, 0x0e,
	0x00, 0x01, 0xff, 0xc0, 0x00, 0x00, 0x00, 0x0f, 0xff, 0xf8, 0x00, 0x00,
	0x00, 0x3f, 0xff, 0xfe, 0x00, 0x00, 0x00, 0x7f, 0xff, 0xff, 0x80, 0x00,
	0x01, 0xff, 0x80, 0xff, 0xc0, 0x00, 0x03, 0xfc, 0x00, 0x1f, 0xe0, 0x00,
	0x03, 0xf0, 0x00, 0x07, 0xf0, 0x00, 0x07, 0xe0, 0x00, 0x01, 0xf8, 0x00,
	0x0f, 0xc0, 0x00, 0x00, 0xf8, 0x00, 0x0f, 0x80, 0x00, 0x00, 0xfc, 0x00,
	0x1f, 0x00, 0x00, 0x00, 0x7c, 0x00, 0x1f, 0x00, 0x00, 0x00, 0x3e, 0x00,
	0x3e, 0x00, 0x00, 0x00, 0x3e, 0x00, 0x3e, 0x00, 0x00, 0x00, 0x1e, 0x00,
	0x7c, 0x00, 0x00, 0x00, 0x1f, 0x00, 0x7c, 0x00, 0x00, 0x00, 0x1f, 0x00,
	0x78, 0x00, 0x00, 0x00, 0x1f, 0x00, 0x78, 0x00, 0x00, 0x00, 0x0f, 0x00,
	0xf8, 0x00, 0x00, 0x00, 0x0f, 0x00, 0xf8, 0x00, 0x00, 0x00, 0x0f, 0x80,
	0xf8, 0x00, 0x00, 0x00, 0x0f, 0x80, 0xf0, 0x00, 0x00, 0x00, 0x0f, 0x80,
	0xf0, 0x00, 0x00, 0x00, 0x0f, 0x80, 0xf0, 0x00, 0x00, 0x00, 0x0f, 0x80,
	0xf0, 0x00, 0x00, 0x00, 0x0f, 0x80, 0xf0, 0x00, 0x00, 0x00, 0x0f, 0x80,
	0xf0, 0x00, 0x00, 0x00, 0x07, 0x80, 0xf0, 0x00, 0x00, 0x00, 0x02, 0x00,
	0xf0, 0x00, 0x00, 0x00, 0x00, 0x00, 0xf8, 0x00, 0x00, 0x00, 0x00, 0x00,
	0xf8, 0x00, 0x00, 0x00, 0x00, 0x00, 0x78, 0x00, 0x00, 0x00, 0x00, 0x00,
	0x78, 0x00, 0x00, 0x00, 0x00, 0x00, 0x7c, 0x00, 0x00, 0x00, 0x00, 0x00,
	0x7c, 0x00, 0x00, 0x00, 0x00, 0x00, 0x3e, 0x00, 0x00, 0x00, 0x00, 0x00,
	0x3e, 0x00, 0x00, 0x00, 0x00, 0x00, 0x1f, 0x00, 0x00, 0x00, 0x00, 0x00,
	0x1f, 0x80, 0x00, 0x00, 0x00, 0x00, 0x0f, 0xc0, 0x00, 0x00, 0x00, 0x00,
	0x07, 0xe0, 0x00, 0x00, 0x00, 0x00, 0x03, 0xf0, 0x00, 0x00, 0x00, 0x00,
	0x01, 0xf8, 0x00, 0x00, 0x00, 0x00, 0x01, 0xfe, 0x00, 0x00, 0x00, 0x00,
	0x00, 0x7f, 0x80, 0x00, 0x00, 0x00, 0x00, 0x3f, 0xe0, 0x00, 0x00, 0x00,
	0x00, 0x1f, 0xf8, 0x00, 0x00, 0x00, 0x00, 0x07, 0xff, 0x00, 0x00, 0x00,
	0x00, 0x01, 0xff, 0xc0, 0x00, 0x00, 0x00, 0x00, 0x7f, 0xf0, 0x00, 0x00,
	0x00, 0x00, 0x1f, 0xf8, 0x00, 0x00, 0x00, 0x00, 0x07, 0xfe, 0x00, 0x00,
	0x00, 0x00, 0x01, 0xff, 0x00, 0x00, 0x00, 0x00, 0x00, 0x7f, 0x80, 0x00,
	0x00, 0x00, 0x00, 0x1f, 0xc0, 0x00, 0x00, 0x00, 0x00, 0x07, 0xe0, 0x00,
	0x00, 0x00, 0x00, 0x03, 0xf0, 0x00, 0x00, 0x00, 0x00, 0x01, 0xf8, 0x00,
	0x00, 0x00, 0x00, 0x00, 0xf8, 0x00, 0x00, 0x00, 0x00, 0x00, 0x7c, 0x00,
	0x00, 0x00, 0x00, 0x00, 0x7e, 0x00, 0x00, 0x00, 0x00, 0x00, 0x3e, 0x00,
	0x00, 0x00, 0x00, 0x00, 0x3e, 0x00, 0x00, 0x00, 0x00, 0x00, 0x1f, 0x00,
	0x00, 0x00, 0x00, 0x00, 0x1f, 0x00, 0x00, 0x00, 0x00, 0x00, 0x0f, 0x00,
	0x00, 0x00, 0x00, 0x00, 0x0f, 0x80, 0x00, 0x00, 0x00, 0x00, 0x0f, 0x80,
	0x60, 0x00, 0x00, 0x00, 0x0f, 0x80, 0xf0, 0x00, 0x00, 0x00, 0x0f, 0x80,
	0xf0, 0x00, 0x00, 0x00, 0x0f, 0x80, 0xf0, 0x00, 0x00, 0x00, 0x0f, 0x80,
	0xf0, 0x00, 0x00, 0x00, 0x0f, 0x80, 0xf0, 0x00, 0x00, 0x00, 0x0f, 0x80,
	0xf0, 0x00, 0x00, 0x00, 0x0f, 0x80, 0xf0, 0x00, 0x00, 0x00, 0x0f, 0x80,
	0xf8, 0x00, 0x00, 0x00, 0x0f, 0x80, 0xf8, 0x00, 0x00, 0x00, 0x0f, 0x00,
	0x78, 0x00, 0x00, 0x00, 0x0f, 0x00, 0x78, 0x00, 0x00, 0x00, 0x1f, 0x00,
	0x78, 0x00, 0x00, 0x00, 0x1f, 0x00, 0x7c, 0x00, 0x00, 0x00, 0x1e, 0x00,
	0x7c, 0x00, 0x00, 0x00, 0x3e, 0x00, 0x3e, 0x00, 0x00, 0x00, 0x3e, 0x00,
	0x3e, 0x00, 0x00, 0x00, 0x7c, 0x00, 0x1f, 0x00, 0x00, 0x00, 0x7c, 0x00,
	0x1f, 0x00, 0x00, 0x00, 0xf8, 0x00, 0x0f, 0x80, 0x00, 0x01, 0xf8, 0x00,
	0x0f, 0xc0, 0x00, 0x03, 0xf0, 0x00, 0x07, 0xf0, 0x00, 0x0f, 0xe0, 0x00,
	0x03, 0xfc, 0x00, 0x3f, 0xc0, 0x00, 0x01, 0xff, 0xff, 0xff, 0x80, 0x00,
	0x00, 0xff, 0xff, 0xff, 0x00, 0x00, 0x00, 0x3f, 0xff, 0xfc, 0x00, 0x00,
	0x00, 0x0f, 0xff, 0xf0, 0x00, 0x00, 0x00, 0x00, 0xff, 0x00, 0x00, 0x00,
	0xff, 0xff, 0xff, 0xff, 0xff, 0xff, 0xc0, 0xff, 0xff, 0xff, 0xff, 0xff,
	0xff, 0xc0, 0xff, 0xff, 0xff, 0xff, 0xff, 0xff, 0xc0, 0x7f, 0xff, 0xff,
	0xff, 0xff, 0xff, 0x80, 0x00, 0x00, 0x01, 0xe0, 0x00, 0x00, 0x00, 0x00,
	0x00, 0x01, 0xe0, 0x00, 0x00, 0x00, 0x00, 0x00, 0x01, 0xe0, 0x00, 0x00,
	0x00, 0x00, 0x00, 0x01, 0xe0, 0x00, 0x00, 0x00, 0x00, 0x00, 0x01, 0xe0,
	0x00, 0x00, 0x00, 0x00, 0x00, 0x01, 0xe0, 0x00, 0x00, 0x00, 0x00, 0x00,
	0x01, 0xe0, 0x00, 0x00, 0x00, 0x00, 0x00, 0x01, 0xe0, 0x00, 0x00, 0x00,
	0x00, 0x00, 0x01, 0xe0, 0x00, 0x00, 0x00, 0x00, 0x00, 0x01, 0xe0, 0x00,
	0x00, 0x00, 0x00, 0x00, 0x01, 0xe0, 0x00, 0x00, 0x00, 0x00, 0x00, 0x01,
	0xe0, 0x00, 0x00, 0x00, 0x00, 0x00, 0x01, 0xe0, 0x00, 0x00, 0x00, 0x00,
	0x00, 0x01, 0xe0, 0x00, 0x00, 0x00, 0x00, 0x00, 0x01, 0xe0, 0x00, 0x00,
	0x00, 0x00, 0x00, 0x01, 0xe0, 0x00, 0x00, 0x00, 0x00, 0x00, 0x01, 0xe0,
	0x00, 0x00, 0x00, 0x00, 0x00, 0x01, 0xe0, 0x00, 0x00, 0x00, 0x00, 0x00,
	0x01, 0xe0, 0x00, 0x00, 0x00, 0x00, 0x00, 0x01, 0xe0, 0x00, 0x00, 0x00,
	0x00, 0x00, 0x01, 0xe0, 0x00, 0x00, 0x00, 0x00, 0x00, 0x01, 0xe0, 0x00,
	0x00, 0x00, 0x00, 0x00, 0x01, 0xe0, 0x00, 0x00, 0x00, 0x00, 0x00, 0x01,
	0xe0, 0x00, 0x00, 0x00, 0x00, 0x00, 0x01, 0xe0, 0x00, 0x00, 0x00, 0x00,
	0x00, 0x01, 0xe0, 0x00, 0x00, 0x00, 0x00, 0x00, 0x01, 0xe0, 0x00, 0x00,
	0x00, 0x00, 0x00, 0x01, 0xe0, 0x00, 0x00, 0x00, 0x00, 0x00, 0x01, 0xe0,
	0x00, 0x00, 0x00, 0x00, 0x00, 0x01, 0xe0, 0x00, 0x00, 0x00, 0x00, 0x00,
	0x01, 0xe0, 0x00, 0x00, 0x00, 0x00, 0x00, 0x01, 0xe0, 0x00, 0x00, 0x00,
	0x00, 0x00, 0x01, 0xe0, 0x00, 0x00, 0x00, 0x00, 0x00, 0x01, 0xe0, 0x00,
	0x00, 0x00, 0x00, 0x00, 0x01, 0xe0, 0x00, 0x00, 0x00, 0x00, 0x00, 0x01,
	0xe0, 0x00, 0x00, 0x00, 0x00, 0x00, 0x01, 0xe0, 0x00, 0x00, 0x00, 0x00,
	0x00, 0x01, 0xe0, 0x00, 0x00, 0x00, 0x00, 0x00, 0x01, 0xe0, 0x00, 0x00,
	0x00, 0x00, 0x00, 0x01, 0xe0, 0x00, 0x00, 0x00, 0x00, 0x00, 0x01, 0xe0,
	0x00, 0x00, 0x00, 0x00, 0x00, 0x01, 0xe0, 0x00, 0x00, 0x00, 0x00, 0x00,
	0x01, 0xe0, 0x00, 0x00, 0x00, 0x00, 0x00, 0x01, 0xe0, 0x00, 0x00, 0x00,
	0x00, 0x00, 0x01, 0xe0, 0x00, 0x00, 0x00, 0x00, 0x00, 0x01, 0xe0, 0x00,
	0x00, 0x00, 0x00, 0x00, 0x01, 0xe0, 0x00, 0x00, 0x00, 0x00, 0x00, 0x01,
	0xe0, 0x00, 0x00, 0x00, 0x00, 0x00, 0x01, 0xe0, 0x00, 0x00, 0x00, 0x00,
	0x00, 0x01, 0xe0, 0x00, 0x00, 0x00, 0x00, 0x00, 0x01, 0xe0, 0x00, 0x00,
	0x00, 0x00, 0x00, 0x01, 0xe0, 0x00, 0x00, 0x00, 0x00, 0x00, 0x01, 0xe0,
	0x00, 0x00, 0x00, 0x00, 0x00, 0x01, 0xe0, 0x00, 0x00, 0x00, 0x00, 0x00,
	0x01, 0xe0, 0x00, 0x00, 0x00, 0x00, 0x00, 0x01, 0xe0, 0x00, 0x00, 0x00,
	0x00, 0x00, 0x01, 0xe0, 0x00, 0x00, 0x00, 0x00, 0x00, 0x01, 0xe0, 0x00,
	0x00, 0x00, 0x00, 0x00, 0x01, 0xe0, 0x00, 0x00, 0x00, 0x00, 0x00, 0x01,
	0xe0, 0x00, 0x00, 0x00, 0x00, 0x00, 0x01, 0xe0, 0x00, 0x00, 0x00, 0x00,
	0x00, 0x01, 0xe0, 0x00, 0x00, 0x00, 0x00, 0x00, 0x01, 0xe0, 0x00, 0x00,
	0x00, 0x00, 0x00, 0x01, 0xe0, 0x00, 0x00, 0x00, 0x00, 0x00, 0x01, 0xe0,
	0x00, 0x00, 0x00, 0x00, 0x00, 0x01, 0xe0, 0x00, 0x00, 0x00, 0x00, 0x00,
	0x01, 0xe0, 0x00, 0x00, 0x00, 0x00, 0x00, 0x01, 0xe0, 0x00, 0x00, 0x00,
	0x00, 0x00, 0x01, 0xe0, 0x00, 0x00, 0x00, 0x00, 0x00, 0x01, 0xe0, 0x00,
	0x00, 0x00, 0x00, 0x00, 0x01, 0xe0, 0x00, 0x00, 0x00, 0x00, 0x00, 0x01,
	0xe0, 0x00, 0x00, 0x00, 0x00, 0x00, 0x01, 0xe0, 0x00, 0x00, 0x00, 0x00,
	0x00, 0x01, 0xe0, 0x00, 0x00, 0x00, 0x00, 0x00, 0x01, 0xe0, 0x00, 0x00,
	0x00, 0x00, 0x00, 0x01, 0xe0, 0x00, 0x00, 0x00, 0x00, 0x00, 0x01, 0xe0,
	0x00, 0x00, 0x00, 0x00, 0x00, 0x01, 0xe0, 0x00, 0x00, 0x00, 0x00, 0x00,
	0x01, 0xe0, 0x00, 0x00, 0x00, 0x00, 0x00, 0x01, 0xe0, 0x00, 0x00, 0x00,
	0x00, 0x00, 0x01, 0xe0, 0x00, 0x00, 0x00, 0x00, 0x00, 0x01, 0xe0, 0x00,
	0x00, 0x00, 0x00, 0x00, 0x01, 0xe0, 0x00, 0x00, 0x00, 0x00, 0x00, 0x01,
	0xe0, 0x00, 0x00, 0x00, 0x00, 0x00, 0x01, 0xe0, 0x00, 0x00, 0x00, 0x00,
	0x00, 0x01, 0xe0, 0x00, 0x00, 0x00, 0x00, 0x00, 0x01, 0xe0, 0x00, 0x00,
	0x00, 0x00, 0x00, 0x01, 0xe0, 0x00, 0x00, 0x00, 0x00, 0x00, 0x01, 0xe0,
	0x00, 0x00, 0x00, 0x00, 0x00, 0x01, 0xe0, 0x00, 0x00, 0x00, 0x00, 0x00,
	0x01, 0xe0, 0x00, 0x00, 0x00, 0x00, 0x00, 0x00, 0xc0, 0x00, 0x00, 0x00,
	0xf0, 0x00, 0x00, 0x00, 0x38, 0xf0, 0x00, 0x00, 0x00, 0x3c, 0xf0, 0x00,
	0x00, 0x00, 0x3c, 0xf0, 0x00, 0x00, 0x00, 0x3c, 0xf0, 0x00, 0x00, 0x00,
	0x3c, 0xf0, 0x00, 0x00, 0x00, 0x3c, 0xf0, 0x00, 0x00, 0x00, 0x3c, 0xf0,
	0x00, 0x00, 0x00, 0x3c, 0xf0, 0x00, 0x00, 0x00, 0x3c, 0xf0, 0x00, 0x00,
	0x00, 0x3c, 0xf0, 0x00, 0x00, 0x00, 0x3c, 0xf0, 0x00, 0x00, 0x00, 0x3c,
	0xf0, 0x00, 0x00, 0x00, 0x3c, 0xf0, 0x00, 0x00, 0x00, 0x3c, 0xf0, 0x00,
	0x00, 0x00, 0x3c, 0xf0, 0x00, 0x00, 0x00, 0x3c, 0xf0, 0x00, 0x00, 0x00,
	0x3c, 0xf0, 0x00, 0x00, 0x00, 0x3c, 0xf0, 0x00, 0x00, 0x00, 0x3c, 0xf0,
	0x00, 0x00, 0x00, 0x3c, 0xf0, 0x00, 0x00, 0x00, 0x3c, 0xf0, 0x00, 0x00,
	0x00, 0x3c, 0xf0, 0x00, 0x00, 0x00, 0x3c, 0xf0, 0x00, 0x00, 0x00, 0x3c,
	0xf0, 0x00, 0x00, 0x00, 0x3c, 0xf0, 0x00, 0x00, 0x00, 0x3c, 0xf0, 0x00,
	0x00, 0x00, 0x3c, 0xf0, 0x00, 0x00, 0x00, 0x3c, 0xf0, 0x00, 0x00, 0x00,
	0x3c, 0xf0, 0x00, 0x00, 0x00, 0x3c, 0xf0, 0x00, 0x00, 0x00, 0x3c, 0xf0,
	0x00, 0x00, 0x00, 0x3c, 0xf0, 0x00, 0x00, 0x00, 0x3c, 0xf0, 0x00, 0x00,
	0x00, 0x3c, 0xf0, 0x00, 0x00, 0x00, 0x3c, 0xf0, 0x00, 0x00, 0x00, 0x3c,
	0xf0, 0x00, 0x00, 0x00, 0x3c, 0xf0, 0x00, 0x00, 0x00, 0x3c, 0xf0, 0x00,
	0x00, 0x00, 0x3c, 0xf0, 0x00, 0x00, 0x00, 0x3c, 0xf0, 0x00, 0x00, 0x00,
	0x3c, 0xf0, 0x00, 0x00, 0x00, 0x3c, 0xf0, 0x00, 0x00, 0x00, 0x3c, 0xf0,
	0x00, 0x00, 0x00, 0x3c, 0xf0, 0x00, 0x00, 0x00, 0x3c, 0xf0, 0x00, 0x00,
	0x00, 0x3c, 0xf0, 0x00, 0x00, 0x00, 0x3c, 0xf0, 0x00, 0x00, 0x00, 0x3c,
	0xf0, 0x00, 0x00, 0x00, 0x3c, 0xf0, 0x00, 0x00, 0x00, 0x3c, 0xf0, 0x00,
	0x00, 0x00, 0x3c, 0xf0, 0x00, 0x00, 0x00, 0x3c, 0xf0, 0x00, 0x00, 0x00,
	0x3c, 0xf0, 0x00, 0x00, 0x00, 0x3c, 0xf0, 0x00, 0x00, 0x00, 0x3c, 0xf0,
	0x00, 0x00, 0x00, 0x3c, 0xf0, 0x00, 0x00, 0x00, 0x3c, 0xf0, 0x00, 0x00,
	0x00, 0x3c, 0xf0, 0x00, 0x00, 0x00, 0x3c, 0xf0, 0x00, 0x00, 0x00, 0x3c,
	0xf0, 0x00, 0x00, 0x00, 0x3c, 0xf0, 0x00, 0x00, 0x00, 0x3c, 0xf0, 0x00,
	0x00, 0x00, 0x3c, 0xf0, 0x00, 0x00, 0x00, 0x3c, 0xf0, 0x00, 0x00, 0x00,
	0x3c, 0xf0, 0x00, 0x00, 0x00, 0x3c, 0xf0, 0x00, 0x00, 0x00, 0x3c, 0xf0,
	0x00, 0x00, 0x00, 0x3c, 0xf0, 0x00, 0x00, 0x00, 0x3c, 0xf0, 0x00, 0x00,
	0x00, 0x3c, 0xf0, 0x00, 0x00, 0x00, 0x3c, 0xf0, 0x00, 0x00, 0x00, 0x3c,
	0xf0, 0x00, 0x00, 0x00, 0x3c, 0xf0, 0x00, 0x00, 0x00, 0x3c, 0xf0, 0x00,
	0x00, 0x00, 0x7c, 0xf0, 0x00, 0x00, 0x00, 0x7c, 0xf0, 0x00, 0x00, 0x00,
	0x7c, 0xf0, 0x00, 0x00, 0x00, 0x7c, 0xf8, 0x00, 0x00, 0x00, 0x7c, 0xf8,
	0x00, 0x00, 0x00, 0x78, 0xf8, 0x00, 0x00, 0x00, 0x78, 0x78, 0x00, 0x00,
	0x00, 0xf8, 0x7c, 0x00, 0x00, 0x00, 0xf8, 0x7c, 0x00, 0x00, 0x00, 0xf0,
	0x3c, 0x00, 0x00, 0x01, 0xf0, 0x3e, 0x00, 0x00, 0x01, 0xf0, 0x1f, 0x00,
	0x00, 0x03, 0xe0, 0x1f, 0x00, 0x00, 0x07, 0xe0, 0x0f, 0x80, 0x00, 0x0f,
	0xc0, 0x0f, 0xe0, 0x00, 0x1f, 0x80, 0x07, 0xf8, 0x00, 0x7f, 0x80, 0x03,
	0xff, 0xff, 0xff, 0x00, 0x01, 0xff, 0xff, 0xfc, 0x00, 0x00, 0x7f, 0xff,
	0xf8, 0x00, 0x00, 0x1f, 0xff, 0xe0, 0x00, 0x00, 0x01, 0xfe, 0x00, 0x00,
	0xf0, 0x00, 0x00, 0x00, 0x00, 0x03, 0x80, 0xf0, 0x00, 0x00, 0x00, 0x00,
	0x07, 0xc0, 0xf0, 0x00, 0x00, 0x00, 0x00, 0x07, 0xc0, 0xf8, 0x00, 0x00,
	0x00, 0x00, 0x07, 0x80, 0xf8, 0x00, 0x00, 0x00, 0x00, 0x07, 0x80, 0x78,
	0x00, 0x00, 0x00, 0x00, 0x0f, 0x80, 0x78, 0x00, 0x00, 0x00, 0x00, 0x0f,
	0x80, 0x7c, 0x00, 0x00, 0x00, 0x00, 0x0f, 0x00, 0x7c, 0x00, 0x00, 0x00,
	0x00, 0x0f, 0x00, 0x7c, 0x00, 0x00, 0x00, 0x00, 0x1f, 0x00, 0x3c, 0x00,
	0x00, 0x00, 0x00, 0x1f, 0x00, 0x3e, 0x00, 0x00, 0x00, 0x00, 0x1f, 0x00,
	0x3e, 0x00, 0x00, 0x00, 0x00, 0x1e, 0x00, 0x3e, 0x00, 0x00, 0x00, 0x00,
	0x3e, 0x00, 0x1e, 0x00, 0x00, 0x00, 0x00, 0x3e, 0x00, 0x1f, 0x00, 0x00,
	0x00, 0x00, 0x3c, 0x00, 0x1f, 0x00, 0x00, 0x00, 0x00, 0x3c, 0x00, 0x0f,
	0x00, 0x00, 0x00, 0x00, 0x7c, 0x00, 0x0f, 0x00, 0x00, 0x00, 0x00, 0x7c,
	0x00, 0x0f, 0x80, 0x00, 0x00, 0x00, 0x7c, 0x00, 0x0f, 0x80, 0x00, 0x00,
	0x00, 0x78, 0x00, 0x0f, 0x80, 0x00, 0x00, 0x00, 0xf8, 0x00, 0x07, 0x80,
	0x00, 0x00, 0x00, 0xf8, 0x00, 0x07, 0xc0, 0x00, 0x00, 0x00, 0xf8, 0x00,
	0x07, 0xc0, 0x00, 0x00, 0x00, 0xf0, 0x00, 0x07, 0xc0, 0x00, 0x00, 0x01,
	0xf0, 0x00, 0x03, 0xc0, 0x00, 0x00, 0x01, 0xf0, 0x00, 0x03, 0xe0, 0x00,
	0x00, 0x01, 0xf0, 0x00, 0x03, 0xe0, 0x00, 0x00, 0x01, 0xe0, 0x00, 0x01,
	0xe0, 0x00, 0x00, 0x03, 0xe0, 0x00, 0x01, 0xe0, 0x00, 0x00, 0x03, 0xe0,
	0x00, 0x01, 0xf0, 0x00, 0x00, 0x03, 0xe0, 0x00, 0x01, 0xf0, 0x00, 0x00,
	0x03, 0xc0, 0x00, 0x01, 0xf0, 0x00, 0x00, 0x07, 0xc0, 0x00, 0x00, 0xf0,
	0x00, 0x00, 0x07, 0xc0, 0x00, 0x00, 0xf8, 0x00, 0x00, 0x07, 0xc0, 0x00,
	0x00, 0xf8, 0x00, 0x00, 0x07, 0x80, 0x00, 0x00, 0xf8, 0x00, 0x00, 0x0f,
	0x80, 0x00, 0x00, 0x78, 0x00, 0x00, 0x0f, 0x80, 0x00, 0x00, 0x7c, 0x00,
	0x00, 0x0f, 0x80, 0x00, 0x00, 0x7c, 0x00, 0x00, 0x0f, 0x00, 0x00, 0x00,
	0x7c, 0x00, 0x00, 0x1f, 0x00, 0x00, 0x00, 0x3c, 0x00, 0x00, 0x1f, 0x00,
	0x00, 0x00, 0x3e, 0x00, 0x00, 0x1f, 0x00, 0x00, 0x00, 0x3e, 0x00, 0x00,
	0x1e, 0x00, 0x00, 0x00, 0x3e, 0x00, 0x00, 0x3e, 0x00, 0x00, 0x00, 0x1e,
	0x00, 0x00, 0x3e, 0x00, 0x00, 0x00, 0x1f, 0x00, 0x00, 0x3e, 0x00, 0x00,
	0x00, 0x1f, 0x00, 0x00, 0x3c, 0x00, 0x00, 0x00, 0x1f, 0x00, 0x00, 0x7c,
	0x00, 0x00, 0x00, 0x0f, 0x00, 0x00, 0x7c, 0x00, 0x00, 0x00, 0x0f, 0x80,
	0x00, 0x7c, 0x00, 0x00, 0x00, 0x0f, 0x80, 0x00, 0x78, 0x00, 0x00, 0x00,
	0x0f, 0x80, 0x00, 0xf8, 0x00, 0x00, 0x00, 0x07, 0x80, 0x00, 0xf8, 0x00,
	0x00, 0x00, 0x07, 0xc0, 0x00, 0xf8, 0x00, 0x00, 0x00, 0x07, 0xc0, 0x00,
	0xf0, 0x00, 0x00, 0x00, 0x07, 0xc0, 0x01, 0xf0, 0x00, 0x00, 0x00, 0x03,
	0xc0, 0x01, 0xf0, 0x00, 0x00, 0x00, 0x03, 0xe0, 0x01, 0xf0, 0x00, 0x00,
	0x00, 0x03, 0xe0, 0x01, 0xe0, 0x00, 0x00, 0x00, 0x03, 0xe0, 0x03, 0xe0,
	0x00, 0x00, 0x00, 0x01, 0xe0, 0x03, 0xe0, 0x00, 0x00, 0x00, 0x01, 0xf0,
	0x03, 0xe0, 0x00, 0x00, 0x00, 0x01, 0xf0, 0x03, 0xc0, 0x00, 0x00, 0x00,
	0x01, 0xf0, 0x07, 0xc0, 0x00, 0x00, 0x00, 0x00, 0xf0, 0x07, 0xc0, 0x00,
	0x00, 0x00, 0x00, 0xf8, 0x07, 0xc0, 0x00, 0x00, 0x00, 0x00, 0xf8, 0x07,
	0x80, 0x00, 0x00, 0x00, 0x00, 0xf8, 0x0f, 0x80, 0x00, 0x00, 0x00, 0x00,
	0x78, 0x0f, 0x80, 0x00, 0x00, 0x00, 0x00, 0x7c, 0x0f, 0x80, 0x00, 0x00,
	0x00, 0x00, 0x7c, 0x0f, 0x00, 0x00, 0x00, 0x00, 0x00, 0x7c, 0x1f, 0x00,
	0x00, 0x00, 0x00, 0x00, 0x3c, 0x1f, 0x00, 0x00, 0x00, 0x00, 0x00, 0x3e,
	0x1f, 0x00, 0x00, 0x00, 0x00, 0x00, 0x3e, 0x1e, 0x00, 0x00, 0x00, 0x00,
	0x00, 0x3e, 0x3e, 0x00, 0x00, 0x00, 0x00, 0x00, 0x1e, 0x3e, 0x00, 0x00,
	0x00, 0x00, 0x00, 0x1f, 0x3e, 0x00, 0x00, 0x00, 0x00, 0x00, 0x1f, 0x3c,
	0x00, 0x00, 0x00, 0x00, 0x00, 0x1f, 0x7c, 0x00, 0x00, 0x00, 0x00, 0x00,
	0x0f, 0x7c, 0x00, 0x00, 0x00, 0x00, 0x00, 0x0f, 0xfc, 0x00, 0x00, 0x00,
	0x00, 0x00, 0x0f, 0xf8, 0x00, 0x00, 0x00, 0x00, 0x00, 0x0f, 0xf8, 0x00,
	0x00, 0x00, 0x00, 0x00, 0x07, 0xf8, 0x00, 0x00, 0x00, 0x00, 0x00, 0x07,
	0xf8, 0x00, 0x00, 0x00, 0x00, 0x00, 0x07, 0xf0, 0x00, 0x00, 0x00, 0x00,
	0x00, 0x07, 0xf0, 0x00, 0x00, 0x00, 0x00, 0x00, 0x03, 0xf0, 0x00, 0x00,
	0x00, 0x00, 0x00, 0x03, 0xf0, 0x00, 0x00, 0x00, 0x00, 0x00, 0x03, 0xe0,
	0x00, 0x00, 0x00, 0x00, 0x00, 0x03, 0xe0, 0x00, 0x00, 0x00, 0x00, 0x00,
	0x01, 0xe0, 0x00, 0x00, 0x00, 0x00, 0x00, 0x00, 0xc0, 0x00, 0x00, 0x00,
	0xf0, 0x00, 0x00, 0x00, 0x00, 0x78, 0x00, 0x00, 0x00, 0x00, 0x38, 0xf0,
	0x00, 0x00, 0x00, 0x00, 0x78, 0x00, 0x00, 0x00, 0x00, 0x7c, 0xf8, 0x00,
	0x00, 0x00, 0x00, 0xf8, 0x00, 0x00, 0x00, 0x00, 0x7c, 0xf8, 0x00, 0x00,
	0x00, 0x00, 0xfc, 0x00, 0x00, 0x00, 0x00, 0x7c, 0xf8, 0x00, 0x00, 0x00,
	0x00, 0xfc, 0x00, 0x00, 0x00, 0x00, 0x78, 0xf8, 0x00, 0x00, 0x00, 0x00,
	0xfc, 0x00, 0x00, 0x00, 0x00, 0x78, 0x78, 0x00, 0x00, 0x00, 0x00, 0xfc,
	0x00, 0x00, 0x00, 0x00, 0xf8, 0x7c, 0x00, 0x00, 0x00, 0x01, 0xfc, 0x00,
	0x00, 0x00, 0x00, 0xf8, 0x7c, 0x00, 0x00, 0x00, 0x01, 0xfe, 0x00, 0x00,
	0x00, 0x00, 0xf8, 0x7c, 0x00, 0x00, 0x00, 0x01, 0xfe, 0x00, 0x00, 0x00,
	0x00, 0xf0, 0x3c, 0x00, 0x00, 0x00, 0x01, 0xfe, 0x00, 0x00, 0x00, 0x01,
	0xf0, 0x3e, 0x00, 0x00, 0x00, 0x03, 0xfe, 0x00, 0x00, 0x00, 0x01, 0xf0,
	0x3e, 0x00, 0x00, 0x00, 0x03, 0xff, 0x00, 0x00, 0x00, 0x01, 0xf0, 0x3e,
	0x00, 0x00, 0x00, 0x03, 0xff, 0x00, 0x00, 0x00, 0x01, 0xe0, 0x3e, 0x00,
	0x00, 0x00, 0x03, 0xdf, 0x00, 0x00, 0x00, 0x01, 0xe0, 0x1e, 0x00, 0x00,
	0x00, 0x03, 0xcf, 0x00, 0x00, 0x00, 0x03, 0xe0, 0x1f, 0x00, 0x00, 0x00,
	0x07, 0xcf, 0x00, 0x00, 0x00, 0x03, 0xe0, 0x1f, 0x00, 0x00, 0x00, 0x07,
	0xcf, 0x80, 0x00, 0x00, 0x03, 0xe0, 0x1f, 0x00, 0x00, 0x00, 0x07, 0xcf,
	0x80, 0x00, 0x00, 0x03, 0xc0, 0x0f, 0x00, 0x00, 0x00, 0x07, 0x8f, 0x80,
	0x00, 0x00, 0x07, 0xc0, 0x0f, 0x00, 0x00, 0x00, 0x0f, 0x87, 0x80, 0x00,
	0x00, 0x07, 0xc0, 0x0f, 0x80, 0x00, 0x00, 0x0f, 0x87, 0xc0, 0x00, 0x00,
	0x07, 0xc0, 0x0f, 0x80, 0x00, 0x00, 0x0f, 0x87, 0xc0, 0x00, 0x00, 0x07,
	0x80, 0x0f, 0x80, 0x00, 0x00, 0x0f, 0x07, 0xc0, 0x00, 0x00, 0x07, 0x80,
	0x07, 0x80, 0x00, 0x00, 0x0f, 0x03, 0xc0, 0x00, 0x00, 0x0f, 0x80, 0x07,
	0xc0, 0x00, 0x00, 0x1f, 0x03, 0xc0, 0x00, 0x00, 0x0f, 0x80, 0x07, 0xc0,
	0x00, 0x00, 0x1f, 0x03, 0xe0, 0x00, 0x00, 0x0f, 0x80, 0x07, 0xc0, 0x00,
	0x00, 0x1f, 0x03, 0xe0, 0x00, 0x00, 0x0f, 0x00, 0x03, 0xc0, 0x00, 0x00,
	0x1e, 0x03, 0xe0, 0x00, 0x00, 0x1f, 0x00, 0x03, 0xe0, 0x00, 0x00, 0x3e,
	0x01, 0xe0, 0x00, 0x00, 0x1f, 0x00, 0x03, 0xe0, 0x00, 0x00, 0x3e, 0x01,
	0xf0, 0x00, 0x00, 0x1f, 0x00, 0x03, 0xe0, 0x00, 0x00, 0x3e, 0x01, 0xf0,
	0x00, 0x00, 0x1e, 0x00, 0x03, 0xe0, 0x00, 0x00, 0x3c, 0x01, 0xf0, 0x00,
	0x00, 0x1e, 0x00, 0x01, 0xe0, 0x00, 0x00, 0x3c, 0x00, 0xf0, 0x00, 0x00,
	0x3e, 0x00, 0x01, 0xf0, 0x00, 0x00, 0x7c, 0x00, 0xf0, 0x00, 0x00, 0x3e,
	0x00, 0x01, 0xf0, 0x00, 0x00, 0x7c, 0x00, 0xf8, 0x00, 0x00, 0x3e, 0x00,
	0x01, 0xf0, 0x00, 0x00, 0x7c, 0x00, 0xf8, 0x00, 0x00, 0x3c, 0x00, 0x00,
	0xf0, 0x00, 0x00, 0x78, 0x00, 0xf8, 0x00, 0x00, 0x7c, 0x00, 0x00, 0xf8,
	0x00, 0x00, 0xf8, 0x00, 0x78, 0x00, 0x00, 0x7c, 0x00, 0x00, 0xf8, 0x00,
	0x00, 0xf8, 0x00, 0x7c, 0x00, 0x00, 0x7c, 0x00, 0x00, 0xf8, 0x00, 0x00,
	0xf8, 0x00, 0x7c, 0x00, 0x00, 0x78, 0x00, 0x00, 0xf8, 0x00, 0x00, 0xf0,
	0x00, 0x7c, 0x00, 0x00, 0x78, 0x00, 0x00, 0x78, 0x00, 0x00, 0xf0, 0x00,
	0x3c, 0x00, 0x00, 0xf8, 0x00, 0x00, 0x7c, 0x00, 0x01, 0xf0, 0x00, 0x3c,
	0x00, 0x00, 0xf8, 0x00, 0x00, 0x7c, 0x00, 0x01, 0xf0, 0x00, 0x3e, 0x00,
	0x00, 0xf8, 0x00, 0x00, 0x7c, 0x00, 0x01, 0xf0, 0x00, 0x3e, 0x00, 0x00,
	0xf0, 0x00, 0x00, 0x3c, 0x00, 0x01, 0xe0, 0x00, 0x1e, 0x00, 0x01, 0xf0,
	0x00, 0x00, 0x3e, 0x00, 0x03, 0xe0, 0x00, 0x1e, 0x00, 0x01, 0xf0, 0x00,
	0x00, 0x3e, 0x00, 0x03, 0xe0, 0x00, 0x1f, 0x00, 0x01, 0xf0, 0x00, 0x00,
	0x3e, 0x00, 0x03, 0xe0, 0x00, 0x1f, 0x00, 0x01, 0xe0, 0x00, 0x00, 0x1e,
	0x00, 0x03, 0xc0, 0x00, 0x1f, 0x00, 0x01, 0xe0, 0x00, 0x00, 0x1e, 0x00,
	0x03, 0xc0, 0x00, 0x0f, 0x00, 0x03, 0xe0, 0x00, 0x00, 0x1f, 0x00, 0x07,
	0xc0, 0x00, 0x0f, 0x00, 0x03, 0xe0, 0x00, 0x00, 0x1f, 0x00, 0x07, 0xc0,
	0x00, 0x0f, 0x80, 0x03, 0xe0, 0x00, 0x00, 0x1f, 0x00, 0x07, 0xc0, 0x00,
	0x0f, 0x80, 0x03, 0xc0, 0x00, 0x00, 0x0f, 0x00, 0x07, 0x80, 0x00, 0x07,
	0x80, 0x07, 0xc0, 0x00, 0x00, 0x0f, 0x80, 0x0f, 0x80, 0x00, 0x07, 0x80,
	0x07, 0xc0, 0x00, 0x00, 0x0f, 0x80, 0x0f, 0x80, 0x00, 0x07, 0xc0, 0x07,
	0xc0, 0x00, 0x00, 0x0f, 0x80, 0x0f, 0x80, 0x00, 0x07, 0xc0, 0x07, 0x80,
	0x00, 0x00, 0x07, 0x80, 0x0f, 0x00, 0x00, 0x07, 0xc0, 0x07, 0x80, 0x00,
	0x00, 0x07, 0x80, 0x0f, 0x00, 0x00, 0x03, 0xc0, 0x0f, 0x80, 0x00, 0x00,
	0x07, 0xc0, 0x1f, 0x00, 0x00, 0x03, 0xc0, 0x0f, 0x80, 0x00, 0x00, 0x07,
	0xc0, 0x1f, 0x00, 0x00, 0x03, 0xe0, 0x0f, 0x80, 0x00, 0x00, 0x07, 0xc0,
	0x1f, 0x00, 0x00, 0x03, 0xe0, 0x0f, 0x00, 0x00, 0x00, 0x03, 0xc0, 0x1e,
	0x00, 0x00, 0x01, 0xe0, 0x1f, 0x00, 0x00, 0x00, 0x03, 0xe0, 0x3e, 0x00,
	0x00, 0x01, 0xe0, 0x1f, 0x00, 0x00, 0x00, 0x03, 0xe0, 0x3e, 0x00, 0x00,
	0x01, 0xf0, 0x1f, 0x00, 0x00, 0x00, 0x03, 0xe0, 0x3e, 0x00, 0x00, 0x01,
	0xf0, 0x1e, 0x00, 0x00, 0x00, 0x01, 0xe0, 0x3c, 0x00, 0x00, 0x01, 0xf0,
	0x1e, 0x00, 0x00, 0x00, 0x01, 0xe0, 0x3c, 0x00, 0x00, 0x00, 0xf0, 0x3e,
	0x00, 0x00, 0x00, 0x01, 0xf0, 0x7c, 0x00, 0x00, 0x00, 0xf0, 0x3e, 0x00,
	0x00, 0x00, 0x01, 0xf0, 0x7c, 0x00, 0x00, 0x00, 0xf8, 0x3e, 0x00, 0x00,
	0x00, 0x01, 0xf0, 0x7c, 0x00, 0x00, 0x00, 0xf8, 0x3c, 0x00, 0x00, 0x00,
	0x00, 0xf0, 0x78, 0x00, 0x00, 0x00, 0x78, 0x7c, 0x00, 0x00, 0x00, 0x00,
	0xf8, 0xf8, 0x00, 0x00, 0x00, 0x78, 0x7c, 0x00, 0x00, 0x00, 0x00, 0xf8,
	0xf8, 0x00, 0x00, 0x00, 0x7c, 0x7c, 0x00, 0x00, 0x00, 0x00, 0xf8, 0xf8,
	0x00, 0x00, 0x00, 0x7c, 0x78, 0x00, 0x00, 0x00, 0x00, 0x78, 0xf0, 0x00,
	0x00, 0x00, 0x7c, 0x78, 0x00, 0x00, 0x00, 0x00, 0x79, 0xf0, 0x00, 0x00,
	0x00, 0x3c, 0xf8, 0x00, 0x00, 0x00, 0x00, 0x7d, 0xf0, 0x00, 0x00, 0x00,
	0x3c, 0xf8, 0x00, 0x00, 0x00, 0x00, 0x7d, 0xf0, 0x00, 0x00, 0x00, 0x3e,
	0xf8, 0x00, 0x00, 0x00, 0x00, 0x7d, 0xf0, 0x00, 0x00, 0x00, 0x3e, 0xf0,
	0x00, 0x00, 0x00, 0x00, 0x3d, 0xe0, 0x00, 0x00, 0x00, 0x1f, 0xf0, 0x00,
	0x00, 0x00, 0x00, 0x3f, 0xe0, 0x00, 0x00, 0x00, 0x1f, 0xf0, 0x00, 0x00,
	0x00, 0x00, 0x3f, 0xe0, 0x00, 0x00, 0x00, 0x1f, 0xf0, 0x00, 0x00, 0x00,
	0x00, 0x3f, 0xe0, 0x00, 0x00, 0x00, 0x1f, 0xe0, 0x00, 0x00, 0x00, 0x00,
	0x1f, 0xc0, 0x00, 0x00, 0x00, 0x1f, 0xe0, 0x00, 0x00, 0x00, 0x00, 0x1f,
	0xc0, 0x00, 0x00, 0x00, 0x0f, 0xe0, 0x00, 0x00, 0x00, 0x00, 0x1f, 0xc0,
	0x00, 0x00, 0x00, 0x0f, 0xe0, 0x00, 0x00, 0x00, 0x00, 0x1f, 0xc0, 0x00,
	0x00, 0x00, 0x0f, 0xc0, 0x00, 0x00, 0x00, 0x00, 0x1f, 0xc0, 0x00, 0x00,
	0x00, 0x0f, 0xc0, 0x00, 0x00, 0x00, 0x00, 0x0f, 0x80, 0x00, 0x00, 0x00,
	0x07, 0xc0, 0x00, 0x00, 0x00, 0x00, 0x0f, 0x80, 0x00, 0x00, 0x00, 0x07,
	0xc0, 0x00, 0x00, 0x00, 0x00, 0x0f, 0x80, 0x00, 0x00, 0x00, 0x07, 0xc0,
	0x00, 0x00, 0x00, 0x00, 0x0f, 0x80, 0x00, 0x00, 0x00, 0x07, 0x80, 0x00,
	0x00, 0x00, 0x00, 0x07, 0x00, 0x00, 0x00, 0x00, 0x03, 0x80, 0x00, 0x00,
	0x70, 0x00, 0x00, 0x00, 0x00, 0x0e, 0xf0, 0x00, 0x00, 0x00, 0x00, 0x1f,
	0xf8, 0x00, 0x00, 0x00, 0x00, 0x1f, 0xf8, 0x00, 0x00, 0x00, 0x00, 0x3e,
	0x7c, 0x00, 0x00, 0x00, 0x00, 0x3e, 0x7c, 0x00, 0x00, 0x00, 0x00, 0x7c,
	0x3e, 0x00, 0x00, 0x00, 0x00, 0x7c, 0x3e, 0x00, 0x00, 0x00, 0x00, 0xfc,
	0x1f, 0x00, 0x00, 0x00, 0x00, 0xf8, 0x1f, 0x00, 0x00, 0x00, 0x01, 0xf8,
	0x0f, 0x80, 0x00, 0x00, 0x01, 0xf0, 0x0f, 0x80, 0x00, 0x00, 0x01, 0xf0,
	0x0f, 0xc0, 0x00, 0x00, 0x03, 0xe0, 0x07, 0xc0, 0x00, 0x00, 0x03, 0xe0,
	0x07, 0xe0, 0x00, 0x00, 0x07, 0xc0, 0x03, 0xe0, 0x00, 0x00, 0x07, 0xc0,
	0x03, 0xe0, 0x00, 0x00, 0x0f, 0x80, 0x01, 0xf0, 0x00, 0x00, 0x0f, 0x80,
	0x01, 0xf0, 0x00, 0x00, 0x1f, 0x00, 0x00, 0xf8, 0x00, 0x00, 0x1f, 0x00,
	0x00, 0xf8, 0x00, 0x00, 0x3e, 0x00, 0x00, 0x7c, 0x00, 0x00, 0x3e, 0x00,
	0x00, 0x7c, 0x00, 0x00, 0x7c, 0x00, 0x00, 0x3e, 0x00, 0x00, 0x7c, 0x00,
	0x00, 0x3e, 0x00, 0x00, 0xf8, 0x00, 0x00, 0x1f, 0x00, 0x00, 0xf8, 0x00,
	0x00, 0x1f, 0x00, 0x01, 0xf8, 0x00, 0x00, 0x0f, 0x80, 0x01, 0xf0, 0x00,
	0x00, 0x0f, 0x80, 0x03, 0xf0, 0x00, 0x00, 0x07, 0xc0, 0x03, 0xe0, 0x00,
	0x00, 0x07, 0xc0, 0x03, 0xe0, 0x00, 0x00, 0x03, 0xe0, 0x07, 0xc0, 0x00,
	0x00, 0x03, 0xe0, 0x07, 0xc0, 0x00, 0x00, 0x01, 0xf0, 0x0f, 0x80, 0x00,
	0x00, 0x01, 0xf0, 0x0f, 0x80, 0x00, 0x00, 0x00, 0xf0, 0x1f, 0x00, 0x00,
	0x00, 0x00, 0xf8, 0x1f, 0x00, 0x00, 0x00, 0x00, 0xf8, 0x3e, 0x00, 0x00,
	0x00, 0x00, 0x7c, 0x3e, 0x00, 0x00, 0x00, 0x00, 0x7c, 0x7c, 0x00, 0x00,
	0x00, 0x00, 0x3e, 0x7c, 0x00, 0x00, 0x00, 0x00, 0x3e, 0xf8, 0x00, 0x00,
	0x00, 0x00, 0x1f, 0xf8, 0x00, 0x00, 0x00, 0x00, 0x1f, 0xf0, 0x00, 0x00,
	0x00, 0x00, 0x0f, 0xf0, 0x00, 0x00, 0x00, 0x00, 0x0f, 0xf0, 0x00, 0x00,
	0x00, 0x00, 0x07, 0xe0, 0x00, 0x00, 0x00, 0x00, 0x07, 0xe0, 0x00, 0x00,
	0x00, 0x00, 0x07, 0xe0, 0x00, 0x00, 0x00, 0x00, 0x07, 0xe0, 0x00, 0x00,
	0x00, 0x00, 0x0f, 0xf0, 0x00, 0x00, 0x00, 0x00, 0x0f, 0xf0, 0x00, 0x00,
	0x00, 0x00, 0x1f, 0xf8, 0x00, 0x00, 0x00, 0x00, 0x1f, 0xf8, 0x00, 0x00,
	0x00, 0x00, 0x3e, 0xfc, 0x00, 0x00, 0x00, 0x00, 0x3e, 0x7c, 0x00, 0x00,
	0x00, 0x00, 0x7c, 0x7c, 0x00, 0x00, 0x00, 0x00, 0x7c, 0x3e, 0x00, 0x00,
	0x00, 0x00, 0xf8, 0x3e, 0x00, 0x00, 0x00, 0x00, 0xf8, 0x1f, 0x00, 0x00,
	0x00, 0x01, 0xf0, 0x1f, 0x00, 0x00, 0x00, 0x01, 0xf0, 0x0f, 0x80, 0x00,
	0x00, 0x03, 0xe0, 0x0f, 0x80, 0x00, 0x00, 0x03, 0xe0, 0x07, 0xc0, 0x00,
	0x00, 0x07, 0xc0, 0x07, 0xc0, 0x00, 0x00, 0x07, 0xc0, 0x03, 0xe0, 0x00,
	0x00, 0x07, 0x80, 0x03, 0xe0, 0x00, 0x00, 0x0f, 0x80, 0x01, 0xf0, 0x00,
	0x00, 0x0f, 0x80, 0x01, 0xf0, 0x00, 0x00, 0x1f, 0x00, 0x00, 0xf8, 0x00,
	0x00, 0x1f, 0x00, 0x00, 0xf8, 0x00, 0x00, 0x3e, 0x00, 0x00, 0xfc, 0x00,
	0x00, 0x3e, 0x00, 0x00, 0x7c, 0x00, 0x00, 0x7c, 0x00, 0x00, 0x7e, 0x00,
	0x00, 0x7c, 0x00, 0x00, 0x3e, 0x00, 0x00, 0xf8, 0x00, 0x00, 0x3e, 0x00,
	0x00, 0xf8, 0x00, 0x00, 0x1f, 0x00, 0x01, 0xf0, 0x00, 0x00, 0x1f, 0x00,
	0x01, 0xf0, 0x00, 0x00, 0x0f, 0x80, 0x03, 0xe0, 0x00, 0x00, 0x0f, 0x80,
	0x03, 0xe0, 0x00, 0x00, 0x07, 0xc0, 0x07, 0xc0, 0x00, 0x00, 0x07, 0xc0,
	0x07, 0xc0, 0x00, 0x00, 0x03, 0xe0, 0x0f, 0x80, 0x00, 0x00, 0x03, 0xe0,
	0x0f, 0x80, 0x00, 0x00, 0x01, 0xf0, 0x1f, 0x80, 0x00, 0x00, 0x01, 0xf0,
	0x1f, 0x00, 0x00, 0x00, 0x00, 0xf8, 0x1f, 0x00, 0x00, 0x00, 0x00, 0xf8,
	0x3e, 0x00, 0x00, 0x00, 0x00, 0x7c, 0x3e, 0x00, 0x00, 0x00, 0x00, 0x7c,
	0x7c, 0x00, 0x00, 0x00, 0x00, 0x3e, 0x7c, 0x00, 0x00, 0x00, 0x00, 0x3e,
	0xf8, 0x00, 0x00, 0x00, 0x00, 0x3e, 0xf8, 0x00, 0x00, 0x00, 0x00, 0x1f,
	0xf0, 0x00, 0x00, 0x00, 0x00, 0x1f, 0x60, 0x00, 0x00, 0x00, 0x00, 0x0e,
	0xf0, 0x00, 0x00, 0x00, 0x00, 0x00, 0x1c, 0xf0, 0x00, 0x00, 0x00, 0x00,
	0x00, 0x3e, 0xf8, 0x00, 0x00, 0x00, 0x00, 0x00, 0x3e, 0xfc, 0x00, 0x00,
	0x00, 0x00, 0x00, 0x7c, 0x7c, 0x00, 0x00, 0x00, 0x00, 0x00, 0x7c, 0x7e,
	0x00, 0x00, 0x00, 0x00, 0x00, 0xf8, 0x3e, 0x00, 0x00, 0x00, 0x00, 0x01,
	0xf0, 0x3f, 0x00, 0x00, 0x00, 0x00, 0x01, 0xf0, 0x1f, 0x00, 0x00, 0x00,
	0x00, 0x03, 0xe0, 0x0f, 0x80, 0x00, 0x00, 0x00, 0x03, 0xe0, 0x0f, 0x80,
	0x00, 0x00, 0x00, 0x07, 0xc0, 0x07, 0xc0, 0x00, 0x00, 0x00, 0x07, 0xc0,
	0x07, 0xc0, 0x00, 0x00, 0x00, 0x0f, 0x80, 0x03, 0xe0, 0x00, 0x00, 0x00,
	0x0f, 0x80, 0x03, 0xf0, 0x00, 0x00, 0x00, 0x1f, 0x00, 0x01, 0xf0, 0x00,
	0x00, 0x00, 0x3f, 0x00, 0x01, 0xf8, 0x00, 0x00, 0x00, 0x3e, 0x00, 0x00,
	0xf8, 0x00, 0x00, 0x00, 0x7c, 0x00, 0x00, 0x7c, 0x00, 0x00, 0x00, 0x7c,
	0x00, 0x00, 0x7c, 0x00, 0x00, 0x00, 0xf8, 0x00, 0x00, 0x3e, 0x00, 0x00,
	0x00, 0xf8, 0x00, 0x00, 0x3e, 0x00, 0x00, 0x01, 0xf0, 0x00, 0x00, 0x1f,
	0x00, 0x00, 0x01, 0xf0, 0x00, 0x00, 0x1f, 0x00, 0x00, 0x03, 0xe0, 0x00,
	0x00, 0x0f, 0x80, 0x00, 0x07, 0xe0, 0x00, 0x00, 0x0f, 0xc0, 0x00, 0x07,
	0xc0, 0x00, 0x00, 0x07, 0xc0, 0x00, 0x0f, 0xc0, 0x00, 0x00, 0x07, 0xe0,
	0x00, 0x0f, 0x80, 0x00, 0x00, 0x03, 0xe0, 0x00, 0x1f, 0x00, 0x00, 0x00,
	0x01, 0xf0, 0x00, 0x1f, 0x00, 0x00, 0x00, 0x01, 0xf0, 0x00, 0x3e, 0x00,
	0x00, 0x00, 0x00, 0xf8, 0x00, 0x3e, 0x00, 0x00, 0x00, 0x00, 0xf8, 0x00,
	0x7c, 0x00, 0x00, 0x00, 0x00, 0x7c, 0x00, 0xfc, 0x00, 0x00, 0x00, 0x00,
	0x7e, 0x00, 0xf8, 0x00, 0x00, 0x00, 0x00, 0x3e, 0x01, 0xf8, 0x00, 0x00,
	0x00, 0x00, 0x3f, 0x01, 0xf0, 0x00, 0x00, 0x00, 0x00, 0x1f, 0x03, 0xe0,
	0x00, 0x00, 0x00, 0x00, 0x0f, 0x83, 0xe0, 0x00, 0x00, 0x00, 0x00, 0x0f,
	0x87, 0xc0, 0x00, 0x00, 0x00, 0x00, 0x07, 0xc7, 0xc0, 0x00, 0x00, 0x00,
	0x00, 0x07, 0xcf, 0x80, 0x00, 0x00, 0x00, 0x00, 0x03, 0xff, 0x80, 0x00,
	0x00, 0x00, 0x00, 0x03, 0xff, 0x00, 0x00, 0x00, 0x00, 0x00, 0x01, 0xff,
	0x00, 0x00, 0x00, 0x00, 0x00, 0x01, 0xfe, 0x00, 0x00, 0x00, 0x00, 0x00,
	0x00, 0xfe, 0x00, 0x00, 0x00, 0x00, 0x00, 0x00, 0x7c, 0x00, 0x00, 0x00,
	0x00, 0x00, 0x00, 0x7c, 0x00, 0x00, 0x00, 0x00, 0x00, 0x00, 0x7c, 0x00,
	0x00, 0x00, 0x00, 0x00, 0x00, 0x7c, 0x00, 0x00, 0x00, 0x00, 0x00, 0x00,
	0x7c, 0x00, 0x00, 0x00, 0x00, 0x00, 0x00, 0x7c, 0x00, 0x00, 0x00, 0x00,
	0x00, 0x00, 0x7c, 0x00, 0x00, 0x00, 0x00, 0x00, 0x00, 0x7c, 0x00, 0x00,
	0x00, 0x00, 0x00, 0x00, 0x7c, 0x00, 0x00, 0x00, 0x00, 0x00, 0x00, 0x7c,
	0x00, 0x00, 0x00, 0x00, 0x00, 0x00, 0x7c, 0x00, 0x00, 0x00, 0x00, 0x00,
	0x00, 0x7c, 0x00, 0x00, 0x00, 0x00, 0x00, 0x00, 0x7c, 0x00, 0x00, 0x00,
	0x00, 0x00, 0x00, 0x7c, 0x00, 0x00, 0x00, 0x00, 0x00, 0x00, 0x7c, 0x00,
	0x00, 0x00, 0x00, 0x00, 0x00, 0x7c, 0x00, 0x00, 0x00, 0x00, 0x00, 0x00,
	0x7c, 0x00, 0x00, 0x00, 0x00, 0x00, 0x00, 0x7c, 0x00, 0x00, 0x00, 0x00,
	0x00, 0x00, 0x7c, 0x00, 0x00, 0x00, 0x00, 0x00, 0x00, 0x7c, 0x00, 0x00,
	0x00, 0x00, 0x00, 0x00, 0x7c, 0x00, 0x00, 0x00, 0x00, 0x00, 0x00, 0x7c,
	0x00, 0x00, 0x00, 0x00, 0x00, 0x00, 0x7c, 0x00, 0x00, 0x00, 0x00, 0x00,
	0x00, 0x7c, 0x00, 0x00, 0x00, 0x00, 0x00, 0x00, 0x7c, 0x00, 0x00, 0x00,
	0x00, 0x00, 0x00, 0x7c, 0x00, 0x00, 0x00, 0x00, 0x00, 0x00, 0x7c, 0x00,
	0x00, 0x00, 0x00, 0x00, 0x00, 0x7c, 0x00, 0x00, 0x00, 0x00, 0x00, 0x00,
	0x7c, 0x00, 0x00, 0x00, 0x00, 0x00, 0x00, 0x7c, 0x00, 0x00, 0x00, 0x00,
	0x00, 0x00, 0x7c, 0x00, 0x00, 0x00, 0x00, 0x00, 0x00, 0x7c, 0x00, 0x00,
	0x00, 0x00, 0x00, 0x00, 0x7c, 0x00, 0x00, 0x00, 0x00, 0x00, 0x00, 0x7c,
	0x00, 0x00, 0x00, 0x00, 0x00, 0x00, 0x7c, 0x00, 0x00, 0x00, 0x00, 0x00,
	0x00, 0x7c, 0x00, 0x00, 0x00, 0x00, 0x00, 0x00, 0x7c, 0x00, 0x00, 0x00,
	0x00, 0x00, 0x00, 0x7c, 0x00, 0x00, 0x00, 0x00, 0x00, 0x00, 0x7c, 0x00,
	0x00, 0x00, 0x00, 0x00, 0x00, 0x7c, 0x00, 0x00, 0x00, 0x00, 0x00, 0x00,
	0x7c, 0x00, 0x00, 0x00, 0x00, 0x00, 0x00, 0x7c, 0x00, 0x00, 0x00, 0x00,
	0x00, 0x00, 0x7c, 0x00, 0x00, 0x00, 0x00, 0x00, 0x00, 0x7c, 0x00, 0x00,
	0x00, 0x00, 0x00, 0x00, 0x7c, 0x00, 0x00, 0x00, 0x00, 0x00, 0x00, 0x7c,
	0x00, 0x00, 0x00, 0x00, 0x00, 0x00, 0x7c, 0x00, 0x00, 0x00, 0x00, 0x00,
	0x00, 0x78, 0x00, 0x00, 0x00, 0x00, 0x00, 0x00, 0x38, 0x00, 0x00, 0x00,
	0xff, 0xff, 0xff, 0xff, 0xff, 0xfe, 0xff, 0xff, 0xff, 0xff, 0xff, 0xff,
	0xff, 0xff, 0xff, 0xff, 0xff, 0xff, 0xff, 0xff, 0xff, 0xff, 0xff, 0xfe,
	0x00, 0x00, 0x00, 0x00, 0x00, 0x3e, 0x00, 0x00, 0x00, 0x00, 0x00, 0x7c,
	0x00, 0x00, 0x00, 0x00, 0x00, 0x7c, 0x00, 0x00, 0x00, 0x00, 0x00, 0xf8,
	0x00, 0x00, 0x00, 0x00, 0x00, 0xf8, 0x00, 0x00, 0x00, 0x00, 0x00, 0xf8,
	0x00, 0x00, 0x00, 0x00, 0x01, 0xf0, 0x00, 0x00, 0x00, 0x00, 0x01, 0xf0,
	0x00, 0x00, 0x00, 0x00, 0x03, 0xe0, 0x00, 0x00, 0x00, 0x00, 0x03, 0xe0,
	0x00, 0x00, 0x00, 0x00, 0x07, 0xc0, 0x00, 0x00, 0x00, 0x00, 0x07, 0xc0,
	0x00, 0x00, 0x00, 0x00, 0x0f, 0x80, 0x00, 0x00, 0x00, 0x00, 0x0f, 0x80,
	0x00, 0x00, 0x00, 0x00, 0x1f, 0x00, 0x00, 0x00, 0x00, 0x00, 0x1f, 0x00,
	0x00, 0x00, 0x00, 0x00, 0x3e, 0x00, 0x00, 0x00, 0x00, 0x00, 0x3e, 0x00,
	0x00, 0x00, 0x00, 0x00, 0x7c, 0x00, 0x00, 0x00, 0x00, 0x00, 0x7c, 0x00,
	0x00, 0x00, 0x00, 0x00, 0xf8, 0x00, 0x00, 0x00, 0x00, 0x00, 0xf8, 0x00,
	0x00, 0x00, 0x00, 0x01, 0xf0, 0x00, 0x00, 0x00, 0x00, 0x01, 0xf0, 0x00,
	0x00, 0x00, 0x00, 0x01, 0xf0, 0x00, 0x00, 0x00, 0x00, 0x03, 0xe0, 0x00,
	0x00, 0x00, 0x00, 0x03, 0xe0, 0x00, 0x00, 0x00, 0x00, 0x07, 0xc0, 0x00,
	0x00, 0x00, 0x00, 0x07, 0xc0, 0x00, 0x00, 0x00, 0x00, 0x0f, 0x80, 0x00,
	0x00, 0x00, 0x00, 0x0f, 0x80, 0x00, 0x00, 0x00, 0x00, 0x1f, 0x00, 0x00,
	0x00, 0x00, 0x00, 0x1f, 0x00, 0x00, 0x00, 0x00, 0x00, 0x3e, 0x00, 0x00,
	0x00, 0x00, 0x00, 0x3e, 0x00, 0x00, 0x00, 0x00, 0x00, 0x7c, 0x00, 0x00,
	0x00, 0x00, 0x00, 0x7c, 0x00, 0x00, 0x00, 0x00, 0x00, 0xf8, 0x00, 0x00,
	0x00, 0x00, 0x00, 0xf8, 0x00, 0x00, 0x00, 0x00, 0x01, 0xf0, 0x00, 0x00,
	0x00, 0x00, 0x01, 0xf0, 0x00, 0x00, 0x00, 0x00, 0x03, 0xe0, 0x00, 0x00,
	0x00, 0x00, 0x03, 0xe0, 0x00, 0x00, 0x00, 0x00, 0x07, 0xe0, 0x00, 0x00,
	0x00, 0x00, 0x07, 0xc0, 0x00, 0x00, 0x00, 0x00, 0x07, 0xc0, 0x00, 0x00,
	0x00, 0x00, 0x0f, 0x80, 0x00, 0x00, 0x00, 0x00, 0x0f, 0x80, 0x00, 0x00,
	0x00, 0x00, 0x1f, 0x00, 0x00, 0x00, 0x00, 0x00, 0x1f, 0x00, 0x00, 0x00,
	0x00, 0x00, 0x3e, 0x00, 0x00, 0x00, 0x00, 0x00, 0x3e, 0x00, 0x00, 0x00,
	0x00, 0x00, 0x7c, 0x00, 0x00, 0x00, 0x00, 0x00, 0x7c, 0x00, 0x00, 0x00,
	0x00, 0x00, 0xf8, 0x00, 0x00, 0x00, 0x00, 0x00, 0xf8, 0x00, 0x00, 0x00,
	0x00, 0x01, 0xf0, 0x00, 0x00, 0x00, 0x00, 0x01, 0xf0, 0x00, 0x00, 0x00,
	0x00, 0x03, 0xe0, 0x00, 0x00, 0x00, 0x00, 0x03, 0xe0, 0x00, 0x00, 0x00,
	0x00, 0x07, 0xc0, 0x00, 0x00, 0x00, 0x00, 0x07, 0xc0, 0x00, 0x00, 0x00,
	0x00, 0x0f, 0x80, 0x00, 0x00, 0x00, 0x00, 0x0f, 0x80, 0x00, 0x00, 0x00,
	0x00, 0x0f, 0x80, 0x00, 0x00, 0x00, 0x00, 0x1f, 0x00, 0x00, 0x00, 0x00,
	0x00, 0x1f, 0x00, 0x00, 0x00, 0x00, 0x00, 0x3e, 0x00, 0x00, 0x00, 0x00,
	0x00, 0x3e, 0x00, 0x00, 0x00, 0x00, 0x00, 0x7c, 0x00, 0x00, 0x00, 0x00,
	0x00, 0x7c, 0x00, 0x00, 0x00, 0x00, 0x00, 0xf8, 0x00, 0x00, 0x00, 0x00,
	0x00, 0xf8, 0x00, 0x00, 0x00, 0x00, 0x01, 0xf0, 0x00, 0x00, 0x00, 0x00,
	0x01, 0xf0, 0x00, 0x00, 0x00, 0x00, 0x03, 0xe0, 0x00, 0x00, 0x00, 0x00,
	0x03, 0xe0, 0x00, 0x00, 0x00, 0x00, 0x07, 0xc0, 0x00, 0x00, 0x00, 0x00,
	0x07, 0xc0, 0x00, 0x00, 0x00, 0x00, 0x0f, 0x80, 0x00, 0x00, 0x00, 0x00,
	0x0f, 0x80, 0x00, 0x00, 0x00, 0x00, 0x1f, 0x00, 0x00, 0x00, 0x00, 0x00,
	0x1f, 0x00, 0x00, 0x00, 0x00, 0x00, 0x1f, 0x00, 0x00, 0x00, 0x00, 0x00,
	0x3e, 0x00, 0x00, 0x00, 0x00, 0x00, 0x3e, 0x00, 0x00, 0x00, 0x00, 0x00,
	0x7c, 0x00, 0x00, 0x00, 0x00, 0x00, 0x7f, 0xff, 0xff, 0xff, 0xff, 0xfc,
	0xff, 0xff, 0xff, 0xff, 0xff, 0xff, 0xff, 0xff, 0xff, 0xff, 0xff, 0xff,
	0xff, 0xff, 0xff, 0xff, 0xff, 0xff, 0x7f, 0xff, 0xff, 0xff, 0xff, 0xfe,
	0x00, 0x03, 0xff, 0xc0, 0x00, 0x00, 0x00, 0x1f, 0xff, 0xf8, 0x00, 0x00,
	0x00, 0x7f, 0xff, 0xfe, 0x00, 0x00, 0x00, 0xff, 0xff, 0xff, 0x80, 0x00,
	0x01, 0xff, 0x80, 0xff, 0xc0, 0x00, 0x03, 0xf8, 0x00, 0x1f, 0xe0, 0x00,
	0x07, 0xe0, 0x00, 0x07, 0xf0, 0x00, 0x0f, 0xc0, 0x00, 0x01, 0xf8, 0x00,
	0x1f, 0x80, 0x00, 0x00, 0xf8, 0x00, 0x1f, 0x00, 0x00, 0x00, 0x7c, 0x00,
	0x3f, 0x00, 0x00, 0x00, 0x7c, 0x00, 0x3e, 0x00, 0x00, 0x00, 0x3e, 0x00,
	0x3c, 0x00, 0x00, 0x00, 0x3e, 0x00, 0x7c, 0x00, 0x00, 0x00, 0x1e, 0x00,
	0x7c, 0x00, 0x00, 0x00, 0x1f, 0x00, 0x78, 0x00, 0x00, 0x00, 0x1f, 0x00,
	0x78, 0x00, 0x00, 0x00, 0x0f, 0x00, 0xf8, 0x00, 0x00, 0x00, 0x0f, 0x00,
	0xf8, 0x00, 0x00, 0x00, 0x0f, 0x00, 0xf8, 0x00, 0x00, 0x00, 0x0f, 0x80,
	0xf0, 0x00, 0x00, 0x00, 0x0f, 0x80, 0xf0, 0x00, 0x00, 0x00, 0x0f, 0x80,
	0xf0, 0x00, 0x00, 0x00, 0x0f, 0x80, 0xf0, 0x00, 0x00, 0x00, 0x0f, 0x80,
	0xf0, 0x00, 0x00, 0x00, 0x0f, 0x80, 0xf0, 0x00, 0x00, 0x00, 0x0f, 0x80,
	0xf0, 0x00, 0x00, 0x00, 0x0f, 0x80, 0xf0, 0x00, 0x00, 0x00, 0x0f, 0x80,
	0xf0, 0x00, 0x00, 0x00, 0x0f, 0x80, 0xf0, 0x00, 0x00, 0x00, 0x0f, 0x80,
	0xf0, 0x00, 0x00, 0x00, 0x0f, 0x80, 0xf0, 0x00, 0x00, 0x00, 0x0f, 0x80,
	0xf0, 0x00, 0x00, 0x00, 0x0f, 0x80, 0xf0, 0x00, 0x00, 0x00, 0x0f, 0x80,
	0xf0, 0x00, 0x00, 0x00, 0x0f, 0x80, 0xf0, 0x00, 0x00, 0x00, 0x0f, 0x80,
	0xf0, 0x00, 0x00, 0x00, 0x0f, 0x80, 0xf0, 0x00, 0x00, 0x00, 0x0f, 0x80,
	0xf0, 0x00, 0x00, 0x00, 0x0f, 0x80, 0xf0, 0x00, 0x00, 0x00, 0x0f, 0x80,
	0xf0, 0x00, 0x00, 0x00, 0x0f, 0x80, 0xf0, 0x00, 0x00, 0x00, 0x0f, 0x80,
	0xf0, 0x00, 0x00, 0x00, 0x0f, 0x80, 0xf0, 0x00, 0x00, 0x00, 0x0f, 0x80,
	0xf0, 0x00, 0x00, 0x00, 0x0f, 0x80, 0xf0, 0x00, 0x00, 0x00, 0x0f, 0x80,
	0xf0, 0x00, 0x00, 0x00, 0x0f, 0x80, 0xf0, 0x00, 0x00, 0x00, 0x0f, 0x80,
	0xf0, 0x00, 0x00, 0x00, 0x0f, 0x80, 0xf0, 0x00, 0x00, 0x00, 0x0f, 0x80,
	0xf0, 0x00, 0x00, 0x00, 0x0f, 0x80, 0xf0, 0x00, 0x00, 0x00, 0x0f, 0x80,
	0xf0, 0x00, 0x00, 0x00, 0x0f, 0x80, 0xf0, 0x00, 0x00, 0x00, 0x0f, 0x80,
	0xf0, 0x00, 0x00, 0x00, 0x0f, 0x80, 0xf0, 0x00, 0x00, 0x00, 0x0f, 0x80,
	0xf0, 0x00, 0x00, 0x00, 0x0f, 0x80, 0xf0, 0x00, 0x00, 0x00, 0x0f, 0x80,
	0xf0, 0x00, 0x00, 0x00, 0x0f, 0x80, 0xf0, 0x00, 0x00, 0x00, 0x0f, 0x80,
	0xf0, 0x00, 0x00, 0x00, 0x0f, 0x80, 0xf0, 0x00, 0x00, 0x00, 0x0f, 0x80,
	0xf0, 0x00, 0x00, 0x00, 0x0f, 0x80, 0xf0, 0x00, 0x00, 0x00, 0x0f, 0x80,
	0xf0, 0x00, 0x00, 0x00, 0x0f, 0x80, 0xf0, 0x00, 0x00, 0x00, 0x0f, 0x80,
	0xf0, 0x00, 0x00, 0x00, 0x0f, 0x80, 0xf0, 0x00, 0x00, 0x00, 0x0f, 0x80,
	0xf0, 0x00, 0x00, 0x00, 0x0f, 0x80, 0xf0, 0x00, 0x00, 0x00, 0x0f, 0x80,
	0xf0, 0x00, 0x00, 0x00, 0x0f, 0x80, 0xf0, 0x00, 0x00, 0x00, 0x0f, 0x80,
	0xf0, 0x00, 0x00, 0x00, 0x0f, 0x80, 0xf0, 0x00, 0x00, 0x00, 0x0f, 0x80,
	0xf0, 0x00, 0x00, 0x00, 0x0f, 0x80, 0xf8, 0x00, 0x00, 0x00, 0x0f, 0x80,
	0xf8, 0x00, 0x00, 0x00, 0x0f, 0x80, 0xf8, 0x00, 0x00, 0x00, 0x0f, 0x00,
	0xf8, 0x00, 0x00, 0x00, 0x0f, 0x00, 0x78, 0x00, 0x00, 0x00, 0x1f, 0x00,
	0x78, 0x00, 0x00, 0x00, 0x1f, 0x00, 0x7c, 0x00, 0x00, 0x00, 0x1f, 0x00,
	0x7c, 0x00, 0x00, 0x00, 0x1e, 0x00, 0x3e, 0x00, 0x00, 0x00, 0x3e, 0x00,
	0x3e, 0x00, 0x00, 0x00, 0x3e, 0x00, 0x1f, 0x00, 0x00, 0x00, 0x7c, 0x00,
	0x1f, 0x00, 0x00, 0x00, 0xfc, 0x00, 0x0f, 0x80, 0x00, 0x01, 0xf8, 0x00,
	0x0f, 0xc0, 0x00, 0x03, 0xf0, 0x00, 0x07, 0xf0, 0x00, 0x07, 0xf0, 0x00,
	0x03, 0xfc, 0x00, 0x1f, 0xe0, 0x00, 0x01, 0xff, 0xc1, 0xff, 0xc0, 0x00,
	0x00, 0xff, 0xff, 0xff, 0x80, 0x00, 0x00, 0x3f, 0xff, 0xfe, 0x00, 0x00,
	0x00, 0x0f, 0xff, 0xf8, 0x00, 0x00, 0x00, 0x01, 0xff, 0x80, 0x00, 0x00,
	0x00, 0x03, 0x80, 0x00, 0x07, 0xc0, 0x00, 0x0f, 0xc0, 0x00, 0x1f, 0xc0,
	0x00, 0x1f, 0xc0, 0x00, 0x3f, 0xc0, 0x00, 0x7f, 0xc0, 0x00, 0xff, 0xc0,
	0x01, 0xff, 0xc0, 0x03, 0xf7, 0xc0, 0x03, 0xe7, 0xc0, 0x07, 0xe7, 0xc0,
	0x0f, 0xc7, 0xc0, 0x1f, 0x87, 0xc0, 0x3f, 0x07, 0xc0, 0x3e, 0x07, 0xc0,
	0x7e, 0x07, 0xc0, 0xfc, 0x07, 0xc0, 0xf8, 0x07, 0xc0, 0xf0, 0x07, 0xc0,
	0x60, 0x07, 0xc0, 0x00, 0x07, 0xc0, 0x00, 0x07, 0xc0, 0x00, 0x07, 0xc0,
	0x00, 0x07, 0xc0, 0x00, 0x07, 0xc0, 0x00, 0x07, 0xc0, 0x00, 0x07, 0xc0,
	0x00, 0x07, 0xc0, 0x00, 0x07, 0xc0, 0x00, 0x07, 0xc0, 0x00, 0x07, 0xc0,
	0x00, 0x07, 0xc0, 0x00, 0x07, 0xc0, 0x00, 0x07, 0xc0, 0x00, 0x07, 0xc0,
	0x00, 0x07, 0xc0, 0x00, 0x07, 0xc0, 0x00, 0x07, 0xc0, 0x00, 0x07, 0xc0,
	0x00, 0x07, 0xc0, 0x00, 0x07, 0xc0, 0x00, 0x07, 0xc0, 0x00, 0x07, 0xc0,
	0x00, 0x07, 0xc0, 0x00, 0x07, 0xc0, 0x00, 0x07, 0xc0, 0x00, 0x07, 0xc0,
	0x00, 0x07, 0xc0, 0x00, 0x07, 0xc0, 0x00, 0x07, 0xc0, 0x00, 0x07, 0xc0,
	0x00, 0x07, 0xc0, 0x00, 0x07, 0xc0, 0x00, 0x07, 0xc0, 0x00, 0x07, 0xc0,
	0x00, 0x07, 0xc0, 0x00, 0x07, 0xc0, 0x00, 0x07, 0xc0, 0x00, 0x07, 0xc0,
	0x00, 0x07, 0xc0, 0x00, 0x07, 0xc0, 0x00, 0x07, 0xc0, 0x00, 0x07, 0xc0,
	0x00, 0x07, 0xc0, 0x00, 0x07, 0xc0, 0x00, 0x07, 0xc0, 0x00, 0x07, 0xc0,
	0x00, 0x07, 0xc0, 0x00, 0x07, 0xc0, 0x00, 0x07, 0xc0, 0x00, 0x07, 0xc0,
	0x00, 0x07, 0xc0, 0x00, 0x07, 0xc0, 0x00, 0x07, 0xc0, 0x00, 0x07, 0xc0,
	0x00, 0x07, 0xc0, 0x00, 0x07, 0xc0, 0x00, 0x07, 0xc0, 0x00, 0x07, 0xc0,
	0x00, 0x07, 0xc0, 0x00, 0x07, 0xc0, 0x00, 0x07, 0xc0, 0x00, 0x07, 0xc0,
	0x00, 0x07, 0xc0, 0x00, 0x07, 0xc0, 0x00, 0x07, 0xc0, 0x00, 0x07, 0xc0,
	0x00, 0x07, 0xc0, 0x00, 0x07, 0xc0, 0x00, 0x07, 0xc0, 0x00, 0x07, 0xc0,
	0x00, 0x07, 0xc0, 0x00, 0x07, 0xc0, 0x00, 0x07, 0xc0, 0x00, 0x03, 0x80,
	0x00, 0x0f, 0xfe, 0x00, 0x00, 0x00, 0x3f, 0xff, 0xc0, 0x00, 0x00, 0xff,
	0xff, 0xe0, 0x00, 0x03, 0xff, 0xff, 0xf8, 0x00, 0x07, 0xfe, 0x07, 0xfc,
	0x00, 0x0f, 0xf0, 0x01, 0xfe, 0x00, 0x0f, 0xc0, 0x00, 0x7e, 0x00, 0x1f,
	0x80, 0x00, 0x3f, 0x00, 0x1f, 0x00, 0x00, 0x1f, 0x80, 0x3e, 0x00, 0x00,
	0x0f, 0x80, 0x3e, 0x00, 0x00, 0x0f, 0xc0, 0x7c, 0x00, 0x00, 0x07, 0xc0,
	0x7c, 0x00, 0x00, 0x07, 0xc0, 0x78, 0x00, 0x00, 0x03, 0xe0, 0x78, 0x00,
	0x00, 0x03, 0xe0, 0xf8, 0x00, 0x00, 0x03, 0xe0, 0xf8, 0x00, 0x00, 0x01,
	0xe0, 0xf8, 0x00, 0x00, 0x01, 0xe0, 0xf0, 0x00, 0x00, 0x01, 0xf0, 0xf0,
	0x00, 0x00, 0x01, 0xf0, 0xf0, 0x00, 0x00, 0x01, 0xf0, 0xf0, 0x00, 0x00,
	0x01, 0xf0, 0xf0, 0x00, 0x00, 0x01, 0xf0, 0xf0, 0x00, 0x00, 0x01, 0xf0,
	0xf0, 0x00, 0x00, 0x01, 0xf0, 0x60, 0x00, 0x00, 0x01, 0xf0, 0x00, 0x00,
	0x00, 0x01, 0xf0, 0x00, 0x00, 0x00, 0x01, 0xf0, 0x00, 0x00, 0x00, 0x01,
	0xe0, 0x00, 0x00, 0x00, 0x01, 0xe0, 0x00, 0x00, 0x00, 0x03, 0xe0, 0x00,
	0x00, 0x00, 0x03, 0xe0, 0x00, 0x00, 0x00, 0x03, 0xe0, 0x00, 0x00, 0x00,
	0x03, 0xc0, 0x00, 0x00, 0x00, 0x07, 0xc0, 0x00, 0x00, 0x00, 0x07, 0xc0,
	0x00, 0x00, 0x00, 0x07, 0xc0, 0x00, 0x00, 0x00, 0x0f, 0x80, 0x00, 0x00,
	0x00, 0x0f, 0x80, 0x00, 0x00, 0x00, 0x1f, 0x00, 0x00, 0x00, 0x00, 0x1f,
	0x00, 0x00, 0x00, 0x00, 0x3e, 0x00, 0x00, 0x00, 0x00, 0x3e, 0x00, 0x00,
	0x00, 0x00, 0x7c, 0x00, 0x00, 0x00, 0x00, 0xfc, 0x00, 0x00, 0x00, 0x01,
	0xf8, 0x00, 0x00, 0x00, 0x01, 0xf0, 0x00, 0x00, 0x00, 0x03, 0xf0, 0x00,
	0x00, 0x00, 0x07, 0xe0, 0x00, 0x00, 0x00, 0x0f, 0xc0, 0x00, 0x00, 0x00,
	0x1f, 0x80, 0x00, 0x00, 0x00, 0x3f, 0x00, 0x00, 0x00, 0x00, 0x7f, 0x00,
	0x00, 0x00, 0x00, 0xfe, 0x00, 0x00, 0x00, 0x01, 0xfc, 0x00, 0x00, 0x00,
	0x03, 0xf8, 0x00, 0x00, 0x00, 0x07, 0xf0, 0x00, 0x00, 0x00, 0x0f, 0xc0,
	0x00, 0x00, 0x00, 0x1f, 0x80, 0x00, 0x00, 0x00, 0x3f, 0x00, 0x00, 0x00,
	0x00, 0x3e, 0x00, 0x00, 0x00, 0x00, 0x7e, 0x00, 0x00, 0x00, 0x00, 0xfc,
	0x00, 0x00, 0x00, 0x01, 0xf8, 0x00, 0x00, 0x00, 0x01, 0xf0, 0x00, 0x00,
	0x00, 0x03, 0xf0, 0x00, 0x00, 0x00, 0x03, 0xe0, 0x00, 0x00, 0x00, 0x07,
	0xc0, 0x00, 0x00, 0x00, 0x07, 0xc0, 0x00, 0x00, 0x00, 0x0f, 0x80, 0x00,
	0x00, 0x00, 0x0f, 0x80, 0x00, 0x00, 0x00, 0x1f, 0x00, 0x00, 0x00, 0x00,
	0x1f, 0x00, 0x00, 0x00, 0x00, 0x1e, 0x00, 0x00, 0x00, 0x00, 0x3e, 0x00,
	0x00, 0x00, 0x00, 0x3e, 0x00, 0x00, 0x00, 0x00, 0x3c, 0x00, 0x00, 0x00,
	0x00, 0x7c, 0x00, 0x00, 0x00, 0x00, 0x7c, 0x00, 0x00, 0x00, 0x00, 0x7c,
	0x00, 0x00, 0x00, 0x00, 0x78, 0x00, 0x00, 0x00, 0x00, 0x78, 0x00, 0x00,
	0x00, 0x00, 0x78, 0x00, 0x00, 0x00, 0x00, 0xf8, 0x00, 0x00, 0x00, 0x00,
	0xf8, 0x00, 0x00, 0x00, 0x00, 0xf8, 0x00, 0x00, 0x00, 0x00, 0xf8, 0x00,
	0x00, 0x00, 0x00, 0xf8, 0x00, 0x00, 0x00, 0x00, 0xf0, 0x00, 0x00, 0x00,
	0x00, 0xf0, 0x00, 0x00, 0x00, 0x00, 0xf0, 0x00, 0x00, 0x00, 0x00, 0xf0,
	0x00, 0x00, 0x00, 0x00, 0xff, 0xff, 0xff, 0xff, 0xe0, 0xff, 0xff, 0xff,
	0xff, 0xf0, 0xff, 0xff, 0xff, 0xff, 0xf0, 0xff, 0xff, 0xff, 0xff, 0xe0,
	0x00, 0x0f, 0xfe, 0x00, 0x00, 0x00, 0x3f, 0xff, 0x80, 0x00, 0x00, 0xff,
	0xff, 0xe0, 0x00, 0x01, 0xff, 0xff, 0xf0, 0x00, 0x03, 0xfe, 0x07, 0xf8,
	0x00, 0x07, 0xf0, 0x01, 0xfc, 0x00, 0x0f, 0xc0, 0x00, 0x7e, 0x00, 0x0f,
	0x80, 0x00, 0x3f, 0x00, 0x1f, 0x00, 0x00, 0x1f, 0x00, 0x1f, 0x00, 0x00,
	0x1f, 0x80, 0x3e, 0x00, 0x00, 0x0f, 0x80, 0x3c, 0x00, 0x00, 0x07, 0xc0,
	0x7c, 0x00, 0x00, 0x07, 0xc0, 0x7c, 0x00, 0x00, 0x07, 0xc0, 0x78, 0x00,
	0x00, 0x03, 0xe0, 0x78, 0x00, 0x00, 0x03, 0xe0, 0xf8, 0x00, 0x00, 0x03,
	0xe0, 0xf8, 0x00, 0x00, 0x01, 0xe0, 0xf8, 0x00, 0x00, 0x01, 0xe0, 0xf0,
	0x00, 0x00, 0x01, 0xf0, 0xf0, 0x00, 0x00, 0x01, 0xf0, 0xf0, 0x00, 0x00,
	0x01, 0xf0, 0xf0, 0x00, 0x00, 0x01, 0xf0, 0xf0, 0x00, 0x00, 0x01, 0xf0,
	0xf0, 0x00, 0x00, 0x01, 0xf0, 0xf0, 0x00, 0x00, 0x01, 0xf0, 0xf0, 0x00,
	0x00, 0x01, 0xf0, 0x60, 0x00, 0x00, 0x01, 0xf0, 0x00, 0x00, 0x00, 0x01,
	0xf0, 0x00, 0x00, 0x00, 0x01, 0xf0, 0x00, 0x00, 0x00, 0x01, 0xe0, 0x00,
	0x00, 0x00, 0x03, 0xe0, 0x00, 0x00, 0x00, 0x03, 0xe0, 0x00, 0x00, 0x00,
	0x03, 0xe0, 0x00, 0x00, 0x00, 0x07, 0xc0, 0x00, 0x00, 0x00, 0x07, 0xc0,
	0x00, 0x00, 0x00, 0x0f, 0x80, 0x00, 0x00, 0x00, 0x0f, 0x80, 0x00, 0x00,
	0x00, 0x1f, 0x00, 0x00, 0x00, 0x00, 0x3f, 0x00, 0x00, 0x00, 0x00, 0x7e,
	0x00, 0x00, 0x00, 0x00, 0xfc, 0x00, 0x00, 0x00, 0x01, 0xfc, 0x00, 0x00,
	0x00, 0x03, 0xf8, 0x00, 0x00, 0x00, 0x0f, 0xf0, 0x00, 0x00, 0x00, 0xff,
	0xc0, 0x00, 0x00, 0xff, 0xff, 0x80, 0x00, 0x00, 0xff, 0xff, 0x00, 0x00,
	0x00, 0xff, 0xfe, 0x00, 0x00, 0x00, 0xff, 0xff, 0x80, 0x00, 0x00, 0x00,
	0xff, 0xe0, 0x00, 0x00, 0x00, 0x0f, 0xf0, 0x00, 0x00, 0x00, 0x03, 0xf8,
	0x00, 0x00, 0x00, 0x01, 0xfc, 0x00, 0x00, 0x00, 0x00, 0xfc, 0x00, 0x00,
	0x00, 0x00, 0x7e, 0x00, 0x00, 0x00, 0x00, 0x3f, 0x00, 0x00, 0x00, 0x00,
	0x1f, 0x00, 0x00, 0x00, 0x00, 0x0f, 0x80, 0x00, 0x00, 0x00, 0x0f, 0xc0,
	0x00, 0x00, 0x00, 0x07, 0xc0, 0x00, 0x00, 0x00, 0x07, 0xc0, 0x00, 0x00,
	0x00, 0x03, 0xe0, 0x00, 0x00, 0x00, 0x03, 0xe0, 0x00, 0x00, 0x00, 0x03,
	0xe0, 0x00, 0x00, 0x00, 0x01, 0xe0, 0x00, 0x00, 0x00, 0x01, 0xf0, 0x00,
	0x00, 0x00, 0x01, 0xf0, 0x60, 0x00, 0x00, 0x01, 0xf0, 0xf0, 0x00, 0x00,
	0x01, 0xf0, 0xf0, 0x00, 0x00, 0x01, 0xf0, 0xf0, 0x00, 0x00, 0x01, 0xf0,
	0xf0, 0x00, 0x00, 0x01, 0xf0, 0xf0, 0x00, 0x00, 0x01, 0xf0, 0xf0, 0x00,
	0x00, 0x01, 0xf0, 0xf0, 0x00, 0x00, 0x01, 0xf0, 0xf8, 0x00, 0x00, 0x01,
	0xf0, 0xf8, 0x00, 0x00, 0x01, 0xe0, 0xf8, 0x00, 0x00, 0x01, 0xe0, 0xf8,
	0x00, 0x00, 0x03, 0xe0, 0x78, 0x00, 0x00, 0x03, 0xe0, 0x78, 0x00, 0x00,
	0x03, 0xe0, 0x7c, 0x00, 0x00, 0x07, 0xc0, 0x7c, 0x00, 0x00, 0x07, 0xc0,
	0x3e, 0x00, 0x00, 0x0f, 0xc0, 0x3e, 0x00, 0x00, 0x0f, 0x80, 0x1f, 0x00,
	0x00, 0x1f, 0x80, 0x1f, 0x00, 0x00, 0x3f, 0x00, 0x0f, 0x80, 0x00, 0x3e,
	0x00, 0x0f, 0xe0, 0x00, 0xfe, 0x00, 0x07, 0xf0, 0x01, 0xfc, 0x00, 0x03,
	0xff, 0x1f, 0xf8, 0x00, 0x01, 0xff, 0xff, 0xf0, 0x00, 0x00, 0xff, 0xff,
	0xe0, 0x00, 0x00, 0x3f, 0xff, 0x80, 0x00, 0x00, 0x07, 0xfc, 0x00, 0x00,
	0x00, 0x00, 0x00, 0x00, 0x1c, 0x00, 0x00, 0x00, 0x00, 0x3e, 0x00, 0x00,
	0x00, 0x00, 0x3e, 0x00, 0x00, 0x00, 0x00, 0x7e, 0x00, 0x00, 0x00, 0x00,
	0x7e, 0x00, 0x00, 0x00, 0x00, 0xfe, 0x00, 0x00, 0x00, 0x00, 0xfe, 0x00,
	0x00, 0x00, 0x01, 0xfe, 0x00, 0x00, 0x00, 0x03, 0xfe, 0x00, 0x00, 0x00,
	0x03, 0xfe, 0x00, 0x00, 0x00, 0x07, 0xfe, 0x00, 0x00, 0x00, 0x07, 0xfe,
	0x00, 0x00, 0x00, 0x0f, 0xbe, 0x00, 0x00, 0x00, 0x0f, 0xbe, 0x00, 0x00,
	0x00, 0x1f, 0x3e, 0x00, 0x00, 0x00, 0x1f, 0x3e, 0x00, 0x00, 0x00, 0x3e,
	0x3e, 0x00, 0x00, 0x00, 0x7e, 0x3e, 0x00, 0x00, 0x00, 0x7c, 0x3e, 0x00,
	0x00, 0x00, 0xfc, 0x3e, 0x00, 0x00, 0x00, 0xf8, 0x3e, 0x00, 0x00, 0x01,
	0xf0, 0x3e, 0x00, 0x00, 0x01, 0xf0, 0x3e, 0x00, 0x00, 0x03, 0xe0, 0x3e,
	0x00, 0x00, 0x03, 0xe0, 0x3e, 0x00, 0x00, 0x07, 0xc0, 0x3e, 0x00, 0x00,
	0x0f, 0xc0, 0x3e, 0x00, 0x00, 0x0f, 0x80, 0x3e, 0x00, 0x00, 0x1f, 0x80,
	0x3e, 0x00, 0x00, 0x1f, 0x00, 0x3e, 0x00, 0x00, 0x3e, 0x00, 0x3e, 0x00,
	0x00, 0x3e, 0x00, 0x3e, 0x00, 0x00, 0x7c, 0x00, 0x3e, 0x00, 0x00, 0x7c,
	0x00, 0x3e, 0x00, 0x00, 0xf8, 0x00, 0x3e, 0x00, 0x00, 0xf8, 0x00, 0x3e,
	0x00, 0x01, 0xf0, 0x00, 0x3e, 0x00, 0x03, 0xf0, 0x00, 0x3e, 0x00, 0x03,
	0xe0, 0x00, 0x3e, 0x00, 0x07, 0xc0, 0x00, 0x3e, 0x00, 0x07, 0xc0, 0x00,
	0x3e, 0x00, 0x0f, 0x80, 0x00, 0x3e, 0x00, 0x0f, 0x80, 0x00, 0x3e, 0x00,
	0x1f, 0x00, 0x00, 0x3e, 0x00, 0x1f, 0x00, 0x00, 0x3e, 0x00, 0x3e, 0x00,
	0x00, 0x3e, 0x00, 0x7e, 0x00, 0x00, 0x3e, 0x00, 0x7c, 0x00, 0x00, 0x3e,
	0x00, 0xf8, 0x00, 0x00, 0x3e, 0x00, 0xf8, 0x00, 0x00, 0x3e, 0x01, 0xf0,
	0x00, 0x00, 0x3e, 0x01, 0xf0, 0x00, 0x00, 0x3e, 0x03, 0xe0, 0x00, 0x00,
	0x3e, 0x03, 0xe0, 0x00, 0x00, 0x3e, 0x07, 0xc0, 0x00, 0x00, 0x3e, 0x0f,
	0xc0, 0x00, 0x00, 0x3e, 0x0f, 0x80, 0x00, 0x00, 0x3e, 0x1f, 0x00, 0x00,
	0x00, 0x3e, 0x1f, 0x00, 0x00, 0x00, 0x3e, 0x3e, 0x00, 0x00, 0x00, 0x3e,
	0x3e, 0x00, 0x00, 0x00, 0x3e, 0x7c, 0x00, 0x00, 0x00, 0x3e, 0x7f, 0xff,
	0xff, 0xff, 0xfe, 0xff, 0xff, 0xff, 0xff, 0xfe, 0xff, 0xff, 0xff, 0xff,
	0xfe, 0xff, 0xff, 0xff, 0xff, 0xfe, 0x7f, 0xff, 0xff, 0xff, 0xfe, 0x00,
	0x00, 0x00, 0x00, 0x3e, 0x00, 0x00, 0x00, 0x00, 0x3e, 0x00, 0x00, 0x00,
	0x00, 0x3e, 0x00, 0x00, 0x00, 0x00, 0x3e, 0x00, 0x00, 0x00, 0x00, 0x3e,
	0x00, 0x00, 0x00, 0x00, 0x3e, 0x00, 0x00, 0x00, 0x00, 0x3e, 0x00, 0x00,
	0x00, 0x00, 0x3e, 0x00, 0x00, 0x00, 0x00, 0x3e, 0x00, 0x00, 0x00, 0x00,
	0x3e, 0x00, 0x00, 0x00, 0x00, 0x3e, 0x00, 0x00, 0x00, 0x00, 0x3e, 0x00,
	0x00, 0x00, 0x00, 0x3e, 0x00, 0x00, 0x00, 0x00, 0x3e, 0x00, 0x00, 0x00,
	0x00, 0x3e, 0x00, 0x00, 0x00, 0x00, 0x3e, 0x00, 0x00, 0x00, 0x00, 0x3e,
	0x00, 0x00, 0x00, 0x00, 0x3e, 0x00, 0x00, 0x00, 0x00, 0x3e, 0x00, 0x00,
	0x00, 0x00, 0x3e, 0x00, 0x00, 0x00, 0x00, 0x3e, 0x00, 0x00, 0x00, 0x00,
	0x3e, 0x00, 0x00, 0x00, 0x00, 0x3e, 0x00, 0x00, 0x00, 0x00, 0x3e, 0x00,
	0x00, 0x00, 0x00, 0x3e, 0x00, 0x00, 0x00, 0x00, 0x3e, 0x00, 0x00, 0x00,
	0x00, 0x3e, 0x00, 0x00, 0x00, 0x00, 0x3e, 0x00, 0x00, 0x00, 0x00, 0x1c,
	0xff, 0xff, 0xff, 0xff, 0xe0, 0xff, 0xff, 0xff, 0xff, 0xf0, 0xff, 0xff,
	0xff, 0xff, 0xf0, 0xff, 0xff, 0xff, 0xff, 0xe0, 0xf0, 0x00, 0x00, 0x00,
	0x00, 0xf0, 0x00, 0x00, 0x00, 0x00, 0xf0, 0x00, 0x00, 0x00, 0x00, 0xf0,
	0x00, 0x00, 0x00, 0x00, 0xf0, 0x00, 0x00, 0x00, 0x00, 0xf0, 0x00, 0x00,
	0x00, 0x00, 0xf0, 0x00, 0x00, 0x00, 0x00, 0xf0, 0x00, 0x00, 0x00, 0x00,
	0xf0, 0x00, 0x00, 0x00, 0x00, 0xf0, 0x00, 0x00, 0x00, 0x00, 0xf0, 0x00,
	0x00, 0x00, 0x00, 0xf0, 0x00, 0x00, 0x00, 0x00, 0xf0, 0x00, 0x00, 0x00,
	0x00, 0xf0, 0x00, 0x00, 0x00, 0x00, 0xf0, 0x00, 0x00, 0x00, 0x00, 0xf0,
	0x00, 0x00, 0x00, 0x00, 0xf0, 0x00, 0x00, 0x00, 0x00, 0xf0, 0x00, 0x00,
	0x00, 0x00, 0xf0, 0x00, 0x00, 0x00, 0x00, 0xf0, 0x00, 0x00, 0x00, 0x00,
	0xf0, 0x00, 0x00, 0x00, 0x00, 0xf0, 0x00, 0x00, 0x00, 0x00, 0xf0, 0x00,
	0x00, 0x00, 0x00, 0xf0, 0x00, 0x00, 0x00, 0x00, 0xf0, 0x00, 0x00, 0x00,
	0x00, 0xf0, 0x00, 0x00, 0x00, 0x00, 0xf0, 0x00, 0x00, 0x00, 0x00, 0xf0,
	0x00, 0x00, 0x00, 0x00, 0xf0, 0x00, 0x00, 0x00, 0x00, 0xf0, 0x00, 0x00,
	0x00, 0x00, 0xf0, 0x00, 0x00, 0x00, 0x00, 0xf0, 0x00, 0x00, 0x00, 0x00,
	0xf0, 0x03, 0xfc, 0x00, 0x00, 0xf0, 0x1f, 0xff, 0x80, 0x00, 0xf0, 0x7f,
	0xff, 0xe0, 0x00, 0xf0, 0xff, 0xff, 0xf8, 0x00, 0xf1, 0xff, 0xff, 0xfc,
	0x00, 0xf3, 0xf8, 0x01, 0xfe, 0x00, 0xf7, 0xe0, 0x00, 0x7e, 0x00, 0xff,
	0xc0, 0x00, 0x3f, 0x00, 0xff, 0x80, 0x00, 0x1f, 0x80, 0xff, 0x00, 0x00,
	0x0f, 0x80, 0xff, 0x00, 0x00, 0x07, 0xc0, 0xfe, 0x00, 0x00, 0x07, 0xc0,
	0xfe, 0x00, 0x00, 0x03, 0xc0, 0xfc, 0x00, 0x00, 0x03, 0xe0, 0xfc, 0x00,
	0x00, 0x03, 0xe0, 0xf8, 0x00, 0x00, 0x03, 0xe0, 0xf8, 0x00, 0x00, 0x01,
	0xe0, 0xf8, 0x00, 0x00, 0x01, 0xe0, 0xf8, 0x00, 0x00, 0x01, 0xf0, 0xf8,
	0x00, 0x00, 0x01, 0xf0, 0xf8, 0x00, 0x00, 0x01, 0xf0, 0xf0, 0x00, 0x00,
	0x01, 0xf0, 0xf0, 0x00, 0x00, 0x01, 0xf0, 0xf0, 0x00, 0x00, 0x01, 0xf0,
	0xf0, 0x00, 0x00, 0x01, 0xf0, 0xf0, 0x00, 0x00, 0x01, 0xf0, 0xf0, 0x00,
	0x00, 0x01, 0xf0, 0x00, 0x00, 0x00, 0x01, 0xf0, 0x00, 0x00, 0x00, 0x01,
	0xf0, 0x00, 0x00, 0x00, 0x01, 0xf0, 0x00, 0x00, 0x00, 0x01, 0xf0, 0x00,
	0x00, 0x00, 0x01, 0xf0, 0x00, 0x00, 0x00, 0x01, 0xf0, 0xf0, 0x00, 0x00,
	0x01, 0xf0, 0xf0, 0x00, 0x00, 0x01, 0xf0, 0xf0, 0x00, 0x00, 0x01, 0xf0,
	0xf0, 0x00, 0x00, 0x01, 0xf0, 0xf0, 0x00, 0x00, 0x01, 0xf0, 0xf0, 0x00,
	0x00, 0x01, 0xf0, 0xf0, 0x00, 0x00, 0x01, 0xf0, 0xf8, 0x00, 0x00, 0x01,
	0xf0, 0xf8, 0x00, 0x00, 0x01, 0xe0, 0xf8, 0x00, 0x00, 0x01, 0xe0, 0x78,
	0x00, 0x00, 0x03, 0xe0, 0x78, 0x00, 0x00, 0x03, 0xe0, 0x7c, 0x00, 0x00,
	0x03, 0xc0, 0x7c, 0x00, 0x00, 0x07, 0xc0, 0x7c, 0x00, 0x00, 0x07, 0xc0,
	0x3e, 0x00, 0x00, 0x0f, 0x80, 0x3e, 0x00, 0x00, 0x0f, 0x80, 0x1f, 0x00,
	0x00, 0x1f, 0x80, 0x1f, 0x00, 0x00, 0x3f, 0x00, 0x0f, 0x80, 0x00, 0x3e,
	0x00, 0x0f, 0xe0, 0x00, 0xfe, 0x00, 0x07, 0xf0, 0x01, 0xfc, 0x00, 0x03,
	0xff, 0x0f, 0xf8, 0x00, 0x01, 0xff, 0xff, 0xf0, 0x00, 0x00, 0x7f, 0xff,
	0xc0, 0x00, 0x00, 0x3f, 0xff, 0x80, 0x00, 0x00, 0x07, 0xfc, 0x00, 0x00,
	0x00, 0x07, 0xfe, 0x00, 0x00, 0x00, 0x1f, 0xff, 0xc0, 0x00, 0x00, 0x7f,
	0xff, 0xf0, 0x00, 0x00, 0xff, 0xff, 0xf8, 0x00, 0x01, 0xfe, 0x07, 0xfc,
	0x00, 0x03, 0xf8, 0x00, 0xfe, 0x00, 0x07, 0xe0, 0x00, 0x7f, 0x00, 0x07,
	0xc0, 0x00, 0x1f, 0x00, 0x0f, 0xc0, 0x00, 0x0f, 0x80, 0x0f, 0x80, 0x00,
	0x0f, 0x80, 0x1f, 0x00, 0x00, 0x07, 0xc0, 0x1f, 0x00, 0x00, 0x07, 0xc0,
	0x3e, 0x00, 0x00, 0x03, 0xe0, 0x3e, 0x00, 0x00, 0x03, 0xe0, 0x3c, 0x00,
	0x00, 0x03, 0xe0, 0x7c, 0x00, 0x00, 0x01, 0xe0, 0x7c, 0x00, 0x00, 0x01,
	0xe0, 0x7c, 0x00, 0x00, 0x01, 0xf0, 0x78, 0x00, 0x00, 0x01, 0xf0, 0x78,
	0x00, 0x00, 0x01, 0xf0, 0xf8, 0x00, 0x00, 0x01, 0xf0, 0xf8, 0x00, 0x00,
	0x01, 0xf0, 0xf8, 0x00, 0x00, 0x01, 0xf0, 0xf8, 0x00, 0x00, 0x00, 0xe0,
	0xf8, 0x00, 0x00, 0x00, 0x00, 0xf8, 0x00, 0x00, 0x00, 0x00, 0xf8, 0x00,
	0x00, 0x00, 0x00, 0xf0, 0x00, 0x00, 0x00, 0x00, 0xf0, 0x00, 0x00, 0x00,
	0x00, 0xf0, 0x00, 0x00, 0x00, 0x00, 0xf0, 0x00, 0x00, 0x00, 0x00, 0xf0,
	0x00, 0x00, 0x00, 0x00, 0xf0, 0x00, 0x00, 0x00, 0x00, 0xf0, 0x00, 0x00,
	0x00, 0x00, 0xf0, 0x00, 0x00, 0x00, 0x00, 0xf0, 0x07, 0xfe, 0x00, 0x00,
	0xf0, 0x3f, 0xff, 0xc0, 0x00, 0xf0, 0x7f, 0xff, 0xf0, 0x00, 0xf0, 0xff,
	0xff, 0xf8, 0x00, 0xf3, 0xfe, 0x07, 0xfc, 0x00, 0xf3, 0xf0, 0x00, 0xfe,
	0x00, 0xf7, 0xe0, 0x00, 0x3f, 0x00, 0xff, 0xc0, 0x00, 0x1f, 0x00, 0xff,
	0x80, 0x00, 0x0f, 0x80, 0xff, 0x00, 0x00, 0x0f, 0x80, 0xff, 0x00, 0x00,
	0x07, 0xc0, 0xfe, 0x00, 0x00, 0x07, 0xc0, 0xfe, 0x00, 0x00, 0x03, 0xc0,
	0xfc, 0x00, 0x00, 0x03, 0xe0, 0xfc, 0x00, 0x00, 0x03, 0xe0, 0xf8, 0x00,
	0x00, 0x03, 0xe0, 0xf8, 0x00, 0x00, 0x01, 0xe0, 0xf8, 0x00, 0x00, 0x01,
	0xe0, 0xf8, 0x00, 0x00, 0x01, 0xe0, 0xf8, 0x00, 0x00, 0x01, 0xf0, 0xf8,
	0x00, 0x00, 0x01, 0xf0, 0xf0, 0x00, 0x00, 0x01, 0xf0, 0xf0, 0x00, 0x00,
	0x01, 0xf0, 0xf0, 0x00, 0x00, 0x01, 0xf0, 0xf0, 0x00, 0x00, 0x01, 0xf0,
	0xf0, 0x00, 0x00, 0x01, 0xf0, 0xf0, 0x00, 0x00, 0x01, 0xf0, 0xf0, 0x00,
	0x00, 0x01, 0xf0, 0xf0, 0x00, 0x00, 0x01, 0xf0, 0xf0, 0x00, 0x00, 0x01,
	0xf0, 0xf0, 0x00, 0x00, 0x01, 0xf0, 0xf0, 0x00, 0x00, 0x01, 0xf0, 0xf0,
	0x00, 0x00, 0x01, 0xf0, 0xf0, 0x00, 0x00, 0x01, 0xf0, 0xf0, 0x00, 0x00,
	0x01, 0xf0, 0xf0, 0x00, 0x00, 0x01, 0xf0, 0xf0, 0x00, 0x00, 0x01, 0xf0,
	0xf0, 0x00, 0x00, 0x01, 0xf0, 0xf0, 0x00, 0x00, 0x01, 0xf0, 0xf0, 0x00,
	0x00, 0x01, 0xf0, 0xf0, 0x00, 0x00, 0x01, 0xf0, 0xf8, 0x00, 0x00, 0x01,
	0xe0, 0xf8, 0x00, 0x00, 0x01, 0xe0, 0xf8, 0x00, 0x00, 0x03, 0xe0, 0xf8,
	0x00, 0x00, 0x03, 0xe0, 0xf8, 0x00, 0x00, 0x03, 0xe0, 0x78, 0x00, 0x00,
	0x03, 0xc0, 0x7c, 0x00, 0x00, 0x07, 0xc0, 0x7c, 0x00, 0x00, 0x07, 0xc0,
	0x7c, 0x00, 0x00, 0x0f, 0x80, 0x3e, 0x00, 0x00, 0x0f, 0x80, 0x3e, 0x00,
	0x00, 0x1f, 0x00, 0x1f, 0x00, 0x00, 0x3f, 0x00, 0x1f, 0x80, 0x00, 0x7e,
	0x00, 0x0f, 0xc0, 0x00, 0xfe, 0x00, 0x07, 0xf0, 0x01, 0xfc, 0x00, 0x03,
	0xff, 0x1f, 0xf8, 0x00, 0x01, 0xff, 0xff, 0xf0, 0x00, 0x00, 0xff, 0xff,
	0xc0, 0x00, 0x00, 0x3f, 0xff, 0x80, 0x00, 0x00, 0x07, 0xfc, 0x00, 0x00,
	0xff, 0xff, 0xff, 0xff, 0xff, 0xfe, 0xff, 0xff, 0xff, 0xff, 0xff, 0xff,
	0xff, 0xff, 0xff, 0xff, 0xff, 0xff, 0xff, 0xff, 0xff, 0xff, 0xff, 0xff,
	0x00, 0x00, 0x00, 0x00, 0x00, 0x3e, 0x00, 0x00, 0x00, 0x00, 0x00, 0x3e,
	0x00, 0x00, 0x00, 0x00, 0x00, 0x7c, 0x00, 0x00, 0x00, 0x00, 0x00, 0x7c,
	0x00, 0x00, 0x00, 0x00, 0x00, 0x78, 0x00, 0x00, 0x00, 0x00, 0x00, 0xf8,
	0x00, 0x00, 0x00, 0x00, 0x00, 0xf8, 0x00, 0x00, 0x00, 0x00, 0x01, 0xf0,
	0x00, 0x00, 0x00, 0x00, 0x01, 0xf0, 0x00, 0x00, 0x00, 0x00, 0x01, 0xe0,
	0x00, 0x00, 0x00, 0x00, 0x03, 0xe0, 0x00, 0x00, 0x00, 0x00, 0x03, 0xe0,
	0x00, 0x00, 0x00, 0x00, 0x07, 0xc0, 0x00, 0x00, 0x00, 0x00, 0x07, 0xc0,
	0x00, 0x00, 0x00, 0x00, 0x0f, 0x80, 0x00, 0x00, 0x00, 0x00, 0x0f, 0x80,
	0x00, 0x00, 0x00, 0x00, 0x0f, 0x00, 0x00, 0x00, 0x00, 0x00, 0x1f, 0x00,
	0x00, 0x00, 0x00, 0x00, 0x1f, 0x00, 0x00, 0x00, 0x00, 0x00, 0x3e, 0x00,
	0x00, 0x00, 0x00, 0x00, 0x3e, 0x00, 0x00, 0x00, 0x00, 0x00, 0x3c, 0x00,
	0x00, 0x00, 0x00, 0x00, 0x7c, 0x00, 0x00, 0x00, 0x00, 0x00, 0x7c, 0x00,
	0x00, 0x00, 0x00, 0x00, 0xf8, 0x00, 0x00, 0x00, 0x00, 0x00, 0xf8, 0x00,
	0x00, 0x00, 0x00, 0x01, 0xf0, 0x00, 0x00, 0x00, 0x00, 0x01, 0xf0, 0x00,
	0x00, 0x00, 0x00, 0x01, 0xe0, 0x00, 0x00, 0x00, 0x00, 0x03, 0xe0, 0x00,
	0x00, 0x00, 0x00, 0x03, 0xe0, 0x00, 0x00, 0x00, 0x00, 0x07, 0xc0, 0x00,
	0x00, 0x00, 0x00, 0x07, 0xc0, 0x00, 0x00, 0x00, 0x00, 0x07, 0x80, 0x00,
	0x00, 0x00, 0x00, 0x0f, 0x80, 0x00, 0x00, 0x00, 0x00, 0x0f, 0x80, 0x00,
	0x00, 0x00, 0x00, 0x1f, 0x00, 0x00, 0x00, 0x00, 0x00, 0x1f, 0x00, 0x00,
	0x00, 0x00, 0x00, 0x3e, 0x00, 0x00, 0x00, 0x00, 0x00, 0x3e, 0x00, 0x00,
	0x00, 0x00, 0x00, 0x3c, 0x00, 0x00, 0x00, 0x00, 0x00, 0x7c, 0x00, 0x00,
	0x00, 0x00, 0x00, 0x7c, 0x00, 0x00, 0x00, 0x00, 0x00, 0xf8, 0x00, 0x00,
	0x00, 0x00, 0x00, 0xf8, 0x00, 0x00, 0x00, 0x00, 0x01, 0xf0, 0x00, 0x00,
	0x00, 0x00, 0x01, 0xf0, 0x00, 0x00, 0x00, 0x00, 0x01, 0xf0, 0x00, 0x00,
	0x00, 0x00, 0x03, 0xe0, 0x00, 0x00, 0x00, 0x00, 0x03, 0xe0, 0x00, 0x00,
	0x00, 0x00, 0x07, 0xc0, 0x00, 0x00, 0x00, 0x00, 0x07, 0xc0, 0x00, 0x00,
	0x00, 0x00, 0x07, 0x80, 0x00, 0x00, 0x00, 0x00, 0x0f, 0x80, 0x00, 0x00,
	0x00, 0x00, 0x0f, 0x80, 0x00, 0x00, 0x00, 0x00, 0x1f, 0x00, 0x00, 0x00,
	0x00, 0x00, 0x1f, 0x00, 0x00, 0x00, 0x00, 0x00, 0x3e, 0x00, 0x00, 0x00,
	0x00, 0x00, 0x3e, 0x00, 0x00, 0x00, 0x00, 0x00, 0x3e, 0x00, 0x00, 0x00,
	0x00, 0x00, 0x7c, 0x00, 0x00, 0x00, 0x00, 0x00, 0x7c, 0x00, 0x00, 0x00,
	0x00, 0x00, 0xf8, 0x00, 0x00, 0x00, 0x00, 0x00, 0xf8, 0x00, 0x00, 0x00,
	0x00, 0x00, 0xf0, 0x00, 0x00, 0x00, 0x00, 0x01, 0xf0, 0x00, 0x00, 0x00,
	0x00, 0x01, 0xf0, 0x00, 0x00, 0x00, 0x00, 0x03, 0xe0, 0x00, 0x00, 0x00,
	0x00, 0x03, 0xe0, 0x00, 0x00, 0x00, 0x00, 0x07, 0xc0, 0x00, 0x00, 0x00,
	0x00, 0x07, 0xc0, 0x00, 0x00, 0x00, 0x00, 0x07, 0xc0, 0x00, 0x00, 0x00,
	0x00, 0x0f, 0x80, 0x00, 0x00, 0x00, 0x00, 0x0f, 0x80, 0x00, 0x00, 0x00,
	0x00, 0x1f, 0x00, 0x00, 0x00, 0x00, 0x00, 0x1f, 0x00, 0x00, 0x00, 0x00,
	0x00, 0x1e, 0x00, 0x00, 0x00, 0x00, 0x00, 0x3e, 0x00, 0x00, 0x00, 0x00,
	0x00, 0x3e, 0x00, 0x00, 0x00, 0x00, 0x00, 0x7c, 0x00, 0x00, 0x00, 0x00,
	0x00, 0x7c, 0x00, 0x00, 0x00, 0x00, 0x00, 0xf8, 0x00, 0x00, 0x00, 0x00,
	0x00, 0xf8, 0x00, 0x00, 0x00, 0x00, 0x00, 0xf8, 0x00, 0x00, 0x00, 0x00,
	0x01, 0xf0, 0x00, 0x00, 0x00, 0x00, 0x01, 0xf0, 0x00, 0x00, 0x00, 0x00,
	0x03, 0xe0, 0x00, 0x00, 0x00, 0x00, 0x03, 0xe0, 0x00, 0x00, 0x00, 0x00,
	0x03, 0xc0, 0x00, 0x00, 0x00, 0x00, 0x07, 0xc0, 0x00, 0x00, 0x00, 0x00,
	0x07, 0xc0, 0x00, 0x00, 0x00, 0x00, 0x03, 0x80, 0x00, 0x00, 0x00, 0x00,
	0x00, 0x07, 0xff, 0x80, 0x00, 0x00, 0x3f, 0xff, 0xf0, 0x00, 0x00, 0x7f,
	0xff, 0xfc, 0x00, 0x01, 0xff, 0xff, 0xff, 0x00, 0x03, 0xff, 0x01, 0xff,
	0x80, 0x07, 0xf0, 0x00, 0x3f, 0xc0, 0x0f, 0xe0, 0x00, 0x0f, 0xe0, 0x0f,
	0x80, 0x00, 0x07, 0xe0, 0x1f, 0x00, 0x00, 0x03, 0xf0, 0x1f, 0x00, 0x00,
	0x01, 0xf0, 0x3e, 0x00, 0x00, 0x00, 0xf8, 0x3e, 0x00, 0x00, 0x00, 0xf8,
	0x7c, 0x00, 0x00, 0x00, 0x78, 0x7c, 0x00, 0x00, 0x00, 0x7c, 0x7c, 0x00,
	0x00, 0x00, 0x7c, 0x78, 0x00, 0x00, 0x00, 0x7c, 0xf8, 0x00, 0x00, 0x00,
	0x3c, 0xf8, 0x00, 0x00, 0x00, 0x3c, 0xf8, 0x00, 0x00, 0x00, 0x3e, 0xf8,
	0x00, 0x00, 0x00, 0x3e, 0xf8, 0x00, 0x00, 0x00, 0x3e, 0xf8, 0x00, 0x00,
	0x00, 0x3e, 0xf0, 0x00, 0x00, 0x00, 0x3e, 0xf0, 0x00, 0x00, 0x00, 0x3e,
	0xf0, 0x00, 0x00, 0x00, 0x3e, 0xf0, 0x00, 0x00, 0x00, 0x3e, 0xf0, 0x00,
	0x00, 0x00, 0x3e, 0xf8, 0x00, 0x00, 0x00, 0x3e, 0xf8, 0x00, 0x00, 0x00,
	0x3e, 0xf8, 0x00, 0x00, 0x00, 0x3e, 0xf8, 0x00, 0x00, 0x00, 0x3e, 0xf8,
	0x00, 0x00, 0x00, 0x3e, 0xf8, 0x00, 0x00, 0x00, 0x3c, 0x78, 0x00, 0x00,
	0x00, 0x3c, 0x78, 0x00, 0x00, 0x00, 0x7c, 0x7c, 0x00, 0x00, 0x00, 0x7c,
	0x7c, 0x00, 0x00, 0x00, 0x7c, 0x7c, 0x00, 0x00, 0x00, 0x78, 0x3e, 0x00,
	0x00, 0x00, 0xf8, 0x3e, 0x00, 0x00, 0x00, 0xf8, 0x1f, 0x00, 0x00, 0x01,
	0xf0, 0x1f, 0x80, 0x00, 0x03, 0xf0, 0x0f, 0xc0, 0x00, 0x07, 0xe0, 0x0f,
	0xe0, 0x00, 0x0f, 0xc0, 0x07, 0xf8, 0x00, 0x3f, 0xc0, 0x03, 0xff, 0x83,
	0xff, 0x80, 0x01, 0xff, 0xff, 0xfe, 0x00, 0x00, 0x7f, 0xff, 0xfc, 0x00,
	0x00, 0xff, 0xff, 0xfc, 0x00, 0x01, 0xff, 0xff, 0xff, 0x00, 0x03, 0xfe,
	0x00, 0xff, 0x80, 0x07, 0xf0, 0x00, 0x1f, 0xc0, 0x0f, 0xc0, 0x00, 0x07,
	0xe0, 0x0f, 0x80, 0x00, 0x03, 0xe0, 0x1f, 0x00, 0x00, 0x01, 0xf0, 0x1f,
	0x00, 0x00, 0x01, 0xf0, 0x3e, 0x00, 0x00, 0x00, 0xf8, 0x3e, 0x00, 0x00,
	0x00, 0xf8, 0x7c, 0x00, 0x00, 0x00, 0x78, 0x7c, 0x00, 0x00, 0x00, 0x7c,
	0x7c, 0x00, 0x00, 0x00, 0x7c, 0x78, 0x00, 0x00, 0x00, 0x7c, 0xf8, 0x00,
	0x00, 0x00, 0x3c, 0xf8, 0x00, 0x00, 0x00, 0x3c, 0xf8, 0x00, 0x00, 0x00,
	0x3e, 0xf8, 0x00, 0x00, 0x00, 0x3e, 0xf8, 0x00, 0x00, 0x00, 0x3e, 0xf8,
	0x00, 0x00, 0x00, 0x3e, 0xf0, 0x00, 0x00, 0x00, 0x3e, 0xf0, 0x00, 0x00,
	0x00, 0x3e, 0xf0, 0x00, 0x00, 0x00, 0x3e, 0xf0, 0x00, 0x00, 0x00, 0x3e,
	0xf0, 0x00, 0x00, 0x00, 0x3e, 0xf8, 0x00, 0x00, 0x00, 0x3e, 0xf8, 0x00,
	0x00, 0x00, 0x3e, 0xf8, 0x00, 0x00, 0x00, 0x3e, 0xf8, 0x00, 0x00, 0x00,
	0x3e, 0xf8, 0x00, 0x00, 0x00, 0x3e, 0xf8, 0x00, 0x00, 0x00, 0x3c, 0xf8,
	0x00, 0x00, 0x00, 0x3c, 0x78, 0x00, 0x00, 0x00, 0x7c, 0x7c, 0x00, 0x00,
	0x00, 0x7c, 0x7c, 0x00, 0x00, 0x00, 0x7c, 0x7c, 0x00, 0x00, 0x00, 0x78,
	0x3e, 0x00, 0x00, 0x00, 0xf8, 0x3e, 0x00, 0x00, 0x00, 0xf8, 0x1f, 0x00,
	0x00, 0x01, 0xf0, 0x1f, 0x80, 0x00, 0x03, 0xf0, 0x0f, 0xc0, 0x00, 0x07,
	0xe0, 0x0f, 0xe0, 0x00, 0x0f, 0xc0, 0x07, 0xf8, 0x00, 0x3f, 0xc0, 0x03,
	0xff, 0x83, 0xff, 0x80, 0x01, 0xff, 0xff, 0xfe, 0x00, 0x00, 0x7f, 0xff,
	0xfc, 0x00, 0x00, 0x1f, 0xff, 0xf0, 0x00, 0x00, 0x03, 0xff, 0x00, 0x00,
	0x00, 0x07, 0xfe, 0x00, 0x00, 0x00, 0x1f, 0xff, 0xc0, 0x00, 0x00, 0x7f,
	0xff, 0xf0, 0x00, 0x00, 0xff, 0xff, 0xf8, 0x00, 0x01, 0xfe, 0x07, 0xfc,
	0x00, 0x03, 0xf8, 0x00, 0xfe, 0x00, 0x07, 0xe0, 0x00, 0x3f, 0x00, 0x0f,
	0xc0, 0x00, 0x1f, 0x80, 0x0f, 0x80, 0x00, 0x0f, 0x80, 0x1f, 0x00, 0x00,
	0x0f, 0xc0, 0x1f, 0x00, 0x00, 0x07, 0xc0, 0x3e, 0x00, 0x00, 0x03, 0xc0,
	0x3e, 0x00, 0x00, 0x03, 0xe0, 0x7c, 0x00, 0x00, 0x03, 0xe0, 0x7c, 0x00,
	0x00, 0x01, 0xe0, 0x7c, 0x00, 0x00, 0x01, 0xe0, 0x78, 0x00, 0x00, 0x01,
	0xf0, 0xf8, 0x00, 0x00, 0x01, 0xf0, 0xf8, 0x00, 0x00, 0x01, 0xf0, 0xf8,
	0x00, 0x00, 0x01, 0xf0, 0xf8, 0x00, 0x00, 0x01, 0xf0, 0xf8, 0x00, 0x00,
	0x01, 0xf0, 0xf8, 0x00, 0x00, 0x01, 0xf0, 0xf0, 0x00, 0x00, 0x01, 0xf0,
	0xf0, 0x00, 0x00, 0x01, 0xf0, 0xf0, 0x00, 0x00, 0x01, 0xf0, 0xf0, 0x00,
	0x00, 0x01, 0xf0, 0xf0, 0x00, 0x00, 0x01, 0xf0, 0xf0, 0x00, 0x00, 0x01,
	0xf0, 0xf0, 0x00, 0x00, 0x01, 0xf0, 0xf0, 0x00, 0x00, 0x01, 0xf0, 0xf0,
	0x00, 0x00, 0x01, 0xf0, 0xf0, 0x00, 0x00, 0x01, 0xf0, 0xf0, 0x00, 0x00,
	0x01, 0xf0, 0xf0, 0x00, 0x00, 0x01, 0xf0, 0xf0, 0x00, 0x00, 0x01, 0xf0,
	0xf0, 0x00, 0x00, 0x01, 0xf0, 0xf0, 0x00, 0x00, 0x01, 0xf0, 0xf8, 0x00,
	0x00, 0x01, 0xf0, 0xf8, 0x00, 0x00, 0x01, 0xf0, 0xf8, 0x00, 0x00, 0x01,
	0xf0, 0xf8, 0x00, 0x00, 0x01, 0xf0, 0xf8, 0x00, 0x00, 0x01, 0xf0, 0xf8,
	0x00, 0x00, 0x01, 0xf0, 0x78, 0x00, 0x00, 0x03, 0xf0, 0x78, 0x00, 0x00,
	0x03, 0xf0, 0x7c, 0x00, 0x00, 0x03, 0xf0, 0x7c, 0x00, 0x00, 0x07, 0xf0,
	0x7c, 0x00, 0x00, 0x07, 0xf0, 0x3e, 0x00, 0x00, 0x07, 0xf0, 0x3e, 0x00,
	0x00, 0x0f, 0xf0, 0x1f, 0x00, 0x00, 0x1f, 0xf0, 0x1f, 0x80, 0x00, 0x1f,
	0xf0, 0x0f, 0x80, 0x00, 0x3f, 0xf0, 0x0f, 0xe0, 0x00, 0x7f, 0xf0, 0x07,
	0xf0, 0x01, 0xfd, 0xf0, 0x03, 0xff, 0x0f, 0xf9, 0xf0, 0x01, 0xff, 0xff,
	0xf1, 0xf0, 0x00, 0xff, 0xff, 0xe1, 0xf0, 0x00, 0x3f, 0xff, 0x81, 0xf0,
	0x00, 0x07, 0xfe, 0x01, 0xf0, 0x00, 0x00, 0x00, 0x01, 0xf0, 0x00, 0x00,
	0x00, 0x01, 0xf0, 0x00, 0x00, 0x00, 0x01, 0xf0, 0x00, 0x00, 0x00, 0x01,
	0xf0, 0x00, 0x00, 0x00, 0x01, 0xf0, 0x00, 0x00, 0x00, 0x01, 0xf0, 0x00,
	0x00, 0x00, 0x01, 0xf0, 0x00, 0x00, 0x00, 0x01, 0xf0, 0x00, 0x00, 0x00,
	0x01, 0xf0, 0x60, 0x00, 0x00, 0x01, 0xf0, 0xf0, 0x00, 0x00, 0x01, 0xf0,
	0xf0, 0x00, 0x00, 0x01, 0xf0, 0xf0, 0x00, 0x00, 0x01, 0xe0, 0xf0, 0x00,
	0x00, 0x01, 0xe0, 0xf8, 0x00, 0x00, 0x01, 0xe0, 0xf8, 0x00, 0x00, 0x03,
	0xe0, 0xf8, 0x00, 0x00, 0x03, 0xe0, 0xf8, 0x00, 0x00, 0x03, 0xe0, 0xf8,
	0x00, 0x00, 0x03, 0xe0, 0x78, 0x00, 0x00, 0x07, 0xc0, 0x78, 0x00, 0x00,
	0x07, 0xc0, 0x7c, 0x00, 0x00, 0x07, 0xc0, 0x7c, 0x00, 0x00, 0x0f, 0x80,
	0x3e, 0x00, 0x00, 0x0f, 0x80, 0x3e, 0x00, 0x00, 0x1f, 0x80, 0x1f, 0x00,
	0x00, 0x1f, 0x00, 0x1f, 0x00, 0x00, 0x3f, 0x00, 0x0f, 0x80, 0x00, 0x7e,
	0x00, 0x0f, 0xe0, 0x00, 0xfc, 0x00, 0x07, 0xf0, 0x01, 0xfc, 0x00, 0x03,
	0xff, 0x0f, 0xf8, 0x00, 0x01, 0xff, 0xff, 0xf0, 0x00, 0x00, 0xff, 0xff,
	0xc0, 0x00, 0x00, 0x3f, 0xff, 0x80, 0x00, 0x00, 0x07, 0xfc, 0x00, 0x00,
	0x00, 0x00, 0x00, 0x00, 0x70, 0x00, 0x00, 0x38, 0x00, 0x00, 0x00, 0x00,
	0x00, 0x00, 0xf8, 0x00, 0x00, 0x7c, 0x00, 0x00, 0x00, 0x00, 0x00, 0x00,
	0xf8, 0x00, 0x00, 0x7c, 0x00, 0x00, 0x00, 0x00, 0x00, 0x00, 0xf0, 0x00,
	0x00, 0x78, 0x00, 0x00, 0x00, 0x00, 0x00, 0x00, 0xf0, 0x00, 0x00, 0xf8,
	0x00, 0x00, 0x00, 0x00, 0x00, 0x01, 0xf0, 0x00, 0x00, 0xf8, 0x00, 0x00,
	0x00, 0x00, 0x00, 0x01, 0xf0, 0x00, 0x00, 0xf8, 0x00, 0x00, 0x00, 0x00,
	0x00, 0x01, 0xf0, 0x00, 0x00, 0xf8, 0x00, 0x00, 0x00, 0x00, 0x00, 0x01,
	0xe0, 0x00, 0x00, 0xf0, 0x00, 0x00, 0x00, 0x00, 0x00, 0x01, 0xe0, 0x00,
	0x01, 0xf0, 0x00, 0x00, 0x00, 0x00, 0x00, 0x03, 0xe0, 0x00, 0x01, 0xf0,
	0x00, 0x00, 0x00, 0x00, 0x00, 0x03, 0xe0, 0x00, 0x01, 0xf0, 0x00, 0x00,
	0x00, 0x00, 0x00, 0x03, 0xe0, 0x00, 0x01, 0xf0, 0x00, 0x00, 0x00, 0x00,
	0x00, 0x03, 0xc0, 0x00, 0x01, 0xe0, 0x00, 0x00, 0x00, 0x00, 0x00, 0x03,
	0xc0, 0x00, 0x03, 0xe0, 0x00, 0x00, 0x00, 0x00, 0x00, 0x07, 0xc0, 0x00,
	0x03, 0xe0, 0x00, 0x00, 0x00, 0x00, 0x00, 0x07, 0xc0, 0x00, 0x03, 0xe0,
	0x00, 0x00, 0x00, 0x00, 0x00, 0x07, 0xc0, 0x00, 0x03, 0xe0, 0x00, 0x00,
	0x00, 0x00, 0x00, 0x07, 0x80, 0x00, 0x03, 0xc0, 0x00, 0x00, 0x00, 0x00,
	0x00, 0x07, 0x80, 0x00, 0x03, 0xc0, 0x00, 0x00, 0x00, 0x00, 0x00, 0x0f,
	0x80, 0x00, 0x07, 0xc0, 0x00, 0x00, 0x00, 0x00, 0x00, 0x0f, 0x80, 0x00,
	0x07, 0xc0, 0x00, 0x00, 0x00, 0x00, 0x00, 0x0f, 0x80, 0x00, 0x07, 0xc0,
	0x00, 0x00, 0x00, 0x00, 0x00, 0x0f, 0x00, 0x00, 0x07, 0x80, 0x00, 0x00,
	0x00, 0x00, 0x00, 0x0f, 0x00, 0x00, 0x07, 0x80, 0x00, 0x00, 0x00, 0x00,
	0x00, 0x1f, 0x00, 0x00, 0x0f, 0x80, 0x00, 0x00, 0x00, 0x00, 0x00, 0x1f,
	0x00, 0x00, 0x0f, 0x80, 0x00, 0x00, 0x00, 0x00, 0x00, 0x1f, 0x00, 0x00,
	0x0f, 0x80, 0x00, 0x00, 0x00, 0x00, 0x00, 0x1e, 0x00, 0x00, 0x0f, 0x00,
	0x00, 0x00, 0x00, 0x00, 0x00, 0x1e, 0x00, 0x00, 0x0f, 0x00, 0x00, 0x00,
	0x00, 0x00, 0x00, 0x3e, 0x00, 0x00, 0x1f, 0x00, 0x00, 0x00, 0x00, 0x00,
	0x00, 0x3e, 0x00, 0x00, 0x1f, 0x00, 0x00, 0x00, 0x07, 0xff, 0xff, 0xff,
	0xff, 0xff, 0xff, 0xff, 0xff, 0x00, 0x0f, 0xff, 0xff, 0xff, 0xff, 0xff,
	0xff, 0xff, 0xff, 0x80, 0x0f, 0xff, 0xff, 0xff, 0xff, 0xff, 0xff, 0xff,
	0xff, 0x80, 0x07, 0xff, 0xff, 0xff, 0xff, 0xff, 0xff, 0xff, 0xff, 0x80,
	0x03, 0xff, 0xff, 0xff, 0xff, 0xff, 0xff, 0xff, 0xfe, 0x00, 0x00, 0x00,
	0x00, 0x7c, 0x00, 0x00, 0x3e, 0x00, 0x00, 0x00, 0x00, 0x00, 0x00, 0x78,
	0x00, 0x00, 0x3c, 0x00, 0x00, 0x00, 0x00, 0x00, 0x00, 0x78, 0x00, 0x00,
	0x3c, 0x00, 0x00, 0x00, 0x00, 0x00, 0x00, 0x78, 0x00, 0x00, 0x7c, 0x00,
	0x00, 0x00, 0x00, 0x00, 0x00, 0xf8, 0x00, 0x00, 0x7c, 0x00, 0x00, 0x00,
	0x00, 0x00, 0x00, 0xf8, 0x00, 0x00, 0x7c, 0x00, 0x00, 0x00, 0x00, 0x00,
	0x00, 0xf8, 0x00, 0x00, 0x78, 0x00, 0x00, 0x00, 0x00, 0x00, 0x00, 0xf0,
	0x00, 0x00, 0x78, 0x00, 0x00, 0x00, 0x00, 0x00, 0x00, 0xf0, 0x00, 0x00,
	0xf8, 0x00, 0x00, 0x00, 0x00, 0x00, 0x01, 0xf0, 0x00, 0x00, 0xf8, 0x00,
	0x00, 0x00, 0x00, 0x00, 0x01, 0xf0, 0x00, 0x00, 0xf8, 0x00, 0x00, 0x00,
	0x00, 0x00, 0x01, 0xf0, 0x00, 0x00, 0xf0, 0x00, 0x00, 0x00, 0x00, 0x00,
	0x01, 0xe0, 0x00, 0x00, 0xf0, 0x00, 0x00, 0x00, 0x00, 0x00, 0x01, 0xe0,
	0x00, 0x01, 0xf0, 0x00, 0x00, 0x00, 0x00, 0x00, 0x03, 0xe0, 0x00, 0x01,
	0xf0, 0x00, 0x00, 0x00, 0x00, 0x00, 0x03, 0xe0, 0x00, 0x01, 0xf0, 0x00,
	0x00, 0x00, 0x00, 0x00, 0x03, 0xe0, 0x00, 0x01, 0xe0, 0x00, 0x00, 0x00,
	0x00, 0x00, 0x03, 0xc0, 0x00, 0x01, 0xe0, 0x00, 0x00, 0x00, 0x00, 0x00,
	0x03, 0xc0, 0x00, 0x03, 0xe0, 0x00, 0x00, 0x00, 0x00, 0x00, 0x07, 0xc0,
	0x00, 0x03, 0xe0, 0x00, 0x00, 0x00, 0x00, 0x00, 0x07, 0xc0, 0x00, 0x03,
	0xe0, 0x00, 0x00, 0x00, 0x00, 0x00, 0x07, 0xc0, 0x00, 0x03, 0xc0, 0x00,
	0x00, 0x00, 0x7f, 0xff, 0xff, 0xff, 0xff, 0xff, 0xff, 0xff, 0xe0, 0x00,
	0xff, 0xff, 0xff, 0xff, 0xff, 0xff, 0xff, 0xff, 0xf0, 0x00, 0xff, 0xff,
	0xff, 0xff, 0xff, 0xff, 0xff, 0xff, 0xf0, 0x00, 0xff, 0xff, 0xff, 0xff,
	0xff, 0xff, 0xff, 0xff, 0xf0, 0x00, 0x7f, 0xff, 0xff, 0xff, 0xff, 0xff,
	0xff, 0xff, 0xe0, 0x00, 0x00, 0x00, 0x0f, 0x00, 0x00, 0x07, 0x80, 0x00,
	0x00, 0x00, 0x00, 0x00, 0x0f, 0x00, 0x00, 0x0f, 0x80, 0x00, 0x00, 0x00,
	0x00, 0x00, 0x1f, 0x00, 0x00, 0x0f, 0x80, 0x00, 0x00, 0x00, 0x00, 0x00,
	0x1f, 0x00, 0x00, 0x0f, 0x80, 0x00, 0x00, 0x00, 0x00, 0x00, 0x1f, 0x00,
	0x00, 0x0f, 0x80, 0x00, 0x00, 0x00, 0x00, 0x00, 0x1e, 0x00, 0x00, 0x0f,
	0x00, 0x00, 0x00, 0x00, 0x00, 0x00, 0x1e, 0x00, 0x00, 0x1f, 0x00, 0x00,
	0x00, 0x00, 0x00, 0x00, 0x3e, 0x00, 0x00, 0x1f, 0x00, 0x00, 0x00, 0x00,
	0x00, 0x00, 0x3e, 0x00, 0x00, 0x1f, 0x00, 0x00, 0x00, 0x00, 0x00, 0x00,
	0x3e, 0x00, 0x00, 0x1f, 0x00, 0x00, 0x00, 0x00, 0x00, 0x00, 0x3c, 0x00,
	0x00, 0x1e, 0x00, 0x00, 0x00, 0x00, 0x00, 0x00, 0x3c, 0x00, 0x00, 0x3e,
	0x00, 0x00, 0x00, 0x00, 0x00, 0x00, 0x7c, 0x00, 0x00, 0x3e, 0x00, 0x00,
	0x00, 0x00, 0x00, 0x00, 0x7c, 0x00, 0x00, 0x3e, 0x00, 0x00, 0x00, 0x00,
	0x00, 0x00, 0x7c, 0x00, 0x00, 0x3e, 0x00, 0x00, 0x00, 0x00, 0x00, 0x00,
	0x78, 0x00, 0x00, 0x3c, 0x00, 0x00, 0x00, 0x00, 0x00, 0x00, 0x78, 0x00,
	0x00, 0x3c, 0x00, 0x00, 0x00, 0x00, 0x00, 0x00, 0xf8, 0x00, 0x00, 0x7c,
	0x00, 0x00, 0x00, 0x00, 0x00, 0x00, 0xf8, 0x00, 0x00, 0x7c, 0x00, 0x00,
	0x00, 0x00, 0x00, 0x00, 0xf8, 0x00, 0x00, 0x7c, 0x00, 0x00, 0x00, 0x00,
	0x00, 0x00, 0xf0, 0x00, 0x00, 0x78, 0x00, 0x00, 0x00, 0x00, 0x00, 0x00,
	0xf0, 0x00, 0x00, 0xf8, 0x00, 0x00, 0x00, 0x00, 0x00, 0x01, 0xf0, 0x00,
	0x00, 0xf8, 0x00, 0x00, 0x00, 0x00, 0x00, 0x01, 0xf0, 0x00, 0x00, 0xf8,
	0x00, 0x00, 0x00, 0x00, 0x00, 0x01, 0xf0, 0x00, 0x00, 0xf8, 0x00, 0x00,
	0x00, 0x00, 0x00, 0x01, 0xe0, 0x00, 0x00, 0xf0, 0x00, 0x00, 0x00, 0x00,
	0x00, 0x01, 0xe0, 0x00, 0x00, 0xf0, 0x00, 0x00, 0x00, 0x00, 0x00, 0x03,
	0xe0, 0x00, 0x01, 0xf0, 0x00, 0x00, 0x00, 0x00, 0x00, 0x03, 0xe0, 0x00,
	0x01, 0xf0, 0x00, 0x00, 0x00, 0x00, 0x00, 0x03, 0xe0, 0x00, 0x01, 0xf0,
	0x00, 0x00, 0x00, 0x00, 0x00, 0x03, 0xc0, 0x00, 0x01, 0xe0, 0x00, 0x00,
	0x00, 0x00, 0x00, 0x01, 0xc0, 0x00, 0x00, 0xe0, 0x00, 0x00, 0x00, 0x00,
};
